--2026-03-10 07:21:10--  https://files.pythonhosted.org/packages/source/s/setuptools/setuptools-82.0.1.tar.gz
Resolving files.pythonhosted.org (files.pythonhosted.org)... 151.101.64.223, 151.101.192.223, 151.101.0.223, ...
Connecting to files.pythonhosted.org (files.pythonhosted.org)|151.101.64.223|:443... connected.
HTTP request sent, awaiting response... 302 Found
Location: https://files.pythonhosted.org/packages/4f/db/cfac1baf10650ab4d1c111714410d2fbb77ac5a616db26775db562c8fab2/setuptools-82.0.1.tar.gz [following]
--2026-03-10 07:21:10--  https://files.pythonhosted.org/packages/4f/db/cfac1baf10650ab4d1c111714410d2fbb77ac5a616db26775db562c8fab2/setuptools-82.0.1.tar.gz
Reusing existing connection to files.pythonhosted.org:443.
HTTP request sent, awaiting response... 200 OK
Length: 1152316 (1.1M) [application/octet-stream]
Saving to: ‘setuptools-82.0.1.tar.gz’

     0K .......... .......... .......... .......... ..........  4% 7.92M 0s
    50K .......... .......... .......... .......... ..........  8% 14.4M 0s
   100K .......... .......... .......... .......... .......... 13% 11.2M 0s
   150K .......... .......... .......... .......... .......... 17% 45.7M 0s
   200K .......... .......... .......... .......... .......... 22% 16.4M 0s
   250K .......... .......... .......... .......... .......... 26% 13.7M 0s
   300K .......... .......... .......... .......... .......... 31% 98.6M 0s
   350K .......... .......... .......... .......... .......... 35% 13.1M 0s
   400K .......... .......... .......... .......... .......... 39%  119M 0s
   450K .......... .......... .......... .......... .......... 44% 13.1M 0s
   500K .......... .......... .......... .......... .......... 48% 13.2M 0s
   550K .......... .......... .......... .......... .......... 53%  169M 0s
   600K .......... .......... .......... .......... .......... 57% 92.6M 0s
   650K .......... .......... .......... .......... .......... 62% 14.7M 0s
   700K .......... .......... .......... .......... .......... 66% 13.0M 0s
   750K .......... .......... .......... .......... .......... 71%  108M 0s
   800K .......... .......... .......... .......... .......... 75%  226M 0s
   850K .......... .......... .......... .......... .......... 79%  109M 0s
   900K .......... .......... .......... .......... .......... 84% 18.4M 0s
   950K .......... .......... .......... .......... .......... 88% 12.1M 0s
  1000K .......... .......... .......... .......... .......... 93% 79.9M 0s
  1050K .......... .......... .......... .......... .......... 97% 96.1M 0s
  1100K .......... .......... .....                           100%  356M=0.05s

2026-03-10 07:21:10 (21.8 MB/s) - ‘setuptools-82.0.1.tar.gz’ saved [1152316/1152316]

setuptools-82.0.1/
setuptools-82.0.1/LICENSE
setuptools-82.0.1/MANIFEST.in
setuptools-82.0.1/NEWS.rst
setuptools-82.0.1/PKG-INFO
setuptools-82.0.1/README.rst
setuptools-82.0.1/_distutils_hack/
setuptools-82.0.1/_distutils_hack/__init__.py
setuptools-82.0.1/_distutils_hack/override.py
setuptools-82.0.1/conftest.py
setuptools-82.0.1/docs/
setuptools-82.0.1/docs/artwork.rst
setuptools-82.0.1/docs/build_meta.rst
setuptools-82.0.1/docs/conf.py
setuptools-82.0.1/docs/deprecated/
setuptools-82.0.1/docs/deprecated/changed_keywords.rst
setuptools-82.0.1/docs/deprecated/commands.rst
setuptools-82.0.1/docs/deprecated/dependency_links.rst
setuptools-82.0.1/docs/deprecated/distutils/
setuptools-82.0.1/docs/deprecated/distutils/_setuptools_disclaimer.rst
setuptools-82.0.1/docs/deprecated/distutils/apiref.rst
setuptools-82.0.1/docs/deprecated/distutils/builtdist.rst
setuptools-82.0.1/docs/deprecated/distutils/commandref.rst
setuptools-82.0.1/docs/deprecated/distutils/configfile.rst
setuptools-82.0.1/docs/deprecated/distutils/examples.rst
setuptools-82.0.1/docs/deprecated/distutils/extending.rst
setuptools-82.0.1/docs/deprecated/distutils/index.rst
setuptools-82.0.1/docs/deprecated/distutils/introduction.rst
setuptools-82.0.1/docs/deprecated/distutils/packageindex.rst
setuptools-82.0.1/docs/deprecated/distutils/setupscript.rst
setuptools-82.0.1/docs/deprecated/distutils/sourcedist.rst
setuptools-82.0.1/docs/deprecated/distutils/uploading.rst
setuptools-82.0.1/docs/deprecated/distutils-legacy.rst
setuptools-82.0.1/docs/deprecated/easy_install.rst
setuptools-82.0.1/docs/deprecated/functionalities.rst
setuptools-82.0.1/docs/deprecated/index.rst
setuptools-82.0.1/docs/deprecated/pkg_resources.rst
setuptools-82.0.1/docs/deprecated/python_eggs.rst
setuptools-82.0.1/docs/deprecated/resource_extraction.rst
setuptools-82.0.1/docs/deprecated/sdist-reproducibility.rst
setuptools-82.0.1/docs/deprecated/zip_safe.rst
setuptools-82.0.1/docs/development/
setuptools-82.0.1/docs/development/developer-guide.rst
setuptools-82.0.1/docs/development/index.rst
setuptools-82.0.1/docs/development/releases.rst
setuptools-82.0.1/docs/history.rst
setuptools-82.0.1/docs/index.rst
setuptools-82.0.1/docs/python 2 sunset.rst
setuptools-82.0.1/docs/references/
setuptools-82.0.1/docs/references/keywords.rst
setuptools-82.0.1/docs/roadmap.rst
setuptools-82.0.1/docs/setuptools.rst
setuptools-82.0.1/docs/userguide/
setuptools-82.0.1/docs/userguide/datafiles.rst
setuptools-82.0.1/docs/userguide/declarative_config.rst
setuptools-82.0.1/docs/userguide/dependency_management.rst
setuptools-82.0.1/docs/userguide/development_mode.rst
setuptools-82.0.1/docs/userguide/distribution.rst
setuptools-82.0.1/docs/userguide/entry_point.rst
setuptools-82.0.1/docs/userguide/ext_modules.rst
setuptools-82.0.1/docs/userguide/extension.rst
setuptools-82.0.1/docs/userguide/index.rst
setuptools-82.0.1/docs/userguide/interfaces.rst
setuptools-82.0.1/docs/userguide/miscellaneous.rst
setuptools-82.0.1/docs/userguide/package_discovery.rst
setuptools-82.0.1/docs/userguide/pyproject_config.rst
setuptools-82.0.1/docs/userguide/quickstart.rst
setuptools-82.0.1/exercises.py
setuptools-82.0.1/launcher.c
setuptools-82.0.1/mypy.ini
setuptools-82.0.1/newsfragments/
setuptools-82.0.1/newsfragments/.gitignore
setuptools-82.0.1/newsfragments/README.rst
setuptools-82.0.1/pyproject.toml
setuptools-82.0.1/pytest.ini
setuptools-82.0.1/setup.cfg
setuptools-82.0.1/setup.py
setuptools-82.0.1/setuptools/
setuptools-82.0.1/setuptools/__init__.py
setuptools-82.0.1/setuptools/_core_metadata.py
setuptools-82.0.1/setuptools/_discovery.py
setuptools-82.0.1/setuptools/_distutils/
setuptools-82.0.1/setuptools/_distutils/__init__.py
setuptools-82.0.1/setuptools/_distutils/_log.py
setuptools-82.0.1/setuptools/_distutils/_macos_compat.py
setuptools-82.0.1/setuptools/_distutils/_modified.py
setuptools-82.0.1/setuptools/_distutils/_msvccompiler.py
setuptools-82.0.1/setuptools/_distutils/archive_util.py
setuptools-82.0.1/setuptools/_distutils/ccompiler.py
setuptools-82.0.1/setuptools/_distutils/cmd.py
setuptools-82.0.1/setuptools/_distutils/command/
setuptools-82.0.1/setuptools/_distutils/command/__init__.py
setuptools-82.0.1/setuptools/_distutils/command/_framework_compat.py
setuptools-82.0.1/setuptools/_distutils/command/bdist.py
setuptools-82.0.1/setuptools/_distutils/command/bdist_dumb.py
setuptools-82.0.1/setuptools/_distutils/command/bdist_rpm.py
setuptools-82.0.1/setuptools/_distutils/command/build.py
setuptools-82.0.1/setuptools/_distutils/command/build_clib.py
setuptools-82.0.1/setuptools/_distutils/command/build_ext.py
setuptools-82.0.1/setuptools/_distutils/command/build_py.py
setuptools-82.0.1/setuptools/_distutils/command/build_scripts.py
setuptools-82.0.1/setuptools/_distutils/command/check.py
setuptools-82.0.1/setuptools/_distutils/command/clean.py
setuptools-82.0.1/setuptools/_distutils/command/config.py
setuptools-82.0.1/setuptools/_distutils/command/install.py
setuptools-82.0.1/setuptools/_distutils/command/install_data.py
setuptools-82.0.1/setuptools/_distutils/command/install_egg_info.py
setuptools-82.0.1/setuptools/_distutils/command/install_headers.py
setuptools-82.0.1/setuptools/_distutils/command/install_lib.py
setuptools-82.0.1/setuptools/_distutils/command/install_scripts.py
setuptools-82.0.1/setuptools/_distutils/command/sdist.py
setuptools-82.0.1/setuptools/_distutils/compat/
setuptools-82.0.1/setuptools/_distutils/compat/__init__.py
setuptools-82.0.1/setuptools/_distutils/compat/numpy.py
setuptools-82.0.1/setuptools/_distutils/compat/py39.py
setuptools-82.0.1/setuptools/_distutils/compilers/
setuptools-82.0.1/setuptools/_distutils/compilers/C/
setuptools-82.0.1/setuptools/_distutils/compilers/C/base.py
setuptools-82.0.1/setuptools/_distutils/compilers/C/cygwin.py
setuptools-82.0.1/setuptools/_distutils/compilers/C/errors.py
setuptools-82.0.1/setuptools/_distutils/compilers/C/msvc.py
setuptools-82.0.1/setuptools/_distutils/compilers/C/tests/
setuptools-82.0.1/setuptools/_distutils/compilers/C/tests/test_base.py
setuptools-82.0.1/setuptools/_distutils/compilers/C/tests/test_cygwin.py
setuptools-82.0.1/setuptools/_distutils/compilers/C/tests/test_mingw.py
setuptools-82.0.1/setuptools/_distutils/compilers/C/tests/test_msvc.py
setuptools-82.0.1/setuptools/_distutils/compilers/C/tests/test_unix.py
setuptools-82.0.1/setuptools/_distutils/compilers/C/unix.py
setuptools-82.0.1/setuptools/_distutils/compilers/C/zos.py
setuptools-82.0.1/setuptools/_distutils/core.py
setuptools-82.0.1/setuptools/_distutils/cygwinccompiler.py
setuptools-82.0.1/setuptools/_distutils/debug.py
setuptools-82.0.1/setuptools/_distutils/dep_util.py
setuptools-82.0.1/setuptools/_distutils/dir_util.py
setuptools-82.0.1/setuptools/_distutils/dist.py
setuptools-82.0.1/setuptools/_distutils/errors.py
setuptools-82.0.1/setuptools/_distutils/extension.py
setuptools-82.0.1/setuptools/_distutils/fancy_getopt.py
setuptools-82.0.1/setuptools/_distutils/file_util.py
setuptools-82.0.1/setuptools/_distutils/filelist.py
setuptools-82.0.1/setuptools/_distutils/log.py
setuptools-82.0.1/setuptools/_distutils/spawn.py
setuptools-82.0.1/setuptools/_distutils/sysconfig.py
setuptools-82.0.1/setuptools/_distutils/tests/
setuptools-82.0.1/setuptools/_distutils/tests/__init__.py
setuptools-82.0.1/setuptools/_distutils/tests/compat/
setuptools-82.0.1/setuptools/_distutils/tests/compat/__init__.py
setuptools-82.0.1/setuptools/_distutils/tests/compat/py39.py
setuptools-82.0.1/setuptools/_distutils/tests/support.py
setuptools-82.0.1/setuptools/_distutils/tests/test_archive_util.py
setuptools-82.0.1/setuptools/_distutils/tests/test_bdist.py
setuptools-82.0.1/setuptools/_distutils/tests/test_bdist_dumb.py
setuptools-82.0.1/setuptools/_distutils/tests/test_bdist_rpm.py
setuptools-82.0.1/setuptools/_distutils/tests/test_build.py
setuptools-82.0.1/setuptools/_distutils/tests/test_build_clib.py
setuptools-82.0.1/setuptools/_distutils/tests/test_build_ext.py
setuptools-82.0.1/setuptools/_distutils/tests/test_build_py.py
setuptools-82.0.1/setuptools/_distutils/tests/test_build_scripts.py
setuptools-82.0.1/setuptools/_distutils/tests/test_check.py
setuptools-82.0.1/setuptools/_distutils/tests/test_clean.py
setuptools-82.0.1/setuptools/_distutils/tests/test_cmd.py
setuptools-82.0.1/setuptools/_distutils/tests/test_config_cmd.py
setuptools-82.0.1/setuptools/_distutils/tests/test_core.py
setuptools-82.0.1/setuptools/_distutils/tests/test_dir_util.py
setuptools-82.0.1/setuptools/_distutils/tests/test_dist.py
setuptools-82.0.1/setuptools/_distutils/tests/test_extension.py
setuptools-82.0.1/setuptools/_distutils/tests/test_file_util.py
setuptools-82.0.1/setuptools/_distutils/tests/test_filelist.py
setuptools-82.0.1/setuptools/_distutils/tests/test_install.py
setuptools-82.0.1/setuptools/_distutils/tests/test_install_data.py
setuptools-82.0.1/setuptools/_distutils/tests/test_install_headers.py
setuptools-82.0.1/setuptools/_distutils/tests/test_install_lib.py
setuptools-82.0.1/setuptools/_distutils/tests/test_install_scripts.py
setuptools-82.0.1/setuptools/_distutils/tests/test_log.py
setuptools-82.0.1/setuptools/_distutils/tests/test_modified.py
setuptools-82.0.1/setuptools/_distutils/tests/test_sdist.py
setuptools-82.0.1/setuptools/_distutils/tests/test_spawn.py
setuptools-82.0.1/setuptools/_distutils/tests/test_sysconfig.py
setuptools-82.0.1/setuptools/_distutils/tests/test_text_file.py
setuptools-82.0.1/setuptools/_distutils/tests/test_util.py
setuptools-82.0.1/setuptools/_distutils/tests/test_version.py
setuptools-82.0.1/setuptools/_distutils/tests/test_versionpredicate.py
setuptools-82.0.1/setuptools/_distutils/tests/unix_compat.py
setuptools-82.0.1/setuptools/_distutils/text_file.py
setuptools-82.0.1/setuptools/_distutils/unixccompiler.py
setuptools-82.0.1/setuptools/_distutils/util.py
setuptools-82.0.1/setuptools/_distutils/version.py
setuptools-82.0.1/setuptools/_distutils/versionpredicate.py
setuptools-82.0.1/setuptools/_distutils/zosccompiler.py
setuptools-82.0.1/setuptools/_entry_points.py
setuptools-82.0.1/setuptools/_imp.py
setuptools-82.0.1/setuptools/_importlib.py
setuptools-82.0.1/setuptools/_itertools.py
setuptools-82.0.1/setuptools/_normalization.py
setuptools-82.0.1/setuptools/_path.py
setuptools-82.0.1/setuptools/_reqs.py
setuptools-82.0.1/setuptools/_scripts.py
setuptools-82.0.1/setuptools/_shutil.py
setuptools-82.0.1/setuptools/_static.py
setuptools-82.0.1/setuptools/_vendor/
setuptools-82.0.1/setuptools/_vendor/.lock
setuptools-82.0.1/setuptools/_vendor/autocommand/
setuptools-82.0.1/setuptools/_vendor/autocommand/__init__.py
setuptools-82.0.1/setuptools/_vendor/autocommand/autoasync.py
setuptools-82.0.1/setuptools/_vendor/autocommand/autocommand.py
setuptools-82.0.1/setuptools/_vendor/autocommand/automain.py
setuptools-82.0.1/setuptools/_vendor/autocommand/autoparse.py
setuptools-82.0.1/setuptools/_vendor/autocommand/errors.py
setuptools-82.0.1/setuptools/_vendor/autocommand-2.2.2.dist-info/
setuptools-82.0.1/setuptools/_vendor/autocommand-2.2.2.dist-info/INSTALLER
setuptools-82.0.1/setuptools/_vendor/autocommand-2.2.2.dist-info/LICENSE
setuptools-82.0.1/setuptools/_vendor/autocommand-2.2.2.dist-info/METADATA
setuptools-82.0.1/setuptools/_vendor/autocommand-2.2.2.dist-info/RECORD
setuptools-82.0.1/setuptools/_vendor/autocommand-2.2.2.dist-info/REQUESTED
setuptools-82.0.1/setuptools/_vendor/autocommand-2.2.2.dist-info/WHEEL
setuptools-82.0.1/setuptools/_vendor/autocommand-2.2.2.dist-info/top_level.txt
setuptools-82.0.1/setuptools/_vendor/backports/
setuptools-82.0.1/setuptools/_vendor/backports/__init__.py
setuptools-82.0.1/setuptools/_vendor/backports/tarfile/
setuptools-82.0.1/setuptools/_vendor/backports/tarfile/__init__.py
setuptools-82.0.1/setuptools/_vendor/backports/tarfile/__main__.py
setuptools-82.0.1/setuptools/_vendor/backports/tarfile/compat/
setuptools-82.0.1/setuptools/_vendor/backports/tarfile/compat/__init__.py
setuptools-82.0.1/setuptools/_vendor/backports/tarfile/compat/py38.py
setuptools-82.0.1/setuptools/_vendor/backports.tarfile-1.2.0.dist-info/
setuptools-82.0.1/setuptools/_vendor/backports.tarfile-1.2.0.dist-info/INSTALLER
setuptools-82.0.1/setuptools/_vendor/backports.tarfile-1.2.0.dist-info/LICENSE
setuptools-82.0.1/setuptools/_vendor/backports.tarfile-1.2.0.dist-info/METADATA
setuptools-82.0.1/setuptools/_vendor/backports.tarfile-1.2.0.dist-info/RECORD
setuptools-82.0.1/setuptools/_vendor/backports.tarfile-1.2.0.dist-info/REQUESTED
setuptools-82.0.1/setuptools/_vendor/backports.tarfile-1.2.0.dist-info/WHEEL
setuptools-82.0.1/setuptools/_vendor/backports.tarfile-1.2.0.dist-info/top_level.txt
setuptools-82.0.1/setuptools/_vendor/importlib_metadata/
setuptools-82.0.1/setuptools/_vendor/importlib_metadata/__init__.py
setuptools-82.0.1/setuptools/_vendor/importlib_metadata/_adapters.py
setuptools-82.0.1/setuptools/_vendor/importlib_metadata/_collections.py
setuptools-82.0.1/setuptools/_vendor/importlib_metadata/_compat.py
setuptools-82.0.1/setuptools/_vendor/importlib_metadata/_functools.py
setuptools-82.0.1/setuptools/_vendor/importlib_metadata/_itertools.py
setuptools-82.0.1/setuptools/_vendor/importlib_metadata/_meta.py
setuptools-82.0.1/setuptools/_vendor/importlib_metadata/_text.py
setuptools-82.0.1/setuptools/_vendor/importlib_metadata/_typing.py
setuptools-82.0.1/setuptools/_vendor/importlib_metadata/compat/
setuptools-82.0.1/setuptools/_vendor/importlib_metadata/compat/__init__.py
setuptools-82.0.1/setuptools/_vendor/importlib_metadata/compat/py311.py
setuptools-82.0.1/setuptools/_vendor/importlib_metadata/compat/py39.py
setuptools-82.0.1/setuptools/_vendor/importlib_metadata/diagnose.py
setuptools-82.0.1/setuptools/_vendor/importlib_metadata/py.typed
setuptools-82.0.1/setuptools/_vendor/importlib_metadata-8.7.1.dist-info/
setuptools-82.0.1/setuptools/_vendor/importlib_metadata-8.7.1.dist-info/INSTALLER
setuptools-82.0.1/setuptools/_vendor/importlib_metadata-8.7.1.dist-info/METADATA
setuptools-82.0.1/setuptools/_vendor/importlib_metadata-8.7.1.dist-info/RECORD
setuptools-82.0.1/setuptools/_vendor/importlib_metadata-8.7.1.dist-info/REQUESTED
setuptools-82.0.1/setuptools/_vendor/importlib_metadata-8.7.1.dist-info/WHEEL
setuptools-82.0.1/setuptools/_vendor/importlib_metadata-8.7.1.dist-info/licenses/
setuptools-82.0.1/setuptools/_vendor/importlib_metadata-8.7.1.dist-info/licenses/LICENSE
setuptools-82.0.1/setuptools/_vendor/importlib_metadata-8.7.1.dist-info/top_level.txt
setuptools-82.0.1/setuptools/_vendor/jaraco/
setuptools-82.0.1/setuptools/_vendor/jaraco/context/
setuptools-82.0.1/setuptools/_vendor/jaraco/context/__init__.py
setuptools-82.0.1/setuptools/_vendor/jaraco/context/py.typed
setuptools-82.0.1/setuptools/_vendor/jaraco/functools/
setuptools-82.0.1/setuptools/_vendor/jaraco/functools/__init__.py
setuptools-82.0.1/setuptools/_vendor/jaraco/functools/__init__.pyi
setuptools-82.0.1/setuptools/_vendor/jaraco/functools/py.typed
setuptools-82.0.1/setuptools/_vendor/jaraco/text/
setuptools-82.0.1/setuptools/_vendor/jaraco/text/Lorem ipsum.txt
setuptools-82.0.1/setuptools/_vendor/jaraco/text/__init__.py
setuptools-82.0.1/setuptools/_vendor/jaraco/text/layouts.py
setuptools-82.0.1/setuptools/_vendor/jaraco/text/show-newlines.py
setuptools-82.0.1/setuptools/_vendor/jaraco/text/strip-prefix.py
setuptools-82.0.1/setuptools/_vendor/jaraco/text/to-dvorak.py
setuptools-82.0.1/setuptools/_vendor/jaraco/text/to-qwerty.py
setuptools-82.0.1/setuptools/_vendor/jaraco.text-4.0.0.dist-info/
setuptools-82.0.1/setuptools/_vendor/jaraco.text-4.0.0.dist-info/INSTALLER
setuptools-82.0.1/setuptools/_vendor/jaraco.text-4.0.0.dist-info/LICENSE
setuptools-82.0.1/setuptools/_vendor/jaraco.text-4.0.0.dist-info/METADATA
setuptools-82.0.1/setuptools/_vendor/jaraco.text-4.0.0.dist-info/RECORD
setuptools-82.0.1/setuptools/_vendor/jaraco.text-4.0.0.dist-info/REQUESTED
setuptools-82.0.1/setuptools/_vendor/jaraco.text-4.0.0.dist-info/WHEEL
setuptools-82.0.1/setuptools/_vendor/jaraco.text-4.0.0.dist-info/top_level.txt
setuptools-82.0.1/setuptools/_vendor/jaraco_context-6.1.0.dist-info/
setuptools-82.0.1/setuptools/_vendor/jaraco_context-6.1.0.dist-info/INSTALLER
setuptools-82.0.1/setuptools/_vendor/jaraco_context-6.1.0.dist-info/METADATA
setuptools-82.0.1/setuptools/_vendor/jaraco_context-6.1.0.dist-info/RECORD
setuptools-82.0.1/setuptools/_vendor/jaraco_context-6.1.0.dist-info/REQUESTED
setuptools-82.0.1/setuptools/_vendor/jaraco_context-6.1.0.dist-info/WHEEL
setuptools-82.0.1/setuptools/_vendor/jaraco_context-6.1.0.dist-info/licenses/
setuptools-82.0.1/setuptools/_vendor/jaraco_context-6.1.0.dist-info/licenses/LICENSE
setuptools-82.0.1/setuptools/_vendor/jaraco_context-6.1.0.dist-info/top_level.txt
setuptools-82.0.1/setuptools/_vendor/jaraco_functools-4.4.0.dist-info/
setuptools-82.0.1/setuptools/_vendor/jaraco_functools-4.4.0.dist-info/INSTALLER
setuptools-82.0.1/setuptools/_vendor/jaraco_functools-4.4.0.dist-info/METADATA
setuptools-82.0.1/setuptools/_vendor/jaraco_functools-4.4.0.dist-info/RECORD
setuptools-82.0.1/setuptools/_vendor/jaraco_functools-4.4.0.dist-info/REQUESTED
setuptools-82.0.1/setuptools/_vendor/jaraco_functools-4.4.0.dist-info/WHEEL
setuptools-82.0.1/setuptools/_vendor/jaraco_functools-4.4.0.dist-info/licenses/
setuptools-82.0.1/setuptools/_vendor/jaraco_functools-4.4.0.dist-info/licenses/LICENSE
setuptools-82.0.1/setuptools/_vendor/jaraco_functools-4.4.0.dist-info/top_level.txt
setuptools-82.0.1/setuptools/_vendor/more_itertools/
setuptools-82.0.1/setuptools/_vendor/more_itertools/__init__.py
setuptools-82.0.1/setuptools/_vendor/more_itertools/__init__.pyi
setuptools-82.0.1/setuptools/_vendor/more_itertools/more.py
setuptools-82.0.1/setuptools/_vendor/more_itertools/more.pyi
setuptools-82.0.1/setuptools/_vendor/more_itertools/py.typed
setuptools-82.0.1/setuptools/_vendor/more_itertools/recipes.py
setuptools-82.0.1/setuptools/_vendor/more_itertools/recipes.pyi
setuptools-82.0.1/setuptools/_vendor/more_itertools-10.8.0.dist-info/
setuptools-82.0.1/setuptools/_vendor/more_itertools-10.8.0.dist-info/INSTALLER
setuptools-82.0.1/setuptools/_vendor/more_itertools-10.8.0.dist-info/METADATA
setuptools-82.0.1/setuptools/_vendor/more_itertools-10.8.0.dist-info/RECORD
setuptools-82.0.1/setuptools/_vendor/more_itertools-10.8.0.dist-info/REQUESTED
setuptools-82.0.1/setuptools/_vendor/more_itertools-10.8.0.dist-info/WHEEL
setuptools-82.0.1/setuptools/_vendor/more_itertools-10.8.0.dist-info/licenses/
setuptools-82.0.1/setuptools/_vendor/more_itertools-10.8.0.dist-info/licenses/LICENSE
setuptools-82.0.1/setuptools/_vendor/packaging/
setuptools-82.0.1/setuptools/_vendor/packaging/__init__.py
setuptools-82.0.1/setuptools/_vendor/packaging/_elffile.py
setuptools-82.0.1/setuptools/_vendor/packaging/_manylinux.py
setuptools-82.0.1/setuptools/_vendor/packaging/_musllinux.py
setuptools-82.0.1/setuptools/_vendor/packaging/_parser.py
setuptools-82.0.1/setuptools/_vendor/packaging/_structures.py
setuptools-82.0.1/setuptools/_vendor/packaging/_tokenizer.py
setuptools-82.0.1/setuptools/_vendor/packaging/licenses/
setuptools-82.0.1/setuptools/_vendor/packaging/licenses/__init__.py
setuptools-82.0.1/setuptools/_vendor/packaging/licenses/_spdx.py
setuptools-82.0.1/setuptools/_vendor/packaging/markers.py
setuptools-82.0.1/setuptools/_vendor/packaging/metadata.py
setuptools-82.0.1/setuptools/_vendor/packaging/py.typed
setuptools-82.0.1/setuptools/_vendor/packaging/pylock.py
setuptools-82.0.1/setuptools/_vendor/packaging/requirements.py
setuptools-82.0.1/setuptools/_vendor/packaging/specifiers.py
setuptools-82.0.1/setuptools/_vendor/packaging/tags.py
setuptools-82.0.1/setuptools/_vendor/packaging/utils.py
setuptools-82.0.1/setuptools/_vendor/packaging/version.py
setuptools-82.0.1/setuptools/_vendor/packaging-26.0.dist-info/
setuptools-82.0.1/setuptools/_vendor/packaging-26.0.dist-info/INSTALLER
setuptools-82.0.1/setuptools/_vendor/packaging-26.0.dist-info/METADATA
setuptools-82.0.1/setuptools/_vendor/packaging-26.0.dist-info/RECORD
setuptools-82.0.1/setuptools/_vendor/packaging-26.0.dist-info/REQUESTED
setuptools-82.0.1/setuptools/_vendor/packaging-26.0.dist-info/WHEEL
setuptools-82.0.1/setuptools/_vendor/packaging-26.0.dist-info/licenses/
setuptools-82.0.1/setuptools/_vendor/packaging-26.0.dist-info/licenses/LICENSE
setuptools-82.0.1/setuptools/_vendor/packaging-26.0.dist-info/licenses/LICENSE.APACHE
setuptools-82.0.1/setuptools/_vendor/packaging-26.0.dist-info/licenses/LICENSE.BSD
setuptools-82.0.1/setuptools/_vendor/platformdirs/
setuptools-82.0.1/setuptools/_vendor/platformdirs/__init__.py
setuptools-82.0.1/setuptools/_vendor/platformdirs/__main__.py
setuptools-82.0.1/setuptools/_vendor/platformdirs/android.py
setuptools-82.0.1/setuptools/_vendor/platformdirs/api.py
setuptools-82.0.1/setuptools/_vendor/platformdirs/macos.py
setuptools-82.0.1/setuptools/_vendor/platformdirs/py.typed
setuptools-82.0.1/setuptools/_vendor/platformdirs/unix.py
setuptools-82.0.1/setuptools/_vendor/platformdirs/version.py
setuptools-82.0.1/setuptools/_vendor/platformdirs/windows.py
setuptools-82.0.1/setuptools/_vendor/platformdirs-4.4.0.dist-info/
setuptools-82.0.1/setuptools/_vendor/platformdirs-4.4.0.dist-info/INSTALLER
setuptools-82.0.1/setuptools/_vendor/platformdirs-4.4.0.dist-info/METADATA
setuptools-82.0.1/setuptools/_vendor/platformdirs-4.4.0.dist-info/RECORD
setuptools-82.0.1/setuptools/_vendor/platformdirs-4.4.0.dist-info/REQUESTED
setuptools-82.0.1/setuptools/_vendor/platformdirs-4.4.0.dist-info/WHEEL
setuptools-82.0.1/setuptools/_vendor/platformdirs-4.4.0.dist-info/licenses/
setuptools-82.0.1/setuptools/_vendor/platformdirs-4.4.0.dist-info/licenses/LICENSE
setuptools-82.0.1/setuptools/_vendor/ruff.toml
setuptools-82.0.1/setuptools/_vendor/tomli/
setuptools-82.0.1/setuptools/_vendor/tomli/__init__.py
setuptools-82.0.1/setuptools/_vendor/tomli/_parser.py
setuptools-82.0.1/setuptools/_vendor/tomli/_re.py
setuptools-82.0.1/setuptools/_vendor/tomli/_types.py
setuptools-82.0.1/setuptools/_vendor/tomli/py.typed
setuptools-82.0.1/setuptools/_vendor/tomli-2.4.0.dist-info/
setuptools-82.0.1/setuptools/_vendor/tomli-2.4.0.dist-info/INSTALLER
setuptools-82.0.1/setuptools/_vendor/tomli-2.4.0.dist-info/METADATA
setuptools-82.0.1/setuptools/_vendor/tomli-2.4.0.dist-info/RECORD
setuptools-82.0.1/setuptools/_vendor/tomli-2.4.0.dist-info/REQUESTED
setuptools-82.0.1/setuptools/_vendor/tomli-2.4.0.dist-info/WHEEL
setuptools-82.0.1/setuptools/_vendor/tomli-2.4.0.dist-info/licenses/
setuptools-82.0.1/setuptools/_vendor/tomli-2.4.0.dist-info/licenses/LICENSE
setuptools-82.0.1/setuptools/_vendor/wheel/
setuptools-82.0.1/setuptools/_vendor/wheel/__init__.py
setuptools-82.0.1/setuptools/_vendor/wheel/__main__.py
setuptools-82.0.1/setuptools/_vendor/wheel/_bdist_wheel.py
setuptools-82.0.1/setuptools/_vendor/wheel/_commands/
setuptools-82.0.1/setuptools/_vendor/wheel/_commands/__init__.py
setuptools-82.0.1/setuptools/_vendor/wheel/_commands/convert.py
setuptools-82.0.1/setuptools/_vendor/wheel/_commands/pack.py
setuptools-82.0.1/setuptools/_vendor/wheel/_commands/tags.py
setuptools-82.0.1/setuptools/_vendor/wheel/_commands/unpack.py
setuptools-82.0.1/setuptools/_vendor/wheel/_metadata.py
setuptools-82.0.1/setuptools/_vendor/wheel/_setuptools_logging.py
setuptools-82.0.1/setuptools/_vendor/wheel/bdist_wheel.py
setuptools-82.0.1/setuptools/_vendor/wheel/macosx_libfile.py
setuptools-82.0.1/setuptools/_vendor/wheel/metadata.py
setuptools-82.0.1/setuptools/_vendor/wheel/wheelfile.py
setuptools-82.0.1/setuptools/_vendor/wheel-0.46.3.dist-info/
setuptools-82.0.1/setuptools/_vendor/wheel-0.46.3.dist-info/INSTALLER
setuptools-82.0.1/setuptools/_vendor/wheel-0.46.3.dist-info/METADATA
setuptools-82.0.1/setuptools/_vendor/wheel-0.46.3.dist-info/RECORD
setuptools-82.0.1/setuptools/_vendor/wheel-0.46.3.dist-info/REQUESTED
setuptools-82.0.1/setuptools/_vendor/wheel-0.46.3.dist-info/WHEEL
setuptools-82.0.1/setuptools/_vendor/wheel-0.46.3.dist-info/entry_points.txt
setuptools-82.0.1/setuptools/_vendor/wheel-0.46.3.dist-info/licenses/
setuptools-82.0.1/setuptools/_vendor/wheel-0.46.3.dist-info/licenses/LICENSE.txt
setuptools-82.0.1/setuptools/_vendor/zipp/
setuptools-82.0.1/setuptools/_vendor/zipp/__init__.py
setuptools-82.0.1/setuptools/_vendor/zipp/_functools.py
setuptools-82.0.1/setuptools/_vendor/zipp/compat/
setuptools-82.0.1/setuptools/_vendor/zipp/compat/__init__.py
setuptools-82.0.1/setuptools/_vendor/zipp/compat/overlay.py
setuptools-82.0.1/setuptools/_vendor/zipp/compat/py310.py
setuptools-82.0.1/setuptools/_vendor/zipp/compat/py313.py
setuptools-82.0.1/setuptools/_vendor/zipp/glob.py
setuptools-82.0.1/setuptools/_vendor/zipp-3.23.0.dist-info/
setuptools-82.0.1/setuptools/_vendor/zipp-3.23.0.dist-info/INSTALLER
setuptools-82.0.1/setuptools/_vendor/zipp-3.23.0.dist-info/METADATA
setuptools-82.0.1/setuptools/_vendor/zipp-3.23.0.dist-info/RECORD
setuptools-82.0.1/setuptools/_vendor/zipp-3.23.0.dist-info/REQUESTED
setuptools-82.0.1/setuptools/_vendor/zipp-3.23.0.dist-info/WHEEL
setuptools-82.0.1/setuptools/_vendor/zipp-3.23.0.dist-info/licenses/
setuptools-82.0.1/setuptools/_vendor/zipp-3.23.0.dist-info/licenses/LICENSE
setuptools-82.0.1/setuptools/_vendor/zipp-3.23.0.dist-info/top_level.txt
setuptools-82.0.1/setuptools/archive_util.py
setuptools-82.0.1/setuptools/build_meta.py
setuptools-82.0.1/setuptools/cli-32.exe
setuptools-82.0.1/setuptools/cli-64.exe
setuptools-82.0.1/setuptools/cli-arm64.exe
setuptools-82.0.1/setuptools/cli.exe
setuptools-82.0.1/setuptools/command/
setuptools-82.0.1/setuptools/command/__init__.py
setuptools-82.0.1/setuptools/command/_requirestxt.py
setuptools-82.0.1/setuptools/command/alias.py
setuptools-82.0.1/setuptools/command/bdist_egg.py
setuptools-82.0.1/setuptools/command/bdist_rpm.py
setuptools-82.0.1/setuptools/command/bdist_wheel.py
setuptools-82.0.1/setuptools/command/build.py
setuptools-82.0.1/setuptools/command/build_clib.py
setuptools-82.0.1/setuptools/command/build_ext.py
setuptools-82.0.1/setuptools/command/build_py.py
setuptools-82.0.1/setuptools/command/develop.py
setuptools-82.0.1/setuptools/command/dist_info.py
setuptools-82.0.1/setuptools/command/easy_install.py
setuptools-82.0.1/setuptools/command/editable_wheel.py
setuptools-82.0.1/setuptools/command/egg_info.py
setuptools-82.0.1/setuptools/command/install.py
setuptools-82.0.1/setuptools/command/install_egg_info.py
setuptools-82.0.1/setuptools/command/install_lib.py
setuptools-82.0.1/setuptools/command/install_scripts.py
setuptools-82.0.1/setuptools/command/rotate.py
setuptools-82.0.1/setuptools/command/saveopts.py
setuptools-82.0.1/setuptools/command/sdist.py
setuptools-82.0.1/setuptools/command/setopt.py
setuptools-82.0.1/setuptools/command/test.py
setuptools-82.0.1/setuptools/compat/
setuptools-82.0.1/setuptools/compat/__init__.py
setuptools-82.0.1/setuptools/compat/py310.py
setuptools-82.0.1/setuptools/compat/py311.py
setuptools-82.0.1/setuptools/compat/py312.py
setuptools-82.0.1/setuptools/compat/py39.py
setuptools-82.0.1/setuptools/config/
setuptools-82.0.1/setuptools/config/NOTICE
setuptools-82.0.1/setuptools/config/__init__.py
setuptools-82.0.1/setuptools/config/_apply_pyprojecttoml.py
setuptools-82.0.1/setuptools/config/_validate_pyproject/
setuptools-82.0.1/setuptools/config/_validate_pyproject/NOTICE
setuptools-82.0.1/setuptools/config/_validate_pyproject/__init__.py
setuptools-82.0.1/setuptools/config/_validate_pyproject/error_reporting.py
setuptools-82.0.1/setuptools/config/_validate_pyproject/extra_validations.py
setuptools-82.0.1/setuptools/config/_validate_pyproject/fastjsonschema_exceptions.py
setuptools-82.0.1/setuptools/config/_validate_pyproject/fastjsonschema_validations.py
setuptools-82.0.1/setuptools/config/_validate_pyproject/formats.py
setuptools-82.0.1/setuptools/config/distutils.schema.json
setuptools-82.0.1/setuptools/config/expand.py
setuptools-82.0.1/setuptools/config/pyprojecttoml.py
setuptools-82.0.1/setuptools/config/setupcfg.py
setuptools-82.0.1/setuptools/config/setuptools.schema.json
setuptools-82.0.1/setuptools/depends.py
setuptools-82.0.1/setuptools/discovery.py
setuptools-82.0.1/setuptools/dist.py
setuptools-82.0.1/setuptools/errors.py
setuptools-82.0.1/setuptools/extension.py
setuptools-82.0.1/setuptools/glob.py
setuptools-82.0.1/setuptools/gui-32.exe
setuptools-82.0.1/setuptools/gui-64.exe
setuptools-82.0.1/setuptools/gui-arm64.exe
setuptools-82.0.1/setuptools/gui.exe
setuptools-82.0.1/setuptools/installer.py
setuptools-82.0.1/setuptools/launch.py
setuptools-82.0.1/setuptools/launcher manifest.xml
setuptools-82.0.1/setuptools/logging.py
setuptools-82.0.1/setuptools/modified.py
setuptools-82.0.1/setuptools/monkey.py
setuptools-82.0.1/setuptools/msvc.py
setuptools-82.0.1/setuptools/namespaces.py
setuptools-82.0.1/setuptools/script (dev).tmpl
setuptools-82.0.1/setuptools/script.tmpl
setuptools-82.0.1/setuptools/tests/
setuptools-82.0.1/setuptools/tests/__init__.py
setuptools-82.0.1/setuptools/tests/compat/
setuptools-82.0.1/setuptools/tests/compat/__init__.py
setuptools-82.0.1/setuptools/tests/compat/py39.py
setuptools-82.0.1/setuptools/tests/config/
setuptools-82.0.1/setuptools/tests/config/__init__.py
setuptools-82.0.1/setuptools/tests/config/downloads/
setuptools-82.0.1/setuptools/tests/config/downloads/__init__.py
setuptools-82.0.1/setuptools/tests/config/downloads/preload.py
setuptools-82.0.1/setuptools/tests/config/setupcfg_examples.txt
setuptools-82.0.1/setuptools/tests/config/test_apply_pyprojecttoml.py
setuptools-82.0.1/setuptools/tests/config/test_expand.py
setuptools-82.0.1/setuptools/tests/config/test_pyprojecttoml.py
setuptools-82.0.1/setuptools/tests/config/test_pyprojecttoml_dynamic_deps.py
setuptools-82.0.1/setuptools/tests/config/test_setupcfg.py
setuptools-82.0.1/setuptools/tests/contexts.py
setuptools-82.0.1/setuptools/tests/environment.py
setuptools-82.0.1/setuptools/tests/fixtures.py
setuptools-82.0.1/setuptools/tests/indexes/
setuptools-82.0.1/setuptools/tests/indexes/test_links_priority/
setuptools-82.0.1/setuptools/tests/indexes/test_links_priority/external.html
setuptools-82.0.1/setuptools/tests/indexes/test_links_priority/simple/
setuptools-82.0.1/setuptools/tests/indexes/test_links_priority/simple/foobar/
setuptools-82.0.1/setuptools/tests/indexes/test_links_priority/simple/foobar/index.html
setuptools-82.0.1/setuptools/tests/integration/
setuptools-82.0.1/setuptools/tests/integration/__init__.py
setuptools-82.0.1/setuptools/tests/integration/helpers.py
setuptools-82.0.1/setuptools/tests/integration/test_pbr.py
setuptools-82.0.1/setuptools/tests/integration/test_pip_install_sdist.py
setuptools-82.0.1/setuptools/tests/mod_with_constant.py
setuptools-82.0.1/setuptools/tests/namespaces.py
setuptools-82.0.1/setuptools/tests/script-with-bom.py
setuptools-82.0.1/setuptools/tests/test_archive_util.py
setuptools-82.0.1/setuptools/tests/test_bdist_deprecations.py
setuptools-82.0.1/setuptools/tests/test_bdist_egg.py
setuptools-82.0.1/setuptools/tests/test_bdist_wheel.py
setuptools-82.0.1/setuptools/tests/test_build.py
setuptools-82.0.1/setuptools/tests/test_build_clib.py
setuptools-82.0.1/setuptools/tests/test_build_ext.py
setuptools-82.0.1/setuptools/tests/test_build_meta.py
setuptools-82.0.1/setuptools/tests/test_build_py.py
setuptools-82.0.1/setuptools/tests/test_config_discovery.py
setuptools-82.0.1/setuptools/tests/test_core_metadata.py
setuptools-82.0.1/setuptools/tests/test_depends.py
setuptools-82.0.1/setuptools/tests/test_develop.py
setuptools-82.0.1/setuptools/tests/test_dist.py
setuptools-82.0.1/setuptools/tests/test_dist_info.py
setuptools-82.0.1/setuptools/tests/test_distutils_adoption.py
setuptools-82.0.1/setuptools/tests/test_editable_install.py
setuptools-82.0.1/setuptools/tests/test_egg_info.py
setuptools-82.0.1/setuptools/tests/test_extern.py
setuptools-82.0.1/setuptools/tests/test_find_packages.py
setuptools-82.0.1/setuptools/tests/test_find_py_modules.py
setuptools-82.0.1/setuptools/tests/test_glob.py
setuptools-82.0.1/setuptools/tests/test_install_scripts.py
setuptools-82.0.1/setuptools/tests/test_logging.py
setuptools-82.0.1/setuptools/tests/test_manifest.py
setuptools-82.0.1/setuptools/tests/test_namespaces.py
setuptools-82.0.1/setuptools/tests/test_scripts.py
setuptools-82.0.1/setuptools/tests/test_sdist.py
setuptools-82.0.1/setuptools/tests/test_setopt.py
setuptools-82.0.1/setuptools/tests/test_setuptools.py
setuptools-82.0.1/setuptools/tests/test_shutil_wrapper.py
setuptools-82.0.1/setuptools/tests/test_unicode_utils.py
setuptools-82.0.1/setuptools/tests/test_virtualenv.py
setuptools-82.0.1/setuptools/tests/test_warnings.py
setuptools-82.0.1/setuptools/tests/test_wheel.py
setuptools-82.0.1/setuptools/tests/test_windows_wrappers.py
setuptools-82.0.1/setuptools/tests/text.py
setuptools-82.0.1/setuptools/tests/textwrap.py
setuptools-82.0.1/setuptools/unicode_utils.py
setuptools-82.0.1/setuptools/version.py
setuptools-82.0.1/setuptools/warnings.py
setuptools-82.0.1/setuptools/wheel.py
setuptools-82.0.1/setuptools/windows_support.py
setuptools-82.0.1/setuptools.egg-info/
setuptools-82.0.1/setuptools.egg-info/PKG-INFO
setuptools-82.0.1/setuptools.egg-info/SOURCES.txt
setuptools-82.0.1/setuptools.egg-info/dependency_links.txt
setuptools-82.0.1/setuptools.egg-info/entry_points.txt
setuptools-82.0.1/setuptools.egg-info/requires.txt
setuptools-82.0.1/setuptools.egg-info/top_level.txt
setuptools-82.0.1/tools/
setuptools-82.0.1/tools/build_launchers.py
setuptools-82.0.1/tools/finalize.py
setuptools-82.0.1/tools/generate_validation_code.py
setuptools-82.0.1/tools/vendored.py
setuptools-82.0.1/tox.ini
* Creating isolated environment: venv+pip...
* Getting build dependencies for wheel...
/blfs/builds/setuptools-82.0.1/setuptools/config/pyprojecttoml.py:72: _ExperimentalConfiguration: `[tool.distutils]` in `pyproject.toml` is still *experimental* and likely to change in future releases.
  config = read_configuration(filepath, True, ignore_option_errors, dist)
running egg_info
writing setuptools.egg-info/PKG-INFO
writing dependency_links to setuptools.egg-info/dependency_links.txt
writing entry points to setuptools.egg-info/entry_points.txt
writing requirements to setuptools.egg-info/requires.txt
writing top-level names to setuptools.egg-info/top_level.txt
reading manifest file 'setuptools.egg-info/SOURCES.txt'
reading manifest template 'MANIFEST.in'
warning: no files found matching '*.py' under directory 'tests'
warning: no files found matching '*.txt' under directory 'docs'
warning: no files found matching '*.conf' under directory 'docs'
warning: no files found matching '*.css' under directory 'docs'
warning: no files found matching '*.css_t' under directory 'docs'
warning: no files found matching 'Makefile' under directory 'docs'
warning: no files found matching 'indexsidebar.html' under directory 'docs'
warning: no files found matching 'COPYING*' anywhere in distribution
warning: no files found matching 'AUTHORS*' anywhere in distribution
warning: no files found matching 'msvc-build-launcher.cmd'
warning: no previously-included files matching '__pycache__' found anywhere in distribution
adding license file 'LICENSE'
writing manifest file 'setuptools.egg-info/SOURCES.txt'
* Building wheel...
/blfs/builds/setuptools-82.0.1/setuptools/config/pyprojecttoml.py:72: _ExperimentalConfiguration: `[tool.distutils]` in `pyproject.toml` is still *experimental* and likely to change in future releases.
  config = read_configuration(filepath, True, ignore_option_errors, dist)
running bdist_wheel
running build
running build_py
creating build/lib/setuptools
copying setuptools/build_meta.py -> build/lib/setuptools
copying setuptools/windows_support.py -> build/lib/setuptools
copying setuptools/namespaces.py -> build/lib/setuptools
copying setuptools/modified.py -> build/lib/setuptools
copying setuptools/_core_metadata.py -> build/lib/setuptools
copying setuptools/_scripts.py -> build/lib/setuptools
copying setuptools/depends.py -> build/lib/setuptools
copying setuptools/unicode_utils.py -> build/lib/setuptools
copying setuptools/archive_util.py -> build/lib/setuptools
copying setuptools/_importlib.py -> build/lib/setuptools
copying setuptools/logging.py -> build/lib/setuptools
copying setuptools/_itertools.py -> build/lib/setuptools
copying setuptools/extension.py -> build/lib/setuptools
copying setuptools/_reqs.py -> build/lib/setuptools
copying setuptools/_static.py -> build/lib/setuptools
copying setuptools/glob.py -> build/lib/setuptools
copying setuptools/dist.py -> build/lib/setuptools
copying setuptools/msvc.py -> build/lib/setuptools
copying setuptools/warnings.py -> build/lib/setuptools
copying setuptools/__init__.py -> build/lib/setuptools
copying setuptools/discovery.py -> build/lib/setuptools
copying setuptools/_normalization.py -> build/lib/setuptools
copying setuptools/errors.py -> build/lib/setuptools
copying setuptools/launch.py -> build/lib/setuptools
copying setuptools/_imp.py -> build/lib/setuptools
copying setuptools/_path.py -> build/lib/setuptools
copying setuptools/monkey.py -> build/lib/setuptools
copying setuptools/_entry_points.py -> build/lib/setuptools
copying setuptools/wheel.py -> build/lib/setuptools
copying setuptools/_shutil.py -> build/lib/setuptools
copying setuptools/_discovery.py -> build/lib/setuptools
copying setuptools/version.py -> build/lib/setuptools
copying setuptools/installer.py -> build/lib/setuptools
creating build/lib/_distutils_hack
copying _distutils_hack/override.py -> build/lib/_distutils_hack
copying _distutils_hack/__init__.py -> build/lib/_distutils_hack
creating build/lib/setuptools/compat
copying setuptools/compat/py311.py -> build/lib/setuptools/compat
copying setuptools/compat/py39.py -> build/lib/setuptools/compat
copying setuptools/compat/__init__.py -> build/lib/setuptools/compat
copying setuptools/compat/py310.py -> build/lib/setuptools/compat
copying setuptools/compat/py312.py -> build/lib/setuptools/compat
creating build/lib/setuptools/config
copying setuptools/config/expand.py -> build/lib/setuptools/config
copying setuptools/config/setupcfg.py -> build/lib/setuptools/config
copying setuptools/config/pyprojecttoml.py -> build/lib/setuptools/config
copying setuptools/config/_apply_pyprojecttoml.py -> build/lib/setuptools/config
copying setuptools/config/__init__.py -> build/lib/setuptools/config
creating build/lib/setuptools/_distutils
copying setuptools/_distutils/dep_util.py -> build/lib/setuptools/_distutils
copying setuptools/_distutils/log.py -> build/lib/setuptools/_distutils
copying setuptools/_distutils/fancy_getopt.py -> build/lib/setuptools/_distutils
copying setuptools/_distutils/text_file.py -> build/lib/setuptools/_distutils
copying setuptools/_distutils/archive_util.py -> build/lib/setuptools/_distutils
copying setuptools/_distutils/core.py -> build/lib/setuptools/_distutils
copying setuptools/_distutils/sysconfig.py -> build/lib/setuptools/_distutils
copying setuptools/_distutils/_modified.py -> build/lib/setuptools/_distutils
copying setuptools/_distutils/extension.py -> build/lib/setuptools/_distutils
copying setuptools/_distutils/_msvccompiler.py -> build/lib/setuptools/_distutils
copying setuptools/_distutils/_macos_compat.py -> build/lib/setuptools/_distutils
copying setuptools/_distutils/dist.py -> build/lib/setuptools/_distutils
copying setuptools/_distutils/ccompiler.py -> build/lib/setuptools/_distutils
copying setuptools/_distutils/_log.py -> build/lib/setuptools/_distutils
copying setuptools/_distutils/util.py -> build/lib/setuptools/_distutils
copying setuptools/_distutils/__init__.py -> build/lib/setuptools/_distutils
copying setuptools/_distutils/debug.py -> build/lib/setuptools/_distutils
copying setuptools/_distutils/cygwinccompiler.py -> build/lib/setuptools/_distutils
copying setuptools/_distutils/zosccompiler.py -> build/lib/setuptools/_distutils
copying setuptools/_distutils/errors.py -> build/lib/setuptools/_distutils
copying setuptools/_distutils/spawn.py -> build/lib/setuptools/_distutils
copying setuptools/_distutils/unixccompiler.py -> build/lib/setuptools/_distutils
copying setuptools/_distutils/versionpredicate.py -> build/lib/setuptools/_distutils
copying setuptools/_distutils/filelist.py -> build/lib/setuptools/_distutils
copying setuptools/_distutils/cmd.py -> build/lib/setuptools/_distutils
copying setuptools/_distutils/file_util.py -> build/lib/setuptools/_distutils
copying setuptools/_distutils/version.py -> build/lib/setuptools/_distutils
copying setuptools/_distutils/dir_util.py -> build/lib/setuptools/_distutils
creating build/lib/setuptools/command
copying setuptools/command/bdist_rpm.py -> build/lib/setuptools/command
copying setuptools/command/setopt.py -> build/lib/setuptools/command
copying setuptools/command/develop.py -> build/lib/setuptools/command
copying setuptools/command/bdist_wheel.py -> build/lib/setuptools/command
copying setuptools/command/dist_info.py -> build/lib/setuptools/command
copying setuptools/command/_requirestxt.py -> build/lib/setuptools/command
copying setuptools/command/install_lib.py -> build/lib/setuptools/command
copying setuptools/command/build_py.py -> build/lib/setuptools/command
copying setuptools/command/install_scripts.py -> build/lib/setuptools/command
copying setuptools/command/__init__.py -> build/lib/setuptools/command
copying setuptools/command/egg_info.py -> build/lib/setuptools/command
copying setuptools/command/bdist_egg.py -> build/lib/setuptools/command
copying setuptools/command/saveopts.py -> build/lib/setuptools/command
copying setuptools/command/build_ext.py -> build/lib/setuptools/command
copying setuptools/command/test.py -> build/lib/setuptools/command
copying setuptools/command/build.py -> build/lib/setuptools/command
copying setuptools/command/alias.py -> build/lib/setuptools/command
copying setuptools/command/easy_install.py -> build/lib/setuptools/command
copying setuptools/command/build_clib.py -> build/lib/setuptools/command
copying setuptools/command/install_egg_info.py -> build/lib/setuptools/command
copying setuptools/command/install.py -> build/lib/setuptools/command
copying setuptools/command/sdist.py -> build/lib/setuptools/command
copying setuptools/command/editable_wheel.py -> build/lib/setuptools/command
copying setuptools/command/rotate.py -> build/lib/setuptools/command
creating build/lib/setuptools/config/_validate_pyproject
copying setuptools/config/_validate_pyproject/fastjsonschema_exceptions.py -> build/lib/setuptools/config/_validate_pyproject
copying setuptools/config/_validate_pyproject/extra_validations.py -> build/lib/setuptools/config/_validate_pyproject
copying setuptools/config/_validate_pyproject/__init__.py -> build/lib/setuptools/config/_validate_pyproject
copying setuptools/config/_validate_pyproject/fastjsonschema_validations.py -> build/lib/setuptools/config/_validate_pyproject
copying setuptools/config/_validate_pyproject/formats.py -> build/lib/setuptools/config/_validate_pyproject
copying setuptools/config/_validate_pyproject/error_reporting.py -> build/lib/setuptools/config/_validate_pyproject
creating build/lib/setuptools/_distutils/compat
copying setuptools/_distutils/compat/py39.py -> build/lib/setuptools/_distutils/compat
copying setuptools/_distutils/compat/__init__.py -> build/lib/setuptools/_distutils/compat
copying setuptools/_distutils/compat/numpy.py -> build/lib/setuptools/_distutils/compat
creating build/lib/setuptools/_distutils/command
copying setuptools/_distutils/command/bdist_rpm.py -> build/lib/setuptools/_distutils/command
copying setuptools/_distutils/command/bdist.py -> build/lib/setuptools/_distutils/command
copying setuptools/_distutils/command/clean.py -> build/lib/setuptools/_distutils/command
copying setuptools/_distutils/command/build_scripts.py -> build/lib/setuptools/_distutils/command
copying setuptools/_distutils/command/install_lib.py -> build/lib/setuptools/_distutils/command
copying setuptools/_distutils/command/build_py.py -> build/lib/setuptools/_distutils/command
copying setuptools/_distutils/command/install_scripts.py -> build/lib/setuptools/_distutils/command
copying setuptools/_distutils/command/install_headers.py -> build/lib/setuptools/_distutils/command
copying setuptools/_distutils/command/__init__.py -> build/lib/setuptools/_distutils/command
copying setuptools/_distutils/command/config.py -> build/lib/setuptools/_distutils/command
copying setuptools/_distutils/command/_framework_compat.py -> build/lib/setuptools/_distutils/command
copying setuptools/_distutils/command/build_ext.py -> build/lib/setuptools/_distutils/command
copying setuptools/_distutils/command/build.py -> build/lib/setuptools/_distutils/command
copying setuptools/_distutils/command/install_data.py -> build/lib/setuptools/_distutils/command
copying setuptools/_distutils/command/build_clib.py -> build/lib/setuptools/_distutils/command
copying setuptools/_distutils/command/bdist_dumb.py -> build/lib/setuptools/_distutils/command
copying setuptools/_distutils/command/check.py -> build/lib/setuptools/_distutils/command
copying setuptools/_distutils/command/install_egg_info.py -> build/lib/setuptools/_distutils/command
copying setuptools/_distutils/command/install.py -> build/lib/setuptools/_distutils/command
copying setuptools/_distutils/command/sdist.py -> build/lib/setuptools/_distutils/command
creating build/lib/setuptools/_distutils/compilers/C
copying setuptools/_distutils/compilers/C/cygwin.py -> build/lib/setuptools/_distutils/compilers/C
copying setuptools/_distutils/compilers/C/unix.py -> build/lib/setuptools/_distutils/compilers/C
copying setuptools/_distutils/compilers/C/msvc.py -> build/lib/setuptools/_distutils/compilers/C
copying setuptools/_distutils/compilers/C/base.py -> build/lib/setuptools/_distutils/compilers/C
copying setuptools/_distutils/compilers/C/errors.py -> build/lib/setuptools/_distutils/compilers/C
copying setuptools/_distutils/compilers/C/zos.py -> build/lib/setuptools/_distutils/compilers/C
creating build/lib/setuptools/_vendor/wheel
copying setuptools/_vendor/wheel/wheelfile.py -> build/lib/setuptools/_vendor/wheel
copying setuptools/_vendor/wheel/bdist_wheel.py -> build/lib/setuptools/_vendor/wheel
copying setuptools/_vendor/wheel/_metadata.py -> build/lib/setuptools/_vendor/wheel
copying setuptools/_vendor/wheel/__main__.py -> build/lib/setuptools/_vendor/wheel
copying setuptools/_vendor/wheel/metadata.py -> build/lib/setuptools/_vendor/wheel
copying setuptools/_vendor/wheel/__init__.py -> build/lib/setuptools/_vendor/wheel
copying setuptools/_vendor/wheel/_bdist_wheel.py -> build/lib/setuptools/_vendor/wheel
copying setuptools/_vendor/wheel/macosx_libfile.py -> build/lib/setuptools/_vendor/wheel
copying setuptools/_vendor/wheel/_setuptools_logging.py -> build/lib/setuptools/_vendor/wheel
creating build/lib/setuptools/_vendor/platformdirs
copying setuptools/_vendor/platformdirs/api.py -> build/lib/setuptools/_vendor/platformdirs
copying setuptools/_vendor/platformdirs/windows.py -> build/lib/setuptools/_vendor/platformdirs
copying setuptools/_vendor/platformdirs/unix.py -> build/lib/setuptools/_vendor/platformdirs
copying setuptools/_vendor/platformdirs/__main__.py -> build/lib/setuptools/_vendor/platformdirs
copying setuptools/_vendor/platformdirs/__init__.py -> build/lib/setuptools/_vendor/platformdirs
copying setuptools/_vendor/platformdirs/macos.py -> build/lib/setuptools/_vendor/platformdirs
copying setuptools/_vendor/platformdirs/android.py -> build/lib/setuptools/_vendor/platformdirs
copying setuptools/_vendor/platformdirs/version.py -> build/lib/setuptools/_vendor/platformdirs
creating build/lib/setuptools/_vendor/zipp
copying setuptools/_vendor/zipp/_functools.py -> build/lib/setuptools/_vendor/zipp
copying setuptools/_vendor/zipp/glob.py -> build/lib/setuptools/_vendor/zipp
copying setuptools/_vendor/zipp/__init__.py -> build/lib/setuptools/_vendor/zipp
creating build/lib/setuptools/_vendor/more_itertools
copying setuptools/_vendor/more_itertools/recipes.py -> build/lib/setuptools/_vendor/more_itertools
copying setuptools/_vendor/more_itertools/more.py -> build/lib/setuptools/_vendor/more_itertools
copying setuptools/_vendor/more_itertools/__init__.py -> build/lib/setuptools/_vendor/more_itertools
creating build/lib/setuptools/_vendor/autocommand
copying setuptools/_vendor/autocommand/automain.py -> build/lib/setuptools/_vendor/autocommand
copying setuptools/_vendor/autocommand/autoparse.py -> build/lib/setuptools/_vendor/autocommand
copying setuptools/_vendor/autocommand/__init__.py -> build/lib/setuptools/_vendor/autocommand
copying setuptools/_vendor/autocommand/errors.py -> build/lib/setuptools/_vendor/autocommand
copying setuptools/_vendor/autocommand/autocommand.py -> build/lib/setuptools/_vendor/autocommand
copying setuptools/_vendor/autocommand/autoasync.py -> build/lib/setuptools/_vendor/autocommand
creating build/lib/setuptools/_vendor/backports
copying setuptools/_vendor/backports/__init__.py -> build/lib/setuptools/_vendor/backports
creating build/lib/setuptools/_vendor/packaging
copying setuptools/_vendor/packaging/pylock.py -> build/lib/setuptools/_vendor/packaging
copying setuptools/_vendor/packaging/_manylinux.py -> build/lib/setuptools/_vendor/packaging
copying setuptools/_vendor/packaging/metadata.py -> build/lib/setuptools/_vendor/packaging
copying setuptools/_vendor/packaging/_musllinux.py -> build/lib/setuptools/_vendor/packaging
copying setuptools/_vendor/packaging/__init__.py -> build/lib/setuptools/_vendor/packaging
copying setuptools/_vendor/packaging/specifiers.py -> build/lib/setuptools/_vendor/packaging
copying setuptools/_vendor/packaging/_tokenizer.py -> build/lib/setuptools/_vendor/packaging
copying setuptools/_vendor/packaging/markers.py -> build/lib/setuptools/_vendor/packaging
copying setuptools/_vendor/packaging/tags.py -> build/lib/setuptools/_vendor/packaging
copying setuptools/_vendor/packaging/_elffile.py -> build/lib/setuptools/_vendor/packaging
copying setuptools/_vendor/packaging/utils.py -> build/lib/setuptools/_vendor/packaging
copying setuptools/_vendor/packaging/_structures.py -> build/lib/setuptools/_vendor/packaging
copying setuptools/_vendor/packaging/version.py -> build/lib/setuptools/_vendor/packaging
copying setuptools/_vendor/packaging/requirements.py -> build/lib/setuptools/_vendor/packaging
copying setuptools/_vendor/packaging/_parser.py -> build/lib/setuptools/_vendor/packaging
creating build/lib/setuptools/_vendor/tomli
copying setuptools/_vendor/tomli/_re.py -> build/lib/setuptools/_vendor/tomli
copying setuptools/_vendor/tomli/_types.py -> build/lib/setuptools/_vendor/tomli
copying setuptools/_vendor/tomli/__init__.py -> build/lib/setuptools/_vendor/tomli
copying setuptools/_vendor/tomli/_parser.py -> build/lib/setuptools/_vendor/tomli
creating build/lib/setuptools/_vendor/importlib_metadata
copying setuptools/_vendor/importlib_metadata/diagnose.py -> build/lib/setuptools/_vendor/importlib_metadata
copying setuptools/_vendor/importlib_metadata/_functools.py -> build/lib/setuptools/_vendor/importlib_metadata
copying setuptools/_vendor/importlib_metadata/_itertools.py -> build/lib/setuptools/_vendor/importlib_metadata
copying setuptools/_vendor/importlib_metadata/_typing.py -> build/lib/setuptools/_vendor/importlib_metadata
copying setuptools/_vendor/importlib_metadata/_text.py -> build/lib/setuptools/_vendor/importlib_metadata
copying setuptools/_vendor/importlib_metadata/__init__.py -> build/lib/setuptools/_vendor/importlib_metadata
copying setuptools/_vendor/importlib_metadata/_compat.py -> build/lib/setuptools/_vendor/importlib_metadata
copying setuptools/_vendor/importlib_metadata/_adapters.py -> build/lib/setuptools/_vendor/importlib_metadata
copying setuptools/_vendor/importlib_metadata/_meta.py -> build/lib/setuptools/_vendor/importlib_metadata
copying setuptools/_vendor/importlib_metadata/_collections.py -> build/lib/setuptools/_vendor/importlib_metadata
creating build/lib/setuptools/_vendor/wheel/_commands
copying setuptools/_vendor/wheel/_commands/convert.py -> build/lib/setuptools/_vendor/wheel/_commands
copying setuptools/_vendor/wheel/_commands/unpack.py -> build/lib/setuptools/_vendor/wheel/_commands
copying setuptools/_vendor/wheel/_commands/__init__.py -> build/lib/setuptools/_vendor/wheel/_commands
copying setuptools/_vendor/wheel/_commands/pack.py -> build/lib/setuptools/_vendor/wheel/_commands
copying setuptools/_vendor/wheel/_commands/tags.py -> build/lib/setuptools/_vendor/wheel/_commands
creating build/lib/setuptools/_vendor/zipp/compat
copying setuptools/_vendor/zipp/compat/py313.py -> build/lib/setuptools/_vendor/zipp/compat
copying setuptools/_vendor/zipp/compat/overlay.py -> build/lib/setuptools/_vendor/zipp/compat
copying setuptools/_vendor/zipp/compat/__init__.py -> build/lib/setuptools/_vendor/zipp/compat
copying setuptools/_vendor/zipp/compat/py310.py -> build/lib/setuptools/_vendor/zipp/compat
creating build/lib/setuptools/_vendor/jaraco/text
copying setuptools/_vendor/jaraco/text/show-newlines.py -> build/lib/setuptools/_vendor/jaraco/text
copying setuptools/_vendor/jaraco/text/layouts.py -> build/lib/setuptools/_vendor/jaraco/text
copying setuptools/_vendor/jaraco/text/to-dvorak.py -> build/lib/setuptools/_vendor/jaraco/text
copying setuptools/_vendor/jaraco/text/__init__.py -> build/lib/setuptools/_vendor/jaraco/text
copying setuptools/_vendor/jaraco/text/to-qwerty.py -> build/lib/setuptools/_vendor/jaraco/text
copying setuptools/_vendor/jaraco/text/strip-prefix.py -> build/lib/setuptools/_vendor/jaraco/text
creating build/lib/setuptools/_vendor/jaraco/functools
copying setuptools/_vendor/jaraco/functools/__init__.py -> build/lib/setuptools/_vendor/jaraco/functools
creating build/lib/setuptools/_vendor/jaraco/context
copying setuptools/_vendor/jaraco/context/__init__.py -> build/lib/setuptools/_vendor/jaraco/context
creating build/lib/setuptools/_vendor/backports/tarfile
copying setuptools/_vendor/backports/tarfile/__main__.py -> build/lib/setuptools/_vendor/backports/tarfile
copying setuptools/_vendor/backports/tarfile/__init__.py -> build/lib/setuptools/_vendor/backports/tarfile
creating build/lib/setuptools/_vendor/backports/tarfile/compat
copying setuptools/_vendor/backports/tarfile/compat/__init__.py -> build/lib/setuptools/_vendor/backports/tarfile/compat
copying setuptools/_vendor/backports/tarfile/compat/py38.py -> build/lib/setuptools/_vendor/backports/tarfile/compat
creating build/lib/setuptools/_vendor/packaging/licenses
copying setuptools/_vendor/packaging/licenses/__init__.py -> build/lib/setuptools/_vendor/packaging/licenses
copying setuptools/_vendor/packaging/licenses/_spdx.py -> build/lib/setuptools/_vendor/packaging/licenses
creating build/lib/setuptools/_vendor/importlib_metadata/compat
copying setuptools/_vendor/importlib_metadata/compat/py311.py -> build/lib/setuptools/_vendor/importlib_metadata/compat
copying setuptools/_vendor/importlib_metadata/compat/py39.py -> build/lib/setuptools/_vendor/importlib_metadata/compat
copying setuptools/_vendor/importlib_metadata/compat/__init__.py -> build/lib/setuptools/_vendor/importlib_metadata/compat
running egg_info
writing setuptools.egg-info/PKG-INFO
writing dependency_links to setuptools.egg-info/dependency_links.txt
writing entry points to setuptools.egg-info/entry_points.txt
writing requirements to setuptools.egg-info/requires.txt
writing top-level names to setuptools.egg-info/top_level.txt
reading manifest file 'setuptools.egg-info/SOURCES.txt'
reading manifest template 'MANIFEST.in'
warning: no files found matching '*.py' under directory 'tests'
warning: no files found matching '*.txt' under directory 'docs'
warning: no files found matching '*.conf' under directory 'docs'
warning: no files found matching '*.css' under directory 'docs'
warning: no files found matching '*.css_t' under directory 'docs'
warning: no files found matching 'Makefile' under directory 'docs'
warning: no files found matching 'indexsidebar.html' under directory 'docs'
warning: no files found matching 'COPYING*' anywhere in distribution
warning: no files found matching 'AUTHORS*' anywhere in distribution
warning: no files found matching 'msvc-build-launcher.cmd'
warning: no previously-included files matching '__pycache__' found anywhere in distribution
adding license file 'LICENSE'
writing manifest file 'setuptools.egg-info/SOURCES.txt'
/blfs/builds/setuptools-82.0.1/setuptools/command/build_py.py:215: _Warning: Package 'setuptools._distutils.compilers.C.tests' is absent from the `packages` configuration.
!!

        ********************************************************************************
        ############################
        # Package would be ignored #
        ############################
        Python recognizes 'setuptools._distutils.compilers.C.tests' as an importable package[^1],
        but it is absent from setuptools' `packages` configuration.

        This leads to an ambiguous overall configuration. If you want to distribute this
        package, please make sure that 'setuptools._distutils.compilers.C.tests' is explicitly added
        to the `packages` configuration field.

        Alternatively, you can also rely on setuptools' discovery methods
        (for example by using `find_namespace_packages(...)`/`find_namespace:`
        instead of `find_packages(...)`/`find:`).

        You can read more about "package discovery" on setuptools documentation page:

        - https://setuptools.pypa.io/en/latest/userguide/package_discovery.html

        If you don't want 'setuptools._distutils.compilers.C.tests' to be distributed and are
        already explicitly excluding 'setuptools._distutils.compilers.C.tests' via
        `find_namespace_packages(...)/find_namespace` or `find_packages(...)/find`,
        you can try to use `exclude_package_data`, or `include-package-data=False` in
        combination with a more fine grained `package-data` configuration.

        You can read more about "package data files" on setuptools documentation page:

        - https://setuptools.pypa.io/en/latest/userguide/datafiles.html


        [^1]: For Python, any directory (with suitable naming) can be imported,
              even if it does not contain any `.py` files.
              On the other hand, currently there is no concept of package data
              directory, all directories are treated like packages.
        ********************************************************************************

!!
  check.warn(importable)
/blfs/builds/setuptools-82.0.1/setuptools/command/build_py.py:215: _Warning: Package 'setuptools._distutils.tests' is absent from the `packages` configuration.
!!

        ********************************************************************************
        ############################
        # Package would be ignored #
        ############################
        Python recognizes 'setuptools._distutils.tests' as an importable package[^1],
        but it is absent from setuptools' `packages` configuration.

        This leads to an ambiguous overall configuration. If you want to distribute this
        package, please make sure that 'setuptools._distutils.tests' is explicitly added
        to the `packages` configuration field.

        Alternatively, you can also rely on setuptools' discovery methods
        (for example by using `find_namespace_packages(...)`/`find_namespace:`
        instead of `find_packages(...)`/`find:`).

        You can read more about "package discovery" on setuptools documentation page:

        - https://setuptools.pypa.io/en/latest/userguide/package_discovery.html

        If you don't want 'setuptools._distutils.tests' to be distributed and are
        already explicitly excluding 'setuptools._distutils.tests' via
        `find_namespace_packages(...)/find_namespace` or `find_packages(...)/find`,
        you can try to use `exclude_package_data`, or `include-package-data=False` in
        combination with a more fine grained `package-data` configuration.

        You can read more about "package data files" on setuptools documentation page:

        - https://setuptools.pypa.io/en/latest/userguide/datafiles.html


        [^1]: For Python, any directory (with suitable naming) can be imported,
              even if it does not contain any `.py` files.
              On the other hand, currently there is no concept of package data
              directory, all directories are treated like packages.
        ********************************************************************************

!!
  check.warn(importable)
/blfs/builds/setuptools-82.0.1/setuptools/command/build_py.py:215: _Warning: Package 'setuptools._distutils.tests.compat' is absent from the `packages` configuration.
!!

        ********************************************************************************
        ############################
        # Package would be ignored #
        ############################
        Python recognizes 'setuptools._distutils.tests.compat' as an importable package[^1],
        but it is absent from setuptools' `packages` configuration.

        This leads to an ambiguous overall configuration. If you want to distribute this
        package, please make sure that 'setuptools._distutils.tests.compat' is explicitly added
        to the `packages` configuration field.

        Alternatively, you can also rely on setuptools' discovery methods
        (for example by using `find_namespace_packages(...)`/`find_namespace:`
        instead of `find_packages(...)`/`find:`).

        You can read more about "package discovery" on setuptools documentation page:

        - https://setuptools.pypa.io/en/latest/userguide/package_discovery.html

        If you don't want 'setuptools._distutils.tests.compat' to be distributed and are
        already explicitly excluding 'setuptools._distutils.tests.compat' via
        `find_namespace_packages(...)/find_namespace` or `find_packages(...)/find`,
        you can try to use `exclude_package_data`, or `include-package-data=False` in
        combination with a more fine grained `package-data` configuration.

        You can read more about "package data files" on setuptools documentation page:

        - https://setuptools.pypa.io/en/latest/userguide/datafiles.html


        [^1]: For Python, any directory (with suitable naming) can be imported,
              even if it does not contain any `.py` files.
              On the other hand, currently there is no concept of package data
              directory, all directories are treated like packages.
        ********************************************************************************

!!
  check.warn(importable)
/blfs/builds/setuptools-82.0.1/setuptools/command/build_py.py:215: _Warning: Package 'setuptools.tests' is absent from the `packages` configuration.
!!

        ********************************************************************************
        ############################
        # Package would be ignored #
        ############################
        Python recognizes 'setuptools.tests' as an importable package[^1],
        but it is absent from setuptools' `packages` configuration.

        This leads to an ambiguous overall configuration. If you want to distribute this
        package, please make sure that 'setuptools.tests' is explicitly added
        to the `packages` configuration field.

        Alternatively, you can also rely on setuptools' discovery methods
        (for example by using `find_namespace_packages(...)`/`find_namespace:`
        instead of `find_packages(...)`/`find:`).

        You can read more about "package discovery" on setuptools documentation page:

        - https://setuptools.pypa.io/en/latest/userguide/package_discovery.html

        If you don't want 'setuptools.tests' to be distributed and are
        already explicitly excluding 'setuptools.tests' via
        `find_namespace_packages(...)/find_namespace` or `find_packages(...)/find`,
        you can try to use `exclude_package_data`, or `include-package-data=False` in
        combination with a more fine grained `package-data` configuration.

        You can read more about "package data files" on setuptools documentation page:

        - https://setuptools.pypa.io/en/latest/userguide/datafiles.html


        [^1]: For Python, any directory (with suitable naming) can be imported,
              even if it does not contain any `.py` files.
              On the other hand, currently there is no concept of package data
              directory, all directories are treated like packages.
        ********************************************************************************

!!
  check.warn(importable)
/blfs/builds/setuptools-82.0.1/setuptools/command/build_py.py:215: _Warning: Package 'setuptools.tests.compat' is absent from the `packages` configuration.
!!

        ********************************************************************************
        ############################
        # Package would be ignored #
        ############################
        Python recognizes 'setuptools.tests.compat' as an importable package[^1],
        but it is absent from setuptools' `packages` configuration.

        This leads to an ambiguous overall configuration. If you want to distribute this
        package, please make sure that 'setuptools.tests.compat' is explicitly added
        to the `packages` configuration field.

        Alternatively, you can also rely on setuptools' discovery methods
        (for example by using `find_namespace_packages(...)`/`find_namespace:`
        instead of `find_packages(...)`/`find:`).

        You can read more about "package discovery" on setuptools documentation page:

        - https://setuptools.pypa.io/en/latest/userguide/package_discovery.html

        If you don't want 'setuptools.tests.compat' to be distributed and are
        already explicitly excluding 'setuptools.tests.compat' via
        `find_namespace_packages(...)/find_namespace` or `find_packages(...)/find`,
        you can try to use `exclude_package_data`, or `include-package-data=False` in
        combination with a more fine grained `package-data` configuration.

        You can read more about "package data files" on setuptools documentation page:

        - https://setuptools.pypa.io/en/latest/userguide/datafiles.html


        [^1]: For Python, any directory (with suitable naming) can be imported,
              even if it does not contain any `.py` files.
              On the other hand, currently there is no concept of package data
              directory, all directories are treated like packages.
        ********************************************************************************

!!
  check.warn(importable)
/blfs/builds/setuptools-82.0.1/setuptools/command/build_py.py:215: _Warning: Package 'setuptools.tests.config' is absent from the `packages` configuration.
!!

        ********************************************************************************
        ############################
        # Package would be ignored #
        ############################
        Python recognizes 'setuptools.tests.config' as an importable package[^1],
        but it is absent from setuptools' `packages` configuration.

        This leads to an ambiguous overall configuration. If you want to distribute this
        package, please make sure that 'setuptools.tests.config' is explicitly added
        to the `packages` configuration field.

        Alternatively, you can also rely on setuptools' discovery methods
        (for example by using `find_namespace_packages(...)`/`find_namespace:`
        instead of `find_packages(...)`/`find:`).

        You can read more about "package discovery" on setuptools documentation page:

        - https://setuptools.pypa.io/en/latest/userguide/package_discovery.html

        If you don't want 'setuptools.tests.config' to be distributed and are
        already explicitly excluding 'setuptools.tests.config' via
        `find_namespace_packages(...)/find_namespace` or `find_packages(...)/find`,
        you can try to use `exclude_package_data`, or `include-package-data=False` in
        combination with a more fine grained `package-data` configuration.

        You can read more about "package data files" on setuptools documentation page:

        - https://setuptools.pypa.io/en/latest/userguide/datafiles.html


        [^1]: For Python, any directory (with suitable naming) can be imported,
              even if it does not contain any `.py` files.
              On the other hand, currently there is no concept of package data
              directory, all directories are treated like packages.
        ********************************************************************************

!!
  check.warn(importable)
/blfs/builds/setuptools-82.0.1/setuptools/command/build_py.py:215: _Warning: Package 'setuptools.tests.config.downloads' is absent from the `packages` configuration.
!!

        ********************************************************************************
        ############################
        # Package would be ignored #
        ############################
        Python recognizes 'setuptools.tests.config.downloads' as an importable package[^1],
        but it is absent from setuptools' `packages` configuration.

        This leads to an ambiguous overall configuration. If you want to distribute this
        package, please make sure that 'setuptools.tests.config.downloads' is explicitly added
        to the `packages` configuration field.

        Alternatively, you can also rely on setuptools' discovery methods
        (for example by using `find_namespace_packages(...)`/`find_namespace:`
        instead of `find_packages(...)`/`find:`).

        You can read more about "package discovery" on setuptools documentation page:

        - https://setuptools.pypa.io/en/latest/userguide/package_discovery.html

        If you don't want 'setuptools.tests.config.downloads' to be distributed and are
        already explicitly excluding 'setuptools.tests.config.downloads' via
        `find_namespace_packages(...)/find_namespace` or `find_packages(...)/find`,
        you can try to use `exclude_package_data`, or `include-package-data=False` in
        combination with a more fine grained `package-data` configuration.

        You can read more about "package data files" on setuptools documentation page:

        - https://setuptools.pypa.io/en/latest/userguide/datafiles.html


        [^1]: For Python, any directory (with suitable naming) can be imported,
              even if it does not contain any `.py` files.
              On the other hand, currently there is no concept of package data
              directory, all directories are treated like packages.
        ********************************************************************************

!!
  check.warn(importable)
/blfs/builds/setuptools-82.0.1/setuptools/command/build_py.py:215: _Warning: Package 'setuptools.tests.indexes.test_links_priority' is absent from the `packages` configuration.
!!

        ********************************************************************************
        ############################
        # Package would be ignored #
        ############################
        Python recognizes 'setuptools.tests.indexes.test_links_priority' as an importable package[^1],
        but it is absent from setuptools' `packages` configuration.

        This leads to an ambiguous overall configuration. If you want to distribute this
        package, please make sure that 'setuptools.tests.indexes.test_links_priority' is explicitly added
        to the `packages` configuration field.

        Alternatively, you can also rely on setuptools' discovery methods
        (for example by using `find_namespace_packages(...)`/`find_namespace:`
        instead of `find_packages(...)`/`find:`).

        You can read more about "package discovery" on setuptools documentation page:

        - https://setuptools.pypa.io/en/latest/userguide/package_discovery.html

        If you don't want 'setuptools.tests.indexes.test_links_priority' to be distributed and are
        already explicitly excluding 'setuptools.tests.indexes.test_links_priority' via
        `find_namespace_packages(...)/find_namespace` or `find_packages(...)/find`,
        you can try to use `exclude_package_data`, or `include-package-data=False` in
        combination with a more fine grained `package-data` configuration.

        You can read more about "package data files" on setuptools documentation page:

        - https://setuptools.pypa.io/en/latest/userguide/datafiles.html


        [^1]: For Python, any directory (with suitable naming) can be imported,
              even if it does not contain any `.py` files.
              On the other hand, currently there is no concept of package data
              directory, all directories are treated like packages.
        ********************************************************************************

!!
  check.warn(importable)
/blfs/builds/setuptools-82.0.1/setuptools/command/build_py.py:215: _Warning: Package 'setuptools.tests.indexes.test_links_priority.simple.foobar' is absent from the `packages` configuration.
!!

        ********************************************************************************
        ############################
        # Package would be ignored #
        ############################
        Python recognizes 'setuptools.tests.indexes.test_links_priority.simple.foobar' as an importable package[^1],
        but it is absent from setuptools' `packages` configuration.

        This leads to an ambiguous overall configuration. If you want to distribute this
        package, please make sure that 'setuptools.tests.indexes.test_links_priority.simple.foobar' is explicitly added
        to the `packages` configuration field.

        Alternatively, you can also rely on setuptools' discovery methods
        (for example by using `find_namespace_packages(...)`/`find_namespace:`
        instead of `find_packages(...)`/`find:`).

        You can read more about "package discovery" on setuptools documentation page:

        - https://setuptools.pypa.io/en/latest/userguide/package_discovery.html

        If you don't want 'setuptools.tests.indexes.test_links_priority.simple.foobar' to be distributed and are
        already explicitly excluding 'setuptools.tests.indexes.test_links_priority.simple.foobar' via
        `find_namespace_packages(...)/find_namespace` or `find_packages(...)/find`,
        you can try to use `exclude_package_data`, or `include-package-data=False` in
        combination with a more fine grained `package-data` configuration.

        You can read more about "package data files" on setuptools documentation page:

        - https://setuptools.pypa.io/en/latest/userguide/datafiles.html


        [^1]: For Python, any directory (with suitable naming) can be imported,
              even if it does not contain any `.py` files.
              On the other hand, currently there is no concept of package data
              directory, all directories are treated like packages.
        ********************************************************************************

!!
  check.warn(importable)
/blfs/builds/setuptools-82.0.1/setuptools/command/build_py.py:215: _Warning: Package 'setuptools.tests.integration' is absent from the `packages` configuration.
!!

        ********************************************************************************
        ############################
        # Package would be ignored #
        ############################
        Python recognizes 'setuptools.tests.integration' as an importable package[^1],
        but it is absent from setuptools' `packages` configuration.

        This leads to an ambiguous overall configuration. If you want to distribute this
        package, please make sure that 'setuptools.tests.integration' is explicitly added
        to the `packages` configuration field.

        Alternatively, you can also rely on setuptools' discovery methods
        (for example by using `find_namespace_packages(...)`/`find_namespace:`
        instead of `find_packages(...)`/`find:`).

        You can read more about "package discovery" on setuptools documentation page:

        - https://setuptools.pypa.io/en/latest/userguide/package_discovery.html

        If you don't want 'setuptools.tests.integration' to be distributed and are
        already explicitly excluding 'setuptools.tests.integration' via
        `find_namespace_packages(...)/find_namespace` or `find_packages(...)/find`,
        you can try to use `exclude_package_data`, or `include-package-data=False` in
        combination with a more fine grained `package-data` configuration.

        You can read more about "package data files" on setuptools documentation page:

        - https://setuptools.pypa.io/en/latest/userguide/datafiles.html


        [^1]: For Python, any directory (with suitable naming) can be imported,
              even if it does not contain any `.py` files.
              On the other hand, currently there is no concept of package data
              directory, all directories are treated like packages.
        ********************************************************************************

!!
  check.warn(importable)
copying setuptools/cli-32.exe -> build/lib/setuptools
copying setuptools/cli-64.exe -> build/lib/setuptools
copying setuptools/cli-arm64.exe -> build/lib/setuptools
copying setuptools/cli.exe -> build/lib/setuptools
copying setuptools/gui-32.exe -> build/lib/setuptools
copying setuptools/gui-64.exe -> build/lib/setuptools
copying setuptools/gui-arm64.exe -> build/lib/setuptools
copying setuptools/gui.exe -> build/lib/setuptools
copying setuptools/launcher manifest.xml -> build/lib/setuptools
copying setuptools/script (dev).tmpl -> build/lib/setuptools
copying setuptools/script.tmpl -> build/lib/setuptools
creating build/lib/setuptools/tests
copying setuptools/tests/__init__.py -> build/lib/setuptools/tests
copying setuptools/tests/contexts.py -> build/lib/setuptools/tests
copying setuptools/tests/environment.py -> build/lib/setuptools/tests
copying setuptools/tests/fixtures.py -> build/lib/setuptools/tests
copying setuptools/tests/mod_with_constant.py -> build/lib/setuptools/tests
copying setuptools/tests/namespaces.py -> build/lib/setuptools/tests
copying setuptools/tests/script-with-bom.py -> build/lib/setuptools/tests
copying setuptools/tests/test_archive_util.py -> build/lib/setuptools/tests
copying setuptools/tests/test_bdist_deprecations.py -> build/lib/setuptools/tests
copying setuptools/tests/test_bdist_egg.py -> build/lib/setuptools/tests
copying setuptools/tests/test_bdist_wheel.py -> build/lib/setuptools/tests
copying setuptools/tests/test_build.py -> build/lib/setuptools/tests
copying setuptools/tests/test_build_clib.py -> build/lib/setuptools/tests
copying setuptools/tests/test_build_ext.py -> build/lib/setuptools/tests
copying setuptools/tests/test_build_meta.py -> build/lib/setuptools/tests
copying setuptools/tests/test_build_py.py -> build/lib/setuptools/tests
copying setuptools/tests/test_config_discovery.py -> build/lib/setuptools/tests
copying setuptools/tests/test_core_metadata.py -> build/lib/setuptools/tests
copying setuptools/tests/test_depends.py -> build/lib/setuptools/tests
copying setuptools/tests/test_develop.py -> build/lib/setuptools/tests
copying setuptools/tests/test_dist.py -> build/lib/setuptools/tests
copying setuptools/tests/test_dist_info.py -> build/lib/setuptools/tests
copying setuptools/tests/test_distutils_adoption.py -> build/lib/setuptools/tests
copying setuptools/tests/test_editable_install.py -> build/lib/setuptools/tests
copying setuptools/tests/test_egg_info.py -> build/lib/setuptools/tests
copying setuptools/tests/test_extern.py -> build/lib/setuptools/tests
copying setuptools/tests/test_find_packages.py -> build/lib/setuptools/tests
copying setuptools/tests/test_find_py_modules.py -> build/lib/setuptools/tests
copying setuptools/tests/test_glob.py -> build/lib/setuptools/tests
copying setuptools/tests/test_install_scripts.py -> build/lib/setuptools/tests
copying setuptools/tests/test_logging.py -> build/lib/setuptools/tests
copying setuptools/tests/test_manifest.py -> build/lib/setuptools/tests
copying setuptools/tests/test_namespaces.py -> build/lib/setuptools/tests
copying setuptools/tests/test_scripts.py -> build/lib/setuptools/tests
copying setuptools/tests/test_sdist.py -> build/lib/setuptools/tests
copying setuptools/tests/test_setopt.py -> build/lib/setuptools/tests
copying setuptools/tests/test_setuptools.py -> build/lib/setuptools/tests
copying setuptools/tests/test_shutil_wrapper.py -> build/lib/setuptools/tests
copying setuptools/tests/test_unicode_utils.py -> build/lib/setuptools/tests
copying setuptools/tests/test_virtualenv.py -> build/lib/setuptools/tests
copying setuptools/tests/test_warnings.py -> build/lib/setuptools/tests
copying setuptools/tests/test_wheel.py -> build/lib/setuptools/tests
copying setuptools/tests/test_windows_wrappers.py -> build/lib/setuptools/tests
copying setuptools/tests/text.py -> build/lib/setuptools/tests
copying setuptools/tests/textwrap.py -> build/lib/setuptools/tests
creating build/lib/setuptools/tests/compat
copying setuptools/tests/compat/__init__.py -> build/lib/setuptools/tests/compat
copying setuptools/tests/compat/py39.py -> build/lib/setuptools/tests/compat
creating build/lib/setuptools/tests/config
copying setuptools/tests/config/__init__.py -> build/lib/setuptools/tests/config
copying setuptools/tests/config/setupcfg_examples.txt -> build/lib/setuptools/tests/config
copying setuptools/tests/config/test_apply_pyprojecttoml.py -> build/lib/setuptools/tests/config
copying setuptools/tests/config/test_expand.py -> build/lib/setuptools/tests/config
copying setuptools/tests/config/test_pyprojecttoml.py -> build/lib/setuptools/tests/config
copying setuptools/tests/config/test_pyprojecttoml_dynamic_deps.py -> build/lib/setuptools/tests/config
copying setuptools/tests/config/test_setupcfg.py -> build/lib/setuptools/tests/config
creating build/lib/setuptools/tests/config/downloads
copying setuptools/tests/config/downloads/__init__.py -> build/lib/setuptools/tests/config/downloads
copying setuptools/tests/config/downloads/preload.py -> build/lib/setuptools/tests/config/downloads
creating build/lib/setuptools/tests/indexes/test_links_priority
copying setuptools/tests/indexes/test_links_priority/external.html -> build/lib/setuptools/tests/indexes/test_links_priority
creating build/lib/setuptools/tests/indexes/test_links_priority/simple/foobar
copying setuptools/tests/indexes/test_links_priority/simple/foobar/index.html -> build/lib/setuptools/tests/indexes/test_links_priority/simple/foobar
creating build/lib/setuptools/tests/integration
copying setuptools/tests/integration/__init__.py -> build/lib/setuptools/tests/integration
copying setuptools/tests/integration/helpers.py -> build/lib/setuptools/tests/integration
copying setuptools/tests/integration/test_pbr.py -> build/lib/setuptools/tests/integration
copying setuptools/tests/integration/test_pip_install_sdist.py -> build/lib/setuptools/tests/integration
copying setuptools/config/NOTICE -> build/lib/setuptools/config
copying setuptools/config/distutils.schema.json -> build/lib/setuptools/config
copying setuptools/config/setuptools.schema.json -> build/lib/setuptools/config
creating build/lib/setuptools/_distutils/tests
copying setuptools/_distutils/tests/__init__.py -> build/lib/setuptools/_distutils/tests
copying setuptools/_distutils/tests/support.py -> build/lib/setuptools/_distutils/tests
copying setuptools/_distutils/tests/test_archive_util.py -> build/lib/setuptools/_distutils/tests
copying setuptools/_distutils/tests/test_bdist.py -> build/lib/setuptools/_distutils/tests
copying setuptools/_distutils/tests/test_bdist_dumb.py -> build/lib/setuptools/_distutils/tests
copying setuptools/_distutils/tests/test_bdist_rpm.py -> build/lib/setuptools/_distutils/tests
copying setuptools/_distutils/tests/test_build.py -> build/lib/setuptools/_distutils/tests
copying setuptools/_distutils/tests/test_build_clib.py -> build/lib/setuptools/_distutils/tests
copying setuptools/_distutils/tests/test_build_ext.py -> build/lib/setuptools/_distutils/tests
copying setuptools/_distutils/tests/test_build_py.py -> build/lib/setuptools/_distutils/tests
copying setuptools/_distutils/tests/test_build_scripts.py -> build/lib/setuptools/_distutils/tests
copying setuptools/_distutils/tests/test_check.py -> build/lib/setuptools/_distutils/tests
copying setuptools/_distutils/tests/test_clean.py -> build/lib/setuptools/_distutils/tests
copying setuptools/_distutils/tests/test_cmd.py -> build/lib/setuptools/_distutils/tests
copying setuptools/_distutils/tests/test_config_cmd.py -> build/lib/setuptools/_distutils/tests
copying setuptools/_distutils/tests/test_core.py -> build/lib/setuptools/_distutils/tests
copying setuptools/_distutils/tests/test_dir_util.py -> build/lib/setuptools/_distutils/tests
copying setuptools/_distutils/tests/test_dist.py -> build/lib/setuptools/_distutils/tests
copying setuptools/_distutils/tests/test_extension.py -> build/lib/setuptools/_distutils/tests
copying setuptools/_distutils/tests/test_file_util.py -> build/lib/setuptools/_distutils/tests
copying setuptools/_distutils/tests/test_filelist.py -> build/lib/setuptools/_distutils/tests
copying setuptools/_distutils/tests/test_install.py -> build/lib/setuptools/_distutils/tests
copying setuptools/_distutils/tests/test_install_data.py -> build/lib/setuptools/_distutils/tests
copying setuptools/_distutils/tests/test_install_headers.py -> build/lib/setuptools/_distutils/tests
copying setuptools/_distutils/tests/test_install_lib.py -> build/lib/setuptools/_distutils/tests
copying setuptools/_distutils/tests/test_install_scripts.py -> build/lib/setuptools/_distutils/tests
copying setuptools/_distutils/tests/test_log.py -> build/lib/setuptools/_distutils/tests
copying setuptools/_distutils/tests/test_modified.py -> build/lib/setuptools/_distutils/tests
copying setuptools/_distutils/tests/test_sdist.py -> build/lib/setuptools/_distutils/tests
copying setuptools/_distutils/tests/test_spawn.py -> build/lib/setuptools/_distutils/tests
copying setuptools/_distutils/tests/test_sysconfig.py -> build/lib/setuptools/_distutils/tests
copying setuptools/_distutils/tests/test_text_file.py -> build/lib/setuptools/_distutils/tests
copying setuptools/_distutils/tests/test_util.py -> build/lib/setuptools/_distutils/tests
copying setuptools/_distutils/tests/test_version.py -> build/lib/setuptools/_distutils/tests
copying setuptools/_distutils/tests/test_versionpredicate.py -> build/lib/setuptools/_distutils/tests
copying setuptools/_distutils/tests/unix_compat.py -> build/lib/setuptools/_distutils/tests
creating build/lib/setuptools/_distutils/tests/compat
copying setuptools/_distutils/tests/compat/__init__.py -> build/lib/setuptools/_distutils/tests/compat
copying setuptools/_distutils/tests/compat/py39.py -> build/lib/setuptools/_distutils/tests/compat
copying setuptools/_vendor/.lock -> build/lib/setuptools/_vendor
creating build/lib/setuptools/_vendor/autocommand-2.2.2.dist-info
copying setuptools/_vendor/autocommand-2.2.2.dist-info/INSTALLER -> build/lib/setuptools/_vendor/autocommand-2.2.2.dist-info
copying setuptools/_vendor/autocommand-2.2.2.dist-info/LICENSE -> build/lib/setuptools/_vendor/autocommand-2.2.2.dist-info
copying setuptools/_vendor/autocommand-2.2.2.dist-info/METADATA -> build/lib/setuptools/_vendor/autocommand-2.2.2.dist-info
copying setuptools/_vendor/autocommand-2.2.2.dist-info/RECORD -> build/lib/setuptools/_vendor/autocommand-2.2.2.dist-info
copying setuptools/_vendor/autocommand-2.2.2.dist-info/REQUESTED -> build/lib/setuptools/_vendor/autocommand-2.2.2.dist-info
copying setuptools/_vendor/autocommand-2.2.2.dist-info/WHEEL -> build/lib/setuptools/_vendor/autocommand-2.2.2.dist-info
copying setuptools/_vendor/autocommand-2.2.2.dist-info/top_level.txt -> build/lib/setuptools/_vendor/autocommand-2.2.2.dist-info
creating build/lib/setuptools/_vendor/backports.tarfile-1.2.0.dist-info
copying setuptools/_vendor/backports.tarfile-1.2.0.dist-info/INSTALLER -> build/lib/setuptools/_vendor/backports.tarfile-1.2.0.dist-info
copying setuptools/_vendor/backports.tarfile-1.2.0.dist-info/LICENSE -> build/lib/setuptools/_vendor/backports.tarfile-1.2.0.dist-info
copying setuptools/_vendor/backports.tarfile-1.2.0.dist-info/METADATA -> build/lib/setuptools/_vendor/backports.tarfile-1.2.0.dist-info
copying setuptools/_vendor/backports.tarfile-1.2.0.dist-info/RECORD -> build/lib/setuptools/_vendor/backports.tarfile-1.2.0.dist-info
copying setuptools/_vendor/backports.tarfile-1.2.0.dist-info/REQUESTED -> build/lib/setuptools/_vendor/backports.tarfile-1.2.0.dist-info
copying setuptools/_vendor/backports.tarfile-1.2.0.dist-info/WHEEL -> build/lib/setuptools/_vendor/backports.tarfile-1.2.0.dist-info
copying setuptools/_vendor/backports.tarfile-1.2.0.dist-info/top_level.txt -> build/lib/setuptools/_vendor/backports.tarfile-1.2.0.dist-info
creating build/lib/setuptools/_vendor/importlib_metadata-8.7.1.dist-info
copying setuptools/_vendor/importlib_metadata-8.7.1.dist-info/INSTALLER -> build/lib/setuptools/_vendor/importlib_metadata-8.7.1.dist-info
copying setuptools/_vendor/importlib_metadata-8.7.1.dist-info/METADATA -> build/lib/setuptools/_vendor/importlib_metadata-8.7.1.dist-info
copying setuptools/_vendor/importlib_metadata-8.7.1.dist-info/RECORD -> build/lib/setuptools/_vendor/importlib_metadata-8.7.1.dist-info
copying setuptools/_vendor/importlib_metadata-8.7.1.dist-info/REQUESTED -> build/lib/setuptools/_vendor/importlib_metadata-8.7.1.dist-info
copying setuptools/_vendor/importlib_metadata-8.7.1.dist-info/WHEEL -> build/lib/setuptools/_vendor/importlib_metadata-8.7.1.dist-info
copying setuptools/_vendor/importlib_metadata-8.7.1.dist-info/top_level.txt -> build/lib/setuptools/_vendor/importlib_metadata-8.7.1.dist-info
creating build/lib/setuptools/_vendor/importlib_metadata-8.7.1.dist-info/licenses
copying setuptools/_vendor/importlib_metadata-8.7.1.dist-info/licenses/LICENSE -> build/lib/setuptools/_vendor/importlib_metadata-8.7.1.dist-info/licenses
creating build/lib/setuptools/_vendor/jaraco.text-4.0.0.dist-info
copying setuptools/_vendor/jaraco.text-4.0.0.dist-info/INSTALLER -> build/lib/setuptools/_vendor/jaraco.text-4.0.0.dist-info
copying setuptools/_vendor/jaraco.text-4.0.0.dist-info/LICENSE -> build/lib/setuptools/_vendor/jaraco.text-4.0.0.dist-info
copying setuptools/_vendor/jaraco.text-4.0.0.dist-info/METADATA -> build/lib/setuptools/_vendor/jaraco.text-4.0.0.dist-info
copying setuptools/_vendor/jaraco.text-4.0.0.dist-info/RECORD -> build/lib/setuptools/_vendor/jaraco.text-4.0.0.dist-info
copying setuptools/_vendor/jaraco.text-4.0.0.dist-info/REQUESTED -> build/lib/setuptools/_vendor/jaraco.text-4.0.0.dist-info
copying setuptools/_vendor/jaraco.text-4.0.0.dist-info/WHEEL -> build/lib/setuptools/_vendor/jaraco.text-4.0.0.dist-info
copying setuptools/_vendor/jaraco.text-4.0.0.dist-info/top_level.txt -> build/lib/setuptools/_vendor/jaraco.text-4.0.0.dist-info
creating build/lib/setuptools/_vendor/jaraco_context-6.1.0.dist-info
copying setuptools/_vendor/jaraco_context-6.1.0.dist-info/INSTALLER -> build/lib/setuptools/_vendor/jaraco_context-6.1.0.dist-info
copying setuptools/_vendor/jaraco_context-6.1.0.dist-info/METADATA -> build/lib/setuptools/_vendor/jaraco_context-6.1.0.dist-info
copying setuptools/_vendor/jaraco_context-6.1.0.dist-info/RECORD -> build/lib/setuptools/_vendor/jaraco_context-6.1.0.dist-info
copying setuptools/_vendor/jaraco_context-6.1.0.dist-info/REQUESTED -> build/lib/setuptools/_vendor/jaraco_context-6.1.0.dist-info
copying setuptools/_vendor/jaraco_context-6.1.0.dist-info/WHEEL -> build/lib/setuptools/_vendor/jaraco_context-6.1.0.dist-info
copying setuptools/_vendor/jaraco_context-6.1.0.dist-info/top_level.txt -> build/lib/setuptools/_vendor/jaraco_context-6.1.0.dist-info
creating build/lib/setuptools/_vendor/jaraco_context-6.1.0.dist-info/licenses
copying setuptools/_vendor/jaraco_context-6.1.0.dist-info/licenses/LICENSE -> build/lib/setuptools/_vendor/jaraco_context-6.1.0.dist-info/licenses
creating build/lib/setuptools/_vendor/jaraco_functools-4.4.0.dist-info
copying setuptools/_vendor/jaraco_functools-4.4.0.dist-info/INSTALLER -> build/lib/setuptools/_vendor/jaraco_functools-4.4.0.dist-info
copying setuptools/_vendor/jaraco_functools-4.4.0.dist-info/METADATA -> build/lib/setuptools/_vendor/jaraco_functools-4.4.0.dist-info
copying setuptools/_vendor/jaraco_functools-4.4.0.dist-info/RECORD -> build/lib/setuptools/_vendor/jaraco_functools-4.4.0.dist-info
copying setuptools/_vendor/jaraco_functools-4.4.0.dist-info/REQUESTED -> build/lib/setuptools/_vendor/jaraco_functools-4.4.0.dist-info
copying setuptools/_vendor/jaraco_functools-4.4.0.dist-info/WHEEL -> build/lib/setuptools/_vendor/jaraco_functools-4.4.0.dist-info
copying setuptools/_vendor/jaraco_functools-4.4.0.dist-info/top_level.txt -> build/lib/setuptools/_vendor/jaraco_functools-4.4.0.dist-info
creating build/lib/setuptools/_vendor/jaraco_functools-4.4.0.dist-info/licenses
copying setuptools/_vendor/jaraco_functools-4.4.0.dist-info/licenses/LICENSE -> build/lib/setuptools/_vendor/jaraco_functools-4.4.0.dist-info/licenses
creating build/lib/setuptools/_vendor/more_itertools-10.8.0.dist-info
copying setuptools/_vendor/more_itertools-10.8.0.dist-info/INSTALLER -> build/lib/setuptools/_vendor/more_itertools-10.8.0.dist-info
copying setuptools/_vendor/more_itertools-10.8.0.dist-info/METADATA -> build/lib/setuptools/_vendor/more_itertools-10.8.0.dist-info
copying setuptools/_vendor/more_itertools-10.8.0.dist-info/RECORD -> build/lib/setuptools/_vendor/more_itertools-10.8.0.dist-info
copying setuptools/_vendor/more_itertools-10.8.0.dist-info/REQUESTED -> build/lib/setuptools/_vendor/more_itertools-10.8.0.dist-info
copying setuptools/_vendor/more_itertools-10.8.0.dist-info/WHEEL -> build/lib/setuptools/_vendor/more_itertools-10.8.0.dist-info
creating build/lib/setuptools/_vendor/more_itertools-10.8.0.dist-info/licenses
copying setuptools/_vendor/more_itertools-10.8.0.dist-info/licenses/LICENSE -> build/lib/setuptools/_vendor/more_itertools-10.8.0.dist-info/licenses
creating build/lib/setuptools/_vendor/packaging-26.0.dist-info
copying setuptools/_vendor/packaging-26.0.dist-info/INSTALLER -> build/lib/setuptools/_vendor/packaging-26.0.dist-info
copying setuptools/_vendor/packaging-26.0.dist-info/METADATA -> build/lib/setuptools/_vendor/packaging-26.0.dist-info
copying setuptools/_vendor/packaging-26.0.dist-info/RECORD -> build/lib/setuptools/_vendor/packaging-26.0.dist-info
copying setuptools/_vendor/packaging-26.0.dist-info/REQUESTED -> build/lib/setuptools/_vendor/packaging-26.0.dist-info
copying setuptools/_vendor/packaging-26.0.dist-info/WHEEL -> build/lib/setuptools/_vendor/packaging-26.0.dist-info
creating build/lib/setuptools/_vendor/packaging-26.0.dist-info/licenses
copying setuptools/_vendor/packaging-26.0.dist-info/licenses/LICENSE -> build/lib/setuptools/_vendor/packaging-26.0.dist-info/licenses
copying setuptools/_vendor/packaging-26.0.dist-info/licenses/LICENSE.APACHE -> build/lib/setuptools/_vendor/packaging-26.0.dist-info/licenses
copying setuptools/_vendor/packaging-26.0.dist-info/licenses/LICENSE.BSD -> build/lib/setuptools/_vendor/packaging-26.0.dist-info/licenses
creating build/lib/setuptools/_vendor/platformdirs-4.4.0.dist-info
copying setuptools/_vendor/platformdirs-4.4.0.dist-info/INSTALLER -> build/lib/setuptools/_vendor/platformdirs-4.4.0.dist-info
copying setuptools/_vendor/platformdirs-4.4.0.dist-info/METADATA -> build/lib/setuptools/_vendor/platformdirs-4.4.0.dist-info
copying setuptools/_vendor/platformdirs-4.4.0.dist-info/RECORD -> build/lib/setuptools/_vendor/platformdirs-4.4.0.dist-info
copying setuptools/_vendor/platformdirs-4.4.0.dist-info/REQUESTED -> build/lib/setuptools/_vendor/platformdirs-4.4.0.dist-info
copying setuptools/_vendor/platformdirs-4.4.0.dist-info/WHEEL -> build/lib/setuptools/_vendor/platformdirs-4.4.0.dist-info
creating build/lib/setuptools/_vendor/platformdirs-4.4.0.dist-info/licenses
copying setuptools/_vendor/platformdirs-4.4.0.dist-info/licenses/LICENSE -> build/lib/setuptools/_vendor/platformdirs-4.4.0.dist-info/licenses
creating build/lib/setuptools/_vendor/tomli-2.4.0.dist-info
copying setuptools/_vendor/tomli-2.4.0.dist-info/INSTALLER -> build/lib/setuptools/_vendor/tomli-2.4.0.dist-info
copying setuptools/_vendor/tomli-2.4.0.dist-info/METADATA -> build/lib/setuptools/_vendor/tomli-2.4.0.dist-info
copying setuptools/_vendor/tomli-2.4.0.dist-info/RECORD -> build/lib/setuptools/_vendor/tomli-2.4.0.dist-info
copying setuptools/_vendor/tomli-2.4.0.dist-info/REQUESTED -> build/lib/setuptools/_vendor/tomli-2.4.0.dist-info
copying setuptools/_vendor/tomli-2.4.0.dist-info/WHEEL -> build/lib/setuptools/_vendor/tomli-2.4.0.dist-info
creating build/lib/setuptools/_vendor/tomli-2.4.0.dist-info/licenses
copying setuptools/_vendor/tomli-2.4.0.dist-info/licenses/LICENSE -> build/lib/setuptools/_vendor/tomli-2.4.0.dist-info/licenses
creating build/lib/setuptools/_vendor/wheel-0.46.3.dist-info
copying setuptools/_vendor/wheel-0.46.3.dist-info/INSTALLER -> build/lib/setuptools/_vendor/wheel-0.46.3.dist-info
copying setuptools/_vendor/wheel-0.46.3.dist-info/METADATA -> build/lib/setuptools/_vendor/wheel-0.46.3.dist-info
copying setuptools/_vendor/wheel-0.46.3.dist-info/RECORD -> build/lib/setuptools/_vendor/wheel-0.46.3.dist-info
copying setuptools/_vendor/wheel-0.46.3.dist-info/REQUESTED -> build/lib/setuptools/_vendor/wheel-0.46.3.dist-info
copying setuptools/_vendor/wheel-0.46.3.dist-info/WHEEL -> build/lib/setuptools/_vendor/wheel-0.46.3.dist-info
copying setuptools/_vendor/wheel-0.46.3.dist-info/entry_points.txt -> build/lib/setuptools/_vendor/wheel-0.46.3.dist-info
creating build/lib/setuptools/_vendor/wheel-0.46.3.dist-info/licenses
copying setuptools/_vendor/wheel-0.46.3.dist-info/licenses/LICENSE.txt -> build/lib/setuptools/_vendor/wheel-0.46.3.dist-info/licenses
creating build/lib/setuptools/_vendor/zipp-3.23.0.dist-info
copying setuptools/_vendor/zipp-3.23.0.dist-info/INSTALLER -> build/lib/setuptools/_vendor/zipp-3.23.0.dist-info
copying setuptools/_vendor/zipp-3.23.0.dist-info/METADATA -> build/lib/setuptools/_vendor/zipp-3.23.0.dist-info
copying setuptools/_vendor/zipp-3.23.0.dist-info/RECORD -> build/lib/setuptools/_vendor/zipp-3.23.0.dist-info
copying setuptools/_vendor/zipp-3.23.0.dist-info/REQUESTED -> build/lib/setuptools/_vendor/zipp-3.23.0.dist-info
copying setuptools/_vendor/zipp-3.23.0.dist-info/WHEEL -> build/lib/setuptools/_vendor/zipp-3.23.0.dist-info
copying setuptools/_vendor/zipp-3.23.0.dist-info/top_level.txt -> build/lib/setuptools/_vendor/zipp-3.23.0.dist-info
creating build/lib/setuptools/_vendor/zipp-3.23.0.dist-info/licenses
copying setuptools/_vendor/zipp-3.23.0.dist-info/licenses/LICENSE -> build/lib/setuptools/_vendor/zipp-3.23.0.dist-info/licenses
copying setuptools/config/_validate_pyproject/NOTICE -> build/lib/setuptools/config/_validate_pyproject
creating build/lib/setuptools/_distutils/compilers/C/tests
copying setuptools/_distutils/compilers/C/tests/test_base.py -> build/lib/setuptools/_distutils/compilers/C/tests
copying setuptools/_distutils/compilers/C/tests/test_cygwin.py -> build/lib/setuptools/_distutils/compilers/C/tests
copying setuptools/_distutils/compilers/C/tests/test_mingw.py -> build/lib/setuptools/_distutils/compilers/C/tests
copying setuptools/_distutils/compilers/C/tests/test_msvc.py -> build/lib/setuptools/_distutils/compilers/C/tests
copying setuptools/_distutils/compilers/C/tests/test_unix.py -> build/lib/setuptools/_distutils/compilers/C/tests
copying setuptools/_vendor/platformdirs/py.typed -> build/lib/setuptools/_vendor/platformdirs
copying setuptools/_vendor/more_itertools/__init__.pyi -> build/lib/setuptools/_vendor/more_itertools
copying setuptools/_vendor/more_itertools/more.pyi -> build/lib/setuptools/_vendor/more_itertools
copying setuptools/_vendor/more_itertools/py.typed -> build/lib/setuptools/_vendor/more_itertools
copying setuptools/_vendor/more_itertools/recipes.pyi -> build/lib/setuptools/_vendor/more_itertools
copying setuptools/_vendor/packaging/py.typed -> build/lib/setuptools/_vendor/packaging
copying setuptools/_vendor/tomli/py.typed -> build/lib/setuptools/_vendor/tomli
copying setuptools/_vendor/importlib_metadata/py.typed -> build/lib/setuptools/_vendor/importlib_metadata
copying setuptools/_vendor/jaraco/text/Lorem ipsum.txt -> build/lib/setuptools/_vendor/jaraco/text
copying setuptools/_vendor/jaraco/functools/__init__.pyi -> build/lib/setuptools/_vendor/jaraco/functools
copying setuptools/_vendor/jaraco/functools/py.typed -> build/lib/setuptools/_vendor/jaraco/functools
copying setuptools/_vendor/jaraco/context/py.typed -> build/lib/setuptools/_vendor/jaraco/context
installing to build/bdist.linux-x86_64/wheel
running install
Distribution option extra_path is deprecated. See issue27919 for details.
running install_lib
creating build/bdist.linux-x86_64/wheel
creating build/bdist.linux-x86_64/wheel/setuptools
copying build/lib/setuptools/build_meta.py -> build/bdist.linux-x86_64/wheel/./setuptools
copying build/lib/setuptools/windows_support.py -> build/bdist.linux-x86_64/wheel/./setuptools
copying build/lib/setuptools/namespaces.py -> build/bdist.linux-x86_64/wheel/./setuptools
copying build/lib/setuptools/modified.py -> build/bdist.linux-x86_64/wheel/./setuptools
creating build/bdist.linux-x86_64/wheel/setuptools/tests
copying build/lib/setuptools/tests/textwrap.py -> build/bdist.linux-x86_64/wheel/./setuptools/tests
copying build/lib/setuptools/tests/test_develop.py -> build/bdist.linux-x86_64/wheel/./setuptools/tests
copying build/lib/setuptools/tests/test_virtualenv.py -> build/bdist.linux-x86_64/wheel/./setuptools/tests
copying build/lib/setuptools/tests/namespaces.py -> build/bdist.linux-x86_64/wheel/./setuptools/tests
copying build/lib/setuptools/tests/test_egg_info.py -> build/bdist.linux-x86_64/wheel/./setuptools/tests
copying build/lib/setuptools/tests/script-with-bom.py -> build/bdist.linux-x86_64/wheel/./setuptools/tests
creating build/bdist.linux-x86_64/wheel/setuptools/tests/compat
copying build/lib/setuptools/tests/compat/py39.py -> build/bdist.linux-x86_64/wheel/./setuptools/tests/compat
copying build/lib/setuptools/tests/compat/__init__.py -> build/bdist.linux-x86_64/wheel/./setuptools/tests/compat
copying build/lib/setuptools/tests/test_depends.py -> build/bdist.linux-x86_64/wheel/./setuptools/tests
copying build/lib/setuptools/tests/test_unicode_utils.py -> build/bdist.linux-x86_64/wheel/./setuptools/tests
creating build/bdist.linux-x86_64/wheel/setuptools/tests/config
creating build/bdist.linux-x86_64/wheel/setuptools/tests/config/downloads
copying build/lib/setuptools/tests/config/downloads/__init__.py -> build/bdist.linux-x86_64/wheel/./setuptools/tests/config/downloads
copying build/lib/setuptools/tests/config/downloads/preload.py -> build/bdist.linux-x86_64/wheel/./setuptools/tests/config/downloads
copying build/lib/setuptools/tests/config/test_pyprojecttoml.py -> build/bdist.linux-x86_64/wheel/./setuptools/tests/config
copying build/lib/setuptools/tests/config/setupcfg_examples.txt -> build/bdist.linux-x86_64/wheel/./setuptools/tests/config
copying build/lib/setuptools/tests/config/test_apply_pyprojecttoml.py -> build/bdist.linux-x86_64/wheel/./setuptools/tests/config
copying build/lib/setuptools/tests/config/test_expand.py -> build/bdist.linux-x86_64/wheel/./setuptools/tests/config
copying build/lib/setuptools/tests/config/__init__.py -> build/bdist.linux-x86_64/wheel/./setuptools/tests/config
copying build/lib/setuptools/tests/config/test_pyprojecttoml_dynamic_deps.py -> build/bdist.linux-x86_64/wheel/./setuptools/tests/config
copying build/lib/setuptools/tests/config/test_setupcfg.py -> build/bdist.linux-x86_64/wheel/./setuptools/tests/config
copying build/lib/setuptools/tests/test_build_clib.py -> build/bdist.linux-x86_64/wheel/./setuptools/tests
copying build/lib/setuptools/tests/test_distutils_adoption.py -> build/bdist.linux-x86_64/wheel/./setuptools/tests
copying build/lib/setuptools/tests/test_build_ext.py -> build/bdist.linux-x86_64/wheel/./setuptools/tests
copying build/lib/setuptools/tests/test_setuptools.py -> build/bdist.linux-x86_64/wheel/./setuptools/tests
creating build/bdist.linux-x86_64/wheel/setuptools/tests/indexes
creating build/bdist.linux-x86_64/wheel/setuptools/tests/indexes/test_links_priority
copying build/lib/setuptools/tests/indexes/test_links_priority/external.html -> build/bdist.linux-x86_64/wheel/./setuptools/tests/indexes/test_links_priority
creating build/bdist.linux-x86_64/wheel/setuptools/tests/indexes/test_links_priority/simple
creating build/bdist.linux-x86_64/wheel/setuptools/tests/indexes/test_links_priority/simple/foobar
copying build/lib/setuptools/tests/indexes/test_links_priority/simple/foobar/index.html -> build/bdist.linux-x86_64/wheel/./setuptools/tests/indexes/test_links_priority/simple/foobar
copying build/lib/setuptools/tests/environment.py -> build/bdist.linux-x86_64/wheel/./setuptools/tests
copying build/lib/setuptools/tests/test_namespaces.py -> build/bdist.linux-x86_64/wheel/./setuptools/tests
copying build/lib/setuptools/tests/test_build.py -> build/bdist.linux-x86_64/wheel/./setuptools/tests
copying build/lib/setuptools/tests/test_warnings.py -> build/bdist.linux-x86_64/wheel/./setuptools/tests
copying build/lib/setuptools/tests/test_logging.py -> build/bdist.linux-x86_64/wheel/./setuptools/tests
copying build/lib/setuptools/tests/test_sdist.py -> build/bdist.linux-x86_64/wheel/./setuptools/tests
copying build/lib/setuptools/tests/test_shutil_wrapper.py -> build/bdist.linux-x86_64/wheel/./setuptools/tests
copying build/lib/setuptools/tests/mod_with_constant.py -> build/bdist.linux-x86_64/wheel/./setuptools/tests
creating build/bdist.linux-x86_64/wheel/setuptools/tests/integration
copying build/lib/setuptools/tests/integration/helpers.py -> build/bdist.linux-x86_64/wheel/./setuptools/tests/integration
copying build/lib/setuptools/tests/integration/test_pbr.py -> build/bdist.linux-x86_64/wheel/./setuptools/tests/integration
copying build/lib/setuptools/tests/integration/__init__.py -> build/bdist.linux-x86_64/wheel/./setuptools/tests/integration
copying build/lib/setuptools/tests/integration/test_pip_install_sdist.py -> build/bdist.linux-x86_64/wheel/./setuptools/tests/integration
copying build/lib/setuptools/tests/contexts.py -> build/bdist.linux-x86_64/wheel/./setuptools/tests
copying build/lib/setuptools/tests/__init__.py -> build/bdist.linux-x86_64/wheel/./setuptools/tests
copying build/lib/setuptools/tests/test_build_py.py -> build/bdist.linux-x86_64/wheel/./setuptools/tests
copying build/lib/setuptools/tests/test_windows_wrappers.py -> build/bdist.linux-x86_64/wheel/./setuptools/tests
copying build/lib/setuptools/tests/test_install_scripts.py -> build/bdist.linux-x86_64/wheel/./setuptools/tests
copying build/lib/setuptools/tests/test_extern.py -> build/bdist.linux-x86_64/wheel/./setuptools/tests
copying build/lib/setuptools/tests/test_config_discovery.py -> build/bdist.linux-x86_64/wheel/./setuptools/tests
copying build/lib/setuptools/tests/test_bdist_egg.py -> build/bdist.linux-x86_64/wheel/./setuptools/tests
copying build/lib/setuptools/tests/test_setopt.py -> build/bdist.linux-x86_64/wheel/./setuptools/tests
copying build/lib/setuptools/tests/test_dist.py -> build/bdist.linux-x86_64/wheel/./setuptools/tests
copying build/lib/setuptools/tests/test_manifest.py -> build/bdist.linux-x86_64/wheel/./setuptools/tests
copying build/lib/setuptools/tests/test_wheel.py -> build/bdist.linux-x86_64/wheel/./setuptools/tests
copying build/lib/setuptools/tests/test_bdist_deprecations.py -> build/bdist.linux-x86_64/wheel/./setuptools/tests
copying build/lib/setuptools/tests/test_editable_install.py -> build/bdist.linux-x86_64/wheel/./setuptools/tests
copying build/lib/setuptools/tests/fixtures.py -> build/bdist.linux-x86_64/wheel/./setuptools/tests
copying build/lib/setuptools/tests/test_bdist_wheel.py -> build/bdist.linux-x86_64/wheel/./setuptools/tests
copying build/lib/setuptools/tests/test_find_py_modules.py -> build/bdist.linux-x86_64/wheel/./setuptools/tests
copying build/lib/setuptools/tests/test_build_meta.py -> build/bdist.linux-x86_64/wheel/./setuptools/tests
copying build/lib/setuptools/tests/test_glob.py -> build/bdist.linux-x86_64/wheel/./setuptools/tests
copying build/lib/setuptools/tests/test_scripts.py -> build/bdist.linux-x86_64/wheel/./setuptools/tests
copying build/lib/setuptools/tests/test_dist_info.py -> build/bdist.linux-x86_64/wheel/./setuptools/tests
copying build/lib/setuptools/tests/test_core_metadata.py -> build/bdist.linux-x86_64/wheel/./setuptools/tests
copying build/lib/setuptools/tests/text.py -> build/bdist.linux-x86_64/wheel/./setuptools/tests
copying build/lib/setuptools/tests/test_archive_util.py -> build/bdist.linux-x86_64/wheel/./setuptools/tests
copying build/lib/setuptools/tests/test_find_packages.py -> build/bdist.linux-x86_64/wheel/./setuptools/tests
copying build/lib/setuptools/_core_metadata.py -> build/bdist.linux-x86_64/wheel/./setuptools
copying build/lib/setuptools/_scripts.py -> build/bdist.linux-x86_64/wheel/./setuptools
copying build/lib/setuptools/depends.py -> build/bdist.linux-x86_64/wheel/./setuptools
creating build/bdist.linux-x86_64/wheel/setuptools/compat
copying build/lib/setuptools/compat/py311.py -> build/bdist.linux-x86_64/wheel/./setuptools/compat
copying build/lib/setuptools/compat/py39.py -> build/bdist.linux-x86_64/wheel/./setuptools/compat
copying build/lib/setuptools/compat/__init__.py -> build/bdist.linux-x86_64/wheel/./setuptools/compat
copying build/lib/setuptools/compat/py310.py -> build/bdist.linux-x86_64/wheel/./setuptools/compat
copying build/lib/setuptools/compat/py312.py -> build/bdist.linux-x86_64/wheel/./setuptools/compat
copying build/lib/setuptools/cli-32.exe -> build/bdist.linux-x86_64/wheel/./setuptools
copying build/lib/setuptools/unicode_utils.py -> build/bdist.linux-x86_64/wheel/./setuptools
creating build/bdist.linux-x86_64/wheel/setuptools/config
copying build/lib/setuptools/config/expand.py -> build/bdist.linux-x86_64/wheel/./setuptools/config
copying build/lib/setuptools/config/setupcfg.py -> build/bdist.linux-x86_64/wheel/./setuptools/config
copying build/lib/setuptools/config/pyprojecttoml.py -> build/bdist.linux-x86_64/wheel/./setuptools/config
copying build/lib/setuptools/config/NOTICE -> build/bdist.linux-x86_64/wheel/./setuptools/config
creating build/bdist.linux-x86_64/wheel/setuptools/config/_validate_pyproject
copying build/lib/setuptools/config/_validate_pyproject/fastjsonschema_exceptions.py -> build/bdist.linux-x86_64/wheel/./setuptools/config/_validate_pyproject
copying build/lib/setuptools/config/_validate_pyproject/extra_validations.py -> build/bdist.linux-x86_64/wheel/./setuptools/config/_validate_pyproject
copying build/lib/setuptools/config/_validate_pyproject/NOTICE -> build/bdist.linux-x86_64/wheel/./setuptools/config/_validate_pyproject
copying build/lib/setuptools/config/_validate_pyproject/__init__.py -> build/bdist.linux-x86_64/wheel/./setuptools/config/_validate_pyproject
copying build/lib/setuptools/config/_validate_pyproject/fastjsonschema_validations.py -> build/bdist.linux-x86_64/wheel/./setuptools/config/_validate_pyproject
copying build/lib/setuptools/config/_validate_pyproject/formats.py -> build/bdist.linux-x86_64/wheel/./setuptools/config/_validate_pyproject
copying build/lib/setuptools/config/_validate_pyproject/error_reporting.py -> build/bdist.linux-x86_64/wheel/./setuptools/config/_validate_pyproject
copying build/lib/setuptools/config/_apply_pyprojecttoml.py -> build/bdist.linux-x86_64/wheel/./setuptools/config
copying build/lib/setuptools/config/__init__.py -> build/bdist.linux-x86_64/wheel/./setuptools/config
copying build/lib/setuptools/config/setuptools.schema.json -> build/bdist.linux-x86_64/wheel/./setuptools/config
copying build/lib/setuptools/config/distutils.schema.json -> build/bdist.linux-x86_64/wheel/./setuptools/config
copying build/lib/setuptools/archive_util.py -> build/bdist.linux-x86_64/wheel/./setuptools
copying build/lib/setuptools/_importlib.py -> build/bdist.linux-x86_64/wheel/./setuptools
copying build/lib/setuptools/gui.exe -> build/bdist.linux-x86_64/wheel/./setuptools
copying build/lib/setuptools/logging.py -> build/bdist.linux-x86_64/wheel/./setuptools
copying build/lib/setuptools/_itertools.py -> build/bdist.linux-x86_64/wheel/./setuptools
copying build/lib/setuptools/extension.py -> build/bdist.linux-x86_64/wheel/./setuptools
copying build/lib/setuptools/_reqs.py -> build/bdist.linux-x86_64/wheel/./setuptools
copying build/lib/setuptools/_static.py -> build/bdist.linux-x86_64/wheel/./setuptools
copying build/lib/setuptools/glob.py -> build/bdist.linux-x86_64/wheel/./setuptools
copying build/lib/setuptools/dist.py -> build/bdist.linux-x86_64/wheel/./setuptools
copying build/lib/setuptools/cli-arm64.exe -> build/bdist.linux-x86_64/wheel/./setuptools
copying build/lib/setuptools/msvc.py -> build/bdist.linux-x86_64/wheel/./setuptools
copying build/lib/setuptools/warnings.py -> build/bdist.linux-x86_64/wheel/./setuptools
copying build/lib/setuptools/gui-64.exe -> build/bdist.linux-x86_64/wheel/./setuptools
creating build/bdist.linux-x86_64/wheel/setuptools/_distutils
copying build/lib/setuptools/_distutils/dep_util.py -> build/bdist.linux-x86_64/wheel/./setuptools/_distutils
copying build/lib/setuptools/_distutils/log.py -> build/bdist.linux-x86_64/wheel/./setuptools/_distutils
creating build/bdist.linux-x86_64/wheel/setuptools/_distutils/tests
copying build/lib/setuptools/_distutils/tests/unix_compat.py -> build/bdist.linux-x86_64/wheel/./setuptools/_distutils/tests
copying build/lib/setuptools/_distutils/tests/test_build_scripts.py -> build/bdist.linux-x86_64/wheel/./setuptools/_distutils/tests
copying build/lib/setuptools/_distutils/tests/test_bdist.py -> build/bdist.linux-x86_64/wheel/./setuptools/_distutils/tests
creating build/bdist.linux-x86_64/wheel/setuptools/_distutils/tests/compat
copying build/lib/setuptools/_distutils/tests/compat/py39.py -> build/bdist.linux-x86_64/wheel/./setuptools/_distutils/tests/compat
copying build/lib/setuptools/_distutils/tests/compat/__init__.py -> build/bdist.linux-x86_64/wheel/./setuptools/_distutils/tests/compat
copying build/lib/setuptools/_distutils/tests/test_bdist_rpm.py -> build/bdist.linux-x86_64/wheel/./setuptools/_distutils/tests
copying build/lib/setuptools/_distutils/tests/test_build_clib.py -> build/bdist.linux-x86_64/wheel/./setuptools/_distutils/tests
copying build/lib/setuptools/_distutils/tests/test_install.py -> build/bdist.linux-x86_64/wheel/./setuptools/_distutils/tests
copying build/lib/setuptools/_distutils/tests/test_check.py -> build/bdist.linux-x86_64/wheel/./setuptools/_distutils/tests
copying build/lib/setuptools/_distutils/tests/test_build_ext.py -> build/bdist.linux-x86_64/wheel/./setuptools/_distutils/tests
copying build/lib/setuptools/_distutils/tests/test_install_data.py -> build/bdist.linux-x86_64/wheel/./setuptools/_distutils/tests
copying build/lib/setuptools/_distutils/tests/test_version.py -> build/bdist.linux-x86_64/wheel/./setuptools/_distutils/tests
copying build/lib/setuptools/_distutils/tests/test_log.py -> build/bdist.linux-x86_64/wheel/./setuptools/_distutils/tests
copying build/lib/setuptools/_distutils/tests/test_build.py -> build/bdist.linux-x86_64/wheel/./setuptools/_distutils/tests
copying build/lib/setuptools/_distutils/tests/test_text_file.py -> build/bdist.linux-x86_64/wheel/./setuptools/_distutils/tests
copying build/lib/setuptools/_distutils/tests/test_util.py -> build/bdist.linux-x86_64/wheel/./setuptools/_distutils/tests
copying build/lib/setuptools/_distutils/tests/test_config_cmd.py -> build/bdist.linux-x86_64/wheel/./setuptools/_distutils/tests
copying build/lib/setuptools/_distutils/tests/test_install_headers.py -> build/bdist.linux-x86_64/wheel/./setuptools/_distutils/tests
copying build/lib/setuptools/_distutils/tests/test_sdist.py -> build/bdist.linux-x86_64/wheel/./setuptools/_distutils/tests
copying build/lib/setuptools/_distutils/tests/test_bdist_dumb.py -> build/bdist.linux-x86_64/wheel/./setuptools/_distutils/tests
copying build/lib/setuptools/_distutils/tests/__init__.py -> build/bdist.linux-x86_64/wheel/./setuptools/_distutils/tests
copying build/lib/setuptools/_distutils/tests/test_build_py.py -> build/bdist.linux-x86_64/wheel/./setuptools/_distutils/tests
copying build/lib/setuptools/_distutils/tests/test_versionpredicate.py -> build/bdist.linux-x86_64/wheel/./setuptools/_distutils/tests
copying build/lib/setuptools/_distutils/tests/test_core.py -> build/bdist.linux-x86_64/wheel/./setuptools/_distutils/tests
copying build/lib/setuptools/_distutils/tests/test_install_scripts.py -> build/bdist.linux-x86_64/wheel/./setuptools/_distutils/tests
copying build/lib/setuptools/_distutils/tests/test_clean.py -> build/bdist.linux-x86_64/wheel/./setuptools/_distutils/tests
copying build/lib/setuptools/_distutils/tests/support.py -> build/bdist.linux-x86_64/wheel/./setuptools/_distutils/tests
copying build/lib/setuptools/_distutils/tests/test_modified.py -> build/bdist.linux-x86_64/wheel/./setuptools/_distutils/tests
copying build/lib/setuptools/_distutils/tests/test_spawn.py -> build/bdist.linux-x86_64/wheel/./setuptools/_distutils/tests
copying build/lib/setuptools/_distutils/tests/test_dist.py -> build/bdist.linux-x86_64/wheel/./setuptools/_distutils/tests
copying build/lib/setuptools/_distutils/tests/test_extension.py -> build/bdist.linux-x86_64/wheel/./setuptools/_distutils/tests
copying build/lib/setuptools/_distutils/tests/test_file_util.py -> build/bdist.linux-x86_64/wheel/./setuptools/_distutils/tests
copying build/lib/setuptools/_distutils/tests/test_sysconfig.py -> build/bdist.linux-x86_64/wheel/./setuptools/_distutils/tests
copying build/lib/setuptools/_distutils/tests/test_cmd.py -> build/bdist.linux-x86_64/wheel/./setuptools/_distutils/tests
copying build/lib/setuptools/_distutils/tests/test_archive_util.py -> build/bdist.linux-x86_64/wheel/./setuptools/_distutils/tests
copying build/lib/setuptools/_distutils/tests/test_filelist.py -> build/bdist.linux-x86_64/wheel/./setuptools/_distutils/tests
copying build/lib/setuptools/_distutils/tests/test_install_lib.py -> build/bdist.linux-x86_64/wheel/./setuptools/_distutils/tests
copying build/lib/setuptools/_distutils/tests/test_dir_util.py -> build/bdist.linux-x86_64/wheel/./setuptools/_distutils/tests
creating build/bdist.linux-x86_64/wheel/setuptools/_distutils/compat
copying build/lib/setuptools/_distutils/compat/py39.py -> build/bdist.linux-x86_64/wheel/./setuptools/_distutils/compat
copying build/lib/setuptools/_distutils/compat/__init__.py -> build/bdist.linux-x86_64/wheel/./setuptools/_distutils/compat
copying build/lib/setuptools/_distutils/compat/numpy.py -> build/bdist.linux-x86_64/wheel/./setuptools/_distutils/compat
copying build/lib/setuptools/_distutils/fancy_getopt.py -> build/bdist.linux-x86_64/wheel/./setuptools/_distutils
copying build/lib/setuptools/_distutils/text_file.py -> build/bdist.linux-x86_64/wheel/./setuptools/_distutils
copying build/lib/setuptools/_distutils/archive_util.py -> build/bdist.linux-x86_64/wheel/./setuptools/_distutils
copying build/lib/setuptools/_distutils/core.py -> build/bdist.linux-x86_64/wheel/./setuptools/_distutils
copying build/lib/setuptools/_distutils/sysconfig.py -> build/bdist.linux-x86_64/wheel/./setuptools/_distutils
copying build/lib/setuptools/_distutils/_modified.py -> build/bdist.linux-x86_64/wheel/./setuptools/_distutils
copying build/lib/setuptools/_distutils/extension.py -> build/bdist.linux-x86_64/wheel/./setuptools/_distutils
copying build/lib/setuptools/_distutils/_msvccompiler.py -> build/bdist.linux-x86_64/wheel/./setuptools/_distutils
copying build/lib/setuptools/_distutils/_macos_compat.py -> build/bdist.linux-x86_64/wheel/./setuptools/_distutils
copying build/lib/setuptools/_distutils/dist.py -> build/bdist.linux-x86_64/wheel/./setuptools/_distutils
copying build/lib/setuptools/_distutils/ccompiler.py -> build/bdist.linux-x86_64/wheel/./setuptools/_distutils
copying build/lib/setuptools/_distutils/_log.py -> build/bdist.linux-x86_64/wheel/./setuptools/_distutils
copying build/lib/setuptools/_distutils/util.py -> build/bdist.linux-x86_64/wheel/./setuptools/_distutils
copying build/lib/setuptools/_distutils/__init__.py -> build/bdist.linux-x86_64/wheel/./setuptools/_distutils
copying build/lib/setuptools/_distutils/debug.py -> build/bdist.linux-x86_64/wheel/./setuptools/_distutils
creating build/bdist.linux-x86_64/wheel/setuptools/_distutils/compilers
creating build/bdist.linux-x86_64/wheel/setuptools/_distutils/compilers/C
copying build/lib/setuptools/_distutils/compilers/C/cygwin.py -> build/bdist.linux-x86_64/wheel/./setuptools/_distutils/compilers/C
creating build/bdist.linux-x86_64/wheel/setuptools/_distutils/compilers/C/tests
copying build/lib/setuptools/_distutils/compilers/C/tests/test_cygwin.py -> build/bdist.linux-x86_64/wheel/./setuptools/_distutils/compilers/C/tests
copying build/lib/setuptools/_distutils/compilers/C/tests/test_unix.py -> build/bdist.linux-x86_64/wheel/./setuptools/_distutils/compilers/C/tests
copying build/lib/setuptools/_distutils/compilers/C/tests/test_base.py -> build/bdist.linux-x86_64/wheel/./setuptools/_distutils/compilers/C/tests
copying build/lib/setuptools/_distutils/compilers/C/tests/test_mingw.py -> build/bdist.linux-x86_64/wheel/./setuptools/_distutils/compilers/C/tests
copying build/lib/setuptools/_distutils/compilers/C/tests/test_msvc.py -> build/bdist.linux-x86_64/wheel/./setuptools/_distutils/compilers/C/tests
copying build/lib/setuptools/_distutils/compilers/C/unix.py -> build/bdist.linux-x86_64/wheel/./setuptools/_distutils/compilers/C
copying build/lib/setuptools/_distutils/compilers/C/msvc.py -> build/bdist.linux-x86_64/wheel/./setuptools/_distutils/compilers/C
copying build/lib/setuptools/_distutils/compilers/C/base.py -> build/bdist.linux-x86_64/wheel/./setuptools/_distutils/compilers/C
copying build/lib/setuptools/_distutils/compilers/C/errors.py -> build/bdist.linux-x86_64/wheel/./setuptools/_distutils/compilers/C
copying build/lib/setuptools/_distutils/compilers/C/zos.py -> build/bdist.linux-x86_64/wheel/./setuptools/_distutils/compilers/C
copying build/lib/setuptools/_distutils/cygwinccompiler.py -> build/bdist.linux-x86_64/wheel/./setuptools/_distutils
copying build/lib/setuptools/_distutils/zosccompiler.py -> build/bdist.linux-x86_64/wheel/./setuptools/_distutils
copying build/lib/setuptools/_distutils/errors.py -> build/bdist.linux-x86_64/wheel/./setuptools/_distutils
copying build/lib/setuptools/_distutils/spawn.py -> build/bdist.linux-x86_64/wheel/./setuptools/_distutils
copying build/lib/setuptools/_distutils/unixccompiler.py -> build/bdist.linux-x86_64/wheel/./setuptools/_distutils
copying build/lib/setuptools/_distutils/versionpredicate.py -> build/bdist.linux-x86_64/wheel/./setuptools/_distutils
copying build/lib/setuptools/_distutils/filelist.py -> build/bdist.linux-x86_64/wheel/./setuptools/_distutils
creating build/bdist.linux-x86_64/wheel/setuptools/_distutils/command
copying build/lib/setuptools/_distutils/command/bdist_rpm.py -> build/bdist.linux-x86_64/wheel/./setuptools/_distutils/command
copying build/lib/setuptools/_distutils/command/bdist.py -> build/bdist.linux-x86_64/wheel/./setuptools/_distutils/command
copying build/lib/setuptools/_distutils/command/clean.py -> build/bdist.linux-x86_64/wheel/./setuptools/_distutils/command
copying build/lib/setuptools/_distutils/command/build_scripts.py -> build/bdist.linux-x86_64/wheel/./setuptools/_distutils/command
copying build/lib/setuptools/_distutils/command/install_lib.py -> build/bdist.linux-x86_64/wheel/./setuptools/_distutils/command
copying build/lib/setuptools/_distutils/command/build_py.py -> build/bdist.linux-x86_64/wheel/./setuptools/_distutils/command
copying build/lib/setuptools/_distutils/command/install_scripts.py -> build/bdist.linux-x86_64/wheel/./setuptools/_distutils/command
copying build/lib/setuptools/_distutils/command/install_headers.py -> build/bdist.linux-x86_64/wheel/./setuptools/_distutils/command
copying build/lib/setuptools/_distutils/command/__init__.py -> build/bdist.linux-x86_64/wheel/./setuptools/_distutils/command
copying build/lib/setuptools/_distutils/command/config.py -> build/bdist.linux-x86_64/wheel/./setuptools/_distutils/command
copying build/lib/setuptools/_distutils/command/_framework_compat.py -> build/bdist.linux-x86_64/wheel/./setuptools/_distutils/command
copying build/lib/setuptools/_distutils/command/build_ext.py -> build/bdist.linux-x86_64/wheel/./setuptools/_distutils/command
copying build/lib/setuptools/_distutils/command/build.py -> build/bdist.linux-x86_64/wheel/./setuptools/_distutils/command
copying build/lib/setuptools/_distutils/command/install_data.py -> build/bdist.linux-x86_64/wheel/./setuptools/_distutils/command
copying build/lib/setuptools/_distutils/command/build_clib.py -> build/bdist.linux-x86_64/wheel/./setuptools/_distutils/command
copying build/lib/setuptools/_distutils/command/bdist_dumb.py -> build/bdist.linux-x86_64/wheel/./setuptools/_distutils/command
copying build/lib/setuptools/_distutils/command/check.py -> build/bdist.linux-x86_64/wheel/./setuptools/_distutils/command
copying build/lib/setuptools/_distutils/command/install_egg_info.py -> build/bdist.linux-x86_64/wheel/./setuptools/_distutils/command
copying build/lib/setuptools/_distutils/command/install.py -> build/bdist.linux-x86_64/wheel/./setuptools/_distutils/command
copying build/lib/setuptools/_distutils/command/sdist.py -> build/bdist.linux-x86_64/wheel/./setuptools/_distutils/command
copying build/lib/setuptools/_distutils/cmd.py -> build/bdist.linux-x86_64/wheel/./setuptools/_distutils
copying build/lib/setuptools/_distutils/file_util.py -> build/bdist.linux-x86_64/wheel/./setuptools/_distutils
copying build/lib/setuptools/_distutils/version.py -> build/bdist.linux-x86_64/wheel/./setuptools/_distutils
copying build/lib/setuptools/_distutils/dir_util.py -> build/bdist.linux-x86_64/wheel/./setuptools/_distutils
copying build/lib/setuptools/__init__.py -> build/bdist.linux-x86_64/wheel/./setuptools
copying build/lib/setuptools/discovery.py -> build/bdist.linux-x86_64/wheel/./setuptools
copying build/lib/setuptools/script (dev).tmpl -> build/bdist.linux-x86_64/wheel/./setuptools
copying build/lib/setuptools/cli-64.exe -> build/bdist.linux-x86_64/wheel/./setuptools
copying build/lib/setuptools/_normalization.py -> build/bdist.linux-x86_64/wheel/./setuptools
copying build/lib/setuptools/launcher manifest.xml -> build/bdist.linux-x86_64/wheel/./setuptools
copying build/lib/setuptools/errors.py -> build/bdist.linux-x86_64/wheel/./setuptools
copying build/lib/setuptools/launch.py -> build/bdist.linux-x86_64/wheel/./setuptools
copying build/lib/setuptools/_imp.py -> build/bdist.linux-x86_64/wheel/./setuptools
copying build/lib/setuptools/_path.py -> build/bdist.linux-x86_64/wheel/./setuptools
copying build/lib/setuptools/cli.exe -> build/bdist.linux-x86_64/wheel/./setuptools
copying build/lib/setuptools/monkey.py -> build/bdist.linux-x86_64/wheel/./setuptools
copying build/lib/setuptools/_entry_points.py -> build/bdist.linux-x86_64/wheel/./setuptools
creating build/bdist.linux-x86_64/wheel/setuptools/_vendor
creating build/bdist.linux-x86_64/wheel/setuptools/_vendor/wheel
copying build/lib/setuptools/_vendor/wheel/wheelfile.py -> build/bdist.linux-x86_64/wheel/./setuptools/_vendor/wheel
copying build/lib/setuptools/_vendor/wheel/bdist_wheel.py -> build/bdist.linux-x86_64/wheel/./setuptools/_vendor/wheel
copying build/lib/setuptools/_vendor/wheel/_metadata.py -> build/bdist.linux-x86_64/wheel/./setuptools/_vendor/wheel
copying build/lib/setuptools/_vendor/wheel/__main__.py -> build/bdist.linux-x86_64/wheel/./setuptools/_vendor/wheel
copying build/lib/setuptools/_vendor/wheel/metadata.py -> build/bdist.linux-x86_64/wheel/./setuptools/_vendor/wheel
creating build/bdist.linux-x86_64/wheel/setuptools/_vendor/wheel/_commands
copying build/lib/setuptools/_vendor/wheel/_commands/convert.py -> build/bdist.linux-x86_64/wheel/./setuptools/_vendor/wheel/_commands
copying build/lib/setuptools/_vendor/wheel/_commands/unpack.py -> build/bdist.linux-x86_64/wheel/./setuptools/_vendor/wheel/_commands
copying build/lib/setuptools/_vendor/wheel/_commands/__init__.py -> build/bdist.linux-x86_64/wheel/./setuptools/_vendor/wheel/_commands
copying build/lib/setuptools/_vendor/wheel/_commands/pack.py -> build/bdist.linux-x86_64/wheel/./setuptools/_vendor/wheel/_commands
copying build/lib/setuptools/_vendor/wheel/_commands/tags.py -> build/bdist.linux-x86_64/wheel/./setuptools/_vendor/wheel/_commands
copying build/lib/setuptools/_vendor/wheel/__init__.py -> build/bdist.linux-x86_64/wheel/./setuptools/_vendor/wheel
copying build/lib/setuptools/_vendor/wheel/_bdist_wheel.py -> build/bdist.linux-x86_64/wheel/./setuptools/_vendor/wheel
copying build/lib/setuptools/_vendor/wheel/macosx_libfile.py -> build/bdist.linux-x86_64/wheel/./setuptools/_vendor/wheel
copying build/lib/setuptools/_vendor/wheel/_setuptools_logging.py -> build/bdist.linux-x86_64/wheel/./setuptools/_vendor/wheel
creating build/bdist.linux-x86_64/wheel/setuptools/_vendor/importlib_metadata-8.7.1.dist-info
copying build/lib/setuptools/_vendor/importlib_metadata-8.7.1.dist-info/RECORD -> build/bdist.linux-x86_64/wheel/./setuptools/_vendor/importlib_metadata-8.7.1.dist-info
copying build/lib/setuptools/_vendor/importlib_metadata-8.7.1.dist-info/METADATA -> build/bdist.linux-x86_64/wheel/./setuptools/_vendor/importlib_metadata-8.7.1.dist-info
copying build/lib/setuptools/_vendor/importlib_metadata-8.7.1.dist-info/REQUESTED -> build/bdist.linux-x86_64/wheel/./setuptools/_vendor/importlib_metadata-8.7.1.dist-info
copying build/lib/setuptools/_vendor/importlib_metadata-8.7.1.dist-info/top_level.txt -> build/bdist.linux-x86_64/wheel/./setuptools/_vendor/importlib_metadata-8.7.1.dist-info
copying build/lib/setuptools/_vendor/importlib_metadata-8.7.1.dist-info/WHEEL -> build/bdist.linux-x86_64/wheel/./setuptools/_vendor/importlib_metadata-8.7.1.dist-info
creating build/bdist.linux-x86_64/wheel/setuptools/_vendor/importlib_metadata-8.7.1.dist-info/licenses
copying build/lib/setuptools/_vendor/importlib_metadata-8.7.1.dist-info/licenses/LICENSE -> build/bdist.linux-x86_64/wheel/./setuptools/_vendor/importlib_metadata-8.7.1.dist-info/licenses
copying build/lib/setuptools/_vendor/importlib_metadata-8.7.1.dist-info/INSTALLER -> build/bdist.linux-x86_64/wheel/./setuptools/_vendor/importlib_metadata-8.7.1.dist-info
creating build/bdist.linux-x86_64/wheel/setuptools/_vendor/packaging-26.0.dist-info
copying build/lib/setuptools/_vendor/packaging-26.0.dist-info/RECORD -> build/bdist.linux-x86_64/wheel/./setuptools/_vendor/packaging-26.0.dist-info
copying build/lib/setuptools/_vendor/packaging-26.0.dist-info/METADATA -> build/bdist.linux-x86_64/wheel/./setuptools/_vendor/packaging-26.0.dist-info
copying build/lib/setuptools/_vendor/packaging-26.0.dist-info/REQUESTED -> build/bdist.linux-x86_64/wheel/./setuptools/_vendor/packaging-26.0.dist-info
copying build/lib/setuptools/_vendor/packaging-26.0.dist-info/WHEEL -> build/bdist.linux-x86_64/wheel/./setuptools/_vendor/packaging-26.0.dist-info
creating build/bdist.linux-x86_64/wheel/setuptools/_vendor/packaging-26.0.dist-info/licenses
copying build/lib/setuptools/_vendor/packaging-26.0.dist-info/licenses/LICENSE.BSD -> build/bdist.linux-x86_64/wheel/./setuptools/_vendor/packaging-26.0.dist-info/licenses
copying build/lib/setuptools/_vendor/packaging-26.0.dist-info/licenses/LICENSE.APACHE -> build/bdist.linux-x86_64/wheel/./setuptools/_vendor/packaging-26.0.dist-info/licenses
copying build/lib/setuptools/_vendor/packaging-26.0.dist-info/licenses/LICENSE -> build/bdist.linux-x86_64/wheel/./setuptools/_vendor/packaging-26.0.dist-info/licenses
copying build/lib/setuptools/_vendor/packaging-26.0.dist-info/INSTALLER -> build/bdist.linux-x86_64/wheel/./setuptools/_vendor/packaging-26.0.dist-info
creating build/bdist.linux-x86_64/wheel/setuptools/_vendor/platformdirs
copying build/lib/setuptools/_vendor/platformdirs/api.py -> build/bdist.linux-x86_64/wheel/./setuptools/_vendor/platformdirs
copying build/lib/setuptools/_vendor/platformdirs/windows.py -> build/bdist.linux-x86_64/wheel/./setuptools/_vendor/platformdirs
copying build/lib/setuptools/_vendor/platformdirs/unix.py -> build/bdist.linux-x86_64/wheel/./setuptools/_vendor/platformdirs
copying build/lib/setuptools/_vendor/platformdirs/__main__.py -> build/bdist.linux-x86_64/wheel/./setuptools/_vendor/platformdirs
copying build/lib/setuptools/_vendor/platformdirs/__init__.py -> build/bdist.linux-x86_64/wheel/./setuptools/_vendor/platformdirs
copying build/lib/setuptools/_vendor/platformdirs/macos.py -> build/bdist.linux-x86_64/wheel/./setuptools/_vendor/platformdirs
copying build/lib/setuptools/_vendor/platformdirs/android.py -> build/bdist.linux-x86_64/wheel/./setuptools/_vendor/platformdirs
copying build/lib/setuptools/_vendor/platformdirs/py.typed -> build/bdist.linux-x86_64/wheel/./setuptools/_vendor/platformdirs
copying build/lib/setuptools/_vendor/platformdirs/version.py -> build/bdist.linux-x86_64/wheel/./setuptools/_vendor/platformdirs
creating build/bdist.linux-x86_64/wheel/setuptools/_vendor/jaraco.text-4.0.0.dist-info
copying build/lib/setuptools/_vendor/jaraco.text-4.0.0.dist-info/RECORD -> build/bdist.linux-x86_64/wheel/./setuptools/_vendor/jaraco.text-4.0.0.dist-info
copying build/lib/setuptools/_vendor/jaraco.text-4.0.0.dist-info/METADATA -> build/bdist.linux-x86_64/wheel/./setuptools/_vendor/jaraco.text-4.0.0.dist-info
copying build/lib/setuptools/_vendor/jaraco.text-4.0.0.dist-info/REQUESTED -> build/bdist.linux-x86_64/wheel/./setuptools/_vendor/jaraco.text-4.0.0.dist-info
copying build/lib/setuptools/_vendor/jaraco.text-4.0.0.dist-info/top_level.txt -> build/bdist.linux-x86_64/wheel/./setuptools/_vendor/jaraco.text-4.0.0.dist-info
copying build/lib/setuptools/_vendor/jaraco.text-4.0.0.dist-info/WHEEL -> build/bdist.linux-x86_64/wheel/./setuptools/_vendor/jaraco.text-4.0.0.dist-info
copying build/lib/setuptools/_vendor/jaraco.text-4.0.0.dist-info/LICENSE -> build/bdist.linux-x86_64/wheel/./setuptools/_vendor/jaraco.text-4.0.0.dist-info
copying build/lib/setuptools/_vendor/jaraco.text-4.0.0.dist-info/INSTALLER -> build/bdist.linux-x86_64/wheel/./setuptools/_vendor/jaraco.text-4.0.0.dist-info
creating build/bdist.linux-x86_64/wheel/setuptools/_vendor/tomli-2.4.0.dist-info
copying build/lib/setuptools/_vendor/tomli-2.4.0.dist-info/RECORD -> build/bdist.linux-x86_64/wheel/./setuptools/_vendor/tomli-2.4.0.dist-info
copying build/lib/setuptools/_vendor/tomli-2.4.0.dist-info/METADATA -> build/bdist.linux-x86_64/wheel/./setuptools/_vendor/tomli-2.4.0.dist-info
copying build/lib/setuptools/_vendor/tomli-2.4.0.dist-info/REQUESTED -> build/bdist.linux-x86_64/wheel/./setuptools/_vendor/tomli-2.4.0.dist-info
copying build/lib/setuptools/_vendor/tomli-2.4.0.dist-info/WHEEL -> build/bdist.linux-x86_64/wheel/./setuptools/_vendor/tomli-2.4.0.dist-info
creating build/bdist.linux-x86_64/wheel/setuptools/_vendor/tomli-2.4.0.dist-info/licenses
copying build/lib/setuptools/_vendor/tomli-2.4.0.dist-info/licenses/LICENSE -> build/bdist.linux-x86_64/wheel/./setuptools/_vendor/tomli-2.4.0.dist-info/licenses
copying build/lib/setuptools/_vendor/tomli-2.4.0.dist-info/INSTALLER -> build/bdist.linux-x86_64/wheel/./setuptools/_vendor/tomli-2.4.0.dist-info
creating build/bdist.linux-x86_64/wheel/setuptools/_vendor/zipp-3.23.0.dist-info
copying build/lib/setuptools/_vendor/zipp-3.23.0.dist-info/RECORD -> build/bdist.linux-x86_64/wheel/./setuptools/_vendor/zipp-3.23.0.dist-info
copying build/lib/setuptools/_vendor/zipp-3.23.0.dist-info/METADATA -> build/bdist.linux-x86_64/wheel/./setuptools/_vendor/zipp-3.23.0.dist-info
copying build/lib/setuptools/_vendor/zipp-3.23.0.dist-info/REQUESTED -> build/bdist.linux-x86_64/wheel/./setuptools/_vendor/zipp-3.23.0.dist-info
copying build/lib/setuptools/_vendor/zipp-3.23.0.dist-info/top_level.txt -> build/bdist.linux-x86_64/wheel/./setuptools/_vendor/zipp-3.23.0.dist-info
copying build/lib/setuptools/_vendor/zipp-3.23.0.dist-info/WHEEL -> build/bdist.linux-x86_64/wheel/./setuptools/_vendor/zipp-3.23.0.dist-info
creating build/bdist.linux-x86_64/wheel/setuptools/_vendor/zipp-3.23.0.dist-info/licenses
copying build/lib/setuptools/_vendor/zipp-3.23.0.dist-info/licenses/LICENSE -> build/bdist.linux-x86_64/wheel/./setuptools/_vendor/zipp-3.23.0.dist-info/licenses
copying build/lib/setuptools/_vendor/zipp-3.23.0.dist-info/INSTALLER -> build/bdist.linux-x86_64/wheel/./setuptools/_vendor/zipp-3.23.0.dist-info
creating build/bdist.linux-x86_64/wheel/setuptools/_vendor/backports.tarfile-1.2.0.dist-info
copying build/lib/setuptools/_vendor/backports.tarfile-1.2.0.dist-info/RECORD -> build/bdist.linux-x86_64/wheel/./setuptools/_vendor/backports.tarfile-1.2.0.dist-info
copying build/lib/setuptools/_vendor/backports.tarfile-1.2.0.dist-info/METADATA -> build/bdist.linux-x86_64/wheel/./setuptools/_vendor/backports.tarfile-1.2.0.dist-info
copying build/lib/setuptools/_vendor/backports.tarfile-1.2.0.dist-info/REQUESTED -> build/bdist.linux-x86_64/wheel/./setuptools/_vendor/backports.tarfile-1.2.0.dist-info
copying build/lib/setuptools/_vendor/backports.tarfile-1.2.0.dist-info/top_level.txt -> build/bdist.linux-x86_64/wheel/./setuptools/_vendor/backports.tarfile-1.2.0.dist-info
copying build/lib/setuptools/_vendor/backports.tarfile-1.2.0.dist-info/WHEEL -> build/bdist.linux-x86_64/wheel/./setuptools/_vendor/backports.tarfile-1.2.0.dist-info
copying build/lib/setuptools/_vendor/backports.tarfile-1.2.0.dist-info/LICENSE -> build/bdist.linux-x86_64/wheel/./setuptools/_vendor/backports.tarfile-1.2.0.dist-info
copying build/lib/setuptools/_vendor/backports.tarfile-1.2.0.dist-info/INSTALLER -> build/bdist.linux-x86_64/wheel/./setuptools/_vendor/backports.tarfile-1.2.0.dist-info
creating build/bdist.linux-x86_64/wheel/setuptools/_vendor/zipp
copying build/lib/setuptools/_vendor/zipp/_functools.py -> build/bdist.linux-x86_64/wheel/./setuptools/_vendor/zipp
creating build/bdist.linux-x86_64/wheel/setuptools/_vendor/zipp/compat
copying build/lib/setuptools/_vendor/zipp/compat/py313.py -> build/bdist.linux-x86_64/wheel/./setuptools/_vendor/zipp/compat
copying build/lib/setuptools/_vendor/zipp/compat/overlay.py -> build/bdist.linux-x86_64/wheel/./setuptools/_vendor/zipp/compat
copying build/lib/setuptools/_vendor/zipp/compat/__init__.py -> build/bdist.linux-x86_64/wheel/./setuptools/_vendor/zipp/compat
copying build/lib/setuptools/_vendor/zipp/compat/py310.py -> build/bdist.linux-x86_64/wheel/./setuptools/_vendor/zipp/compat
copying build/lib/setuptools/_vendor/zipp/glob.py -> build/bdist.linux-x86_64/wheel/./setuptools/_vendor/zipp
copying build/lib/setuptools/_vendor/zipp/__init__.py -> build/bdist.linux-x86_64/wheel/./setuptools/_vendor/zipp
creating build/bdist.linux-x86_64/wheel/setuptools/_vendor/jaraco
creating build/bdist.linux-x86_64/wheel/setuptools/_vendor/jaraco/text
copying build/lib/setuptools/_vendor/jaraco/text/Lorem ipsum.txt -> build/bdist.linux-x86_64/wheel/./setuptools/_vendor/jaraco/text
copying build/lib/setuptools/_vendor/jaraco/text/show-newlines.py -> build/bdist.linux-x86_64/wheel/./setuptools/_vendor/jaraco/text
copying build/lib/setuptools/_vendor/jaraco/text/layouts.py -> build/bdist.linux-x86_64/wheel/./setuptools/_vendor/jaraco/text
copying build/lib/setuptools/_vendor/jaraco/text/to-dvorak.py -> build/bdist.linux-x86_64/wheel/./setuptools/_vendor/jaraco/text
copying build/lib/setuptools/_vendor/jaraco/text/__init__.py -> build/bdist.linux-x86_64/wheel/./setuptools/_vendor/jaraco/text
copying build/lib/setuptools/_vendor/jaraco/text/to-qwerty.py -> build/bdist.linux-x86_64/wheel/./setuptools/_vendor/jaraco/text
copying build/lib/setuptools/_vendor/jaraco/text/strip-prefix.py -> build/bdist.linux-x86_64/wheel/./setuptools/_vendor/jaraco/text
creating build/bdist.linux-x86_64/wheel/setuptools/_vendor/jaraco/functools
copying build/lib/setuptools/_vendor/jaraco/functools/__init__.py -> build/bdist.linux-x86_64/wheel/./setuptools/_vendor/jaraco/functools
copying build/lib/setuptools/_vendor/jaraco/functools/__init__.pyi -> build/bdist.linux-x86_64/wheel/./setuptools/_vendor/jaraco/functools
copying build/lib/setuptools/_vendor/jaraco/functools/py.typed -> build/bdist.linux-x86_64/wheel/./setuptools/_vendor/jaraco/functools
creating build/bdist.linux-x86_64/wheel/setuptools/_vendor/jaraco/context
copying build/lib/setuptools/_vendor/jaraco/context/__init__.py -> build/bdist.linux-x86_64/wheel/./setuptools/_vendor/jaraco/context
copying build/lib/setuptools/_vendor/jaraco/context/py.typed -> build/bdist.linux-x86_64/wheel/./setuptools/_vendor/jaraco/context
creating build/bdist.linux-x86_64/wheel/setuptools/_vendor/more_itertools
copying build/lib/setuptools/_vendor/more_itertools/more.pyi -> build/bdist.linux-x86_64/wheel/./setuptools/_vendor/more_itertools
copying build/lib/setuptools/_vendor/more_itertools/recipes.py -> build/bdist.linux-x86_64/wheel/./setuptools/_vendor/more_itertools
copying build/lib/setuptools/_vendor/more_itertools/more.py -> build/bdist.linux-x86_64/wheel/./setuptools/_vendor/more_itertools
copying build/lib/setuptools/_vendor/more_itertools/__init__.py -> build/bdist.linux-x86_64/wheel/./setuptools/_vendor/more_itertools
copying build/lib/setuptools/_vendor/more_itertools/__init__.pyi -> build/bdist.linux-x86_64/wheel/./setuptools/_vendor/more_itertools
copying build/lib/setuptools/_vendor/more_itertools/recipes.pyi -> build/bdist.linux-x86_64/wheel/./setuptools/_vendor/more_itertools
copying build/lib/setuptools/_vendor/more_itertools/py.typed -> build/bdist.linux-x86_64/wheel/./setuptools/_vendor/more_itertools
creating build/bdist.linux-x86_64/wheel/setuptools/_vendor/more_itertools-10.8.0.dist-info
copying build/lib/setuptools/_vendor/more_itertools-10.8.0.dist-info/RECORD -> build/bdist.linux-x86_64/wheel/./setuptools/_vendor/more_itertools-10.8.0.dist-info
copying build/lib/setuptools/_vendor/more_itertools-10.8.0.dist-info/METADATA -> build/bdist.linux-x86_64/wheel/./setuptools/_vendor/more_itertools-10.8.0.dist-info
copying build/lib/setuptools/_vendor/more_itertools-10.8.0.dist-info/REQUESTED -> build/bdist.linux-x86_64/wheel/./setuptools/_vendor/more_itertools-10.8.0.dist-info
copying build/lib/setuptools/_vendor/more_itertools-10.8.0.dist-info/WHEEL -> build/bdist.linux-x86_64/wheel/./setuptools/_vendor/more_itertools-10.8.0.dist-info
creating build/bdist.linux-x86_64/wheel/setuptools/_vendor/more_itertools-10.8.0.dist-info/licenses
copying build/lib/setuptools/_vendor/more_itertools-10.8.0.dist-info/licenses/LICENSE -> build/bdist.linux-x86_64/wheel/./setuptools/_vendor/more_itertools-10.8.0.dist-info/licenses
copying build/lib/setuptools/_vendor/more_itertools-10.8.0.dist-info/INSTALLER -> build/bdist.linux-x86_64/wheel/./setuptools/_vendor/more_itertools-10.8.0.dist-info
creating build/bdist.linux-x86_64/wheel/setuptools/_vendor/platformdirs-4.4.0.dist-info
copying build/lib/setuptools/_vendor/platformdirs-4.4.0.dist-info/RECORD -> build/bdist.linux-x86_64/wheel/./setuptools/_vendor/platformdirs-4.4.0.dist-info
copying build/lib/setuptools/_vendor/platformdirs-4.4.0.dist-info/METADATA -> build/bdist.linux-x86_64/wheel/./setuptools/_vendor/platformdirs-4.4.0.dist-info
copying build/lib/setuptools/_vendor/platformdirs-4.4.0.dist-info/REQUESTED -> build/bdist.linux-x86_64/wheel/./setuptools/_vendor/platformdirs-4.4.0.dist-info
copying build/lib/setuptools/_vendor/platformdirs-4.4.0.dist-info/WHEEL -> build/bdist.linux-x86_64/wheel/./setuptools/_vendor/platformdirs-4.4.0.dist-info
creating build/bdist.linux-x86_64/wheel/setuptools/_vendor/platformdirs-4.4.0.dist-info/licenses
copying build/lib/setuptools/_vendor/platformdirs-4.4.0.dist-info/licenses/LICENSE -> build/bdist.linux-x86_64/wheel/./setuptools/_vendor/platformdirs-4.4.0.dist-info/licenses
copying build/lib/setuptools/_vendor/platformdirs-4.4.0.dist-info/INSTALLER -> build/bdist.linux-x86_64/wheel/./setuptools/_vendor/platformdirs-4.4.0.dist-info
creating build/bdist.linux-x86_64/wheel/setuptools/_vendor/autocommand
copying build/lib/setuptools/_vendor/autocommand/automain.py -> build/bdist.linux-x86_64/wheel/./setuptools/_vendor/autocommand
copying build/lib/setuptools/_vendor/autocommand/autoparse.py -> build/bdist.linux-x86_64/wheel/./setuptools/_vendor/autocommand
copying build/lib/setuptools/_vendor/autocommand/__init__.py -> build/bdist.linux-x86_64/wheel/./setuptools/_vendor/autocommand
copying build/lib/setuptools/_vendor/autocommand/errors.py -> build/bdist.linux-x86_64/wheel/./setuptools/_vendor/autocommand
copying build/lib/setuptools/_vendor/autocommand/autocommand.py -> build/bdist.linux-x86_64/wheel/./setuptools/_vendor/autocommand
copying build/lib/setuptools/_vendor/autocommand/autoasync.py -> build/bdist.linux-x86_64/wheel/./setuptools/_vendor/autocommand
creating build/bdist.linux-x86_64/wheel/setuptools/_vendor/backports
creating build/bdist.linux-x86_64/wheel/setuptools/_vendor/backports/tarfile
creating build/bdist.linux-x86_64/wheel/setuptools/_vendor/backports/tarfile/compat
copying build/lib/setuptools/_vendor/backports/tarfile/compat/__init__.py -> build/bdist.linux-x86_64/wheel/./setuptools/_vendor/backports/tarfile/compat
copying build/lib/setuptools/_vendor/backports/tarfile/compat/py38.py -> build/bdist.linux-x86_64/wheel/./setuptools/_vendor/backports/tarfile/compat
copying build/lib/setuptools/_vendor/backports/tarfile/__main__.py -> build/bdist.linux-x86_64/wheel/./setuptools/_vendor/backports/tarfile
copying build/lib/setuptools/_vendor/backports/tarfile/__init__.py -> build/bdist.linux-x86_64/wheel/./setuptools/_vendor/backports/tarfile
copying build/lib/setuptools/_vendor/backports/__init__.py -> build/bdist.linux-x86_64/wheel/./setuptools/_vendor/backports
creating build/bdist.linux-x86_64/wheel/setuptools/_vendor/packaging
copying build/lib/setuptools/_vendor/packaging/pylock.py -> build/bdist.linux-x86_64/wheel/./setuptools/_vendor/packaging
copying build/lib/setuptools/_vendor/packaging/_manylinux.py -> build/bdist.linux-x86_64/wheel/./setuptools/_vendor/packaging
copying build/lib/setuptools/_vendor/packaging/metadata.py -> build/bdist.linux-x86_64/wheel/./setuptools/_vendor/packaging
copying build/lib/setuptools/_vendor/packaging/_musllinux.py -> build/bdist.linux-x86_64/wheel/./setuptools/_vendor/packaging
copying build/lib/setuptools/_vendor/packaging/__init__.py -> build/bdist.linux-x86_64/wheel/./setuptools/_vendor/packaging
copying build/lib/setuptools/_vendor/packaging/specifiers.py -> build/bdist.linux-x86_64/wheel/./setuptools/_vendor/packaging
copying build/lib/setuptools/_vendor/packaging/_tokenizer.py -> build/bdist.linux-x86_64/wheel/./setuptools/_vendor/packaging
copying build/lib/setuptools/_vendor/packaging/markers.py -> build/bdist.linux-x86_64/wheel/./setuptools/_vendor/packaging
copying build/lib/setuptools/_vendor/packaging/tags.py -> build/bdist.linux-x86_64/wheel/./setuptools/_vendor/packaging
creating build/bdist.linux-x86_64/wheel/setuptools/_vendor/packaging/licenses
copying build/lib/setuptools/_vendor/packaging/licenses/__init__.py -> build/bdist.linux-x86_64/wheel/./setuptools/_vendor/packaging/licenses
copying build/lib/setuptools/_vendor/packaging/licenses/_spdx.py -> build/bdist.linux-x86_64/wheel/./setuptools/_vendor/packaging/licenses
copying build/lib/setuptools/_vendor/packaging/_elffile.py -> build/bdist.linux-x86_64/wheel/./setuptools/_vendor/packaging
copying build/lib/setuptools/_vendor/packaging/utils.py -> build/bdist.linux-x86_64/wheel/./setuptools/_vendor/packaging
copying build/lib/setuptools/_vendor/packaging/_structures.py -> build/bdist.linux-x86_64/wheel/./setuptools/_vendor/packaging
copying build/lib/setuptools/_vendor/packaging/py.typed -> build/bdist.linux-x86_64/wheel/./setuptools/_vendor/packaging
copying build/lib/setuptools/_vendor/packaging/version.py -> build/bdist.linux-x86_64/wheel/./setuptools/_vendor/packaging
copying build/lib/setuptools/_vendor/packaging/requirements.py -> build/bdist.linux-x86_64/wheel/./setuptools/_vendor/packaging
copying build/lib/setuptools/_vendor/packaging/_parser.py -> build/bdist.linux-x86_64/wheel/./setuptools/_vendor/packaging
creating build/bdist.linux-x86_64/wheel/setuptools/_vendor/tomli
copying build/lib/setuptools/_vendor/tomli/_re.py -> build/bdist.linux-x86_64/wheel/./setuptools/_vendor/tomli
copying build/lib/setuptools/_vendor/tomli/_types.py -> build/bdist.linux-x86_64/wheel/./setuptools/_vendor/tomli
copying build/lib/setuptools/_vendor/tomli/__init__.py -> build/bdist.linux-x86_64/wheel/./setuptools/_vendor/tomli
copying build/lib/setuptools/_vendor/tomli/py.typed -> build/bdist.linux-x86_64/wheel/./setuptools/_vendor/tomli
copying build/lib/setuptools/_vendor/tomli/_parser.py -> build/bdist.linux-x86_64/wheel/./setuptools/_vendor/tomli
copying build/lib/setuptools/_vendor/.lock -> build/bdist.linux-x86_64/wheel/./setuptools/_vendor
creating build/bdist.linux-x86_64/wheel/setuptools/_vendor/jaraco_functools-4.4.0.dist-info
copying build/lib/setuptools/_vendor/jaraco_functools-4.4.0.dist-info/RECORD -> build/bdist.linux-x86_64/wheel/./setuptools/_vendor/jaraco_functools-4.4.0.dist-info
copying build/lib/setuptools/_vendor/jaraco_functools-4.4.0.dist-info/METADATA -> build/bdist.linux-x86_64/wheel/./setuptools/_vendor/jaraco_functools-4.4.0.dist-info
copying build/lib/setuptools/_vendor/jaraco_functools-4.4.0.dist-info/REQUESTED -> build/bdist.linux-x86_64/wheel/./setuptools/_vendor/jaraco_functools-4.4.0.dist-info
copying build/lib/setuptools/_vendor/jaraco_functools-4.4.0.dist-info/top_level.txt -> build/bdist.linux-x86_64/wheel/./setuptools/_vendor/jaraco_functools-4.4.0.dist-info
copying build/lib/setuptools/_vendor/jaraco_functools-4.4.0.dist-info/WHEEL -> build/bdist.linux-x86_64/wheel/./setuptools/_vendor/jaraco_functools-4.4.0.dist-info
creating build/bdist.linux-x86_64/wheel/setuptools/_vendor/jaraco_functools-4.4.0.dist-info/licenses
copying build/lib/setuptools/_vendor/jaraco_functools-4.4.0.dist-info/licenses/LICENSE -> build/bdist.linux-x86_64/wheel/./setuptools/_vendor/jaraco_functools-4.4.0.dist-info/licenses
copying build/lib/setuptools/_vendor/jaraco_functools-4.4.0.dist-info/INSTALLER -> build/bdist.linux-x86_64/wheel/./setuptools/_vendor/jaraco_functools-4.4.0.dist-info
creating build/bdist.linux-x86_64/wheel/setuptools/_vendor/autocommand-2.2.2.dist-info
copying build/lib/setuptools/_vendor/autocommand-2.2.2.dist-info/RECORD -> build/bdist.linux-x86_64/wheel/./setuptools/_vendor/autocommand-2.2.2.dist-info
copying build/lib/setuptools/_vendor/autocommand-2.2.2.dist-info/METADATA -> build/bdist.linux-x86_64/wheel/./setuptools/_vendor/autocommand-2.2.2.dist-info
copying build/lib/setuptools/_vendor/autocommand-2.2.2.dist-info/REQUESTED -> build/bdist.linux-x86_64/wheel/./setuptools/_vendor/autocommand-2.2.2.dist-info
copying build/lib/setuptools/_vendor/autocommand-2.2.2.dist-info/top_level.txt -> build/bdist.linux-x86_64/wheel/./setuptools/_vendor/autocommand-2.2.2.dist-info
copying build/lib/setuptools/_vendor/autocommand-2.2.2.dist-info/WHEEL -> build/bdist.linux-x86_64/wheel/./setuptools/_vendor/autocommand-2.2.2.dist-info
copying build/lib/setuptools/_vendor/autocommand-2.2.2.dist-info/LICENSE -> build/bdist.linux-x86_64/wheel/./setuptools/_vendor/autocommand-2.2.2.dist-info
copying build/lib/setuptools/_vendor/autocommand-2.2.2.dist-info/INSTALLER -> build/bdist.linux-x86_64/wheel/./setuptools/_vendor/autocommand-2.2.2.dist-info
creating build/bdist.linux-x86_64/wheel/setuptools/_vendor/jaraco_context-6.1.0.dist-info
copying build/lib/setuptools/_vendor/jaraco_context-6.1.0.dist-info/RECORD -> build/bdist.linux-x86_64/wheel/./setuptools/_vendor/jaraco_context-6.1.0.dist-info
copying build/lib/setuptools/_vendor/jaraco_context-6.1.0.dist-info/METADATA -> build/bdist.linux-x86_64/wheel/./setuptools/_vendor/jaraco_context-6.1.0.dist-info
copying build/lib/setuptools/_vendor/jaraco_context-6.1.0.dist-info/REQUESTED -> build/bdist.linux-x86_64/wheel/./setuptools/_vendor/jaraco_context-6.1.0.dist-info
copying build/lib/setuptools/_vendor/jaraco_context-6.1.0.dist-info/top_level.txt -> build/bdist.linux-x86_64/wheel/./setuptools/_vendor/jaraco_context-6.1.0.dist-info
copying build/lib/setuptools/_vendor/jaraco_context-6.1.0.dist-info/WHEEL -> build/bdist.linux-x86_64/wheel/./setuptools/_vendor/jaraco_context-6.1.0.dist-info
creating build/bdist.linux-x86_64/wheel/setuptools/_vendor/jaraco_context-6.1.0.dist-info/licenses
copying build/lib/setuptools/_vendor/jaraco_context-6.1.0.dist-info/licenses/LICENSE -> build/bdist.linux-x86_64/wheel/./setuptools/_vendor/jaraco_context-6.1.0.dist-info/licenses
copying build/lib/setuptools/_vendor/jaraco_context-6.1.0.dist-info/INSTALLER -> build/bdist.linux-x86_64/wheel/./setuptools/_vendor/jaraco_context-6.1.0.dist-info
creating build/bdist.linux-x86_64/wheel/setuptools/_vendor/wheel-0.46.3.dist-info
copying build/lib/setuptools/_vendor/wheel-0.46.3.dist-info/RECORD -> build/bdist.linux-x86_64/wheel/./setuptools/_vendor/wheel-0.46.3.dist-info
copying build/lib/setuptools/_vendor/wheel-0.46.3.dist-info/METADATA -> build/bdist.linux-x86_64/wheel/./setuptools/_vendor/wheel-0.46.3.dist-info
copying build/lib/setuptools/_vendor/wheel-0.46.3.dist-info/REQUESTED -> build/bdist.linux-x86_64/wheel/./setuptools/_vendor/wheel-0.46.3.dist-info
copying build/lib/setuptools/_vendor/wheel-0.46.3.dist-info/WHEEL -> build/bdist.linux-x86_64/wheel/./setuptools/_vendor/wheel-0.46.3.dist-info
creating build/bdist.linux-x86_64/wheel/setuptools/_vendor/wheel-0.46.3.dist-info/licenses
copying build/lib/setuptools/_vendor/wheel-0.46.3.dist-info/licenses/LICENSE.txt -> build/bdist.linux-x86_64/wheel/./setuptools/_vendor/wheel-0.46.3.dist-info/licenses
copying build/lib/setuptools/_vendor/wheel-0.46.3.dist-info/entry_points.txt -> build/bdist.linux-x86_64/wheel/./setuptools/_vendor/wheel-0.46.3.dist-info
copying build/lib/setuptools/_vendor/wheel-0.46.3.dist-info/INSTALLER -> build/bdist.linux-x86_64/wheel/./setuptools/_vendor/wheel-0.46.3.dist-info
creating build/bdist.linux-x86_64/wheel/setuptools/_vendor/importlib_metadata
copying build/lib/setuptools/_vendor/importlib_metadata/diagnose.py -> build/bdist.linux-x86_64/wheel/./setuptools/_vendor/importlib_metadata
copying build/lib/setuptools/_vendor/importlib_metadata/_functools.py -> build/bdist.linux-x86_64/wheel/./setuptools/_vendor/importlib_metadata
creating build/bdist.linux-x86_64/wheel/setuptools/_vendor/importlib_metadata/compat
copying build/lib/setuptools/_vendor/importlib_metadata/compat/py311.py -> build/bdist.linux-x86_64/wheel/./setuptools/_vendor/importlib_metadata/compat
copying build/lib/setuptools/_vendor/importlib_metadata/compat/py39.py -> build/bdist.linux-x86_64/wheel/./setuptools/_vendor/importlib_metadata/compat
copying build/lib/setuptools/_vendor/importlib_metadata/compat/__init__.py -> build/bdist.linux-x86_64/wheel/./setuptools/_vendor/importlib_metadata/compat
copying build/lib/setuptools/_vendor/importlib_metadata/_itertools.py -> build/bdist.linux-x86_64/wheel/./setuptools/_vendor/importlib_metadata
copying build/lib/setuptools/_vendor/importlib_metadata/_typing.py -> build/bdist.linux-x86_64/wheel/./setuptools/_vendor/importlib_metadata
copying build/lib/setuptools/_vendor/importlib_metadata/_text.py -> build/bdist.linux-x86_64/wheel/./setuptools/_vendor/importlib_metadata
copying build/lib/setuptools/_vendor/importlib_metadata/__init__.py -> build/bdist.linux-x86_64/wheel/./setuptools/_vendor/importlib_metadata
copying build/lib/setuptools/_vendor/importlib_metadata/_compat.py -> build/bdist.linux-x86_64/wheel/./setuptools/_vendor/importlib_metadata
copying build/lib/setuptools/_vendor/importlib_metadata/_adapters.py -> build/bdist.linux-x86_64/wheel/./setuptools/_vendor/importlib_metadata
copying build/lib/setuptools/_vendor/importlib_metadata/_meta.py -> build/bdist.linux-x86_64/wheel/./setuptools/_vendor/importlib_metadata
copying build/lib/setuptools/_vendor/importlib_metadata/py.typed -> build/bdist.linux-x86_64/wheel/./setuptools/_vendor/importlib_metadata
copying build/lib/setuptools/_vendor/importlib_metadata/_collections.py -> build/bdist.linux-x86_64/wheel/./setuptools/_vendor/importlib_metadata
creating build/bdist.linux-x86_64/wheel/setuptools/command
copying build/lib/setuptools/command/bdist_rpm.py -> build/bdist.linux-x86_64/wheel/./setuptools/command
copying build/lib/setuptools/command/setopt.py -> build/bdist.linux-x86_64/wheel/./setuptools/command
copying build/lib/setuptools/command/develop.py -> build/bdist.linux-x86_64/wheel/./setuptools/command
copying build/lib/setuptools/command/bdist_wheel.py -> build/bdist.linux-x86_64/wheel/./setuptools/command
copying build/lib/setuptools/command/dist_info.py -> build/bdist.linux-x86_64/wheel/./setuptools/command
copying build/lib/setuptools/command/_requirestxt.py -> build/bdist.linux-x86_64/wheel/./setuptools/command
copying build/lib/setuptools/command/install_lib.py -> build/bdist.linux-x86_64/wheel/./setuptools/command
copying build/lib/setuptools/command/build_py.py -> build/bdist.linux-x86_64/wheel/./setuptools/command
copying build/lib/setuptools/command/install_scripts.py -> build/bdist.linux-x86_64/wheel/./setuptools/command
copying build/lib/setuptools/command/__init__.py -> build/bdist.linux-x86_64/wheel/./setuptools/command
copying build/lib/setuptools/command/egg_info.py -> build/bdist.linux-x86_64/wheel/./setuptools/command
copying build/lib/setuptools/command/bdist_egg.py -> build/bdist.linux-x86_64/wheel/./setuptools/command
copying build/lib/setuptools/command/saveopts.py -> build/bdist.linux-x86_64/wheel/./setuptools/command
copying build/lib/setuptools/command/build_ext.py -> build/bdist.linux-x86_64/wheel/./setuptools/command
copying build/lib/setuptools/command/test.py -> build/bdist.linux-x86_64/wheel/./setuptools/command
copying build/lib/setuptools/command/build.py -> build/bdist.linux-x86_64/wheel/./setuptools/command
copying build/lib/setuptools/command/alias.py -> build/bdist.linux-x86_64/wheel/./setuptools/command
copying build/lib/setuptools/command/easy_install.py -> build/bdist.linux-x86_64/wheel/./setuptools/command
copying build/lib/setuptools/command/build_clib.py -> build/bdist.linux-x86_64/wheel/./setuptools/command
copying build/lib/setuptools/command/install_egg_info.py -> build/bdist.linux-x86_64/wheel/./setuptools/command
copying build/lib/setuptools/command/install.py -> build/bdist.linux-x86_64/wheel/./setuptools/command
copying build/lib/setuptools/command/sdist.py -> build/bdist.linux-x86_64/wheel/./setuptools/command
copying build/lib/setuptools/command/editable_wheel.py -> build/bdist.linux-x86_64/wheel/./setuptools/command
copying build/lib/setuptools/command/rotate.py -> build/bdist.linux-x86_64/wheel/./setuptools/command
copying build/lib/setuptools/gui-arm64.exe -> build/bdist.linux-x86_64/wheel/./setuptools
copying build/lib/setuptools/wheel.py -> build/bdist.linux-x86_64/wheel/./setuptools
copying build/lib/setuptools/gui-32.exe -> build/bdist.linux-x86_64/wheel/./setuptools
copying build/lib/setuptools/_shutil.py -> build/bdist.linux-x86_64/wheel/./setuptools
copying build/lib/setuptools/_discovery.py -> build/bdist.linux-x86_64/wheel/./setuptools
copying build/lib/setuptools/version.py -> build/bdist.linux-x86_64/wheel/./setuptools
copying build/lib/setuptools/script.tmpl -> build/bdist.linux-x86_64/wheel/./setuptools
copying build/lib/setuptools/installer.py -> build/bdist.linux-x86_64/wheel/./setuptools
creating build/bdist.linux-x86_64/wheel/_distutils_hack
copying build/lib/_distutils_hack/override.py -> build/bdist.linux-x86_64/wheel/./_distutils_hack
copying build/lib/_distutils_hack/__init__.py -> build/bdist.linux-x86_64/wheel/./_distutils_hack
running install_egg_info
Copying setuptools.egg-info to build/bdist.linux-x86_64/wheel/./setuptools-82.0.1-py3.14.egg-info
running install_scripts
creating build/bdist.linux-x86_64/wheel/./distutils-precedence.pth
creating build/bdist.linux-x86_64/wheel/setuptools-82.0.1.dist-info/WHEEL
creating '/blfs/builds/setuptools-82.0.1/dist/.tmp-4kfacfsw/setuptools-82.0.1-py3-none-any.whl' and adding 'build/bdist.linux-x86_64/wheel' to it
adding 'distutils-precedence.pth'
adding '_distutils_hack/__init__.py'
adding '_distutils_hack/override.py'
adding 'setuptools/__init__.py'
adding 'setuptools/_core_metadata.py'
adding 'setuptools/_discovery.py'
adding 'setuptools/_entry_points.py'
adding 'setuptools/_imp.py'
adding 'setuptools/_importlib.py'
adding 'setuptools/_itertools.py'
adding 'setuptools/_normalization.py'
adding 'setuptools/_path.py'
adding 'setuptools/_reqs.py'
adding 'setuptools/_scripts.py'
adding 'setuptools/_shutil.py'
adding 'setuptools/_static.py'
adding 'setuptools/archive_util.py'
adding 'setuptools/build_meta.py'
adding 'setuptools/cli-32.exe'
adding 'setuptools/cli-64.exe'
adding 'setuptools/cli-arm64.exe'
adding 'setuptools/cli.exe'
adding 'setuptools/depends.py'
adding 'setuptools/discovery.py'
adding 'setuptools/dist.py'
adding 'setuptools/errors.py'
adding 'setuptools/extension.py'
adding 'setuptools/glob.py'
adding 'setuptools/gui-32.exe'
adding 'setuptools/gui-64.exe'
adding 'setuptools/gui-arm64.exe'
adding 'setuptools/gui.exe'
adding 'setuptools/installer.py'
adding 'setuptools/launch.py'
adding 'setuptools/launcher manifest.xml'
adding 'setuptools/logging.py'
adding 'setuptools/modified.py'
adding 'setuptools/monkey.py'
adding 'setuptools/msvc.py'
adding 'setuptools/namespaces.py'
adding 'setuptools/script (dev).tmpl'
adding 'setuptools/script.tmpl'
adding 'setuptools/unicode_utils.py'
adding 'setuptools/version.py'
adding 'setuptools/warnings.py'
adding 'setuptools/wheel.py'
adding 'setuptools/windows_support.py'
adding 'setuptools/_distutils/__init__.py'
adding 'setuptools/_distutils/_log.py'
adding 'setuptools/_distutils/_macos_compat.py'
adding 'setuptools/_distutils/_modified.py'
adding 'setuptools/_distutils/_msvccompiler.py'
adding 'setuptools/_distutils/archive_util.py'
adding 'setuptools/_distutils/ccompiler.py'
adding 'setuptools/_distutils/cmd.py'
adding 'setuptools/_distutils/core.py'
adding 'setuptools/_distutils/cygwinccompiler.py'
adding 'setuptools/_distutils/debug.py'
adding 'setuptools/_distutils/dep_util.py'
adding 'setuptools/_distutils/dir_util.py'
adding 'setuptools/_distutils/dist.py'
adding 'setuptools/_distutils/errors.py'
adding 'setuptools/_distutils/extension.py'
adding 'setuptools/_distutils/fancy_getopt.py'
adding 'setuptools/_distutils/file_util.py'
adding 'setuptools/_distutils/filelist.py'
adding 'setuptools/_distutils/log.py'
adding 'setuptools/_distutils/spawn.py'
adding 'setuptools/_distutils/sysconfig.py'
adding 'setuptools/_distutils/text_file.py'
adding 'setuptools/_distutils/unixccompiler.py'
adding 'setuptools/_distutils/util.py'
adding 'setuptools/_distutils/version.py'
adding 'setuptools/_distutils/versionpredicate.py'
adding 'setuptools/_distutils/zosccompiler.py'
adding 'setuptools/_distutils/command/__init__.py'
adding 'setuptools/_distutils/command/_framework_compat.py'
adding 'setuptools/_distutils/command/bdist.py'
adding 'setuptools/_distutils/command/bdist_dumb.py'
adding 'setuptools/_distutils/command/bdist_rpm.py'
adding 'setuptools/_distutils/command/build.py'
adding 'setuptools/_distutils/command/build_clib.py'
adding 'setuptools/_distutils/command/build_ext.py'
adding 'setuptools/_distutils/command/build_py.py'
adding 'setuptools/_distutils/command/build_scripts.py'
adding 'setuptools/_distutils/command/check.py'
adding 'setuptools/_distutils/command/clean.py'
adding 'setuptools/_distutils/command/config.py'
adding 'setuptools/_distutils/command/install.py'
adding 'setuptools/_distutils/command/install_data.py'
adding 'setuptools/_distutils/command/install_egg_info.py'
adding 'setuptools/_distutils/command/install_headers.py'
adding 'setuptools/_distutils/command/install_lib.py'
adding 'setuptools/_distutils/command/install_scripts.py'
adding 'setuptools/_distutils/command/sdist.py'
adding 'setuptools/_distutils/compat/__init__.py'
adding 'setuptools/_distutils/compat/numpy.py'
adding 'setuptools/_distutils/compat/py39.py'
adding 'setuptools/_distutils/compilers/C/base.py'
adding 'setuptools/_distutils/compilers/C/cygwin.py'
adding 'setuptools/_distutils/compilers/C/errors.py'
adding 'setuptools/_distutils/compilers/C/msvc.py'
adding 'setuptools/_distutils/compilers/C/unix.py'
adding 'setuptools/_distutils/compilers/C/zos.py'
adding 'setuptools/_distutils/compilers/C/tests/test_base.py'
adding 'setuptools/_distutils/compilers/C/tests/test_cygwin.py'
adding 'setuptools/_distutils/compilers/C/tests/test_mingw.py'
adding 'setuptools/_distutils/compilers/C/tests/test_msvc.py'
adding 'setuptools/_distutils/compilers/C/tests/test_unix.py'
adding 'setuptools/_distutils/tests/__init__.py'
adding 'setuptools/_distutils/tests/support.py'
adding 'setuptools/_distutils/tests/test_archive_util.py'
adding 'setuptools/_distutils/tests/test_bdist.py'
adding 'setuptools/_distutils/tests/test_bdist_dumb.py'
adding 'setuptools/_distutils/tests/test_bdist_rpm.py'
adding 'setuptools/_distutils/tests/test_build.py'
adding 'setuptools/_distutils/tests/test_build_clib.py'
adding 'setuptools/_distutils/tests/test_build_ext.py'
adding 'setuptools/_distutils/tests/test_build_py.py'
adding 'setuptools/_distutils/tests/test_build_scripts.py'
adding 'setuptools/_distutils/tests/test_check.py'
adding 'setuptools/_distutils/tests/test_clean.py'
adding 'setuptools/_distutils/tests/test_cmd.py'
adding 'setuptools/_distutils/tests/test_config_cmd.py'
adding 'setuptools/_distutils/tests/test_core.py'
adding 'setuptools/_distutils/tests/test_dir_util.py'
adding 'setuptools/_distutils/tests/test_dist.py'
adding 'setuptools/_distutils/tests/test_extension.py'
adding 'setuptools/_distutils/tests/test_file_util.py'
adding 'setuptools/_distutils/tests/test_filelist.py'
adding 'setuptools/_distutils/tests/test_install.py'
adding 'setuptools/_distutils/tests/test_install_data.py'
adding 'setuptools/_distutils/tests/test_install_headers.py'
adding 'setuptools/_distutils/tests/test_install_lib.py'
adding 'setuptools/_distutils/tests/test_install_scripts.py'
adding 'setuptools/_distutils/tests/test_log.py'
adding 'setuptools/_distutils/tests/test_modified.py'
adding 'setuptools/_distutils/tests/test_sdist.py'
adding 'setuptools/_distutils/tests/test_spawn.py'
adding 'setuptools/_distutils/tests/test_sysconfig.py'
adding 'setuptools/_distutils/tests/test_text_file.py'
adding 'setuptools/_distutils/tests/test_util.py'
adding 'setuptools/_distutils/tests/test_version.py'
adding 'setuptools/_distutils/tests/test_versionpredicate.py'
adding 'setuptools/_distutils/tests/unix_compat.py'
adding 'setuptools/_distutils/tests/compat/__init__.py'
adding 'setuptools/_distutils/tests/compat/py39.py'
adding 'setuptools/_vendor/.lock'
adding 'setuptools/_vendor/autocommand/__init__.py'
adding 'setuptools/_vendor/autocommand/autoasync.py'
adding 'setuptools/_vendor/autocommand/autocommand.py'
adding 'setuptools/_vendor/autocommand/automain.py'
adding 'setuptools/_vendor/autocommand/autoparse.py'
adding 'setuptools/_vendor/autocommand/errors.py'
adding 'setuptools/_vendor/backports/__init__.py'
adding 'setuptools/_vendor/backports/tarfile/__init__.py'
adding 'setuptools/_vendor/backports/tarfile/__main__.py'
adding 'setuptools/_vendor/backports/tarfile/compat/__init__.py'
adding 'setuptools/_vendor/backports/tarfile/compat/py38.py'
adding 'setuptools/_vendor/importlib_metadata/__init__.py'
adding 'setuptools/_vendor/importlib_metadata/_adapters.py'
adding 'setuptools/_vendor/importlib_metadata/_collections.py'
adding 'setuptools/_vendor/importlib_metadata/_compat.py'
adding 'setuptools/_vendor/importlib_metadata/_functools.py'
adding 'setuptools/_vendor/importlib_metadata/_itertools.py'
adding 'setuptools/_vendor/importlib_metadata/_meta.py'
adding 'setuptools/_vendor/importlib_metadata/_text.py'
adding 'setuptools/_vendor/importlib_metadata/_typing.py'
adding 'setuptools/_vendor/importlib_metadata/diagnose.py'
adding 'setuptools/_vendor/importlib_metadata/py.typed'
adding 'setuptools/_vendor/importlib_metadata/compat/__init__.py'
adding 'setuptools/_vendor/importlib_metadata/compat/py311.py'
adding 'setuptools/_vendor/importlib_metadata/compat/py39.py'
adding 'setuptools/_vendor/importlib_metadata-8.7.1.dist-info/licenses/LICENSE'
adding 'setuptools/_vendor/jaraco/context/__init__.py'
adding 'setuptools/_vendor/jaraco/context/py.typed'
adding 'setuptools/_vendor/jaraco/functools/__init__.py'
adding 'setuptools/_vendor/jaraco/functools/__init__.pyi'
adding 'setuptools/_vendor/jaraco/functools/py.typed'
adding 'setuptools/_vendor/jaraco/text/Lorem ipsum.txt'
adding 'setuptools/_vendor/jaraco/text/__init__.py'
adding 'setuptools/_vendor/jaraco/text/layouts.py'
adding 'setuptools/_vendor/jaraco/text/show-newlines.py'
adding 'setuptools/_vendor/jaraco/text/strip-prefix.py'
adding 'setuptools/_vendor/jaraco/text/to-dvorak.py'
adding 'setuptools/_vendor/jaraco/text/to-qwerty.py'
adding 'setuptools/_vendor/jaraco_context-6.1.0.dist-info/licenses/LICENSE'
adding 'setuptools/_vendor/jaraco_functools-4.4.0.dist-info/licenses/LICENSE'
adding 'setuptools/_vendor/more_itertools/__init__.py'
adding 'setuptools/_vendor/more_itertools/__init__.pyi'
adding 'setuptools/_vendor/more_itertools/more.py'
adding 'setuptools/_vendor/more_itertools/more.pyi'
adding 'setuptools/_vendor/more_itertools/py.typed'
adding 'setuptools/_vendor/more_itertools/recipes.py'
adding 'setuptools/_vendor/more_itertools/recipes.pyi'
adding 'setuptools/_vendor/more_itertools-10.8.0.dist-info/licenses/LICENSE'
adding 'setuptools/_vendor/packaging/__init__.py'
adding 'setuptools/_vendor/packaging/_elffile.py'
adding 'setuptools/_vendor/packaging/_manylinux.py'
adding 'setuptools/_vendor/packaging/_musllinux.py'
adding 'setuptools/_vendor/packaging/_parser.py'
adding 'setuptools/_vendor/packaging/_structures.py'
adding 'setuptools/_vendor/packaging/_tokenizer.py'
adding 'setuptools/_vendor/packaging/markers.py'
adding 'setuptools/_vendor/packaging/metadata.py'
adding 'setuptools/_vendor/packaging/py.typed'
adding 'setuptools/_vendor/packaging/pylock.py'
adding 'setuptools/_vendor/packaging/requirements.py'
adding 'setuptools/_vendor/packaging/specifiers.py'
adding 'setuptools/_vendor/packaging/tags.py'
adding 'setuptools/_vendor/packaging/utils.py'
adding 'setuptools/_vendor/packaging/version.py'
adding 'setuptools/_vendor/packaging/licenses/__init__.py'
adding 'setuptools/_vendor/packaging/licenses/_spdx.py'
adding 'setuptools/_vendor/packaging-26.0.dist-info/licenses/LICENSE'
adding 'setuptools/_vendor/packaging-26.0.dist-info/licenses/LICENSE.APACHE'
adding 'setuptools/_vendor/packaging-26.0.dist-info/licenses/LICENSE.BSD'
adding 'setuptools/_vendor/platformdirs/__init__.py'
adding 'setuptools/_vendor/platformdirs/__main__.py'
adding 'setuptools/_vendor/platformdirs/android.py'
adding 'setuptools/_vendor/platformdirs/api.py'
adding 'setuptools/_vendor/platformdirs/macos.py'
adding 'setuptools/_vendor/platformdirs/py.typed'
adding 'setuptools/_vendor/platformdirs/unix.py'
adding 'setuptools/_vendor/platformdirs/version.py'
adding 'setuptools/_vendor/platformdirs/windows.py'
adding 'setuptools/_vendor/platformdirs-4.4.0.dist-info/licenses/LICENSE'
adding 'setuptools/_vendor/tomli/__init__.py'
adding 'setuptools/_vendor/tomli/_parser.py'
adding 'setuptools/_vendor/tomli/_re.py'
adding 'setuptools/_vendor/tomli/_types.py'
adding 'setuptools/_vendor/tomli/py.typed'
adding 'setuptools/_vendor/tomli-2.4.0.dist-info/licenses/LICENSE'
adding 'setuptools/_vendor/wheel/__init__.py'
adding 'setuptools/_vendor/wheel/__main__.py'
adding 'setuptools/_vendor/wheel/_bdist_wheel.py'
adding 'setuptools/_vendor/wheel/_metadata.py'
adding 'setuptools/_vendor/wheel/_setuptools_logging.py'
adding 'setuptools/_vendor/wheel/bdist_wheel.py'
adding 'setuptools/_vendor/wheel/macosx_libfile.py'
adding 'setuptools/_vendor/wheel/metadata.py'
adding 'setuptools/_vendor/wheel/wheelfile.py'
adding 'setuptools/_vendor/wheel/_commands/__init__.py'
adding 'setuptools/_vendor/wheel/_commands/convert.py'
adding 'setuptools/_vendor/wheel/_commands/pack.py'
adding 'setuptools/_vendor/wheel/_commands/tags.py'
adding 'setuptools/_vendor/wheel/_commands/unpack.py'
adding 'setuptools/_vendor/wheel-0.46.3.dist-info/licenses/LICENSE.txt'
adding 'setuptools/_vendor/zipp/__init__.py'
adding 'setuptools/_vendor/zipp/_functools.py'
adding 'setuptools/_vendor/zipp/glob.py'
adding 'setuptools/_vendor/zipp/compat/__init__.py'
adding 'setuptools/_vendor/zipp/compat/overlay.py'
adding 'setuptools/_vendor/zipp/compat/py310.py'
adding 'setuptools/_vendor/zipp/compat/py313.py'
adding 'setuptools/_vendor/zipp-3.23.0.dist-info/licenses/LICENSE'
adding 'setuptools/command/__init__.py'
adding 'setuptools/command/_requirestxt.py'
adding 'setuptools/command/alias.py'
adding 'setuptools/command/bdist_egg.py'
adding 'setuptools/command/bdist_rpm.py'
adding 'setuptools/command/bdist_wheel.py'
adding 'setuptools/command/build.py'
adding 'setuptools/command/build_clib.py'
adding 'setuptools/command/build_ext.py'
adding 'setuptools/command/build_py.py'
adding 'setuptools/command/develop.py'
adding 'setuptools/command/dist_info.py'
adding 'setuptools/command/easy_install.py'
adding 'setuptools/command/editable_wheel.py'
adding 'setuptools/command/egg_info.py'
adding 'setuptools/command/install.py'
adding 'setuptools/command/install_egg_info.py'
adding 'setuptools/command/install_lib.py'
adding 'setuptools/command/install_scripts.py'
adding 'setuptools/command/rotate.py'
adding 'setuptools/command/saveopts.py'
adding 'setuptools/command/sdist.py'
adding 'setuptools/command/setopt.py'
adding 'setuptools/command/test.py'
adding 'setuptools/compat/__init__.py'
adding 'setuptools/compat/py310.py'
adding 'setuptools/compat/py311.py'
adding 'setuptools/compat/py312.py'
adding 'setuptools/compat/py39.py'
adding 'setuptools/config/NOTICE'
adding 'setuptools/config/__init__.py'
adding 'setuptools/config/_apply_pyprojecttoml.py'
adding 'setuptools/config/distutils.schema.json'
adding 'setuptools/config/expand.py'
adding 'setuptools/config/pyprojecttoml.py'
adding 'setuptools/config/setupcfg.py'
adding 'setuptools/config/setuptools.schema.json'
adding 'setuptools/config/_validate_pyproject/NOTICE'
adding 'setuptools/config/_validate_pyproject/__init__.py'
adding 'setuptools/config/_validate_pyproject/error_reporting.py'
adding 'setuptools/config/_validate_pyproject/extra_validations.py'
adding 'setuptools/config/_validate_pyproject/fastjsonschema_exceptions.py'
adding 'setuptools/config/_validate_pyproject/fastjsonschema_validations.py'
adding 'setuptools/config/_validate_pyproject/formats.py'
adding 'setuptools/tests/__init__.py'
adding 'setuptools/tests/contexts.py'
adding 'setuptools/tests/environment.py'
adding 'setuptools/tests/fixtures.py'
adding 'setuptools/tests/mod_with_constant.py'
adding 'setuptools/tests/namespaces.py'
adding 'setuptools/tests/script-with-bom.py'
adding 'setuptools/tests/test_archive_util.py'
adding 'setuptools/tests/test_bdist_deprecations.py'
adding 'setuptools/tests/test_bdist_egg.py'
adding 'setuptools/tests/test_bdist_wheel.py'
adding 'setuptools/tests/test_build.py'
adding 'setuptools/tests/test_build_clib.py'
adding 'setuptools/tests/test_build_ext.py'
adding 'setuptools/tests/test_build_meta.py'
adding 'setuptools/tests/test_build_py.py'
adding 'setuptools/tests/test_config_discovery.py'
adding 'setuptools/tests/test_core_metadata.py'
adding 'setuptools/tests/test_depends.py'
adding 'setuptools/tests/test_develop.py'
adding 'setuptools/tests/test_dist.py'
adding 'setuptools/tests/test_dist_info.py'
adding 'setuptools/tests/test_distutils_adoption.py'
adding 'setuptools/tests/test_editable_install.py'
adding 'setuptools/tests/test_egg_info.py'
adding 'setuptools/tests/test_extern.py'
adding 'setuptools/tests/test_find_packages.py'
adding 'setuptools/tests/test_find_py_modules.py'
adding 'setuptools/tests/test_glob.py'
adding 'setuptools/tests/test_install_scripts.py'
adding 'setuptools/tests/test_logging.py'
adding 'setuptools/tests/test_manifest.py'
adding 'setuptools/tests/test_namespaces.py'
adding 'setuptools/tests/test_scripts.py'
adding 'setuptools/tests/test_sdist.py'
adding 'setuptools/tests/test_setopt.py'
adding 'setuptools/tests/test_setuptools.py'
adding 'setuptools/tests/test_shutil_wrapper.py'
adding 'setuptools/tests/test_unicode_utils.py'
adding 'setuptools/tests/test_virtualenv.py'
adding 'setuptools/tests/test_warnings.py'
adding 'setuptools/tests/test_wheel.py'
adding 'setuptools/tests/test_windows_wrappers.py'
adding 'setuptools/tests/text.py'
adding 'setuptools/tests/textwrap.py'
adding 'setuptools/tests/compat/__init__.py'
adding 'setuptools/tests/compat/py39.py'
adding 'setuptools/tests/config/__init__.py'
adding 'setuptools/tests/config/setupcfg_examples.txt'
adding 'setuptools/tests/config/test_apply_pyprojecttoml.py'
adding 'setuptools/tests/config/test_expand.py'
adding 'setuptools/tests/config/test_pyprojecttoml.py'
adding 'setuptools/tests/config/test_pyprojecttoml_dynamic_deps.py'
adding 'setuptools/tests/config/test_setupcfg.py'
adding 'setuptools/tests/config/downloads/__init__.py'
adding 'setuptools/tests/config/downloads/preload.py'
adding 'setuptools/tests/indexes/test_links_priority/external.html'
adding 'setuptools/tests/indexes/test_links_priority/simple/foobar/index.html'
adding 'setuptools/tests/integration/__init__.py'
adding 'setuptools/tests/integration/helpers.py'
adding 'setuptools/tests/integration/test_pbr.py'
adding 'setuptools/tests/integration/test_pip_install_sdist.py'
adding 'setuptools-82.0.1.dist-info/licenses/LICENSE'
adding 'setuptools-82.0.1.dist-info/METADATA'
adding 'setuptools-82.0.1.dist-info/WHEEL'
adding 'setuptools-82.0.1.dist-info/entry_points.txt'
adding 'setuptools-82.0.1.dist-info/top_level.txt'
adding 'setuptools/_vendor/autocommand-2.2.2.dist-info/INSTALLER'
adding 'setuptools/_vendor/autocommand-2.2.2.dist-info/LICENSE'
adding 'setuptools/_vendor/autocommand-2.2.2.dist-info/METADATA'
adding 'setuptools/_vendor/autocommand-2.2.2.dist-info/RECORD'
adding 'setuptools/_vendor/autocommand-2.2.2.dist-info/REQUESTED'
adding 'setuptools/_vendor/autocommand-2.2.2.dist-info/WHEEL'
adding 'setuptools/_vendor/autocommand-2.2.2.dist-info/top_level.txt'
adding 'setuptools/_vendor/backports.tarfile-1.2.0.dist-info/INSTALLER'
adding 'setuptools/_vendor/backports.tarfile-1.2.0.dist-info/LICENSE'
adding 'setuptools/_vendor/backports.tarfile-1.2.0.dist-info/METADATA'
adding 'setuptools/_vendor/backports.tarfile-1.2.0.dist-info/RECORD'
adding 'setuptools/_vendor/backports.tarfile-1.2.0.dist-info/REQUESTED'
adding 'setuptools/_vendor/backports.tarfile-1.2.0.dist-info/WHEEL'
adding 'setuptools/_vendor/backports.tarfile-1.2.0.dist-info/top_level.txt'
adding 'setuptools/_vendor/importlib_metadata-8.7.1.dist-info/INSTALLER'
adding 'setuptools/_vendor/importlib_metadata-8.7.1.dist-info/METADATA'
adding 'setuptools/_vendor/importlib_metadata-8.7.1.dist-info/RECORD'
adding 'setuptools/_vendor/importlib_metadata-8.7.1.dist-info/REQUESTED'
adding 'setuptools/_vendor/importlib_metadata-8.7.1.dist-info/WHEEL'
adding 'setuptools/_vendor/importlib_metadata-8.7.1.dist-info/top_level.txt'
adding 'setuptools/_vendor/jaraco.text-4.0.0.dist-info/INSTALLER'
adding 'setuptools/_vendor/jaraco.text-4.0.0.dist-info/LICENSE'
adding 'setuptools/_vendor/jaraco.text-4.0.0.dist-info/METADATA'
adding 'setuptools/_vendor/jaraco.text-4.0.0.dist-info/RECORD'
adding 'setuptools/_vendor/jaraco.text-4.0.0.dist-info/REQUESTED'
adding 'setuptools/_vendor/jaraco.text-4.0.0.dist-info/WHEEL'
adding 'setuptools/_vendor/jaraco.text-4.0.0.dist-info/top_level.txt'
adding 'setuptools/_vendor/jaraco_context-6.1.0.dist-info/INSTALLER'
adding 'setuptools/_vendor/jaraco_context-6.1.0.dist-info/METADATA'
adding 'setuptools/_vendor/jaraco_context-6.1.0.dist-info/RECORD'
adding 'setuptools/_vendor/jaraco_context-6.1.0.dist-info/REQUESTED'
adding 'setuptools/_vendor/jaraco_context-6.1.0.dist-info/WHEEL'
adding 'setuptools/_vendor/jaraco_context-6.1.0.dist-info/top_level.txt'
adding 'setuptools/_vendor/jaraco_functools-4.4.0.dist-info/INSTALLER'
adding 'setuptools/_vendor/jaraco_functools-4.4.0.dist-info/METADATA'
adding 'setuptools/_vendor/jaraco_functools-4.4.0.dist-info/RECORD'
adding 'setuptools/_vendor/jaraco_functools-4.4.0.dist-info/REQUESTED'
adding 'setuptools/_vendor/jaraco_functools-4.4.0.dist-info/WHEEL'
adding 'setuptools/_vendor/jaraco_functools-4.4.0.dist-info/top_level.txt'
adding 'setuptools/_vendor/more_itertools-10.8.0.dist-info/INSTALLER'
adding 'setuptools/_vendor/more_itertools-10.8.0.dist-info/METADATA'
adding 'setuptools/_vendor/more_itertools-10.8.0.dist-info/RECORD'
adding 'setuptools/_vendor/more_itertools-10.8.0.dist-info/REQUESTED'
adding 'setuptools/_vendor/more_itertools-10.8.0.dist-info/WHEEL'
adding 'setuptools/_vendor/packaging-26.0.dist-info/INSTALLER'
adding 'setuptools/_vendor/packaging-26.0.dist-info/METADATA'
adding 'setuptools/_vendor/packaging-26.0.dist-info/RECORD'
adding 'setuptools/_vendor/packaging-26.0.dist-info/REQUESTED'
adding 'setuptools/_vendor/packaging-26.0.dist-info/WHEEL'
adding 'setuptools/_vendor/platformdirs-4.4.0.dist-info/INSTALLER'
adding 'setuptools/_vendor/platformdirs-4.4.0.dist-info/METADATA'
adding 'setuptools/_vendor/platformdirs-4.4.0.dist-info/RECORD'
adding 'setuptools/_vendor/platformdirs-4.4.0.dist-info/REQUESTED'
adding 'setuptools/_vendor/platformdirs-4.4.0.dist-info/WHEEL'
adding 'setuptools/_vendor/tomli-2.4.0.dist-info/INSTALLER'
adding 'setuptools/_vendor/tomli-2.4.0.dist-info/METADATA'
adding 'setuptools/_vendor/tomli-2.4.0.dist-info/RECORD'
adding 'setuptools/_vendor/tomli-2.4.0.dist-info/REQUESTED'
adding 'setuptools/_vendor/tomli-2.4.0.dist-info/WHEEL'
adding 'setuptools/_vendor/wheel-0.46.3.dist-info/INSTALLER'
adding 'setuptools/_vendor/wheel-0.46.3.dist-info/METADATA'
adding 'setuptools/_vendor/wheel-0.46.3.dist-info/RECORD'
adding 'setuptools/_vendor/wheel-0.46.3.dist-info/REQUESTED'
adding 'setuptools/_vendor/wheel-0.46.3.dist-info/WHEEL'
adding 'setuptools/_vendor/wheel-0.46.3.dist-info/entry_points.txt'
adding 'setuptools/_vendor/zipp-3.23.0.dist-info/INSTALLER'
adding 'setuptools/_vendor/zipp-3.23.0.dist-info/METADATA'
adding 'setuptools/_vendor/zipp-3.23.0.dist-info/RECORD'
adding 'setuptools/_vendor/zipp-3.23.0.dist-info/REQUESTED'
adding 'setuptools/_vendor/zipp-3.23.0.dist-info/WHEEL'
adding 'setuptools/_vendor/zipp-3.23.0.dist-info/top_level.txt'
adding 'setuptools-82.0.1.dist-info/RECORD'
removing build/bdist.linux-x86_64/wheel
Successfully built setuptools-82.0.1-py3-none-any.whl
'/pkgs/setuptools/usr/lib/python3.14/site-packages/distutils-precedence.pth' -> '/usr/lib/python3.14/site-packages/distutils-precedence.pth'
'/pkgs/setuptools/usr/lib/python3.14/site-packages/_distutils_hack/__init__.py' -> '/usr/lib/python3.14/site-packages/_distutils_hack/__init__.py'
'/pkgs/setuptools/usr/lib/python3.14/site-packages/_distutils_hack/override.py' -> '/usr/lib/python3.14/site-packages/_distutils_hack/override.py'
'/pkgs/setuptools/usr/lib/python3.14/site-packages/_distutils_hack/__pycache__/__init__.cpython-314.pyc' -> '/usr/lib/python3.14/site-packages/_distutils_hack/__pycache__/__init__.cpython-314.pyc'
'/pkgs/setuptools/usr/lib/python3.14/site-packages/_distutils_hack/__pycache__/__init__.cpython-314.opt-1.pyc' -> '/usr/lib/python3.14/site-packages/_distutils_hack/__pycache__/__init__.cpython-314.opt-1.pyc'
'/pkgs/setuptools/usr/lib/python3.14/site-packages/_distutils_hack/__pycache__/override.cpython-314.pyc' -> '/usr/lib/python3.14/site-packages/_distutils_hack/__pycache__/override.cpython-314.pyc'
'/pkgs/setuptools/usr/lib/python3.14/site-packages/_distutils_hack/__pycache__/override.cpython-314.opt-1.pyc' -> '/usr/lib/python3.14/site-packages/_distutils_hack/__pycache__/override.cpython-314.opt-1.pyc'
'/pkgs/setuptools/usr/lib/python3.14/site-packages/setuptools/__init__.py' -> '/usr/lib/python3.14/site-packages/setuptools/__init__.py'
'/pkgs/setuptools/usr/lib/python3.14/site-packages/setuptools/_core_metadata.py' -> '/usr/lib/python3.14/site-packages/setuptools/_core_metadata.py'
'/pkgs/setuptools/usr/lib/python3.14/site-packages/setuptools/_discovery.py' -> '/usr/lib/python3.14/site-packages/setuptools/_discovery.py'
'/pkgs/setuptools/usr/lib/python3.14/site-packages/setuptools/_entry_points.py' -> '/usr/lib/python3.14/site-packages/setuptools/_entry_points.py'
'/pkgs/setuptools/usr/lib/python3.14/site-packages/setuptools/_imp.py' -> '/usr/lib/python3.14/site-packages/setuptools/_imp.py'
'/pkgs/setuptools/usr/lib/python3.14/site-packages/setuptools/_importlib.py' -> '/usr/lib/python3.14/site-packages/setuptools/_importlib.py'
'/pkgs/setuptools/usr/lib/python3.14/site-packages/setuptools/_itertools.py' -> '/usr/lib/python3.14/site-packages/setuptools/_itertools.py'
'/pkgs/setuptools/usr/lib/python3.14/site-packages/setuptools/_normalization.py' -> '/usr/lib/python3.14/site-packages/setuptools/_normalization.py'
'/pkgs/setuptools/usr/lib/python3.14/site-packages/setuptools/_path.py' -> '/usr/lib/python3.14/site-packages/setuptools/_path.py'
'/pkgs/setuptools/usr/lib/python3.14/site-packages/setuptools/_reqs.py' -> '/usr/lib/python3.14/site-packages/setuptools/_reqs.py'
'/pkgs/setuptools/usr/lib/python3.14/site-packages/setuptools/_scripts.py' -> '/usr/lib/python3.14/site-packages/setuptools/_scripts.py'
'/pkgs/setuptools/usr/lib/python3.14/site-packages/setuptools/_shutil.py' -> '/usr/lib/python3.14/site-packages/setuptools/_shutil.py'
'/pkgs/setuptools/usr/lib/python3.14/site-packages/setuptools/_static.py' -> '/usr/lib/python3.14/site-packages/setuptools/_static.py'
'/pkgs/setuptools/usr/lib/python3.14/site-packages/setuptools/archive_util.py' -> '/usr/lib/python3.14/site-packages/setuptools/archive_util.py'
'/pkgs/setuptools/usr/lib/python3.14/site-packages/setuptools/build_meta.py' -> '/usr/lib/python3.14/site-packages/setuptools/build_meta.py'
'/pkgs/setuptools/usr/lib/python3.14/site-packages/setuptools/cli-32.exe' -> '/usr/lib/python3.14/site-packages/setuptools/cli-32.exe'
'/pkgs/setuptools/usr/lib/python3.14/site-packages/setuptools/cli-64.exe' -> '/usr/lib/python3.14/site-packages/setuptools/cli-64.exe'
'/pkgs/setuptools/usr/lib/python3.14/site-packages/setuptools/cli-arm64.exe' -> '/usr/lib/python3.14/site-packages/setuptools/cli-arm64.exe'
'/pkgs/setuptools/usr/lib/python3.14/site-packages/setuptools/cli.exe' -> '/usr/lib/python3.14/site-packages/setuptools/cli.exe'
'/pkgs/setuptools/usr/lib/python3.14/site-packages/setuptools/depends.py' -> '/usr/lib/python3.14/site-packages/setuptools/depends.py'
'/pkgs/setuptools/usr/lib/python3.14/site-packages/setuptools/discovery.py' -> '/usr/lib/python3.14/site-packages/setuptools/discovery.py'
'/pkgs/setuptools/usr/lib/python3.14/site-packages/setuptools/dist.py' -> '/usr/lib/python3.14/site-packages/setuptools/dist.py'
'/pkgs/setuptools/usr/lib/python3.14/site-packages/setuptools/errors.py' -> '/usr/lib/python3.14/site-packages/setuptools/errors.py'
'/pkgs/setuptools/usr/lib/python3.14/site-packages/setuptools/extension.py' -> '/usr/lib/python3.14/site-packages/setuptools/extension.py'
'/pkgs/setuptools/usr/lib/python3.14/site-packages/setuptools/glob.py' -> '/usr/lib/python3.14/site-packages/setuptools/glob.py'
'/pkgs/setuptools/usr/lib/python3.14/site-packages/setuptools/gui-32.exe' -> '/usr/lib/python3.14/site-packages/setuptools/gui-32.exe'
'/pkgs/setuptools/usr/lib/python3.14/site-packages/setuptools/gui-64.exe' -> '/usr/lib/python3.14/site-packages/setuptools/gui-64.exe'
'/pkgs/setuptools/usr/lib/python3.14/site-packages/setuptools/gui-arm64.exe' -> '/usr/lib/python3.14/site-packages/setuptools/gui-arm64.exe'
'/pkgs/setuptools/usr/lib/python3.14/site-packages/setuptools/gui.exe' -> '/usr/lib/python3.14/site-packages/setuptools/gui.exe'
'/pkgs/setuptools/usr/lib/python3.14/site-packages/setuptools/installer.py' -> '/usr/lib/python3.14/site-packages/setuptools/installer.py'
'/pkgs/setuptools/usr/lib/python3.14/site-packages/setuptools/launch.py' -> '/usr/lib/python3.14/site-packages/setuptools/launch.py'
'/pkgs/setuptools/usr/lib/python3.14/site-packages/setuptools/launcher manifest.xml' -> '/usr/lib/python3.14/site-packages/setuptools/launcher manifest.xml'
'/pkgs/setuptools/usr/lib/python3.14/site-packages/setuptools/logging.py' -> '/usr/lib/python3.14/site-packages/setuptools/logging.py'
'/pkgs/setuptools/usr/lib/python3.14/site-packages/setuptools/modified.py' -> '/usr/lib/python3.14/site-packages/setuptools/modified.py'
'/pkgs/setuptools/usr/lib/python3.14/site-packages/setuptools/monkey.py' -> '/usr/lib/python3.14/site-packages/setuptools/monkey.py'
'/pkgs/setuptools/usr/lib/python3.14/site-packages/setuptools/msvc.py' -> '/usr/lib/python3.14/site-packages/setuptools/msvc.py'
'/pkgs/setuptools/usr/lib/python3.14/site-packages/setuptools/namespaces.py' -> '/usr/lib/python3.14/site-packages/setuptools/namespaces.py'
'/pkgs/setuptools/usr/lib/python3.14/site-packages/setuptools/script (dev).tmpl' -> '/usr/lib/python3.14/site-packages/setuptools/script (dev).tmpl'
'/pkgs/setuptools/usr/lib/python3.14/site-packages/setuptools/script.tmpl' -> '/usr/lib/python3.14/site-packages/setuptools/script.tmpl'
'/pkgs/setuptools/usr/lib/python3.14/site-packages/setuptools/unicode_utils.py' -> '/usr/lib/python3.14/site-packages/setuptools/unicode_utils.py'
'/pkgs/setuptools/usr/lib/python3.14/site-packages/setuptools/version.py' -> '/usr/lib/python3.14/site-packages/setuptools/version.py'
'/pkgs/setuptools/usr/lib/python3.14/site-packages/setuptools/warnings.py' -> '/usr/lib/python3.14/site-packages/setuptools/warnings.py'
'/pkgs/setuptools/usr/lib/python3.14/site-packages/setuptools/wheel.py' -> '/usr/lib/python3.14/site-packages/setuptools/wheel.py'
'/pkgs/setuptools/usr/lib/python3.14/site-packages/setuptools/windows_support.py' -> '/usr/lib/python3.14/site-packages/setuptools/windows_support.py'
'/pkgs/setuptools/usr/lib/python3.14/site-packages/setuptools/_distutils/__init__.py' -> '/usr/lib/python3.14/site-packages/setuptools/_distutils/__init__.py'
'/pkgs/setuptools/usr/lib/python3.14/site-packages/setuptools/_distutils/_log.py' -> '/usr/lib/python3.14/site-packages/setuptools/_distutils/_log.py'
'/pkgs/setuptools/usr/lib/python3.14/site-packages/setuptools/_distutils/_macos_compat.py' -> '/usr/lib/python3.14/site-packages/setuptools/_distutils/_macos_compat.py'
'/pkgs/setuptools/usr/lib/python3.14/site-packages/setuptools/_distutils/_modified.py' -> '/usr/lib/python3.14/site-packages/setuptools/_distutils/_modified.py'
'/pkgs/setuptools/usr/lib/python3.14/site-packages/setuptools/_distutils/_msvccompiler.py' -> '/usr/lib/python3.14/site-packages/setuptools/_distutils/_msvccompiler.py'
'/pkgs/setuptools/usr/lib/python3.14/site-packages/setuptools/_distutils/archive_util.py' -> '/usr/lib/python3.14/site-packages/setuptools/_distutils/archive_util.py'
'/pkgs/setuptools/usr/lib/python3.14/site-packages/setuptools/_distutils/ccompiler.py' -> '/usr/lib/python3.14/site-packages/setuptools/_distutils/ccompiler.py'
'/pkgs/setuptools/usr/lib/python3.14/site-packages/setuptools/_distutils/cmd.py' -> '/usr/lib/python3.14/site-packages/setuptools/_distutils/cmd.py'
'/pkgs/setuptools/usr/lib/python3.14/site-packages/setuptools/_distutils/core.py' -> '/usr/lib/python3.14/site-packages/setuptools/_distutils/core.py'
'/pkgs/setuptools/usr/lib/python3.14/site-packages/setuptools/_distutils/cygwinccompiler.py' -> '/usr/lib/python3.14/site-packages/setuptools/_distutils/cygwinccompiler.py'
'/pkgs/setuptools/usr/lib/python3.14/site-packages/setuptools/_distutils/debug.py' -> '/usr/lib/python3.14/site-packages/setuptools/_distutils/debug.py'
'/pkgs/setuptools/usr/lib/python3.14/site-packages/setuptools/_distutils/dep_util.py' -> '/usr/lib/python3.14/site-packages/setuptools/_distutils/dep_util.py'
'/pkgs/setuptools/usr/lib/python3.14/site-packages/setuptools/_distutils/dir_util.py' -> '/usr/lib/python3.14/site-packages/setuptools/_distutils/dir_util.py'
'/pkgs/setuptools/usr/lib/python3.14/site-packages/setuptools/_distutils/dist.py' -> '/usr/lib/python3.14/site-packages/setuptools/_distutils/dist.py'
'/pkgs/setuptools/usr/lib/python3.14/site-packages/setuptools/_distutils/errors.py' -> '/usr/lib/python3.14/site-packages/setuptools/_distutils/errors.py'
'/pkgs/setuptools/usr/lib/python3.14/site-packages/setuptools/_distutils/extension.py' -> '/usr/lib/python3.14/site-packages/setuptools/_distutils/extension.py'
'/pkgs/setuptools/usr/lib/python3.14/site-packages/setuptools/_distutils/fancy_getopt.py' -> '/usr/lib/python3.14/site-packages/setuptools/_distutils/fancy_getopt.py'
'/pkgs/setuptools/usr/lib/python3.14/site-packages/setuptools/_distutils/file_util.py' -> '/usr/lib/python3.14/site-packages/setuptools/_distutils/file_util.py'
'/pkgs/setuptools/usr/lib/python3.14/site-packages/setuptools/_distutils/filelist.py' -> '/usr/lib/python3.14/site-packages/setuptools/_distutils/filelist.py'
'/pkgs/setuptools/usr/lib/python3.14/site-packages/setuptools/_distutils/log.py' -> '/usr/lib/python3.14/site-packages/setuptools/_distutils/log.py'
'/pkgs/setuptools/usr/lib/python3.14/site-packages/setuptools/_distutils/spawn.py' -> '/usr/lib/python3.14/site-packages/setuptools/_distutils/spawn.py'
'/pkgs/setuptools/usr/lib/python3.14/site-packages/setuptools/_distutils/sysconfig.py' -> '/usr/lib/python3.14/site-packages/setuptools/_distutils/sysconfig.py'
'/pkgs/setuptools/usr/lib/python3.14/site-packages/setuptools/_distutils/text_file.py' -> '/usr/lib/python3.14/site-packages/setuptools/_distutils/text_file.py'
'/pkgs/setuptools/usr/lib/python3.14/site-packages/setuptools/_distutils/unixccompiler.py' -> '/usr/lib/python3.14/site-packages/setuptools/_distutils/unixccompiler.py'
'/pkgs/setuptools/usr/lib/python3.14/site-packages/setuptools/_distutils/util.py' -> '/usr/lib/python3.14/site-packages/setuptools/_distutils/util.py'
'/pkgs/setuptools/usr/lib/python3.14/site-packages/setuptools/_distutils/version.py' -> '/usr/lib/python3.14/site-packages/setuptools/_distutils/version.py'
'/pkgs/setuptools/usr/lib/python3.14/site-packages/setuptools/_distutils/versionpredicate.py' -> '/usr/lib/python3.14/site-packages/setuptools/_distutils/versionpredicate.py'
'/pkgs/setuptools/usr/lib/python3.14/site-packages/setuptools/_distutils/zosccompiler.py' -> '/usr/lib/python3.14/site-packages/setuptools/_distutils/zosccompiler.py'
'/pkgs/setuptools/usr/lib/python3.14/site-packages/setuptools/_distutils/command/__init__.py' -> '/usr/lib/python3.14/site-packages/setuptools/_distutils/command/__init__.py'
'/pkgs/setuptools/usr/lib/python3.14/site-packages/setuptools/_distutils/command/_framework_compat.py' -> '/usr/lib/python3.14/site-packages/setuptools/_distutils/command/_framework_compat.py'
'/pkgs/setuptools/usr/lib/python3.14/site-packages/setuptools/_distutils/command/bdist.py' -> '/usr/lib/python3.14/site-packages/setuptools/_distutils/command/bdist.py'
'/pkgs/setuptools/usr/lib/python3.14/site-packages/setuptools/_distutils/command/bdist_dumb.py' -> '/usr/lib/python3.14/site-packages/setuptools/_distutils/command/bdist_dumb.py'
'/pkgs/setuptools/usr/lib/python3.14/site-packages/setuptools/_distutils/command/bdist_rpm.py' -> '/usr/lib/python3.14/site-packages/setuptools/_distutils/command/bdist_rpm.py'
'/pkgs/setuptools/usr/lib/python3.14/site-packages/setuptools/_distutils/command/build.py' -> '/usr/lib/python3.14/site-packages/setuptools/_distutils/command/build.py'
'/pkgs/setuptools/usr/lib/python3.14/site-packages/setuptools/_distutils/command/build_clib.py' -> '/usr/lib/python3.14/site-packages/setuptools/_distutils/command/build_clib.py'
'/pkgs/setuptools/usr/lib/python3.14/site-packages/setuptools/_distutils/command/build_ext.py' -> '/usr/lib/python3.14/site-packages/setuptools/_distutils/command/build_ext.py'
'/pkgs/setuptools/usr/lib/python3.14/site-packages/setuptools/_distutils/command/build_py.py' -> '/usr/lib/python3.14/site-packages/setuptools/_distutils/command/build_py.py'
'/pkgs/setuptools/usr/lib/python3.14/site-packages/setuptools/_distutils/command/build_scripts.py' -> '/usr/lib/python3.14/site-packages/setuptools/_distutils/command/build_scripts.py'
'/pkgs/setuptools/usr/lib/python3.14/site-packages/setuptools/_distutils/command/check.py' -> '/usr/lib/python3.14/site-packages/setuptools/_distutils/command/check.py'
'/pkgs/setuptools/usr/lib/python3.14/site-packages/setuptools/_distutils/command/clean.py' -> '/usr/lib/python3.14/site-packages/setuptools/_distutils/command/clean.py'
'/pkgs/setuptools/usr/lib/python3.14/site-packages/setuptools/_distutils/command/config.py' -> '/usr/lib/python3.14/site-packages/setuptools/_distutils/command/config.py'
'/pkgs/setuptools/usr/lib/python3.14/site-packages/setuptools/_distutils/command/install.py' -> '/usr/lib/python3.14/site-packages/setuptools/_distutils/command/install.py'
'/pkgs/setuptools/usr/lib/python3.14/site-packages/setuptools/_distutils/command/install_data.py' -> '/usr/lib/python3.14/site-packages/setuptools/_distutils/command/install_data.py'
'/pkgs/setuptools/usr/lib/python3.14/site-packages/setuptools/_distutils/command/install_egg_info.py' -> '/usr/lib/python3.14/site-packages/setuptools/_distutils/command/install_egg_info.py'
'/pkgs/setuptools/usr/lib/python3.14/site-packages/setuptools/_distutils/command/install_headers.py' -> '/usr/lib/python3.14/site-packages/setuptools/_distutils/command/install_headers.py'
'/pkgs/setuptools/usr/lib/python3.14/site-packages/setuptools/_distutils/command/install_lib.py' -> '/usr/lib/python3.14/site-packages/setuptools/_distutils/command/install_lib.py'
'/pkgs/setuptools/usr/lib/python3.14/site-packages/setuptools/_distutils/command/install_scripts.py' -> '/usr/lib/python3.14/site-packages/setuptools/_distutils/command/install_scripts.py'
'/pkgs/setuptools/usr/lib/python3.14/site-packages/setuptools/_distutils/command/sdist.py' -> '/usr/lib/python3.14/site-packages/setuptools/_distutils/command/sdist.py'
'/pkgs/setuptools/usr/lib/python3.14/site-packages/setuptools/_distutils/command/__pycache__/__init__.cpython-314.pyc' -> '/usr/lib/python3.14/site-packages/setuptools/_distutils/command/__pycache__/__init__.cpython-314.pyc'
'/pkgs/setuptools/usr/lib/python3.14/site-packages/setuptools/_distutils/command/__pycache__/__init__.cpython-314.opt-1.pyc' -> '/usr/lib/python3.14/site-packages/setuptools/_distutils/command/__pycache__/__init__.cpython-314.opt-1.pyc'
'/pkgs/setuptools/usr/lib/python3.14/site-packages/setuptools/_distutils/command/__pycache__/_framework_compat.cpython-314.pyc' -> '/usr/lib/python3.14/site-packages/setuptools/_distutils/command/__pycache__/_framework_compat.cpython-314.pyc'
'/pkgs/setuptools/usr/lib/python3.14/site-packages/setuptools/_distutils/command/__pycache__/_framework_compat.cpython-314.opt-1.pyc' -> '/usr/lib/python3.14/site-packages/setuptools/_distutils/command/__pycache__/_framework_compat.cpython-314.opt-1.pyc'
'/pkgs/setuptools/usr/lib/python3.14/site-packages/setuptools/_distutils/command/__pycache__/bdist.cpython-314.pyc' -> '/usr/lib/python3.14/site-packages/setuptools/_distutils/command/__pycache__/bdist.cpython-314.pyc'
'/pkgs/setuptools/usr/lib/python3.14/site-packages/setuptools/_distutils/command/__pycache__/bdist.cpython-314.opt-1.pyc' -> '/usr/lib/python3.14/site-packages/setuptools/_distutils/command/__pycache__/bdist.cpython-314.opt-1.pyc'
'/pkgs/setuptools/usr/lib/python3.14/site-packages/setuptools/_distutils/command/__pycache__/bdist_dumb.cpython-314.pyc' -> '/usr/lib/python3.14/site-packages/setuptools/_distutils/command/__pycache__/bdist_dumb.cpython-314.pyc'
'/pkgs/setuptools/usr/lib/python3.14/site-packages/setuptools/_distutils/command/__pycache__/bdist_dumb.cpython-314.opt-1.pyc' -> '/usr/lib/python3.14/site-packages/setuptools/_distutils/command/__pycache__/bdist_dumb.cpython-314.opt-1.pyc'
'/pkgs/setuptools/usr/lib/python3.14/site-packages/setuptools/_distutils/command/__pycache__/bdist_rpm.cpython-314.pyc' -> '/usr/lib/python3.14/site-packages/setuptools/_distutils/command/__pycache__/bdist_rpm.cpython-314.pyc'
'/pkgs/setuptools/usr/lib/python3.14/site-packages/setuptools/_distutils/command/__pycache__/bdist_rpm.cpython-314.opt-1.pyc' -> '/usr/lib/python3.14/site-packages/setuptools/_distutils/command/__pycache__/bdist_rpm.cpython-314.opt-1.pyc'
'/pkgs/setuptools/usr/lib/python3.14/site-packages/setuptools/_distutils/command/__pycache__/build.cpython-314.pyc' -> '/usr/lib/python3.14/site-packages/setuptools/_distutils/command/__pycache__/build.cpython-314.pyc'
'/pkgs/setuptools/usr/lib/python3.14/site-packages/setuptools/_distutils/command/__pycache__/build.cpython-314.opt-1.pyc' -> '/usr/lib/python3.14/site-packages/setuptools/_distutils/command/__pycache__/build.cpython-314.opt-1.pyc'
'/pkgs/setuptools/usr/lib/python3.14/site-packages/setuptools/_distutils/command/__pycache__/build_clib.cpython-314.pyc' -> '/usr/lib/python3.14/site-packages/setuptools/_distutils/command/__pycache__/build_clib.cpython-314.pyc'
'/pkgs/setuptools/usr/lib/python3.14/site-packages/setuptools/_distutils/command/__pycache__/build_clib.cpython-314.opt-1.pyc' -> '/usr/lib/python3.14/site-packages/setuptools/_distutils/command/__pycache__/build_clib.cpython-314.opt-1.pyc'
'/pkgs/setuptools/usr/lib/python3.14/site-packages/setuptools/_distutils/command/__pycache__/build_ext.cpython-314.pyc' -> '/usr/lib/python3.14/site-packages/setuptools/_distutils/command/__pycache__/build_ext.cpython-314.pyc'
'/pkgs/setuptools/usr/lib/python3.14/site-packages/setuptools/_distutils/command/__pycache__/build_ext.cpython-314.opt-1.pyc' -> '/usr/lib/python3.14/site-packages/setuptools/_distutils/command/__pycache__/build_ext.cpython-314.opt-1.pyc'
'/pkgs/setuptools/usr/lib/python3.14/site-packages/setuptools/_distutils/command/__pycache__/build_py.cpython-314.pyc' -> '/usr/lib/python3.14/site-packages/setuptools/_distutils/command/__pycache__/build_py.cpython-314.pyc'
'/pkgs/setuptools/usr/lib/python3.14/site-packages/setuptools/_distutils/command/__pycache__/build_py.cpython-314.opt-1.pyc' -> '/usr/lib/python3.14/site-packages/setuptools/_distutils/command/__pycache__/build_py.cpython-314.opt-1.pyc'
'/pkgs/setuptools/usr/lib/python3.14/site-packages/setuptools/_distutils/command/__pycache__/build_scripts.cpython-314.pyc' -> '/usr/lib/python3.14/site-packages/setuptools/_distutils/command/__pycache__/build_scripts.cpython-314.pyc'
'/pkgs/setuptools/usr/lib/python3.14/site-packages/setuptools/_distutils/command/__pycache__/build_scripts.cpython-314.opt-1.pyc' -> '/usr/lib/python3.14/site-packages/setuptools/_distutils/command/__pycache__/build_scripts.cpython-314.opt-1.pyc'
'/pkgs/setuptools/usr/lib/python3.14/site-packages/setuptools/_distutils/command/__pycache__/check.cpython-314.pyc' -> '/usr/lib/python3.14/site-packages/setuptools/_distutils/command/__pycache__/check.cpython-314.pyc'
'/pkgs/setuptools/usr/lib/python3.14/site-packages/setuptools/_distutils/command/__pycache__/check.cpython-314.opt-1.pyc' -> '/usr/lib/python3.14/site-packages/setuptools/_distutils/command/__pycache__/check.cpython-314.opt-1.pyc'
'/pkgs/setuptools/usr/lib/python3.14/site-packages/setuptools/_distutils/command/__pycache__/clean.cpython-314.pyc' -> '/usr/lib/python3.14/site-packages/setuptools/_distutils/command/__pycache__/clean.cpython-314.pyc'
'/pkgs/setuptools/usr/lib/python3.14/site-packages/setuptools/_distutils/command/__pycache__/clean.cpython-314.opt-1.pyc' -> '/usr/lib/python3.14/site-packages/setuptools/_distutils/command/__pycache__/clean.cpython-314.opt-1.pyc'
'/pkgs/setuptools/usr/lib/python3.14/site-packages/setuptools/_distutils/command/__pycache__/config.cpython-314.pyc' -> '/usr/lib/python3.14/site-packages/setuptools/_distutils/command/__pycache__/config.cpython-314.pyc'
'/pkgs/setuptools/usr/lib/python3.14/site-packages/setuptools/_distutils/command/__pycache__/config.cpython-314.opt-1.pyc' -> '/usr/lib/python3.14/site-packages/setuptools/_distutils/command/__pycache__/config.cpython-314.opt-1.pyc'
'/pkgs/setuptools/usr/lib/python3.14/site-packages/setuptools/_distutils/command/__pycache__/install.cpython-314.pyc' -> '/usr/lib/python3.14/site-packages/setuptools/_distutils/command/__pycache__/install.cpython-314.pyc'
'/pkgs/setuptools/usr/lib/python3.14/site-packages/setuptools/_distutils/command/__pycache__/install.cpython-314.opt-1.pyc' -> '/usr/lib/python3.14/site-packages/setuptools/_distutils/command/__pycache__/install.cpython-314.opt-1.pyc'
'/pkgs/setuptools/usr/lib/python3.14/site-packages/setuptools/_distutils/command/__pycache__/install_data.cpython-314.pyc' -> '/usr/lib/python3.14/site-packages/setuptools/_distutils/command/__pycache__/install_data.cpython-314.pyc'
'/pkgs/setuptools/usr/lib/python3.14/site-packages/setuptools/_distutils/command/__pycache__/install_data.cpython-314.opt-1.pyc' -> '/usr/lib/python3.14/site-packages/setuptools/_distutils/command/__pycache__/install_data.cpython-314.opt-1.pyc'
'/pkgs/setuptools/usr/lib/python3.14/site-packages/setuptools/_distutils/command/__pycache__/install_egg_info.cpython-314.pyc' -> '/usr/lib/python3.14/site-packages/setuptools/_distutils/command/__pycache__/install_egg_info.cpython-314.pyc'
'/pkgs/setuptools/usr/lib/python3.14/site-packages/setuptools/_distutils/command/__pycache__/install_egg_info.cpython-314.opt-1.pyc' -> '/usr/lib/python3.14/site-packages/setuptools/_distutils/command/__pycache__/install_egg_info.cpython-314.opt-1.pyc'
'/pkgs/setuptools/usr/lib/python3.14/site-packages/setuptools/_distutils/command/__pycache__/install_headers.cpython-314.pyc' -> '/usr/lib/python3.14/site-packages/setuptools/_distutils/command/__pycache__/install_headers.cpython-314.pyc'
'/pkgs/setuptools/usr/lib/python3.14/site-packages/setuptools/_distutils/command/__pycache__/install_headers.cpython-314.opt-1.pyc' -> '/usr/lib/python3.14/site-packages/setuptools/_distutils/command/__pycache__/install_headers.cpython-314.opt-1.pyc'
'/pkgs/setuptools/usr/lib/python3.14/site-packages/setuptools/_distutils/command/__pycache__/install_lib.cpython-314.pyc' -> '/usr/lib/python3.14/site-packages/setuptools/_distutils/command/__pycache__/install_lib.cpython-314.pyc'
'/pkgs/setuptools/usr/lib/python3.14/site-packages/setuptools/_distutils/command/__pycache__/install_lib.cpython-314.opt-1.pyc' -> '/usr/lib/python3.14/site-packages/setuptools/_distutils/command/__pycache__/install_lib.cpython-314.opt-1.pyc'
'/pkgs/setuptools/usr/lib/python3.14/site-packages/setuptools/_distutils/command/__pycache__/install_scripts.cpython-314.pyc' -> '/usr/lib/python3.14/site-packages/setuptools/_distutils/command/__pycache__/install_scripts.cpython-314.pyc'
'/pkgs/setuptools/usr/lib/python3.14/site-packages/setuptools/_distutils/command/__pycache__/install_scripts.cpython-314.opt-1.pyc' -> '/usr/lib/python3.14/site-packages/setuptools/_distutils/command/__pycache__/install_scripts.cpython-314.opt-1.pyc'
'/pkgs/setuptools/usr/lib/python3.14/site-packages/setuptools/_distutils/command/__pycache__/sdist.cpython-314.pyc' -> '/usr/lib/python3.14/site-packages/setuptools/_distutils/command/__pycache__/sdist.cpython-314.pyc'
'/pkgs/setuptools/usr/lib/python3.14/site-packages/setuptools/_distutils/command/__pycache__/sdist.cpython-314.opt-1.pyc' -> '/usr/lib/python3.14/site-packages/setuptools/_distutils/command/__pycache__/sdist.cpython-314.opt-1.pyc'
'/pkgs/setuptools/usr/lib/python3.14/site-packages/setuptools/_distutils/compat/__init__.py' -> '/usr/lib/python3.14/site-packages/setuptools/_distutils/compat/__init__.py'
'/pkgs/setuptools/usr/lib/python3.14/site-packages/setuptools/_distutils/compat/numpy.py' -> '/usr/lib/python3.14/site-packages/setuptools/_distutils/compat/numpy.py'
'/pkgs/setuptools/usr/lib/python3.14/site-packages/setuptools/_distutils/compat/py39.py' -> '/usr/lib/python3.14/site-packages/setuptools/_distutils/compat/py39.py'
'/pkgs/setuptools/usr/lib/python3.14/site-packages/setuptools/_distutils/compat/__pycache__/__init__.cpython-314.pyc' -> '/usr/lib/python3.14/site-packages/setuptools/_distutils/compat/__pycache__/__init__.cpython-314.pyc'
'/pkgs/setuptools/usr/lib/python3.14/site-packages/setuptools/_distutils/compat/__pycache__/__init__.cpython-314.opt-1.pyc' -> '/usr/lib/python3.14/site-packages/setuptools/_distutils/compat/__pycache__/__init__.cpython-314.opt-1.pyc'
'/pkgs/setuptools/usr/lib/python3.14/site-packages/setuptools/_distutils/compat/__pycache__/numpy.cpython-314.pyc' -> '/usr/lib/python3.14/site-packages/setuptools/_distutils/compat/__pycache__/numpy.cpython-314.pyc'
'/pkgs/setuptools/usr/lib/python3.14/site-packages/setuptools/_distutils/compat/__pycache__/numpy.cpython-314.opt-1.pyc' -> '/usr/lib/python3.14/site-packages/setuptools/_distutils/compat/__pycache__/numpy.cpython-314.opt-1.pyc'
'/pkgs/setuptools/usr/lib/python3.14/site-packages/setuptools/_distutils/compat/__pycache__/py39.cpython-314.pyc' -> '/usr/lib/python3.14/site-packages/setuptools/_distutils/compat/__pycache__/py39.cpython-314.pyc'
'/pkgs/setuptools/usr/lib/python3.14/site-packages/setuptools/_distutils/compat/__pycache__/py39.cpython-314.opt-1.pyc' -> '/usr/lib/python3.14/site-packages/setuptools/_distutils/compat/__pycache__/py39.cpython-314.opt-1.pyc'
'/pkgs/setuptools/usr/lib/python3.14/site-packages/setuptools/_distutils/compilers/C/base.py' -> '/usr/lib/python3.14/site-packages/setuptools/_distutils/compilers/C/base.py'
'/pkgs/setuptools/usr/lib/python3.14/site-packages/setuptools/_distutils/compilers/C/cygwin.py' -> '/usr/lib/python3.14/site-packages/setuptools/_distutils/compilers/C/cygwin.py'
'/pkgs/setuptools/usr/lib/python3.14/site-packages/setuptools/_distutils/compilers/C/errors.py' -> '/usr/lib/python3.14/site-packages/setuptools/_distutils/compilers/C/errors.py'
'/pkgs/setuptools/usr/lib/python3.14/site-packages/setuptools/_distutils/compilers/C/msvc.py' -> '/usr/lib/python3.14/site-packages/setuptools/_distutils/compilers/C/msvc.py'
'/pkgs/setuptools/usr/lib/python3.14/site-packages/setuptools/_distutils/compilers/C/unix.py' -> '/usr/lib/python3.14/site-packages/setuptools/_distutils/compilers/C/unix.py'
'/pkgs/setuptools/usr/lib/python3.14/site-packages/setuptools/_distutils/compilers/C/zos.py' -> '/usr/lib/python3.14/site-packages/setuptools/_distutils/compilers/C/zos.py'
'/pkgs/setuptools/usr/lib/python3.14/site-packages/setuptools/_distutils/compilers/C/tests/test_base.py' -> '/usr/lib/python3.14/site-packages/setuptools/_distutils/compilers/C/tests/test_base.py'
'/pkgs/setuptools/usr/lib/python3.14/site-packages/setuptools/_distutils/compilers/C/tests/test_cygwin.py' -> '/usr/lib/python3.14/site-packages/setuptools/_distutils/compilers/C/tests/test_cygwin.py'
'/pkgs/setuptools/usr/lib/python3.14/site-packages/setuptools/_distutils/compilers/C/tests/test_mingw.py' -> '/usr/lib/python3.14/site-packages/setuptools/_distutils/compilers/C/tests/test_mingw.py'
'/pkgs/setuptools/usr/lib/python3.14/site-packages/setuptools/_distutils/compilers/C/tests/test_msvc.py' -> '/usr/lib/python3.14/site-packages/setuptools/_distutils/compilers/C/tests/test_msvc.py'
'/pkgs/setuptools/usr/lib/python3.14/site-packages/setuptools/_distutils/compilers/C/tests/test_unix.py' -> '/usr/lib/python3.14/site-packages/setuptools/_distutils/compilers/C/tests/test_unix.py'
'/pkgs/setuptools/usr/lib/python3.14/site-packages/setuptools/_distutils/compilers/C/tests/__pycache__/test_base.cpython-314.pyc' -> '/usr/lib/python3.14/site-packages/setuptools/_distutils/compilers/C/tests/__pycache__/test_base.cpython-314.pyc'
'/pkgs/setuptools/usr/lib/python3.14/site-packages/setuptools/_distutils/compilers/C/tests/__pycache__/test_base.cpython-314.opt-1.pyc' -> '/usr/lib/python3.14/site-packages/setuptools/_distutils/compilers/C/tests/__pycache__/test_base.cpython-314.opt-1.pyc'
'/pkgs/setuptools/usr/lib/python3.14/site-packages/setuptools/_distutils/compilers/C/tests/__pycache__/test_cygwin.cpython-314.pyc' -> '/usr/lib/python3.14/site-packages/setuptools/_distutils/compilers/C/tests/__pycache__/test_cygwin.cpython-314.pyc'
'/pkgs/setuptools/usr/lib/python3.14/site-packages/setuptools/_distutils/compilers/C/tests/__pycache__/test_cygwin.cpython-314.opt-1.pyc' -> '/usr/lib/python3.14/site-packages/setuptools/_distutils/compilers/C/tests/__pycache__/test_cygwin.cpython-314.opt-1.pyc'
'/pkgs/setuptools/usr/lib/python3.14/site-packages/setuptools/_distutils/compilers/C/tests/__pycache__/test_mingw.cpython-314.pyc' -> '/usr/lib/python3.14/site-packages/setuptools/_distutils/compilers/C/tests/__pycache__/test_mingw.cpython-314.pyc'
'/pkgs/setuptools/usr/lib/python3.14/site-packages/setuptools/_distutils/compilers/C/tests/__pycache__/test_mingw.cpython-314.opt-1.pyc' -> '/usr/lib/python3.14/site-packages/setuptools/_distutils/compilers/C/tests/__pycache__/test_mingw.cpython-314.opt-1.pyc'
'/pkgs/setuptools/usr/lib/python3.14/site-packages/setuptools/_distutils/compilers/C/tests/__pycache__/test_msvc.cpython-314.pyc' -> '/usr/lib/python3.14/site-packages/setuptools/_distutils/compilers/C/tests/__pycache__/test_msvc.cpython-314.pyc'
'/pkgs/setuptools/usr/lib/python3.14/site-packages/setuptools/_distutils/compilers/C/tests/__pycache__/test_msvc.cpython-314.opt-1.pyc' -> '/usr/lib/python3.14/site-packages/setuptools/_distutils/compilers/C/tests/__pycache__/test_msvc.cpython-314.opt-1.pyc'
'/pkgs/setuptools/usr/lib/python3.14/site-packages/setuptools/_distutils/compilers/C/tests/__pycache__/test_unix.cpython-314.pyc' -> '/usr/lib/python3.14/site-packages/setuptools/_distutils/compilers/C/tests/__pycache__/test_unix.cpython-314.pyc'
'/pkgs/setuptools/usr/lib/python3.14/site-packages/setuptools/_distutils/compilers/C/tests/__pycache__/test_unix.cpython-314.opt-1.pyc' -> '/usr/lib/python3.14/site-packages/setuptools/_distutils/compilers/C/tests/__pycache__/test_unix.cpython-314.opt-1.pyc'
'/pkgs/setuptools/usr/lib/python3.14/site-packages/setuptools/_distutils/compilers/C/__pycache__/base.cpython-314.pyc' -> '/usr/lib/python3.14/site-packages/setuptools/_distutils/compilers/C/__pycache__/base.cpython-314.pyc'
'/pkgs/setuptools/usr/lib/python3.14/site-packages/setuptools/_distutils/compilers/C/__pycache__/base.cpython-314.opt-1.pyc' -> '/usr/lib/python3.14/site-packages/setuptools/_distutils/compilers/C/__pycache__/base.cpython-314.opt-1.pyc'
'/pkgs/setuptools/usr/lib/python3.14/site-packages/setuptools/_distutils/compilers/C/__pycache__/cygwin.cpython-314.pyc' -> '/usr/lib/python3.14/site-packages/setuptools/_distutils/compilers/C/__pycache__/cygwin.cpython-314.pyc'
'/pkgs/setuptools/usr/lib/python3.14/site-packages/setuptools/_distutils/compilers/C/__pycache__/cygwin.cpython-314.opt-1.pyc' -> '/usr/lib/python3.14/site-packages/setuptools/_distutils/compilers/C/__pycache__/cygwin.cpython-314.opt-1.pyc'
'/pkgs/setuptools/usr/lib/python3.14/site-packages/setuptools/_distutils/compilers/C/__pycache__/errors.cpython-314.pyc' -> '/usr/lib/python3.14/site-packages/setuptools/_distutils/compilers/C/__pycache__/errors.cpython-314.pyc'
'/pkgs/setuptools/usr/lib/python3.14/site-packages/setuptools/_distutils/compilers/C/__pycache__/errors.cpython-314.opt-1.pyc' -> '/usr/lib/python3.14/site-packages/setuptools/_distutils/compilers/C/__pycache__/errors.cpython-314.opt-1.pyc'
'/pkgs/setuptools/usr/lib/python3.14/site-packages/setuptools/_distutils/compilers/C/__pycache__/msvc.cpython-314.pyc' -> '/usr/lib/python3.14/site-packages/setuptools/_distutils/compilers/C/__pycache__/msvc.cpython-314.pyc'
'/pkgs/setuptools/usr/lib/python3.14/site-packages/setuptools/_distutils/compilers/C/__pycache__/msvc.cpython-314.opt-1.pyc' -> '/usr/lib/python3.14/site-packages/setuptools/_distutils/compilers/C/__pycache__/msvc.cpython-314.opt-1.pyc'
'/pkgs/setuptools/usr/lib/python3.14/site-packages/setuptools/_distutils/compilers/C/__pycache__/unix.cpython-314.pyc' -> '/usr/lib/python3.14/site-packages/setuptools/_distutils/compilers/C/__pycache__/unix.cpython-314.pyc'
'/pkgs/setuptools/usr/lib/python3.14/site-packages/setuptools/_distutils/compilers/C/__pycache__/unix.cpython-314.opt-1.pyc' -> '/usr/lib/python3.14/site-packages/setuptools/_distutils/compilers/C/__pycache__/unix.cpython-314.opt-1.pyc'
'/pkgs/setuptools/usr/lib/python3.14/site-packages/setuptools/_distutils/compilers/C/__pycache__/zos.cpython-314.pyc' -> '/usr/lib/python3.14/site-packages/setuptools/_distutils/compilers/C/__pycache__/zos.cpython-314.pyc'
'/pkgs/setuptools/usr/lib/python3.14/site-packages/setuptools/_distutils/compilers/C/__pycache__/zos.cpython-314.opt-1.pyc' -> '/usr/lib/python3.14/site-packages/setuptools/_distutils/compilers/C/__pycache__/zos.cpython-314.opt-1.pyc'
'/pkgs/setuptools/usr/lib/python3.14/site-packages/setuptools/_distutils/tests/__init__.py' -> '/usr/lib/python3.14/site-packages/setuptools/_distutils/tests/__init__.py'
'/pkgs/setuptools/usr/lib/python3.14/site-packages/setuptools/_distutils/tests/support.py' -> '/usr/lib/python3.14/site-packages/setuptools/_distutils/tests/support.py'
'/pkgs/setuptools/usr/lib/python3.14/site-packages/setuptools/_distutils/tests/test_archive_util.py' -> '/usr/lib/python3.14/site-packages/setuptools/_distutils/tests/test_archive_util.py'
'/pkgs/setuptools/usr/lib/python3.14/site-packages/setuptools/_distutils/tests/test_bdist.py' -> '/usr/lib/python3.14/site-packages/setuptools/_distutils/tests/test_bdist.py'
'/pkgs/setuptools/usr/lib/python3.14/site-packages/setuptools/_distutils/tests/test_bdist_dumb.py' -> '/usr/lib/python3.14/site-packages/setuptools/_distutils/tests/test_bdist_dumb.py'
'/pkgs/setuptools/usr/lib/python3.14/site-packages/setuptools/_distutils/tests/test_bdist_rpm.py' -> '/usr/lib/python3.14/site-packages/setuptools/_distutils/tests/test_bdist_rpm.py'
'/pkgs/setuptools/usr/lib/python3.14/site-packages/setuptools/_distutils/tests/test_build.py' -> '/usr/lib/python3.14/site-packages/setuptools/_distutils/tests/test_build.py'
'/pkgs/setuptools/usr/lib/python3.14/site-packages/setuptools/_distutils/tests/test_build_clib.py' -> '/usr/lib/python3.14/site-packages/setuptools/_distutils/tests/test_build_clib.py'
'/pkgs/setuptools/usr/lib/python3.14/site-packages/setuptools/_distutils/tests/test_build_ext.py' -> '/usr/lib/python3.14/site-packages/setuptools/_distutils/tests/test_build_ext.py'
'/pkgs/setuptools/usr/lib/python3.14/site-packages/setuptools/_distutils/tests/test_build_py.py' -> '/usr/lib/python3.14/site-packages/setuptools/_distutils/tests/test_build_py.py'
'/pkgs/setuptools/usr/lib/python3.14/site-packages/setuptools/_distutils/tests/test_build_scripts.py' -> '/usr/lib/python3.14/site-packages/setuptools/_distutils/tests/test_build_scripts.py'
'/pkgs/setuptools/usr/lib/python3.14/site-packages/setuptools/_distutils/tests/test_check.py' -> '/usr/lib/python3.14/site-packages/setuptools/_distutils/tests/test_check.py'
'/pkgs/setuptools/usr/lib/python3.14/site-packages/setuptools/_distutils/tests/test_clean.py' -> '/usr/lib/python3.14/site-packages/setuptools/_distutils/tests/test_clean.py'
'/pkgs/setuptools/usr/lib/python3.14/site-packages/setuptools/_distutils/tests/test_cmd.py' -> '/usr/lib/python3.14/site-packages/setuptools/_distutils/tests/test_cmd.py'
'/pkgs/setuptools/usr/lib/python3.14/site-packages/setuptools/_distutils/tests/test_config_cmd.py' -> '/usr/lib/python3.14/site-packages/setuptools/_distutils/tests/test_config_cmd.py'
'/pkgs/setuptools/usr/lib/python3.14/site-packages/setuptools/_distutils/tests/test_core.py' -> '/usr/lib/python3.14/site-packages/setuptools/_distutils/tests/test_core.py'
'/pkgs/setuptools/usr/lib/python3.14/site-packages/setuptools/_distutils/tests/test_dir_util.py' -> '/usr/lib/python3.14/site-packages/setuptools/_distutils/tests/test_dir_util.py'
'/pkgs/setuptools/usr/lib/python3.14/site-packages/setuptools/_distutils/tests/test_dist.py' -> '/usr/lib/python3.14/site-packages/setuptools/_distutils/tests/test_dist.py'
'/pkgs/setuptools/usr/lib/python3.14/site-packages/setuptools/_distutils/tests/test_extension.py' -> '/usr/lib/python3.14/site-packages/setuptools/_distutils/tests/test_extension.py'
'/pkgs/setuptools/usr/lib/python3.14/site-packages/setuptools/_distutils/tests/test_file_util.py' -> '/usr/lib/python3.14/site-packages/setuptools/_distutils/tests/test_file_util.py'
'/pkgs/setuptools/usr/lib/python3.14/site-packages/setuptools/_distutils/tests/test_filelist.py' -> '/usr/lib/python3.14/site-packages/setuptools/_distutils/tests/test_filelist.py'
'/pkgs/setuptools/usr/lib/python3.14/site-packages/setuptools/_distutils/tests/test_install.py' -> '/usr/lib/python3.14/site-packages/setuptools/_distutils/tests/test_install.py'
'/pkgs/setuptools/usr/lib/python3.14/site-packages/setuptools/_distutils/tests/test_install_data.py' -> '/usr/lib/python3.14/site-packages/setuptools/_distutils/tests/test_install_data.py'
'/pkgs/setuptools/usr/lib/python3.14/site-packages/setuptools/_distutils/tests/test_install_headers.py' -> '/usr/lib/python3.14/site-packages/setuptools/_distutils/tests/test_install_headers.py'
'/pkgs/setuptools/usr/lib/python3.14/site-packages/setuptools/_distutils/tests/test_install_lib.py' -> '/usr/lib/python3.14/site-packages/setuptools/_distutils/tests/test_install_lib.py'
'/pkgs/setuptools/usr/lib/python3.14/site-packages/setuptools/_distutils/tests/test_install_scripts.py' -> '/usr/lib/python3.14/site-packages/setuptools/_distutils/tests/test_install_scripts.py'
'/pkgs/setuptools/usr/lib/python3.14/site-packages/setuptools/_distutils/tests/test_log.py' -> '/usr/lib/python3.14/site-packages/setuptools/_distutils/tests/test_log.py'
'/pkgs/setuptools/usr/lib/python3.14/site-packages/setuptools/_distutils/tests/test_modified.py' -> '/usr/lib/python3.14/site-packages/setuptools/_distutils/tests/test_modified.py'
'/pkgs/setuptools/usr/lib/python3.14/site-packages/setuptools/_distutils/tests/test_sdist.py' -> '/usr/lib/python3.14/site-packages/setuptools/_distutils/tests/test_sdist.py'
'/pkgs/setuptools/usr/lib/python3.14/site-packages/setuptools/_distutils/tests/test_spawn.py' -> '/usr/lib/python3.14/site-packages/setuptools/_distutils/tests/test_spawn.py'
'/pkgs/setuptools/usr/lib/python3.14/site-packages/setuptools/_distutils/tests/test_sysconfig.py' -> '/usr/lib/python3.14/site-packages/setuptools/_distutils/tests/test_sysconfig.py'
'/pkgs/setuptools/usr/lib/python3.14/site-packages/setuptools/_distutils/tests/test_text_file.py' -> '/usr/lib/python3.14/site-packages/setuptools/_distutils/tests/test_text_file.py'
'/pkgs/setuptools/usr/lib/python3.14/site-packages/setuptools/_distutils/tests/test_util.py' -> '/usr/lib/python3.14/site-packages/setuptools/_distutils/tests/test_util.py'
'/pkgs/setuptools/usr/lib/python3.14/site-packages/setuptools/_distutils/tests/test_version.py' -> '/usr/lib/python3.14/site-packages/setuptools/_distutils/tests/test_version.py'
'/pkgs/setuptools/usr/lib/python3.14/site-packages/setuptools/_distutils/tests/test_versionpredicate.py' -> '/usr/lib/python3.14/site-packages/setuptools/_distutils/tests/test_versionpredicate.py'
'/pkgs/setuptools/usr/lib/python3.14/site-packages/setuptools/_distutils/tests/unix_compat.py' -> '/usr/lib/python3.14/site-packages/setuptools/_distutils/tests/unix_compat.py'
'/pkgs/setuptools/usr/lib/python3.14/site-packages/setuptools/_distutils/tests/compat/__init__.py' -> '/usr/lib/python3.14/site-packages/setuptools/_distutils/tests/compat/__init__.py'
'/pkgs/setuptools/usr/lib/python3.14/site-packages/setuptools/_distutils/tests/compat/py39.py' -> '/usr/lib/python3.14/site-packages/setuptools/_distutils/tests/compat/py39.py'
'/pkgs/setuptools/usr/lib/python3.14/site-packages/setuptools/_distutils/tests/compat/__pycache__/__init__.cpython-314.pyc' -> '/usr/lib/python3.14/site-packages/setuptools/_distutils/tests/compat/__pycache__/__init__.cpython-314.pyc'
'/pkgs/setuptools/usr/lib/python3.14/site-packages/setuptools/_distutils/tests/compat/__pycache__/__init__.cpython-314.opt-1.pyc' -> '/usr/lib/python3.14/site-packages/setuptools/_distutils/tests/compat/__pycache__/__init__.cpython-314.opt-1.pyc'
'/pkgs/setuptools/usr/lib/python3.14/site-packages/setuptools/_distutils/tests/compat/__pycache__/py39.cpython-314.pyc' -> '/usr/lib/python3.14/site-packages/setuptools/_distutils/tests/compat/__pycache__/py39.cpython-314.pyc'
'/pkgs/setuptools/usr/lib/python3.14/site-packages/setuptools/_distutils/tests/compat/__pycache__/py39.cpython-314.opt-1.pyc' -> '/usr/lib/python3.14/site-packages/setuptools/_distutils/tests/compat/__pycache__/py39.cpython-314.opt-1.pyc'
'/pkgs/setuptools/usr/lib/python3.14/site-packages/setuptools/_distutils/tests/__pycache__/__init__.cpython-314.pyc' -> '/usr/lib/python3.14/site-packages/setuptools/_distutils/tests/__pycache__/__init__.cpython-314.pyc'
'/pkgs/setuptools/usr/lib/python3.14/site-packages/setuptools/_distutils/tests/__pycache__/__init__.cpython-314.opt-1.pyc' -> '/usr/lib/python3.14/site-packages/setuptools/_distutils/tests/__pycache__/__init__.cpython-314.opt-1.pyc'
'/pkgs/setuptools/usr/lib/python3.14/site-packages/setuptools/_distutils/tests/__pycache__/support.cpython-314.pyc' -> '/usr/lib/python3.14/site-packages/setuptools/_distutils/tests/__pycache__/support.cpython-314.pyc'
'/pkgs/setuptools/usr/lib/python3.14/site-packages/setuptools/_distutils/tests/__pycache__/support.cpython-314.opt-1.pyc' -> '/usr/lib/python3.14/site-packages/setuptools/_distutils/tests/__pycache__/support.cpython-314.opt-1.pyc'
'/pkgs/setuptools/usr/lib/python3.14/site-packages/setuptools/_distutils/tests/__pycache__/test_archive_util.cpython-314.pyc' -> '/usr/lib/python3.14/site-packages/setuptools/_distutils/tests/__pycache__/test_archive_util.cpython-314.pyc'
'/pkgs/setuptools/usr/lib/python3.14/site-packages/setuptools/_distutils/tests/__pycache__/test_archive_util.cpython-314.opt-1.pyc' -> '/usr/lib/python3.14/site-packages/setuptools/_distutils/tests/__pycache__/test_archive_util.cpython-314.opt-1.pyc'
'/pkgs/setuptools/usr/lib/python3.14/site-packages/setuptools/_distutils/tests/__pycache__/test_bdist.cpython-314.pyc' -> '/usr/lib/python3.14/site-packages/setuptools/_distutils/tests/__pycache__/test_bdist.cpython-314.pyc'
'/pkgs/setuptools/usr/lib/python3.14/site-packages/setuptools/_distutils/tests/__pycache__/test_bdist.cpython-314.opt-1.pyc' -> '/usr/lib/python3.14/site-packages/setuptools/_distutils/tests/__pycache__/test_bdist.cpython-314.opt-1.pyc'
'/pkgs/setuptools/usr/lib/python3.14/site-packages/setuptools/_distutils/tests/__pycache__/test_bdist_dumb.cpython-314.pyc' -> '/usr/lib/python3.14/site-packages/setuptools/_distutils/tests/__pycache__/test_bdist_dumb.cpython-314.pyc'
'/pkgs/setuptools/usr/lib/python3.14/site-packages/setuptools/_distutils/tests/__pycache__/test_bdist_dumb.cpython-314.opt-1.pyc' -> '/usr/lib/python3.14/site-packages/setuptools/_distutils/tests/__pycache__/test_bdist_dumb.cpython-314.opt-1.pyc'
'/pkgs/setuptools/usr/lib/python3.14/site-packages/setuptools/_distutils/tests/__pycache__/test_bdist_rpm.cpython-314.pyc' -> '/usr/lib/python3.14/site-packages/setuptools/_distutils/tests/__pycache__/test_bdist_rpm.cpython-314.pyc'
'/pkgs/setuptools/usr/lib/python3.14/site-packages/setuptools/_distutils/tests/__pycache__/test_bdist_rpm.cpython-314.opt-1.pyc' -> '/usr/lib/python3.14/site-packages/setuptools/_distutils/tests/__pycache__/test_bdist_rpm.cpython-314.opt-1.pyc'
'/pkgs/setuptools/usr/lib/python3.14/site-packages/setuptools/_distutils/tests/__pycache__/test_build.cpython-314.pyc' -> '/usr/lib/python3.14/site-packages/setuptools/_distutils/tests/__pycache__/test_build.cpython-314.pyc'
'/pkgs/setuptools/usr/lib/python3.14/site-packages/setuptools/_distutils/tests/__pycache__/test_build.cpython-314.opt-1.pyc' -> '/usr/lib/python3.14/site-packages/setuptools/_distutils/tests/__pycache__/test_build.cpython-314.opt-1.pyc'
'/pkgs/setuptools/usr/lib/python3.14/site-packages/setuptools/_distutils/tests/__pycache__/test_build_clib.cpython-314.pyc' -> '/usr/lib/python3.14/site-packages/setuptools/_distutils/tests/__pycache__/test_build_clib.cpython-314.pyc'
'/pkgs/setuptools/usr/lib/python3.14/site-packages/setuptools/_distutils/tests/__pycache__/test_build_clib.cpython-314.opt-1.pyc' -> '/usr/lib/python3.14/site-packages/setuptools/_distutils/tests/__pycache__/test_build_clib.cpython-314.opt-1.pyc'
'/pkgs/setuptools/usr/lib/python3.14/site-packages/setuptools/_distutils/tests/__pycache__/test_build_ext.cpython-314.pyc' -> '/usr/lib/python3.14/site-packages/setuptools/_distutils/tests/__pycache__/test_build_ext.cpython-314.pyc'
'/pkgs/setuptools/usr/lib/python3.14/site-packages/setuptools/_distutils/tests/__pycache__/test_build_ext.cpython-314.opt-1.pyc' -> '/usr/lib/python3.14/site-packages/setuptools/_distutils/tests/__pycache__/test_build_ext.cpython-314.opt-1.pyc'
'/pkgs/setuptools/usr/lib/python3.14/site-packages/setuptools/_distutils/tests/__pycache__/test_build_py.cpython-314.pyc' -> '/usr/lib/python3.14/site-packages/setuptools/_distutils/tests/__pycache__/test_build_py.cpython-314.pyc'
'/pkgs/setuptools/usr/lib/python3.14/site-packages/setuptools/_distutils/tests/__pycache__/test_build_py.cpython-314.opt-1.pyc' -> '/usr/lib/python3.14/site-packages/setuptools/_distutils/tests/__pycache__/test_build_py.cpython-314.opt-1.pyc'
'/pkgs/setuptools/usr/lib/python3.14/site-packages/setuptools/_distutils/tests/__pycache__/test_build_scripts.cpython-314.pyc' -> '/usr/lib/python3.14/site-packages/setuptools/_distutils/tests/__pycache__/test_build_scripts.cpython-314.pyc'
'/pkgs/setuptools/usr/lib/python3.14/site-packages/setuptools/_distutils/tests/__pycache__/test_build_scripts.cpython-314.opt-1.pyc' -> '/usr/lib/python3.14/site-packages/setuptools/_distutils/tests/__pycache__/test_build_scripts.cpython-314.opt-1.pyc'
'/pkgs/setuptools/usr/lib/python3.14/site-packages/setuptools/_distutils/tests/__pycache__/test_check.cpython-314.pyc' -> '/usr/lib/python3.14/site-packages/setuptools/_distutils/tests/__pycache__/test_check.cpython-314.pyc'
'/pkgs/setuptools/usr/lib/python3.14/site-packages/setuptools/_distutils/tests/__pycache__/test_check.cpython-314.opt-1.pyc' -> '/usr/lib/python3.14/site-packages/setuptools/_distutils/tests/__pycache__/test_check.cpython-314.opt-1.pyc'
'/pkgs/setuptools/usr/lib/python3.14/site-packages/setuptools/_distutils/tests/__pycache__/test_clean.cpython-314.pyc' -> '/usr/lib/python3.14/site-packages/setuptools/_distutils/tests/__pycache__/test_clean.cpython-314.pyc'
'/pkgs/setuptools/usr/lib/python3.14/site-packages/setuptools/_distutils/tests/__pycache__/test_clean.cpython-314.opt-1.pyc' -> '/usr/lib/python3.14/site-packages/setuptools/_distutils/tests/__pycache__/test_clean.cpython-314.opt-1.pyc'
'/pkgs/setuptools/usr/lib/python3.14/site-packages/setuptools/_distutils/tests/__pycache__/test_cmd.cpython-314.pyc' -> '/usr/lib/python3.14/site-packages/setuptools/_distutils/tests/__pycache__/test_cmd.cpython-314.pyc'
'/pkgs/setuptools/usr/lib/python3.14/site-packages/setuptools/_distutils/tests/__pycache__/test_cmd.cpython-314.opt-1.pyc' -> '/usr/lib/python3.14/site-packages/setuptools/_distutils/tests/__pycache__/test_cmd.cpython-314.opt-1.pyc'
'/pkgs/setuptools/usr/lib/python3.14/site-packages/setuptools/_distutils/tests/__pycache__/test_config_cmd.cpython-314.pyc' -> '/usr/lib/python3.14/site-packages/setuptools/_distutils/tests/__pycache__/test_config_cmd.cpython-314.pyc'
'/pkgs/setuptools/usr/lib/python3.14/site-packages/setuptools/_distutils/tests/__pycache__/test_config_cmd.cpython-314.opt-1.pyc' -> '/usr/lib/python3.14/site-packages/setuptools/_distutils/tests/__pycache__/test_config_cmd.cpython-314.opt-1.pyc'
'/pkgs/setuptools/usr/lib/python3.14/site-packages/setuptools/_distutils/tests/__pycache__/test_core.cpython-314.pyc' -> '/usr/lib/python3.14/site-packages/setuptools/_distutils/tests/__pycache__/test_core.cpython-314.pyc'
'/pkgs/setuptools/usr/lib/python3.14/site-packages/setuptools/_distutils/tests/__pycache__/test_core.cpython-314.opt-1.pyc' -> '/usr/lib/python3.14/site-packages/setuptools/_distutils/tests/__pycache__/test_core.cpython-314.opt-1.pyc'
'/pkgs/setuptools/usr/lib/python3.14/site-packages/setuptools/_distutils/tests/__pycache__/test_dir_util.cpython-314.pyc' -> '/usr/lib/python3.14/site-packages/setuptools/_distutils/tests/__pycache__/test_dir_util.cpython-314.pyc'
'/pkgs/setuptools/usr/lib/python3.14/site-packages/setuptools/_distutils/tests/__pycache__/test_dir_util.cpython-314.opt-1.pyc' -> '/usr/lib/python3.14/site-packages/setuptools/_distutils/tests/__pycache__/test_dir_util.cpython-314.opt-1.pyc'
'/pkgs/setuptools/usr/lib/python3.14/site-packages/setuptools/_distutils/tests/__pycache__/test_dist.cpython-314.pyc' -> '/usr/lib/python3.14/site-packages/setuptools/_distutils/tests/__pycache__/test_dist.cpython-314.pyc'
'/pkgs/setuptools/usr/lib/python3.14/site-packages/setuptools/_distutils/tests/__pycache__/test_dist.cpython-314.opt-1.pyc' -> '/usr/lib/python3.14/site-packages/setuptools/_distutils/tests/__pycache__/test_dist.cpython-314.opt-1.pyc'
'/pkgs/setuptools/usr/lib/python3.14/site-packages/setuptools/_distutils/tests/__pycache__/test_extension.cpython-314.pyc' -> '/usr/lib/python3.14/site-packages/setuptools/_distutils/tests/__pycache__/test_extension.cpython-314.pyc'
'/pkgs/setuptools/usr/lib/python3.14/site-packages/setuptools/_distutils/tests/__pycache__/test_extension.cpython-314.opt-1.pyc' -> '/usr/lib/python3.14/site-packages/setuptools/_distutils/tests/__pycache__/test_extension.cpython-314.opt-1.pyc'
'/pkgs/setuptools/usr/lib/python3.14/site-packages/setuptools/_distutils/tests/__pycache__/test_file_util.cpython-314.pyc' -> '/usr/lib/python3.14/site-packages/setuptools/_distutils/tests/__pycache__/test_file_util.cpython-314.pyc'
'/pkgs/setuptools/usr/lib/python3.14/site-packages/setuptools/_distutils/tests/__pycache__/test_file_util.cpython-314.opt-1.pyc' -> '/usr/lib/python3.14/site-packages/setuptools/_distutils/tests/__pycache__/test_file_util.cpython-314.opt-1.pyc'
'/pkgs/setuptools/usr/lib/python3.14/site-packages/setuptools/_distutils/tests/__pycache__/test_filelist.cpython-314.pyc' -> '/usr/lib/python3.14/site-packages/setuptools/_distutils/tests/__pycache__/test_filelist.cpython-314.pyc'
'/pkgs/setuptools/usr/lib/python3.14/site-packages/setuptools/_distutils/tests/__pycache__/test_filelist.cpython-314.opt-1.pyc' -> '/usr/lib/python3.14/site-packages/setuptools/_distutils/tests/__pycache__/test_filelist.cpython-314.opt-1.pyc'
'/pkgs/setuptools/usr/lib/python3.14/site-packages/setuptools/_distutils/tests/__pycache__/test_install.cpython-314.pyc' -> '/usr/lib/python3.14/site-packages/setuptools/_distutils/tests/__pycache__/test_install.cpython-314.pyc'
'/pkgs/setuptools/usr/lib/python3.14/site-packages/setuptools/_distutils/tests/__pycache__/test_install.cpython-314.opt-1.pyc' -> '/usr/lib/python3.14/site-packages/setuptools/_distutils/tests/__pycache__/test_install.cpython-314.opt-1.pyc'
'/pkgs/setuptools/usr/lib/python3.14/site-packages/setuptools/_distutils/tests/__pycache__/test_install_data.cpython-314.pyc' -> '/usr/lib/python3.14/site-packages/setuptools/_distutils/tests/__pycache__/test_install_data.cpython-314.pyc'
'/pkgs/setuptools/usr/lib/python3.14/site-packages/setuptools/_distutils/tests/__pycache__/test_install_data.cpython-314.opt-1.pyc' -> '/usr/lib/python3.14/site-packages/setuptools/_distutils/tests/__pycache__/test_install_data.cpython-314.opt-1.pyc'
'/pkgs/setuptools/usr/lib/python3.14/site-packages/setuptools/_distutils/tests/__pycache__/test_install_headers.cpython-314.pyc' -> '/usr/lib/python3.14/site-packages/setuptools/_distutils/tests/__pycache__/test_install_headers.cpython-314.pyc'
'/pkgs/setuptools/usr/lib/python3.14/site-packages/setuptools/_distutils/tests/__pycache__/test_install_headers.cpython-314.opt-1.pyc' -> '/usr/lib/python3.14/site-packages/setuptools/_distutils/tests/__pycache__/test_install_headers.cpython-314.opt-1.pyc'
'/pkgs/setuptools/usr/lib/python3.14/site-packages/setuptools/_distutils/tests/__pycache__/test_install_lib.cpython-314.pyc' -> '/usr/lib/python3.14/site-packages/setuptools/_distutils/tests/__pycache__/test_install_lib.cpython-314.pyc'
'/pkgs/setuptools/usr/lib/python3.14/site-packages/setuptools/_distutils/tests/__pycache__/test_install_lib.cpython-314.opt-1.pyc' -> '/usr/lib/python3.14/site-packages/setuptools/_distutils/tests/__pycache__/test_install_lib.cpython-314.opt-1.pyc'
'/pkgs/setuptools/usr/lib/python3.14/site-packages/setuptools/_distutils/tests/__pycache__/test_install_scripts.cpython-314.pyc' -> '/usr/lib/python3.14/site-packages/setuptools/_distutils/tests/__pycache__/test_install_scripts.cpython-314.pyc'
'/pkgs/setuptools/usr/lib/python3.14/site-packages/setuptools/_distutils/tests/__pycache__/test_install_scripts.cpython-314.opt-1.pyc' -> '/usr/lib/python3.14/site-packages/setuptools/_distutils/tests/__pycache__/test_install_scripts.cpython-314.opt-1.pyc'
'/pkgs/setuptools/usr/lib/python3.14/site-packages/setuptools/_distutils/tests/__pycache__/test_log.cpython-314.pyc' -> '/usr/lib/python3.14/site-packages/setuptools/_distutils/tests/__pycache__/test_log.cpython-314.pyc'
'/pkgs/setuptools/usr/lib/python3.14/site-packages/setuptools/_distutils/tests/__pycache__/test_log.cpython-314.opt-1.pyc' -> '/usr/lib/python3.14/site-packages/setuptools/_distutils/tests/__pycache__/test_log.cpython-314.opt-1.pyc'
'/pkgs/setuptools/usr/lib/python3.14/site-packages/setuptools/_distutils/tests/__pycache__/test_modified.cpython-314.pyc' -> '/usr/lib/python3.14/site-packages/setuptools/_distutils/tests/__pycache__/test_modified.cpython-314.pyc'
'/pkgs/setuptools/usr/lib/python3.14/site-packages/setuptools/_distutils/tests/__pycache__/test_modified.cpython-314.opt-1.pyc' -> '/usr/lib/python3.14/site-packages/setuptools/_distutils/tests/__pycache__/test_modified.cpython-314.opt-1.pyc'
'/pkgs/setuptools/usr/lib/python3.14/site-packages/setuptools/_distutils/tests/__pycache__/test_sdist.cpython-314.pyc' -> '/usr/lib/python3.14/site-packages/setuptools/_distutils/tests/__pycache__/test_sdist.cpython-314.pyc'
'/pkgs/setuptools/usr/lib/python3.14/site-packages/setuptools/_distutils/tests/__pycache__/test_sdist.cpython-314.opt-1.pyc' -> '/usr/lib/python3.14/site-packages/setuptools/_distutils/tests/__pycache__/test_sdist.cpython-314.opt-1.pyc'
'/pkgs/setuptools/usr/lib/python3.14/site-packages/setuptools/_distutils/tests/__pycache__/test_spawn.cpython-314.pyc' -> '/usr/lib/python3.14/site-packages/setuptools/_distutils/tests/__pycache__/test_spawn.cpython-314.pyc'
'/pkgs/setuptools/usr/lib/python3.14/site-packages/setuptools/_distutils/tests/__pycache__/test_spawn.cpython-314.opt-1.pyc' -> '/usr/lib/python3.14/site-packages/setuptools/_distutils/tests/__pycache__/test_spawn.cpython-314.opt-1.pyc'
'/pkgs/setuptools/usr/lib/python3.14/site-packages/setuptools/_distutils/tests/__pycache__/test_sysconfig.cpython-314.pyc' -> '/usr/lib/python3.14/site-packages/setuptools/_distutils/tests/__pycache__/test_sysconfig.cpython-314.pyc'
'/pkgs/setuptools/usr/lib/python3.14/site-packages/setuptools/_distutils/tests/__pycache__/test_sysconfig.cpython-314.opt-1.pyc' -> '/usr/lib/python3.14/site-packages/setuptools/_distutils/tests/__pycache__/test_sysconfig.cpython-314.opt-1.pyc'
'/pkgs/setuptools/usr/lib/python3.14/site-packages/setuptools/_distutils/tests/__pycache__/test_text_file.cpython-314.pyc' -> '/usr/lib/python3.14/site-packages/setuptools/_distutils/tests/__pycache__/test_text_file.cpython-314.pyc'
'/pkgs/setuptools/usr/lib/python3.14/site-packages/setuptools/_distutils/tests/__pycache__/test_text_file.cpython-314.opt-1.pyc' -> '/usr/lib/python3.14/site-packages/setuptools/_distutils/tests/__pycache__/test_text_file.cpython-314.opt-1.pyc'
'/pkgs/setuptools/usr/lib/python3.14/site-packages/setuptools/_distutils/tests/__pycache__/test_util.cpython-314.pyc' -> '/usr/lib/python3.14/site-packages/setuptools/_distutils/tests/__pycache__/test_util.cpython-314.pyc'
'/pkgs/setuptools/usr/lib/python3.14/site-packages/setuptools/_distutils/tests/__pycache__/test_util.cpython-314.opt-1.pyc' -> '/usr/lib/python3.14/site-packages/setuptools/_distutils/tests/__pycache__/test_util.cpython-314.opt-1.pyc'
'/pkgs/setuptools/usr/lib/python3.14/site-packages/setuptools/_distutils/tests/__pycache__/test_version.cpython-314.pyc' -> '/usr/lib/python3.14/site-packages/setuptools/_distutils/tests/__pycache__/test_version.cpython-314.pyc'
'/pkgs/setuptools/usr/lib/python3.14/site-packages/setuptools/_distutils/tests/__pycache__/test_version.cpython-314.opt-1.pyc' -> '/usr/lib/python3.14/site-packages/setuptools/_distutils/tests/__pycache__/test_version.cpython-314.opt-1.pyc'
'/pkgs/setuptools/usr/lib/python3.14/site-packages/setuptools/_distutils/tests/__pycache__/test_versionpredicate.cpython-314.pyc' -> '/usr/lib/python3.14/site-packages/setuptools/_distutils/tests/__pycache__/test_versionpredicate.cpython-314.pyc'
'/pkgs/setuptools/usr/lib/python3.14/site-packages/setuptools/_distutils/tests/__pycache__/test_versionpredicate.cpython-314.opt-1.pyc' -> '/usr/lib/python3.14/site-packages/setuptools/_distutils/tests/__pycache__/test_versionpredicate.cpython-314.opt-1.pyc'
'/pkgs/setuptools/usr/lib/python3.14/site-packages/setuptools/_distutils/tests/__pycache__/unix_compat.cpython-314.pyc' -> '/usr/lib/python3.14/site-packages/setuptools/_distutils/tests/__pycache__/unix_compat.cpython-314.pyc'
'/pkgs/setuptools/usr/lib/python3.14/site-packages/setuptools/_distutils/tests/__pycache__/unix_compat.cpython-314.opt-1.pyc' -> '/usr/lib/python3.14/site-packages/setuptools/_distutils/tests/__pycache__/unix_compat.cpython-314.opt-1.pyc'
'/pkgs/setuptools/usr/lib/python3.14/site-packages/setuptools/_distutils/__pycache__/__init__.cpython-314.pyc' -> '/usr/lib/python3.14/site-packages/setuptools/_distutils/__pycache__/__init__.cpython-314.pyc'
'/pkgs/setuptools/usr/lib/python3.14/site-packages/setuptools/_distutils/__pycache__/__init__.cpython-314.opt-1.pyc' -> '/usr/lib/python3.14/site-packages/setuptools/_distutils/__pycache__/__init__.cpython-314.opt-1.pyc'
'/pkgs/setuptools/usr/lib/python3.14/site-packages/setuptools/_distutils/__pycache__/_log.cpython-314.pyc' -> '/usr/lib/python3.14/site-packages/setuptools/_distutils/__pycache__/_log.cpython-314.pyc'
'/pkgs/setuptools/usr/lib/python3.14/site-packages/setuptools/_distutils/__pycache__/_log.cpython-314.opt-1.pyc' -> '/usr/lib/python3.14/site-packages/setuptools/_distutils/__pycache__/_log.cpython-314.opt-1.pyc'
'/pkgs/setuptools/usr/lib/python3.14/site-packages/setuptools/_distutils/__pycache__/_macos_compat.cpython-314.pyc' -> '/usr/lib/python3.14/site-packages/setuptools/_distutils/__pycache__/_macos_compat.cpython-314.pyc'
'/pkgs/setuptools/usr/lib/python3.14/site-packages/setuptools/_distutils/__pycache__/_macos_compat.cpython-314.opt-1.pyc' -> '/usr/lib/python3.14/site-packages/setuptools/_distutils/__pycache__/_macos_compat.cpython-314.opt-1.pyc'
'/pkgs/setuptools/usr/lib/python3.14/site-packages/setuptools/_distutils/__pycache__/_modified.cpython-314.pyc' -> '/usr/lib/python3.14/site-packages/setuptools/_distutils/__pycache__/_modified.cpython-314.pyc'
'/pkgs/setuptools/usr/lib/python3.14/site-packages/setuptools/_distutils/__pycache__/_modified.cpython-314.opt-1.pyc' -> '/usr/lib/python3.14/site-packages/setuptools/_distutils/__pycache__/_modified.cpython-314.opt-1.pyc'
'/pkgs/setuptools/usr/lib/python3.14/site-packages/setuptools/_distutils/__pycache__/_msvccompiler.cpython-314.pyc' -> '/usr/lib/python3.14/site-packages/setuptools/_distutils/__pycache__/_msvccompiler.cpython-314.pyc'
'/pkgs/setuptools/usr/lib/python3.14/site-packages/setuptools/_distutils/__pycache__/_msvccompiler.cpython-314.opt-1.pyc' -> '/usr/lib/python3.14/site-packages/setuptools/_distutils/__pycache__/_msvccompiler.cpython-314.opt-1.pyc'
'/pkgs/setuptools/usr/lib/python3.14/site-packages/setuptools/_distutils/__pycache__/archive_util.cpython-314.pyc' -> '/usr/lib/python3.14/site-packages/setuptools/_distutils/__pycache__/archive_util.cpython-314.pyc'
'/pkgs/setuptools/usr/lib/python3.14/site-packages/setuptools/_distutils/__pycache__/archive_util.cpython-314.opt-1.pyc' -> '/usr/lib/python3.14/site-packages/setuptools/_distutils/__pycache__/archive_util.cpython-314.opt-1.pyc'
'/pkgs/setuptools/usr/lib/python3.14/site-packages/setuptools/_distutils/__pycache__/ccompiler.cpython-314.pyc' -> '/usr/lib/python3.14/site-packages/setuptools/_distutils/__pycache__/ccompiler.cpython-314.pyc'
'/pkgs/setuptools/usr/lib/python3.14/site-packages/setuptools/_distutils/__pycache__/ccompiler.cpython-314.opt-1.pyc' -> '/usr/lib/python3.14/site-packages/setuptools/_distutils/__pycache__/ccompiler.cpython-314.opt-1.pyc'
'/pkgs/setuptools/usr/lib/python3.14/site-packages/setuptools/_distutils/__pycache__/cmd.cpython-314.pyc' -> '/usr/lib/python3.14/site-packages/setuptools/_distutils/__pycache__/cmd.cpython-314.pyc'
'/pkgs/setuptools/usr/lib/python3.14/site-packages/setuptools/_distutils/__pycache__/cmd.cpython-314.opt-1.pyc' -> '/usr/lib/python3.14/site-packages/setuptools/_distutils/__pycache__/cmd.cpython-314.opt-1.pyc'
'/pkgs/setuptools/usr/lib/python3.14/site-packages/setuptools/_distutils/__pycache__/core.cpython-314.pyc' -> '/usr/lib/python3.14/site-packages/setuptools/_distutils/__pycache__/core.cpython-314.pyc'
'/pkgs/setuptools/usr/lib/python3.14/site-packages/setuptools/_distutils/__pycache__/core.cpython-314.opt-1.pyc' -> '/usr/lib/python3.14/site-packages/setuptools/_distutils/__pycache__/core.cpython-314.opt-1.pyc'
'/pkgs/setuptools/usr/lib/python3.14/site-packages/setuptools/_distutils/__pycache__/cygwinccompiler.cpython-314.pyc' -> '/usr/lib/python3.14/site-packages/setuptools/_distutils/__pycache__/cygwinccompiler.cpython-314.pyc'
'/pkgs/setuptools/usr/lib/python3.14/site-packages/setuptools/_distutils/__pycache__/cygwinccompiler.cpython-314.opt-1.pyc' -> '/usr/lib/python3.14/site-packages/setuptools/_distutils/__pycache__/cygwinccompiler.cpython-314.opt-1.pyc'
'/pkgs/setuptools/usr/lib/python3.14/site-packages/setuptools/_distutils/__pycache__/debug.cpython-314.pyc' -> '/usr/lib/python3.14/site-packages/setuptools/_distutils/__pycache__/debug.cpython-314.pyc'
'/pkgs/setuptools/usr/lib/python3.14/site-packages/setuptools/_distutils/__pycache__/debug.cpython-314.opt-1.pyc' -> '/usr/lib/python3.14/site-packages/setuptools/_distutils/__pycache__/debug.cpython-314.opt-1.pyc'
'/pkgs/setuptools/usr/lib/python3.14/site-packages/setuptools/_distutils/__pycache__/dep_util.cpython-314.pyc' -> '/usr/lib/python3.14/site-packages/setuptools/_distutils/__pycache__/dep_util.cpython-314.pyc'
'/pkgs/setuptools/usr/lib/python3.14/site-packages/setuptools/_distutils/__pycache__/dep_util.cpython-314.opt-1.pyc' -> '/usr/lib/python3.14/site-packages/setuptools/_distutils/__pycache__/dep_util.cpython-314.opt-1.pyc'
'/pkgs/setuptools/usr/lib/python3.14/site-packages/setuptools/_distutils/__pycache__/dir_util.cpython-314.pyc' -> '/usr/lib/python3.14/site-packages/setuptools/_distutils/__pycache__/dir_util.cpython-314.pyc'
'/pkgs/setuptools/usr/lib/python3.14/site-packages/setuptools/_distutils/__pycache__/dir_util.cpython-314.opt-1.pyc' -> '/usr/lib/python3.14/site-packages/setuptools/_distutils/__pycache__/dir_util.cpython-314.opt-1.pyc'
'/pkgs/setuptools/usr/lib/python3.14/site-packages/setuptools/_distutils/__pycache__/dist.cpython-314.pyc' -> '/usr/lib/python3.14/site-packages/setuptools/_distutils/__pycache__/dist.cpython-314.pyc'
'/pkgs/setuptools/usr/lib/python3.14/site-packages/setuptools/_distutils/__pycache__/dist.cpython-314.opt-1.pyc' -> '/usr/lib/python3.14/site-packages/setuptools/_distutils/__pycache__/dist.cpython-314.opt-1.pyc'
'/pkgs/setuptools/usr/lib/python3.14/site-packages/setuptools/_distutils/__pycache__/errors.cpython-314.pyc' -> '/usr/lib/python3.14/site-packages/setuptools/_distutils/__pycache__/errors.cpython-314.pyc'
'/pkgs/setuptools/usr/lib/python3.14/site-packages/setuptools/_distutils/__pycache__/errors.cpython-314.opt-1.pyc' -> '/usr/lib/python3.14/site-packages/setuptools/_distutils/__pycache__/errors.cpython-314.opt-1.pyc'
'/pkgs/setuptools/usr/lib/python3.14/site-packages/setuptools/_distutils/__pycache__/extension.cpython-314.pyc' -> '/usr/lib/python3.14/site-packages/setuptools/_distutils/__pycache__/extension.cpython-314.pyc'
'/pkgs/setuptools/usr/lib/python3.14/site-packages/setuptools/_distutils/__pycache__/extension.cpython-314.opt-1.pyc' -> '/usr/lib/python3.14/site-packages/setuptools/_distutils/__pycache__/extension.cpython-314.opt-1.pyc'
'/pkgs/setuptools/usr/lib/python3.14/site-packages/setuptools/_distutils/__pycache__/fancy_getopt.cpython-314.pyc' -> '/usr/lib/python3.14/site-packages/setuptools/_distutils/__pycache__/fancy_getopt.cpython-314.pyc'
'/pkgs/setuptools/usr/lib/python3.14/site-packages/setuptools/_distutils/__pycache__/fancy_getopt.cpython-314.opt-1.pyc' -> '/usr/lib/python3.14/site-packages/setuptools/_distutils/__pycache__/fancy_getopt.cpython-314.opt-1.pyc'
'/pkgs/setuptools/usr/lib/python3.14/site-packages/setuptools/_distutils/__pycache__/file_util.cpython-314.pyc' -> '/usr/lib/python3.14/site-packages/setuptools/_distutils/__pycache__/file_util.cpython-314.pyc'
'/pkgs/setuptools/usr/lib/python3.14/site-packages/setuptools/_distutils/__pycache__/file_util.cpython-314.opt-1.pyc' -> '/usr/lib/python3.14/site-packages/setuptools/_distutils/__pycache__/file_util.cpython-314.opt-1.pyc'
'/pkgs/setuptools/usr/lib/python3.14/site-packages/setuptools/_distutils/__pycache__/filelist.cpython-314.pyc' -> '/usr/lib/python3.14/site-packages/setuptools/_distutils/__pycache__/filelist.cpython-314.pyc'
'/pkgs/setuptools/usr/lib/python3.14/site-packages/setuptools/_distutils/__pycache__/filelist.cpython-314.opt-1.pyc' -> '/usr/lib/python3.14/site-packages/setuptools/_distutils/__pycache__/filelist.cpython-314.opt-1.pyc'
'/pkgs/setuptools/usr/lib/python3.14/site-packages/setuptools/_distutils/__pycache__/log.cpython-314.pyc' -> '/usr/lib/python3.14/site-packages/setuptools/_distutils/__pycache__/log.cpython-314.pyc'
'/pkgs/setuptools/usr/lib/python3.14/site-packages/setuptools/_distutils/__pycache__/log.cpython-314.opt-1.pyc' -> '/usr/lib/python3.14/site-packages/setuptools/_distutils/__pycache__/log.cpython-314.opt-1.pyc'
'/pkgs/setuptools/usr/lib/python3.14/site-packages/setuptools/_distutils/__pycache__/spawn.cpython-314.pyc' -> '/usr/lib/python3.14/site-packages/setuptools/_distutils/__pycache__/spawn.cpython-314.pyc'
'/pkgs/setuptools/usr/lib/python3.14/site-packages/setuptools/_distutils/__pycache__/spawn.cpython-314.opt-1.pyc' -> '/usr/lib/python3.14/site-packages/setuptools/_distutils/__pycache__/spawn.cpython-314.opt-1.pyc'
'/pkgs/setuptools/usr/lib/python3.14/site-packages/setuptools/_distutils/__pycache__/sysconfig.cpython-314.pyc' -> '/usr/lib/python3.14/site-packages/setuptools/_distutils/__pycache__/sysconfig.cpython-314.pyc'
'/pkgs/setuptools/usr/lib/python3.14/site-packages/setuptools/_distutils/__pycache__/sysconfig.cpython-314.opt-1.pyc' -> '/usr/lib/python3.14/site-packages/setuptools/_distutils/__pycache__/sysconfig.cpython-314.opt-1.pyc'
'/pkgs/setuptools/usr/lib/python3.14/site-packages/setuptools/_distutils/__pycache__/text_file.cpython-314.pyc' -> '/usr/lib/python3.14/site-packages/setuptools/_distutils/__pycache__/text_file.cpython-314.pyc'
'/pkgs/setuptools/usr/lib/python3.14/site-packages/setuptools/_distutils/__pycache__/text_file.cpython-314.opt-1.pyc' -> '/usr/lib/python3.14/site-packages/setuptools/_distutils/__pycache__/text_file.cpython-314.opt-1.pyc'
'/pkgs/setuptools/usr/lib/python3.14/site-packages/setuptools/_distutils/__pycache__/unixccompiler.cpython-314.pyc' -> '/usr/lib/python3.14/site-packages/setuptools/_distutils/__pycache__/unixccompiler.cpython-314.pyc'
'/pkgs/setuptools/usr/lib/python3.14/site-packages/setuptools/_distutils/__pycache__/unixccompiler.cpython-314.opt-1.pyc' -> '/usr/lib/python3.14/site-packages/setuptools/_distutils/__pycache__/unixccompiler.cpython-314.opt-1.pyc'
'/pkgs/setuptools/usr/lib/python3.14/site-packages/setuptools/_distutils/__pycache__/util.cpython-314.pyc' -> '/usr/lib/python3.14/site-packages/setuptools/_distutils/__pycache__/util.cpython-314.pyc'
'/pkgs/setuptools/usr/lib/python3.14/site-packages/setuptools/_distutils/__pycache__/util.cpython-314.opt-1.pyc' -> '/usr/lib/python3.14/site-packages/setuptools/_distutils/__pycache__/util.cpython-314.opt-1.pyc'
'/pkgs/setuptools/usr/lib/python3.14/site-packages/setuptools/_distutils/__pycache__/version.cpython-314.pyc' -> '/usr/lib/python3.14/site-packages/setuptools/_distutils/__pycache__/version.cpython-314.pyc'
'/pkgs/setuptools/usr/lib/python3.14/site-packages/setuptools/_distutils/__pycache__/version.cpython-314.opt-1.pyc' -> '/usr/lib/python3.14/site-packages/setuptools/_distutils/__pycache__/version.cpython-314.opt-1.pyc'
'/pkgs/setuptools/usr/lib/python3.14/site-packages/setuptools/_distutils/__pycache__/versionpredicate.cpython-314.pyc' -> '/usr/lib/python3.14/site-packages/setuptools/_distutils/__pycache__/versionpredicate.cpython-314.pyc'
'/pkgs/setuptools/usr/lib/python3.14/site-packages/setuptools/_distutils/__pycache__/versionpredicate.cpython-314.opt-1.pyc' -> '/usr/lib/python3.14/site-packages/setuptools/_distutils/__pycache__/versionpredicate.cpython-314.opt-1.pyc'
'/pkgs/setuptools/usr/lib/python3.14/site-packages/setuptools/_distutils/__pycache__/zosccompiler.cpython-314.pyc' -> '/usr/lib/python3.14/site-packages/setuptools/_distutils/__pycache__/zosccompiler.cpython-314.pyc'
'/pkgs/setuptools/usr/lib/python3.14/site-packages/setuptools/_distutils/__pycache__/zosccompiler.cpython-314.opt-1.pyc' -> '/usr/lib/python3.14/site-packages/setuptools/_distutils/__pycache__/zosccompiler.cpython-314.opt-1.pyc'
'/pkgs/setuptools/usr/lib/python3.14/site-packages/setuptools/_vendor/.lock' -> '/usr/lib/python3.14/site-packages/setuptools/_vendor/.lock'
'/pkgs/setuptools/usr/lib/python3.14/site-packages/setuptools/_vendor/autocommand/__init__.py' -> '/usr/lib/python3.14/site-packages/setuptools/_vendor/autocommand/__init__.py'
'/pkgs/setuptools/usr/lib/python3.14/site-packages/setuptools/_vendor/autocommand/autoasync.py' -> '/usr/lib/python3.14/site-packages/setuptools/_vendor/autocommand/autoasync.py'
'/pkgs/setuptools/usr/lib/python3.14/site-packages/setuptools/_vendor/autocommand/autocommand.py' -> '/usr/lib/python3.14/site-packages/setuptools/_vendor/autocommand/autocommand.py'
'/pkgs/setuptools/usr/lib/python3.14/site-packages/setuptools/_vendor/autocommand/automain.py' -> '/usr/lib/python3.14/site-packages/setuptools/_vendor/autocommand/automain.py'
'/pkgs/setuptools/usr/lib/python3.14/site-packages/setuptools/_vendor/autocommand/autoparse.py' -> '/usr/lib/python3.14/site-packages/setuptools/_vendor/autocommand/autoparse.py'
'/pkgs/setuptools/usr/lib/python3.14/site-packages/setuptools/_vendor/autocommand/errors.py' -> '/usr/lib/python3.14/site-packages/setuptools/_vendor/autocommand/errors.py'
'/pkgs/setuptools/usr/lib/python3.14/site-packages/setuptools/_vendor/autocommand/__pycache__/__init__.cpython-314.pyc' -> '/usr/lib/python3.14/site-packages/setuptools/_vendor/autocommand/__pycache__/__init__.cpython-314.pyc'
'/pkgs/setuptools/usr/lib/python3.14/site-packages/setuptools/_vendor/autocommand/__pycache__/__init__.cpython-314.opt-1.pyc' -> '/usr/lib/python3.14/site-packages/setuptools/_vendor/autocommand/__pycache__/__init__.cpython-314.opt-1.pyc'
'/pkgs/setuptools/usr/lib/python3.14/site-packages/setuptools/_vendor/autocommand/__pycache__/autoasync.cpython-314.pyc' -> '/usr/lib/python3.14/site-packages/setuptools/_vendor/autocommand/__pycache__/autoasync.cpython-314.pyc'
'/pkgs/setuptools/usr/lib/python3.14/site-packages/setuptools/_vendor/autocommand/__pycache__/autoasync.cpython-314.opt-1.pyc' -> '/usr/lib/python3.14/site-packages/setuptools/_vendor/autocommand/__pycache__/autoasync.cpython-314.opt-1.pyc'
'/pkgs/setuptools/usr/lib/python3.14/site-packages/setuptools/_vendor/autocommand/__pycache__/autocommand.cpython-314.pyc' -> '/usr/lib/python3.14/site-packages/setuptools/_vendor/autocommand/__pycache__/autocommand.cpython-314.pyc'
'/pkgs/setuptools/usr/lib/python3.14/site-packages/setuptools/_vendor/autocommand/__pycache__/autocommand.cpython-314.opt-1.pyc' -> '/usr/lib/python3.14/site-packages/setuptools/_vendor/autocommand/__pycache__/autocommand.cpython-314.opt-1.pyc'
'/pkgs/setuptools/usr/lib/python3.14/site-packages/setuptools/_vendor/autocommand/__pycache__/automain.cpython-314.pyc' -> '/usr/lib/python3.14/site-packages/setuptools/_vendor/autocommand/__pycache__/automain.cpython-314.pyc'
'/pkgs/setuptools/usr/lib/python3.14/site-packages/setuptools/_vendor/autocommand/__pycache__/automain.cpython-314.opt-1.pyc' -> '/usr/lib/python3.14/site-packages/setuptools/_vendor/autocommand/__pycache__/automain.cpython-314.opt-1.pyc'
'/pkgs/setuptools/usr/lib/python3.14/site-packages/setuptools/_vendor/autocommand/__pycache__/autoparse.cpython-314.pyc' -> '/usr/lib/python3.14/site-packages/setuptools/_vendor/autocommand/__pycache__/autoparse.cpython-314.pyc'
'/pkgs/setuptools/usr/lib/python3.14/site-packages/setuptools/_vendor/autocommand/__pycache__/autoparse.cpython-314.opt-1.pyc' -> '/usr/lib/python3.14/site-packages/setuptools/_vendor/autocommand/__pycache__/autoparse.cpython-314.opt-1.pyc'
'/pkgs/setuptools/usr/lib/python3.14/site-packages/setuptools/_vendor/autocommand/__pycache__/errors.cpython-314.pyc' -> '/usr/lib/python3.14/site-packages/setuptools/_vendor/autocommand/__pycache__/errors.cpython-314.pyc'
'/pkgs/setuptools/usr/lib/python3.14/site-packages/setuptools/_vendor/autocommand/__pycache__/errors.cpython-314.opt-1.pyc' -> '/usr/lib/python3.14/site-packages/setuptools/_vendor/autocommand/__pycache__/errors.cpython-314.opt-1.pyc'
'/pkgs/setuptools/usr/lib/python3.14/site-packages/setuptools/_vendor/backports/__init__.py' -> '/usr/lib/python3.14/site-packages/setuptools/_vendor/backports/__init__.py'
'/pkgs/setuptools/usr/lib/python3.14/site-packages/setuptools/_vendor/backports/tarfile/__init__.py' -> '/usr/lib/python3.14/site-packages/setuptools/_vendor/backports/tarfile/__init__.py'
'/pkgs/setuptools/usr/lib/python3.14/site-packages/setuptools/_vendor/backports/tarfile/__main__.py' -> '/usr/lib/python3.14/site-packages/setuptools/_vendor/backports/tarfile/__main__.py'
'/pkgs/setuptools/usr/lib/python3.14/site-packages/setuptools/_vendor/backports/tarfile/compat/__init__.py' -> '/usr/lib/python3.14/site-packages/setuptools/_vendor/backports/tarfile/compat/__init__.py'
'/pkgs/setuptools/usr/lib/python3.14/site-packages/setuptools/_vendor/backports/tarfile/compat/py38.py' -> '/usr/lib/python3.14/site-packages/setuptools/_vendor/backports/tarfile/compat/py38.py'
'/pkgs/setuptools/usr/lib/python3.14/site-packages/setuptools/_vendor/backports/tarfile/compat/__pycache__/__init__.cpython-314.pyc' -> '/usr/lib/python3.14/site-packages/setuptools/_vendor/backports/tarfile/compat/__pycache__/__init__.cpython-314.pyc'
'/pkgs/setuptools/usr/lib/python3.14/site-packages/setuptools/_vendor/backports/tarfile/compat/__pycache__/__init__.cpython-314.opt-1.pyc' -> '/usr/lib/python3.14/site-packages/setuptools/_vendor/backports/tarfile/compat/__pycache__/__init__.cpython-314.opt-1.pyc'
'/pkgs/setuptools/usr/lib/python3.14/site-packages/setuptools/_vendor/backports/tarfile/compat/__pycache__/py38.cpython-314.pyc' -> '/usr/lib/python3.14/site-packages/setuptools/_vendor/backports/tarfile/compat/__pycache__/py38.cpython-314.pyc'
'/pkgs/setuptools/usr/lib/python3.14/site-packages/setuptools/_vendor/backports/tarfile/compat/__pycache__/py38.cpython-314.opt-1.pyc' -> '/usr/lib/python3.14/site-packages/setuptools/_vendor/backports/tarfile/compat/__pycache__/py38.cpython-314.opt-1.pyc'
'/pkgs/setuptools/usr/lib/python3.14/site-packages/setuptools/_vendor/backports/tarfile/__pycache__/__init__.cpython-314.pyc' -> '/usr/lib/python3.14/site-packages/setuptools/_vendor/backports/tarfile/__pycache__/__init__.cpython-314.pyc'
'/pkgs/setuptools/usr/lib/python3.14/site-packages/setuptools/_vendor/backports/tarfile/__pycache__/__init__.cpython-314.opt-1.pyc' -> '/usr/lib/python3.14/site-packages/setuptools/_vendor/backports/tarfile/__pycache__/__init__.cpython-314.opt-1.pyc'
'/pkgs/setuptools/usr/lib/python3.14/site-packages/setuptools/_vendor/backports/tarfile/__pycache__/__main__.cpython-314.pyc' -> '/usr/lib/python3.14/site-packages/setuptools/_vendor/backports/tarfile/__pycache__/__main__.cpython-314.pyc'
'/pkgs/setuptools/usr/lib/python3.14/site-packages/setuptools/_vendor/backports/tarfile/__pycache__/__main__.cpython-314.opt-1.pyc' -> '/usr/lib/python3.14/site-packages/setuptools/_vendor/backports/tarfile/__pycache__/__main__.cpython-314.opt-1.pyc'
'/pkgs/setuptools/usr/lib/python3.14/site-packages/setuptools/_vendor/backports/__pycache__/__init__.cpython-314.pyc' -> '/usr/lib/python3.14/site-packages/setuptools/_vendor/backports/__pycache__/__init__.cpython-314.pyc'
'/pkgs/setuptools/usr/lib/python3.14/site-packages/setuptools/_vendor/backports/__pycache__/__init__.cpython-314.opt-1.pyc' -> '/usr/lib/python3.14/site-packages/setuptools/_vendor/backports/__pycache__/__init__.cpython-314.opt-1.pyc'
'/pkgs/setuptools/usr/lib/python3.14/site-packages/setuptools/_vendor/importlib_metadata/__init__.py' -> '/usr/lib/python3.14/site-packages/setuptools/_vendor/importlib_metadata/__init__.py'
'/pkgs/setuptools/usr/lib/python3.14/site-packages/setuptools/_vendor/importlib_metadata/_adapters.py' -> '/usr/lib/python3.14/site-packages/setuptools/_vendor/importlib_metadata/_adapters.py'
'/pkgs/setuptools/usr/lib/python3.14/site-packages/setuptools/_vendor/importlib_metadata/_collections.py' -> '/usr/lib/python3.14/site-packages/setuptools/_vendor/importlib_metadata/_collections.py'
'/pkgs/setuptools/usr/lib/python3.14/site-packages/setuptools/_vendor/importlib_metadata/_compat.py' -> '/usr/lib/python3.14/site-packages/setuptools/_vendor/importlib_metadata/_compat.py'
'/pkgs/setuptools/usr/lib/python3.14/site-packages/setuptools/_vendor/importlib_metadata/_functools.py' -> '/usr/lib/python3.14/site-packages/setuptools/_vendor/importlib_metadata/_functools.py'
'/pkgs/setuptools/usr/lib/python3.14/site-packages/setuptools/_vendor/importlib_metadata/_itertools.py' -> '/usr/lib/python3.14/site-packages/setuptools/_vendor/importlib_metadata/_itertools.py'
'/pkgs/setuptools/usr/lib/python3.14/site-packages/setuptools/_vendor/importlib_metadata/_meta.py' -> '/usr/lib/python3.14/site-packages/setuptools/_vendor/importlib_metadata/_meta.py'
'/pkgs/setuptools/usr/lib/python3.14/site-packages/setuptools/_vendor/importlib_metadata/_text.py' -> '/usr/lib/python3.14/site-packages/setuptools/_vendor/importlib_metadata/_text.py'
'/pkgs/setuptools/usr/lib/python3.14/site-packages/setuptools/_vendor/importlib_metadata/_typing.py' -> '/usr/lib/python3.14/site-packages/setuptools/_vendor/importlib_metadata/_typing.py'
'/pkgs/setuptools/usr/lib/python3.14/site-packages/setuptools/_vendor/importlib_metadata/diagnose.py' -> '/usr/lib/python3.14/site-packages/setuptools/_vendor/importlib_metadata/diagnose.py'
'/pkgs/setuptools/usr/lib/python3.14/site-packages/setuptools/_vendor/importlib_metadata/py.typed' -> '/usr/lib/python3.14/site-packages/setuptools/_vendor/importlib_metadata/py.typed'
'/pkgs/setuptools/usr/lib/python3.14/site-packages/setuptools/_vendor/importlib_metadata/compat/__init__.py' -> '/usr/lib/python3.14/site-packages/setuptools/_vendor/importlib_metadata/compat/__init__.py'
'/pkgs/setuptools/usr/lib/python3.14/site-packages/setuptools/_vendor/importlib_metadata/compat/py311.py' -> '/usr/lib/python3.14/site-packages/setuptools/_vendor/importlib_metadata/compat/py311.py'
'/pkgs/setuptools/usr/lib/python3.14/site-packages/setuptools/_vendor/importlib_metadata/compat/py39.py' -> '/usr/lib/python3.14/site-packages/setuptools/_vendor/importlib_metadata/compat/py39.py'
'/pkgs/setuptools/usr/lib/python3.14/site-packages/setuptools/_vendor/importlib_metadata/compat/__pycache__/__init__.cpython-314.pyc' -> '/usr/lib/python3.14/site-packages/setuptools/_vendor/importlib_metadata/compat/__pycache__/__init__.cpython-314.pyc'
'/pkgs/setuptools/usr/lib/python3.14/site-packages/setuptools/_vendor/importlib_metadata/compat/__pycache__/__init__.cpython-314.opt-1.pyc' -> '/usr/lib/python3.14/site-packages/setuptools/_vendor/importlib_metadata/compat/__pycache__/__init__.cpython-314.opt-1.pyc'
'/pkgs/setuptools/usr/lib/python3.14/site-packages/setuptools/_vendor/importlib_metadata/compat/__pycache__/py311.cpython-314.pyc' -> '/usr/lib/python3.14/site-packages/setuptools/_vendor/importlib_metadata/compat/__pycache__/py311.cpython-314.pyc'
'/pkgs/setuptools/usr/lib/python3.14/site-packages/setuptools/_vendor/importlib_metadata/compat/__pycache__/py311.cpython-314.opt-1.pyc' -> '/usr/lib/python3.14/site-packages/setuptools/_vendor/importlib_metadata/compat/__pycache__/py311.cpython-314.opt-1.pyc'
'/pkgs/setuptools/usr/lib/python3.14/site-packages/setuptools/_vendor/importlib_metadata/compat/__pycache__/py39.cpython-314.pyc' -> '/usr/lib/python3.14/site-packages/setuptools/_vendor/importlib_metadata/compat/__pycache__/py39.cpython-314.pyc'
'/pkgs/setuptools/usr/lib/python3.14/site-packages/setuptools/_vendor/importlib_metadata/compat/__pycache__/py39.cpython-314.opt-1.pyc' -> '/usr/lib/python3.14/site-packages/setuptools/_vendor/importlib_metadata/compat/__pycache__/py39.cpython-314.opt-1.pyc'
'/pkgs/setuptools/usr/lib/python3.14/site-packages/setuptools/_vendor/importlib_metadata/__pycache__/__init__.cpython-314.pyc' -> '/usr/lib/python3.14/site-packages/setuptools/_vendor/importlib_metadata/__pycache__/__init__.cpython-314.pyc'
'/pkgs/setuptools/usr/lib/python3.14/site-packages/setuptools/_vendor/importlib_metadata/__pycache__/__init__.cpython-314.opt-1.pyc' -> '/usr/lib/python3.14/site-packages/setuptools/_vendor/importlib_metadata/__pycache__/__init__.cpython-314.opt-1.pyc'
'/pkgs/setuptools/usr/lib/python3.14/site-packages/setuptools/_vendor/importlib_metadata/__pycache__/_adapters.cpython-314.pyc' -> '/usr/lib/python3.14/site-packages/setuptools/_vendor/importlib_metadata/__pycache__/_adapters.cpython-314.pyc'
'/pkgs/setuptools/usr/lib/python3.14/site-packages/setuptools/_vendor/importlib_metadata/__pycache__/_adapters.cpython-314.opt-1.pyc' -> '/usr/lib/python3.14/site-packages/setuptools/_vendor/importlib_metadata/__pycache__/_adapters.cpython-314.opt-1.pyc'
'/pkgs/setuptools/usr/lib/python3.14/site-packages/setuptools/_vendor/importlib_metadata/__pycache__/_collections.cpython-314.pyc' -> '/usr/lib/python3.14/site-packages/setuptools/_vendor/importlib_metadata/__pycache__/_collections.cpython-314.pyc'
'/pkgs/setuptools/usr/lib/python3.14/site-packages/setuptools/_vendor/importlib_metadata/__pycache__/_collections.cpython-314.opt-1.pyc' -> '/usr/lib/python3.14/site-packages/setuptools/_vendor/importlib_metadata/__pycache__/_collections.cpython-314.opt-1.pyc'
'/pkgs/setuptools/usr/lib/python3.14/site-packages/setuptools/_vendor/importlib_metadata/__pycache__/_compat.cpython-314.pyc' -> '/usr/lib/python3.14/site-packages/setuptools/_vendor/importlib_metadata/__pycache__/_compat.cpython-314.pyc'
'/pkgs/setuptools/usr/lib/python3.14/site-packages/setuptools/_vendor/importlib_metadata/__pycache__/_compat.cpython-314.opt-1.pyc' -> '/usr/lib/python3.14/site-packages/setuptools/_vendor/importlib_metadata/__pycache__/_compat.cpython-314.opt-1.pyc'
'/pkgs/setuptools/usr/lib/python3.14/site-packages/setuptools/_vendor/importlib_metadata/__pycache__/_functools.cpython-314.pyc' -> '/usr/lib/python3.14/site-packages/setuptools/_vendor/importlib_metadata/__pycache__/_functools.cpython-314.pyc'
'/pkgs/setuptools/usr/lib/python3.14/site-packages/setuptools/_vendor/importlib_metadata/__pycache__/_functools.cpython-314.opt-1.pyc' -> '/usr/lib/python3.14/site-packages/setuptools/_vendor/importlib_metadata/__pycache__/_functools.cpython-314.opt-1.pyc'
'/pkgs/setuptools/usr/lib/python3.14/site-packages/setuptools/_vendor/importlib_metadata/__pycache__/_itertools.cpython-314.pyc' -> '/usr/lib/python3.14/site-packages/setuptools/_vendor/importlib_metadata/__pycache__/_itertools.cpython-314.pyc'
'/pkgs/setuptools/usr/lib/python3.14/site-packages/setuptools/_vendor/importlib_metadata/__pycache__/_itertools.cpython-314.opt-1.pyc' -> '/usr/lib/python3.14/site-packages/setuptools/_vendor/importlib_metadata/__pycache__/_itertools.cpython-314.opt-1.pyc'
'/pkgs/setuptools/usr/lib/python3.14/site-packages/setuptools/_vendor/importlib_metadata/__pycache__/_meta.cpython-314.pyc' -> '/usr/lib/python3.14/site-packages/setuptools/_vendor/importlib_metadata/__pycache__/_meta.cpython-314.pyc'
'/pkgs/setuptools/usr/lib/python3.14/site-packages/setuptools/_vendor/importlib_metadata/__pycache__/_meta.cpython-314.opt-1.pyc' -> '/usr/lib/python3.14/site-packages/setuptools/_vendor/importlib_metadata/__pycache__/_meta.cpython-314.opt-1.pyc'
'/pkgs/setuptools/usr/lib/python3.14/site-packages/setuptools/_vendor/importlib_metadata/__pycache__/_text.cpython-314.pyc' -> '/usr/lib/python3.14/site-packages/setuptools/_vendor/importlib_metadata/__pycache__/_text.cpython-314.pyc'
'/pkgs/setuptools/usr/lib/python3.14/site-packages/setuptools/_vendor/importlib_metadata/__pycache__/_text.cpython-314.opt-1.pyc' -> '/usr/lib/python3.14/site-packages/setuptools/_vendor/importlib_metadata/__pycache__/_text.cpython-314.opt-1.pyc'
'/pkgs/setuptools/usr/lib/python3.14/site-packages/setuptools/_vendor/importlib_metadata/__pycache__/_typing.cpython-314.pyc' -> '/usr/lib/python3.14/site-packages/setuptools/_vendor/importlib_metadata/__pycache__/_typing.cpython-314.pyc'
'/pkgs/setuptools/usr/lib/python3.14/site-packages/setuptools/_vendor/importlib_metadata/__pycache__/_typing.cpython-314.opt-1.pyc' -> '/usr/lib/python3.14/site-packages/setuptools/_vendor/importlib_metadata/__pycache__/_typing.cpython-314.opt-1.pyc'
'/pkgs/setuptools/usr/lib/python3.14/site-packages/setuptools/_vendor/importlib_metadata/__pycache__/diagnose.cpython-314.pyc' -> '/usr/lib/python3.14/site-packages/setuptools/_vendor/importlib_metadata/__pycache__/diagnose.cpython-314.pyc'
'/pkgs/setuptools/usr/lib/python3.14/site-packages/setuptools/_vendor/importlib_metadata/__pycache__/diagnose.cpython-314.opt-1.pyc' -> '/usr/lib/python3.14/site-packages/setuptools/_vendor/importlib_metadata/__pycache__/diagnose.cpython-314.opt-1.pyc'
'/pkgs/setuptools/usr/lib/python3.14/site-packages/setuptools/_vendor/importlib_metadata-8.7.1.dist-info/licenses/LICENSE' -> '/usr/lib/python3.14/site-packages/setuptools/_vendor/importlib_metadata-8.7.1.dist-info/licenses/LICENSE'
'/pkgs/setuptools/usr/lib/python3.14/site-packages/setuptools/_vendor/importlib_metadata-8.7.1.dist-info/INSTALLER' -> '/usr/lib/python3.14/site-packages/setuptools/_vendor/importlib_metadata-8.7.1.dist-info/INSTALLER'
'/pkgs/setuptools/usr/lib/python3.14/site-packages/setuptools/_vendor/importlib_metadata-8.7.1.dist-info/METADATA' -> '/usr/lib/python3.14/site-packages/setuptools/_vendor/importlib_metadata-8.7.1.dist-info/METADATA'
'/pkgs/setuptools/usr/lib/python3.14/site-packages/setuptools/_vendor/importlib_metadata-8.7.1.dist-info/RECORD' -> '/usr/lib/python3.14/site-packages/setuptools/_vendor/importlib_metadata-8.7.1.dist-info/RECORD'
'/pkgs/setuptools/usr/lib/python3.14/site-packages/setuptools/_vendor/importlib_metadata-8.7.1.dist-info/REQUESTED' -> '/usr/lib/python3.14/site-packages/setuptools/_vendor/importlib_metadata-8.7.1.dist-info/REQUESTED'
'/pkgs/setuptools/usr/lib/python3.14/site-packages/setuptools/_vendor/importlib_metadata-8.7.1.dist-info/WHEEL' -> '/usr/lib/python3.14/site-packages/setuptools/_vendor/importlib_metadata-8.7.1.dist-info/WHEEL'
'/pkgs/setuptools/usr/lib/python3.14/site-packages/setuptools/_vendor/importlib_metadata-8.7.1.dist-info/top_level.txt' -> '/usr/lib/python3.14/site-packages/setuptools/_vendor/importlib_metadata-8.7.1.dist-info/top_level.txt'
'/pkgs/setuptools/usr/lib/python3.14/site-packages/setuptools/_vendor/jaraco/context/__init__.py' -> '/usr/lib/python3.14/site-packages/setuptools/_vendor/jaraco/context/__init__.py'
'/pkgs/setuptools/usr/lib/python3.14/site-packages/setuptools/_vendor/jaraco/context/py.typed' -> '/usr/lib/python3.14/site-packages/setuptools/_vendor/jaraco/context/py.typed'
'/pkgs/setuptools/usr/lib/python3.14/site-packages/setuptools/_vendor/jaraco/context/__pycache__/__init__.cpython-314.pyc' -> '/usr/lib/python3.14/site-packages/setuptools/_vendor/jaraco/context/__pycache__/__init__.cpython-314.pyc'
'/pkgs/setuptools/usr/lib/python3.14/site-packages/setuptools/_vendor/jaraco/context/__pycache__/__init__.cpython-314.opt-1.pyc' -> '/usr/lib/python3.14/site-packages/setuptools/_vendor/jaraco/context/__pycache__/__init__.cpython-314.opt-1.pyc'
'/pkgs/setuptools/usr/lib/python3.14/site-packages/setuptools/_vendor/jaraco/functools/__init__.py' -> '/usr/lib/python3.14/site-packages/setuptools/_vendor/jaraco/functools/__init__.py'
'/pkgs/setuptools/usr/lib/python3.14/site-packages/setuptools/_vendor/jaraco/functools/__init__.pyi' -> '/usr/lib/python3.14/site-packages/setuptools/_vendor/jaraco/functools/__init__.pyi'
'/pkgs/setuptools/usr/lib/python3.14/site-packages/setuptools/_vendor/jaraco/functools/py.typed' -> '/usr/lib/python3.14/site-packages/setuptools/_vendor/jaraco/functools/py.typed'
'/pkgs/setuptools/usr/lib/python3.14/site-packages/setuptools/_vendor/jaraco/functools/__pycache__/__init__.cpython-314.pyc' -> '/usr/lib/python3.14/site-packages/setuptools/_vendor/jaraco/functools/__pycache__/__init__.cpython-314.pyc'
'/pkgs/setuptools/usr/lib/python3.14/site-packages/setuptools/_vendor/jaraco/functools/__pycache__/__init__.cpython-314.opt-1.pyc' -> '/usr/lib/python3.14/site-packages/setuptools/_vendor/jaraco/functools/__pycache__/__init__.cpython-314.opt-1.pyc'
'/pkgs/setuptools/usr/lib/python3.14/site-packages/setuptools/_vendor/jaraco/text/Lorem ipsum.txt' -> '/usr/lib/python3.14/site-packages/setuptools/_vendor/jaraco/text/Lorem ipsum.txt'
'/pkgs/setuptools/usr/lib/python3.14/site-packages/setuptools/_vendor/jaraco/text/__init__.py' -> '/usr/lib/python3.14/site-packages/setuptools/_vendor/jaraco/text/__init__.py'
'/pkgs/setuptools/usr/lib/python3.14/site-packages/setuptools/_vendor/jaraco/text/layouts.py' -> '/usr/lib/python3.14/site-packages/setuptools/_vendor/jaraco/text/layouts.py'
'/pkgs/setuptools/usr/lib/python3.14/site-packages/setuptools/_vendor/jaraco/text/show-newlines.py' -> '/usr/lib/python3.14/site-packages/setuptools/_vendor/jaraco/text/show-newlines.py'
'/pkgs/setuptools/usr/lib/python3.14/site-packages/setuptools/_vendor/jaraco/text/strip-prefix.py' -> '/usr/lib/python3.14/site-packages/setuptools/_vendor/jaraco/text/strip-prefix.py'
'/pkgs/setuptools/usr/lib/python3.14/site-packages/setuptools/_vendor/jaraco/text/to-dvorak.py' -> '/usr/lib/python3.14/site-packages/setuptools/_vendor/jaraco/text/to-dvorak.py'
'/pkgs/setuptools/usr/lib/python3.14/site-packages/setuptools/_vendor/jaraco/text/to-qwerty.py' -> '/usr/lib/python3.14/site-packages/setuptools/_vendor/jaraco/text/to-qwerty.py'
'/pkgs/setuptools/usr/lib/python3.14/site-packages/setuptools/_vendor/jaraco/text/__pycache__/__init__.cpython-314.pyc' -> '/usr/lib/python3.14/site-packages/setuptools/_vendor/jaraco/text/__pycache__/__init__.cpython-314.pyc'
'/pkgs/setuptools/usr/lib/python3.14/site-packages/setuptools/_vendor/jaraco/text/__pycache__/__init__.cpython-314.opt-1.pyc' -> '/usr/lib/python3.14/site-packages/setuptools/_vendor/jaraco/text/__pycache__/__init__.cpython-314.opt-1.pyc'
'/pkgs/setuptools/usr/lib/python3.14/site-packages/setuptools/_vendor/jaraco/text/__pycache__/layouts.cpython-314.pyc' -> '/usr/lib/python3.14/site-packages/setuptools/_vendor/jaraco/text/__pycache__/layouts.cpython-314.pyc'
'/pkgs/setuptools/usr/lib/python3.14/site-packages/setuptools/_vendor/jaraco/text/__pycache__/layouts.cpython-314.opt-1.pyc' -> '/usr/lib/python3.14/site-packages/setuptools/_vendor/jaraco/text/__pycache__/layouts.cpython-314.opt-1.pyc'
'/pkgs/setuptools/usr/lib/python3.14/site-packages/setuptools/_vendor/jaraco/text/__pycache__/show-newlines.cpython-314.pyc' -> '/usr/lib/python3.14/site-packages/setuptools/_vendor/jaraco/text/__pycache__/show-newlines.cpython-314.pyc'
'/pkgs/setuptools/usr/lib/python3.14/site-packages/setuptools/_vendor/jaraco/text/__pycache__/show-newlines.cpython-314.opt-1.pyc' -> '/usr/lib/python3.14/site-packages/setuptools/_vendor/jaraco/text/__pycache__/show-newlines.cpython-314.opt-1.pyc'
'/pkgs/setuptools/usr/lib/python3.14/site-packages/setuptools/_vendor/jaraco/text/__pycache__/strip-prefix.cpython-314.pyc' -> '/usr/lib/python3.14/site-packages/setuptools/_vendor/jaraco/text/__pycache__/strip-prefix.cpython-314.pyc'
'/pkgs/setuptools/usr/lib/python3.14/site-packages/setuptools/_vendor/jaraco/text/__pycache__/strip-prefix.cpython-314.opt-1.pyc' -> '/usr/lib/python3.14/site-packages/setuptools/_vendor/jaraco/text/__pycache__/strip-prefix.cpython-314.opt-1.pyc'
'/pkgs/setuptools/usr/lib/python3.14/site-packages/setuptools/_vendor/jaraco/text/__pycache__/to-dvorak.cpython-314.pyc' -> '/usr/lib/python3.14/site-packages/setuptools/_vendor/jaraco/text/__pycache__/to-dvorak.cpython-314.pyc'
'/pkgs/setuptools/usr/lib/python3.14/site-packages/setuptools/_vendor/jaraco/text/__pycache__/to-dvorak.cpython-314.opt-1.pyc' -> '/usr/lib/python3.14/site-packages/setuptools/_vendor/jaraco/text/__pycache__/to-dvorak.cpython-314.opt-1.pyc'
'/pkgs/setuptools/usr/lib/python3.14/site-packages/setuptools/_vendor/jaraco/text/__pycache__/to-qwerty.cpython-314.pyc' -> '/usr/lib/python3.14/site-packages/setuptools/_vendor/jaraco/text/__pycache__/to-qwerty.cpython-314.pyc'
'/pkgs/setuptools/usr/lib/python3.14/site-packages/setuptools/_vendor/jaraco/text/__pycache__/to-qwerty.cpython-314.opt-1.pyc' -> '/usr/lib/python3.14/site-packages/setuptools/_vendor/jaraco/text/__pycache__/to-qwerty.cpython-314.opt-1.pyc'
'/pkgs/setuptools/usr/lib/python3.14/site-packages/setuptools/_vendor/jaraco_context-6.1.0.dist-info/licenses/LICENSE' -> '/usr/lib/python3.14/site-packages/setuptools/_vendor/jaraco_context-6.1.0.dist-info/licenses/LICENSE'
'/pkgs/setuptools/usr/lib/python3.14/site-packages/setuptools/_vendor/jaraco_context-6.1.0.dist-info/INSTALLER' -> '/usr/lib/python3.14/site-packages/setuptools/_vendor/jaraco_context-6.1.0.dist-info/INSTALLER'
'/pkgs/setuptools/usr/lib/python3.14/site-packages/setuptools/_vendor/jaraco_context-6.1.0.dist-info/METADATA' -> '/usr/lib/python3.14/site-packages/setuptools/_vendor/jaraco_context-6.1.0.dist-info/METADATA'
'/pkgs/setuptools/usr/lib/python3.14/site-packages/setuptools/_vendor/jaraco_context-6.1.0.dist-info/RECORD' -> '/usr/lib/python3.14/site-packages/setuptools/_vendor/jaraco_context-6.1.0.dist-info/RECORD'
'/pkgs/setuptools/usr/lib/python3.14/site-packages/setuptools/_vendor/jaraco_context-6.1.0.dist-info/REQUESTED' -> '/usr/lib/python3.14/site-packages/setuptools/_vendor/jaraco_context-6.1.0.dist-info/REQUESTED'
'/pkgs/setuptools/usr/lib/python3.14/site-packages/setuptools/_vendor/jaraco_context-6.1.0.dist-info/WHEEL' -> '/usr/lib/python3.14/site-packages/setuptools/_vendor/jaraco_context-6.1.0.dist-info/WHEEL'
'/pkgs/setuptools/usr/lib/python3.14/site-packages/setuptools/_vendor/jaraco_context-6.1.0.dist-info/top_level.txt' -> '/usr/lib/python3.14/site-packages/setuptools/_vendor/jaraco_context-6.1.0.dist-info/top_level.txt'
'/pkgs/setuptools/usr/lib/python3.14/site-packages/setuptools/_vendor/jaraco_functools-4.4.0.dist-info/licenses/LICENSE' -> '/usr/lib/python3.14/site-packages/setuptools/_vendor/jaraco_functools-4.4.0.dist-info/licenses/LICENSE'
'/pkgs/setuptools/usr/lib/python3.14/site-packages/setuptools/_vendor/jaraco_functools-4.4.0.dist-info/INSTALLER' -> '/usr/lib/python3.14/site-packages/setuptools/_vendor/jaraco_functools-4.4.0.dist-info/INSTALLER'
'/pkgs/setuptools/usr/lib/python3.14/site-packages/setuptools/_vendor/jaraco_functools-4.4.0.dist-info/METADATA' -> '/usr/lib/python3.14/site-packages/setuptools/_vendor/jaraco_functools-4.4.0.dist-info/METADATA'
'/pkgs/setuptools/usr/lib/python3.14/site-packages/setuptools/_vendor/jaraco_functools-4.4.0.dist-info/RECORD' -> '/usr/lib/python3.14/site-packages/setuptools/_vendor/jaraco_functools-4.4.0.dist-info/RECORD'
'/pkgs/setuptools/usr/lib/python3.14/site-packages/setuptools/_vendor/jaraco_functools-4.4.0.dist-info/REQUESTED' -> '/usr/lib/python3.14/site-packages/setuptools/_vendor/jaraco_functools-4.4.0.dist-info/REQUESTED'
'/pkgs/setuptools/usr/lib/python3.14/site-packages/setuptools/_vendor/jaraco_functools-4.4.0.dist-info/WHEEL' -> '/usr/lib/python3.14/site-packages/setuptools/_vendor/jaraco_functools-4.4.0.dist-info/WHEEL'
'/pkgs/setuptools/usr/lib/python3.14/site-packages/setuptools/_vendor/jaraco_functools-4.4.0.dist-info/top_level.txt' -> '/usr/lib/python3.14/site-packages/setuptools/_vendor/jaraco_functools-4.4.0.dist-info/top_level.txt'
'/pkgs/setuptools/usr/lib/python3.14/site-packages/setuptools/_vendor/more_itertools/__init__.py' -> '/usr/lib/python3.14/site-packages/setuptools/_vendor/more_itertools/__init__.py'
'/pkgs/setuptools/usr/lib/python3.14/site-packages/setuptools/_vendor/more_itertools/__init__.pyi' -> '/usr/lib/python3.14/site-packages/setuptools/_vendor/more_itertools/__init__.pyi'
'/pkgs/setuptools/usr/lib/python3.14/site-packages/setuptools/_vendor/more_itertools/more.py' -> '/usr/lib/python3.14/site-packages/setuptools/_vendor/more_itertools/more.py'
'/pkgs/setuptools/usr/lib/python3.14/site-packages/setuptools/_vendor/more_itertools/more.pyi' -> '/usr/lib/python3.14/site-packages/setuptools/_vendor/more_itertools/more.pyi'
'/pkgs/setuptools/usr/lib/python3.14/site-packages/setuptools/_vendor/more_itertools/py.typed' -> '/usr/lib/python3.14/site-packages/setuptools/_vendor/more_itertools/py.typed'
'/pkgs/setuptools/usr/lib/python3.14/site-packages/setuptools/_vendor/more_itertools/recipes.py' -> '/usr/lib/python3.14/site-packages/setuptools/_vendor/more_itertools/recipes.py'
'/pkgs/setuptools/usr/lib/python3.14/site-packages/setuptools/_vendor/more_itertools/recipes.pyi' -> '/usr/lib/python3.14/site-packages/setuptools/_vendor/more_itertools/recipes.pyi'
'/pkgs/setuptools/usr/lib/python3.14/site-packages/setuptools/_vendor/more_itertools/__pycache__/__init__.cpython-314.pyc' -> '/usr/lib/python3.14/site-packages/setuptools/_vendor/more_itertools/__pycache__/__init__.cpython-314.pyc'
'/pkgs/setuptools/usr/lib/python3.14/site-packages/setuptools/_vendor/more_itertools/__pycache__/__init__.cpython-314.opt-1.pyc' -> '/usr/lib/python3.14/site-packages/setuptools/_vendor/more_itertools/__pycache__/__init__.cpython-314.opt-1.pyc'
'/pkgs/setuptools/usr/lib/python3.14/site-packages/setuptools/_vendor/more_itertools/__pycache__/more.cpython-314.pyc' -> '/usr/lib/python3.14/site-packages/setuptools/_vendor/more_itertools/__pycache__/more.cpython-314.pyc'
'/pkgs/setuptools/usr/lib/python3.14/site-packages/setuptools/_vendor/more_itertools/__pycache__/more.cpython-314.opt-1.pyc' -> '/usr/lib/python3.14/site-packages/setuptools/_vendor/more_itertools/__pycache__/more.cpython-314.opt-1.pyc'
'/pkgs/setuptools/usr/lib/python3.14/site-packages/setuptools/_vendor/more_itertools/__pycache__/recipes.cpython-314.pyc' -> '/usr/lib/python3.14/site-packages/setuptools/_vendor/more_itertools/__pycache__/recipes.cpython-314.pyc'
'/pkgs/setuptools/usr/lib/python3.14/site-packages/setuptools/_vendor/more_itertools/__pycache__/recipes.cpython-314.opt-1.pyc' -> '/usr/lib/python3.14/site-packages/setuptools/_vendor/more_itertools/__pycache__/recipes.cpython-314.opt-1.pyc'
'/pkgs/setuptools/usr/lib/python3.14/site-packages/setuptools/_vendor/more_itertools-10.8.0.dist-info/licenses/LICENSE' -> '/usr/lib/python3.14/site-packages/setuptools/_vendor/more_itertools-10.8.0.dist-info/licenses/LICENSE'
'/pkgs/setuptools/usr/lib/python3.14/site-packages/setuptools/_vendor/more_itertools-10.8.0.dist-info/INSTALLER' -> '/usr/lib/python3.14/site-packages/setuptools/_vendor/more_itertools-10.8.0.dist-info/INSTALLER'
'/pkgs/setuptools/usr/lib/python3.14/site-packages/setuptools/_vendor/more_itertools-10.8.0.dist-info/METADATA' -> '/usr/lib/python3.14/site-packages/setuptools/_vendor/more_itertools-10.8.0.dist-info/METADATA'
'/pkgs/setuptools/usr/lib/python3.14/site-packages/setuptools/_vendor/more_itertools-10.8.0.dist-info/RECORD' -> '/usr/lib/python3.14/site-packages/setuptools/_vendor/more_itertools-10.8.0.dist-info/RECORD'
'/pkgs/setuptools/usr/lib/python3.14/site-packages/setuptools/_vendor/more_itertools-10.8.0.dist-info/REQUESTED' -> '/usr/lib/python3.14/site-packages/setuptools/_vendor/more_itertools-10.8.0.dist-info/REQUESTED'
'/pkgs/setuptools/usr/lib/python3.14/site-packages/setuptools/_vendor/more_itertools-10.8.0.dist-info/WHEEL' -> '/usr/lib/python3.14/site-packages/setuptools/_vendor/more_itertools-10.8.0.dist-info/WHEEL'
'/pkgs/setuptools/usr/lib/python3.14/site-packages/setuptools/_vendor/packaging/__init__.py' -> '/usr/lib/python3.14/site-packages/setuptools/_vendor/packaging/__init__.py'
'/pkgs/setuptools/usr/lib/python3.14/site-packages/setuptools/_vendor/packaging/_elffile.py' -> '/usr/lib/python3.14/site-packages/setuptools/_vendor/packaging/_elffile.py'
'/pkgs/setuptools/usr/lib/python3.14/site-packages/setuptools/_vendor/packaging/_manylinux.py' -> '/usr/lib/python3.14/site-packages/setuptools/_vendor/packaging/_manylinux.py'
'/pkgs/setuptools/usr/lib/python3.14/site-packages/setuptools/_vendor/packaging/_musllinux.py' -> '/usr/lib/python3.14/site-packages/setuptools/_vendor/packaging/_musllinux.py'
'/pkgs/setuptools/usr/lib/python3.14/site-packages/setuptools/_vendor/packaging/_parser.py' -> '/usr/lib/python3.14/site-packages/setuptools/_vendor/packaging/_parser.py'
'/pkgs/setuptools/usr/lib/python3.14/site-packages/setuptools/_vendor/packaging/_structures.py' -> '/usr/lib/python3.14/site-packages/setuptools/_vendor/packaging/_structures.py'
'/pkgs/setuptools/usr/lib/python3.14/site-packages/setuptools/_vendor/packaging/_tokenizer.py' -> '/usr/lib/python3.14/site-packages/setuptools/_vendor/packaging/_tokenizer.py'
'/pkgs/setuptools/usr/lib/python3.14/site-packages/setuptools/_vendor/packaging/markers.py' -> '/usr/lib/python3.14/site-packages/setuptools/_vendor/packaging/markers.py'
'/pkgs/setuptools/usr/lib/python3.14/site-packages/setuptools/_vendor/packaging/metadata.py' -> '/usr/lib/python3.14/site-packages/setuptools/_vendor/packaging/metadata.py'
'/pkgs/setuptools/usr/lib/python3.14/site-packages/setuptools/_vendor/packaging/py.typed' -> '/usr/lib/python3.14/site-packages/setuptools/_vendor/packaging/py.typed'
'/pkgs/setuptools/usr/lib/python3.14/site-packages/setuptools/_vendor/packaging/pylock.py' -> '/usr/lib/python3.14/site-packages/setuptools/_vendor/packaging/pylock.py'
'/pkgs/setuptools/usr/lib/python3.14/site-packages/setuptools/_vendor/packaging/requirements.py' -> '/usr/lib/python3.14/site-packages/setuptools/_vendor/packaging/requirements.py'
'/pkgs/setuptools/usr/lib/python3.14/site-packages/setuptools/_vendor/packaging/specifiers.py' -> '/usr/lib/python3.14/site-packages/setuptools/_vendor/packaging/specifiers.py'
'/pkgs/setuptools/usr/lib/python3.14/site-packages/setuptools/_vendor/packaging/tags.py' -> '/usr/lib/python3.14/site-packages/setuptools/_vendor/packaging/tags.py'
'/pkgs/setuptools/usr/lib/python3.14/site-packages/setuptools/_vendor/packaging/utils.py' -> '/usr/lib/python3.14/site-packages/setuptools/_vendor/packaging/utils.py'
'/pkgs/setuptools/usr/lib/python3.14/site-packages/setuptools/_vendor/packaging/version.py' -> '/usr/lib/python3.14/site-packages/setuptools/_vendor/packaging/version.py'
'/pkgs/setuptools/usr/lib/python3.14/site-packages/setuptools/_vendor/packaging/licenses/__init__.py' -> '/usr/lib/python3.14/site-packages/setuptools/_vendor/packaging/licenses/__init__.py'
'/pkgs/setuptools/usr/lib/python3.14/site-packages/setuptools/_vendor/packaging/licenses/_spdx.py' -> '/usr/lib/python3.14/site-packages/setuptools/_vendor/packaging/licenses/_spdx.py'
'/pkgs/setuptools/usr/lib/python3.14/site-packages/setuptools/_vendor/packaging/licenses/__pycache__/__init__.cpython-314.pyc' -> '/usr/lib/python3.14/site-packages/setuptools/_vendor/packaging/licenses/__pycache__/__init__.cpython-314.pyc'
'/pkgs/setuptools/usr/lib/python3.14/site-packages/setuptools/_vendor/packaging/licenses/__pycache__/__init__.cpython-314.opt-1.pyc' -> '/usr/lib/python3.14/site-packages/setuptools/_vendor/packaging/licenses/__pycache__/__init__.cpython-314.opt-1.pyc'
'/pkgs/setuptools/usr/lib/python3.14/site-packages/setuptools/_vendor/packaging/licenses/__pycache__/_spdx.cpython-314.pyc' -> '/usr/lib/python3.14/site-packages/setuptools/_vendor/packaging/licenses/__pycache__/_spdx.cpython-314.pyc'
'/pkgs/setuptools/usr/lib/python3.14/site-packages/setuptools/_vendor/packaging/licenses/__pycache__/_spdx.cpython-314.opt-1.pyc' -> '/usr/lib/python3.14/site-packages/setuptools/_vendor/packaging/licenses/__pycache__/_spdx.cpython-314.opt-1.pyc'
'/pkgs/setuptools/usr/lib/python3.14/site-packages/setuptools/_vendor/packaging/__pycache__/__init__.cpython-314.pyc' -> '/usr/lib/python3.14/site-packages/setuptools/_vendor/packaging/__pycache__/__init__.cpython-314.pyc'
'/pkgs/setuptools/usr/lib/python3.14/site-packages/setuptools/_vendor/packaging/__pycache__/__init__.cpython-314.opt-1.pyc' -> '/usr/lib/python3.14/site-packages/setuptools/_vendor/packaging/__pycache__/__init__.cpython-314.opt-1.pyc'
'/pkgs/setuptools/usr/lib/python3.14/site-packages/setuptools/_vendor/packaging/__pycache__/_elffile.cpython-314.pyc' -> '/usr/lib/python3.14/site-packages/setuptools/_vendor/packaging/__pycache__/_elffile.cpython-314.pyc'
'/pkgs/setuptools/usr/lib/python3.14/site-packages/setuptools/_vendor/packaging/__pycache__/_elffile.cpython-314.opt-1.pyc' -> '/usr/lib/python3.14/site-packages/setuptools/_vendor/packaging/__pycache__/_elffile.cpython-314.opt-1.pyc'
'/pkgs/setuptools/usr/lib/python3.14/site-packages/setuptools/_vendor/packaging/__pycache__/_manylinux.cpython-314.pyc' -> '/usr/lib/python3.14/site-packages/setuptools/_vendor/packaging/__pycache__/_manylinux.cpython-314.pyc'
'/pkgs/setuptools/usr/lib/python3.14/site-packages/setuptools/_vendor/packaging/__pycache__/_manylinux.cpython-314.opt-1.pyc' -> '/usr/lib/python3.14/site-packages/setuptools/_vendor/packaging/__pycache__/_manylinux.cpython-314.opt-1.pyc'
'/pkgs/setuptools/usr/lib/python3.14/site-packages/setuptools/_vendor/packaging/__pycache__/_musllinux.cpython-314.pyc' -> '/usr/lib/python3.14/site-packages/setuptools/_vendor/packaging/__pycache__/_musllinux.cpython-314.pyc'
'/pkgs/setuptools/usr/lib/python3.14/site-packages/setuptools/_vendor/packaging/__pycache__/_musllinux.cpython-314.opt-1.pyc' -> '/usr/lib/python3.14/site-packages/setuptools/_vendor/packaging/__pycache__/_musllinux.cpython-314.opt-1.pyc'
'/pkgs/setuptools/usr/lib/python3.14/site-packages/setuptools/_vendor/packaging/__pycache__/_parser.cpython-314.pyc' -> '/usr/lib/python3.14/site-packages/setuptools/_vendor/packaging/__pycache__/_parser.cpython-314.pyc'
'/pkgs/setuptools/usr/lib/python3.14/site-packages/setuptools/_vendor/packaging/__pycache__/_parser.cpython-314.opt-1.pyc' -> '/usr/lib/python3.14/site-packages/setuptools/_vendor/packaging/__pycache__/_parser.cpython-314.opt-1.pyc'
'/pkgs/setuptools/usr/lib/python3.14/site-packages/setuptools/_vendor/packaging/__pycache__/_structures.cpython-314.pyc' -> '/usr/lib/python3.14/site-packages/setuptools/_vendor/packaging/__pycache__/_structures.cpython-314.pyc'
'/pkgs/setuptools/usr/lib/python3.14/site-packages/setuptools/_vendor/packaging/__pycache__/_structures.cpython-314.opt-1.pyc' -> '/usr/lib/python3.14/site-packages/setuptools/_vendor/packaging/__pycache__/_structures.cpython-314.opt-1.pyc'
'/pkgs/setuptools/usr/lib/python3.14/site-packages/setuptools/_vendor/packaging/__pycache__/_tokenizer.cpython-314.pyc' -> '/usr/lib/python3.14/site-packages/setuptools/_vendor/packaging/__pycache__/_tokenizer.cpython-314.pyc'
'/pkgs/setuptools/usr/lib/python3.14/site-packages/setuptools/_vendor/packaging/__pycache__/_tokenizer.cpython-314.opt-1.pyc' -> '/usr/lib/python3.14/site-packages/setuptools/_vendor/packaging/__pycache__/_tokenizer.cpython-314.opt-1.pyc'
'/pkgs/setuptools/usr/lib/python3.14/site-packages/setuptools/_vendor/packaging/__pycache__/markers.cpython-314.pyc' -> '/usr/lib/python3.14/site-packages/setuptools/_vendor/packaging/__pycache__/markers.cpython-314.pyc'
'/pkgs/setuptools/usr/lib/python3.14/site-packages/setuptools/_vendor/packaging/__pycache__/markers.cpython-314.opt-1.pyc' -> '/usr/lib/python3.14/site-packages/setuptools/_vendor/packaging/__pycache__/markers.cpython-314.opt-1.pyc'
'/pkgs/setuptools/usr/lib/python3.14/site-packages/setuptools/_vendor/packaging/__pycache__/metadata.cpython-314.pyc' -> '/usr/lib/python3.14/site-packages/setuptools/_vendor/packaging/__pycache__/metadata.cpython-314.pyc'
'/pkgs/setuptools/usr/lib/python3.14/site-packages/setuptools/_vendor/packaging/__pycache__/metadata.cpython-314.opt-1.pyc' -> '/usr/lib/python3.14/site-packages/setuptools/_vendor/packaging/__pycache__/metadata.cpython-314.opt-1.pyc'
'/pkgs/setuptools/usr/lib/python3.14/site-packages/setuptools/_vendor/packaging/__pycache__/pylock.cpython-314.pyc' -> '/usr/lib/python3.14/site-packages/setuptools/_vendor/packaging/__pycache__/pylock.cpython-314.pyc'
'/pkgs/setuptools/usr/lib/python3.14/site-packages/setuptools/_vendor/packaging/__pycache__/pylock.cpython-314.opt-1.pyc' -> '/usr/lib/python3.14/site-packages/setuptools/_vendor/packaging/__pycache__/pylock.cpython-314.opt-1.pyc'
'/pkgs/setuptools/usr/lib/python3.14/site-packages/setuptools/_vendor/packaging/__pycache__/requirements.cpython-314.pyc' -> '/usr/lib/python3.14/site-packages/setuptools/_vendor/packaging/__pycache__/requirements.cpython-314.pyc'
'/pkgs/setuptools/usr/lib/python3.14/site-packages/setuptools/_vendor/packaging/__pycache__/requirements.cpython-314.opt-1.pyc' -> '/usr/lib/python3.14/site-packages/setuptools/_vendor/packaging/__pycache__/requirements.cpython-314.opt-1.pyc'
'/pkgs/setuptools/usr/lib/python3.14/site-packages/setuptools/_vendor/packaging/__pycache__/specifiers.cpython-314.pyc' -> '/usr/lib/python3.14/site-packages/setuptools/_vendor/packaging/__pycache__/specifiers.cpython-314.pyc'
'/pkgs/setuptools/usr/lib/python3.14/site-packages/setuptools/_vendor/packaging/__pycache__/specifiers.cpython-314.opt-1.pyc' -> '/usr/lib/python3.14/site-packages/setuptools/_vendor/packaging/__pycache__/specifiers.cpython-314.opt-1.pyc'
'/pkgs/setuptools/usr/lib/python3.14/site-packages/setuptools/_vendor/packaging/__pycache__/tags.cpython-314.pyc' -> '/usr/lib/python3.14/site-packages/setuptools/_vendor/packaging/__pycache__/tags.cpython-314.pyc'
'/pkgs/setuptools/usr/lib/python3.14/site-packages/setuptools/_vendor/packaging/__pycache__/tags.cpython-314.opt-1.pyc' -> '/usr/lib/python3.14/site-packages/setuptools/_vendor/packaging/__pycache__/tags.cpython-314.opt-1.pyc'
'/pkgs/setuptools/usr/lib/python3.14/site-packages/setuptools/_vendor/packaging/__pycache__/utils.cpython-314.pyc' -> '/usr/lib/python3.14/site-packages/setuptools/_vendor/packaging/__pycache__/utils.cpython-314.pyc'
'/pkgs/setuptools/usr/lib/python3.14/site-packages/setuptools/_vendor/packaging/__pycache__/utils.cpython-314.opt-1.pyc' -> '/usr/lib/python3.14/site-packages/setuptools/_vendor/packaging/__pycache__/utils.cpython-314.opt-1.pyc'
'/pkgs/setuptools/usr/lib/python3.14/site-packages/setuptools/_vendor/packaging/__pycache__/version.cpython-314.pyc' -> '/usr/lib/python3.14/site-packages/setuptools/_vendor/packaging/__pycache__/version.cpython-314.pyc'
'/pkgs/setuptools/usr/lib/python3.14/site-packages/setuptools/_vendor/packaging/__pycache__/version.cpython-314.opt-1.pyc' -> '/usr/lib/python3.14/site-packages/setuptools/_vendor/packaging/__pycache__/version.cpython-314.opt-1.pyc'
'/pkgs/setuptools/usr/lib/python3.14/site-packages/setuptools/_vendor/packaging-26.0.dist-info/licenses/LICENSE' -> '/usr/lib/python3.14/site-packages/setuptools/_vendor/packaging-26.0.dist-info/licenses/LICENSE'
'/pkgs/setuptools/usr/lib/python3.14/site-packages/setuptools/_vendor/packaging-26.0.dist-info/licenses/LICENSE.APACHE' -> '/usr/lib/python3.14/site-packages/setuptools/_vendor/packaging-26.0.dist-info/licenses/LICENSE.APACHE'
'/pkgs/setuptools/usr/lib/python3.14/site-packages/setuptools/_vendor/packaging-26.0.dist-info/licenses/LICENSE.BSD' -> '/usr/lib/python3.14/site-packages/setuptools/_vendor/packaging-26.0.dist-info/licenses/LICENSE.BSD'
'/pkgs/setuptools/usr/lib/python3.14/site-packages/setuptools/_vendor/packaging-26.0.dist-info/INSTALLER' -> '/usr/lib/python3.14/site-packages/setuptools/_vendor/packaging-26.0.dist-info/INSTALLER'
'/pkgs/setuptools/usr/lib/python3.14/site-packages/setuptools/_vendor/packaging-26.0.dist-info/METADATA' -> '/usr/lib/python3.14/site-packages/setuptools/_vendor/packaging-26.0.dist-info/METADATA'
'/pkgs/setuptools/usr/lib/python3.14/site-packages/setuptools/_vendor/packaging-26.0.dist-info/RECORD' -> '/usr/lib/python3.14/site-packages/setuptools/_vendor/packaging-26.0.dist-info/RECORD'
'/pkgs/setuptools/usr/lib/python3.14/site-packages/setuptools/_vendor/packaging-26.0.dist-info/REQUESTED' -> '/usr/lib/python3.14/site-packages/setuptools/_vendor/packaging-26.0.dist-info/REQUESTED'
'/pkgs/setuptools/usr/lib/python3.14/site-packages/setuptools/_vendor/packaging-26.0.dist-info/WHEEL' -> '/usr/lib/python3.14/site-packages/setuptools/_vendor/packaging-26.0.dist-info/WHEEL'
'/pkgs/setuptools/usr/lib/python3.14/site-packages/setuptools/_vendor/platformdirs/__init__.py' -> '/usr/lib/python3.14/site-packages/setuptools/_vendor/platformdirs/__init__.py'
'/pkgs/setuptools/usr/lib/python3.14/site-packages/setuptools/_vendor/platformdirs/__main__.py' -> '/usr/lib/python3.14/site-packages/setuptools/_vendor/platformdirs/__main__.py'
'/pkgs/setuptools/usr/lib/python3.14/site-packages/setuptools/_vendor/platformdirs/android.py' -> '/usr/lib/python3.14/site-packages/setuptools/_vendor/platformdirs/android.py'
'/pkgs/setuptools/usr/lib/python3.14/site-packages/setuptools/_vendor/platformdirs/api.py' -> '/usr/lib/python3.14/site-packages/setuptools/_vendor/platformdirs/api.py'
'/pkgs/setuptools/usr/lib/python3.14/site-packages/setuptools/_vendor/platformdirs/macos.py' -> '/usr/lib/python3.14/site-packages/setuptools/_vendor/platformdirs/macos.py'
'/pkgs/setuptools/usr/lib/python3.14/site-packages/setuptools/_vendor/platformdirs/py.typed' -> '/usr/lib/python3.14/site-packages/setuptools/_vendor/platformdirs/py.typed'
'/pkgs/setuptools/usr/lib/python3.14/site-packages/setuptools/_vendor/platformdirs/unix.py' -> '/usr/lib/python3.14/site-packages/setuptools/_vendor/platformdirs/unix.py'
'/pkgs/setuptools/usr/lib/python3.14/site-packages/setuptools/_vendor/platformdirs/version.py' -> '/usr/lib/python3.14/site-packages/setuptools/_vendor/platformdirs/version.py'
'/pkgs/setuptools/usr/lib/python3.14/site-packages/setuptools/_vendor/platformdirs/windows.py' -> '/usr/lib/python3.14/site-packages/setuptools/_vendor/platformdirs/windows.py'
'/pkgs/setuptools/usr/lib/python3.14/site-packages/setuptools/_vendor/platformdirs/__pycache__/__init__.cpython-314.pyc' -> '/usr/lib/python3.14/site-packages/setuptools/_vendor/platformdirs/__pycache__/__init__.cpython-314.pyc'
'/pkgs/setuptools/usr/lib/python3.14/site-packages/setuptools/_vendor/platformdirs/__pycache__/__init__.cpython-314.opt-1.pyc' -> '/usr/lib/python3.14/site-packages/setuptools/_vendor/platformdirs/__pycache__/__init__.cpython-314.opt-1.pyc'
'/pkgs/setuptools/usr/lib/python3.14/site-packages/setuptools/_vendor/platformdirs/__pycache__/__main__.cpython-314.pyc' -> '/usr/lib/python3.14/site-packages/setuptools/_vendor/platformdirs/__pycache__/__main__.cpython-314.pyc'
'/pkgs/setuptools/usr/lib/python3.14/site-packages/setuptools/_vendor/platformdirs/__pycache__/__main__.cpython-314.opt-1.pyc' -> '/usr/lib/python3.14/site-packages/setuptools/_vendor/platformdirs/__pycache__/__main__.cpython-314.opt-1.pyc'
'/pkgs/setuptools/usr/lib/python3.14/site-packages/setuptools/_vendor/platformdirs/__pycache__/android.cpython-314.pyc' -> '/usr/lib/python3.14/site-packages/setuptools/_vendor/platformdirs/__pycache__/android.cpython-314.pyc'
'/pkgs/setuptools/usr/lib/python3.14/site-packages/setuptools/_vendor/platformdirs/__pycache__/android.cpython-314.opt-1.pyc' -> '/usr/lib/python3.14/site-packages/setuptools/_vendor/platformdirs/__pycache__/android.cpython-314.opt-1.pyc'
'/pkgs/setuptools/usr/lib/python3.14/site-packages/setuptools/_vendor/platformdirs/__pycache__/api.cpython-314.pyc' -> '/usr/lib/python3.14/site-packages/setuptools/_vendor/platformdirs/__pycache__/api.cpython-314.pyc'
'/pkgs/setuptools/usr/lib/python3.14/site-packages/setuptools/_vendor/platformdirs/__pycache__/api.cpython-314.opt-1.pyc' -> '/usr/lib/python3.14/site-packages/setuptools/_vendor/platformdirs/__pycache__/api.cpython-314.opt-1.pyc'
'/pkgs/setuptools/usr/lib/python3.14/site-packages/setuptools/_vendor/platformdirs/__pycache__/macos.cpython-314.pyc' -> '/usr/lib/python3.14/site-packages/setuptools/_vendor/platformdirs/__pycache__/macos.cpython-314.pyc'
'/pkgs/setuptools/usr/lib/python3.14/site-packages/setuptools/_vendor/platformdirs/__pycache__/macos.cpython-314.opt-1.pyc' -> '/usr/lib/python3.14/site-packages/setuptools/_vendor/platformdirs/__pycache__/macos.cpython-314.opt-1.pyc'
'/pkgs/setuptools/usr/lib/python3.14/site-packages/setuptools/_vendor/platformdirs/__pycache__/unix.cpython-314.pyc' -> '/usr/lib/python3.14/site-packages/setuptools/_vendor/platformdirs/__pycache__/unix.cpython-314.pyc'
'/pkgs/setuptools/usr/lib/python3.14/site-packages/setuptools/_vendor/platformdirs/__pycache__/unix.cpython-314.opt-1.pyc' -> '/usr/lib/python3.14/site-packages/setuptools/_vendor/platformdirs/__pycache__/unix.cpython-314.opt-1.pyc'
'/pkgs/setuptools/usr/lib/python3.14/site-packages/setuptools/_vendor/platformdirs/__pycache__/version.cpython-314.pyc' -> '/usr/lib/python3.14/site-packages/setuptools/_vendor/platformdirs/__pycache__/version.cpython-314.pyc'
'/pkgs/setuptools/usr/lib/python3.14/site-packages/setuptools/_vendor/platformdirs/__pycache__/version.cpython-314.opt-1.pyc' -> '/usr/lib/python3.14/site-packages/setuptools/_vendor/platformdirs/__pycache__/version.cpython-314.opt-1.pyc'
'/pkgs/setuptools/usr/lib/python3.14/site-packages/setuptools/_vendor/platformdirs/__pycache__/windows.cpython-314.pyc' -> '/usr/lib/python3.14/site-packages/setuptools/_vendor/platformdirs/__pycache__/windows.cpython-314.pyc'
'/pkgs/setuptools/usr/lib/python3.14/site-packages/setuptools/_vendor/platformdirs/__pycache__/windows.cpython-314.opt-1.pyc' -> '/usr/lib/python3.14/site-packages/setuptools/_vendor/platformdirs/__pycache__/windows.cpython-314.opt-1.pyc'
'/pkgs/setuptools/usr/lib/python3.14/site-packages/setuptools/_vendor/platformdirs-4.4.0.dist-info/licenses/LICENSE' -> '/usr/lib/python3.14/site-packages/setuptools/_vendor/platformdirs-4.4.0.dist-info/licenses/LICENSE'
'/pkgs/setuptools/usr/lib/python3.14/site-packages/setuptools/_vendor/platformdirs-4.4.0.dist-info/INSTALLER' -> '/usr/lib/python3.14/site-packages/setuptools/_vendor/platformdirs-4.4.0.dist-info/INSTALLER'
'/pkgs/setuptools/usr/lib/python3.14/site-packages/setuptools/_vendor/platformdirs-4.4.0.dist-info/METADATA' -> '/usr/lib/python3.14/site-packages/setuptools/_vendor/platformdirs-4.4.0.dist-info/METADATA'
'/pkgs/setuptools/usr/lib/python3.14/site-packages/setuptools/_vendor/platformdirs-4.4.0.dist-info/RECORD' -> '/usr/lib/python3.14/site-packages/setuptools/_vendor/platformdirs-4.4.0.dist-info/RECORD'
'/pkgs/setuptools/usr/lib/python3.14/site-packages/setuptools/_vendor/platformdirs-4.4.0.dist-info/REQUESTED' -> '/usr/lib/python3.14/site-packages/setuptools/_vendor/platformdirs-4.4.0.dist-info/REQUESTED'
'/pkgs/setuptools/usr/lib/python3.14/site-packages/setuptools/_vendor/platformdirs-4.4.0.dist-info/WHEEL' -> '/usr/lib/python3.14/site-packages/setuptools/_vendor/platformdirs-4.4.0.dist-info/WHEEL'
'/pkgs/setuptools/usr/lib/python3.14/site-packages/setuptools/_vendor/tomli/__init__.py' -> '/usr/lib/python3.14/site-packages/setuptools/_vendor/tomli/__init__.py'
'/pkgs/setuptools/usr/lib/python3.14/site-packages/setuptools/_vendor/tomli/_parser.py' -> '/usr/lib/python3.14/site-packages/setuptools/_vendor/tomli/_parser.py'
'/pkgs/setuptools/usr/lib/python3.14/site-packages/setuptools/_vendor/tomli/_re.py' -> '/usr/lib/python3.14/site-packages/setuptools/_vendor/tomli/_re.py'
'/pkgs/setuptools/usr/lib/python3.14/site-packages/setuptools/_vendor/tomli/_types.py' -> '/usr/lib/python3.14/site-packages/setuptools/_vendor/tomli/_types.py'
'/pkgs/setuptools/usr/lib/python3.14/site-packages/setuptools/_vendor/tomli/py.typed' -> '/usr/lib/python3.14/site-packages/setuptools/_vendor/tomli/py.typed'
'/pkgs/setuptools/usr/lib/python3.14/site-packages/setuptools/_vendor/tomli/__pycache__/__init__.cpython-314.pyc' -> '/usr/lib/python3.14/site-packages/setuptools/_vendor/tomli/__pycache__/__init__.cpython-314.pyc'
'/pkgs/setuptools/usr/lib/python3.14/site-packages/setuptools/_vendor/tomli/__pycache__/__init__.cpython-314.opt-1.pyc' -> '/usr/lib/python3.14/site-packages/setuptools/_vendor/tomli/__pycache__/__init__.cpython-314.opt-1.pyc'
'/pkgs/setuptools/usr/lib/python3.14/site-packages/setuptools/_vendor/tomli/__pycache__/_parser.cpython-314.pyc' -> '/usr/lib/python3.14/site-packages/setuptools/_vendor/tomli/__pycache__/_parser.cpython-314.pyc'
'/pkgs/setuptools/usr/lib/python3.14/site-packages/setuptools/_vendor/tomli/__pycache__/_parser.cpython-314.opt-1.pyc' -> '/usr/lib/python3.14/site-packages/setuptools/_vendor/tomli/__pycache__/_parser.cpython-314.opt-1.pyc'
'/pkgs/setuptools/usr/lib/python3.14/site-packages/setuptools/_vendor/tomli/__pycache__/_re.cpython-314.pyc' -> '/usr/lib/python3.14/site-packages/setuptools/_vendor/tomli/__pycache__/_re.cpython-314.pyc'
'/pkgs/setuptools/usr/lib/python3.14/site-packages/setuptools/_vendor/tomli/__pycache__/_re.cpython-314.opt-1.pyc' -> '/usr/lib/python3.14/site-packages/setuptools/_vendor/tomli/__pycache__/_re.cpython-314.opt-1.pyc'
'/pkgs/setuptools/usr/lib/python3.14/site-packages/setuptools/_vendor/tomli/__pycache__/_types.cpython-314.pyc' -> '/usr/lib/python3.14/site-packages/setuptools/_vendor/tomli/__pycache__/_types.cpython-314.pyc'
'/pkgs/setuptools/usr/lib/python3.14/site-packages/setuptools/_vendor/tomli/__pycache__/_types.cpython-314.opt-1.pyc' -> '/usr/lib/python3.14/site-packages/setuptools/_vendor/tomli/__pycache__/_types.cpython-314.opt-1.pyc'
'/pkgs/setuptools/usr/lib/python3.14/site-packages/setuptools/_vendor/tomli-2.4.0.dist-info/licenses/LICENSE' -> '/usr/lib/python3.14/site-packages/setuptools/_vendor/tomli-2.4.0.dist-info/licenses/LICENSE'
'/pkgs/setuptools/usr/lib/python3.14/site-packages/setuptools/_vendor/tomli-2.4.0.dist-info/INSTALLER' -> '/usr/lib/python3.14/site-packages/setuptools/_vendor/tomli-2.4.0.dist-info/INSTALLER'
'/pkgs/setuptools/usr/lib/python3.14/site-packages/setuptools/_vendor/tomli-2.4.0.dist-info/METADATA' -> '/usr/lib/python3.14/site-packages/setuptools/_vendor/tomli-2.4.0.dist-info/METADATA'
'/pkgs/setuptools/usr/lib/python3.14/site-packages/setuptools/_vendor/tomli-2.4.0.dist-info/RECORD' -> '/usr/lib/python3.14/site-packages/setuptools/_vendor/tomli-2.4.0.dist-info/RECORD'
'/pkgs/setuptools/usr/lib/python3.14/site-packages/setuptools/_vendor/tomli-2.4.0.dist-info/REQUESTED' -> '/usr/lib/python3.14/site-packages/setuptools/_vendor/tomli-2.4.0.dist-info/REQUESTED'
'/pkgs/setuptools/usr/lib/python3.14/site-packages/setuptools/_vendor/tomli-2.4.0.dist-info/WHEEL' -> '/usr/lib/python3.14/site-packages/setuptools/_vendor/tomli-2.4.0.dist-info/WHEEL'
'/pkgs/setuptools/usr/lib/python3.14/site-packages/setuptools/_vendor/wheel/__init__.py' -> '/usr/lib/python3.14/site-packages/setuptools/_vendor/wheel/__init__.py'
'/pkgs/setuptools/usr/lib/python3.14/site-packages/setuptools/_vendor/wheel/__main__.py' -> '/usr/lib/python3.14/site-packages/setuptools/_vendor/wheel/__main__.py'
'/pkgs/setuptools/usr/lib/python3.14/site-packages/setuptools/_vendor/wheel/_bdist_wheel.py' -> '/usr/lib/python3.14/site-packages/setuptools/_vendor/wheel/_bdist_wheel.py'
'/pkgs/setuptools/usr/lib/python3.14/site-packages/setuptools/_vendor/wheel/_metadata.py' -> '/usr/lib/python3.14/site-packages/setuptools/_vendor/wheel/_metadata.py'
'/pkgs/setuptools/usr/lib/python3.14/site-packages/setuptools/_vendor/wheel/_setuptools_logging.py' -> '/usr/lib/python3.14/site-packages/setuptools/_vendor/wheel/_setuptools_logging.py'
'/pkgs/setuptools/usr/lib/python3.14/site-packages/setuptools/_vendor/wheel/bdist_wheel.py' -> '/usr/lib/python3.14/site-packages/setuptools/_vendor/wheel/bdist_wheel.py'
'/pkgs/setuptools/usr/lib/python3.14/site-packages/setuptools/_vendor/wheel/macosx_libfile.py' -> '/usr/lib/python3.14/site-packages/setuptools/_vendor/wheel/macosx_libfile.py'
'/pkgs/setuptools/usr/lib/python3.14/site-packages/setuptools/_vendor/wheel/metadata.py' -> '/usr/lib/python3.14/site-packages/setuptools/_vendor/wheel/metadata.py'
'/pkgs/setuptools/usr/lib/python3.14/site-packages/setuptools/_vendor/wheel/wheelfile.py' -> '/usr/lib/python3.14/site-packages/setuptools/_vendor/wheel/wheelfile.py'
'/pkgs/setuptools/usr/lib/python3.14/site-packages/setuptools/_vendor/wheel/_commands/__init__.py' -> '/usr/lib/python3.14/site-packages/setuptools/_vendor/wheel/_commands/__init__.py'
'/pkgs/setuptools/usr/lib/python3.14/site-packages/setuptools/_vendor/wheel/_commands/convert.py' -> '/usr/lib/python3.14/site-packages/setuptools/_vendor/wheel/_commands/convert.py'
'/pkgs/setuptools/usr/lib/python3.14/site-packages/setuptools/_vendor/wheel/_commands/pack.py' -> '/usr/lib/python3.14/site-packages/setuptools/_vendor/wheel/_commands/pack.py'
'/pkgs/setuptools/usr/lib/python3.14/site-packages/setuptools/_vendor/wheel/_commands/tags.py' -> '/usr/lib/python3.14/site-packages/setuptools/_vendor/wheel/_commands/tags.py'
'/pkgs/setuptools/usr/lib/python3.14/site-packages/setuptools/_vendor/wheel/_commands/unpack.py' -> '/usr/lib/python3.14/site-packages/setuptools/_vendor/wheel/_commands/unpack.py'
'/pkgs/setuptools/usr/lib/python3.14/site-packages/setuptools/_vendor/wheel/_commands/__pycache__/__init__.cpython-314.pyc' -> '/usr/lib/python3.14/site-packages/setuptools/_vendor/wheel/_commands/__pycache__/__init__.cpython-314.pyc'
'/pkgs/setuptools/usr/lib/python3.14/site-packages/setuptools/_vendor/wheel/_commands/__pycache__/__init__.cpython-314.opt-1.pyc' -> '/usr/lib/python3.14/site-packages/setuptools/_vendor/wheel/_commands/__pycache__/__init__.cpython-314.opt-1.pyc'
'/pkgs/setuptools/usr/lib/python3.14/site-packages/setuptools/_vendor/wheel/_commands/__pycache__/convert.cpython-314.pyc' -> '/usr/lib/python3.14/site-packages/setuptools/_vendor/wheel/_commands/__pycache__/convert.cpython-314.pyc'
'/pkgs/setuptools/usr/lib/python3.14/site-packages/setuptools/_vendor/wheel/_commands/__pycache__/convert.cpython-314.opt-1.pyc' -> '/usr/lib/python3.14/site-packages/setuptools/_vendor/wheel/_commands/__pycache__/convert.cpython-314.opt-1.pyc'
'/pkgs/setuptools/usr/lib/python3.14/site-packages/setuptools/_vendor/wheel/_commands/__pycache__/pack.cpython-314.pyc' -> '/usr/lib/python3.14/site-packages/setuptools/_vendor/wheel/_commands/__pycache__/pack.cpython-314.pyc'
'/pkgs/setuptools/usr/lib/python3.14/site-packages/setuptools/_vendor/wheel/_commands/__pycache__/pack.cpython-314.opt-1.pyc' -> '/usr/lib/python3.14/site-packages/setuptools/_vendor/wheel/_commands/__pycache__/pack.cpython-314.opt-1.pyc'
'/pkgs/setuptools/usr/lib/python3.14/site-packages/setuptools/_vendor/wheel/_commands/__pycache__/tags.cpython-314.pyc' -> '/usr/lib/python3.14/site-packages/setuptools/_vendor/wheel/_commands/__pycache__/tags.cpython-314.pyc'
'/pkgs/setuptools/usr/lib/python3.14/site-packages/setuptools/_vendor/wheel/_commands/__pycache__/tags.cpython-314.opt-1.pyc' -> '/usr/lib/python3.14/site-packages/setuptools/_vendor/wheel/_commands/__pycache__/tags.cpython-314.opt-1.pyc'
'/pkgs/setuptools/usr/lib/python3.14/site-packages/setuptools/_vendor/wheel/_commands/__pycache__/unpack.cpython-314.pyc' -> '/usr/lib/python3.14/site-packages/setuptools/_vendor/wheel/_commands/__pycache__/unpack.cpython-314.pyc'
'/pkgs/setuptools/usr/lib/python3.14/site-packages/setuptools/_vendor/wheel/_commands/__pycache__/unpack.cpython-314.opt-1.pyc' -> '/usr/lib/python3.14/site-packages/setuptools/_vendor/wheel/_commands/__pycache__/unpack.cpython-314.opt-1.pyc'
'/pkgs/setuptools/usr/lib/python3.14/site-packages/setuptools/_vendor/wheel/__pycache__/__init__.cpython-314.pyc' -> '/usr/lib/python3.14/site-packages/setuptools/_vendor/wheel/__pycache__/__init__.cpython-314.pyc'
'/pkgs/setuptools/usr/lib/python3.14/site-packages/setuptools/_vendor/wheel/__pycache__/__init__.cpython-314.opt-1.pyc' -> '/usr/lib/python3.14/site-packages/setuptools/_vendor/wheel/__pycache__/__init__.cpython-314.opt-1.pyc'
'/pkgs/setuptools/usr/lib/python3.14/site-packages/setuptools/_vendor/wheel/__pycache__/__main__.cpython-314.pyc' -> '/usr/lib/python3.14/site-packages/setuptools/_vendor/wheel/__pycache__/__main__.cpython-314.pyc'
'/pkgs/setuptools/usr/lib/python3.14/site-packages/setuptools/_vendor/wheel/__pycache__/__main__.cpython-314.opt-1.pyc' -> '/usr/lib/python3.14/site-packages/setuptools/_vendor/wheel/__pycache__/__main__.cpython-314.opt-1.pyc'
'/pkgs/setuptools/usr/lib/python3.14/site-packages/setuptools/_vendor/wheel/__pycache__/_bdist_wheel.cpython-314.pyc' -> '/usr/lib/python3.14/site-packages/setuptools/_vendor/wheel/__pycache__/_bdist_wheel.cpython-314.pyc'
'/pkgs/setuptools/usr/lib/python3.14/site-packages/setuptools/_vendor/wheel/__pycache__/_bdist_wheel.cpython-314.opt-1.pyc' -> '/usr/lib/python3.14/site-packages/setuptools/_vendor/wheel/__pycache__/_bdist_wheel.cpython-314.opt-1.pyc'
'/pkgs/setuptools/usr/lib/python3.14/site-packages/setuptools/_vendor/wheel/__pycache__/_metadata.cpython-314.pyc' -> '/usr/lib/python3.14/site-packages/setuptools/_vendor/wheel/__pycache__/_metadata.cpython-314.pyc'
'/pkgs/setuptools/usr/lib/python3.14/site-packages/setuptools/_vendor/wheel/__pycache__/_metadata.cpython-314.opt-1.pyc' -> '/usr/lib/python3.14/site-packages/setuptools/_vendor/wheel/__pycache__/_metadata.cpython-314.opt-1.pyc'
'/pkgs/setuptools/usr/lib/python3.14/site-packages/setuptools/_vendor/wheel/__pycache__/_setuptools_logging.cpython-314.pyc' -> '/usr/lib/python3.14/site-packages/setuptools/_vendor/wheel/__pycache__/_setuptools_logging.cpython-314.pyc'
'/pkgs/setuptools/usr/lib/python3.14/site-packages/setuptools/_vendor/wheel/__pycache__/_setuptools_logging.cpython-314.opt-1.pyc' -> '/usr/lib/python3.14/site-packages/setuptools/_vendor/wheel/__pycache__/_setuptools_logging.cpython-314.opt-1.pyc'
'/pkgs/setuptools/usr/lib/python3.14/site-packages/setuptools/_vendor/wheel/__pycache__/bdist_wheel.cpython-314.pyc' -> '/usr/lib/python3.14/site-packages/setuptools/_vendor/wheel/__pycache__/bdist_wheel.cpython-314.pyc'
'/pkgs/setuptools/usr/lib/python3.14/site-packages/setuptools/_vendor/wheel/__pycache__/bdist_wheel.cpython-314.opt-1.pyc' -> '/usr/lib/python3.14/site-packages/setuptools/_vendor/wheel/__pycache__/bdist_wheel.cpython-314.opt-1.pyc'
'/pkgs/setuptools/usr/lib/python3.14/site-packages/setuptools/_vendor/wheel/__pycache__/macosx_libfile.cpython-314.pyc' -> '/usr/lib/python3.14/site-packages/setuptools/_vendor/wheel/__pycache__/macosx_libfile.cpython-314.pyc'
'/pkgs/setuptools/usr/lib/python3.14/site-packages/setuptools/_vendor/wheel/__pycache__/macosx_libfile.cpython-314.opt-1.pyc' -> '/usr/lib/python3.14/site-packages/setuptools/_vendor/wheel/__pycache__/macosx_libfile.cpython-314.opt-1.pyc'
'/pkgs/setuptools/usr/lib/python3.14/site-packages/setuptools/_vendor/wheel/__pycache__/metadata.cpython-314.pyc' -> '/usr/lib/python3.14/site-packages/setuptools/_vendor/wheel/__pycache__/metadata.cpython-314.pyc'
'/pkgs/setuptools/usr/lib/python3.14/site-packages/setuptools/_vendor/wheel/__pycache__/metadata.cpython-314.opt-1.pyc' -> '/usr/lib/python3.14/site-packages/setuptools/_vendor/wheel/__pycache__/metadata.cpython-314.opt-1.pyc'
'/pkgs/setuptools/usr/lib/python3.14/site-packages/setuptools/_vendor/wheel/__pycache__/wheelfile.cpython-314.pyc' -> '/usr/lib/python3.14/site-packages/setuptools/_vendor/wheel/__pycache__/wheelfile.cpython-314.pyc'
'/pkgs/setuptools/usr/lib/python3.14/site-packages/setuptools/_vendor/wheel/__pycache__/wheelfile.cpython-314.opt-1.pyc' -> '/usr/lib/python3.14/site-packages/setuptools/_vendor/wheel/__pycache__/wheelfile.cpython-314.opt-1.pyc'
'/pkgs/setuptools/usr/lib/python3.14/site-packages/setuptools/_vendor/wheel-0.46.3.dist-info/licenses/LICENSE.txt' -> '/usr/lib/python3.14/site-packages/setuptools/_vendor/wheel-0.46.3.dist-info/licenses/LICENSE.txt'
'/pkgs/setuptools/usr/lib/python3.14/site-packages/setuptools/_vendor/wheel-0.46.3.dist-info/INSTALLER' -> '/usr/lib/python3.14/site-packages/setuptools/_vendor/wheel-0.46.3.dist-info/INSTALLER'
'/pkgs/setuptools/usr/lib/python3.14/site-packages/setuptools/_vendor/wheel-0.46.3.dist-info/METADATA' -> '/usr/lib/python3.14/site-packages/setuptools/_vendor/wheel-0.46.3.dist-info/METADATA'
'/pkgs/setuptools/usr/lib/python3.14/site-packages/setuptools/_vendor/wheel-0.46.3.dist-info/RECORD' -> '/usr/lib/python3.14/site-packages/setuptools/_vendor/wheel-0.46.3.dist-info/RECORD'
'/pkgs/setuptools/usr/lib/python3.14/site-packages/setuptools/_vendor/wheel-0.46.3.dist-info/REQUESTED' -> '/usr/lib/python3.14/site-packages/setuptools/_vendor/wheel-0.46.3.dist-info/REQUESTED'
'/pkgs/setuptools/usr/lib/python3.14/site-packages/setuptools/_vendor/wheel-0.46.3.dist-info/WHEEL' -> '/usr/lib/python3.14/site-packages/setuptools/_vendor/wheel-0.46.3.dist-info/WHEEL'
'/pkgs/setuptools/usr/lib/python3.14/site-packages/setuptools/_vendor/wheel-0.46.3.dist-info/entry_points.txt' -> '/usr/lib/python3.14/site-packages/setuptools/_vendor/wheel-0.46.3.dist-info/entry_points.txt'
'/pkgs/setuptools/usr/lib/python3.14/site-packages/setuptools/_vendor/zipp/__init__.py' -> '/usr/lib/python3.14/site-packages/setuptools/_vendor/zipp/__init__.py'
'/pkgs/setuptools/usr/lib/python3.14/site-packages/setuptools/_vendor/zipp/_functools.py' -> '/usr/lib/python3.14/site-packages/setuptools/_vendor/zipp/_functools.py'
'/pkgs/setuptools/usr/lib/python3.14/site-packages/setuptools/_vendor/zipp/glob.py' -> '/usr/lib/python3.14/site-packages/setuptools/_vendor/zipp/glob.py'
'/pkgs/setuptools/usr/lib/python3.14/site-packages/setuptools/_vendor/zipp/compat/__init__.py' -> '/usr/lib/python3.14/site-packages/setuptools/_vendor/zipp/compat/__init__.py'
'/pkgs/setuptools/usr/lib/python3.14/site-packages/setuptools/_vendor/zipp/compat/overlay.py' -> '/usr/lib/python3.14/site-packages/setuptools/_vendor/zipp/compat/overlay.py'
'/pkgs/setuptools/usr/lib/python3.14/site-packages/setuptools/_vendor/zipp/compat/py310.py' -> '/usr/lib/python3.14/site-packages/setuptools/_vendor/zipp/compat/py310.py'
'/pkgs/setuptools/usr/lib/python3.14/site-packages/setuptools/_vendor/zipp/compat/py313.py' -> '/usr/lib/python3.14/site-packages/setuptools/_vendor/zipp/compat/py313.py'
'/pkgs/setuptools/usr/lib/python3.14/site-packages/setuptools/_vendor/zipp/compat/__pycache__/__init__.cpython-314.pyc' -> '/usr/lib/python3.14/site-packages/setuptools/_vendor/zipp/compat/__pycache__/__init__.cpython-314.pyc'
'/pkgs/setuptools/usr/lib/python3.14/site-packages/setuptools/_vendor/zipp/compat/__pycache__/__init__.cpython-314.opt-1.pyc' -> '/usr/lib/python3.14/site-packages/setuptools/_vendor/zipp/compat/__pycache__/__init__.cpython-314.opt-1.pyc'
'/pkgs/setuptools/usr/lib/python3.14/site-packages/setuptools/_vendor/zipp/compat/__pycache__/overlay.cpython-314.pyc' -> '/usr/lib/python3.14/site-packages/setuptools/_vendor/zipp/compat/__pycache__/overlay.cpython-314.pyc'
'/pkgs/setuptools/usr/lib/python3.14/site-packages/setuptools/_vendor/zipp/compat/__pycache__/overlay.cpython-314.opt-1.pyc' -> '/usr/lib/python3.14/site-packages/setuptools/_vendor/zipp/compat/__pycache__/overlay.cpython-314.opt-1.pyc'
'/pkgs/setuptools/usr/lib/python3.14/site-packages/setuptools/_vendor/zipp/compat/__pycache__/py310.cpython-314.pyc' -> '/usr/lib/python3.14/site-packages/setuptools/_vendor/zipp/compat/__pycache__/py310.cpython-314.pyc'
'/pkgs/setuptools/usr/lib/python3.14/site-packages/setuptools/_vendor/zipp/compat/__pycache__/py310.cpython-314.opt-1.pyc' -> '/usr/lib/python3.14/site-packages/setuptools/_vendor/zipp/compat/__pycache__/py310.cpython-314.opt-1.pyc'
'/pkgs/setuptools/usr/lib/python3.14/site-packages/setuptools/_vendor/zipp/compat/__pycache__/py313.cpython-314.pyc' -> '/usr/lib/python3.14/site-packages/setuptools/_vendor/zipp/compat/__pycache__/py313.cpython-314.pyc'
'/pkgs/setuptools/usr/lib/python3.14/site-packages/setuptools/_vendor/zipp/compat/__pycache__/py313.cpython-314.opt-1.pyc' -> '/usr/lib/python3.14/site-packages/setuptools/_vendor/zipp/compat/__pycache__/py313.cpython-314.opt-1.pyc'
'/pkgs/setuptools/usr/lib/python3.14/site-packages/setuptools/_vendor/zipp/__pycache__/__init__.cpython-314.pyc' -> '/usr/lib/python3.14/site-packages/setuptools/_vendor/zipp/__pycache__/__init__.cpython-314.pyc'
'/pkgs/setuptools/usr/lib/python3.14/site-packages/setuptools/_vendor/zipp/__pycache__/__init__.cpython-314.opt-1.pyc' -> '/usr/lib/python3.14/site-packages/setuptools/_vendor/zipp/__pycache__/__init__.cpython-314.opt-1.pyc'
'/pkgs/setuptools/usr/lib/python3.14/site-packages/setuptools/_vendor/zipp/__pycache__/_functools.cpython-314.pyc' -> '/usr/lib/python3.14/site-packages/setuptools/_vendor/zipp/__pycache__/_functools.cpython-314.pyc'
'/pkgs/setuptools/usr/lib/python3.14/site-packages/setuptools/_vendor/zipp/__pycache__/_functools.cpython-314.opt-1.pyc' -> '/usr/lib/python3.14/site-packages/setuptools/_vendor/zipp/__pycache__/_functools.cpython-314.opt-1.pyc'
'/pkgs/setuptools/usr/lib/python3.14/site-packages/setuptools/_vendor/zipp/__pycache__/glob.cpython-314.pyc' -> '/usr/lib/python3.14/site-packages/setuptools/_vendor/zipp/__pycache__/glob.cpython-314.pyc'
'/pkgs/setuptools/usr/lib/python3.14/site-packages/setuptools/_vendor/zipp/__pycache__/glob.cpython-314.opt-1.pyc' -> '/usr/lib/python3.14/site-packages/setuptools/_vendor/zipp/__pycache__/glob.cpython-314.opt-1.pyc'
'/pkgs/setuptools/usr/lib/python3.14/site-packages/setuptools/_vendor/zipp-3.23.0.dist-info/licenses/LICENSE' -> '/usr/lib/python3.14/site-packages/setuptools/_vendor/zipp-3.23.0.dist-info/licenses/LICENSE'
'/pkgs/setuptools/usr/lib/python3.14/site-packages/setuptools/_vendor/zipp-3.23.0.dist-info/INSTALLER' -> '/usr/lib/python3.14/site-packages/setuptools/_vendor/zipp-3.23.0.dist-info/INSTALLER'
'/pkgs/setuptools/usr/lib/python3.14/site-packages/setuptools/_vendor/zipp-3.23.0.dist-info/METADATA' -> '/usr/lib/python3.14/site-packages/setuptools/_vendor/zipp-3.23.0.dist-info/METADATA'
'/pkgs/setuptools/usr/lib/python3.14/site-packages/setuptools/_vendor/zipp-3.23.0.dist-info/RECORD' -> '/usr/lib/python3.14/site-packages/setuptools/_vendor/zipp-3.23.0.dist-info/RECORD'
'/pkgs/setuptools/usr/lib/python3.14/site-packages/setuptools/_vendor/zipp-3.23.0.dist-info/REQUESTED' -> '/usr/lib/python3.14/site-packages/setuptools/_vendor/zipp-3.23.0.dist-info/REQUESTED'
'/pkgs/setuptools/usr/lib/python3.14/site-packages/setuptools/_vendor/zipp-3.23.0.dist-info/WHEEL' -> '/usr/lib/python3.14/site-packages/setuptools/_vendor/zipp-3.23.0.dist-info/WHEEL'
'/pkgs/setuptools/usr/lib/python3.14/site-packages/setuptools/_vendor/zipp-3.23.0.dist-info/top_level.txt' -> '/usr/lib/python3.14/site-packages/setuptools/_vendor/zipp-3.23.0.dist-info/top_level.txt'
'/pkgs/setuptools/usr/lib/python3.14/site-packages/setuptools/_vendor/autocommand-2.2.2.dist-info/INSTALLER' -> '/usr/lib/python3.14/site-packages/setuptools/_vendor/autocommand-2.2.2.dist-info/INSTALLER'
'/pkgs/setuptools/usr/lib/python3.14/site-packages/setuptools/_vendor/autocommand-2.2.2.dist-info/LICENSE' -> '/usr/lib/python3.14/site-packages/setuptools/_vendor/autocommand-2.2.2.dist-info/LICENSE'
'/pkgs/setuptools/usr/lib/python3.14/site-packages/setuptools/_vendor/autocommand-2.2.2.dist-info/METADATA' -> '/usr/lib/python3.14/site-packages/setuptools/_vendor/autocommand-2.2.2.dist-info/METADATA'
'/pkgs/setuptools/usr/lib/python3.14/site-packages/setuptools/_vendor/autocommand-2.2.2.dist-info/RECORD' -> '/usr/lib/python3.14/site-packages/setuptools/_vendor/autocommand-2.2.2.dist-info/RECORD'
'/pkgs/setuptools/usr/lib/python3.14/site-packages/setuptools/_vendor/autocommand-2.2.2.dist-info/REQUESTED' -> '/usr/lib/python3.14/site-packages/setuptools/_vendor/autocommand-2.2.2.dist-info/REQUESTED'
'/pkgs/setuptools/usr/lib/python3.14/site-packages/setuptools/_vendor/autocommand-2.2.2.dist-info/WHEEL' -> '/usr/lib/python3.14/site-packages/setuptools/_vendor/autocommand-2.2.2.dist-info/WHEEL'
'/pkgs/setuptools/usr/lib/python3.14/site-packages/setuptools/_vendor/autocommand-2.2.2.dist-info/top_level.txt' -> '/usr/lib/python3.14/site-packages/setuptools/_vendor/autocommand-2.2.2.dist-info/top_level.txt'
'/pkgs/setuptools/usr/lib/python3.14/site-packages/setuptools/_vendor/backports.tarfile-1.2.0.dist-info/INSTALLER' -> '/usr/lib/python3.14/site-packages/setuptools/_vendor/backports.tarfile-1.2.0.dist-info/INSTALLER'
'/pkgs/setuptools/usr/lib/python3.14/site-packages/setuptools/_vendor/backports.tarfile-1.2.0.dist-info/LICENSE' -> '/usr/lib/python3.14/site-packages/setuptools/_vendor/backports.tarfile-1.2.0.dist-info/LICENSE'
'/pkgs/setuptools/usr/lib/python3.14/site-packages/setuptools/_vendor/backports.tarfile-1.2.0.dist-info/METADATA' -> '/usr/lib/python3.14/site-packages/setuptools/_vendor/backports.tarfile-1.2.0.dist-info/METADATA'
'/pkgs/setuptools/usr/lib/python3.14/site-packages/setuptools/_vendor/backports.tarfile-1.2.0.dist-info/RECORD' -> '/usr/lib/python3.14/site-packages/setuptools/_vendor/backports.tarfile-1.2.0.dist-info/RECORD'
'/pkgs/setuptools/usr/lib/python3.14/site-packages/setuptools/_vendor/backports.tarfile-1.2.0.dist-info/REQUESTED' -> '/usr/lib/python3.14/site-packages/setuptools/_vendor/backports.tarfile-1.2.0.dist-info/REQUESTED'
'/pkgs/setuptools/usr/lib/python3.14/site-packages/setuptools/_vendor/backports.tarfile-1.2.0.dist-info/WHEEL' -> '/usr/lib/python3.14/site-packages/setuptools/_vendor/backports.tarfile-1.2.0.dist-info/WHEEL'
'/pkgs/setuptools/usr/lib/python3.14/site-packages/setuptools/_vendor/backports.tarfile-1.2.0.dist-info/top_level.txt' -> '/usr/lib/python3.14/site-packages/setuptools/_vendor/backports.tarfile-1.2.0.dist-info/top_level.txt'
'/pkgs/setuptools/usr/lib/python3.14/site-packages/setuptools/_vendor/jaraco.text-4.0.0.dist-info/INSTALLER' -> '/usr/lib/python3.14/site-packages/setuptools/_vendor/jaraco.text-4.0.0.dist-info/INSTALLER'
'/pkgs/setuptools/usr/lib/python3.14/site-packages/setuptools/_vendor/jaraco.text-4.0.0.dist-info/LICENSE' -> '/usr/lib/python3.14/site-packages/setuptools/_vendor/jaraco.text-4.0.0.dist-info/LICENSE'
'/pkgs/setuptools/usr/lib/python3.14/site-packages/setuptools/_vendor/jaraco.text-4.0.0.dist-info/METADATA' -> '/usr/lib/python3.14/site-packages/setuptools/_vendor/jaraco.text-4.0.0.dist-info/METADATA'
'/pkgs/setuptools/usr/lib/python3.14/site-packages/setuptools/_vendor/jaraco.text-4.0.0.dist-info/RECORD' -> '/usr/lib/python3.14/site-packages/setuptools/_vendor/jaraco.text-4.0.0.dist-info/RECORD'
'/pkgs/setuptools/usr/lib/python3.14/site-packages/setuptools/_vendor/jaraco.text-4.0.0.dist-info/REQUESTED' -> '/usr/lib/python3.14/site-packages/setuptools/_vendor/jaraco.text-4.0.0.dist-info/REQUESTED'
'/pkgs/setuptools/usr/lib/python3.14/site-packages/setuptools/_vendor/jaraco.text-4.0.0.dist-info/WHEEL' -> '/usr/lib/python3.14/site-packages/setuptools/_vendor/jaraco.text-4.0.0.dist-info/WHEEL'
'/pkgs/setuptools/usr/lib/python3.14/site-packages/setuptools/_vendor/jaraco.text-4.0.0.dist-info/top_level.txt' -> '/usr/lib/python3.14/site-packages/setuptools/_vendor/jaraco.text-4.0.0.dist-info/top_level.txt'
'/pkgs/setuptools/usr/lib/python3.14/site-packages/setuptools/command/__init__.py' -> '/usr/lib/python3.14/site-packages/setuptools/command/__init__.py'
'/pkgs/setuptools/usr/lib/python3.14/site-packages/setuptools/command/_requirestxt.py' -> '/usr/lib/python3.14/site-packages/setuptools/command/_requirestxt.py'
'/pkgs/setuptools/usr/lib/python3.14/site-packages/setuptools/command/alias.py' -> '/usr/lib/python3.14/site-packages/setuptools/command/alias.py'
'/pkgs/setuptools/usr/lib/python3.14/site-packages/setuptools/command/bdist_egg.py' -> '/usr/lib/python3.14/site-packages/setuptools/command/bdist_egg.py'
'/pkgs/setuptools/usr/lib/python3.14/site-packages/setuptools/command/bdist_rpm.py' -> '/usr/lib/python3.14/site-packages/setuptools/command/bdist_rpm.py'
'/pkgs/setuptools/usr/lib/python3.14/site-packages/setuptools/command/bdist_wheel.py' -> '/usr/lib/python3.14/site-packages/setuptools/command/bdist_wheel.py'
'/pkgs/setuptools/usr/lib/python3.14/site-packages/setuptools/command/build.py' -> '/usr/lib/python3.14/site-packages/setuptools/command/build.py'
'/pkgs/setuptools/usr/lib/python3.14/site-packages/setuptools/command/build_clib.py' -> '/usr/lib/python3.14/site-packages/setuptools/command/build_clib.py'
'/pkgs/setuptools/usr/lib/python3.14/site-packages/setuptools/command/build_ext.py' -> '/usr/lib/python3.14/site-packages/setuptools/command/build_ext.py'
'/pkgs/setuptools/usr/lib/python3.14/site-packages/setuptools/command/build_py.py' -> '/usr/lib/python3.14/site-packages/setuptools/command/build_py.py'
'/pkgs/setuptools/usr/lib/python3.14/site-packages/setuptools/command/develop.py' -> '/usr/lib/python3.14/site-packages/setuptools/command/develop.py'
'/pkgs/setuptools/usr/lib/python3.14/site-packages/setuptools/command/dist_info.py' -> '/usr/lib/python3.14/site-packages/setuptools/command/dist_info.py'
'/pkgs/setuptools/usr/lib/python3.14/site-packages/setuptools/command/easy_install.py' -> '/usr/lib/python3.14/site-packages/setuptools/command/easy_install.py'
'/pkgs/setuptools/usr/lib/python3.14/site-packages/setuptools/command/editable_wheel.py' -> '/usr/lib/python3.14/site-packages/setuptools/command/editable_wheel.py'
'/pkgs/setuptools/usr/lib/python3.14/site-packages/setuptools/command/egg_info.py' -> '/usr/lib/python3.14/site-packages/setuptools/command/egg_info.py'
'/pkgs/setuptools/usr/lib/python3.14/site-packages/setuptools/command/install.py' -> '/usr/lib/python3.14/site-packages/setuptools/command/install.py'
'/pkgs/setuptools/usr/lib/python3.14/site-packages/setuptools/command/install_egg_info.py' -> '/usr/lib/python3.14/site-packages/setuptools/command/install_egg_info.py'
'/pkgs/setuptools/usr/lib/python3.14/site-packages/setuptools/command/install_lib.py' -> '/usr/lib/python3.14/site-packages/setuptools/command/install_lib.py'
'/pkgs/setuptools/usr/lib/python3.14/site-packages/setuptools/command/install_scripts.py' -> '/usr/lib/python3.14/site-packages/setuptools/command/install_scripts.py'
'/pkgs/setuptools/usr/lib/python3.14/site-packages/setuptools/command/rotate.py' -> '/usr/lib/python3.14/site-packages/setuptools/command/rotate.py'
'/pkgs/setuptools/usr/lib/python3.14/site-packages/setuptools/command/saveopts.py' -> '/usr/lib/python3.14/site-packages/setuptools/command/saveopts.py'
'/pkgs/setuptools/usr/lib/python3.14/site-packages/setuptools/command/sdist.py' -> '/usr/lib/python3.14/site-packages/setuptools/command/sdist.py'
'/pkgs/setuptools/usr/lib/python3.14/site-packages/setuptools/command/setopt.py' -> '/usr/lib/python3.14/site-packages/setuptools/command/setopt.py'
'/pkgs/setuptools/usr/lib/python3.14/site-packages/setuptools/command/test.py' -> '/usr/lib/python3.14/site-packages/setuptools/command/test.py'
'/pkgs/setuptools/usr/lib/python3.14/site-packages/setuptools/command/__pycache__/__init__.cpython-314.pyc' -> '/usr/lib/python3.14/site-packages/setuptools/command/__pycache__/__init__.cpython-314.pyc'
'/pkgs/setuptools/usr/lib/python3.14/site-packages/setuptools/command/__pycache__/__init__.cpython-314.opt-1.pyc' -> '/usr/lib/python3.14/site-packages/setuptools/command/__pycache__/__init__.cpython-314.opt-1.pyc'
'/pkgs/setuptools/usr/lib/python3.14/site-packages/setuptools/command/__pycache__/_requirestxt.cpython-314.pyc' -> '/usr/lib/python3.14/site-packages/setuptools/command/__pycache__/_requirestxt.cpython-314.pyc'
'/pkgs/setuptools/usr/lib/python3.14/site-packages/setuptools/command/__pycache__/_requirestxt.cpython-314.opt-1.pyc' -> '/usr/lib/python3.14/site-packages/setuptools/command/__pycache__/_requirestxt.cpython-314.opt-1.pyc'
'/pkgs/setuptools/usr/lib/python3.14/site-packages/setuptools/command/__pycache__/alias.cpython-314.pyc' -> '/usr/lib/python3.14/site-packages/setuptools/command/__pycache__/alias.cpython-314.pyc'
'/pkgs/setuptools/usr/lib/python3.14/site-packages/setuptools/command/__pycache__/alias.cpython-314.opt-1.pyc' -> '/usr/lib/python3.14/site-packages/setuptools/command/__pycache__/alias.cpython-314.opt-1.pyc'
'/pkgs/setuptools/usr/lib/python3.14/site-packages/setuptools/command/__pycache__/bdist_egg.cpython-314.pyc' -> '/usr/lib/python3.14/site-packages/setuptools/command/__pycache__/bdist_egg.cpython-314.pyc'
'/pkgs/setuptools/usr/lib/python3.14/site-packages/setuptools/command/__pycache__/bdist_egg.cpython-314.opt-1.pyc' -> '/usr/lib/python3.14/site-packages/setuptools/command/__pycache__/bdist_egg.cpython-314.opt-1.pyc'
'/pkgs/setuptools/usr/lib/python3.14/site-packages/setuptools/command/__pycache__/bdist_rpm.cpython-314.pyc' -> '/usr/lib/python3.14/site-packages/setuptools/command/__pycache__/bdist_rpm.cpython-314.pyc'
'/pkgs/setuptools/usr/lib/python3.14/site-packages/setuptools/command/__pycache__/bdist_rpm.cpython-314.opt-1.pyc' -> '/usr/lib/python3.14/site-packages/setuptools/command/__pycache__/bdist_rpm.cpython-314.opt-1.pyc'
'/pkgs/setuptools/usr/lib/python3.14/site-packages/setuptools/command/__pycache__/bdist_wheel.cpython-314.pyc' -> '/usr/lib/python3.14/site-packages/setuptools/command/__pycache__/bdist_wheel.cpython-314.pyc'
'/pkgs/setuptools/usr/lib/python3.14/site-packages/setuptools/command/__pycache__/bdist_wheel.cpython-314.opt-1.pyc' -> '/usr/lib/python3.14/site-packages/setuptools/command/__pycache__/bdist_wheel.cpython-314.opt-1.pyc'
'/pkgs/setuptools/usr/lib/python3.14/site-packages/setuptools/command/__pycache__/build.cpython-314.pyc' -> '/usr/lib/python3.14/site-packages/setuptools/command/__pycache__/build.cpython-314.pyc'
'/pkgs/setuptools/usr/lib/python3.14/site-packages/setuptools/command/__pycache__/build.cpython-314.opt-1.pyc' -> '/usr/lib/python3.14/site-packages/setuptools/command/__pycache__/build.cpython-314.opt-1.pyc'
'/pkgs/setuptools/usr/lib/python3.14/site-packages/setuptools/command/__pycache__/build_clib.cpython-314.pyc' -> '/usr/lib/python3.14/site-packages/setuptools/command/__pycache__/build_clib.cpython-314.pyc'
'/pkgs/setuptools/usr/lib/python3.14/site-packages/setuptools/command/__pycache__/build_clib.cpython-314.opt-1.pyc' -> '/usr/lib/python3.14/site-packages/setuptools/command/__pycache__/build_clib.cpython-314.opt-1.pyc'
'/pkgs/setuptools/usr/lib/python3.14/site-packages/setuptools/command/__pycache__/build_ext.cpython-314.pyc' -> '/usr/lib/python3.14/site-packages/setuptools/command/__pycache__/build_ext.cpython-314.pyc'
'/pkgs/setuptools/usr/lib/python3.14/site-packages/setuptools/command/__pycache__/build_ext.cpython-314.opt-1.pyc' -> '/usr/lib/python3.14/site-packages/setuptools/command/__pycache__/build_ext.cpython-314.opt-1.pyc'
'/pkgs/setuptools/usr/lib/python3.14/site-packages/setuptools/command/__pycache__/build_py.cpython-314.pyc' -> '/usr/lib/python3.14/site-packages/setuptools/command/__pycache__/build_py.cpython-314.pyc'
'/pkgs/setuptools/usr/lib/python3.14/site-packages/setuptools/command/__pycache__/build_py.cpython-314.opt-1.pyc' -> '/usr/lib/python3.14/site-packages/setuptools/command/__pycache__/build_py.cpython-314.opt-1.pyc'
'/pkgs/setuptools/usr/lib/python3.14/site-packages/setuptools/command/__pycache__/develop.cpython-314.pyc' -> '/usr/lib/python3.14/site-packages/setuptools/command/__pycache__/develop.cpython-314.pyc'
'/pkgs/setuptools/usr/lib/python3.14/site-packages/setuptools/command/__pycache__/develop.cpython-314.opt-1.pyc' -> '/usr/lib/python3.14/site-packages/setuptools/command/__pycache__/develop.cpython-314.opt-1.pyc'
'/pkgs/setuptools/usr/lib/python3.14/site-packages/setuptools/command/__pycache__/dist_info.cpython-314.pyc' -> '/usr/lib/python3.14/site-packages/setuptools/command/__pycache__/dist_info.cpython-314.pyc'
'/pkgs/setuptools/usr/lib/python3.14/site-packages/setuptools/command/__pycache__/dist_info.cpython-314.opt-1.pyc' -> '/usr/lib/python3.14/site-packages/setuptools/command/__pycache__/dist_info.cpython-314.opt-1.pyc'
'/pkgs/setuptools/usr/lib/python3.14/site-packages/setuptools/command/__pycache__/easy_install.cpython-314.pyc' -> '/usr/lib/python3.14/site-packages/setuptools/command/__pycache__/easy_install.cpython-314.pyc'
'/pkgs/setuptools/usr/lib/python3.14/site-packages/setuptools/command/__pycache__/easy_install.cpython-314.opt-1.pyc' -> '/usr/lib/python3.14/site-packages/setuptools/command/__pycache__/easy_install.cpython-314.opt-1.pyc'
'/pkgs/setuptools/usr/lib/python3.14/site-packages/setuptools/command/__pycache__/editable_wheel.cpython-314.pyc' -> '/usr/lib/python3.14/site-packages/setuptools/command/__pycache__/editable_wheel.cpython-314.pyc'
'/pkgs/setuptools/usr/lib/python3.14/site-packages/setuptools/command/__pycache__/editable_wheel.cpython-314.opt-1.pyc' -> '/usr/lib/python3.14/site-packages/setuptools/command/__pycache__/editable_wheel.cpython-314.opt-1.pyc'
'/pkgs/setuptools/usr/lib/python3.14/site-packages/setuptools/command/__pycache__/egg_info.cpython-314.pyc' -> '/usr/lib/python3.14/site-packages/setuptools/command/__pycache__/egg_info.cpython-314.pyc'
'/pkgs/setuptools/usr/lib/python3.14/site-packages/setuptools/command/__pycache__/egg_info.cpython-314.opt-1.pyc' -> '/usr/lib/python3.14/site-packages/setuptools/command/__pycache__/egg_info.cpython-314.opt-1.pyc'
'/pkgs/setuptools/usr/lib/python3.14/site-packages/setuptools/command/__pycache__/install.cpython-314.pyc' -> '/usr/lib/python3.14/site-packages/setuptools/command/__pycache__/install.cpython-314.pyc'
'/pkgs/setuptools/usr/lib/python3.14/site-packages/setuptools/command/__pycache__/install.cpython-314.opt-1.pyc' -> '/usr/lib/python3.14/site-packages/setuptools/command/__pycache__/install.cpython-314.opt-1.pyc'
'/pkgs/setuptools/usr/lib/python3.14/site-packages/setuptools/command/__pycache__/install_egg_info.cpython-314.pyc' -> '/usr/lib/python3.14/site-packages/setuptools/command/__pycache__/install_egg_info.cpython-314.pyc'
'/pkgs/setuptools/usr/lib/python3.14/site-packages/setuptools/command/__pycache__/install_egg_info.cpython-314.opt-1.pyc' -> '/usr/lib/python3.14/site-packages/setuptools/command/__pycache__/install_egg_info.cpython-314.opt-1.pyc'
'/pkgs/setuptools/usr/lib/python3.14/site-packages/setuptools/command/__pycache__/install_lib.cpython-314.pyc' -> '/usr/lib/python3.14/site-packages/setuptools/command/__pycache__/install_lib.cpython-314.pyc'
'/pkgs/setuptools/usr/lib/python3.14/site-packages/setuptools/command/__pycache__/install_lib.cpython-314.opt-1.pyc' -> '/usr/lib/python3.14/site-packages/setuptools/command/__pycache__/install_lib.cpython-314.opt-1.pyc'
'/pkgs/setuptools/usr/lib/python3.14/site-packages/setuptools/command/__pycache__/install_scripts.cpython-314.pyc' -> '/usr/lib/python3.14/site-packages/setuptools/command/__pycache__/install_scripts.cpython-314.pyc'
'/pkgs/setuptools/usr/lib/python3.14/site-packages/setuptools/command/__pycache__/install_scripts.cpython-314.opt-1.pyc' -> '/usr/lib/python3.14/site-packages/setuptools/command/__pycache__/install_scripts.cpython-314.opt-1.pyc'
'/pkgs/setuptools/usr/lib/python3.14/site-packages/setuptools/command/__pycache__/rotate.cpython-314.pyc' -> '/usr/lib/python3.14/site-packages/setuptools/command/__pycache__/rotate.cpython-314.pyc'
'/pkgs/setuptools/usr/lib/python3.14/site-packages/setuptools/command/__pycache__/rotate.cpython-314.opt-1.pyc' -> '/usr/lib/python3.14/site-packages/setuptools/command/__pycache__/rotate.cpython-314.opt-1.pyc'
'/pkgs/setuptools/usr/lib/python3.14/site-packages/setuptools/command/__pycache__/saveopts.cpython-314.pyc' -> '/usr/lib/python3.14/site-packages/setuptools/command/__pycache__/saveopts.cpython-314.pyc'
'/pkgs/setuptools/usr/lib/python3.14/site-packages/setuptools/command/__pycache__/saveopts.cpython-314.opt-1.pyc' -> '/usr/lib/python3.14/site-packages/setuptools/command/__pycache__/saveopts.cpython-314.opt-1.pyc'
'/pkgs/setuptools/usr/lib/python3.14/site-packages/setuptools/command/__pycache__/sdist.cpython-314.pyc' -> '/usr/lib/python3.14/site-packages/setuptools/command/__pycache__/sdist.cpython-314.pyc'
'/pkgs/setuptools/usr/lib/python3.14/site-packages/setuptools/command/__pycache__/sdist.cpython-314.opt-1.pyc' -> '/usr/lib/python3.14/site-packages/setuptools/command/__pycache__/sdist.cpython-314.opt-1.pyc'
'/pkgs/setuptools/usr/lib/python3.14/site-packages/setuptools/command/__pycache__/setopt.cpython-314.pyc' -> '/usr/lib/python3.14/site-packages/setuptools/command/__pycache__/setopt.cpython-314.pyc'
'/pkgs/setuptools/usr/lib/python3.14/site-packages/setuptools/command/__pycache__/setopt.cpython-314.opt-1.pyc' -> '/usr/lib/python3.14/site-packages/setuptools/command/__pycache__/setopt.cpython-314.opt-1.pyc'
'/pkgs/setuptools/usr/lib/python3.14/site-packages/setuptools/command/__pycache__/test.cpython-314.pyc' -> '/usr/lib/python3.14/site-packages/setuptools/command/__pycache__/test.cpython-314.pyc'
'/pkgs/setuptools/usr/lib/python3.14/site-packages/setuptools/command/__pycache__/test.cpython-314.opt-1.pyc' -> '/usr/lib/python3.14/site-packages/setuptools/command/__pycache__/test.cpython-314.opt-1.pyc'
'/pkgs/setuptools/usr/lib/python3.14/site-packages/setuptools/compat/__init__.py' -> '/usr/lib/python3.14/site-packages/setuptools/compat/__init__.py'
'/pkgs/setuptools/usr/lib/python3.14/site-packages/setuptools/compat/py310.py' -> '/usr/lib/python3.14/site-packages/setuptools/compat/py310.py'
'/pkgs/setuptools/usr/lib/python3.14/site-packages/setuptools/compat/py311.py' -> '/usr/lib/python3.14/site-packages/setuptools/compat/py311.py'
'/pkgs/setuptools/usr/lib/python3.14/site-packages/setuptools/compat/py312.py' -> '/usr/lib/python3.14/site-packages/setuptools/compat/py312.py'
'/pkgs/setuptools/usr/lib/python3.14/site-packages/setuptools/compat/py39.py' -> '/usr/lib/python3.14/site-packages/setuptools/compat/py39.py'
'/pkgs/setuptools/usr/lib/python3.14/site-packages/setuptools/compat/__pycache__/__init__.cpython-314.pyc' -> '/usr/lib/python3.14/site-packages/setuptools/compat/__pycache__/__init__.cpython-314.pyc'
'/pkgs/setuptools/usr/lib/python3.14/site-packages/setuptools/compat/__pycache__/__init__.cpython-314.opt-1.pyc' -> '/usr/lib/python3.14/site-packages/setuptools/compat/__pycache__/__init__.cpython-314.opt-1.pyc'
'/pkgs/setuptools/usr/lib/python3.14/site-packages/setuptools/compat/__pycache__/py310.cpython-314.pyc' -> '/usr/lib/python3.14/site-packages/setuptools/compat/__pycache__/py310.cpython-314.pyc'
'/pkgs/setuptools/usr/lib/python3.14/site-packages/setuptools/compat/__pycache__/py310.cpython-314.opt-1.pyc' -> '/usr/lib/python3.14/site-packages/setuptools/compat/__pycache__/py310.cpython-314.opt-1.pyc'
'/pkgs/setuptools/usr/lib/python3.14/site-packages/setuptools/compat/__pycache__/py311.cpython-314.pyc' -> '/usr/lib/python3.14/site-packages/setuptools/compat/__pycache__/py311.cpython-314.pyc'
'/pkgs/setuptools/usr/lib/python3.14/site-packages/setuptools/compat/__pycache__/py311.cpython-314.opt-1.pyc' -> '/usr/lib/python3.14/site-packages/setuptools/compat/__pycache__/py311.cpython-314.opt-1.pyc'
'/pkgs/setuptools/usr/lib/python3.14/site-packages/setuptools/compat/__pycache__/py312.cpython-314.pyc' -> '/usr/lib/python3.14/site-packages/setuptools/compat/__pycache__/py312.cpython-314.pyc'
'/pkgs/setuptools/usr/lib/python3.14/site-packages/setuptools/compat/__pycache__/py312.cpython-314.opt-1.pyc' -> '/usr/lib/python3.14/site-packages/setuptools/compat/__pycache__/py312.cpython-314.opt-1.pyc'
'/pkgs/setuptools/usr/lib/python3.14/site-packages/setuptools/compat/__pycache__/py39.cpython-314.pyc' -> '/usr/lib/python3.14/site-packages/setuptools/compat/__pycache__/py39.cpython-314.pyc'
'/pkgs/setuptools/usr/lib/python3.14/site-packages/setuptools/compat/__pycache__/py39.cpython-314.opt-1.pyc' -> '/usr/lib/python3.14/site-packages/setuptools/compat/__pycache__/py39.cpython-314.opt-1.pyc'
'/pkgs/setuptools/usr/lib/python3.14/site-packages/setuptools/config/NOTICE' -> '/usr/lib/python3.14/site-packages/setuptools/config/NOTICE'
'/pkgs/setuptools/usr/lib/python3.14/site-packages/setuptools/config/__init__.py' -> '/usr/lib/python3.14/site-packages/setuptools/config/__init__.py'
'/pkgs/setuptools/usr/lib/python3.14/site-packages/setuptools/config/_apply_pyprojecttoml.py' -> '/usr/lib/python3.14/site-packages/setuptools/config/_apply_pyprojecttoml.py'
'/pkgs/setuptools/usr/lib/python3.14/site-packages/setuptools/config/distutils.schema.json' -> '/usr/lib/python3.14/site-packages/setuptools/config/distutils.schema.json'
'/pkgs/setuptools/usr/lib/python3.14/site-packages/setuptools/config/expand.py' -> '/usr/lib/python3.14/site-packages/setuptools/config/expand.py'
'/pkgs/setuptools/usr/lib/python3.14/site-packages/setuptools/config/pyprojecttoml.py' -> '/usr/lib/python3.14/site-packages/setuptools/config/pyprojecttoml.py'
'/pkgs/setuptools/usr/lib/python3.14/site-packages/setuptools/config/setupcfg.py' -> '/usr/lib/python3.14/site-packages/setuptools/config/setupcfg.py'
'/pkgs/setuptools/usr/lib/python3.14/site-packages/setuptools/config/setuptools.schema.json' -> '/usr/lib/python3.14/site-packages/setuptools/config/setuptools.schema.json'
'/pkgs/setuptools/usr/lib/python3.14/site-packages/setuptools/config/_validate_pyproject/NOTICE' -> '/usr/lib/python3.14/site-packages/setuptools/config/_validate_pyproject/NOTICE'
'/pkgs/setuptools/usr/lib/python3.14/site-packages/setuptools/config/_validate_pyproject/__init__.py' -> '/usr/lib/python3.14/site-packages/setuptools/config/_validate_pyproject/__init__.py'
'/pkgs/setuptools/usr/lib/python3.14/site-packages/setuptools/config/_validate_pyproject/error_reporting.py' -> '/usr/lib/python3.14/site-packages/setuptools/config/_validate_pyproject/error_reporting.py'
'/pkgs/setuptools/usr/lib/python3.14/site-packages/setuptools/config/_validate_pyproject/extra_validations.py' -> '/usr/lib/python3.14/site-packages/setuptools/config/_validate_pyproject/extra_validations.py'
'/pkgs/setuptools/usr/lib/python3.14/site-packages/setuptools/config/_validate_pyproject/fastjsonschema_exceptions.py' -> '/usr/lib/python3.14/site-packages/setuptools/config/_validate_pyproject/fastjsonschema_exceptions.py'
'/pkgs/setuptools/usr/lib/python3.14/site-packages/setuptools/config/_validate_pyproject/fastjsonschema_validations.py' -> '/usr/lib/python3.14/site-packages/setuptools/config/_validate_pyproject/fastjsonschema_validations.py'
'/pkgs/setuptools/usr/lib/python3.14/site-packages/setuptools/config/_validate_pyproject/formats.py' -> '/usr/lib/python3.14/site-packages/setuptools/config/_validate_pyproject/formats.py'
'/pkgs/setuptools/usr/lib/python3.14/site-packages/setuptools/config/_validate_pyproject/__pycache__/__init__.cpython-314.pyc' -> '/usr/lib/python3.14/site-packages/setuptools/config/_validate_pyproject/__pycache__/__init__.cpython-314.pyc'
'/pkgs/setuptools/usr/lib/python3.14/site-packages/setuptools/config/_validate_pyproject/__pycache__/__init__.cpython-314.opt-1.pyc' -> '/usr/lib/python3.14/site-packages/setuptools/config/_validate_pyproject/__pycache__/__init__.cpython-314.opt-1.pyc'
'/pkgs/setuptools/usr/lib/python3.14/site-packages/setuptools/config/_validate_pyproject/__pycache__/error_reporting.cpython-314.pyc' -> '/usr/lib/python3.14/site-packages/setuptools/config/_validate_pyproject/__pycache__/error_reporting.cpython-314.pyc'
'/pkgs/setuptools/usr/lib/python3.14/site-packages/setuptools/config/_validate_pyproject/__pycache__/error_reporting.cpython-314.opt-1.pyc' -> '/usr/lib/python3.14/site-packages/setuptools/config/_validate_pyproject/__pycache__/error_reporting.cpython-314.opt-1.pyc'
'/pkgs/setuptools/usr/lib/python3.14/site-packages/setuptools/config/_validate_pyproject/__pycache__/extra_validations.cpython-314.pyc' -> '/usr/lib/python3.14/site-packages/setuptools/config/_validate_pyproject/__pycache__/extra_validations.cpython-314.pyc'
'/pkgs/setuptools/usr/lib/python3.14/site-packages/setuptools/config/_validate_pyproject/__pycache__/extra_validations.cpython-314.opt-1.pyc' -> '/usr/lib/python3.14/site-packages/setuptools/config/_validate_pyproject/__pycache__/extra_validations.cpython-314.opt-1.pyc'
'/pkgs/setuptools/usr/lib/python3.14/site-packages/setuptools/config/_validate_pyproject/__pycache__/fastjsonschema_exceptions.cpython-314.pyc' -> '/usr/lib/python3.14/site-packages/setuptools/config/_validate_pyproject/__pycache__/fastjsonschema_exceptions.cpython-314.pyc'
'/pkgs/setuptools/usr/lib/python3.14/site-packages/setuptools/config/_validate_pyproject/__pycache__/fastjsonschema_exceptions.cpython-314.opt-1.pyc' -> '/usr/lib/python3.14/site-packages/setuptools/config/_validate_pyproject/__pycache__/fastjsonschema_exceptions.cpython-314.opt-1.pyc'
'/pkgs/setuptools/usr/lib/python3.14/site-packages/setuptools/config/_validate_pyproject/__pycache__/fastjsonschema_validations.cpython-314.pyc' -> '/usr/lib/python3.14/site-packages/setuptools/config/_validate_pyproject/__pycache__/fastjsonschema_validations.cpython-314.pyc'
'/pkgs/setuptools/usr/lib/python3.14/site-packages/setuptools/config/_validate_pyproject/__pycache__/fastjsonschema_validations.cpython-314.opt-1.pyc' -> '/usr/lib/python3.14/site-packages/setuptools/config/_validate_pyproject/__pycache__/fastjsonschema_validations.cpython-314.opt-1.pyc'
'/pkgs/setuptools/usr/lib/python3.14/site-packages/setuptools/config/_validate_pyproject/__pycache__/formats.cpython-314.pyc' -> '/usr/lib/python3.14/site-packages/setuptools/config/_validate_pyproject/__pycache__/formats.cpython-314.pyc'
'/pkgs/setuptools/usr/lib/python3.14/site-packages/setuptools/config/_validate_pyproject/__pycache__/formats.cpython-314.opt-1.pyc' -> '/usr/lib/python3.14/site-packages/setuptools/config/_validate_pyproject/__pycache__/formats.cpython-314.opt-1.pyc'
'/pkgs/setuptools/usr/lib/python3.14/site-packages/setuptools/config/__pycache__/__init__.cpython-314.pyc' -> '/usr/lib/python3.14/site-packages/setuptools/config/__pycache__/__init__.cpython-314.pyc'
'/pkgs/setuptools/usr/lib/python3.14/site-packages/setuptools/config/__pycache__/__init__.cpython-314.opt-1.pyc' -> '/usr/lib/python3.14/site-packages/setuptools/config/__pycache__/__init__.cpython-314.opt-1.pyc'
'/pkgs/setuptools/usr/lib/python3.14/site-packages/setuptools/config/__pycache__/_apply_pyprojecttoml.cpython-314.pyc' -> '/usr/lib/python3.14/site-packages/setuptools/config/__pycache__/_apply_pyprojecttoml.cpython-314.pyc'
'/pkgs/setuptools/usr/lib/python3.14/site-packages/setuptools/config/__pycache__/_apply_pyprojecttoml.cpython-314.opt-1.pyc' -> '/usr/lib/python3.14/site-packages/setuptools/config/__pycache__/_apply_pyprojecttoml.cpython-314.opt-1.pyc'
'/pkgs/setuptools/usr/lib/python3.14/site-packages/setuptools/config/__pycache__/expand.cpython-314.pyc' -> '/usr/lib/python3.14/site-packages/setuptools/config/__pycache__/expand.cpython-314.pyc'
'/pkgs/setuptools/usr/lib/python3.14/site-packages/setuptools/config/__pycache__/expand.cpython-314.opt-1.pyc' -> '/usr/lib/python3.14/site-packages/setuptools/config/__pycache__/expand.cpython-314.opt-1.pyc'
'/pkgs/setuptools/usr/lib/python3.14/site-packages/setuptools/config/__pycache__/pyprojecttoml.cpython-314.pyc' -> '/usr/lib/python3.14/site-packages/setuptools/config/__pycache__/pyprojecttoml.cpython-314.pyc'
'/pkgs/setuptools/usr/lib/python3.14/site-packages/setuptools/config/__pycache__/pyprojecttoml.cpython-314.opt-1.pyc' -> '/usr/lib/python3.14/site-packages/setuptools/config/__pycache__/pyprojecttoml.cpython-314.opt-1.pyc'
'/pkgs/setuptools/usr/lib/python3.14/site-packages/setuptools/config/__pycache__/setupcfg.cpython-314.pyc' -> '/usr/lib/python3.14/site-packages/setuptools/config/__pycache__/setupcfg.cpython-314.pyc'
'/pkgs/setuptools/usr/lib/python3.14/site-packages/setuptools/config/__pycache__/setupcfg.cpython-314.opt-1.pyc' -> '/usr/lib/python3.14/site-packages/setuptools/config/__pycache__/setupcfg.cpython-314.opt-1.pyc'
'/pkgs/setuptools/usr/lib/python3.14/site-packages/setuptools/tests/__init__.py' -> '/usr/lib/python3.14/site-packages/setuptools/tests/__init__.py'
'/pkgs/setuptools/usr/lib/python3.14/site-packages/setuptools/tests/contexts.py' -> '/usr/lib/python3.14/site-packages/setuptools/tests/contexts.py'
'/pkgs/setuptools/usr/lib/python3.14/site-packages/setuptools/tests/environment.py' -> '/usr/lib/python3.14/site-packages/setuptools/tests/environment.py'
'/pkgs/setuptools/usr/lib/python3.14/site-packages/setuptools/tests/fixtures.py' -> '/usr/lib/python3.14/site-packages/setuptools/tests/fixtures.py'
'/pkgs/setuptools/usr/lib/python3.14/site-packages/setuptools/tests/mod_with_constant.py' -> '/usr/lib/python3.14/site-packages/setuptools/tests/mod_with_constant.py'
'/pkgs/setuptools/usr/lib/python3.14/site-packages/setuptools/tests/namespaces.py' -> '/usr/lib/python3.14/site-packages/setuptools/tests/namespaces.py'
'/pkgs/setuptools/usr/lib/python3.14/site-packages/setuptools/tests/script-with-bom.py' -> '/usr/lib/python3.14/site-packages/setuptools/tests/script-with-bom.py'
'/pkgs/setuptools/usr/lib/python3.14/site-packages/setuptools/tests/test_archive_util.py' -> '/usr/lib/python3.14/site-packages/setuptools/tests/test_archive_util.py'
'/pkgs/setuptools/usr/lib/python3.14/site-packages/setuptools/tests/test_bdist_deprecations.py' -> '/usr/lib/python3.14/site-packages/setuptools/tests/test_bdist_deprecations.py'
'/pkgs/setuptools/usr/lib/python3.14/site-packages/setuptools/tests/test_bdist_egg.py' -> '/usr/lib/python3.14/site-packages/setuptools/tests/test_bdist_egg.py'
'/pkgs/setuptools/usr/lib/python3.14/site-packages/setuptools/tests/test_bdist_wheel.py' -> '/usr/lib/python3.14/site-packages/setuptools/tests/test_bdist_wheel.py'
'/pkgs/setuptools/usr/lib/python3.14/site-packages/setuptools/tests/test_build.py' -> '/usr/lib/python3.14/site-packages/setuptools/tests/test_build.py'
'/pkgs/setuptools/usr/lib/python3.14/site-packages/setuptools/tests/test_build_clib.py' -> '/usr/lib/python3.14/site-packages/setuptools/tests/test_build_clib.py'
'/pkgs/setuptools/usr/lib/python3.14/site-packages/setuptools/tests/test_build_ext.py' -> '/usr/lib/python3.14/site-packages/setuptools/tests/test_build_ext.py'
'/pkgs/setuptools/usr/lib/python3.14/site-packages/setuptools/tests/test_build_meta.py' -> '/usr/lib/python3.14/site-packages/setuptools/tests/test_build_meta.py'
'/pkgs/setuptools/usr/lib/python3.14/site-packages/setuptools/tests/test_build_py.py' -> '/usr/lib/python3.14/site-packages/setuptools/tests/test_build_py.py'
'/pkgs/setuptools/usr/lib/python3.14/site-packages/setuptools/tests/test_config_discovery.py' -> '/usr/lib/python3.14/site-packages/setuptools/tests/test_config_discovery.py'
'/pkgs/setuptools/usr/lib/python3.14/site-packages/setuptools/tests/test_core_metadata.py' -> '/usr/lib/python3.14/site-packages/setuptools/tests/test_core_metadata.py'
'/pkgs/setuptools/usr/lib/python3.14/site-packages/setuptools/tests/test_depends.py' -> '/usr/lib/python3.14/site-packages/setuptools/tests/test_depends.py'
'/pkgs/setuptools/usr/lib/python3.14/site-packages/setuptools/tests/test_develop.py' -> '/usr/lib/python3.14/site-packages/setuptools/tests/test_develop.py'
'/pkgs/setuptools/usr/lib/python3.14/site-packages/setuptools/tests/test_dist.py' -> '/usr/lib/python3.14/site-packages/setuptools/tests/test_dist.py'
'/pkgs/setuptools/usr/lib/python3.14/site-packages/setuptools/tests/test_dist_info.py' -> '/usr/lib/python3.14/site-packages/setuptools/tests/test_dist_info.py'
'/pkgs/setuptools/usr/lib/python3.14/site-packages/setuptools/tests/test_distutils_adoption.py' -> '/usr/lib/python3.14/site-packages/setuptools/tests/test_distutils_adoption.py'
'/pkgs/setuptools/usr/lib/python3.14/site-packages/setuptools/tests/test_editable_install.py' -> '/usr/lib/python3.14/site-packages/setuptools/tests/test_editable_install.py'
'/pkgs/setuptools/usr/lib/python3.14/site-packages/setuptools/tests/test_egg_info.py' -> '/usr/lib/python3.14/site-packages/setuptools/tests/test_egg_info.py'
'/pkgs/setuptools/usr/lib/python3.14/site-packages/setuptools/tests/test_extern.py' -> '/usr/lib/python3.14/site-packages/setuptools/tests/test_extern.py'
'/pkgs/setuptools/usr/lib/python3.14/site-packages/setuptools/tests/test_find_packages.py' -> '/usr/lib/python3.14/site-packages/setuptools/tests/test_find_packages.py'
'/pkgs/setuptools/usr/lib/python3.14/site-packages/setuptools/tests/test_find_py_modules.py' -> '/usr/lib/python3.14/site-packages/setuptools/tests/test_find_py_modules.py'
'/pkgs/setuptools/usr/lib/python3.14/site-packages/setuptools/tests/test_glob.py' -> '/usr/lib/python3.14/site-packages/setuptools/tests/test_glob.py'
'/pkgs/setuptools/usr/lib/python3.14/site-packages/setuptools/tests/test_install_scripts.py' -> '/usr/lib/python3.14/site-packages/setuptools/tests/test_install_scripts.py'
'/pkgs/setuptools/usr/lib/python3.14/site-packages/setuptools/tests/test_logging.py' -> '/usr/lib/python3.14/site-packages/setuptools/tests/test_logging.py'
'/pkgs/setuptools/usr/lib/python3.14/site-packages/setuptools/tests/test_manifest.py' -> '/usr/lib/python3.14/site-packages/setuptools/tests/test_manifest.py'
'/pkgs/setuptools/usr/lib/python3.14/site-packages/setuptools/tests/test_namespaces.py' -> '/usr/lib/python3.14/site-packages/setuptools/tests/test_namespaces.py'
'/pkgs/setuptools/usr/lib/python3.14/site-packages/setuptools/tests/test_scripts.py' -> '/usr/lib/python3.14/site-packages/setuptools/tests/test_scripts.py'
'/pkgs/setuptools/usr/lib/python3.14/site-packages/setuptools/tests/test_sdist.py' -> '/usr/lib/python3.14/site-packages/setuptools/tests/test_sdist.py'
'/pkgs/setuptools/usr/lib/python3.14/site-packages/setuptools/tests/test_setopt.py' -> '/usr/lib/python3.14/site-packages/setuptools/tests/test_setopt.py'
'/pkgs/setuptools/usr/lib/python3.14/site-packages/setuptools/tests/test_setuptools.py' -> '/usr/lib/python3.14/site-packages/setuptools/tests/test_setuptools.py'
'/pkgs/setuptools/usr/lib/python3.14/site-packages/setuptools/tests/test_shutil_wrapper.py' -> '/usr/lib/python3.14/site-packages/setuptools/tests/test_shutil_wrapper.py'
'/pkgs/setuptools/usr/lib/python3.14/site-packages/setuptools/tests/test_unicode_utils.py' -> '/usr/lib/python3.14/site-packages/setuptools/tests/test_unicode_utils.py'
'/pkgs/setuptools/usr/lib/python3.14/site-packages/setuptools/tests/test_virtualenv.py' -> '/usr/lib/python3.14/site-packages/setuptools/tests/test_virtualenv.py'
'/pkgs/setuptools/usr/lib/python3.14/site-packages/setuptools/tests/test_warnings.py' -> '/usr/lib/python3.14/site-packages/setuptools/tests/test_warnings.py'
'/pkgs/setuptools/usr/lib/python3.14/site-packages/setuptools/tests/test_wheel.py' -> '/usr/lib/python3.14/site-packages/setuptools/tests/test_wheel.py'
'/pkgs/setuptools/usr/lib/python3.14/site-packages/setuptools/tests/test_windows_wrappers.py' -> '/usr/lib/python3.14/site-packages/setuptools/tests/test_windows_wrappers.py'
'/pkgs/setuptools/usr/lib/python3.14/site-packages/setuptools/tests/text.py' -> '/usr/lib/python3.14/site-packages/setuptools/tests/text.py'
'/pkgs/setuptools/usr/lib/python3.14/site-packages/setuptools/tests/textwrap.py' -> '/usr/lib/python3.14/site-packages/setuptools/tests/textwrap.py'
'/pkgs/setuptools/usr/lib/python3.14/site-packages/setuptools/tests/compat/__init__.py' -> '/usr/lib/python3.14/site-packages/setuptools/tests/compat/__init__.py'
'/pkgs/setuptools/usr/lib/python3.14/site-packages/setuptools/tests/compat/py39.py' -> '/usr/lib/python3.14/site-packages/setuptools/tests/compat/py39.py'
'/pkgs/setuptools/usr/lib/python3.14/site-packages/setuptools/tests/compat/__pycache__/__init__.cpython-314.pyc' -> '/usr/lib/python3.14/site-packages/setuptools/tests/compat/__pycache__/__init__.cpython-314.pyc'
'/pkgs/setuptools/usr/lib/python3.14/site-packages/setuptools/tests/compat/__pycache__/__init__.cpython-314.opt-1.pyc' -> '/usr/lib/python3.14/site-packages/setuptools/tests/compat/__pycache__/__init__.cpython-314.opt-1.pyc'
'/pkgs/setuptools/usr/lib/python3.14/site-packages/setuptools/tests/compat/__pycache__/py39.cpython-314.pyc' -> '/usr/lib/python3.14/site-packages/setuptools/tests/compat/__pycache__/py39.cpython-314.pyc'
'/pkgs/setuptools/usr/lib/python3.14/site-packages/setuptools/tests/compat/__pycache__/py39.cpython-314.opt-1.pyc' -> '/usr/lib/python3.14/site-packages/setuptools/tests/compat/__pycache__/py39.cpython-314.opt-1.pyc'
'/pkgs/setuptools/usr/lib/python3.14/site-packages/setuptools/tests/config/__init__.py' -> '/usr/lib/python3.14/site-packages/setuptools/tests/config/__init__.py'
'/pkgs/setuptools/usr/lib/python3.14/site-packages/setuptools/tests/config/setupcfg_examples.txt' -> '/usr/lib/python3.14/site-packages/setuptools/tests/config/setupcfg_examples.txt'
'/pkgs/setuptools/usr/lib/python3.14/site-packages/setuptools/tests/config/test_apply_pyprojecttoml.py' -> '/usr/lib/python3.14/site-packages/setuptools/tests/config/test_apply_pyprojecttoml.py'
'/pkgs/setuptools/usr/lib/python3.14/site-packages/setuptools/tests/config/test_expand.py' -> '/usr/lib/python3.14/site-packages/setuptools/tests/config/test_expand.py'
'/pkgs/setuptools/usr/lib/python3.14/site-packages/setuptools/tests/config/test_pyprojecttoml.py' -> '/usr/lib/python3.14/site-packages/setuptools/tests/config/test_pyprojecttoml.py'
'/pkgs/setuptools/usr/lib/python3.14/site-packages/setuptools/tests/config/test_pyprojecttoml_dynamic_deps.py' -> '/usr/lib/python3.14/site-packages/setuptools/tests/config/test_pyprojecttoml_dynamic_deps.py'
'/pkgs/setuptools/usr/lib/python3.14/site-packages/setuptools/tests/config/test_setupcfg.py' -> '/usr/lib/python3.14/site-packages/setuptools/tests/config/test_setupcfg.py'
'/pkgs/setuptools/usr/lib/python3.14/site-packages/setuptools/tests/config/downloads/__init__.py' -> '/usr/lib/python3.14/site-packages/setuptools/tests/config/downloads/__init__.py'
'/pkgs/setuptools/usr/lib/python3.14/site-packages/setuptools/tests/config/downloads/preload.py' -> '/usr/lib/python3.14/site-packages/setuptools/tests/config/downloads/preload.py'
'/pkgs/setuptools/usr/lib/python3.14/site-packages/setuptools/tests/config/downloads/__pycache__/__init__.cpython-314.pyc' -> '/usr/lib/python3.14/site-packages/setuptools/tests/config/downloads/__pycache__/__init__.cpython-314.pyc'
'/pkgs/setuptools/usr/lib/python3.14/site-packages/setuptools/tests/config/downloads/__pycache__/__init__.cpython-314.opt-1.pyc' -> '/usr/lib/python3.14/site-packages/setuptools/tests/config/downloads/__pycache__/__init__.cpython-314.opt-1.pyc'
'/pkgs/setuptools/usr/lib/python3.14/site-packages/setuptools/tests/config/downloads/__pycache__/preload.cpython-314.pyc' -> '/usr/lib/python3.14/site-packages/setuptools/tests/config/downloads/__pycache__/preload.cpython-314.pyc'
'/pkgs/setuptools/usr/lib/python3.14/site-packages/setuptools/tests/config/downloads/__pycache__/preload.cpython-314.opt-1.pyc' -> '/usr/lib/python3.14/site-packages/setuptools/tests/config/downloads/__pycache__/preload.cpython-314.opt-1.pyc'
'/pkgs/setuptools/usr/lib/python3.14/site-packages/setuptools/tests/config/__pycache__/__init__.cpython-314.pyc' -> '/usr/lib/python3.14/site-packages/setuptools/tests/config/__pycache__/__init__.cpython-314.pyc'
'/pkgs/setuptools/usr/lib/python3.14/site-packages/setuptools/tests/config/__pycache__/__init__.cpython-314.opt-1.pyc' -> '/usr/lib/python3.14/site-packages/setuptools/tests/config/__pycache__/__init__.cpython-314.opt-1.pyc'
'/pkgs/setuptools/usr/lib/python3.14/site-packages/setuptools/tests/config/__pycache__/test_apply_pyprojecttoml.cpython-314.pyc' -> '/usr/lib/python3.14/site-packages/setuptools/tests/config/__pycache__/test_apply_pyprojecttoml.cpython-314.pyc'
'/pkgs/setuptools/usr/lib/python3.14/site-packages/setuptools/tests/config/__pycache__/test_apply_pyprojecttoml.cpython-314.opt-1.pyc' -> '/usr/lib/python3.14/site-packages/setuptools/tests/config/__pycache__/test_apply_pyprojecttoml.cpython-314.opt-1.pyc'
'/pkgs/setuptools/usr/lib/python3.14/site-packages/setuptools/tests/config/__pycache__/test_expand.cpython-314.pyc' -> '/usr/lib/python3.14/site-packages/setuptools/tests/config/__pycache__/test_expand.cpython-314.pyc'
'/pkgs/setuptools/usr/lib/python3.14/site-packages/setuptools/tests/config/__pycache__/test_expand.cpython-314.opt-1.pyc' -> '/usr/lib/python3.14/site-packages/setuptools/tests/config/__pycache__/test_expand.cpython-314.opt-1.pyc'
'/pkgs/setuptools/usr/lib/python3.14/site-packages/setuptools/tests/config/__pycache__/test_pyprojecttoml.cpython-314.pyc' -> '/usr/lib/python3.14/site-packages/setuptools/tests/config/__pycache__/test_pyprojecttoml.cpython-314.pyc'
'/pkgs/setuptools/usr/lib/python3.14/site-packages/setuptools/tests/config/__pycache__/test_pyprojecttoml.cpython-314.opt-1.pyc' -> '/usr/lib/python3.14/site-packages/setuptools/tests/config/__pycache__/test_pyprojecttoml.cpython-314.opt-1.pyc'
'/pkgs/setuptools/usr/lib/python3.14/site-packages/setuptools/tests/config/__pycache__/test_pyprojecttoml_dynamic_deps.cpython-314.pyc' -> '/usr/lib/python3.14/site-packages/setuptools/tests/config/__pycache__/test_pyprojecttoml_dynamic_deps.cpython-314.pyc'
'/pkgs/setuptools/usr/lib/python3.14/site-packages/setuptools/tests/config/__pycache__/test_pyprojecttoml_dynamic_deps.cpython-314.opt-1.pyc' -> '/usr/lib/python3.14/site-packages/setuptools/tests/config/__pycache__/test_pyprojecttoml_dynamic_deps.cpython-314.opt-1.pyc'
'/pkgs/setuptools/usr/lib/python3.14/site-packages/setuptools/tests/config/__pycache__/test_setupcfg.cpython-314.pyc' -> '/usr/lib/python3.14/site-packages/setuptools/tests/config/__pycache__/test_setupcfg.cpython-314.pyc'
'/pkgs/setuptools/usr/lib/python3.14/site-packages/setuptools/tests/config/__pycache__/test_setupcfg.cpython-314.opt-1.pyc' -> '/usr/lib/python3.14/site-packages/setuptools/tests/config/__pycache__/test_setupcfg.cpython-314.opt-1.pyc'
'/pkgs/setuptools/usr/lib/python3.14/site-packages/setuptools/tests/indexes/test_links_priority/external.html' -> '/usr/lib/python3.14/site-packages/setuptools/tests/indexes/test_links_priority/external.html'
'/pkgs/setuptools/usr/lib/python3.14/site-packages/setuptools/tests/indexes/test_links_priority/simple/foobar/index.html' -> '/usr/lib/python3.14/site-packages/setuptools/tests/indexes/test_links_priority/simple/foobar/index.html'
'/pkgs/setuptools/usr/lib/python3.14/site-packages/setuptools/tests/integration/__init__.py' -> '/usr/lib/python3.14/site-packages/setuptools/tests/integration/__init__.py'
'/pkgs/setuptools/usr/lib/python3.14/site-packages/setuptools/tests/integration/helpers.py' -> '/usr/lib/python3.14/site-packages/setuptools/tests/integration/helpers.py'
'/pkgs/setuptools/usr/lib/python3.14/site-packages/setuptools/tests/integration/test_pbr.py' -> '/usr/lib/python3.14/site-packages/setuptools/tests/integration/test_pbr.py'
'/pkgs/setuptools/usr/lib/python3.14/site-packages/setuptools/tests/integration/test_pip_install_sdist.py' -> '/usr/lib/python3.14/site-packages/setuptools/tests/integration/test_pip_install_sdist.py'
'/pkgs/setuptools/usr/lib/python3.14/site-packages/setuptools/tests/integration/__pycache__/__init__.cpython-314.pyc' -> '/usr/lib/python3.14/site-packages/setuptools/tests/integration/__pycache__/__init__.cpython-314.pyc'
'/pkgs/setuptools/usr/lib/python3.14/site-packages/setuptools/tests/integration/__pycache__/__init__.cpython-314.opt-1.pyc' -> '/usr/lib/python3.14/site-packages/setuptools/tests/integration/__pycache__/__init__.cpython-314.opt-1.pyc'
'/pkgs/setuptools/usr/lib/python3.14/site-packages/setuptools/tests/integration/__pycache__/helpers.cpython-314.pyc' -> '/usr/lib/python3.14/site-packages/setuptools/tests/integration/__pycache__/helpers.cpython-314.pyc'
'/pkgs/setuptools/usr/lib/python3.14/site-packages/setuptools/tests/integration/__pycache__/helpers.cpython-314.opt-1.pyc' -> '/usr/lib/python3.14/site-packages/setuptools/tests/integration/__pycache__/helpers.cpython-314.opt-1.pyc'
'/pkgs/setuptools/usr/lib/python3.14/site-packages/setuptools/tests/integration/__pycache__/test_pbr.cpython-314.pyc' -> '/usr/lib/python3.14/site-packages/setuptools/tests/integration/__pycache__/test_pbr.cpython-314.pyc'
'/pkgs/setuptools/usr/lib/python3.14/site-packages/setuptools/tests/integration/__pycache__/test_pbr.cpython-314.opt-1.pyc' -> '/usr/lib/python3.14/site-packages/setuptools/tests/integration/__pycache__/test_pbr.cpython-314.opt-1.pyc'
'/pkgs/setuptools/usr/lib/python3.14/site-packages/setuptools/tests/integration/__pycache__/test_pip_install_sdist.cpython-314.pyc' -> '/usr/lib/python3.14/site-packages/setuptools/tests/integration/__pycache__/test_pip_install_sdist.cpython-314.pyc'
'/pkgs/setuptools/usr/lib/python3.14/site-packages/setuptools/tests/integration/__pycache__/test_pip_install_sdist.cpython-314.opt-1.pyc' -> '/usr/lib/python3.14/site-packages/setuptools/tests/integration/__pycache__/test_pip_install_sdist.cpython-314.opt-1.pyc'
'/pkgs/setuptools/usr/lib/python3.14/site-packages/setuptools/tests/__pycache__/__init__.cpython-314.pyc' -> '/usr/lib/python3.14/site-packages/setuptools/tests/__pycache__/__init__.cpython-314.pyc'
'/pkgs/setuptools/usr/lib/python3.14/site-packages/setuptools/tests/__pycache__/__init__.cpython-314.opt-1.pyc' -> '/usr/lib/python3.14/site-packages/setuptools/tests/__pycache__/__init__.cpython-314.opt-1.pyc'
'/pkgs/setuptools/usr/lib/python3.14/site-packages/setuptools/tests/__pycache__/contexts.cpython-314.pyc' -> '/usr/lib/python3.14/site-packages/setuptools/tests/__pycache__/contexts.cpython-314.pyc'
'/pkgs/setuptools/usr/lib/python3.14/site-packages/setuptools/tests/__pycache__/contexts.cpython-314.opt-1.pyc' -> '/usr/lib/python3.14/site-packages/setuptools/tests/__pycache__/contexts.cpython-314.opt-1.pyc'
'/pkgs/setuptools/usr/lib/python3.14/site-packages/setuptools/tests/__pycache__/environment.cpython-314.pyc' -> '/usr/lib/python3.14/site-packages/setuptools/tests/__pycache__/environment.cpython-314.pyc'
'/pkgs/setuptools/usr/lib/python3.14/site-packages/setuptools/tests/__pycache__/environment.cpython-314.opt-1.pyc' -> '/usr/lib/python3.14/site-packages/setuptools/tests/__pycache__/environment.cpython-314.opt-1.pyc'
'/pkgs/setuptools/usr/lib/python3.14/site-packages/setuptools/tests/__pycache__/fixtures.cpython-314.pyc' -> '/usr/lib/python3.14/site-packages/setuptools/tests/__pycache__/fixtures.cpython-314.pyc'
'/pkgs/setuptools/usr/lib/python3.14/site-packages/setuptools/tests/__pycache__/fixtures.cpython-314.opt-1.pyc' -> '/usr/lib/python3.14/site-packages/setuptools/tests/__pycache__/fixtures.cpython-314.opt-1.pyc'
'/pkgs/setuptools/usr/lib/python3.14/site-packages/setuptools/tests/__pycache__/mod_with_constant.cpython-314.pyc' -> '/usr/lib/python3.14/site-packages/setuptools/tests/__pycache__/mod_with_constant.cpython-314.pyc'
'/pkgs/setuptools/usr/lib/python3.14/site-packages/setuptools/tests/__pycache__/mod_with_constant.cpython-314.opt-1.pyc' -> '/usr/lib/python3.14/site-packages/setuptools/tests/__pycache__/mod_with_constant.cpython-314.opt-1.pyc'
'/pkgs/setuptools/usr/lib/python3.14/site-packages/setuptools/tests/__pycache__/namespaces.cpython-314.pyc' -> '/usr/lib/python3.14/site-packages/setuptools/tests/__pycache__/namespaces.cpython-314.pyc'
'/pkgs/setuptools/usr/lib/python3.14/site-packages/setuptools/tests/__pycache__/namespaces.cpython-314.opt-1.pyc' -> '/usr/lib/python3.14/site-packages/setuptools/tests/__pycache__/namespaces.cpython-314.opt-1.pyc'
'/pkgs/setuptools/usr/lib/python3.14/site-packages/setuptools/tests/__pycache__/script-with-bom.cpython-314.pyc' -> '/usr/lib/python3.14/site-packages/setuptools/tests/__pycache__/script-with-bom.cpython-314.pyc'
'/pkgs/setuptools/usr/lib/python3.14/site-packages/setuptools/tests/__pycache__/script-with-bom.cpython-314.opt-1.pyc' -> '/usr/lib/python3.14/site-packages/setuptools/tests/__pycache__/script-with-bom.cpython-314.opt-1.pyc'
'/pkgs/setuptools/usr/lib/python3.14/site-packages/setuptools/tests/__pycache__/test_archive_util.cpython-314.pyc' -> '/usr/lib/python3.14/site-packages/setuptools/tests/__pycache__/test_archive_util.cpython-314.pyc'
'/pkgs/setuptools/usr/lib/python3.14/site-packages/setuptools/tests/__pycache__/test_archive_util.cpython-314.opt-1.pyc' -> '/usr/lib/python3.14/site-packages/setuptools/tests/__pycache__/test_archive_util.cpython-314.opt-1.pyc'
'/pkgs/setuptools/usr/lib/python3.14/site-packages/setuptools/tests/__pycache__/test_bdist_deprecations.cpython-314.pyc' -> '/usr/lib/python3.14/site-packages/setuptools/tests/__pycache__/test_bdist_deprecations.cpython-314.pyc'
'/pkgs/setuptools/usr/lib/python3.14/site-packages/setuptools/tests/__pycache__/test_bdist_deprecations.cpython-314.opt-1.pyc' -> '/usr/lib/python3.14/site-packages/setuptools/tests/__pycache__/test_bdist_deprecations.cpython-314.opt-1.pyc'
'/pkgs/setuptools/usr/lib/python3.14/site-packages/setuptools/tests/__pycache__/test_bdist_egg.cpython-314.pyc' -> '/usr/lib/python3.14/site-packages/setuptools/tests/__pycache__/test_bdist_egg.cpython-314.pyc'
'/pkgs/setuptools/usr/lib/python3.14/site-packages/setuptools/tests/__pycache__/test_bdist_egg.cpython-314.opt-1.pyc' -> '/usr/lib/python3.14/site-packages/setuptools/tests/__pycache__/test_bdist_egg.cpython-314.opt-1.pyc'
'/pkgs/setuptools/usr/lib/python3.14/site-packages/setuptools/tests/__pycache__/test_bdist_wheel.cpython-314.pyc' -> '/usr/lib/python3.14/site-packages/setuptools/tests/__pycache__/test_bdist_wheel.cpython-314.pyc'
'/pkgs/setuptools/usr/lib/python3.14/site-packages/setuptools/tests/__pycache__/test_bdist_wheel.cpython-314.opt-1.pyc' -> '/usr/lib/python3.14/site-packages/setuptools/tests/__pycache__/test_bdist_wheel.cpython-314.opt-1.pyc'
'/pkgs/setuptools/usr/lib/python3.14/site-packages/setuptools/tests/__pycache__/test_build.cpython-314.pyc' -> '/usr/lib/python3.14/site-packages/setuptools/tests/__pycache__/test_build.cpython-314.pyc'
'/pkgs/setuptools/usr/lib/python3.14/site-packages/setuptools/tests/__pycache__/test_build.cpython-314.opt-1.pyc' -> '/usr/lib/python3.14/site-packages/setuptools/tests/__pycache__/test_build.cpython-314.opt-1.pyc'
'/pkgs/setuptools/usr/lib/python3.14/site-packages/setuptools/tests/__pycache__/test_build_clib.cpython-314.pyc' -> '/usr/lib/python3.14/site-packages/setuptools/tests/__pycache__/test_build_clib.cpython-314.pyc'
'/pkgs/setuptools/usr/lib/python3.14/site-packages/setuptools/tests/__pycache__/test_build_clib.cpython-314.opt-1.pyc' -> '/usr/lib/python3.14/site-packages/setuptools/tests/__pycache__/test_build_clib.cpython-314.opt-1.pyc'
'/pkgs/setuptools/usr/lib/python3.14/site-packages/setuptools/tests/__pycache__/test_build_ext.cpython-314.pyc' -> '/usr/lib/python3.14/site-packages/setuptools/tests/__pycache__/test_build_ext.cpython-314.pyc'
'/pkgs/setuptools/usr/lib/python3.14/site-packages/setuptools/tests/__pycache__/test_build_ext.cpython-314.opt-1.pyc' -> '/usr/lib/python3.14/site-packages/setuptools/tests/__pycache__/test_build_ext.cpython-314.opt-1.pyc'
'/pkgs/setuptools/usr/lib/python3.14/site-packages/setuptools/tests/__pycache__/test_build_meta.cpython-314.pyc' -> '/usr/lib/python3.14/site-packages/setuptools/tests/__pycache__/test_build_meta.cpython-314.pyc'
'/pkgs/setuptools/usr/lib/python3.14/site-packages/setuptools/tests/__pycache__/test_build_meta.cpython-314.opt-1.pyc' -> '/usr/lib/python3.14/site-packages/setuptools/tests/__pycache__/test_build_meta.cpython-314.opt-1.pyc'
'/pkgs/setuptools/usr/lib/python3.14/site-packages/setuptools/tests/__pycache__/test_build_py.cpython-314.pyc' -> '/usr/lib/python3.14/site-packages/setuptools/tests/__pycache__/test_build_py.cpython-314.pyc'
'/pkgs/setuptools/usr/lib/python3.14/site-packages/setuptools/tests/__pycache__/test_build_py.cpython-314.opt-1.pyc' -> '/usr/lib/python3.14/site-packages/setuptools/tests/__pycache__/test_build_py.cpython-314.opt-1.pyc'
'/pkgs/setuptools/usr/lib/python3.14/site-packages/setuptools/tests/__pycache__/test_config_discovery.cpython-314.pyc' -> '/usr/lib/python3.14/site-packages/setuptools/tests/__pycache__/test_config_discovery.cpython-314.pyc'
'/pkgs/setuptools/usr/lib/python3.14/site-packages/setuptools/tests/__pycache__/test_config_discovery.cpython-314.opt-1.pyc' -> '/usr/lib/python3.14/site-packages/setuptools/tests/__pycache__/test_config_discovery.cpython-314.opt-1.pyc'
'/pkgs/setuptools/usr/lib/python3.14/site-packages/setuptools/tests/__pycache__/test_core_metadata.cpython-314.pyc' -> '/usr/lib/python3.14/site-packages/setuptools/tests/__pycache__/test_core_metadata.cpython-314.pyc'
'/pkgs/setuptools/usr/lib/python3.14/site-packages/setuptools/tests/__pycache__/test_core_metadata.cpython-314.opt-1.pyc' -> '/usr/lib/python3.14/site-packages/setuptools/tests/__pycache__/test_core_metadata.cpython-314.opt-1.pyc'
'/pkgs/setuptools/usr/lib/python3.14/site-packages/setuptools/tests/__pycache__/test_depends.cpython-314.pyc' -> '/usr/lib/python3.14/site-packages/setuptools/tests/__pycache__/test_depends.cpython-314.pyc'
'/pkgs/setuptools/usr/lib/python3.14/site-packages/setuptools/tests/__pycache__/test_depends.cpython-314.opt-1.pyc' -> '/usr/lib/python3.14/site-packages/setuptools/tests/__pycache__/test_depends.cpython-314.opt-1.pyc'
'/pkgs/setuptools/usr/lib/python3.14/site-packages/setuptools/tests/__pycache__/test_develop.cpython-314.pyc' -> '/usr/lib/python3.14/site-packages/setuptools/tests/__pycache__/test_develop.cpython-314.pyc'
'/pkgs/setuptools/usr/lib/python3.14/site-packages/setuptools/tests/__pycache__/test_develop.cpython-314.opt-1.pyc' -> '/usr/lib/python3.14/site-packages/setuptools/tests/__pycache__/test_develop.cpython-314.opt-1.pyc'
'/pkgs/setuptools/usr/lib/python3.14/site-packages/setuptools/tests/__pycache__/test_dist.cpython-314.pyc' -> '/usr/lib/python3.14/site-packages/setuptools/tests/__pycache__/test_dist.cpython-314.pyc'
'/pkgs/setuptools/usr/lib/python3.14/site-packages/setuptools/tests/__pycache__/test_dist.cpython-314.opt-1.pyc' -> '/usr/lib/python3.14/site-packages/setuptools/tests/__pycache__/test_dist.cpython-314.opt-1.pyc'
'/pkgs/setuptools/usr/lib/python3.14/site-packages/setuptools/tests/__pycache__/test_dist_info.cpython-314.pyc' -> '/usr/lib/python3.14/site-packages/setuptools/tests/__pycache__/test_dist_info.cpython-314.pyc'
'/pkgs/setuptools/usr/lib/python3.14/site-packages/setuptools/tests/__pycache__/test_dist_info.cpython-314.opt-1.pyc' -> '/usr/lib/python3.14/site-packages/setuptools/tests/__pycache__/test_dist_info.cpython-314.opt-1.pyc'
'/pkgs/setuptools/usr/lib/python3.14/site-packages/setuptools/tests/__pycache__/test_distutils_adoption.cpython-314.pyc' -> '/usr/lib/python3.14/site-packages/setuptools/tests/__pycache__/test_distutils_adoption.cpython-314.pyc'
'/pkgs/setuptools/usr/lib/python3.14/site-packages/setuptools/tests/__pycache__/test_distutils_adoption.cpython-314.opt-1.pyc' -> '/usr/lib/python3.14/site-packages/setuptools/tests/__pycache__/test_distutils_adoption.cpython-314.opt-1.pyc'
'/pkgs/setuptools/usr/lib/python3.14/site-packages/setuptools/tests/__pycache__/test_editable_install.cpython-314.pyc' -> '/usr/lib/python3.14/site-packages/setuptools/tests/__pycache__/test_editable_install.cpython-314.pyc'
'/pkgs/setuptools/usr/lib/python3.14/site-packages/setuptools/tests/__pycache__/test_editable_install.cpython-314.opt-1.pyc' -> '/usr/lib/python3.14/site-packages/setuptools/tests/__pycache__/test_editable_install.cpython-314.opt-1.pyc'
'/pkgs/setuptools/usr/lib/python3.14/site-packages/setuptools/tests/__pycache__/test_egg_info.cpython-314.pyc' -> '/usr/lib/python3.14/site-packages/setuptools/tests/__pycache__/test_egg_info.cpython-314.pyc'
'/pkgs/setuptools/usr/lib/python3.14/site-packages/setuptools/tests/__pycache__/test_egg_info.cpython-314.opt-1.pyc' -> '/usr/lib/python3.14/site-packages/setuptools/tests/__pycache__/test_egg_info.cpython-314.opt-1.pyc'
'/pkgs/setuptools/usr/lib/python3.14/site-packages/setuptools/tests/__pycache__/test_extern.cpython-314.pyc' -> '/usr/lib/python3.14/site-packages/setuptools/tests/__pycache__/test_extern.cpython-314.pyc'
'/pkgs/setuptools/usr/lib/python3.14/site-packages/setuptools/tests/__pycache__/test_extern.cpython-314.opt-1.pyc' -> '/usr/lib/python3.14/site-packages/setuptools/tests/__pycache__/test_extern.cpython-314.opt-1.pyc'
'/pkgs/setuptools/usr/lib/python3.14/site-packages/setuptools/tests/__pycache__/test_find_packages.cpython-314.pyc' -> '/usr/lib/python3.14/site-packages/setuptools/tests/__pycache__/test_find_packages.cpython-314.pyc'
'/pkgs/setuptools/usr/lib/python3.14/site-packages/setuptools/tests/__pycache__/test_find_packages.cpython-314.opt-1.pyc' -> '/usr/lib/python3.14/site-packages/setuptools/tests/__pycache__/test_find_packages.cpython-314.opt-1.pyc'
'/pkgs/setuptools/usr/lib/python3.14/site-packages/setuptools/tests/__pycache__/test_find_py_modules.cpython-314.pyc' -> '/usr/lib/python3.14/site-packages/setuptools/tests/__pycache__/test_find_py_modules.cpython-314.pyc'
'/pkgs/setuptools/usr/lib/python3.14/site-packages/setuptools/tests/__pycache__/test_find_py_modules.cpython-314.opt-1.pyc' -> '/usr/lib/python3.14/site-packages/setuptools/tests/__pycache__/test_find_py_modules.cpython-314.opt-1.pyc'
'/pkgs/setuptools/usr/lib/python3.14/site-packages/setuptools/tests/__pycache__/test_glob.cpython-314.pyc' -> '/usr/lib/python3.14/site-packages/setuptools/tests/__pycache__/test_glob.cpython-314.pyc'
'/pkgs/setuptools/usr/lib/python3.14/site-packages/setuptools/tests/__pycache__/test_glob.cpython-314.opt-1.pyc' -> '/usr/lib/python3.14/site-packages/setuptools/tests/__pycache__/test_glob.cpython-314.opt-1.pyc'
'/pkgs/setuptools/usr/lib/python3.14/site-packages/setuptools/tests/__pycache__/test_install_scripts.cpython-314.pyc' -> '/usr/lib/python3.14/site-packages/setuptools/tests/__pycache__/test_install_scripts.cpython-314.pyc'
'/pkgs/setuptools/usr/lib/python3.14/site-packages/setuptools/tests/__pycache__/test_install_scripts.cpython-314.opt-1.pyc' -> '/usr/lib/python3.14/site-packages/setuptools/tests/__pycache__/test_install_scripts.cpython-314.opt-1.pyc'
'/pkgs/setuptools/usr/lib/python3.14/site-packages/setuptools/tests/__pycache__/test_logging.cpython-314.pyc' -> '/usr/lib/python3.14/site-packages/setuptools/tests/__pycache__/test_logging.cpython-314.pyc'
'/pkgs/setuptools/usr/lib/python3.14/site-packages/setuptools/tests/__pycache__/test_logging.cpython-314.opt-1.pyc' -> '/usr/lib/python3.14/site-packages/setuptools/tests/__pycache__/test_logging.cpython-314.opt-1.pyc'
'/pkgs/setuptools/usr/lib/python3.14/site-packages/setuptools/tests/__pycache__/test_manifest.cpython-314.pyc' -> '/usr/lib/python3.14/site-packages/setuptools/tests/__pycache__/test_manifest.cpython-314.pyc'
'/pkgs/setuptools/usr/lib/python3.14/site-packages/setuptools/tests/__pycache__/test_manifest.cpython-314.opt-1.pyc' -> '/usr/lib/python3.14/site-packages/setuptools/tests/__pycache__/test_manifest.cpython-314.opt-1.pyc'
'/pkgs/setuptools/usr/lib/python3.14/site-packages/setuptools/tests/__pycache__/test_namespaces.cpython-314.pyc' -> '/usr/lib/python3.14/site-packages/setuptools/tests/__pycache__/test_namespaces.cpython-314.pyc'
'/pkgs/setuptools/usr/lib/python3.14/site-packages/setuptools/tests/__pycache__/test_namespaces.cpython-314.opt-1.pyc' -> '/usr/lib/python3.14/site-packages/setuptools/tests/__pycache__/test_namespaces.cpython-314.opt-1.pyc'
'/pkgs/setuptools/usr/lib/python3.14/site-packages/setuptools/tests/__pycache__/test_scripts.cpython-314.pyc' -> '/usr/lib/python3.14/site-packages/setuptools/tests/__pycache__/test_scripts.cpython-314.pyc'
'/pkgs/setuptools/usr/lib/python3.14/site-packages/setuptools/tests/__pycache__/test_scripts.cpython-314.opt-1.pyc' -> '/usr/lib/python3.14/site-packages/setuptools/tests/__pycache__/test_scripts.cpython-314.opt-1.pyc'
'/pkgs/setuptools/usr/lib/python3.14/site-packages/setuptools/tests/__pycache__/test_sdist.cpython-314.pyc' -> '/usr/lib/python3.14/site-packages/setuptools/tests/__pycache__/test_sdist.cpython-314.pyc'
'/pkgs/setuptools/usr/lib/python3.14/site-packages/setuptools/tests/__pycache__/test_sdist.cpython-314.opt-1.pyc' -> '/usr/lib/python3.14/site-packages/setuptools/tests/__pycache__/test_sdist.cpython-314.opt-1.pyc'
'/pkgs/setuptools/usr/lib/python3.14/site-packages/setuptools/tests/__pycache__/test_setopt.cpython-314.pyc' -> '/usr/lib/python3.14/site-packages/setuptools/tests/__pycache__/test_setopt.cpython-314.pyc'
'/pkgs/setuptools/usr/lib/python3.14/site-packages/setuptools/tests/__pycache__/test_setopt.cpython-314.opt-1.pyc' -> '/usr/lib/python3.14/site-packages/setuptools/tests/__pycache__/test_setopt.cpython-314.opt-1.pyc'
'/pkgs/setuptools/usr/lib/python3.14/site-packages/setuptools/tests/__pycache__/test_setuptools.cpython-314.pyc' -> '/usr/lib/python3.14/site-packages/setuptools/tests/__pycache__/test_setuptools.cpython-314.pyc'
'/pkgs/setuptools/usr/lib/python3.14/site-packages/setuptools/tests/__pycache__/test_setuptools.cpython-314.opt-1.pyc' -> '/usr/lib/python3.14/site-packages/setuptools/tests/__pycache__/test_setuptools.cpython-314.opt-1.pyc'
'/pkgs/setuptools/usr/lib/python3.14/site-packages/setuptools/tests/__pycache__/test_shutil_wrapper.cpython-314.pyc' -> '/usr/lib/python3.14/site-packages/setuptools/tests/__pycache__/test_shutil_wrapper.cpython-314.pyc'
'/pkgs/setuptools/usr/lib/python3.14/site-packages/setuptools/tests/__pycache__/test_shutil_wrapper.cpython-314.opt-1.pyc' -> '/usr/lib/python3.14/site-packages/setuptools/tests/__pycache__/test_shutil_wrapper.cpython-314.opt-1.pyc'
'/pkgs/setuptools/usr/lib/python3.14/site-packages/setuptools/tests/__pycache__/test_unicode_utils.cpython-314.pyc' -> '/usr/lib/python3.14/site-packages/setuptools/tests/__pycache__/test_unicode_utils.cpython-314.pyc'
'/pkgs/setuptools/usr/lib/python3.14/site-packages/setuptools/tests/__pycache__/test_unicode_utils.cpython-314.opt-1.pyc' -> '/usr/lib/python3.14/site-packages/setuptools/tests/__pycache__/test_unicode_utils.cpython-314.opt-1.pyc'
'/pkgs/setuptools/usr/lib/python3.14/site-packages/setuptools/tests/__pycache__/test_virtualenv.cpython-314.pyc' -> '/usr/lib/python3.14/site-packages/setuptools/tests/__pycache__/test_virtualenv.cpython-314.pyc'
'/pkgs/setuptools/usr/lib/python3.14/site-packages/setuptools/tests/__pycache__/test_virtualenv.cpython-314.opt-1.pyc' -> '/usr/lib/python3.14/site-packages/setuptools/tests/__pycache__/test_virtualenv.cpython-314.opt-1.pyc'
'/pkgs/setuptools/usr/lib/python3.14/site-packages/setuptools/tests/__pycache__/test_warnings.cpython-314.pyc' -> '/usr/lib/python3.14/site-packages/setuptools/tests/__pycache__/test_warnings.cpython-314.pyc'
'/pkgs/setuptools/usr/lib/python3.14/site-packages/setuptools/tests/__pycache__/test_warnings.cpython-314.opt-1.pyc' -> '/usr/lib/python3.14/site-packages/setuptools/tests/__pycache__/test_warnings.cpython-314.opt-1.pyc'
'/pkgs/setuptools/usr/lib/python3.14/site-packages/setuptools/tests/__pycache__/test_wheel.cpython-314.pyc' -> '/usr/lib/python3.14/site-packages/setuptools/tests/__pycache__/test_wheel.cpython-314.pyc'
'/pkgs/setuptools/usr/lib/python3.14/site-packages/setuptools/tests/__pycache__/test_wheel.cpython-314.opt-1.pyc' -> '/usr/lib/python3.14/site-packages/setuptools/tests/__pycache__/test_wheel.cpython-314.opt-1.pyc'
'/pkgs/setuptools/usr/lib/python3.14/site-packages/setuptools/tests/__pycache__/test_windows_wrappers.cpython-314.pyc' -> '/usr/lib/python3.14/site-packages/setuptools/tests/__pycache__/test_windows_wrappers.cpython-314.pyc'
'/pkgs/setuptools/usr/lib/python3.14/site-packages/setuptools/tests/__pycache__/test_windows_wrappers.cpython-314.opt-1.pyc' -> '/usr/lib/python3.14/site-packages/setuptools/tests/__pycache__/test_windows_wrappers.cpython-314.opt-1.pyc'
'/pkgs/setuptools/usr/lib/python3.14/site-packages/setuptools/tests/__pycache__/text.cpython-314.pyc' -> '/usr/lib/python3.14/site-packages/setuptools/tests/__pycache__/text.cpython-314.pyc'
'/pkgs/setuptools/usr/lib/python3.14/site-packages/setuptools/tests/__pycache__/text.cpython-314.opt-1.pyc' -> '/usr/lib/python3.14/site-packages/setuptools/tests/__pycache__/text.cpython-314.opt-1.pyc'
'/pkgs/setuptools/usr/lib/python3.14/site-packages/setuptools/tests/__pycache__/textwrap.cpython-314.pyc' -> '/usr/lib/python3.14/site-packages/setuptools/tests/__pycache__/textwrap.cpython-314.pyc'
'/pkgs/setuptools/usr/lib/python3.14/site-packages/setuptools/tests/__pycache__/textwrap.cpython-314.opt-1.pyc' -> '/usr/lib/python3.14/site-packages/setuptools/tests/__pycache__/textwrap.cpython-314.opt-1.pyc'
'/pkgs/setuptools/usr/lib/python3.14/site-packages/setuptools/__pycache__/__init__.cpython-314.pyc' -> '/usr/lib/python3.14/site-packages/setuptools/__pycache__/__init__.cpython-314.pyc'
'/pkgs/setuptools/usr/lib/python3.14/site-packages/setuptools/__pycache__/__init__.cpython-314.opt-1.pyc' -> '/usr/lib/python3.14/site-packages/setuptools/__pycache__/__init__.cpython-314.opt-1.pyc'
'/pkgs/setuptools/usr/lib/python3.14/site-packages/setuptools/__pycache__/_core_metadata.cpython-314.pyc' -> '/usr/lib/python3.14/site-packages/setuptools/__pycache__/_core_metadata.cpython-314.pyc'
'/pkgs/setuptools/usr/lib/python3.14/site-packages/setuptools/__pycache__/_core_metadata.cpython-314.opt-1.pyc' -> '/usr/lib/python3.14/site-packages/setuptools/__pycache__/_core_metadata.cpython-314.opt-1.pyc'
'/pkgs/setuptools/usr/lib/python3.14/site-packages/setuptools/__pycache__/_discovery.cpython-314.pyc' -> '/usr/lib/python3.14/site-packages/setuptools/__pycache__/_discovery.cpython-314.pyc'
'/pkgs/setuptools/usr/lib/python3.14/site-packages/setuptools/__pycache__/_discovery.cpython-314.opt-1.pyc' -> '/usr/lib/python3.14/site-packages/setuptools/__pycache__/_discovery.cpython-314.opt-1.pyc'
'/pkgs/setuptools/usr/lib/python3.14/site-packages/setuptools/__pycache__/_entry_points.cpython-314.pyc' -> '/usr/lib/python3.14/site-packages/setuptools/__pycache__/_entry_points.cpython-314.pyc'
'/pkgs/setuptools/usr/lib/python3.14/site-packages/setuptools/__pycache__/_entry_points.cpython-314.opt-1.pyc' -> '/usr/lib/python3.14/site-packages/setuptools/__pycache__/_entry_points.cpython-314.opt-1.pyc'
'/pkgs/setuptools/usr/lib/python3.14/site-packages/setuptools/__pycache__/_imp.cpython-314.pyc' -> '/usr/lib/python3.14/site-packages/setuptools/__pycache__/_imp.cpython-314.pyc'
'/pkgs/setuptools/usr/lib/python3.14/site-packages/setuptools/__pycache__/_imp.cpython-314.opt-1.pyc' -> '/usr/lib/python3.14/site-packages/setuptools/__pycache__/_imp.cpython-314.opt-1.pyc'
'/pkgs/setuptools/usr/lib/python3.14/site-packages/setuptools/__pycache__/_importlib.cpython-314.pyc' -> '/usr/lib/python3.14/site-packages/setuptools/__pycache__/_importlib.cpython-314.pyc'
'/pkgs/setuptools/usr/lib/python3.14/site-packages/setuptools/__pycache__/_importlib.cpython-314.opt-1.pyc' -> '/usr/lib/python3.14/site-packages/setuptools/__pycache__/_importlib.cpython-314.opt-1.pyc'
'/pkgs/setuptools/usr/lib/python3.14/site-packages/setuptools/__pycache__/_itertools.cpython-314.pyc' -> '/usr/lib/python3.14/site-packages/setuptools/__pycache__/_itertools.cpython-314.pyc'
'/pkgs/setuptools/usr/lib/python3.14/site-packages/setuptools/__pycache__/_itertools.cpython-314.opt-1.pyc' -> '/usr/lib/python3.14/site-packages/setuptools/__pycache__/_itertools.cpython-314.opt-1.pyc'
'/pkgs/setuptools/usr/lib/python3.14/site-packages/setuptools/__pycache__/_normalization.cpython-314.pyc' -> '/usr/lib/python3.14/site-packages/setuptools/__pycache__/_normalization.cpython-314.pyc'
'/pkgs/setuptools/usr/lib/python3.14/site-packages/setuptools/__pycache__/_normalization.cpython-314.opt-1.pyc' -> '/usr/lib/python3.14/site-packages/setuptools/__pycache__/_normalization.cpython-314.opt-1.pyc'
'/pkgs/setuptools/usr/lib/python3.14/site-packages/setuptools/__pycache__/_path.cpython-314.pyc' -> '/usr/lib/python3.14/site-packages/setuptools/__pycache__/_path.cpython-314.pyc'
'/pkgs/setuptools/usr/lib/python3.14/site-packages/setuptools/__pycache__/_path.cpython-314.opt-1.pyc' -> '/usr/lib/python3.14/site-packages/setuptools/__pycache__/_path.cpython-314.opt-1.pyc'
'/pkgs/setuptools/usr/lib/python3.14/site-packages/setuptools/__pycache__/_reqs.cpython-314.pyc' -> '/usr/lib/python3.14/site-packages/setuptools/__pycache__/_reqs.cpython-314.pyc'
'/pkgs/setuptools/usr/lib/python3.14/site-packages/setuptools/__pycache__/_reqs.cpython-314.opt-1.pyc' -> '/usr/lib/python3.14/site-packages/setuptools/__pycache__/_reqs.cpython-314.opt-1.pyc'
'/pkgs/setuptools/usr/lib/python3.14/site-packages/setuptools/__pycache__/_scripts.cpython-314.pyc' -> '/usr/lib/python3.14/site-packages/setuptools/__pycache__/_scripts.cpython-314.pyc'
'/pkgs/setuptools/usr/lib/python3.14/site-packages/setuptools/__pycache__/_scripts.cpython-314.opt-1.pyc' -> '/usr/lib/python3.14/site-packages/setuptools/__pycache__/_scripts.cpython-314.opt-1.pyc'
'/pkgs/setuptools/usr/lib/python3.14/site-packages/setuptools/__pycache__/_shutil.cpython-314.pyc' -> '/usr/lib/python3.14/site-packages/setuptools/__pycache__/_shutil.cpython-314.pyc'
'/pkgs/setuptools/usr/lib/python3.14/site-packages/setuptools/__pycache__/_shutil.cpython-314.opt-1.pyc' -> '/usr/lib/python3.14/site-packages/setuptools/__pycache__/_shutil.cpython-314.opt-1.pyc'
'/pkgs/setuptools/usr/lib/python3.14/site-packages/setuptools/__pycache__/_static.cpython-314.pyc' -> '/usr/lib/python3.14/site-packages/setuptools/__pycache__/_static.cpython-314.pyc'
'/pkgs/setuptools/usr/lib/python3.14/site-packages/setuptools/__pycache__/_static.cpython-314.opt-1.pyc' -> '/usr/lib/python3.14/site-packages/setuptools/__pycache__/_static.cpython-314.opt-1.pyc'
'/pkgs/setuptools/usr/lib/python3.14/site-packages/setuptools/__pycache__/archive_util.cpython-314.pyc' -> '/usr/lib/python3.14/site-packages/setuptools/__pycache__/archive_util.cpython-314.pyc'
'/pkgs/setuptools/usr/lib/python3.14/site-packages/setuptools/__pycache__/archive_util.cpython-314.opt-1.pyc' -> '/usr/lib/python3.14/site-packages/setuptools/__pycache__/archive_util.cpython-314.opt-1.pyc'
'/pkgs/setuptools/usr/lib/python3.14/site-packages/setuptools/__pycache__/build_meta.cpython-314.pyc' -> '/usr/lib/python3.14/site-packages/setuptools/__pycache__/build_meta.cpython-314.pyc'
'/pkgs/setuptools/usr/lib/python3.14/site-packages/setuptools/__pycache__/build_meta.cpython-314.opt-1.pyc' -> '/usr/lib/python3.14/site-packages/setuptools/__pycache__/build_meta.cpython-314.opt-1.pyc'
'/pkgs/setuptools/usr/lib/python3.14/site-packages/setuptools/__pycache__/depends.cpython-314.pyc' -> '/usr/lib/python3.14/site-packages/setuptools/__pycache__/depends.cpython-314.pyc'
'/pkgs/setuptools/usr/lib/python3.14/site-packages/setuptools/__pycache__/depends.cpython-314.opt-1.pyc' -> '/usr/lib/python3.14/site-packages/setuptools/__pycache__/depends.cpython-314.opt-1.pyc'
'/pkgs/setuptools/usr/lib/python3.14/site-packages/setuptools/__pycache__/discovery.cpython-314.pyc' -> '/usr/lib/python3.14/site-packages/setuptools/__pycache__/discovery.cpython-314.pyc'
'/pkgs/setuptools/usr/lib/python3.14/site-packages/setuptools/__pycache__/discovery.cpython-314.opt-1.pyc' -> '/usr/lib/python3.14/site-packages/setuptools/__pycache__/discovery.cpython-314.opt-1.pyc'
'/pkgs/setuptools/usr/lib/python3.14/site-packages/setuptools/__pycache__/dist.cpython-314.pyc' -> '/usr/lib/python3.14/site-packages/setuptools/__pycache__/dist.cpython-314.pyc'
'/pkgs/setuptools/usr/lib/python3.14/site-packages/setuptools/__pycache__/dist.cpython-314.opt-1.pyc' -> '/usr/lib/python3.14/site-packages/setuptools/__pycache__/dist.cpython-314.opt-1.pyc'
'/pkgs/setuptools/usr/lib/python3.14/site-packages/setuptools/__pycache__/errors.cpython-314.pyc' -> '/usr/lib/python3.14/site-packages/setuptools/__pycache__/errors.cpython-314.pyc'
'/pkgs/setuptools/usr/lib/python3.14/site-packages/setuptools/__pycache__/errors.cpython-314.opt-1.pyc' -> '/usr/lib/python3.14/site-packages/setuptools/__pycache__/errors.cpython-314.opt-1.pyc'
'/pkgs/setuptools/usr/lib/python3.14/site-packages/setuptools/__pycache__/extension.cpython-314.pyc' -> '/usr/lib/python3.14/site-packages/setuptools/__pycache__/extension.cpython-314.pyc'
'/pkgs/setuptools/usr/lib/python3.14/site-packages/setuptools/__pycache__/extension.cpython-314.opt-1.pyc' -> '/usr/lib/python3.14/site-packages/setuptools/__pycache__/extension.cpython-314.opt-1.pyc'
'/pkgs/setuptools/usr/lib/python3.14/site-packages/setuptools/__pycache__/glob.cpython-314.pyc' -> '/usr/lib/python3.14/site-packages/setuptools/__pycache__/glob.cpython-314.pyc'
'/pkgs/setuptools/usr/lib/python3.14/site-packages/setuptools/__pycache__/glob.cpython-314.opt-1.pyc' -> '/usr/lib/python3.14/site-packages/setuptools/__pycache__/glob.cpython-314.opt-1.pyc'
'/pkgs/setuptools/usr/lib/python3.14/site-packages/setuptools/__pycache__/installer.cpython-314.pyc' -> '/usr/lib/python3.14/site-packages/setuptools/__pycache__/installer.cpython-314.pyc'
'/pkgs/setuptools/usr/lib/python3.14/site-packages/setuptools/__pycache__/installer.cpython-314.opt-1.pyc' -> '/usr/lib/python3.14/site-packages/setuptools/__pycache__/installer.cpython-314.opt-1.pyc'
'/pkgs/setuptools/usr/lib/python3.14/site-packages/setuptools/__pycache__/launch.cpython-314.pyc' -> '/usr/lib/python3.14/site-packages/setuptools/__pycache__/launch.cpython-314.pyc'
'/pkgs/setuptools/usr/lib/python3.14/site-packages/setuptools/__pycache__/launch.cpython-314.opt-1.pyc' -> '/usr/lib/python3.14/site-packages/setuptools/__pycache__/launch.cpython-314.opt-1.pyc'
'/pkgs/setuptools/usr/lib/python3.14/site-packages/setuptools/__pycache__/logging.cpython-314.pyc' -> '/usr/lib/python3.14/site-packages/setuptools/__pycache__/logging.cpython-314.pyc'
'/pkgs/setuptools/usr/lib/python3.14/site-packages/setuptools/__pycache__/logging.cpython-314.opt-1.pyc' -> '/usr/lib/python3.14/site-packages/setuptools/__pycache__/logging.cpython-314.opt-1.pyc'
'/pkgs/setuptools/usr/lib/python3.14/site-packages/setuptools/__pycache__/modified.cpython-314.pyc' -> '/usr/lib/python3.14/site-packages/setuptools/__pycache__/modified.cpython-314.pyc'
'/pkgs/setuptools/usr/lib/python3.14/site-packages/setuptools/__pycache__/modified.cpython-314.opt-1.pyc' -> '/usr/lib/python3.14/site-packages/setuptools/__pycache__/modified.cpython-314.opt-1.pyc'
'/pkgs/setuptools/usr/lib/python3.14/site-packages/setuptools/__pycache__/monkey.cpython-314.pyc' -> '/usr/lib/python3.14/site-packages/setuptools/__pycache__/monkey.cpython-314.pyc'
'/pkgs/setuptools/usr/lib/python3.14/site-packages/setuptools/__pycache__/monkey.cpython-314.opt-1.pyc' -> '/usr/lib/python3.14/site-packages/setuptools/__pycache__/monkey.cpython-314.opt-1.pyc'
'/pkgs/setuptools/usr/lib/python3.14/site-packages/setuptools/__pycache__/msvc.cpython-314.pyc' -> '/usr/lib/python3.14/site-packages/setuptools/__pycache__/msvc.cpython-314.pyc'
'/pkgs/setuptools/usr/lib/python3.14/site-packages/setuptools/__pycache__/msvc.cpython-314.opt-1.pyc' -> '/usr/lib/python3.14/site-packages/setuptools/__pycache__/msvc.cpython-314.opt-1.pyc'
'/pkgs/setuptools/usr/lib/python3.14/site-packages/setuptools/__pycache__/namespaces.cpython-314.pyc' -> '/usr/lib/python3.14/site-packages/setuptools/__pycache__/namespaces.cpython-314.pyc'
'/pkgs/setuptools/usr/lib/python3.14/site-packages/setuptools/__pycache__/namespaces.cpython-314.opt-1.pyc' -> '/usr/lib/python3.14/site-packages/setuptools/__pycache__/namespaces.cpython-314.opt-1.pyc'
'/pkgs/setuptools/usr/lib/python3.14/site-packages/setuptools/__pycache__/unicode_utils.cpython-314.pyc' -> '/usr/lib/python3.14/site-packages/setuptools/__pycache__/unicode_utils.cpython-314.pyc'
'/pkgs/setuptools/usr/lib/python3.14/site-packages/setuptools/__pycache__/unicode_utils.cpython-314.opt-1.pyc' -> '/usr/lib/python3.14/site-packages/setuptools/__pycache__/unicode_utils.cpython-314.opt-1.pyc'
'/pkgs/setuptools/usr/lib/python3.14/site-packages/setuptools/__pycache__/version.cpython-314.pyc' -> '/usr/lib/python3.14/site-packages/setuptools/__pycache__/version.cpython-314.pyc'
'/pkgs/setuptools/usr/lib/python3.14/site-packages/setuptools/__pycache__/version.cpython-314.opt-1.pyc' -> '/usr/lib/python3.14/site-packages/setuptools/__pycache__/version.cpython-314.opt-1.pyc'
'/pkgs/setuptools/usr/lib/python3.14/site-packages/setuptools/__pycache__/warnings.cpython-314.pyc' -> '/usr/lib/python3.14/site-packages/setuptools/__pycache__/warnings.cpython-314.pyc'
'/pkgs/setuptools/usr/lib/python3.14/site-packages/setuptools/__pycache__/warnings.cpython-314.opt-1.pyc' -> '/usr/lib/python3.14/site-packages/setuptools/__pycache__/warnings.cpython-314.opt-1.pyc'
'/pkgs/setuptools/usr/lib/python3.14/site-packages/setuptools/__pycache__/wheel.cpython-314.pyc' -> '/usr/lib/python3.14/site-packages/setuptools/__pycache__/wheel.cpython-314.pyc'
'/pkgs/setuptools/usr/lib/python3.14/site-packages/setuptools/__pycache__/wheel.cpython-314.opt-1.pyc' -> '/usr/lib/python3.14/site-packages/setuptools/__pycache__/wheel.cpython-314.opt-1.pyc'
'/pkgs/setuptools/usr/lib/python3.14/site-packages/setuptools/__pycache__/windows_support.cpython-314.pyc' -> '/usr/lib/python3.14/site-packages/setuptools/__pycache__/windows_support.cpython-314.pyc'
'/pkgs/setuptools/usr/lib/python3.14/site-packages/setuptools/__pycache__/windows_support.cpython-314.opt-1.pyc' -> '/usr/lib/python3.14/site-packages/setuptools/__pycache__/windows_support.cpython-314.opt-1.pyc'
'/pkgs/setuptools/usr/lib/python3.14/site-packages/setuptools-82.0.1.dist-info' -> '/usr/lib/python3.14/site-packages/setuptools-82.0.1.dist-info'
'/pkgs/setuptools/usr/lib/python3.14/site-packages/setuptools-82.0.1.dist-info/licenses' -> '/usr/lib/python3.14/site-packages/setuptools-82.0.1.dist-info/licenses'
'/pkgs/setuptools/usr/lib/python3.14/site-packages/setuptools-82.0.1.dist-info/licenses/LICENSE' -> '/usr/lib/python3.14/site-packages/setuptools-82.0.1.dist-info/licenses/LICENSE'
'/pkgs/setuptools/usr/lib/python3.14/site-packages/setuptools-82.0.1.dist-info/METADATA' -> '/usr/lib/python3.14/site-packages/setuptools-82.0.1.dist-info/METADATA'
'/pkgs/setuptools/usr/lib/python3.14/site-packages/setuptools-82.0.1.dist-info/WHEEL' -> '/usr/lib/python3.14/site-packages/setuptools-82.0.1.dist-info/WHEEL'
'/pkgs/setuptools/usr/lib/python3.14/site-packages/setuptools-82.0.1.dist-info/entry_points.txt' -> '/usr/lib/python3.14/site-packages/setuptools-82.0.1.dist-info/entry_points.txt'
'/pkgs/setuptools/usr/lib/python3.14/site-packages/setuptools-82.0.1.dist-info/top_level.txt' -> '/usr/lib/python3.14/site-packages/setuptools-82.0.1.dist-info/top_level.txt'
'/pkgs/setuptools/usr/lib/python3.14/site-packages/setuptools-82.0.1.dist-info/RECORD' -> '/usr/lib/python3.14/site-packages/setuptools-82.0.1.dist-info/RECORD'
setuptools/
setuptools/usr/
setuptools/usr/lib/
setuptools/usr/lib/python3.14/
setuptools/usr/lib/python3.14/site-packages/
setuptools/usr/lib/python3.14/site-packages/distutils-precedence.pth
setuptools/usr/lib/python3.14/site-packages/setuptools/
setuptools/usr/lib/python3.14/site-packages/setuptools/build_meta.py
setuptools/usr/lib/python3.14/site-packages/setuptools/windows_support.py
setuptools/usr/lib/python3.14/site-packages/setuptools/namespaces.py
setuptools/usr/lib/python3.14/site-packages/setuptools/modified.py
setuptools/usr/lib/python3.14/site-packages/setuptools/tests/
setuptools/usr/lib/python3.14/site-packages/setuptools/tests/textwrap.py
setuptools/usr/lib/python3.14/site-packages/setuptools/tests/test_develop.py
setuptools/usr/lib/python3.14/site-packages/setuptools/tests/test_virtualenv.py
setuptools/usr/lib/python3.14/site-packages/setuptools/tests/namespaces.py
setuptools/usr/lib/python3.14/site-packages/setuptools/tests/test_egg_info.py
setuptools/usr/lib/python3.14/site-packages/setuptools/tests/script-with-bom.py
setuptools/usr/lib/python3.14/site-packages/setuptools/tests/compat/
setuptools/usr/lib/python3.14/site-packages/setuptools/tests/compat/__pycache__/
setuptools/usr/lib/python3.14/site-packages/setuptools/tests/compat/__pycache__/__init__.cpython-314.opt-1.pyc
setuptools/usr/lib/python3.14/site-packages/setuptools/tests/compat/__pycache__/py39.cpython-314.opt-1.pyc
setuptools/usr/lib/python3.14/site-packages/setuptools/tests/compat/__pycache__/__init__.cpython-314.pyc
setuptools/usr/lib/python3.14/site-packages/setuptools/tests/compat/__pycache__/py39.cpython-314.pyc
setuptools/usr/lib/python3.14/site-packages/setuptools/tests/compat/py39.py
setuptools/usr/lib/python3.14/site-packages/setuptools/tests/compat/__init__.py
setuptools/usr/lib/python3.14/site-packages/setuptools/tests/test_depends.py
setuptools/usr/lib/python3.14/site-packages/setuptools/tests/test_unicode_utils.py
setuptools/usr/lib/python3.14/site-packages/setuptools/tests/config/
setuptools/usr/lib/python3.14/site-packages/setuptools/tests/config/downloads/
setuptools/usr/lib/python3.14/site-packages/setuptools/tests/config/downloads/__pycache__/
setuptools/usr/lib/python3.14/site-packages/setuptools/tests/config/downloads/__pycache__/preload.cpython-314.pyc
setuptools/usr/lib/python3.14/site-packages/setuptools/tests/config/downloads/__pycache__/__init__.cpython-314.opt-1.pyc
setuptools/usr/lib/python3.14/site-packages/setuptools/tests/config/downloads/__pycache__/preload.cpython-314.opt-1.pyc
setuptools/usr/lib/python3.14/site-packages/setuptools/tests/config/downloads/__pycache__/__init__.cpython-314.pyc
setuptools/usr/lib/python3.14/site-packages/setuptools/tests/config/downloads/__init__.py
setuptools/usr/lib/python3.14/site-packages/setuptools/tests/config/downloads/preload.py
setuptools/usr/lib/python3.14/site-packages/setuptools/tests/config/test_pyprojecttoml.py
setuptools/usr/lib/python3.14/site-packages/setuptools/tests/config/setupcfg_examples.txt
setuptools/usr/lib/python3.14/site-packages/setuptools/tests/config/__pycache__/
setuptools/usr/lib/python3.14/site-packages/setuptools/tests/config/__pycache__/test_setupcfg.cpython-314.pyc
setuptools/usr/lib/python3.14/site-packages/setuptools/tests/config/__pycache__/test_pyprojecttoml_dynamic_deps.cpython-314.opt-1.pyc
setuptools/usr/lib/python3.14/site-packages/setuptools/tests/config/__pycache__/__init__.cpython-314.opt-1.pyc
setuptools/usr/lib/python3.14/site-packages/setuptools/tests/config/__pycache__/test_apply_pyprojecttoml.cpython-314.pyc
setuptools/usr/lib/python3.14/site-packages/setuptools/tests/config/__pycache__/test_pyprojecttoml_dynamic_deps.cpython-314.pyc
setuptools/usr/lib/python3.14/site-packages/setuptools/tests/config/__pycache__/test_apply_pyprojecttoml.cpython-314.opt-1.pyc
setuptools/usr/lib/python3.14/site-packages/setuptools/tests/config/__pycache__/test_pyprojecttoml.cpython-314.opt-1.pyc
setuptools/usr/lib/python3.14/site-packages/setuptools/tests/config/__pycache__/__init__.cpython-314.pyc
setuptools/usr/lib/python3.14/site-packages/setuptools/tests/config/__pycache__/test_expand.cpython-314.pyc
setuptools/usr/lib/python3.14/site-packages/setuptools/tests/config/__pycache__/test_setupcfg.cpython-314.opt-1.pyc
setuptools/usr/lib/python3.14/site-packages/setuptools/tests/config/__pycache__/test_pyprojecttoml.cpython-314.pyc
setuptools/usr/lib/python3.14/site-packages/setuptools/tests/config/__pycache__/test_expand.cpython-314.opt-1.pyc
setuptools/usr/lib/python3.14/site-packages/setuptools/tests/config/test_apply_pyprojecttoml.py
setuptools/usr/lib/python3.14/site-packages/setuptools/tests/config/test_expand.py
setuptools/usr/lib/python3.14/site-packages/setuptools/tests/config/__init__.py
setuptools/usr/lib/python3.14/site-packages/setuptools/tests/config/test_pyprojecttoml_dynamic_deps.py
setuptools/usr/lib/python3.14/site-packages/setuptools/tests/config/test_setupcfg.py
setuptools/usr/lib/python3.14/site-packages/setuptools/tests/test_build_clib.py
setuptools/usr/lib/python3.14/site-packages/setuptools/tests/test_distutils_adoption.py
setuptools/usr/lib/python3.14/site-packages/setuptools/tests/__pycache__/
setuptools/usr/lib/python3.14/site-packages/setuptools/tests/__pycache__/test_unicode_utils.cpython-314.opt-1.pyc
setuptools/usr/lib/python3.14/site-packages/setuptools/tests/__pycache__/test_distutils_adoption.cpython-314.pyc
setuptools/usr/lib/python3.14/site-packages/setuptools/tests/__pycache__/environment.cpython-314.pyc
setuptools/usr/lib/python3.14/site-packages/setuptools/tests/__pycache__/test_distutils_adoption.cpython-314.opt-1.pyc
setuptools/usr/lib/python3.14/site-packages/setuptools/tests/__pycache__/test_sdist.cpython-314.pyc
setuptools/usr/lib/python3.14/site-packages/setuptools/tests/__pycache__/test_editable_install.cpython-314.opt-1.pyc
setuptools/usr/lib/python3.14/site-packages/setuptools/tests/__pycache__/test_build_clib.cpython-314.opt-1.pyc
setuptools/usr/lib/python3.14/site-packages/setuptools/tests/__pycache__/textwrap.cpython-314.opt-1.pyc
setuptools/usr/lib/python3.14/site-packages/setuptools/tests/__pycache__/test_depends.cpython-314.pyc
setuptools/usr/lib/python3.14/site-packages/setuptools/tests/__pycache__/contexts.cpython-314.opt-1.pyc
setuptools/usr/lib/python3.14/site-packages/setuptools/tests/__pycache__/test_unicode_utils.cpython-314.pyc
setuptools/usr/lib/python3.14/site-packages/setuptools/tests/__pycache__/test_setopt.cpython-314.pyc
setuptools/usr/lib/python3.14/site-packages/setuptools/tests/__pycache__/test_build_py.cpython-314.opt-1.pyc
setuptools/usr/lib/python3.14/site-packages/setuptools/tests/__pycache__/test_develop.cpython-314.pyc
setuptools/usr/lib/python3.14/site-packages/setuptools/tests/__pycache__/test_dist.cpython-314.pyc
setuptools/usr/lib/python3.14/site-packages/setuptools/tests/__pycache__/test_archive_util.cpython-314.pyc
setuptools/usr/lib/python3.14/site-packages/setuptools/tests/__pycache__/contexts.cpython-314.pyc
setuptools/usr/lib/python3.14/site-packages/setuptools/tests/__pycache__/script-with-bom.cpython-314.pyc
setuptools/usr/lib/python3.14/site-packages/setuptools/tests/__pycache__/test_core_metadata.cpython-314.opt-1.pyc
setuptools/usr/lib/python3.14/site-packages/setuptools/tests/__pycache__/test_config_discovery.cpython-314.pyc
setuptools/usr/lib/python3.14/site-packages/setuptools/tests/__pycache__/test_build_ext.cpython-314.pyc
setuptools/usr/lib/python3.14/site-packages/setuptools/tests/__pycache__/environment.cpython-314.opt-1.pyc
setuptools/usr/lib/python3.14/site-packages/setuptools/tests/__pycache__/textwrap.cpython-314.pyc
setuptools/usr/lib/python3.14/site-packages/setuptools/tests/__pycache__/test_dist_info.cpython-314.pyc
setuptools/usr/lib/python3.14/site-packages/setuptools/tests/__pycache__/test_windows_wrappers.cpython-314.opt-1.pyc
setuptools/usr/lib/python3.14/site-packages/setuptools/tests/__pycache__/test_build_meta.cpython-314.opt-1.pyc
setuptools/usr/lib/python3.14/site-packages/setuptools/tests/__pycache__/test_build.cpython-314.pyc
setuptools/usr/lib/python3.14/site-packages/setuptools/tests/__pycache__/test_manifest.cpython-314.opt-1.pyc
setuptools/usr/lib/python3.14/site-packages/setuptools/tests/__pycache__/test_install_scripts.cpython-314.pyc
setuptools/usr/lib/python3.14/site-packages/setuptools/tests/__pycache__/test_glob.cpython-314.opt-1.pyc
setuptools/usr/lib/python3.14/site-packages/setuptools/tests/__pycache__/__init__.cpython-314.opt-1.pyc
setuptools/usr/lib/python3.14/site-packages/setuptools/tests/__pycache__/test_warnings.cpython-314.opt-1.pyc
setuptools/usr/lib/python3.14/site-packages/setuptools/tests/__pycache__/test_namespaces.cpython-314.opt-1.pyc
setuptools/usr/lib/python3.14/site-packages/setuptools/tests/__pycache__/test_shutil_wrapper.cpython-314.pyc
setuptools/usr/lib/python3.14/site-packages/setuptools/tests/__pycache__/test_build_meta.cpython-314.pyc
setuptools/usr/lib/python3.14/site-packages/setuptools/tests/__pycache__/test_dist_info.cpython-314.opt-1.pyc
setuptools/usr/lib/python3.14/site-packages/setuptools/tests/__pycache__/test_find_packages.cpython-314.opt-1.pyc
setuptools/usr/lib/python3.14/site-packages/setuptools/tests/__pycache__/test_build_py.cpython-314.pyc
setuptools/usr/lib/python3.14/site-packages/setuptools/tests/__pycache__/test_sdist.cpython-314.opt-1.pyc
setuptools/usr/lib/python3.14/site-packages/setuptools/tests/__pycache__/test_build_ext.cpython-314.opt-1.pyc
setuptools/usr/lib/python3.14/site-packages/setuptools/tests/__pycache__/test_bdist_egg.cpython-314.pyc
setuptools/usr/lib/python3.14/site-packages/setuptools/tests/__pycache__/test_virtualenv.cpython-314.pyc
setuptools/usr/lib/python3.14/site-packages/setuptools/tests/__pycache__/test_setuptools.cpython-314.pyc
setuptools/usr/lib/python3.14/site-packages/setuptools/tests/__pycache__/test_manifest.cpython-314.pyc
setuptools/usr/lib/python3.14/site-packages/setuptools/tests/__pycache__/test_core_metadata.cpython-314.pyc
setuptools/usr/lib/python3.14/site-packages/setuptools/tests/__pycache__/test_archive_util.cpython-314.opt-1.pyc
setuptools/usr/lib/python3.14/site-packages/setuptools/tests/__pycache__/mod_with_constant.cpython-314.pyc
setuptools/usr/lib/python3.14/site-packages/setuptools/tests/__pycache__/test_logging.cpython-314.pyc
setuptools/usr/lib/python3.14/site-packages/setuptools/tests/__pycache__/test_config_discovery.cpython-314.opt-1.pyc
setuptools/usr/lib/python3.14/site-packages/setuptools/tests/__pycache__/test_bdist_wheel.cpython-314.opt-1.pyc
setuptools/usr/lib/python3.14/site-packages/setuptools/tests/__pycache__/text.cpython-314.pyc
setuptools/usr/lib/python3.14/site-packages/setuptools/tests/__pycache__/test_editable_install.cpython-314.pyc
setuptools/usr/lib/python3.14/site-packages/setuptools/tests/__pycache__/namespaces.cpython-314.opt-1.pyc
setuptools/usr/lib/python3.14/site-packages/setuptools/tests/__pycache__/test_find_py_modules.cpython-314.opt-1.pyc
setuptools/usr/lib/python3.14/site-packages/setuptools/tests/__pycache__/test_warnings.cpython-314.pyc
setuptools/usr/lib/python3.14/site-packages/setuptools/tests/__pycache__/test_build_clib.cpython-314.pyc
setuptools/usr/lib/python3.14/site-packages/setuptools/tests/__pycache__/test_find_py_modules.cpython-314.pyc
setuptools/usr/lib/python3.14/site-packages/setuptools/tests/__pycache__/test_virtualenv.cpython-314.opt-1.pyc
setuptools/usr/lib/python3.14/site-packages/setuptools/tests/__pycache__/test_dist.cpython-314.opt-1.pyc
setuptools/usr/lib/python3.14/site-packages/setuptools/tests/__pycache__/test_logging.cpython-314.opt-1.pyc
setuptools/usr/lib/python3.14/site-packages/setuptools/tests/__pycache__/test_windows_wrappers.cpython-314.pyc
setuptools/usr/lib/python3.14/site-packages/setuptools/tests/__pycache__/test_shutil_wrapper.cpython-314.opt-1.pyc
setuptools/usr/lib/python3.14/site-packages/setuptools/tests/__pycache__/test_depends.cpython-314.opt-1.pyc
setuptools/usr/lib/python3.14/site-packages/setuptools/tests/__pycache__/test_extern.cpython-314.pyc
setuptools/usr/lib/python3.14/site-packages/setuptools/tests/__pycache__/fixtures.cpython-314.opt-1.pyc
setuptools/usr/lib/python3.14/site-packages/setuptools/tests/__pycache__/test_scripts.cpython-314.pyc
setuptools/usr/lib/python3.14/site-packages/setuptools/tests/__pycache__/test_find_packages.cpython-314.pyc
setuptools/usr/lib/python3.14/site-packages/setuptools/tests/__pycache__/test_scripts.cpython-314.opt-1.pyc
setuptools/usr/lib/python3.14/site-packages/setuptools/tests/__pycache__/test_develop.cpython-314.opt-1.pyc
setuptools/usr/lib/python3.14/site-packages/setuptools/tests/__pycache__/test_setuptools.cpython-314.opt-1.pyc
setuptools/usr/lib/python3.14/site-packages/setuptools/tests/__pycache__/namespaces.cpython-314.pyc
setuptools/usr/lib/python3.14/site-packages/setuptools/tests/__pycache__/__init__.cpython-314.pyc
setuptools/usr/lib/python3.14/site-packages/setuptools/tests/__pycache__/test_build.cpython-314.opt-1.pyc
setuptools/usr/lib/python3.14/site-packages/setuptools/tests/__pycache__/test_egg_info.cpython-314.pyc
setuptools/usr/lib/python3.14/site-packages/setuptools/tests/__pycache__/test_bdist_egg.cpython-314.opt-1.pyc
setuptools/usr/lib/python3.14/site-packages/setuptools/tests/__pycache__/script-with-bom.cpython-314.opt-1.pyc
setuptools/usr/lib/python3.14/site-packages/setuptools/tests/__pycache__/test_wheel.cpython-314.pyc
setuptools/usr/lib/python3.14/site-packages/setuptools/tests/__pycache__/test_bdist_deprecations.cpython-314.pyc
setuptools/usr/lib/python3.14/site-packages/setuptools/tests/__pycache__/test_wheel.cpython-314.opt-1.pyc
setuptools/usr/lib/python3.14/site-packages/setuptools/tests/__pycache__/test_egg_info.cpython-314.opt-1.pyc
setuptools/usr/lib/python3.14/site-packages/setuptools/tests/__pycache__/test_glob.cpython-314.pyc
setuptools/usr/lib/python3.14/site-packages/setuptools/tests/__pycache__/test_namespaces.cpython-314.pyc
setuptools/usr/lib/python3.14/site-packages/setuptools/tests/__pycache__/test_bdist_deprecations.cpython-314.opt-1.pyc
setuptools/usr/lib/python3.14/site-packages/setuptools/tests/__pycache__/text.cpython-314.opt-1.pyc
setuptools/usr/lib/python3.14/site-packages/setuptools/tests/__pycache__/test_extern.cpython-314.opt-1.pyc
setuptools/usr/lib/python3.14/site-packages/setuptools/tests/__pycache__/test_setopt.cpython-314.opt-1.pyc
setuptools/usr/lib/python3.14/site-packages/setuptools/tests/__pycache__/mod_with_constant.cpython-314.opt-1.pyc
setuptools/usr/lib/python3.14/site-packages/setuptools/tests/__pycache__/test_bdist_wheel.cpython-314.pyc
setuptools/usr/lib/python3.14/site-packages/setuptools/tests/__pycache__/test_install_scripts.cpython-314.opt-1.pyc
setuptools/usr/lib/python3.14/site-packages/setuptools/tests/__pycache__/fixtures.cpython-314.pyc
setuptools/usr/lib/python3.14/site-packages/setuptools/tests/test_build_ext.py
setuptools/usr/lib/python3.14/site-packages/setuptools/tests/test_setuptools.py
setuptools/usr/lib/python3.14/site-packages/setuptools/tests/indexes/
setuptools/usr/lib/python3.14/site-packages/setuptools/tests/indexes/test_links_priority/
setuptools/usr/lib/python3.14/site-packages/setuptools/tests/indexes/test_links_priority/external.html
setuptools/usr/lib/python3.14/site-packages/setuptools/tests/indexes/test_links_priority/simple/
setuptools/usr/lib/python3.14/site-packages/setuptools/tests/indexes/test_links_priority/simple/foobar/
setuptools/usr/lib/python3.14/site-packages/setuptools/tests/indexes/test_links_priority/simple/foobar/index.html
setuptools/usr/lib/python3.14/site-packages/setuptools/tests/environment.py
setuptools/usr/lib/python3.14/site-packages/setuptools/tests/test_namespaces.py
setuptools/usr/lib/python3.14/site-packages/setuptools/tests/test_build.py
setuptools/usr/lib/python3.14/site-packages/setuptools/tests/test_warnings.py
setuptools/usr/lib/python3.14/site-packages/setuptools/tests/test_logging.py
setuptools/usr/lib/python3.14/site-packages/setuptools/tests/test_sdist.py
setuptools/usr/lib/python3.14/site-packages/setuptools/tests/test_shutil_wrapper.py
setuptools/usr/lib/python3.14/site-packages/setuptools/tests/mod_with_constant.py
setuptools/usr/lib/python3.14/site-packages/setuptools/tests/integration/
setuptools/usr/lib/python3.14/site-packages/setuptools/tests/integration/helpers.py
setuptools/usr/lib/python3.14/site-packages/setuptools/tests/integration/__pycache__/
setuptools/usr/lib/python3.14/site-packages/setuptools/tests/integration/__pycache__/test_pip_install_sdist.cpython-314.opt-1.pyc
setuptools/usr/lib/python3.14/site-packages/setuptools/tests/integration/__pycache__/test_pbr.cpython-314.opt-1.pyc
setuptools/usr/lib/python3.14/site-packages/setuptools/tests/integration/__pycache__/__init__.cpython-314.opt-1.pyc
setuptools/usr/lib/python3.14/site-packages/setuptools/tests/integration/__pycache__/helpers.cpython-314.opt-1.pyc
setuptools/usr/lib/python3.14/site-packages/setuptools/tests/integration/__pycache__/test_pip_install_sdist.cpython-314.pyc
setuptools/usr/lib/python3.14/site-packages/setuptools/tests/integration/__pycache__/helpers.cpython-314.pyc
setuptools/usr/lib/python3.14/site-packages/setuptools/tests/integration/__pycache__/__init__.cpython-314.pyc
setuptools/usr/lib/python3.14/site-packages/setuptools/tests/integration/__pycache__/test_pbr.cpython-314.pyc
setuptools/usr/lib/python3.14/site-packages/setuptools/tests/integration/test_pbr.py
setuptools/usr/lib/python3.14/site-packages/setuptools/tests/integration/__init__.py
setuptools/usr/lib/python3.14/site-packages/setuptools/tests/integration/test_pip_install_sdist.py
setuptools/usr/lib/python3.14/site-packages/setuptools/tests/contexts.py
setuptools/usr/lib/python3.14/site-packages/setuptools/tests/__init__.py
setuptools/usr/lib/python3.14/site-packages/setuptools/tests/test_build_py.py
setuptools/usr/lib/python3.14/site-packages/setuptools/tests/test_windows_wrappers.py
setuptools/usr/lib/python3.14/site-packages/setuptools/tests/test_install_scripts.py
setuptools/usr/lib/python3.14/site-packages/setuptools/tests/test_extern.py
setuptools/usr/lib/python3.14/site-packages/setuptools/tests/test_config_discovery.py
setuptools/usr/lib/python3.14/site-packages/setuptools/tests/test_bdist_egg.py
setuptools/usr/lib/python3.14/site-packages/setuptools/tests/test_setopt.py
setuptools/usr/lib/python3.14/site-packages/setuptools/tests/test_dist.py
setuptools/usr/lib/python3.14/site-packages/setuptools/tests/test_manifest.py
setuptools/usr/lib/python3.14/site-packages/setuptools/tests/test_wheel.py
setuptools/usr/lib/python3.14/site-packages/setuptools/tests/test_bdist_deprecations.py
setuptools/usr/lib/python3.14/site-packages/setuptools/tests/test_editable_install.py
setuptools/usr/lib/python3.14/site-packages/setuptools/tests/fixtures.py
setuptools/usr/lib/python3.14/site-packages/setuptools/tests/test_bdist_wheel.py
setuptools/usr/lib/python3.14/site-packages/setuptools/tests/test_find_py_modules.py
setuptools/usr/lib/python3.14/site-packages/setuptools/tests/test_build_meta.py
setuptools/usr/lib/python3.14/site-packages/setuptools/tests/test_glob.py
setuptools/usr/lib/python3.14/site-packages/setuptools/tests/test_scripts.py
setuptools/usr/lib/python3.14/site-packages/setuptools/tests/test_dist_info.py
setuptools/usr/lib/python3.14/site-packages/setuptools/tests/test_core_metadata.py
setuptools/usr/lib/python3.14/site-packages/setuptools/tests/text.py
setuptools/usr/lib/python3.14/site-packages/setuptools/tests/test_archive_util.py
setuptools/usr/lib/python3.14/site-packages/setuptools/tests/test_find_packages.py
setuptools/usr/lib/python3.14/site-packages/setuptools/_core_metadata.py
setuptools/usr/lib/python3.14/site-packages/setuptools/_scripts.py
setuptools/usr/lib/python3.14/site-packages/setuptools/depends.py
setuptools/usr/lib/python3.14/site-packages/setuptools/compat/
setuptools/usr/lib/python3.14/site-packages/setuptools/compat/py311.py
setuptools/usr/lib/python3.14/site-packages/setuptools/compat/__pycache__/
setuptools/usr/lib/python3.14/site-packages/setuptools/compat/__pycache__/py311.cpython-314.opt-1.pyc
setuptools/usr/lib/python3.14/site-packages/setuptools/compat/__pycache__/py310.cpython-314.opt-1.pyc
setuptools/usr/lib/python3.14/site-packages/setuptools/compat/__pycache__/py312.cpython-314.opt-1.pyc
setuptools/usr/lib/python3.14/site-packages/setuptools/compat/__pycache__/__init__.cpython-314.opt-1.pyc
setuptools/usr/lib/python3.14/site-packages/setuptools/compat/__pycache__/py311.cpython-314.pyc
setuptools/usr/lib/python3.14/site-packages/setuptools/compat/__pycache__/py310.cpython-314.pyc
setuptools/usr/lib/python3.14/site-packages/setuptools/compat/__pycache__/py39.cpython-314.opt-1.pyc
setuptools/usr/lib/python3.14/site-packages/setuptools/compat/__pycache__/py312.cpython-314.pyc
setuptools/usr/lib/python3.14/site-packages/setuptools/compat/__pycache__/__init__.cpython-314.pyc
setuptools/usr/lib/python3.14/site-packages/setuptools/compat/__pycache__/py39.cpython-314.pyc
setuptools/usr/lib/python3.14/site-packages/setuptools/compat/py39.py
setuptools/usr/lib/python3.14/site-packages/setuptools/compat/__init__.py
setuptools/usr/lib/python3.14/site-packages/setuptools/compat/py310.py
setuptools/usr/lib/python3.14/site-packages/setuptools/compat/py312.py
setuptools/usr/lib/python3.14/site-packages/setuptools/cli-32.exe
setuptools/usr/lib/python3.14/site-packages/setuptools/unicode_utils.py
setuptools/usr/lib/python3.14/site-packages/setuptools/config/
setuptools/usr/lib/python3.14/site-packages/setuptools/config/expand.py
setuptools/usr/lib/python3.14/site-packages/setuptools/config/setupcfg.py
setuptools/usr/lib/python3.14/site-packages/setuptools/config/pyprojecttoml.py
setuptools/usr/lib/python3.14/site-packages/setuptools/config/__pycache__/
setuptools/usr/lib/python3.14/site-packages/setuptools/config/__pycache__/pyprojecttoml.cpython-314.opt-1.pyc
setuptools/usr/lib/python3.14/site-packages/setuptools/config/__pycache__/__init__.cpython-314.opt-1.pyc
setuptools/usr/lib/python3.14/site-packages/setuptools/config/__pycache__/expand.cpython-314.pyc
setuptools/usr/lib/python3.14/site-packages/setuptools/config/__pycache__/_apply_pyprojecttoml.cpython-314.opt-1.pyc
setuptools/usr/lib/python3.14/site-packages/setuptools/config/__pycache__/setupcfg.cpython-314.pyc
setuptools/usr/lib/python3.14/site-packages/setuptools/config/__pycache__/pyprojecttoml.cpython-314.pyc
setuptools/usr/lib/python3.14/site-packages/setuptools/config/__pycache__/_apply_pyprojecttoml.cpython-314.pyc
setuptools/usr/lib/python3.14/site-packages/setuptools/config/__pycache__/setupcfg.cpython-314.opt-1.pyc
setuptools/usr/lib/python3.14/site-packages/setuptools/config/__pycache__/expand.cpython-314.opt-1.pyc
setuptools/usr/lib/python3.14/site-packages/setuptools/config/__pycache__/__init__.cpython-314.pyc
setuptools/usr/lib/python3.14/site-packages/setuptools/config/NOTICE
setuptools/usr/lib/python3.14/site-packages/setuptools/config/_validate_pyproject/
setuptools/usr/lib/python3.14/site-packages/setuptools/config/_validate_pyproject/fastjsonschema_exceptions.py
setuptools/usr/lib/python3.14/site-packages/setuptools/config/_validate_pyproject/extra_validations.py
setuptools/usr/lib/python3.14/site-packages/setuptools/config/_validate_pyproject/__pycache__/
setuptools/usr/lib/python3.14/site-packages/setuptools/config/_validate_pyproject/__pycache__/error_reporting.cpython-314.opt-1.pyc
setuptools/usr/lib/python3.14/site-packages/setuptools/config/_validate_pyproject/__pycache__/formats.cpython-314.opt-1.pyc
setuptools/usr/lib/python3.14/site-packages/setuptools/config/_validate_pyproject/__pycache__/formats.cpython-314.pyc
setuptools/usr/lib/python3.14/site-packages/setuptools/config/_validate_pyproject/__pycache__/fastjsonschema_validations.cpython-314.opt-1.pyc
setuptools/usr/lib/python3.14/site-packages/setuptools/config/_validate_pyproject/__pycache__/fastjsonschema_exceptions.cpython-314.pyc
setuptools/usr/lib/python3.14/site-packages/setuptools/config/_validate_pyproject/__pycache__/extra_validations.cpython-314.opt-1.pyc
setuptools/usr/lib/python3.14/site-packages/setuptools/config/_validate_pyproject/__pycache__/__init__.cpython-314.opt-1.pyc
setuptools/usr/lib/python3.14/site-packages/setuptools/config/_validate_pyproject/__pycache__/error_reporting.cpython-314.pyc
setuptools/usr/lib/python3.14/site-packages/setuptools/config/_validate_pyproject/__pycache__/extra_validations.cpython-314.pyc
setuptools/usr/lib/python3.14/site-packages/setuptools/config/_validate_pyproject/__pycache__/fastjsonschema_validations.cpython-314.pyc
setuptools/usr/lib/python3.14/site-packages/setuptools/config/_validate_pyproject/__pycache__/fastjsonschema_exceptions.cpython-314.opt-1.pyc
setuptools/usr/lib/python3.14/site-packages/setuptools/config/_validate_pyproject/__pycache__/__init__.cpython-314.pyc
setuptools/usr/lib/python3.14/site-packages/setuptools/config/_validate_pyproject/NOTICE
setuptools/usr/lib/python3.14/site-packages/setuptools/config/_validate_pyproject/__init__.py
setuptools/usr/lib/python3.14/site-packages/setuptools/config/_validate_pyproject/fastjsonschema_validations.py
setuptools/usr/lib/python3.14/site-packages/setuptools/config/_validate_pyproject/formats.py
setuptools/usr/lib/python3.14/site-packages/setuptools/config/_validate_pyproject/error_reporting.py
setuptools/usr/lib/python3.14/site-packages/setuptools/config/_apply_pyprojecttoml.py
setuptools/usr/lib/python3.14/site-packages/setuptools/config/__init__.py
setuptools/usr/lib/python3.14/site-packages/setuptools/config/setuptools.schema.json
setuptools/usr/lib/python3.14/site-packages/setuptools/config/distutils.schema.json
setuptools/usr/lib/python3.14/site-packages/setuptools/archive_util.py
setuptools/usr/lib/python3.14/site-packages/setuptools/_importlib.py
setuptools/usr/lib/python3.14/site-packages/setuptools/__pycache__/
setuptools/usr/lib/python3.14/site-packages/setuptools/__pycache__/wheel.cpython-314.opt-1.pyc
setuptools/usr/lib/python3.14/site-packages/setuptools/__pycache__/_reqs.cpython-314.opt-1.pyc
setuptools/usr/lib/python3.14/site-packages/setuptools/__pycache__/_static.cpython-314.pyc
setuptools/usr/lib/python3.14/site-packages/setuptools/__pycache__/version.cpython-314.opt-1.pyc
setuptools/usr/lib/python3.14/site-packages/setuptools/__pycache__/_imp.cpython-314.pyc
setuptools/usr/lib/python3.14/site-packages/setuptools/__pycache__/depends.cpython-314.pyc
setuptools/usr/lib/python3.14/site-packages/setuptools/__pycache__/launch.cpython-314.opt-1.pyc
setuptools/usr/lib/python3.14/site-packages/setuptools/__pycache__/windows_support.cpython-314.opt-1.pyc
setuptools/usr/lib/python3.14/site-packages/setuptools/__pycache__/_scripts.cpython-314.opt-1.pyc
setuptools/usr/lib/python3.14/site-packages/setuptools/__pycache__/archive_util.cpython-314.opt-1.pyc
setuptools/usr/lib/python3.14/site-packages/setuptools/__pycache__/monkey.cpython-314.pyc
setuptools/usr/lib/python3.14/site-packages/setuptools/__pycache__/installer.cpython-314.opt-1.pyc
setuptools/usr/lib/python3.14/site-packages/setuptools/__pycache__/windows_support.cpython-314.pyc
setuptools/usr/lib/python3.14/site-packages/setuptools/__pycache__/_path.cpython-314.pyc
setuptools/usr/lib/python3.14/site-packages/setuptools/__pycache__/_entry_points.cpython-314.opt-1.pyc
setuptools/usr/lib/python3.14/site-packages/setuptools/__pycache__/dist.cpython-314.opt-1.pyc
setuptools/usr/lib/python3.14/site-packages/setuptools/__pycache__/_discovery.cpython-314.opt-1.pyc
setuptools/usr/lib/python3.14/site-packages/setuptools/__pycache__/_static.cpython-314.opt-1.pyc
setuptools/usr/lib/python3.14/site-packages/setuptools/__pycache__/extension.cpython-314.opt-1.pyc
setuptools/usr/lib/python3.14/site-packages/setuptools/__pycache__/__init__.cpython-314.opt-1.pyc
setuptools/usr/lib/python3.14/site-packages/setuptools/__pycache__/msvc.cpython-314.opt-1.pyc
setuptools/usr/lib/python3.14/site-packages/setuptools/__pycache__/dist.cpython-314.pyc
setuptools/usr/lib/python3.14/site-packages/setuptools/__pycache__/_scripts.cpython-314.pyc
setuptools/usr/lib/python3.14/site-packages/setuptools/__pycache__/extension.cpython-314.pyc
setuptools/usr/lib/python3.14/site-packages/setuptools/__pycache__/_core_metadata.cpython-314.opt-1.pyc
setuptools/usr/lib/python3.14/site-packages/setuptools/__pycache__/discovery.cpython-314.opt-1.pyc
setuptools/usr/lib/python3.14/site-packages/setuptools/__pycache__/errors.cpython-314.opt-1.pyc
setuptools/usr/lib/python3.14/site-packages/setuptools/__pycache__/_shutil.cpython-314.opt-1.pyc
setuptools/usr/lib/python3.14/site-packages/setuptools/__pycache__/warnings.cpython-314.opt-1.pyc
setuptools/usr/lib/python3.14/site-packages/setuptools/__pycache__/modified.cpython-314.pyc
setuptools/usr/lib/python3.14/site-packages/setuptools/__pycache__/namespaces.cpython-314.opt-1.pyc
setuptools/usr/lib/python3.14/site-packages/setuptools/__pycache__/_itertools.cpython-314.pyc
setuptools/usr/lib/python3.14/site-packages/setuptools/__pycache__/archive_util.cpython-314.pyc
setuptools/usr/lib/python3.14/site-packages/setuptools/__pycache__/_normalization.cpython-314.pyc
setuptools/usr/lib/python3.14/site-packages/setuptools/__pycache__/launch.cpython-314.pyc
setuptools/usr/lib/python3.14/site-packages/setuptools/__pycache__/wheel.cpython-314.pyc
setuptools/usr/lib/python3.14/site-packages/setuptools/__pycache__/installer.cpython-314.pyc
setuptools/usr/lib/python3.14/site-packages/setuptools/__pycache__/warnings.cpython-314.pyc
setuptools/usr/lib/python3.14/site-packages/setuptools/__pycache__/_core_metadata.cpython-314.pyc
setuptools/usr/lib/python3.14/site-packages/setuptools/__pycache__/_discovery.cpython-314.pyc
setuptools/usr/lib/python3.14/site-packages/setuptools/__pycache__/build_meta.cpython-314.opt-1.pyc
setuptools/usr/lib/python3.14/site-packages/setuptools/__pycache__/monkey.cpython-314.opt-1.pyc
setuptools/usr/lib/python3.14/site-packages/setuptools/__pycache__/_path.cpython-314.opt-1.pyc
setuptools/usr/lib/python3.14/site-packages/setuptools/__pycache__/unicode_utils.cpython-314.pyc
setuptools/usr/lib/python3.14/site-packages/setuptools/__pycache__/glob.cpython-314.pyc
setuptools/usr/lib/python3.14/site-packages/setuptools/__pycache__/_shutil.cpython-314.pyc
setuptools/usr/lib/python3.14/site-packages/setuptools/__pycache__/build_meta.cpython-314.pyc
setuptools/usr/lib/python3.14/site-packages/setuptools/__pycache__/logging.cpython-314.pyc
setuptools/usr/lib/python3.14/site-packages/setuptools/__pycache__/modified.cpython-314.opt-1.pyc
setuptools/usr/lib/python3.14/site-packages/setuptools/__pycache__/_importlib.cpython-314.pyc
setuptools/usr/lib/python3.14/site-packages/setuptools/__pycache__/depends.cpython-314.opt-1.pyc
setuptools/usr/lib/python3.14/site-packages/setuptools/__pycache__/msvc.cpython-314.pyc
setuptools/usr/lib/python3.14/site-packages/setuptools/__pycache__/namespaces.cpython-314.pyc
setuptools/usr/lib/python3.14/site-packages/setuptools/__pycache__/__init__.cpython-314.pyc
setuptools/usr/lib/python3.14/site-packages/setuptools/__pycache__/_reqs.cpython-314.pyc
setuptools/usr/lib/python3.14/site-packages/setuptools/__pycache__/_itertools.cpython-314.opt-1.pyc
setuptools/usr/lib/python3.14/site-packages/setuptools/__pycache__/logging.cpython-314.opt-1.pyc
setuptools/usr/lib/python3.14/site-packages/setuptools/__pycache__/errors.cpython-314.pyc
setuptools/usr/lib/python3.14/site-packages/setuptools/__pycache__/discovery.cpython-314.pyc
setuptools/usr/lib/python3.14/site-packages/setuptools/__pycache__/version.cpython-314.pyc
setuptools/usr/lib/python3.14/site-packages/setuptools/__pycache__/_imp.cpython-314.opt-1.pyc
setuptools/usr/lib/python3.14/site-packages/setuptools/__pycache__/_importlib.cpython-314.opt-1.pyc
setuptools/usr/lib/python3.14/site-packages/setuptools/__pycache__/glob.cpython-314.opt-1.pyc
setuptools/usr/lib/python3.14/site-packages/setuptools/__pycache__/_entry_points.cpython-314.pyc
setuptools/usr/lib/python3.14/site-packages/setuptools/__pycache__/_normalization.cpython-314.opt-1.pyc
setuptools/usr/lib/python3.14/site-packages/setuptools/__pycache__/unicode_utils.cpython-314.opt-1.pyc
setuptools/usr/lib/python3.14/site-packages/setuptools/gui.exe
setuptools/usr/lib/python3.14/site-packages/setuptools/logging.py
setuptools/usr/lib/python3.14/site-packages/setuptools/_itertools.py
setuptools/usr/lib/python3.14/site-packages/setuptools/extension.py
setuptools/usr/lib/python3.14/site-packages/setuptools/_reqs.py
setuptools/usr/lib/python3.14/site-packages/setuptools/_static.py
setuptools/usr/lib/python3.14/site-packages/setuptools/glob.py
setuptools/usr/lib/python3.14/site-packages/setuptools/dist.py
setuptools/usr/lib/python3.14/site-packages/setuptools/cli-arm64.exe
setuptools/usr/lib/python3.14/site-packages/setuptools/msvc.py
setuptools/usr/lib/python3.14/site-packages/setuptools/warnings.py
setuptools/usr/lib/python3.14/site-packages/setuptools/gui-64.exe
setuptools/usr/lib/python3.14/site-packages/setuptools/_distutils/
setuptools/usr/lib/python3.14/site-packages/setuptools/_distutils/dep_util.py
setuptools/usr/lib/python3.14/site-packages/setuptools/_distutils/log.py
setuptools/usr/lib/python3.14/site-packages/setuptools/_distutils/tests/
setuptools/usr/lib/python3.14/site-packages/setuptools/_distutils/tests/unix_compat.py
setuptools/usr/lib/python3.14/site-packages/setuptools/_distutils/tests/test_build_scripts.py
setuptools/usr/lib/python3.14/site-packages/setuptools/_distutils/tests/test_bdist.py
setuptools/usr/lib/python3.14/site-packages/setuptools/_distutils/tests/compat/
setuptools/usr/lib/python3.14/site-packages/setuptools/_distutils/tests/compat/__pycache__/
setuptools/usr/lib/python3.14/site-packages/setuptools/_distutils/tests/compat/__pycache__/__init__.cpython-314.opt-1.pyc
setuptools/usr/lib/python3.14/site-packages/setuptools/_distutils/tests/compat/__pycache__/py39.cpython-314.opt-1.pyc
setuptools/usr/lib/python3.14/site-packages/setuptools/_distutils/tests/compat/__pycache__/__init__.cpython-314.pyc
setuptools/usr/lib/python3.14/site-packages/setuptools/_distutils/tests/compat/__pycache__/py39.cpython-314.pyc
setuptools/usr/lib/python3.14/site-packages/setuptools/_distutils/tests/compat/py39.py
setuptools/usr/lib/python3.14/site-packages/setuptools/_distutils/tests/compat/__init__.py
setuptools/usr/lib/python3.14/site-packages/setuptools/_distutils/tests/test_bdist_rpm.py
setuptools/usr/lib/python3.14/site-packages/setuptools/_distutils/tests/test_build_clib.py
setuptools/usr/lib/python3.14/site-packages/setuptools/_distutils/tests/__pycache__/
setuptools/usr/lib/python3.14/site-packages/setuptools/_distutils/tests/__pycache__/test_text_file.cpython-314.pyc
setuptools/usr/lib/python3.14/site-packages/setuptools/_distutils/tests/__pycache__/test_check.cpython-314.pyc
setuptools/usr/lib/python3.14/site-packages/setuptools/_distutils/tests/__pycache__/test_filelist.cpython-314.pyc
setuptools/usr/lib/python3.14/site-packages/setuptools/_distutils/tests/__pycache__/test_install_data.cpython-314.opt-1.pyc
setuptools/usr/lib/python3.14/site-packages/setuptools/_distutils/tests/__pycache__/support.cpython-314.pyc
setuptools/usr/lib/python3.14/site-packages/setuptools/_distutils/tests/__pycache__/test_version.cpython-314.pyc
setuptools/usr/lib/python3.14/site-packages/setuptools/_distutils/tests/__pycache__/test_sdist.cpython-314.pyc
setuptools/usr/lib/python3.14/site-packages/setuptools/_distutils/tests/__pycache__/test_core.cpython-314.pyc
setuptools/usr/lib/python3.14/site-packages/setuptools/_distutils/tests/__pycache__/test_build_clib.cpython-314.opt-1.pyc
setuptools/usr/lib/python3.14/site-packages/setuptools/_distutils/tests/__pycache__/test_extension.cpython-314.pyc
setuptools/usr/lib/python3.14/site-packages/setuptools/_distutils/tests/__pycache__/test_file_util.cpython-314.pyc
setuptools/usr/lib/python3.14/site-packages/setuptools/_distutils/tests/__pycache__/test_build_scripts.cpython-314.opt-1.pyc
setuptools/usr/lib/python3.14/site-packages/setuptools/_distutils/tests/__pycache__/support.cpython-314.opt-1.pyc
setuptools/usr/lib/python3.14/site-packages/setuptools/_distutils/tests/__pycache__/test_versionpredicate.cpython-314.pyc
setuptools/usr/lib/python3.14/site-packages/setuptools/_distutils/tests/__pycache__/test_core.cpython-314.opt-1.pyc
setuptools/usr/lib/python3.14/site-packages/setuptools/_distutils/tests/__pycache__/test_text_file.cpython-314.opt-1.pyc
setuptools/usr/lib/python3.14/site-packages/setuptools/_distutils/tests/__pycache__/test_build_py.cpython-314.opt-1.pyc
setuptools/usr/lib/python3.14/site-packages/setuptools/_distutils/tests/__pycache__/test_dist.cpython-314.pyc
setuptools/usr/lib/python3.14/site-packages/setuptools/_distutils/tests/__pycache__/test_install_data.cpython-314.pyc
setuptools/usr/lib/python3.14/site-packages/setuptools/_distutils/tests/__pycache__/test_archive_util.cpython-314.pyc
setuptools/usr/lib/python3.14/site-packages/setuptools/_distutils/tests/__pycache__/test_build_ext.cpython-314.pyc
setuptools/usr/lib/python3.14/site-packages/setuptools/_distutils/tests/__pycache__/test_util.cpython-314.pyc
setuptools/usr/lib/python3.14/site-packages/setuptools/_distutils/tests/__pycache__/unix_compat.cpython-314.opt-1.pyc
setuptools/usr/lib/python3.14/site-packages/setuptools/_distutils/tests/__pycache__/test_install_headers.cpython-314.pyc
setuptools/usr/lib/python3.14/site-packages/setuptools/_distutils/tests/__pycache__/test_util.cpython-314.opt-1.pyc
setuptools/usr/lib/python3.14/site-packages/setuptools/_distutils/tests/__pycache__/test_build.cpython-314.pyc
setuptools/usr/lib/python3.14/site-packages/setuptools/_distutils/tests/__pycache__/test_cmd.cpython-314.opt-1.pyc
setuptools/usr/lib/python3.14/site-packages/setuptools/_distutils/tests/__pycache__/test_install_scripts.cpython-314.pyc
setuptools/usr/lib/python3.14/site-packages/setuptools/_distutils/tests/__pycache__/test_dir_util.cpython-314.opt-1.pyc
setuptools/usr/lib/python3.14/site-packages/setuptools/_distutils/tests/__pycache__/__init__.cpython-314.opt-1.pyc
setuptools/usr/lib/python3.14/site-packages/setuptools/_distutils/tests/__pycache__/test_modified.cpython-314.opt-1.pyc
setuptools/usr/lib/python3.14/site-packages/setuptools/_distutils/tests/__pycache__/test_filelist.cpython-314.opt-1.pyc
setuptools/usr/lib/python3.14/site-packages/setuptools/_distutils/tests/__pycache__/test_extension.cpython-314.opt-1.pyc
setuptools/usr/lib/python3.14/site-packages/setuptools/_distutils/tests/__pycache__/test_install.cpython-314.pyc
setuptools/usr/lib/python3.14/site-packages/setuptools/_distutils/tests/__pycache__/test_build_py.cpython-314.pyc
setuptools/usr/lib/python3.14/site-packages/setuptools/_distutils/tests/__pycache__/test_sdist.cpython-314.opt-1.pyc
setuptools/usr/lib/python3.14/site-packages/setuptools/_distutils/tests/__pycache__/test_build_ext.cpython-314.opt-1.pyc
setuptools/usr/lib/python3.14/site-packages/setuptools/_distutils/tests/__pycache__/test_sysconfig.cpython-314.opt-1.pyc
setuptools/usr/lib/python3.14/site-packages/setuptools/_distutils/tests/__pycache__/test_versionpredicate.cpython-314.opt-1.pyc
setuptools/usr/lib/python3.14/site-packages/setuptools/_distutils/tests/__pycache__/test_version.cpython-314.opt-1.pyc
setuptools/usr/lib/python3.14/site-packages/setuptools/_distutils/tests/__pycache__/test_sysconfig.cpython-314.pyc
setuptools/usr/lib/python3.14/site-packages/setuptools/_distutils/tests/__pycache__/test_config_cmd.cpython-314.pyc
setuptools/usr/lib/python3.14/site-packages/setuptools/_distutils/tests/__pycache__/test_bdist.cpython-314.pyc
setuptools/usr/lib/python3.14/site-packages/setuptools/_distutils/tests/__pycache__/test_bdist_dumb.cpython-314.opt-1.pyc
setuptools/usr/lib/python3.14/site-packages/setuptools/_distutils/tests/__pycache__/test_cmd.cpython-314.pyc
setuptools/usr/lib/python3.14/site-packages/setuptools/_distutils/tests/__pycache__/test_install.cpython-314.opt-1.pyc
setuptools/usr/lib/python3.14/site-packages/setuptools/_distutils/tests/__pycache__/test_modified.cpython-314.pyc
setuptools/usr/lib/python3.14/site-packages/setuptools/_distutils/tests/__pycache__/test_archive_util.cpython-314.opt-1.pyc
setuptools/usr/lib/python3.14/site-packages/setuptools/_distutils/tests/__pycache__/test_bdist.cpython-314.opt-1.pyc
setuptools/usr/lib/python3.14/site-packages/setuptools/_distutils/tests/__pycache__/test_check.cpython-314.opt-1.pyc
setuptools/usr/lib/python3.14/site-packages/setuptools/_distutils/tests/__pycache__/test_bdist_rpm.cpython-314.opt-1.pyc
setuptools/usr/lib/python3.14/site-packages/setuptools/_distutils/tests/__pycache__/test_file_util.cpython-314.opt-1.pyc
setuptools/usr/lib/python3.14/site-packages/setuptools/_distutils/tests/__pycache__/test_build_clib.cpython-314.pyc
setuptools/usr/lib/python3.14/site-packages/setuptools/_distutils/tests/__pycache__/test_dist.cpython-314.opt-1.pyc
setuptools/usr/lib/python3.14/site-packages/setuptools/_distutils/tests/__pycache__/test_bdist_dumb.cpython-314.pyc
setuptools/usr/lib/python3.14/site-packages/setuptools/_distutils/tests/__pycache__/test_install_lib.cpython-314.opt-1.pyc
setuptools/usr/lib/python3.14/site-packages/setuptools/_distutils/tests/__pycache__/test_clean.cpython-314.opt-1.pyc
setuptools/usr/lib/python3.14/site-packages/setuptools/_distutils/tests/__pycache__/test_spawn.cpython-314.pyc
setuptools/usr/lib/python3.14/site-packages/setuptools/_distutils/tests/__pycache__/test_bdist_rpm.cpython-314.pyc
setuptools/usr/lib/python3.14/site-packages/setuptools/_distutils/tests/__pycache__/test_spawn.cpython-314.opt-1.pyc
setuptools/usr/lib/python3.14/site-packages/setuptools/_distutils/tests/__pycache__/unix_compat.cpython-314.pyc
setuptools/usr/lib/python3.14/site-packages/setuptools/_distutils/tests/__pycache__/test_clean.cpython-314.pyc
setuptools/usr/lib/python3.14/site-packages/setuptools/_distutils/tests/__pycache__/__init__.cpython-314.pyc
setuptools/usr/lib/python3.14/site-packages/setuptools/_distutils/tests/__pycache__/test_install_headers.cpython-314.opt-1.pyc
setuptools/usr/lib/python3.14/site-packages/setuptools/_distutils/tests/__pycache__/test_build.cpython-314.opt-1.pyc
setuptools/usr/lib/python3.14/site-packages/setuptools/_distutils/tests/__pycache__/test_log.cpython-314.opt-1.pyc
setuptools/usr/lib/python3.14/site-packages/setuptools/_distutils/tests/__pycache__/test_install_lib.cpython-314.pyc
setuptools/usr/lib/python3.14/site-packages/setuptools/_distutils/tests/__pycache__/test_config_cmd.cpython-314.opt-1.pyc
setuptools/usr/lib/python3.14/site-packages/setuptools/_distutils/tests/__pycache__/test_build_scripts.cpython-314.pyc
setuptools/usr/lib/python3.14/site-packages/setuptools/_distutils/tests/__pycache__/test_dir_util.cpython-314.pyc
setuptools/usr/lib/python3.14/site-packages/setuptools/_distutils/tests/__pycache__/test_log.cpython-314.pyc
setuptools/usr/lib/python3.14/site-packages/setuptools/_distutils/tests/__pycache__/test_install_scripts.cpython-314.opt-1.pyc
setuptools/usr/lib/python3.14/site-packages/setuptools/_distutils/tests/test_install.py
setuptools/usr/lib/python3.14/site-packages/setuptools/_distutils/tests/test_check.py
setuptools/usr/lib/python3.14/site-packages/setuptools/_distutils/tests/test_build_ext.py
setuptools/usr/lib/python3.14/site-packages/setuptools/_distutils/tests/test_install_data.py
setuptools/usr/lib/python3.14/site-packages/setuptools/_distutils/tests/test_version.py
setuptools/usr/lib/python3.14/site-packages/setuptools/_distutils/tests/test_log.py
setuptools/usr/lib/python3.14/site-packages/setuptools/_distutils/tests/test_build.py
setuptools/usr/lib/python3.14/site-packages/setuptools/_distutils/tests/test_text_file.py
setuptools/usr/lib/python3.14/site-packages/setuptools/_distutils/tests/test_util.py
setuptools/usr/lib/python3.14/site-packages/setuptools/_distutils/tests/test_config_cmd.py
setuptools/usr/lib/python3.14/site-packages/setuptools/_distutils/tests/test_install_headers.py
setuptools/usr/lib/python3.14/site-packages/setuptools/_distutils/tests/test_sdist.py
setuptools/usr/lib/python3.14/site-packages/setuptools/_distutils/tests/test_bdist_dumb.py
setuptools/usr/lib/python3.14/site-packages/setuptools/_distutils/tests/__init__.py
setuptools/usr/lib/python3.14/site-packages/setuptools/_distutils/tests/test_build_py.py
setuptools/usr/lib/python3.14/site-packages/setuptools/_distutils/tests/test_versionpredicate.py
setuptools/usr/lib/python3.14/site-packages/setuptools/_distutils/tests/test_core.py
setuptools/usr/lib/python3.14/site-packages/setuptools/_distutils/tests/test_install_scripts.py
setuptools/usr/lib/python3.14/site-packages/setuptools/_distutils/tests/test_clean.py
setuptools/usr/lib/python3.14/site-packages/setuptools/_distutils/tests/support.py
setuptools/usr/lib/python3.14/site-packages/setuptools/_distutils/tests/test_modified.py
setuptools/usr/lib/python3.14/site-packages/setuptools/_distutils/tests/test_spawn.py
setuptools/usr/lib/python3.14/site-packages/setuptools/_distutils/tests/test_dist.py
setuptools/usr/lib/python3.14/site-packages/setuptools/_distutils/tests/test_extension.py
setuptools/usr/lib/python3.14/site-packages/setuptools/_distutils/tests/test_file_util.py
setuptools/usr/lib/python3.14/site-packages/setuptools/_distutils/tests/test_sysconfig.py
setuptools/usr/lib/python3.14/site-packages/setuptools/_distutils/tests/test_cmd.py
setuptools/usr/lib/python3.14/site-packages/setuptools/_distutils/tests/test_archive_util.py
setuptools/usr/lib/python3.14/site-packages/setuptools/_distutils/tests/test_filelist.py
setuptools/usr/lib/python3.14/site-packages/setuptools/_distutils/tests/test_install_lib.py
setuptools/usr/lib/python3.14/site-packages/setuptools/_distutils/tests/test_dir_util.py
setuptools/usr/lib/python3.14/site-packages/setuptools/_distutils/compat/
setuptools/usr/lib/python3.14/site-packages/setuptools/_distutils/compat/__pycache__/
setuptools/usr/lib/python3.14/site-packages/setuptools/_distutils/compat/__pycache__/numpy.cpython-314.opt-1.pyc
setuptools/usr/lib/python3.14/site-packages/setuptools/_distutils/compat/__pycache__/__init__.cpython-314.opt-1.pyc
setuptools/usr/lib/python3.14/site-packages/setuptools/_distutils/compat/__pycache__/numpy.cpython-314.pyc
setuptools/usr/lib/python3.14/site-packages/setuptools/_distutils/compat/__pycache__/py39.cpython-314.opt-1.pyc
setuptools/usr/lib/python3.14/site-packages/setuptools/_distutils/compat/__pycache__/__init__.cpython-314.pyc
setuptools/usr/lib/python3.14/site-packages/setuptools/_distutils/compat/__pycache__/py39.cpython-314.pyc
setuptools/usr/lib/python3.14/site-packages/setuptools/_distutils/compat/py39.py
setuptools/usr/lib/python3.14/site-packages/setuptools/_distutils/compat/__init__.py
setuptools/usr/lib/python3.14/site-packages/setuptools/_distutils/compat/numpy.py
setuptools/usr/lib/python3.14/site-packages/setuptools/_distutils/fancy_getopt.py
setuptools/usr/lib/python3.14/site-packages/setuptools/_distutils/text_file.py
setuptools/usr/lib/python3.14/site-packages/setuptools/_distutils/archive_util.py
setuptools/usr/lib/python3.14/site-packages/setuptools/_distutils/__pycache__/
setuptools/usr/lib/python3.14/site-packages/setuptools/_distutils/__pycache__/zosccompiler.cpython-314.opt-1.pyc
setuptools/usr/lib/python3.14/site-packages/setuptools/_distutils/__pycache__/core.cpython-314.pyc
setuptools/usr/lib/python3.14/site-packages/setuptools/_distutils/__pycache__/version.cpython-314.opt-1.pyc
setuptools/usr/lib/python3.14/site-packages/setuptools/_distutils/__pycache__/dep_util.cpython-314.pyc
setuptools/usr/lib/python3.14/site-packages/setuptools/_distutils/__pycache__/_macos_compat.cpython-314.pyc
setuptools/usr/lib/python3.14/site-packages/setuptools/_distutils/__pycache__/archive_util.cpython-314.opt-1.pyc
setuptools/usr/lib/python3.14/site-packages/setuptools/_distutils/__pycache__/fancy_getopt.cpython-314.pyc
setuptools/usr/lib/python3.14/site-packages/setuptools/_distutils/__pycache__/_log.cpython-314.opt-1.pyc
setuptools/usr/lib/python3.14/site-packages/setuptools/_distutils/__pycache__/cygwinccompiler.cpython-314.pyc
setuptools/usr/lib/python3.14/site-packages/setuptools/_distutils/__pycache__/_log.cpython-314.pyc
setuptools/usr/lib/python3.14/site-packages/setuptools/_distutils/__pycache__/filelist.cpython-314.opt-1.pyc
setuptools/usr/lib/python3.14/site-packages/setuptools/_distutils/__pycache__/debug.cpython-314.pyc
setuptools/usr/lib/python3.14/site-packages/setuptools/_distutils/__pycache__/_modified.cpython-314.pyc
setuptools/usr/lib/python3.14/site-packages/setuptools/_distutils/__pycache__/sysconfig.cpython-314.pyc
setuptools/usr/lib/python3.14/site-packages/setuptools/_distutils/__pycache__/spawn.cpython-314.opt-1.pyc
setuptools/usr/lib/python3.14/site-packages/setuptools/_distutils/__pycache__/_modified.cpython-314.opt-1.pyc
setuptools/usr/lib/python3.14/site-packages/setuptools/_distutils/__pycache__/versionpredicate.cpython-314.pyc
setuptools/usr/lib/python3.14/site-packages/setuptools/_distutils/__pycache__/dist.cpython-314.opt-1.pyc
setuptools/usr/lib/python3.14/site-packages/setuptools/_distutils/__pycache__/extension.cpython-314.opt-1.pyc
setuptools/usr/lib/python3.14/site-packages/setuptools/_distutils/__pycache__/__init__.cpython-314.opt-1.pyc
setuptools/usr/lib/python3.14/site-packages/setuptools/_distutils/__pycache__/_msvccompiler.cpython-314.opt-1.pyc
setuptools/usr/lib/python3.14/site-packages/setuptools/_distutils/__pycache__/file_util.cpython-314.pyc
setuptools/usr/lib/python3.14/site-packages/setuptools/_distutils/__pycache__/fancy_getopt.cpython-314.opt-1.pyc
setuptools/usr/lib/python3.14/site-packages/setuptools/_distutils/__pycache__/cmd.cpython-314.pyc
setuptools/usr/lib/python3.14/site-packages/setuptools/_distutils/__pycache__/dist.cpython-314.pyc
setuptools/usr/lib/python3.14/site-packages/setuptools/_distutils/__pycache__/filelist.cpython-314.pyc
setuptools/usr/lib/python3.14/site-packages/setuptools/_distutils/__pycache__/unixccompiler.cpython-314.pyc
setuptools/usr/lib/python3.14/site-packages/setuptools/_distutils/__pycache__/extension.cpython-314.pyc
setuptools/usr/lib/python3.14/site-packages/setuptools/_distutils/__pycache__/log.cpython-314.pyc
setuptools/usr/lib/python3.14/site-packages/setuptools/_distutils/__pycache__/text_file.cpython-314.pyc
setuptools/usr/lib/python3.14/site-packages/setuptools/_distutils/__pycache__/core.cpython-314.opt-1.pyc
setuptools/usr/lib/python3.14/site-packages/setuptools/_distutils/__pycache__/errors.cpython-314.opt-1.pyc
setuptools/usr/lib/python3.14/site-packages/setuptools/_distutils/__pycache__/debug.cpython-314.opt-1.pyc
setuptools/usr/lib/python3.14/site-packages/setuptools/_distutils/__pycache__/util.cpython-314.pyc
setuptools/usr/lib/python3.14/site-packages/setuptools/_distutils/__pycache__/log.cpython-314.opt-1.pyc
setuptools/usr/lib/python3.14/site-packages/setuptools/_distutils/__pycache__/dir_util.cpython-314.pyc
setuptools/usr/lib/python3.14/site-packages/setuptools/_distutils/__pycache__/dir_util.cpython-314.opt-1.pyc
setuptools/usr/lib/python3.14/site-packages/setuptools/_distutils/__pycache__/archive_util.cpython-314.pyc
setuptools/usr/lib/python3.14/site-packages/setuptools/_distutils/__pycache__/_macos_compat.cpython-314.opt-1.pyc
setuptools/usr/lib/python3.14/site-packages/setuptools/_distutils/__pycache__/_msvccompiler.cpython-314.pyc
setuptools/usr/lib/python3.14/site-packages/setuptools/_distutils/__pycache__/text_file.cpython-314.opt-1.pyc
setuptools/usr/lib/python3.14/site-packages/setuptools/_distutils/__pycache__/cygwinccompiler.cpython-314.opt-1.pyc
setuptools/usr/lib/python3.14/site-packages/setuptools/_distutils/__pycache__/dep_util.cpython-314.opt-1.pyc
setuptools/usr/lib/python3.14/site-packages/setuptools/_distutils/__pycache__/file_util.cpython-314.opt-1.pyc
setuptools/usr/lib/python3.14/site-packages/setuptools/_distutils/__pycache__/zosccompiler.cpython-314.pyc
setuptools/usr/lib/python3.14/site-packages/setuptools/_distutils/__pycache__/__init__.cpython-314.pyc
setuptools/usr/lib/python3.14/site-packages/setuptools/_distutils/__pycache__/spawn.cpython-314.pyc
setuptools/usr/lib/python3.14/site-packages/setuptools/_distutils/__pycache__/sysconfig.cpython-314.opt-1.pyc
setuptools/usr/lib/python3.14/site-packages/setuptools/_distutils/__pycache__/unixccompiler.cpython-314.opt-1.pyc
setuptools/usr/lib/python3.14/site-packages/setuptools/_distutils/__pycache__/cmd.cpython-314.opt-1.pyc
setuptools/usr/lib/python3.14/site-packages/setuptools/_distutils/__pycache__/errors.cpython-314.pyc
setuptools/usr/lib/python3.14/site-packages/setuptools/_distutils/__pycache__/version.cpython-314.pyc
setuptools/usr/lib/python3.14/site-packages/setuptools/_distutils/__pycache__/util.cpython-314.opt-1.pyc
setuptools/usr/lib/python3.14/site-packages/setuptools/_distutils/__pycache__/ccompiler.cpython-314.pyc
setuptools/usr/lib/python3.14/site-packages/setuptools/_distutils/__pycache__/versionpredicate.cpython-314.opt-1.pyc
setuptools/usr/lib/python3.14/site-packages/setuptools/_distutils/__pycache__/ccompiler.cpython-314.opt-1.pyc
setuptools/usr/lib/python3.14/site-packages/setuptools/_distutils/core.py
setuptools/usr/lib/python3.14/site-packages/setuptools/_distutils/sysconfig.py
setuptools/usr/lib/python3.14/site-packages/setuptools/_distutils/_modified.py
setuptools/usr/lib/python3.14/site-packages/setuptools/_distutils/extension.py
setuptools/usr/lib/python3.14/site-packages/setuptools/_distutils/_msvccompiler.py
setuptools/usr/lib/python3.14/site-packages/setuptools/_distutils/_macos_compat.py
setuptools/usr/lib/python3.14/site-packages/setuptools/_distutils/dist.py
setuptools/usr/lib/python3.14/site-packages/setuptools/_distutils/ccompiler.py
setuptools/usr/lib/python3.14/site-packages/setuptools/_distutils/_log.py
setuptools/usr/lib/python3.14/site-packages/setuptools/_distutils/util.py
setuptools/usr/lib/python3.14/site-packages/setuptools/_distutils/__init__.py
setuptools/usr/lib/python3.14/site-packages/setuptools/_distutils/debug.py
setuptools/usr/lib/python3.14/site-packages/setuptools/_distutils/compilers/
setuptools/usr/lib/python3.14/site-packages/setuptools/_distutils/compilers/C/
setuptools/usr/lib/python3.14/site-packages/setuptools/_distutils/compilers/C/cygwin.py
setuptools/usr/lib/python3.14/site-packages/setuptools/_distutils/compilers/C/tests/
setuptools/usr/lib/python3.14/site-packages/setuptools/_distutils/compilers/C/tests/test_cygwin.py
setuptools/usr/lib/python3.14/site-packages/setuptools/_distutils/compilers/C/tests/test_unix.py
setuptools/usr/lib/python3.14/site-packages/setuptools/_distutils/compilers/C/tests/__pycache__/
setuptools/usr/lib/python3.14/site-packages/setuptools/_distutils/compilers/C/tests/__pycache__/test_cygwin.cpython-314.opt-1.pyc
setuptools/usr/lib/python3.14/site-packages/setuptools/_distutils/compilers/C/tests/__pycache__/test_cygwin.cpython-314.pyc
setuptools/usr/lib/python3.14/site-packages/setuptools/_distutils/compilers/C/tests/__pycache__/test_unix.cpython-314.pyc
setuptools/usr/lib/python3.14/site-packages/setuptools/_distutils/compilers/C/tests/__pycache__/test_msvc.cpython-314.pyc
setuptools/usr/lib/python3.14/site-packages/setuptools/_distutils/compilers/C/tests/__pycache__/test_mingw.cpython-314.opt-1.pyc
setuptools/usr/lib/python3.14/site-packages/setuptools/_distutils/compilers/C/tests/__pycache__/test_unix.cpython-314.opt-1.pyc
setuptools/usr/lib/python3.14/site-packages/setuptools/_distutils/compilers/C/tests/__pycache__/test_mingw.cpython-314.pyc
setuptools/usr/lib/python3.14/site-packages/setuptools/_distutils/compilers/C/tests/__pycache__/test_base.cpython-314.opt-1.pyc
setuptools/usr/lib/python3.14/site-packages/setuptools/_distutils/compilers/C/tests/__pycache__/test_msvc.cpython-314.opt-1.pyc
setuptools/usr/lib/python3.14/site-packages/setuptools/_distutils/compilers/C/tests/__pycache__/test_base.cpython-314.pyc
setuptools/usr/lib/python3.14/site-packages/setuptools/_distutils/compilers/C/tests/test_base.py
setuptools/usr/lib/python3.14/site-packages/setuptools/_distutils/compilers/C/tests/test_mingw.py
setuptools/usr/lib/python3.14/site-packages/setuptools/_distutils/compilers/C/tests/test_msvc.py
setuptools/usr/lib/python3.14/site-packages/setuptools/_distutils/compilers/C/__pycache__/
setuptools/usr/lib/python3.14/site-packages/setuptools/_distutils/compilers/C/__pycache__/base.cpython-314.opt-1.pyc
setuptools/usr/lib/python3.14/site-packages/setuptools/_distutils/compilers/C/__pycache__/cygwin.cpython-314.pyc
setuptools/usr/lib/python3.14/site-packages/setuptools/_distutils/compilers/C/__pycache__/msvc.cpython-314.opt-1.pyc
setuptools/usr/lib/python3.14/site-packages/setuptools/_distutils/compilers/C/__pycache__/base.cpython-314.pyc
setuptools/usr/lib/python3.14/site-packages/setuptools/_distutils/compilers/C/__pycache__/errors.cpython-314.opt-1.pyc
setuptools/usr/lib/python3.14/site-packages/setuptools/_distutils/compilers/C/__pycache__/cygwin.cpython-314.opt-1.pyc
setuptools/usr/lib/python3.14/site-packages/setuptools/_distutils/compilers/C/__pycache__/unix.cpython-314.opt-1.pyc
setuptools/usr/lib/python3.14/site-packages/setuptools/_distutils/compilers/C/__pycache__/zos.cpython-314.opt-1.pyc
setuptools/usr/lib/python3.14/site-packages/setuptools/_distutils/compilers/C/__pycache__/unix.cpython-314.pyc
setuptools/usr/lib/python3.14/site-packages/setuptools/_distutils/compilers/C/__pycache__/msvc.cpython-314.pyc
setuptools/usr/lib/python3.14/site-packages/setuptools/_distutils/compilers/C/__pycache__/errors.cpython-314.pyc
setuptools/usr/lib/python3.14/site-packages/setuptools/_distutils/compilers/C/__pycache__/zos.cpython-314.pyc
setuptools/usr/lib/python3.14/site-packages/setuptools/_distutils/compilers/C/unix.py
setuptools/usr/lib/python3.14/site-packages/setuptools/_distutils/compilers/C/msvc.py
setuptools/usr/lib/python3.14/site-packages/setuptools/_distutils/compilers/C/base.py
setuptools/usr/lib/python3.14/site-packages/setuptools/_distutils/compilers/C/errors.py
setuptools/usr/lib/python3.14/site-packages/setuptools/_distutils/compilers/C/zos.py
setuptools/usr/lib/python3.14/site-packages/setuptools/_distutils/cygwinccompiler.py
setuptools/usr/lib/python3.14/site-packages/setuptools/_distutils/zosccompiler.py
setuptools/usr/lib/python3.14/site-packages/setuptools/_distutils/errors.py
setuptools/usr/lib/python3.14/site-packages/setuptools/_distutils/spawn.py
setuptools/usr/lib/python3.14/site-packages/setuptools/_distutils/unixccompiler.py
setuptools/usr/lib/python3.14/site-packages/setuptools/_distutils/versionpredicate.py
setuptools/usr/lib/python3.14/site-packages/setuptools/_distutils/filelist.py
setuptools/usr/lib/python3.14/site-packages/setuptools/_distutils/command/
setuptools/usr/lib/python3.14/site-packages/setuptools/_distutils/command/bdist_rpm.py
setuptools/usr/lib/python3.14/site-packages/setuptools/_distutils/command/bdist.py
setuptools/usr/lib/python3.14/site-packages/setuptools/_distutils/command/__pycache__/
setuptools/usr/lib/python3.14/site-packages/setuptools/_distutils/command/__pycache__/_framework_compat.cpython-314.pyc
setuptools/usr/lib/python3.14/site-packages/setuptools/_distutils/command/__pycache__/config.cpython-314.pyc
setuptools/usr/lib/python3.14/site-packages/setuptools/_distutils/command/__pycache__/install_headers.cpython-314.pyc
setuptools/usr/lib/python3.14/site-packages/setuptools/_distutils/command/__pycache__/install.cpython-314.pyc
setuptools/usr/lib/python3.14/site-packages/setuptools/_distutils/command/__pycache__/build_scripts.cpython-314.pyc
setuptools/usr/lib/python3.14/site-packages/setuptools/_distutils/command/__pycache__/bdist_dumb.cpython-314.opt-1.pyc
setuptools/usr/lib/python3.14/site-packages/setuptools/_distutils/command/__pycache__/bdist.cpython-314.pyc
setuptools/usr/lib/python3.14/site-packages/setuptools/_distutils/command/__pycache__/install_data.cpython-314.pyc
setuptools/usr/lib/python3.14/site-packages/setuptools/_distutils/command/__pycache__/install_scripts.cpython-314.opt-1.pyc
setuptools/usr/lib/python3.14/site-packages/setuptools/_distutils/command/__pycache__/clean.cpython-314.opt-1.pyc
setuptools/usr/lib/python3.14/site-packages/setuptools/_distutils/command/__pycache__/install_lib.cpython-314.opt-1.pyc
setuptools/usr/lib/python3.14/site-packages/setuptools/_distutils/command/__pycache__/sdist.cpython-314.pyc
setuptools/usr/lib/python3.14/site-packages/setuptools/_distutils/command/__pycache__/build_py.cpython-314.pyc
setuptools/usr/lib/python3.14/site-packages/setuptools/_distutils/command/__pycache__/__init__.cpython-314.opt-1.pyc
setuptools/usr/lib/python3.14/site-packages/setuptools/_distutils/command/__pycache__/bdist_rpm.cpython-314.opt-1.pyc
setuptools/usr/lib/python3.14/site-packages/setuptools/_distutils/command/__pycache__/install_egg_info.cpython-314.opt-1.pyc
setuptools/usr/lib/python3.14/site-packages/setuptools/_distutils/command/__pycache__/bdist.cpython-314.opt-1.pyc
setuptools/usr/lib/python3.14/site-packages/setuptools/_distutils/command/__pycache__/sdist.cpython-314.opt-1.pyc
setuptools/usr/lib/python3.14/site-packages/setuptools/_distutils/command/__pycache__/bdist_rpm.cpython-314.pyc
setuptools/usr/lib/python3.14/site-packages/setuptools/_distutils/command/__pycache__/install_scripts.cpython-314.pyc
setuptools/usr/lib/python3.14/site-packages/setuptools/_distutils/command/__pycache__/clean.cpython-314.pyc
setuptools/usr/lib/python3.14/site-packages/setuptools/_distutils/command/__pycache__/bdist_dumb.cpython-314.pyc
setuptools/usr/lib/python3.14/site-packages/setuptools/_distutils/command/__pycache__/build_clib.cpython-314.opt-1.pyc
setuptools/usr/lib/python3.14/site-packages/setuptools/_distutils/command/__pycache__/install_lib.cpython-314.pyc
setuptools/usr/lib/python3.14/site-packages/setuptools/_distutils/command/__pycache__/build_scripts.cpython-314.opt-1.pyc
setuptools/usr/lib/python3.14/site-packages/setuptools/_distutils/command/__pycache__/build.cpython-314.opt-1.pyc
setuptools/usr/lib/python3.14/site-packages/setuptools/_distutils/command/__pycache__/install.cpython-314.opt-1.pyc
setuptools/usr/lib/python3.14/site-packages/setuptools/_distutils/command/__pycache__/build_ext.cpython-314.pyc
setuptools/usr/lib/python3.14/site-packages/setuptools/_distutils/command/__pycache__/build_clib.cpython-314.pyc
setuptools/usr/lib/python3.14/site-packages/setuptools/_distutils/command/__pycache__/install_egg_info.cpython-314.pyc
setuptools/usr/lib/python3.14/site-packages/setuptools/_distutils/command/__pycache__/build.cpython-314.pyc
setuptools/usr/lib/python3.14/site-packages/setuptools/_distutils/command/__pycache__/build_ext.cpython-314.opt-1.pyc
setuptools/usr/lib/python3.14/site-packages/setuptools/_distutils/command/__pycache__/check.cpython-314.pyc
setuptools/usr/lib/python3.14/site-packages/setuptools/_distutils/command/__pycache__/_framework_compat.cpython-314.opt-1.pyc
setuptools/usr/lib/python3.14/site-packages/setuptools/_distutils/command/__pycache__/build_py.cpython-314.opt-1.pyc
setuptools/usr/lib/python3.14/site-packages/setuptools/_distutils/command/__pycache__/__init__.cpython-314.pyc
setuptools/usr/lib/python3.14/site-packages/setuptools/_distutils/command/__pycache__/install_data.cpython-314.opt-1.pyc
setuptools/usr/lib/python3.14/site-packages/setuptools/_distutils/command/__pycache__/check.cpython-314.opt-1.pyc
setuptools/usr/lib/python3.14/site-packages/setuptools/_distutils/command/__pycache__/config.cpython-314.opt-1.pyc
setuptools/usr/lib/python3.14/site-packages/setuptools/_distutils/command/__pycache__/install_headers.cpython-314.opt-1.pyc
setuptools/usr/lib/python3.14/site-packages/setuptools/_distutils/command/clean.py
setuptools/usr/lib/python3.14/site-packages/setuptools/_distutils/command/build_scripts.py
setuptools/usr/lib/python3.14/site-packages/setuptools/_distutils/command/install_lib.py
setuptools/usr/lib/python3.14/site-packages/setuptools/_distutils/command/build_py.py
setuptools/usr/lib/python3.14/site-packages/setuptools/_distutils/command/install_scripts.py
setuptools/usr/lib/python3.14/site-packages/setuptools/_distutils/command/install_headers.py
setuptools/usr/lib/python3.14/site-packages/setuptools/_distutils/command/__init__.py
setuptools/usr/lib/python3.14/site-packages/setuptools/_distutils/command/config.py
setuptools/usr/lib/python3.14/site-packages/setuptools/_distutils/command/_framework_compat.py
setuptools/usr/lib/python3.14/site-packages/setuptools/_distutils/command/build_ext.py
setuptools/usr/lib/python3.14/site-packages/setuptools/_distutils/command/build.py
setuptools/usr/lib/python3.14/site-packages/setuptools/_distutils/command/install_data.py
setuptools/usr/lib/python3.14/site-packages/setuptools/_distutils/command/build_clib.py
setuptools/usr/lib/python3.14/site-packages/setuptools/_distutils/command/bdist_dumb.py
setuptools/usr/lib/python3.14/site-packages/setuptools/_distutils/command/check.py
setuptools/usr/lib/python3.14/site-packages/setuptools/_distutils/command/install_egg_info.py
setuptools/usr/lib/python3.14/site-packages/setuptools/_distutils/command/install.py
setuptools/usr/lib/python3.14/site-packages/setuptools/_distutils/command/sdist.py
setuptools/usr/lib/python3.14/site-packages/setuptools/_distutils/cmd.py
setuptools/usr/lib/python3.14/site-packages/setuptools/_distutils/file_util.py
setuptools/usr/lib/python3.14/site-packages/setuptools/_distutils/version.py
setuptools/usr/lib/python3.14/site-packages/setuptools/_distutils/dir_util.py
setuptools/usr/lib/python3.14/site-packages/setuptools/__init__.py
setuptools/usr/lib/python3.14/site-packages/setuptools/discovery.py
setuptools/usr/lib/python3.14/site-packages/setuptools/script (dev).tmpl
setuptools/usr/lib/python3.14/site-packages/setuptools/cli-64.exe
setuptools/usr/lib/python3.14/site-packages/setuptools/_normalization.py
setuptools/usr/lib/python3.14/site-packages/setuptools/launcher manifest.xml
setuptools/usr/lib/python3.14/site-packages/setuptools/errors.py
setuptools/usr/lib/python3.14/site-packages/setuptools/launch.py
setuptools/usr/lib/python3.14/site-packages/setuptools/_imp.py
setuptools/usr/lib/python3.14/site-packages/setuptools/_path.py
setuptools/usr/lib/python3.14/site-packages/setuptools/cli.exe
setuptools/usr/lib/python3.14/site-packages/setuptools/monkey.py
setuptools/usr/lib/python3.14/site-packages/setuptools/_entry_points.py
setuptools/usr/lib/python3.14/site-packages/setuptools/_vendor/
setuptools/usr/lib/python3.14/site-packages/setuptools/_vendor/wheel/
setuptools/usr/lib/python3.14/site-packages/setuptools/_vendor/wheel/wheelfile.py
setuptools/usr/lib/python3.14/site-packages/setuptools/_vendor/wheel/__pycache__/
setuptools/usr/lib/python3.14/site-packages/setuptools/_vendor/wheel/__pycache__/_metadata.cpython-314.pyc
setuptools/usr/lib/python3.14/site-packages/setuptools/_vendor/wheel/__pycache__/metadata.cpython-314.opt-1.pyc
setuptools/usr/lib/python3.14/site-packages/setuptools/_vendor/wheel/__pycache__/__init__.cpython-314.opt-1.pyc
setuptools/usr/lib/python3.14/site-packages/setuptools/_vendor/wheel/__pycache__/macosx_libfile.cpython-314.pyc
setuptools/usr/lib/python3.14/site-packages/setuptools/_vendor/wheel/__pycache__/_setuptools_logging.cpython-314.opt-1.pyc
setuptools/usr/lib/python3.14/site-packages/setuptools/_vendor/wheel/__pycache__/__main__.cpython-314.opt-1.pyc
setuptools/usr/lib/python3.14/site-packages/setuptools/_vendor/wheel/__pycache__/_bdist_wheel.cpython-314.opt-1.pyc
setuptools/usr/lib/python3.14/site-packages/setuptools/_vendor/wheel/__pycache__/bdist_wheel.cpython-314.pyc
setuptools/usr/lib/python3.14/site-packages/setuptools/_vendor/wheel/__pycache__/metadata.cpython-314.pyc
setuptools/usr/lib/python3.14/site-packages/setuptools/_vendor/wheel/__pycache__/wheelfile.cpython-314.opt-1.pyc
setuptools/usr/lib/python3.14/site-packages/setuptools/_vendor/wheel/__pycache__/_setuptools_logging.cpython-314.pyc
setuptools/usr/lib/python3.14/site-packages/setuptools/_vendor/wheel/__pycache__/__main__.cpython-314.pyc
setuptools/usr/lib/python3.14/site-packages/setuptools/_vendor/wheel/__pycache__/__init__.cpython-314.pyc
setuptools/usr/lib/python3.14/site-packages/setuptools/_vendor/wheel/__pycache__/wheelfile.cpython-314.pyc
setuptools/usr/lib/python3.14/site-packages/setuptools/_vendor/wheel/__pycache__/_bdist_wheel.cpython-314.pyc
setuptools/usr/lib/python3.14/site-packages/setuptools/_vendor/wheel/__pycache__/bdist_wheel.cpython-314.opt-1.pyc
setuptools/usr/lib/python3.14/site-packages/setuptools/_vendor/wheel/__pycache__/macosx_libfile.cpython-314.opt-1.pyc
setuptools/usr/lib/python3.14/site-packages/setuptools/_vendor/wheel/__pycache__/_metadata.cpython-314.opt-1.pyc
setuptools/usr/lib/python3.14/site-packages/setuptools/_vendor/wheel/bdist_wheel.py
setuptools/usr/lib/python3.14/site-packages/setuptools/_vendor/wheel/_metadata.py
setuptools/usr/lib/python3.14/site-packages/setuptools/_vendor/wheel/__main__.py
setuptools/usr/lib/python3.14/site-packages/setuptools/_vendor/wheel/metadata.py
setuptools/usr/lib/python3.14/site-packages/setuptools/_vendor/wheel/_commands/
setuptools/usr/lib/python3.14/site-packages/setuptools/_vendor/wheel/_commands/convert.py
setuptools/usr/lib/python3.14/site-packages/setuptools/_vendor/wheel/_commands/__pycache__/
setuptools/usr/lib/python3.14/site-packages/setuptools/_vendor/wheel/_commands/__pycache__/pack.cpython-314.opt-1.pyc
setuptools/usr/lib/python3.14/site-packages/setuptools/_vendor/wheel/_commands/__pycache__/tags.cpython-314.opt-1.pyc
setuptools/usr/lib/python3.14/site-packages/setuptools/_vendor/wheel/_commands/__pycache__/__init__.cpython-314.opt-1.pyc
setuptools/usr/lib/python3.14/site-packages/setuptools/_vendor/wheel/_commands/__pycache__/convert.cpython-314.opt-1.pyc
setuptools/usr/lib/python3.14/site-packages/setuptools/_vendor/wheel/_commands/__pycache__/tags.cpython-314.pyc
setuptools/usr/lib/python3.14/site-packages/setuptools/_vendor/wheel/_commands/__pycache__/unpack.cpython-314.opt-1.pyc
setuptools/usr/lib/python3.14/site-packages/setuptools/_vendor/wheel/_commands/__pycache__/pack.cpython-314.pyc
setuptools/usr/lib/python3.14/site-packages/setuptools/_vendor/wheel/_commands/__pycache__/__init__.cpython-314.pyc
setuptools/usr/lib/python3.14/site-packages/setuptools/_vendor/wheel/_commands/__pycache__/unpack.cpython-314.pyc
setuptools/usr/lib/python3.14/site-packages/setuptools/_vendor/wheel/_commands/__pycache__/convert.cpython-314.pyc
setuptools/usr/lib/python3.14/site-packages/setuptools/_vendor/wheel/_commands/unpack.py
setuptools/usr/lib/python3.14/site-packages/setuptools/_vendor/wheel/_commands/__init__.py
setuptools/usr/lib/python3.14/site-packages/setuptools/_vendor/wheel/_commands/pack.py
setuptools/usr/lib/python3.14/site-packages/setuptools/_vendor/wheel/_commands/tags.py
setuptools/usr/lib/python3.14/site-packages/setuptools/_vendor/wheel/__init__.py
setuptools/usr/lib/python3.14/site-packages/setuptools/_vendor/wheel/_bdist_wheel.py
setuptools/usr/lib/python3.14/site-packages/setuptools/_vendor/wheel/macosx_libfile.py
setuptools/usr/lib/python3.14/site-packages/setuptools/_vendor/wheel/_setuptools_logging.py
setuptools/usr/lib/python3.14/site-packages/setuptools/_vendor/importlib_metadata-8.7.1.dist-info/
setuptools/usr/lib/python3.14/site-packages/setuptools/_vendor/importlib_metadata-8.7.1.dist-info/RECORD
setuptools/usr/lib/python3.14/site-packages/setuptools/_vendor/importlib_metadata-8.7.1.dist-info/METADATA
setuptools/usr/lib/python3.14/site-packages/setuptools/_vendor/importlib_metadata-8.7.1.dist-info/REQUESTED
setuptools/usr/lib/python3.14/site-packages/setuptools/_vendor/importlib_metadata-8.7.1.dist-info/top_level.txt
setuptools/usr/lib/python3.14/site-packages/setuptools/_vendor/importlib_metadata-8.7.1.dist-info/WHEEL
setuptools/usr/lib/python3.14/site-packages/setuptools/_vendor/importlib_metadata-8.7.1.dist-info/licenses/
setuptools/usr/lib/python3.14/site-packages/setuptools/_vendor/importlib_metadata-8.7.1.dist-info/licenses/LICENSE
setuptools/usr/lib/python3.14/site-packages/setuptools/_vendor/importlib_metadata-8.7.1.dist-info/INSTALLER
setuptools/usr/lib/python3.14/site-packages/setuptools/_vendor/packaging-26.0.dist-info/
setuptools/usr/lib/python3.14/site-packages/setuptools/_vendor/packaging-26.0.dist-info/RECORD
setuptools/usr/lib/python3.14/site-packages/setuptools/_vendor/packaging-26.0.dist-info/METADATA
setuptools/usr/lib/python3.14/site-packages/setuptools/_vendor/packaging-26.0.dist-info/REQUESTED
setuptools/usr/lib/python3.14/site-packages/setuptools/_vendor/packaging-26.0.dist-info/WHEEL
setuptools/usr/lib/python3.14/site-packages/setuptools/_vendor/packaging-26.0.dist-info/licenses/
setuptools/usr/lib/python3.14/site-packages/setuptools/_vendor/packaging-26.0.dist-info/licenses/LICENSE.BSD
setuptools/usr/lib/python3.14/site-packages/setuptools/_vendor/packaging-26.0.dist-info/licenses/LICENSE.APACHE
setuptools/usr/lib/python3.14/site-packages/setuptools/_vendor/packaging-26.0.dist-info/licenses/LICENSE
setuptools/usr/lib/python3.14/site-packages/setuptools/_vendor/packaging-26.0.dist-info/INSTALLER
setuptools/usr/lib/python3.14/site-packages/setuptools/_vendor/platformdirs/
setuptools/usr/lib/python3.14/site-packages/setuptools/_vendor/platformdirs/api.py
setuptools/usr/lib/python3.14/site-packages/setuptools/_vendor/platformdirs/__pycache__/
setuptools/usr/lib/python3.14/site-packages/setuptools/_vendor/platformdirs/__pycache__/version.cpython-314.opt-1.pyc
setuptools/usr/lib/python3.14/site-packages/setuptools/_vendor/platformdirs/__pycache__/android.cpython-314.opt-1.pyc
setuptools/usr/lib/python3.14/site-packages/setuptools/_vendor/platformdirs/__pycache__/windows.cpython-314.opt-1.pyc
setuptools/usr/lib/python3.14/site-packages/setuptools/_vendor/platformdirs/__pycache__/__init__.cpython-314.opt-1.pyc
setuptools/usr/lib/python3.14/site-packages/setuptools/_vendor/platformdirs/__pycache__/api.cpython-314.opt-1.pyc
setuptools/usr/lib/python3.14/site-packages/setuptools/_vendor/platformdirs/__pycache__/__main__.cpython-314.opt-1.pyc
setuptools/usr/lib/python3.14/site-packages/setuptools/_vendor/platformdirs/__pycache__/unix.cpython-314.opt-1.pyc
setuptools/usr/lib/python3.14/site-packages/setuptools/_vendor/platformdirs/__pycache__/macos.cpython-314.opt-1.pyc
setuptools/usr/lib/python3.14/site-packages/setuptools/_vendor/platformdirs/__pycache__/windows.cpython-314.pyc
setuptools/usr/lib/python3.14/site-packages/setuptools/_vendor/platformdirs/__pycache__/api.cpython-314.pyc
setuptools/usr/lib/python3.14/site-packages/setuptools/_vendor/platformdirs/__pycache__/unix.cpython-314.pyc
setuptools/usr/lib/python3.14/site-packages/setuptools/_vendor/platformdirs/__pycache__/__main__.cpython-314.pyc
setuptools/usr/lib/python3.14/site-packages/setuptools/_vendor/platformdirs/__pycache__/__init__.cpython-314.pyc
setuptools/usr/lib/python3.14/site-packages/setuptools/_vendor/platformdirs/__pycache__/macos.cpython-314.pyc
setuptools/usr/lib/python3.14/site-packages/setuptools/_vendor/platformdirs/__pycache__/android.cpython-314.pyc
setuptools/usr/lib/python3.14/site-packages/setuptools/_vendor/platformdirs/__pycache__/version.cpython-314.pyc
setuptools/usr/lib/python3.14/site-packages/setuptools/_vendor/platformdirs/windows.py
setuptools/usr/lib/python3.14/site-packages/setuptools/_vendor/platformdirs/unix.py
setuptools/usr/lib/python3.14/site-packages/setuptools/_vendor/platformdirs/__main__.py
setuptools/usr/lib/python3.14/site-packages/setuptools/_vendor/platformdirs/__init__.py
setuptools/usr/lib/python3.14/site-packages/setuptools/_vendor/platformdirs/macos.py
setuptools/usr/lib/python3.14/site-packages/setuptools/_vendor/platformdirs/android.py
setuptools/usr/lib/python3.14/site-packages/setuptools/_vendor/platformdirs/py.typed
setuptools/usr/lib/python3.14/site-packages/setuptools/_vendor/platformdirs/version.py
setuptools/usr/lib/python3.14/site-packages/setuptools/_vendor/jaraco.text-4.0.0.dist-info/
setuptools/usr/lib/python3.14/site-packages/setuptools/_vendor/jaraco.text-4.0.0.dist-info/RECORD
setuptools/usr/lib/python3.14/site-packages/setuptools/_vendor/jaraco.text-4.0.0.dist-info/METADATA
setuptools/usr/lib/python3.14/site-packages/setuptools/_vendor/jaraco.text-4.0.0.dist-info/REQUESTED
setuptools/usr/lib/python3.14/site-packages/setuptools/_vendor/jaraco.text-4.0.0.dist-info/top_level.txt
setuptools/usr/lib/python3.14/site-packages/setuptools/_vendor/jaraco.text-4.0.0.dist-info/WHEEL
setuptools/usr/lib/python3.14/site-packages/setuptools/_vendor/jaraco.text-4.0.0.dist-info/LICENSE
setuptools/usr/lib/python3.14/site-packages/setuptools/_vendor/jaraco.text-4.0.0.dist-info/INSTALLER
setuptools/usr/lib/python3.14/site-packages/setuptools/_vendor/tomli-2.4.0.dist-info/
setuptools/usr/lib/python3.14/site-packages/setuptools/_vendor/tomli-2.4.0.dist-info/RECORD
setuptools/usr/lib/python3.14/site-packages/setuptools/_vendor/tomli-2.4.0.dist-info/METADATA
setuptools/usr/lib/python3.14/site-packages/setuptools/_vendor/tomli-2.4.0.dist-info/REQUESTED
setuptools/usr/lib/python3.14/site-packages/setuptools/_vendor/tomli-2.4.0.dist-info/WHEEL
setuptools/usr/lib/python3.14/site-packages/setuptools/_vendor/tomli-2.4.0.dist-info/licenses/
setuptools/usr/lib/python3.14/site-packages/setuptools/_vendor/tomli-2.4.0.dist-info/licenses/LICENSE
setuptools/usr/lib/python3.14/site-packages/setuptools/_vendor/tomli-2.4.0.dist-info/INSTALLER
setuptools/usr/lib/python3.14/site-packages/setuptools/_vendor/zipp-3.23.0.dist-info/
setuptools/usr/lib/python3.14/site-packages/setuptools/_vendor/zipp-3.23.0.dist-info/RECORD
setuptools/usr/lib/python3.14/site-packages/setuptools/_vendor/zipp-3.23.0.dist-info/METADATA
setuptools/usr/lib/python3.14/site-packages/setuptools/_vendor/zipp-3.23.0.dist-info/REQUESTED
setuptools/usr/lib/python3.14/site-packages/setuptools/_vendor/zipp-3.23.0.dist-info/top_level.txt
setuptools/usr/lib/python3.14/site-packages/setuptools/_vendor/zipp-3.23.0.dist-info/WHEEL
setuptools/usr/lib/python3.14/site-packages/setuptools/_vendor/zipp-3.23.0.dist-info/licenses/
setuptools/usr/lib/python3.14/site-packages/setuptools/_vendor/zipp-3.23.0.dist-info/licenses/LICENSE
setuptools/usr/lib/python3.14/site-packages/setuptools/_vendor/zipp-3.23.0.dist-info/INSTALLER
setuptools/usr/lib/python3.14/site-packages/setuptools/_vendor/backports.tarfile-1.2.0.dist-info/
setuptools/usr/lib/python3.14/site-packages/setuptools/_vendor/backports.tarfile-1.2.0.dist-info/RECORD
setuptools/usr/lib/python3.14/site-packages/setuptools/_vendor/backports.tarfile-1.2.0.dist-info/METADATA
setuptools/usr/lib/python3.14/site-packages/setuptools/_vendor/backports.tarfile-1.2.0.dist-info/REQUESTED
setuptools/usr/lib/python3.14/site-packages/setuptools/_vendor/backports.tarfile-1.2.0.dist-info/top_level.txt
setuptools/usr/lib/python3.14/site-packages/setuptools/_vendor/backports.tarfile-1.2.0.dist-info/WHEEL
setuptools/usr/lib/python3.14/site-packages/setuptools/_vendor/backports.tarfile-1.2.0.dist-info/LICENSE
setuptools/usr/lib/python3.14/site-packages/setuptools/_vendor/backports.tarfile-1.2.0.dist-info/INSTALLER
setuptools/usr/lib/python3.14/site-packages/setuptools/_vendor/zipp/
setuptools/usr/lib/python3.14/site-packages/setuptools/_vendor/zipp/_functools.py
setuptools/usr/lib/python3.14/site-packages/setuptools/_vendor/zipp/compat/
setuptools/usr/lib/python3.14/site-packages/setuptools/_vendor/zipp/compat/__pycache__/
setuptools/usr/lib/python3.14/site-packages/setuptools/_vendor/zipp/compat/__pycache__/overlay.cpython-314.opt-1.pyc
setuptools/usr/lib/python3.14/site-packages/setuptools/_vendor/zipp/compat/__pycache__/py310.cpython-314.opt-1.pyc
setuptools/usr/lib/python3.14/site-packages/setuptools/_vendor/zipp/compat/__pycache__/py313.cpython-314.opt-1.pyc
setuptools/usr/lib/python3.14/site-packages/setuptools/_vendor/zipp/compat/__pycache__/__init__.cpython-314.opt-1.pyc
setuptools/usr/lib/python3.14/site-packages/setuptools/_vendor/zipp/compat/__pycache__/py310.cpython-314.pyc
setuptools/usr/lib/python3.14/site-packages/setuptools/_vendor/zipp/compat/__pycache__/py313.cpython-314.pyc
setuptools/usr/lib/python3.14/site-packages/setuptools/_vendor/zipp/compat/__pycache__/__init__.cpython-314.pyc
setuptools/usr/lib/python3.14/site-packages/setuptools/_vendor/zipp/compat/__pycache__/overlay.cpython-314.pyc
setuptools/usr/lib/python3.14/site-packages/setuptools/_vendor/zipp/compat/py313.py
setuptools/usr/lib/python3.14/site-packages/setuptools/_vendor/zipp/compat/overlay.py
setuptools/usr/lib/python3.14/site-packages/setuptools/_vendor/zipp/compat/__init__.py
setuptools/usr/lib/python3.14/site-packages/setuptools/_vendor/zipp/compat/py310.py
setuptools/usr/lib/python3.14/site-packages/setuptools/_vendor/zipp/__pycache__/
setuptools/usr/lib/python3.14/site-packages/setuptools/_vendor/zipp/__pycache__/__init__.cpython-314.opt-1.pyc
setuptools/usr/lib/python3.14/site-packages/setuptools/_vendor/zipp/__pycache__/_functools.cpython-314.pyc
setuptools/usr/lib/python3.14/site-packages/setuptools/_vendor/zipp/__pycache__/glob.cpython-314.pyc
setuptools/usr/lib/python3.14/site-packages/setuptools/_vendor/zipp/__pycache__/_functools.cpython-314.opt-1.pyc
setuptools/usr/lib/python3.14/site-packages/setuptools/_vendor/zipp/__pycache__/__init__.cpython-314.pyc
setuptools/usr/lib/python3.14/site-packages/setuptools/_vendor/zipp/__pycache__/glob.cpython-314.opt-1.pyc
setuptools/usr/lib/python3.14/site-packages/setuptools/_vendor/zipp/glob.py
setuptools/usr/lib/python3.14/site-packages/setuptools/_vendor/zipp/__init__.py
setuptools/usr/lib/python3.14/site-packages/setuptools/_vendor/jaraco/
setuptools/usr/lib/python3.14/site-packages/setuptools/_vendor/jaraco/text/
setuptools/usr/lib/python3.14/site-packages/setuptools/_vendor/jaraco/text/Lorem ipsum.txt
setuptools/usr/lib/python3.14/site-packages/setuptools/_vendor/jaraco/text/show-newlines.py
setuptools/usr/lib/python3.14/site-packages/setuptools/_vendor/jaraco/text/__pycache__/
setuptools/usr/lib/python3.14/site-packages/setuptools/_vendor/jaraco/text/__pycache__/to-dvorak.cpython-314.opt-1.pyc
setuptools/usr/lib/python3.14/site-packages/setuptools/_vendor/jaraco/text/__pycache__/__init__.cpython-314.opt-1.pyc
setuptools/usr/lib/python3.14/site-packages/setuptools/_vendor/jaraco/text/__pycache__/show-newlines.cpython-314.pyc
setuptools/usr/lib/python3.14/site-packages/setuptools/_vendor/jaraco/text/__pycache__/strip-prefix.cpython-314.opt-1.pyc
setuptools/usr/lib/python3.14/site-packages/setuptools/_vendor/jaraco/text/__pycache__/strip-prefix.cpython-314.pyc
setuptools/usr/lib/python3.14/site-packages/setuptools/_vendor/jaraco/text/__pycache__/to-qwerty.cpython-314.opt-1.pyc
setuptools/usr/lib/python3.14/site-packages/setuptools/_vendor/jaraco/text/__pycache__/show-newlines.cpython-314.opt-1.pyc
setuptools/usr/lib/python3.14/site-packages/setuptools/_vendor/jaraco/text/__pycache__/to-dvorak.cpython-314.pyc
setuptools/usr/lib/python3.14/site-packages/setuptools/_vendor/jaraco/text/__pycache__/layouts.cpython-314.opt-1.pyc
setuptools/usr/lib/python3.14/site-packages/setuptools/_vendor/jaraco/text/__pycache__/__init__.cpython-314.pyc
setuptools/usr/lib/python3.14/site-packages/setuptools/_vendor/jaraco/text/__pycache__/layouts.cpython-314.pyc
setuptools/usr/lib/python3.14/site-packages/setuptools/_vendor/jaraco/text/__pycache__/to-qwerty.cpython-314.pyc
setuptools/usr/lib/python3.14/site-packages/setuptools/_vendor/jaraco/text/layouts.py
setuptools/usr/lib/python3.14/site-packages/setuptools/_vendor/jaraco/text/to-dvorak.py
setuptools/usr/lib/python3.14/site-packages/setuptools/_vendor/jaraco/text/__init__.py
setuptools/usr/lib/python3.14/site-packages/setuptools/_vendor/jaraco/text/to-qwerty.py
setuptools/usr/lib/python3.14/site-packages/setuptools/_vendor/jaraco/text/strip-prefix.py
setuptools/usr/lib/python3.14/site-packages/setuptools/_vendor/jaraco/functools/
setuptools/usr/lib/python3.14/site-packages/setuptools/_vendor/jaraco/functools/__pycache__/
setuptools/usr/lib/python3.14/site-packages/setuptools/_vendor/jaraco/functools/__pycache__/__init__.cpython-314.opt-1.pyc
setuptools/usr/lib/python3.14/site-packages/setuptools/_vendor/jaraco/functools/__pycache__/__init__.cpython-314.pyc
setuptools/usr/lib/python3.14/site-packages/setuptools/_vendor/jaraco/functools/__init__.py
setuptools/usr/lib/python3.14/site-packages/setuptools/_vendor/jaraco/functools/__init__.pyi
setuptools/usr/lib/python3.14/site-packages/setuptools/_vendor/jaraco/functools/py.typed
setuptools/usr/lib/python3.14/site-packages/setuptools/_vendor/jaraco/context/
setuptools/usr/lib/python3.14/site-packages/setuptools/_vendor/jaraco/context/__pycache__/
setuptools/usr/lib/python3.14/site-packages/setuptools/_vendor/jaraco/context/__pycache__/__init__.cpython-314.opt-1.pyc
setuptools/usr/lib/python3.14/site-packages/setuptools/_vendor/jaraco/context/__pycache__/__init__.cpython-314.pyc
setuptools/usr/lib/python3.14/site-packages/setuptools/_vendor/jaraco/context/__init__.py
setuptools/usr/lib/python3.14/site-packages/setuptools/_vendor/jaraco/context/py.typed
setuptools/usr/lib/python3.14/site-packages/setuptools/_vendor/more_itertools/
setuptools/usr/lib/python3.14/site-packages/setuptools/_vendor/more_itertools/more.pyi
setuptools/usr/lib/python3.14/site-packages/setuptools/_vendor/more_itertools/__pycache__/
setuptools/usr/lib/python3.14/site-packages/setuptools/_vendor/more_itertools/__pycache__/__init__.cpython-314.opt-1.pyc
setuptools/usr/lib/python3.14/site-packages/setuptools/_vendor/more_itertools/__pycache__/recipes.cpython-314.opt-1.pyc
setuptools/usr/lib/python3.14/site-packages/setuptools/_vendor/more_itertools/__pycache__/more.cpython-314.pyc
setuptools/usr/lib/python3.14/site-packages/setuptools/_vendor/more_itertools/__pycache__/recipes.cpython-314.pyc
setuptools/usr/lib/python3.14/site-packages/setuptools/_vendor/more_itertools/__pycache__/__init__.cpython-314.pyc
setuptools/usr/lib/python3.14/site-packages/setuptools/_vendor/more_itertools/__pycache__/more.cpython-314.opt-1.pyc
setuptools/usr/lib/python3.14/site-packages/setuptools/_vendor/more_itertools/recipes.py
setuptools/usr/lib/python3.14/site-packages/setuptools/_vendor/more_itertools/more.py
setuptools/usr/lib/python3.14/site-packages/setuptools/_vendor/more_itertools/__init__.py
setuptools/usr/lib/python3.14/site-packages/setuptools/_vendor/more_itertools/__init__.pyi
setuptools/usr/lib/python3.14/site-packages/setuptools/_vendor/more_itertools/recipes.pyi
setuptools/usr/lib/python3.14/site-packages/setuptools/_vendor/more_itertools/py.typed
setuptools/usr/lib/python3.14/site-packages/setuptools/_vendor/more_itertools-10.8.0.dist-info/
setuptools/usr/lib/python3.14/site-packages/setuptools/_vendor/more_itertools-10.8.0.dist-info/RECORD
setuptools/usr/lib/python3.14/site-packages/setuptools/_vendor/more_itertools-10.8.0.dist-info/METADATA
setuptools/usr/lib/python3.14/site-packages/setuptools/_vendor/more_itertools-10.8.0.dist-info/REQUESTED
setuptools/usr/lib/python3.14/site-packages/setuptools/_vendor/more_itertools-10.8.0.dist-info/WHEEL
setuptools/usr/lib/python3.14/site-packages/setuptools/_vendor/more_itertools-10.8.0.dist-info/licenses/
setuptools/usr/lib/python3.14/site-packages/setuptools/_vendor/more_itertools-10.8.0.dist-info/licenses/LICENSE
setuptools/usr/lib/python3.14/site-packages/setuptools/_vendor/more_itertools-10.8.0.dist-info/INSTALLER
setuptools/usr/lib/python3.14/site-packages/setuptools/_vendor/platformdirs-4.4.0.dist-info/
setuptools/usr/lib/python3.14/site-packages/setuptools/_vendor/platformdirs-4.4.0.dist-info/RECORD
setuptools/usr/lib/python3.14/site-packages/setuptools/_vendor/platformdirs-4.4.0.dist-info/METADATA
setuptools/usr/lib/python3.14/site-packages/setuptools/_vendor/platformdirs-4.4.0.dist-info/REQUESTED
setuptools/usr/lib/python3.14/site-packages/setuptools/_vendor/platformdirs-4.4.0.dist-info/WHEEL
setuptools/usr/lib/python3.14/site-packages/setuptools/_vendor/platformdirs-4.4.0.dist-info/licenses/
setuptools/usr/lib/python3.14/site-packages/setuptools/_vendor/platformdirs-4.4.0.dist-info/licenses/LICENSE
setuptools/usr/lib/python3.14/site-packages/setuptools/_vendor/platformdirs-4.4.0.dist-info/INSTALLER
setuptools/usr/lib/python3.14/site-packages/setuptools/_vendor/autocommand/
setuptools/usr/lib/python3.14/site-packages/setuptools/_vendor/autocommand/automain.py
setuptools/usr/lib/python3.14/site-packages/setuptools/_vendor/autocommand/autoparse.py
setuptools/usr/lib/python3.14/site-packages/setuptools/_vendor/autocommand/__pycache__/
setuptools/usr/lib/python3.14/site-packages/setuptools/_vendor/autocommand/__pycache__/autoparse.cpython-314.opt-1.pyc
setuptools/usr/lib/python3.14/site-packages/setuptools/_vendor/autocommand/__pycache__/autoasync.cpython-314.opt-1.pyc
setuptools/usr/lib/python3.14/site-packages/setuptools/_vendor/autocommand/__pycache__/__init__.cpython-314.opt-1.pyc
setuptools/usr/lib/python3.14/site-packages/setuptools/_vendor/autocommand/__pycache__/errors.cpython-314.opt-1.pyc
setuptools/usr/lib/python3.14/site-packages/setuptools/_vendor/autocommand/__pycache__/automain.cpython-314.opt-1.pyc
setuptools/usr/lib/python3.14/site-packages/setuptools/_vendor/autocommand/__pycache__/autocommand.cpython-314.pyc
setuptools/usr/lib/python3.14/site-packages/setuptools/_vendor/autocommand/__pycache__/__init__.cpython-314.pyc
setuptools/usr/lib/python3.14/site-packages/setuptools/_vendor/autocommand/__pycache__/autocommand.cpython-314.opt-1.pyc
setuptools/usr/lib/python3.14/site-packages/setuptools/_vendor/autocommand/__pycache__/errors.cpython-314.pyc
setuptools/usr/lib/python3.14/site-packages/setuptools/_vendor/autocommand/__pycache__/autoasync.cpython-314.pyc
setuptools/usr/lib/python3.14/site-packages/setuptools/_vendor/autocommand/__pycache__/automain.cpython-314.pyc
setuptools/usr/lib/python3.14/site-packages/setuptools/_vendor/autocommand/__pycache__/autoparse.cpython-314.pyc
setuptools/usr/lib/python3.14/site-packages/setuptools/_vendor/autocommand/__init__.py
setuptools/usr/lib/python3.14/site-packages/setuptools/_vendor/autocommand/errors.py
setuptools/usr/lib/python3.14/site-packages/setuptools/_vendor/autocommand/autocommand.py
setuptools/usr/lib/python3.14/site-packages/setuptools/_vendor/autocommand/autoasync.py
setuptools/usr/lib/python3.14/site-packages/setuptools/_vendor/backports/
setuptools/usr/lib/python3.14/site-packages/setuptools/_vendor/backports/__pycache__/
setuptools/usr/lib/python3.14/site-packages/setuptools/_vendor/backports/__pycache__/__init__.cpython-314.opt-1.pyc
setuptools/usr/lib/python3.14/site-packages/setuptools/_vendor/backports/__pycache__/__init__.cpython-314.pyc
setuptools/usr/lib/python3.14/site-packages/setuptools/_vendor/backports/tarfile/
setuptools/usr/lib/python3.14/site-packages/setuptools/_vendor/backports/tarfile/compat/
setuptools/usr/lib/python3.14/site-packages/setuptools/_vendor/backports/tarfile/compat/__pycache__/
setuptools/usr/lib/python3.14/site-packages/setuptools/_vendor/backports/tarfile/compat/__pycache__/__init__.cpython-314.opt-1.pyc
setuptools/usr/lib/python3.14/site-packages/setuptools/_vendor/backports/tarfile/compat/__pycache__/py38.cpython-314.opt-1.pyc
setuptools/usr/lib/python3.14/site-packages/setuptools/_vendor/backports/tarfile/compat/__pycache__/py38.cpython-314.pyc
setuptools/usr/lib/python3.14/site-packages/setuptools/_vendor/backports/tarfile/compat/__pycache__/__init__.cpython-314.pyc
setuptools/usr/lib/python3.14/site-packages/setuptools/_vendor/backports/tarfile/compat/__init__.py
setuptools/usr/lib/python3.14/site-packages/setuptools/_vendor/backports/tarfile/compat/py38.py
setuptools/usr/lib/python3.14/site-packages/setuptools/_vendor/backports/tarfile/__pycache__/
setuptools/usr/lib/python3.14/site-packages/setuptools/_vendor/backports/tarfile/__pycache__/__init__.cpython-314.opt-1.pyc
setuptools/usr/lib/python3.14/site-packages/setuptools/_vendor/backports/tarfile/__pycache__/__main__.cpython-314.opt-1.pyc
setuptools/usr/lib/python3.14/site-packages/setuptools/_vendor/backports/tarfile/__pycache__/__main__.cpython-314.pyc
setuptools/usr/lib/python3.14/site-packages/setuptools/_vendor/backports/tarfile/__pycache__/__init__.cpython-314.pyc
setuptools/usr/lib/python3.14/site-packages/setuptools/_vendor/backports/tarfile/__main__.py
setuptools/usr/lib/python3.14/site-packages/setuptools/_vendor/backports/tarfile/__init__.py
setuptools/usr/lib/python3.14/site-packages/setuptools/_vendor/backports/__init__.py
setuptools/usr/lib/python3.14/site-packages/setuptools/_vendor/packaging/
setuptools/usr/lib/python3.14/site-packages/setuptools/_vendor/packaging/__pycache__/
setuptools/usr/lib/python3.14/site-packages/setuptools/_vendor/packaging/__pycache__/pylock.cpython-314.pyc
setuptools/usr/lib/python3.14/site-packages/setuptools/_vendor/packaging/__pycache__/utils.cpython-314.pyc
setuptools/usr/lib/python3.14/site-packages/setuptools/_vendor/packaging/__pycache__/_manylinux.cpython-314.pyc
setuptools/usr/lib/python3.14/site-packages/setuptools/_vendor/packaging/__pycache__/version.cpython-314.opt-1.pyc
setuptools/usr/lib/python3.14/site-packages/setuptools/_vendor/packaging/__pycache__/_parser.cpython-314.opt-1.pyc
setuptools/usr/lib/python3.14/site-packages/setuptools/_vendor/packaging/__pycache__/_musllinux.cpython-314.pyc
setuptools/usr/lib/python3.14/site-packages/setuptools/_vendor/packaging/__pycache__/markers.cpython-314.opt-1.pyc
setuptools/usr/lib/python3.14/site-packages/setuptools/_vendor/packaging/__pycache__/tags.cpython-314.opt-1.pyc
setuptools/usr/lib/python3.14/site-packages/setuptools/_vendor/packaging/__pycache__/metadata.cpython-314.opt-1.pyc
setuptools/usr/lib/python3.14/site-packages/setuptools/_vendor/packaging/__pycache__/_elffile.cpython-314.opt-1.pyc
setuptools/usr/lib/python3.14/site-packages/setuptools/_vendor/packaging/__pycache__/requirements.cpython-314.opt-1.pyc
setuptools/usr/lib/python3.14/site-packages/setuptools/_vendor/packaging/__pycache__/__init__.cpython-314.opt-1.pyc
setuptools/usr/lib/python3.14/site-packages/setuptools/_vendor/packaging/__pycache__/requirements.cpython-314.pyc
setuptools/usr/lib/python3.14/site-packages/setuptools/_vendor/packaging/__pycache__/_structures.cpython-314.opt-1.pyc
setuptools/usr/lib/python3.14/site-packages/setuptools/_vendor/packaging/__pycache__/_structures.cpython-314.pyc
setuptools/usr/lib/python3.14/site-packages/setuptools/_vendor/packaging/__pycache__/_tokenizer.cpython-314.opt-1.pyc
setuptools/usr/lib/python3.14/site-packages/setuptools/_vendor/packaging/__pycache__/_elffile.cpython-314.pyc
setuptools/usr/lib/python3.14/site-packages/setuptools/_vendor/packaging/__pycache__/_parser.cpython-314.pyc
setuptools/usr/lib/python3.14/site-packages/setuptools/_vendor/packaging/__pycache__/tags.cpython-314.pyc
setuptools/usr/lib/python3.14/site-packages/setuptools/_vendor/packaging/__pycache__/metadata.cpython-314.pyc
setuptools/usr/lib/python3.14/site-packages/setuptools/_vendor/packaging/__pycache__/specifiers.cpython-314.opt-1.pyc
setuptools/usr/lib/python3.14/site-packages/setuptools/_vendor/packaging/__pycache__/specifiers.cpython-314.pyc
setuptools/usr/lib/python3.14/site-packages/setuptools/_vendor/packaging/__pycache__/_manylinux.cpython-314.opt-1.pyc
setuptools/usr/lib/python3.14/site-packages/setuptools/_vendor/packaging/__pycache__/pylock.cpython-314.opt-1.pyc
setuptools/usr/lib/python3.14/site-packages/setuptools/_vendor/packaging/__pycache__/markers.cpython-314.pyc
setuptools/usr/lib/python3.14/site-packages/setuptools/_vendor/packaging/__pycache__/__init__.cpython-314.pyc
setuptools/usr/lib/python3.14/site-packages/setuptools/_vendor/packaging/__pycache__/_tokenizer.cpython-314.pyc
setuptools/usr/lib/python3.14/site-packages/setuptools/_vendor/packaging/__pycache__/utils.cpython-314.opt-1.pyc
setuptools/usr/lib/python3.14/site-packages/setuptools/_vendor/packaging/__pycache__/_musllinux.cpython-314.opt-1.pyc
setuptools/usr/lib/python3.14/site-packages/setuptools/_vendor/packaging/__pycache__/version.cpython-314.pyc
setuptools/usr/lib/python3.14/site-packages/setuptools/_vendor/packaging/pylock.py
setuptools/usr/lib/python3.14/site-packages/setuptools/_vendor/packaging/_manylinux.py
setuptools/usr/lib/python3.14/site-packages/setuptools/_vendor/packaging/metadata.py
setuptools/usr/lib/python3.14/site-packages/setuptools/_vendor/packaging/_musllinux.py
setuptools/usr/lib/python3.14/site-packages/setuptools/_vendor/packaging/__init__.py
setuptools/usr/lib/python3.14/site-packages/setuptools/_vendor/packaging/specifiers.py
setuptools/usr/lib/python3.14/site-packages/setuptools/_vendor/packaging/_tokenizer.py
setuptools/usr/lib/python3.14/site-packages/setuptools/_vendor/packaging/markers.py
setuptools/usr/lib/python3.14/site-packages/setuptools/_vendor/packaging/tags.py
setuptools/usr/lib/python3.14/site-packages/setuptools/_vendor/packaging/licenses/
setuptools/usr/lib/python3.14/site-packages/setuptools/_vendor/packaging/licenses/__pycache__/
setuptools/usr/lib/python3.14/site-packages/setuptools/_vendor/packaging/licenses/__pycache__/_spdx.cpython-314.pyc
setuptools/usr/lib/python3.14/site-packages/setuptools/_vendor/packaging/licenses/__pycache__/__init__.cpython-314.opt-1.pyc
setuptools/usr/lib/python3.14/site-packages/setuptools/_vendor/packaging/licenses/__pycache__/_spdx.cpython-314.opt-1.pyc
setuptools/usr/lib/python3.14/site-packages/setuptools/_vendor/packaging/licenses/__pycache__/__init__.cpython-314.pyc
setuptools/usr/lib/python3.14/site-packages/setuptools/_vendor/packaging/licenses/__init__.py
setuptools/usr/lib/python3.14/site-packages/setuptools/_vendor/packaging/licenses/_spdx.py
setuptools/usr/lib/python3.14/site-packages/setuptools/_vendor/packaging/_elffile.py
setuptools/usr/lib/python3.14/site-packages/setuptools/_vendor/packaging/utils.py
setuptools/usr/lib/python3.14/site-packages/setuptools/_vendor/packaging/_structures.py
setuptools/usr/lib/python3.14/site-packages/setuptools/_vendor/packaging/py.typed
setuptools/usr/lib/python3.14/site-packages/setuptools/_vendor/packaging/version.py
setuptools/usr/lib/python3.14/site-packages/setuptools/_vendor/packaging/requirements.py
setuptools/usr/lib/python3.14/site-packages/setuptools/_vendor/packaging/_parser.py
setuptools/usr/lib/python3.14/site-packages/setuptools/_vendor/tomli/
setuptools/usr/lib/python3.14/site-packages/setuptools/_vendor/tomli/_re.py
setuptools/usr/lib/python3.14/site-packages/setuptools/_vendor/tomli/__pycache__/
setuptools/usr/lib/python3.14/site-packages/setuptools/_vendor/tomli/__pycache__/_parser.cpython-314.opt-1.pyc
setuptools/usr/lib/python3.14/site-packages/setuptools/_vendor/tomli/__pycache__/_re.cpython-314.pyc
setuptools/usr/lib/python3.14/site-packages/setuptools/_vendor/tomli/__pycache__/_re.cpython-314.opt-1.pyc
setuptools/usr/lib/python3.14/site-packages/setuptools/_vendor/tomli/__pycache__/__init__.cpython-314.opt-1.pyc
setuptools/usr/lib/python3.14/site-packages/setuptools/_vendor/tomli/__pycache__/_types.cpython-314.pyc
setuptools/usr/lib/python3.14/site-packages/setuptools/_vendor/tomli/__pycache__/_parser.cpython-314.pyc
setuptools/usr/lib/python3.14/site-packages/setuptools/_vendor/tomli/__pycache__/__init__.cpython-314.pyc
setuptools/usr/lib/python3.14/site-packages/setuptools/_vendor/tomli/__pycache__/_types.cpython-314.opt-1.pyc
setuptools/usr/lib/python3.14/site-packages/setuptools/_vendor/tomli/_types.py
setuptools/usr/lib/python3.14/site-packages/setuptools/_vendor/tomli/__init__.py
setuptools/usr/lib/python3.14/site-packages/setuptools/_vendor/tomli/py.typed
setuptools/usr/lib/python3.14/site-packages/setuptools/_vendor/tomli/_parser.py
setuptools/usr/lib/python3.14/site-packages/setuptools/_vendor/.lock
setuptools/usr/lib/python3.14/site-packages/setuptools/_vendor/jaraco_functools-4.4.0.dist-info/
setuptools/usr/lib/python3.14/site-packages/setuptools/_vendor/jaraco_functools-4.4.0.dist-info/RECORD
setuptools/usr/lib/python3.14/site-packages/setuptools/_vendor/jaraco_functools-4.4.0.dist-info/METADATA
setuptools/usr/lib/python3.14/site-packages/setuptools/_vendor/jaraco_functools-4.4.0.dist-info/REQUESTED
setuptools/usr/lib/python3.14/site-packages/setuptools/_vendor/jaraco_functools-4.4.0.dist-info/top_level.txt
setuptools/usr/lib/python3.14/site-packages/setuptools/_vendor/jaraco_functools-4.4.0.dist-info/WHEEL
setuptools/usr/lib/python3.14/site-packages/setuptools/_vendor/jaraco_functools-4.4.0.dist-info/licenses/
setuptools/usr/lib/python3.14/site-packages/setuptools/_vendor/jaraco_functools-4.4.0.dist-info/licenses/LICENSE
setuptools/usr/lib/python3.14/site-packages/setuptools/_vendor/jaraco_functools-4.4.0.dist-info/INSTALLER
setuptools/usr/lib/python3.14/site-packages/setuptools/_vendor/autocommand-2.2.2.dist-info/
setuptools/usr/lib/python3.14/site-packages/setuptools/_vendor/autocommand-2.2.2.dist-info/RECORD
setuptools/usr/lib/python3.14/site-packages/setuptools/_vendor/autocommand-2.2.2.dist-info/METADATA
setuptools/usr/lib/python3.14/site-packages/setuptools/_vendor/autocommand-2.2.2.dist-info/REQUESTED
setuptools/usr/lib/python3.14/site-packages/setuptools/_vendor/autocommand-2.2.2.dist-info/top_level.txt
setuptools/usr/lib/python3.14/site-packages/setuptools/_vendor/autocommand-2.2.2.dist-info/WHEEL
setuptools/usr/lib/python3.14/site-packages/setuptools/_vendor/autocommand-2.2.2.dist-info/LICENSE
setuptools/usr/lib/python3.14/site-packages/setuptools/_vendor/autocommand-2.2.2.dist-info/INSTALLER
setuptools/usr/lib/python3.14/site-packages/setuptools/_vendor/jaraco_context-6.1.0.dist-info/
setuptools/usr/lib/python3.14/site-packages/setuptools/_vendor/jaraco_context-6.1.0.dist-info/RECORD
setuptools/usr/lib/python3.14/site-packages/setuptools/_vendor/jaraco_context-6.1.0.dist-info/METADATA
setuptools/usr/lib/python3.14/site-packages/setuptools/_vendor/jaraco_context-6.1.0.dist-info/REQUESTED
setuptools/usr/lib/python3.14/site-packages/setuptools/_vendor/jaraco_context-6.1.0.dist-info/top_level.txt
setuptools/usr/lib/python3.14/site-packages/setuptools/_vendor/jaraco_context-6.1.0.dist-info/WHEEL
setuptools/usr/lib/python3.14/site-packages/setuptools/_vendor/jaraco_context-6.1.0.dist-info/licenses/
setuptools/usr/lib/python3.14/site-packages/setuptools/_vendor/jaraco_context-6.1.0.dist-info/licenses/LICENSE
setuptools/usr/lib/python3.14/site-packages/setuptools/_vendor/jaraco_context-6.1.0.dist-info/INSTALLER
setuptools/usr/lib/python3.14/site-packages/setuptools/_vendor/wheel-0.46.3.dist-info/
setuptools/usr/lib/python3.14/site-packages/setuptools/_vendor/wheel-0.46.3.dist-info/RECORD
setuptools/usr/lib/python3.14/site-packages/setuptools/_vendor/wheel-0.46.3.dist-info/METADATA
setuptools/usr/lib/python3.14/site-packages/setuptools/_vendor/wheel-0.46.3.dist-info/REQUESTED
setuptools/usr/lib/python3.14/site-packages/setuptools/_vendor/wheel-0.46.3.dist-info/WHEEL
setuptools/usr/lib/python3.14/site-packages/setuptools/_vendor/wheel-0.46.3.dist-info/licenses/
setuptools/usr/lib/python3.14/site-packages/setuptools/_vendor/wheel-0.46.3.dist-info/licenses/LICENSE.txt
setuptools/usr/lib/python3.14/site-packages/setuptools/_vendor/wheel-0.46.3.dist-info/entry_points.txt
setuptools/usr/lib/python3.14/site-packages/setuptools/_vendor/wheel-0.46.3.dist-info/INSTALLER
setuptools/usr/lib/python3.14/site-packages/setuptools/_vendor/importlib_metadata/
setuptools/usr/lib/python3.14/site-packages/setuptools/_vendor/importlib_metadata/diagnose.py
setuptools/usr/lib/python3.14/site-packages/setuptools/_vendor/importlib_metadata/_functools.py
setuptools/usr/lib/python3.14/site-packages/setuptools/_vendor/importlib_metadata/compat/
setuptools/usr/lib/python3.14/site-packages/setuptools/_vendor/importlib_metadata/compat/py311.py
setuptools/usr/lib/python3.14/site-packages/setuptools/_vendor/importlib_metadata/compat/__pycache__/
setuptools/usr/lib/python3.14/site-packages/setuptools/_vendor/importlib_metadata/compat/__pycache__/py311.cpython-314.opt-1.pyc
setuptools/usr/lib/python3.14/site-packages/setuptools/_vendor/importlib_metadata/compat/__pycache__/__init__.cpython-314.opt-1.pyc
setuptools/usr/lib/python3.14/site-packages/setuptools/_vendor/importlib_metadata/compat/__pycache__/py311.cpython-314.pyc
setuptools/usr/lib/python3.14/site-packages/setuptools/_vendor/importlib_metadata/compat/__pycache__/py39.cpython-314.opt-1.pyc
setuptools/usr/lib/python3.14/site-packages/setuptools/_vendor/importlib_metadata/compat/__pycache__/__init__.cpython-314.pyc
setuptools/usr/lib/python3.14/site-packages/setuptools/_vendor/importlib_metadata/compat/__pycache__/py39.cpython-314.pyc
setuptools/usr/lib/python3.14/site-packages/setuptools/_vendor/importlib_metadata/compat/py39.py
setuptools/usr/lib/python3.14/site-packages/setuptools/_vendor/importlib_metadata/compat/__init__.py
setuptools/usr/lib/python3.14/site-packages/setuptools/_vendor/importlib_metadata/__pycache__/
setuptools/usr/lib/python3.14/site-packages/setuptools/_vendor/importlib_metadata/__pycache__/_text.cpython-314.opt-1.pyc
setuptools/usr/lib/python3.14/site-packages/setuptools/_vendor/importlib_metadata/__pycache__/_compat.cpython-314.opt-1.pyc
setuptools/usr/lib/python3.14/site-packages/setuptools/_vendor/importlib_metadata/__pycache__/_text.cpython-314.pyc
setuptools/usr/lib/python3.14/site-packages/setuptools/_vendor/importlib_metadata/__pycache__/diagnose.cpython-314.pyc
setuptools/usr/lib/python3.14/site-packages/setuptools/_vendor/importlib_metadata/__pycache__/_collections.cpython-314.opt-1.pyc
setuptools/usr/lib/python3.14/site-packages/setuptools/_vendor/importlib_metadata/__pycache__/__init__.cpython-314.opt-1.pyc
setuptools/usr/lib/python3.14/site-packages/setuptools/_vendor/importlib_metadata/__pycache__/diagnose.cpython-314.opt-1.pyc
setuptools/usr/lib/python3.14/site-packages/setuptools/_vendor/importlib_metadata/__pycache__/_meta.cpython-314.opt-1.pyc
setuptools/usr/lib/python3.14/site-packages/setuptools/_vendor/importlib_metadata/__pycache__/_meta.cpython-314.pyc
setuptools/usr/lib/python3.14/site-packages/setuptools/_vendor/importlib_metadata/__pycache__/_itertools.cpython-314.pyc
setuptools/usr/lib/python3.14/site-packages/setuptools/_vendor/importlib_metadata/__pycache__/_collections.cpython-314.pyc
setuptools/usr/lib/python3.14/site-packages/setuptools/_vendor/importlib_metadata/__pycache__/_typing.cpython-314.pyc
setuptools/usr/lib/python3.14/site-packages/setuptools/_vendor/importlib_metadata/__pycache__/_functools.cpython-314.pyc
setuptools/usr/lib/python3.14/site-packages/setuptools/_vendor/importlib_metadata/__pycache__/_functools.cpython-314.opt-1.pyc
setuptools/usr/lib/python3.14/site-packages/setuptools/_vendor/importlib_metadata/__pycache__/_adapters.cpython-314.pyc
setuptools/usr/lib/python3.14/site-packages/setuptools/_vendor/importlib_metadata/__pycache__/__init__.cpython-314.pyc
setuptools/usr/lib/python3.14/site-packages/setuptools/_vendor/importlib_metadata/__pycache__/_itertools.cpython-314.opt-1.pyc
setuptools/usr/lib/python3.14/site-packages/setuptools/_vendor/importlib_metadata/__pycache__/_typing.cpython-314.opt-1.pyc
setuptools/usr/lib/python3.14/site-packages/setuptools/_vendor/importlib_metadata/__pycache__/_adapters.cpython-314.opt-1.pyc
setuptools/usr/lib/python3.14/site-packages/setuptools/_vendor/importlib_metadata/__pycache__/_compat.cpython-314.pyc
setuptools/usr/lib/python3.14/site-packages/setuptools/_vendor/importlib_metadata/_itertools.py
setuptools/usr/lib/python3.14/site-packages/setuptools/_vendor/importlib_metadata/_typing.py
setuptools/usr/lib/python3.14/site-packages/setuptools/_vendor/importlib_metadata/_text.py
setuptools/usr/lib/python3.14/site-packages/setuptools/_vendor/importlib_metadata/__init__.py
setuptools/usr/lib/python3.14/site-packages/setuptools/_vendor/importlib_metadata/_compat.py
setuptools/usr/lib/python3.14/site-packages/setuptools/_vendor/importlib_metadata/_adapters.py
setuptools/usr/lib/python3.14/site-packages/setuptools/_vendor/importlib_metadata/_meta.py
setuptools/usr/lib/python3.14/site-packages/setuptools/_vendor/importlib_metadata/py.typed
setuptools/usr/lib/python3.14/site-packages/setuptools/_vendor/importlib_metadata/_collections.py
setuptools/usr/lib/python3.14/site-packages/setuptools/command/
setuptools/usr/lib/python3.14/site-packages/setuptools/command/bdist_rpm.py
setuptools/usr/lib/python3.14/site-packages/setuptools/command/setopt.py
setuptools/usr/lib/python3.14/site-packages/setuptools/command/__pycache__/
setuptools/usr/lib/python3.14/site-packages/setuptools/command/__pycache__/test.cpython-314.opt-1.pyc
setuptools/usr/lib/python3.14/site-packages/setuptools/command/__pycache__/setopt.cpython-314.pyc
setuptools/usr/lib/python3.14/site-packages/setuptools/command/__pycache__/install.cpython-314.pyc
setuptools/usr/lib/python3.14/site-packages/setuptools/command/__pycache__/install_scripts.cpython-314.opt-1.pyc
setuptools/usr/lib/python3.14/site-packages/setuptools/command/__pycache__/easy_install.cpython-314.opt-1.pyc
setuptools/usr/lib/python3.14/site-packages/setuptools/command/__pycache__/install_lib.cpython-314.opt-1.pyc
setuptools/usr/lib/python3.14/site-packages/setuptools/command/__pycache__/sdist.cpython-314.pyc
setuptools/usr/lib/python3.14/site-packages/setuptools/command/__pycache__/bdist_egg.cpython-314.pyc
setuptools/usr/lib/python3.14/site-packages/setuptools/command/__pycache__/rotate.cpython-314.opt-1.pyc
setuptools/usr/lib/python3.14/site-packages/setuptools/command/__pycache__/_requirestxt.cpython-314.pyc
setuptools/usr/lib/python3.14/site-packages/setuptools/command/__pycache__/build_py.cpython-314.pyc
setuptools/usr/lib/python3.14/site-packages/setuptools/command/__pycache__/alias.cpython-314.pyc
setuptools/usr/lib/python3.14/site-packages/setuptools/command/__pycache__/dist_info.cpython-314.pyc
setuptools/usr/lib/python3.14/site-packages/setuptools/command/__pycache__/__init__.cpython-314.opt-1.pyc
setuptools/usr/lib/python3.14/site-packages/setuptools/command/__pycache__/bdist_rpm.cpython-314.opt-1.pyc
setuptools/usr/lib/python3.14/site-packages/setuptools/command/__pycache__/setopt.cpython-314.opt-1.pyc
setuptools/usr/lib/python3.14/site-packages/setuptools/command/__pycache__/install_egg_info.cpython-314.opt-1.pyc
setuptools/usr/lib/python3.14/site-packages/setuptools/command/__pycache__/develop.cpython-314.opt-1.pyc
setuptools/usr/lib/python3.14/site-packages/setuptools/command/__pycache__/develop.cpython-314.pyc
setuptools/usr/lib/python3.14/site-packages/setuptools/command/__pycache__/sdist.cpython-314.opt-1.pyc
setuptools/usr/lib/python3.14/site-packages/setuptools/command/__pycache__/bdist_rpm.cpython-314.pyc
setuptools/usr/lib/python3.14/site-packages/setuptools/command/__pycache__/easy_install.cpython-314.pyc
setuptools/usr/lib/python3.14/site-packages/setuptools/command/__pycache__/install_scripts.cpython-314.pyc
setuptools/usr/lib/python3.14/site-packages/setuptools/command/__pycache__/saveopts.cpython-314.pyc
setuptools/usr/lib/python3.14/site-packages/setuptools/command/__pycache__/_requirestxt.cpython-314.opt-1.pyc
setuptools/usr/lib/python3.14/site-packages/setuptools/command/__pycache__/dist_info.cpython-314.opt-1.pyc
setuptools/usr/lib/python3.14/site-packages/setuptools/command/__pycache__/build_clib.cpython-314.opt-1.pyc
setuptools/usr/lib/python3.14/site-packages/setuptools/command/__pycache__/bdist_wheel.cpython-314.pyc
setuptools/usr/lib/python3.14/site-packages/setuptools/command/__pycache__/rotate.cpython-314.pyc
setuptools/usr/lib/python3.14/site-packages/setuptools/command/__pycache__/editable_wheel.cpython-314.pyc
setuptools/usr/lib/python3.14/site-packages/setuptools/command/__pycache__/install_lib.cpython-314.pyc
setuptools/usr/lib/python3.14/site-packages/setuptools/command/__pycache__/egg_info.cpython-314.opt-1.pyc
setuptools/usr/lib/python3.14/site-packages/setuptools/command/__pycache__/build.cpython-314.opt-1.pyc
setuptools/usr/lib/python3.14/site-packages/setuptools/command/__pycache__/install.cpython-314.opt-1.pyc
setuptools/usr/lib/python3.14/site-packages/setuptools/command/__pycache__/build_ext.cpython-314.pyc
setuptools/usr/lib/python3.14/site-packages/setuptools/command/__pycache__/build_clib.cpython-314.pyc
setuptools/usr/lib/python3.14/site-packages/setuptools/command/__pycache__/install_egg_info.cpython-314.pyc
setuptools/usr/lib/python3.14/site-packages/setuptools/command/__pycache__/build.cpython-314.pyc
setuptools/usr/lib/python3.14/site-packages/setuptools/command/__pycache__/editable_wheel.cpython-314.opt-1.pyc
setuptools/usr/lib/python3.14/site-packages/setuptools/command/__pycache__/alias.cpython-314.opt-1.pyc
setuptools/usr/lib/python3.14/site-packages/setuptools/command/__pycache__/build_ext.cpython-314.opt-1.pyc
setuptools/usr/lib/python3.14/site-packages/setuptools/command/__pycache__/build_py.cpython-314.opt-1.pyc
setuptools/usr/lib/python3.14/site-packages/setuptools/command/__pycache__/__init__.cpython-314.pyc
setuptools/usr/lib/python3.14/site-packages/setuptools/command/__pycache__/test.cpython-314.pyc
setuptools/usr/lib/python3.14/site-packages/setuptools/command/__pycache__/egg_info.cpython-314.pyc
setuptools/usr/lib/python3.14/site-packages/setuptools/command/__pycache__/bdist_egg.cpython-314.opt-1.pyc
setuptools/usr/lib/python3.14/site-packages/setuptools/command/__pycache__/bdist_wheel.cpython-314.opt-1.pyc
setuptools/usr/lib/python3.14/site-packages/setuptools/command/__pycache__/saveopts.cpython-314.opt-1.pyc
setuptools/usr/lib/python3.14/site-packages/setuptools/command/develop.py
setuptools/usr/lib/python3.14/site-packages/setuptools/command/bdist_wheel.py
setuptools/usr/lib/python3.14/site-packages/setuptools/command/dist_info.py
setuptools/usr/lib/python3.14/site-packages/setuptools/command/_requirestxt.py
setuptools/usr/lib/python3.14/site-packages/setuptools/command/install_lib.py
setuptools/usr/lib/python3.14/site-packages/setuptools/command/build_py.py
setuptools/usr/lib/python3.14/site-packages/setuptools/command/install_scripts.py
setuptools/usr/lib/python3.14/site-packages/setuptools/command/__init__.py
setuptools/usr/lib/python3.14/site-packages/setuptools/command/egg_info.py
setuptools/usr/lib/python3.14/site-packages/setuptools/command/bdist_egg.py
setuptools/usr/lib/python3.14/site-packages/setuptools/command/saveopts.py
setuptools/usr/lib/python3.14/site-packages/setuptools/command/build_ext.py
setuptools/usr/lib/python3.14/site-packages/setuptools/command/test.py
setuptools/usr/lib/python3.14/site-packages/setuptools/command/build.py
setuptools/usr/lib/python3.14/site-packages/setuptools/command/alias.py
setuptools/usr/lib/python3.14/site-packages/setuptools/command/easy_install.py
setuptools/usr/lib/python3.14/site-packages/setuptools/command/build_clib.py
setuptools/usr/lib/python3.14/site-packages/setuptools/command/install_egg_info.py
setuptools/usr/lib/python3.14/site-packages/setuptools/command/install.py
setuptools/usr/lib/python3.14/site-packages/setuptools/command/sdist.py
setuptools/usr/lib/python3.14/site-packages/setuptools/command/editable_wheel.py
setuptools/usr/lib/python3.14/site-packages/setuptools/command/rotate.py
setuptools/usr/lib/python3.14/site-packages/setuptools/gui-arm64.exe
setuptools/usr/lib/python3.14/site-packages/setuptools/wheel.py
setuptools/usr/lib/python3.14/site-packages/setuptools/gui-32.exe
setuptools/usr/lib/python3.14/site-packages/setuptools/_shutil.py
setuptools/usr/lib/python3.14/site-packages/setuptools/_discovery.py
setuptools/usr/lib/python3.14/site-packages/setuptools/version.py
setuptools/usr/lib/python3.14/site-packages/setuptools/script.tmpl
setuptools/usr/lib/python3.14/site-packages/setuptools/installer.py
setuptools/usr/lib/python3.14/site-packages/setuptools-82.0.1.dist-info/
setuptools/usr/lib/python3.14/site-packages/setuptools-82.0.1.dist-info/RECORD
setuptools/usr/lib/python3.14/site-packages/setuptools-82.0.1.dist-info/METADATA
setuptools/usr/lib/python3.14/site-packages/setuptools-82.0.1.dist-info/top_level.txt
setuptools/usr/lib/python3.14/site-packages/setuptools-82.0.1.dist-info/WHEEL
setuptools/usr/lib/python3.14/site-packages/setuptools-82.0.1.dist-info/licenses/
setuptools/usr/lib/python3.14/site-packages/setuptools-82.0.1.dist-info/licenses/LICENSE
setuptools/usr/lib/python3.14/site-packages/setuptools-82.0.1.dist-info/entry_points.txt
setuptools/usr/lib/python3.14/site-packages/_distutils_hack/
setuptools/usr/lib/python3.14/site-packages/_distutils_hack/override.py
setuptools/usr/lib/python3.14/site-packages/_distutils_hack/__pycache__/
setuptools/usr/lib/python3.14/site-packages/_distutils_hack/__pycache__/override.cpython-314.pyc
setuptools/usr/lib/python3.14/site-packages/_distutils_hack/__pycache__/__init__.cpython-314.opt-1.pyc
setuptools/usr/lib/python3.14/site-packages/_distutils_hack/__pycache__/__init__.cpython-314.pyc
setuptools/usr/lib/python3.14/site-packages/_distutils_hack/__pycache__/override.cpython-314.opt-1.pyc
setuptools/usr/lib/python3.14/site-packages/_distutils_hack/__init__.py
setuptools/version
setuptools/depends
setuptools/make-depends
