--2025-07-21 07:46:51--  https://github.com/fltk/fltk/releases/download/release-1.4.4/fltk-1.4.4-source.tar.gz
Resolving github.com (github.com)... 140.82.112.4
Connecting to github.com (github.com)|140.82.112.4|:443... connected.
HTTP request sent, awaiting response... 302 Found
Location: https://release-assets.githubusercontent.com/github-production-release-asset/149260789/c02737bc-bb7e-4e02-9d57-83dacf711d44?sp=r&sv=2018-11-09&sr=b&spr=https&se=2025-07-21T08%3A38%3A45Z&rscd=attachment%3B+filename%3Dfltk-1.4.4-source.tar.gz&rsct=application%2Foctet-stream&skoid=96c2d410-5711-43a1-aedd-ab1947aa7ab0&sktid=398a6654-997b-47e9-b12b-9515b896b4de&skt=2025-07-21T07%3A38%3A24Z&ske=2025-07-21T08%3A38%3A45Z&sks=b&skv=2018-11-09&sig=2g4C%2FM3lGGOhWMGPBmKwAV22Lp9WW2CLTRJ4Y4jrdnQ%3D&jwt=eyJhbGciOiJIUzI1NiIsInR5cCI6IkpXVCJ9.eyJpc3MiOiJnaXRodWIuY29tIiwiYXVkIjoicmVsZWFzZS1hc3NldHMuZ2l0aHVidXNlcmNvbnRlbnQuY29tIiwia2V5Ijoia2V5MSIsImV4cCI6MTc1MzA4NDMxMSwibmJmIjoxNzUzMDg0MDExLCJwYXRoIjoicmVsZWFzZWFzc2V0cHJvZHVjdGlvbi5ibG9iLmNvcmUud2luZG93cy5uZXQifQ.Fhcut5DZkBhGKRKtdhVohuRZYorAlAzlShN1I6kdWSI&response-content-disposition=attachment%3B%20filename%3Dfltk-1.4.4-source.tar.gz&response-content-type=application%2Foctet-stream [following]
--2025-07-21 07:46:51--  https://release-assets.githubusercontent.com/github-production-release-asset/149260789/c02737bc-bb7e-4e02-9d57-83dacf711d44?sp=r&sv=2018-11-09&sr=b&spr=https&se=2025-07-21T08%3A38%3A45Z&rscd=attachment%3B+filename%3Dfltk-1.4.4-source.tar.gz&rsct=application%2Foctet-stream&skoid=96c2d410-5711-43a1-aedd-ab1947aa7ab0&sktid=398a6654-997b-47e9-b12b-9515b896b4de&skt=2025-07-21T07%3A38%3A24Z&ske=2025-07-21T08%3A38%3A45Z&sks=b&skv=2018-11-09&sig=2g4C%2FM3lGGOhWMGPBmKwAV22Lp9WW2CLTRJ4Y4jrdnQ%3D&jwt=eyJhbGciOiJIUzI1NiIsInR5cCI6IkpXVCJ9.eyJpc3MiOiJnaXRodWIuY29tIiwiYXVkIjoicmVsZWFzZS1hc3NldHMuZ2l0aHVidXNlcmNvbnRlbnQuY29tIiwia2V5Ijoia2V5MSIsImV4cCI6MTc1MzA4NDMxMSwibmJmIjoxNzUzMDg0MDExLCJwYXRoIjoicmVsZWFzZWFzc2V0cHJvZHVjdGlvbi5ibG9iLmNvcmUud2luZG93cy5uZXQifQ.Fhcut5DZkBhGKRKtdhVohuRZYorAlAzlShN1I6kdWSI&response-content-disposition=attachment%3B%20filename%3Dfltk-1.4.4-source.tar.gz&response-content-type=application%2Foctet-stream
Resolving release-assets.githubusercontent.com (release-assets.githubusercontent.com)... 185.199.108.133, 185.199.109.133, 185.199.110.133, ...
Connecting to release-assets.githubusercontent.com (release-assets.githubusercontent.com)|185.199.108.133|:443... connected.
HTTP request sent, awaiting response... 200 OK
Length: 9285702 (8.9M) [application/octet-stream]
Saving to: 'fltk-1.4.4-source.tar.gz'

     0K .......... .......... .......... .......... ..........  0% 11.2M 1s
    50K .......... .......... .......... .......... ..........  1% 11.1M 1s
   100K .......... .......... .......... .......... ..........  1% 14.1M 1s
   150K .......... .......... .......... .......... ..........  2% 81.3M 1s
   200K .......... .......... .......... .......... ..........  2% 59.4M 0s
   250K .......... .......... .......... .......... ..........  3%  118M 0s
   300K .......... .......... .......... .......... ..........  3% 15.1M 0s
   350K .......... .......... .......... .......... ..........  4%  118M 0s
   400K .......... .......... .......... .......... ..........  4%  118M 0s
   450K .......... .......... .......... .......... ..........  5%  117M 0s
   500K .......... .......... .......... .......... ..........  6%  118M 0s
   550K .......... .......... .......... .......... ..........  6%  119M 0s
   600K .......... .......... .......... .......... ..........  7% 47.4M 0s
   650K .......... .......... .......... .......... ..........  7%  118M 0s
   700K .......... .......... .......... .......... ..........  8% 85.8M 0s
   750K .......... .......... .......... .......... ..........  8%  118M 0s
   800K .......... .......... .......... .......... ..........  9% 17.7M 0s
   850K .......... .......... .......... .......... ..........  9%  118M 0s
   900K .......... .......... .......... .......... .......... 10%  115M 0s
   950K .......... .......... .......... .......... .......... 11%  105M 0s
  1000K .......... .......... .......... .......... .......... 11%  135M 0s
  1050K .......... .......... .......... .......... .......... 12%  104M 0s
  1100K .......... .......... .......... .......... .......... 12% 86.4M 0s
  1150K .......... .......... .......... .......... .......... 13%  135M 0s
  1200K .......... .......... .......... .......... .......... 13%  106M 0s
  1250K .......... .......... .......... .......... .......... 14%  115M 0s
  1300K .......... .......... .......... .......... .......... 14%  116M 0s
  1350K .......... .......... .......... .......... .......... 15%  119M 0s
  1400K .......... .......... .......... .......... .......... 15% 6.07M 0s
  1450K .......... .......... .......... .......... .......... 16% 8.52M 0s
  1500K .......... .......... .......... .......... .......... 17% 34.3M 0s
  1550K .......... .......... .......... .......... .......... 17%  701M 0s
  1600K .......... .......... .......... .......... .......... 18%  758M 0s
  1650K .......... .......... .......... .......... .......... 18%  792M 0s
  1700K .......... .......... .......... .......... .......... 19%  797M 0s
  1750K .......... .......... .......... .......... .......... 19%  820M 0s
  1800K .......... .......... .......... .......... .......... 20% 49.3M 0s
  1850K .......... .......... .......... .......... .......... 20%  165M 0s
  1900K .......... .......... .......... .......... .......... 21% 94.4M 0s
  1950K .......... .......... .......... .......... .......... 22%  657M 0s
  2000K .......... .......... .......... .......... .......... 22%  821M 0s
  2050K .......... .......... .......... .......... .......... 23%  787M 0s
  2100K .......... .......... .......... .......... .......... 23%  826M 0s
  2150K .......... .......... .......... .......... .......... 24%  828M 0s
  2200K .......... .......... .......... .......... .......... 24%  774M 0s
  2250K .......... .......... .......... .......... .......... 25%  795M 0s
  2300K .......... .......... .......... .......... .......... 25%  626M 0s
  2350K .......... .......... .......... .......... .......... 26%  728M 0s
  2400K .......... .......... .......... .......... .......... 27%  822M 0s
  2450K .......... .......... .......... .......... .......... 27%  800M 0s
  2500K .......... .......... .......... .......... .......... 28%  819M 0s
  2550K .......... .......... .......... .......... .......... 28%  792M 0s
  2600K .......... .......... .......... .......... .......... 29%  803M 0s
  2650K .......... .......... .......... .......... .......... 29%  783M 0s
  2700K .......... .......... .......... .......... .......... 30%  546M 0s
  2750K .......... .......... .......... .......... .......... 30%  826M 0s
  2800K .......... .......... .......... .......... .......... 31%  801M 0s
  2850K .......... .......... .......... .......... .......... 31% 32.0M 0s
  2900K .......... .......... .......... .......... .......... 32%  157M 0s
  2950K .......... .......... .......... .......... .......... 33%  119M 0s
  3000K .......... .......... .......... .......... .......... 33%  106M 0s
  3050K .......... .......... .......... .......... .......... 34%  364M 0s
  3100K .......... .......... .......... .......... .......... 34%  610M 0s
  3150K .......... .......... .......... .......... .......... 35%  781M 0s
  3200K .......... .......... .......... .......... .......... 35%  814M 0s
  3250K .......... .......... .......... .......... .......... 36%  731M 0s
  3300K .......... .......... .......... .......... .......... 36%  781M 0s
  3350K .......... .......... .......... .......... .......... 37%  813M 0s
  3400K .......... .......... .......... .......... .......... 38%  794M 0s
  3450K .......... .......... .......... .......... .......... 38%  791M 0s
  3500K .......... .......... .......... .......... .......... 39%  338M 0s
  3550K .......... .......... .......... .......... .......... 39%  768M 0s
  3600K .......... .......... .......... .......... .......... 40%  799M 0s
  3650K .......... .......... .......... .......... .......... 40% 15.6M 0s
  3700K .......... .......... .......... .......... .......... 41% 22.7M 0s
  3750K .......... .......... .......... .......... .......... 41%  121M 0s
  3800K .......... .......... .......... .......... .......... 42%  149M 0s
  3850K .......... .......... .......... .......... .......... 43%  710M 0s
  3900K .......... .......... .......... .......... .......... 43%  539M 0s
  3950K .......... .......... .......... .......... .......... 44%  797M 0s
  4000K .......... .......... .......... .......... .......... 44%  809M 0s
  4050K .......... .......... .......... .......... .......... 45%  696M 0s
  4100K .......... .......... .......... .......... .......... 45%  603M 0s
  4150K .......... .......... .......... .......... .......... 46%  675M 0s
  4200K .......... .......... .......... .......... .......... 46%  746M 0s
  4250K .......... .......... .......... .......... .......... 47%  462M 0s
  4300K .......... .......... .......... .......... .......... 47%  575M 0s
  4350K .......... .......... .......... .......... .......... 48%  134M 0s
  4400K .......... .......... .......... .......... .......... 49% 25.4M 0s
  4450K .......... .......... .......... .......... .......... 49%  118M 0s
  4500K .......... .......... .......... .......... .......... 50%  118M 0s
  4550K .......... .......... .......... .......... .......... 50%  114M 0s
  4600K .......... .......... .......... .......... .......... 51%  118M 0s
  4650K .......... .......... .......... .......... .......... 51%  117M 0s
  4700K .......... .......... .......... .......... .......... 52% 83.2M 0s
  4750K .......... .......... .......... .......... .......... 52%  119M 0s
  4800K .......... .......... .......... .......... .......... 53% 54.5M 0s
  4850K .......... .......... .......... .......... .......... 54%  118M 0s
  4900K .......... .......... .......... .......... .......... 54% 78.4M 0s
  4950K .......... .......... .......... .......... .......... 55%  118M 0s
  5000K .......... .......... .......... .......... .......... 55%  119M 0s
  5050K .......... .......... .......... .......... .......... 56% 25.8M 0s
  5100K .......... .......... .......... .......... .......... 56% 85.1M 0s
  5150K .......... .......... .......... .......... .......... 57%  118M 0s
  5200K .......... .......... .......... .......... .......... 57%  118M 0s
  5250K .......... .......... .......... .......... .......... 58%  119M 0s
  5300K .......... .......... .......... .......... .......... 58%  118M 0s
  5350K .......... .......... .......... .......... .......... 59%  118M 0s
  5400K .......... .......... .......... .......... .......... 60%  117M 0s
  5450K .......... .......... .......... .......... .......... 60% 44.7M 0s
  5500K .......... .......... .......... .......... .......... 61% 84.1M 0s
  5550K .......... .......... .......... .......... .......... 61%  118M 0s
  5600K .......... .......... .......... .......... .......... 62%  119M 0s
  5650K .......... .......... .......... .......... .......... 62%  118M 0s
  5700K .......... .......... .......... .......... .......... 63%  107M 0s
  5750K .......... .......... .......... .......... .......... 63% 30.0M 0s
  5800K .......... .......... .......... .......... .......... 64%  106M 0s
  5850K .......... .......... .......... .......... .......... 65%  118M 0s
  5900K .......... .......... .......... .......... .......... 65% 94.6M 0s
  5950K .......... .......... .......... .......... .......... 66%  105M 0s
  6000K .......... .......... .......... .......... .......... 66%  118M 0s
  6050K .......... .......... .......... .......... .......... 67%  119M 0s
  6100K .......... .......... .......... .......... .......... 67%  118M 0s
  6150K .......... .......... .......... .......... .......... 68% 28.5M 0s
  6200K .......... .......... .......... .......... .......... 68%  104M 0s
  6250K .......... .......... .......... .......... .......... 69%  104M 0s
  6300K .......... .......... .......... .......... .......... 70% 85.2M 0s
  6350K .......... .......... .......... .......... .......... 70%  118M 0s
  6400K .......... .......... .......... .......... .......... 71%  105M 0s
  6450K .......... .......... .......... .......... .......... 71%  134M 0s
  6500K .......... .......... .......... .......... .......... 72%  106M 0s
  6550K .......... .......... .......... .......... .......... 72%  118M 0s
  6600K .......... .......... .......... .......... .......... 73%  119M 0s
  6650K .......... .......... .......... .......... .......... 73%  118M 0s
  6700K .......... .......... .......... .......... .......... 74% 86.1M 0s
  6750K .......... .......... .......... .......... .......... 74% 22.5M 0s
  6800K .......... .......... .......... .......... .......... 75%  118M 0s
  6850K .......... .......... .......... .......... .......... 76%  119M 0s
  6900K .......... .......... .......... .......... .......... 76%  115M 0s
  6950K .......... .......... .......... .......... .......... 77%  107M 0s
  7000K .......... .......... .......... .......... .......... 77%  117M 0s
  7050K .......... .......... .......... .......... .......... 78%  119M 0s
  7100K .......... .......... .......... .......... .......... 78% 86.1M 0s
  7150K .......... .......... .......... .......... .......... 79%  116M 0s
  7200K .......... .......... .......... .......... .......... 79% 93.4M 0s
  7250K .......... .......... .......... .......... .......... 80%  119M 0s
  7300K .......... .......... .......... .......... .......... 81%  115M 0s
  7350K .......... .......... .......... .......... .......... 81%  118M 0s
  7400K .......... .......... .......... .......... .......... 82%  119M 0s
  7450K .......... .......... .......... .......... .......... 82%  118M 0s
  7500K .......... .......... .......... .......... .......... 83% 20.8M 0s
  7550K .......... .......... .......... .......... .......... 83%  117M 0s
  7600K .......... .......... .......... .......... .......... 84%  119M 0s
  7650K .......... .......... .......... .......... .......... 84%  105M 0s
  7700K .......... .......... .......... .......... .......... 85%  118M 0s
  7750K .......... .......... .......... .......... .......... 86%  119M 0s
  7800K .......... .......... .......... .......... .......... 86%  118M 0s
  7850K .......... .......... .......... .......... .......... 87%  116M 0s
  7900K .......... .......... .......... .......... .......... 87% 66.8M 0s
  7950K .......... .......... .......... .......... .......... 88%  119M 0s
  8000K .......... .......... .......... .......... .......... 88%  116M 0s
  8050K .......... .......... .......... .......... .......... 89%  121M 0s
  8100K .......... .......... .......... .......... .......... 89%  118M 0s
  8150K .......... .......... .......... .......... .......... 90% 22.1M 0s
  8200K .......... .......... .......... .......... .......... 90%  120M 0s
  8250K .......... .......... .......... .......... .......... 91%  118M 0s
  8300K .......... .......... .......... .......... .......... 92% 84.7M 0s
  8350K .......... .......... .......... .......... .......... 92%  117M 0s
  8400K .......... .......... .......... .......... .......... 93%  119M 0s
  8450K .......... .......... .......... .......... .......... 93%  118M 0s
  8500K .......... .......... .......... .......... .......... 94%  117M 0s
  8550K .......... .......... .......... .......... .......... 94%  119M 0s
  8600K .......... .......... .......... .......... .......... 95% 86.3M 0s
  8650K .......... .......... .......... .......... .......... 95%  119M 0s
  8700K .......... .......... .......... .......... .......... 96% 85.8M 0s
  8750K .......... .......... .......... .......... .......... 97%  114M 0s
  8800K .......... .......... .......... .......... .......... 97%  118M 0s
  8850K .......... .......... .......... .......... .......... 98% 22.2M 0s
  8900K .......... .......... .......... .......... .......... 98%  119M 0s
  8950K .......... .......... .......... .......... .......... 99%  117M 0s
  9000K .......... .......... .......... .......... .......... 99%  104M 0s
  9050K .......... ........                                   100%  162M=0.1s

2025-07-21 07:46:51 (77.9 MB/s) - 'fltk-1.4.4-source.tar.gz' saved [9285702/9285702]

fltk-1.4.4/
fltk-1.4.4/CMake/
fltk-1.4.4/CMake/variables.cmake
fltk-1.4.4/CMake/macOS-bundle-wrapper.in
fltk-1.4.4/CMake/setup.cmake
fltk-1.4.4/CMake/MacOSXBundleInfo.plist.in
fltk-1.4.4/CMake/fl_debug_var.cmake
fltk-1.4.4/CMake/fl_debug_pkg.cmake
fltk-1.4.4/CMake/cmake_uninstall.cmake.in
fltk-1.4.4/CMake/fl_create_example.cmake
fltk-1.4.4/CMake/fl_add_library.cmake
fltk-1.4.4/CMake/install.cmake
fltk-1.4.4/CMake/fl_summary.cmake
fltk-1.4.4/CMake/FLTK-Functions.cmake
fltk-1.4.4/CMake/posixScandir.cxx
fltk-1.4.4/CMake/pthread_mutex_recursive.c
fltk-1.4.4/CMake/macOSMaxAllowed.c
fltk-1.4.4/CMake/FLTKConfig.cmake.in
fltk-1.4.4/CMake/compatibility.cmake
fltk-1.4.4/CMake/export.cmake
fltk-1.4.4/CMake/options.cmake
fltk-1.4.4/CMake/install-symlinks.cmake.in
fltk-1.4.4/CMake/resources.cmake
fltk-1.4.4/forms.h
fltk-1.4.4/CHANGES_1.0.txt
fltk-1.4.4/fluid/
fltk-1.4.4/fluid/fluid.xml
fltk-1.4.4/fluid/makedepend
fltk-1.4.4/fluid/file.cxx
fltk-1.4.4/fluid/ExternalCodeEditor_UNIX.h
fltk-1.4.4/fluid/code.h
fltk-1.4.4/fluid/widget_panel.fl
fltk-1.4.4/fluid/Fl_Type.cxx
fltk-1.4.4/fluid/comments.h
fltk-1.4.4/fluid/Fd_Snap_Action.cxx
fltk-1.4.4/fluid/template_panel.fl
fltk-1.4.4/fluid/fluid.cxx
fltk-1.4.4/fluid/icons/
fltk-1.4.4/fluid/icons/language_64.png
fltk-1.4.4/fluid/icons/fluid.animated.gif
fltk-1.4.4/fluid/icons/general_64.png
fltk-1.4.4/fluid/icons/fluid-256.png
fltk-1.4.4/fluid/icons/fluid.ico
fltk-1.4.4/fluid/icons/fluid.icns
fltk-1.4.4/fluid/icons/document_64.png
fltk-1.4.4/fluid/icons/shell_64.png
fltk-1.4.4/fluid/icons/shell-48.png
fltk-1.4.4/fluid/icons/fluid-16i.png
fltk-1.4.4/fluid/icons/user_circle_64.png
fltk-1.4.4/fluid/icons/fluid-32.xpm
fltk-1.4.4/fluid/icons/fluid-64.png
fltk-1.4.4/fluid/icons/fluid-96.xpm
fltk-1.4.4/fluid/icons/fluid-128.png
fltk-1.4.4/fluid/icons/fluid-48.png
fltk-1.4.4/fluid/icons/fluid-32i.png
fltk-1.4.4/fluid/icons/fluid.xcf_gz
fltk-1.4.4/fluid/icons/fluid-16.png
fltk-1.4.4/fluid/icons/layout_64.png
fltk-1.4.4/fluid/icons/fluid-32.png
fltk-1.4.4/fluid/undo.cxx
fltk-1.4.4/fluid/CodeEditor.cxx
fltk-1.4.4/fluid/template_panel.cxx
fltk-1.4.4/fluid/Fd_Snap_Action.h
fltk-1.4.4/fluid/Fl_Grid_Type.cxx
fltk-1.4.4/fluid/about_panel.cxx
fltk-1.4.4/fluid/code.cxx
fltk-1.4.4/fluid/pixmaps.h
fltk-1.4.4/fluid/Fluid_Image.cxx
fltk-1.4.4/fluid/function_panel.fl
fltk-1.4.4/fluid/fluid.h
fltk-1.4.4/fluid/Fl_Grid_Type.h
fltk-1.4.4/fluid/templates/
fltk-1.4.4/fluid/templates/FLTK_License.fl
fltk-1.4.4/fluid/templates/1of7GUIs.fl
fltk-1.4.4/fluid/print_panel.fl
fltk-1.4.4/fluid/widget_browser.h
fltk-1.4.4/fluid/Fl_Group_Type.h
fltk-1.4.4/fluid/pixmaps.cxx
fltk-1.4.4/fluid/ExternalCodeEditor_WIN32.cxx
fltk-1.4.4/fluid/align_widget.h
fltk-1.4.4/fluid/fluid_filename.h
fltk-1.4.4/fluid/Fl_Type.h
fltk-1.4.4/fluid/widget_browser.cxx
fltk-1.4.4/fluid/file.h
fltk-1.4.4/fluid/fluid-shared.plist
fltk-1.4.4/fluid/Fl_Group_Type.cxx
fltk-1.4.4/fluid/Fl_Menu_Type.cxx
fltk-1.4.4/fluid/shell_command.h
fltk-1.4.4/fluid/mergeback.h
fltk-1.4.4/fluid/README_fl.txt
fltk-1.4.4/fluid/settings_panel.cxx
fltk-1.4.4/fluid/Fl_Button_Type.h
fltk-1.4.4/fluid/fluid.desktop
fltk-1.4.4/fluid/Makefile
fltk-1.4.4/fluid/Fl_Menu_Type.h
fltk-1.4.4/fluid/custom_widgets.cxx
fltk-1.4.4/fluid/pixmaps/
fltk-1.4.4/fluid/pixmaps/flTile.xpm
fltk-1.4.4/fluid/pixmaps/flFileInput.xpm
fltk-1.4.4/fluid/pixmaps/flCheckMenuitem.xpm
fltk-1.4.4/fluid/pixmaps/flWidgetClass.xpm
fltk-1.4.4/fluid/pixmaps/flHelp.xpm
fltk-1.4.4/fluid/pixmaps/flSubmenu.xpm
fltk-1.4.4/fluid/pixmaps/flValueOutput.xpm
fltk-1.4.4/fluid/pixmaps/flMenuButton.xpm
fltk-1.4.4/fluid/pixmaps/flInput.xpm
fltk-1.4.4/fluid/pixmaps/flFlex.xpm
fltk-1.4.4/fluid/pixmaps/flCounter.xpm
fltk-1.4.4/fluid/pixmaps/compressed.xpm
fltk-1.4.4/fluid/pixmaps/flBox.xpm
fltk-1.4.4/fluid/pixmaps/flCode.xpm
fltk-1.4.4/fluid/pixmaps/flRoundButton.xpm
fltk-1.4.4/fluid/pixmaps/flTextEdit.xpm
fltk-1.4.4/fluid/pixmaps/flComment.xpm
fltk-1.4.4/fluid/pixmaps/flSimpleTerminal.xpm
fltk-1.4.4/fluid/pixmaps/flAdjuster.xpm
fltk-1.4.4/fluid/pixmaps/flOutput.xpm
fltk-1.4.4/fluid/pixmaps/flClock.xpm
fltk-1.4.4/fluid/pixmaps/flPack.xpm
fltk-1.4.4/fluid/pixmaps/flWindow.xpm
fltk-1.4.4/fluid/pixmaps/flFileBrowser.xpm
fltk-1.4.4/fluid/pixmaps/flTabs.xpm
fltk-1.4.4/fluid/pixmaps/flMenubar.xpm
fltk-1.4.4/fluid/pixmaps/flWizard.xpm
fltk-1.4.4/fluid/pixmaps/flBrowser.xpm
fltk-1.4.4/fluid/pixmaps/flValueSlider.xpm
fltk-1.4.4/fluid/pixmaps/flDeclaration.xpm
fltk-1.4.4/fluid/pixmaps/flScrollBar.xpm
fltk-1.4.4/fluid/pixmaps/flFunction.xpm
fltk-1.4.4/fluid/pixmaps/flProgress.xpm
fltk-1.4.4/fluid/pixmaps/flClass.xpm
fltk-1.4.4/fluid/pixmaps/flGrid.xpm
fltk-1.4.4/fluid/pixmaps/flData.xpm
fltk-1.4.4/fluid/pixmaps/flTree.xpm
fltk-1.4.4/fluid/pixmaps/flButton.xpm
fltk-1.4.4/fluid/pixmaps/invisible.xpm
fltk-1.4.4/fluid/pixmaps/flInputChoice.xpm
fltk-1.4.4/fluid/pixmaps/print_gray.xpm
fltk-1.4.4/fluid/pixmaps/flTable.xpm
fltk-1.4.4/fluid/pixmaps/flDeclarationBlock.xpm
fltk-1.4.4/fluid/pixmaps/flReturnButton.xpm
fltk-1.4.4/fluid/pixmaps/flSlider.xpm
fltk-1.4.4/fluid/pixmaps/lock.xpm
fltk-1.4.4/fluid/pixmaps/fd_project.png
fltk-1.4.4/fluid/pixmaps/print_color.xpm
fltk-1.4.4/fluid/pixmaps/flLightButton.xpm
fltk-1.4.4/fluid/pixmaps/flChoice.xpm
fltk-1.4.4/fluid/pixmaps/flValueInput.xpm
fltk-1.4.4/fluid/pixmaps/flRoller.xpm
fltk-1.4.4/fluid/pixmaps/fd_user.png
fltk-1.4.4/fluid/pixmaps/flDial.xpm
fltk-1.4.4/fluid/pixmaps/flGroup.xpm
fltk-1.4.4/fluid/pixmaps/flSpinner.xpm
fltk-1.4.4/fluid/pixmaps/flRadioMenuitem.xpm
fltk-1.4.4/fluid/pixmaps/bind.xpm
fltk-1.4.4/fluid/pixmaps/flRepeatButton.xpm
fltk-1.4.4/fluid/pixmaps/flCheckBrowser.xpm
fltk-1.4.4/fluid/pixmaps/flCodeBlock.xpm
fltk-1.4.4/fluid/pixmaps/flTextDisplay.xpm
fltk-1.4.4/fluid/pixmaps/flMenuitem.xpm
fltk-1.4.4/fluid/pixmaps/protected.xpm
fltk-1.4.4/fluid/pixmaps/flScroll.xpm
fltk-1.4.4/fluid/pixmaps/flCheckButton.xpm
fltk-1.4.4/fluid/autodoc.h
fltk-1.4.4/fluid/about_panel.fl
fltk-1.4.4/fluid/autodoc.cxx
fltk-1.4.4/fluid/undo.h
fltk-1.4.4/fluid/print_panel.h
fltk-1.4.4/fluid/codeview_panel.cxx
fltk-1.4.4/fluid/Fl_Window_Type.h
fltk-1.4.4/fluid/print_panel.cxx
fltk-1.4.4/fluid/Fl_Button_Type.cxx
fltk-1.4.4/fluid/CodeEditor.h
fltk-1.4.4/fluid/function_panel.cxx
fltk-1.4.4/fluid/documentation/
fltk-1.4.4/fluid/documentation/copyright.dox.in
fltk-1.4.4/fluid/documentation/Doxyfile.in
fltk-1.4.4/fluid/documentation/convert_doxyfile
fltk-1.4.4/fluid/documentation/make_pdf.in
fltk-1.4.4/fluid/documentation/src/
fltk-1.4.4/fluid/documentation/src/edit_outside.png
fltk-1.4.4/fluid/documentation/src/page_interactive.dox
fltk-1.4.4/fluid/documentation/src/page_edit_window.dox
fltk-1.4.4/fluid/documentation/src/edit_snap_group.png
fltk-1.4.4/fluid/documentation/src/edit_live_resize.png
fltk-1.4.4/fluid/documentation/src/flDeclaration.png
fltk-1.4.4/fluid/documentation/src/page_widget_panel.dox
fltk-1.4.4/fluid/documentation/src/1of7GUIs.png
fltk-1.4.4/fluid/documentation/src/page_functional_nodes.dox
fltk-1.4.4/fluid/documentation/src/flComment.png
fltk-1.4.4/fluid/documentation/src/fluid-title.tex.in
fltk-1.4.4/fluid/documentation/src/flWidgetClass.png
fltk-1.4.4/fluid/documentation/src/edit_overlap.png
fltk-1.4.4/fluid/documentation/src/flDeclarationBlock.png
fltk-1.4.4/fluid/documentation/src/flWindow.png
fltk-1.4.4/fluid/documentation/src/edit_snap_sibling.png
fltk-1.4.4/fluid/documentation/src/edit_snap_size.png
fltk-1.4.4/fluid/documentation/src/fluid4.png
fltk-1.4.4/fluid/documentation/src/page_setting_dialog.dox
fltk-1.4.4/fluid/documentation/src/flData.png
fltk-1.4.4/fluid/documentation/src/flCodeBlock.png
fltk-1.4.4/fluid/documentation/src/flClass.png
fltk-1.4.4/fluid/documentation/src/page_tutorial.dox
fltk-1.4.4/fluid/documentation/src/fluid_flow_chart.png
fltk-1.4.4/fluid/documentation/src/flBox.png
fltk-1.4.4/fluid/documentation/src/index.dox
fltk-1.4.4/fluid/documentation/src/fluid3-cxx.png
fltk-1.4.4/fluid/documentation/src/fluid-128.png
fltk-1.4.4/fluid/documentation/src/page_widgetbin_panel.dox
fltk-1.4.4/fluid/documentation/src/page_introduction.dox
fltk-1.4.4/fluid/documentation/src/fluid2.png
fltk-1.4.4/fluid/documentation/src/fluid1.png
fltk-1.4.4/fluid/documentation/src/flFunction.png
fltk-1.4.4/fluid/documentation/src/page_appendices.dox
fltk-1.4.4/fluid/documentation/src/fluid_flow_chart_800.png
fltk-1.4.4/fluid/documentation/src/flCode.png
fltk-1.4.4/fluid/documentation/src/page_codeview_panel.dox
fltk-1.4.4/fluid/documentation/src/edit_snap_grid.png
fltk-1.4.4/fluid/documentation/src/page_commandline.dox
fltk-1.4.4/fluid/documentation/src/cubeview.png
fltk-1.4.4/fluid/documentation/src/edit_select_multiple.png
fltk-1.4.4/fluid/documentation/src/main_titlebar.png
fltk-1.4.4/fluid/documentation/src/widgetbin_action.png
fltk-1.4.4/fluid/documentation/src/edit_window.png
fltk-1.4.4/fluid/documentation/src/page_main_window.dox
fltk-1.4.4/fluid/documentation/src/edit_select_group.png
fltk-1.4.4/fluid/documentation/src/fluid_gui_overview_800.png
fltk-1.4.4/fluid/documentation/make_header
fltk-1.4.4/fluid/documentation/CMakeLists.txt
fltk-1.4.4/fluid/documentation/generated.dox.in
fltk-1.4.4/fluid/fluid.plist
fltk-1.4.4/fluid/ExternalCodeEditor_WIN32.h
fltk-1.4.4/fluid/settings_panel.h
fltk-1.4.4/fluid/Fl_Function_Type.h
fltk-1.4.4/fluid/CMakeLists.txt
fltk-1.4.4/fluid/StyleParse.cxx
fltk-1.4.4/fluid/codeview_panel.fl
fltk-1.4.4/fluid/Fl_Widget_Type.h
fltk-1.4.4/fluid/widget_panel.h
fltk-1.4.4/fluid/Fl_Widget_Type.cxx
fltk-1.4.4/fluid/factory.cxx
fltk-1.4.4/fluid/widget_panel.cxx
fltk-1.4.4/fluid/codeview_panel.h
fltk-1.4.4/fluid/function_panel.h
fltk-1.4.4/fluid/Fl_Window_Type.cxx
fltk-1.4.4/fluid/StyleParse.h
fltk-1.4.4/fluid/Fl_Function_Type.cxx
fltk-1.4.4/fluid/mergeback.cxx
fltk-1.4.4/fluid/settings_panel.fl
fltk-1.4.4/fluid/factory.h
fltk-1.4.4/fluid/shell_command.cxx
fltk-1.4.4/fluid/ExternalCodeEditor_UNIX.cxx
fltk-1.4.4/fluid/fluid_filename.cxx
fltk-1.4.4/fluid/align_widget.cxx
fltk-1.4.4/fluid/custom_widgets.h
fltk-1.4.4/fluid/about_panel.h
fltk-1.4.4/fluid/Fluid_Image.h
fltk-1.4.4/fluid/template_panel.h
fltk-1.4.4/fltk.spec.in
fltk-1.4.4/GL/
fltk-1.4.4/GL/glut.h
fltk-1.4.4/jpeg/
fltk-1.4.4/jpeg/jcparam.c
fltk-1.4.4/jpeg/filelist.txt
fltk-1.4.4/jpeg/makedepend
fltk-1.4.4/jpeg/jdapistd.c
fltk-1.4.4/jpeg/change.log
fltk-1.4.4/jpeg/jmemmgr.c
fltk-1.4.4/jpeg/jversion.h
fltk-1.4.4/jpeg/jcomapi.c
fltk-1.4.4/jpeg/jdapimin.c
fltk-1.4.4/jpeg/jutils.c
fltk-1.4.4/jpeg/jfdctint.c
fltk-1.4.4/jpeg/jdsample.c
fltk-1.4.4/jpeg/jmemnobs.c
fltk-1.4.4/jpeg/jcapimin.c
fltk-1.4.4/jpeg/jdatasrc.c
fltk-1.4.4/jpeg/structure.txt
fltk-1.4.4/jpeg/jaricom.c
fltk-1.4.4/jpeg/jquant2.c
fltk-1.4.4/jpeg/jpegint.h
fltk-1.4.4/jpeg/usage.txt
fltk-1.4.4/jpeg/jdinput.c
fltk-1.4.4/jpeg/jdcoefct.c
fltk-1.4.4/jpeg/jdmerge.c
fltk-1.4.4/jpeg/libjpeg.txt
fltk-1.4.4/jpeg/jcapistd.c
fltk-1.4.4/jpeg/coderules.txt
fltk-1.4.4/jpeg/README
fltk-1.4.4/jpeg/wizard.txt
fltk-1.4.4/jpeg/jpeglib.h
fltk-1.4.4/jpeg/jdarith.c
fltk-1.4.4/jpeg/jdtrans.c
fltk-1.4.4/jpeg/jmemsys.h
fltk-1.4.4/jpeg/jccolor.c
fltk-1.4.4/jpeg/jidctint.c
fltk-1.4.4/jpeg/jdct.h
fltk-1.4.4/jpeg/jdmaster.c
fltk-1.4.4/jpeg/jccoefct.c
fltk-1.4.4/jpeg/jchuff.c
fltk-1.4.4/jpeg/jcmaster.c
fltk-1.4.4/jpeg/jcmainct.c
fltk-1.4.4/jpeg/Makefile
fltk-1.4.4/jpeg/jinclude.h
fltk-1.4.4/jpeg/install.txt
fltk-1.4.4/jpeg/jcsample.c
fltk-1.4.4/jpeg/jerror.c
fltk-1.4.4/jpeg/jerror.h
fltk-1.4.4/jpeg/jidctflt.c
fltk-1.4.4/jpeg/jcdctmgr.c
fltk-1.4.4/jpeg/fltk_jpeg_prefix.h
fltk-1.4.4/jpeg/jcarith.c
fltk-1.4.4/jpeg/jdpostct.c
fltk-1.4.4/jpeg/jdmarker.c
fltk-1.4.4/jpeg/jquant1.c
fltk-1.4.4/jpeg/CMakeLists.txt
fltk-1.4.4/jpeg/jmorecfg.h
fltk-1.4.4/jpeg/jcmarker.c
fltk-1.4.4/jpeg/jctrans.c
fltk-1.4.4/jpeg/jconfig.h
fltk-1.4.4/jpeg/jddctmgr.c
fltk-1.4.4/jpeg/jdmainct.c
fltk-1.4.4/jpeg/jdcolor.c
fltk-1.4.4/jpeg/jfdctflt.c
fltk-1.4.4/jpeg/jcprepct.c
fltk-1.4.4/jpeg/jfdctfst.c
fltk-1.4.4/jpeg/jconfig.txt
fltk-1.4.4/jpeg/jidctfst.c
fltk-1.4.4/jpeg/jdatadst.c
fltk-1.4.4/jpeg/jcinit.c
fltk-1.4.4/jpeg/jdhuff.c
fltk-1.4.4/README.txt
fltk-1.4.4/CREDITS.txt
fltk-1.4.4/autogen.sh
fltk-1.4.4/configure
fltk-1.4.4/fl_config.in
fltk-1.4.4/README.Wayland.txt
fltk-1.4.4/README.abi-version.txt
fltk-1.4.4/share/
fltk-1.4.4/share/doc/
fltk-1.4.4/libdecor/
fltk-1.4.4/libdecor/LICENSE
fltk-1.4.4/libdecor/src/
fltk-1.4.4/libdecor/src/os-compatibility.h
fltk-1.4.4/libdecor/src/libdecor.c
fltk-1.4.4/libdecor/src/desktop-settings.c
fltk-1.4.4/libdecor/src/desktop-settings.h
fltk-1.4.4/libdecor/src/os-compatibility.c
fltk-1.4.4/libdecor/src/libdecor.h
fltk-1.4.4/libdecor/src/plugins/
fltk-1.4.4/libdecor/src/plugins/common/
fltk-1.4.4/libdecor/src/plugins/common/libdecor-cairo-blur.h
fltk-1.4.4/libdecor/src/plugins/common/libdecor-cairo-blur.c
fltk-1.4.4/libdecor/src/plugins/dummy/
fltk-1.4.4/libdecor/src/plugins/dummy/libdecor-dummy.c
fltk-1.4.4/libdecor/src/plugins/gtk/
fltk-1.4.4/libdecor/src/plugins/gtk/libdecor-gtk.c
fltk-1.4.4/libdecor/src/plugins/cairo/
fltk-1.4.4/libdecor/src/plugins/cairo/libdecor-cairo.c
fltk-1.4.4/libdecor/src/utils.h
fltk-1.4.4/libdecor/src/libdecor-fallback.h
fltk-1.4.4/libdecor/src/libdecor-fallback.c
fltk-1.4.4/libdecor/src/libdecor-plugin.h
fltk-1.4.4/libdecor/build/
fltk-1.4.4/libdecor/build/fl_libdecor.c
fltk-1.4.4/libdecor/build/Makefile
fltk-1.4.4/libdecor/build/fl_libdecor.h
fltk-1.4.4/libdecor/build/gtk-shell.xml
fltk-1.4.4/libdecor/build/fl_libdecor-plugins.c
fltk-1.4.4/libdecor/README.md
fltk-1.4.4/test/
fltk-1.4.4/test/CubeView.cxx
fltk-1.4.4/test/resize-arrows.h
fltk-1.4.4/test/colbrowser.cxx
fltk-1.4.4/test/overlay.cxx
fltk-1.4.4/test/output.cxx
fltk-1.4.4/test/cairo_test.cxx
fltk-1.4.4/test/makedepend
fltk-1.4.4/test/mac-resources/
fltk-1.4.4/test/mac-resources/sudoku.plist
fltk-1.4.4/test/mac-resources/editor.plist
fltk-1.4.4/test/mac-resources/sudoku.icns
fltk-1.4.4/test/mac-resources/checkers.plist
fltk-1.4.4/test/mac-resources/blocks.plist
fltk-1.4.4/test/mac-resources/blocks.icns
fltk-1.4.4/test/mac-resources/checkers.icns
fltk-1.4.4/test/curve.cxx
fltk-1.4.4/test/symbols.cxx
fltk-1.4.4/test/shape.cxx
fltk-1.4.4/test/CubeMain.cxx
fltk-1.4.4/test/tile.cxx
fltk-1.4.4/test/flex_login.cxx
fltk-1.4.4/test/grid_login.cxx
fltk-1.4.4/test/terminal.fl
fltk-1.4.4/test/mandelbrot.h
fltk-1.4.4/test/sudoku.rc
fltk-1.4.4/test/ask.cxx
fltk-1.4.4/test/bitmap.cxx
fltk-1.4.4/test/windowfocus.cxx
fltk-1.4.4/test/resize-example5c.cxx
fltk-1.4.4/test/handle_keys.cxx
fltk-1.4.4/test/animated.cxx
fltk-1.4.4/test/unittest_core.cxx
fltk-1.4.4/test/resize-example3b.cxx
fltk-1.4.4/test/rgb.txt
fltk-1.4.4/test/radio.fl
fltk-1.4.4/test/resize-example5a.cxx
fltk-1.4.4/test/twowin.cxx
fltk-1.4.4/test/subwindow.cxx
fltk-1.4.4/test/color_chooser.cxx
fltk-1.4.4/test/unittests.cxx
fltk-1.4.4/test/image.cxx
fltk-1.4.4/test/help_dialog.html
fltk-1.4.4/test/README.txt
fltk-1.4.4/test/cursor.cxx
fltk-1.4.4/test/resize.fl
fltk-1.4.4/test/README-unittests.txt
fltk-1.4.4/test/CubeView.h
fltk-1.4.4/test/scroll.cxx
fltk-1.4.4/test/unittest_images.cxx
fltk-1.4.4/test/unittest_viewport.cxx
fltk-1.4.4/test/navigation.cxx
fltk-1.4.4/test/resize-arrows.cxx
fltk-1.4.4/test/cube.cxx
fltk-1.4.4/test/message.cxx
fltk-1.4.4/test/tabs.fl
fltk-1.4.4/test/mandelbrot_ui.fl
fltk-1.4.4/test/keyboard.cxx
fltk-1.4.4/test/browser.cxx
fltk-1.4.4/test/coordinates.cxx
fltk-1.4.4/test/file_chooser.cxx
fltk-1.4.4/test/doublebuffer.cxx
fltk-1.4.4/test/demo.menu
fltk-1.4.4/test/pack.cxx
fltk-1.4.4/test/shadow_variables.cxx
fltk-1.4.4/test/line_style.cxx
fltk-1.4.4/test/unittest_symbol.cxx
fltk-1.4.4/test/wizard.cxx
fltk-1.4.4/test/line_style_docs.cxx
fltk-1.4.4/test/button.cxx
fltk-1.4.4/test/native-filechooser.cxx
fltk-1.4.4/test/clipboard.cxx
fltk-1.4.4/test/valuators.fl
fltk-1.4.4/test/input_choice.cxx
fltk-1.4.4/test/Makefile
fltk-1.4.4/test/tree.fl
fltk-1.4.4/test/input.cxx
fltk-1.4.4/test/editor.cxx
fltk-1.4.4/test/adjuster.cxx
fltk-1.4.4/test/resizebox.cxx
fltk-1.4.4/test/pixmap.cxx
fltk-1.4.4/test/pixmaps/
fltk-1.4.4/test/pixmaps/magenta_bomb.xpm
fltk-1.4.4/test/pixmaps/checker.svg
fltk-1.4.4/test/pixmaps/black_checker.png
fltk-1.4.4/test/pixmaps/cyan_bomb.xpm
fltk-1.4.4/test/pixmaps/white_checker.png
fltk-1.4.4/test/pixmaps/blue.xpm
fltk-1.4.4/test/pixmaps/porsche.xpm
fltk-1.4.4/test/pixmaps/green.xpm
fltk-1.4.4/test/pixmaps/sorceress.xbm
fltk-1.4.4/test/pixmaps/cyan.xpm
fltk-1.4.4/test/pixmaps/yellow.xpm
fltk-1.4.4/test/pixmaps/blast.xpm
fltk-1.4.4/test/pixmaps/red_bomb.xpm
fltk-1.4.4/test/pixmaps/gray.xpm
fltk-1.4.4/test/pixmaps/animated_fluid_gif.h
fltk-1.4.4/test/pixmaps/white_checker_king.png
fltk-1.4.4/test/pixmaps/green_bomb.xpm
fltk-1.4.4/test/pixmaps/magenta.xpm
fltk-1.4.4/test/pixmaps/black_checker_king.png
fltk-1.4.4/test/pixmaps/porsche1.xpm
fltk-1.4.4/test/pixmaps/block.xcf_gz
fltk-1.4.4/test/pixmaps/red.xpm
fltk-1.4.4/test/pixmaps/gray_bomb.xpm
fltk-1.4.4/test/pixmaps/sudoku.xbm
fltk-1.4.4/test/pixmaps/blue_bomb.xpm
fltk-1.4.4/test/pixmaps/yellow_bomb.xpm
fltk-1.4.4/test/pixmaps/tile.xpm
fltk-1.4.4/test/iconize.cxx
fltk-1.4.4/test/glpuzzle.cxx
fltk-1.4.4/test/device.cxx
fltk-1.4.4/test/preferences.fl
fltk-1.4.4/test/gl_overlay.cxx
fltk-1.4.4/test/grid_buttons.cxx
fltk-1.4.4/test/keyboard_ui.fl
fltk-1.4.4/test/offscreen.cxx
fltk-1.4.4/test/grid_dialog.cxx
fltk-1.4.4/test/pixmap_browser.cxx
fltk-1.4.4/test/CubeViewUI.fl
fltk-1.4.4/test/unittest_scrollbarsize.cxx
fltk-1.4.4/test/unittest_points.cxx
fltk-1.4.4/test/table.cxx
fltk-1.4.4/test/flex_demo.cxx
fltk-1.4.4/test/sudoku.ico
fltk-1.4.4/test/contrast.cxx
fltk-1.4.4/test/boxtype.cxx
fltk-1.4.4/test/buttons.cxx
fltk-1.4.4/test/keyboard.h
fltk-1.4.4/test/threads.h
fltk-1.4.4/test/unittest_complex_shapes.cxx
fltk-1.4.4/test/unittest_about.cxx
fltk-1.4.4/test/resize-example4b.cxx
fltk-1.4.4/test/resize-example2.cxx
fltk-1.4.4/test/fonts.cxx
fltk-1.4.4/test/fracviewer.h
fltk-1.4.4/test/desktop/
fltk-1.4.4/test/desktop/blocks-128.png
fltk-1.4.4/test/desktop/sudoku-32.png
fltk-1.4.4/test/desktop/checkers.desktop
fltk-1.4.4/test/desktop/blocks.desktop
fltk-1.4.4/test/desktop/blocks-32.png
fltk-1.4.4/test/desktop/checkers-32.png
fltk-1.4.4/test/desktop/checkers-128.png
fltk-1.4.4/test/desktop/sudoku.desktop
fltk-1.4.4/test/desktop/sudoku-128.png
fltk-1.4.4/test/glut_test.cxx
fltk-1.4.4/test/sudoku.cxx
fltk-1.4.4/test/CMakeLists.txt
fltk-1.4.4/test/utf8.cxx
fltk-1.4.4/test/fullscreen.cxx
fltk-1.4.4/test/trackball.h
fltk-1.4.4/test/unittest_circles.cxx
fltk-1.4.4/test/unittest_terminal.cxx
fltk-1.4.4/test/icon.cxx
fltk-1.4.4/test/unittest_schemes.cxx
fltk-1.4.4/test/unittest_text.cxx
fltk-1.4.4/test/rotated_text.cxx
fltk-1.4.4/test/resize-example1.cxx
fltk-1.4.4/test/tiled_image.cxx
fltk-1.4.4/test/help_dialog.cxx
fltk-1.4.4/test/blocks.cxx
fltk-1.4.4/test/menubar.cxx
fltk-1.4.4/test/list_visuals.cxx
fltk-1.4.4/test/forms.cxx
fltk-1.4.4/test/arc.cxx
fltk-1.4.4/test/demo.cxx
fltk-1.4.4/test/inactive.fl
fltk-1.4.4/test/resize-example3a.cxx
fltk-1.4.4/test/unittests.h
fltk-1.4.4/test/fast_slow.fl
fltk-1.4.4/test/resize-example4a.cxx
fltk-1.4.4/test/clock.cxx
fltk-1.4.4/test/handle_events.cxx
fltk-1.4.4/test/fracviewer.cxx
fltk-1.4.4/test/fltk-versions.cxx
fltk-1.4.4/test/trackball.c
fltk-1.4.4/test/unittest_fast_shapes.cxx
fltk-1.4.4/test/mandelbrot.cxx
fltk-1.4.4/test/images/
fltk-1.4.4/test/images/fltk_animated3.gif
fltk-1.4.4/test/images/Fl_Value_Output.png
fltk-1.4.4/test/images/fltk_animated2.gif
fltk-1.4.4/test/images/FL200.png
fltk-1.4.4/test/images/fltk_animated.gif
fltk-1.4.4/test/images/tiny.png
fltk-1.4.4/test/images/Fl_Value_Input.png
fltk-1.4.4/test/resize-example3c.cxx
fltk-1.4.4/test/minimum.cxx
fltk-1.4.4/test/hello.cxx
fltk-1.4.4/test/fractals.cxx
fltk-1.4.4/test/label.cxx
fltk-1.4.4/test/unittest_unicode.cxx
fltk-1.4.4/test/resize-example5b.cxx
fltk-1.4.4/test/threads.cxx
fltk-1.4.4/test/grid_alignment.cxx
fltk-1.4.4/test/checkers.cxx
fltk-1.4.4/test/checkers_pieces.fl
fltk-1.4.4/config.sub
fltk-1.4.4/config.guess
fltk-1.4.4/fltk.spec
fltk-1.4.4/configh.in
fltk-1.4.4/fltk.list.in
fltk-1.4.4/zlib/
fltk-1.4.4/zlib/gzclose.c
fltk-1.4.4/zlib/makedepend
fltk-1.4.4/zlib/zutil.c
fltk-1.4.4/zlib/inffast.c
fltk-1.4.4/zlib/gzlib.c
fltk-1.4.4/zlib/zlib.h
fltk-1.4.4/zlib/deflate.c
fltk-1.4.4/zlib/ChangeLog
fltk-1.4.4/zlib/FAQ
fltk-1.4.4/zlib/inftrees.c
fltk-1.4.4/zlib/compress.c
fltk-1.4.4/zlib/README
fltk-1.4.4/zlib/inftrees.h
fltk-1.4.4/zlib/zlib.3
fltk-1.4.4/zlib/gzguts.h
fltk-1.4.4/zlib/Makefile
fltk-1.4.4/zlib/INDEX
fltk-1.4.4/zlib/zutil.h
fltk-1.4.4/zlib/infback.c
fltk-1.4.4/zlib/CMakeLists.txt
fltk-1.4.4/zlib/adler32.c
fltk-1.4.4/zlib/inflate.h
fltk-1.4.4/zlib/gzwrite.c
fltk-1.4.4/zlib/inflate.c
fltk-1.4.4/zlib/deflate.h
fltk-1.4.4/zlib/trees.h
fltk-1.4.4/zlib/inffixed.h
fltk-1.4.4/zlib/inffast.h
fltk-1.4.4/zlib/crc32.h
fltk-1.4.4/zlib/crc32.c
fltk-1.4.4/zlib/trees.c
fltk-1.4.4/zlib/uncompr.c
fltk-1.4.4/zlib/zconf.h
fltk-1.4.4/zlib/gzread.c
fltk-1.4.4/src/
fltk-1.4.4/src/Fl_Anim_GIF_Image.cxx
fltk-1.4.4/src/Fl_Image_Surface.cxx
fltk-1.4.4/src/Fl_Scheme_Choice.cxx
fltk-1.4.4/src/scandir_posix.c
fltk-1.4.4/src/Fl_ICO_Image.cxx
fltk-1.4.4/src/Fl_Single_Window.cxx
fltk-1.4.4/src/Fl_Menu_.cxx
fltk-1.4.4/src/d1.xbm
fltk-1.4.4/src/Fl_Window_fullscreen.cxx
fltk-1.4.4/src/utf8_internal.h
fltk-1.4.4/src/Fl_Tooltip.cxx
fltk-1.4.4/src/makedepend
fltk-1.4.4/src/fl_cursor_help.xpm
fltk-1.4.4/src/Fl_Text_Editor.cxx
fltk-1.4.4/src/Fl_Valuator.cxx
fltk-1.4.4/src/Fl_Menu_Window.cxx
fltk-1.4.4/src/Fl_Help_View.cxx
fltk-1.4.4/src/Fl_get_key.cxx
fltk-1.4.4/src/Fl_Repeat_Button.cxx
fltk-1.4.4/src/Fl_PNG_Image.cxx
fltk-1.4.4/src/fl_dnd_win32.cxx
fltk-1.4.4/src/Fl_Native_File_Chooser_MAC.mm
fltk-1.4.4/src/Fl_Sys_Menu_Bar_Driver.H
fltk-1.4.4/src/fl_draw_arrow.cxx
fltk-1.4.4/src/Fl_Gl_Choice.H
fltk-1.4.4/src/Fl_Color_Chooser.cxx
fltk-1.4.4/src/freeglut_stroke_roman.cxx
fltk-1.4.4/src/fl_show_colormap.cxx
fltk-1.4.4/src/fl_cursor_nwse.xpm
fltk-1.4.4/src/Fl_grab.cxx
fltk-1.4.4/src/Fl_Pack.cxx
fltk-1.4.4/src/filename_ext.cxx
fltk-1.4.4/src/Fl_Positioner.cxx
fltk-1.4.4/src/fl_shortcut.cxx
fltk-1.4.4/src/fl_utf8.cxx
fltk-1.4.4/src/fl_cmap.h
fltk-1.4.4/src/Fl_Input_.cxx
fltk-1.4.4/src/fl_shadow_box.cxx
fltk-1.4.4/src/Fl_Chart.cxx
fltk-1.4.4/src/Fl_Menu_add.cxx
fltk-1.4.4/src/Fl_Grid.cxx
fltk-1.4.4/src/Fl_Menu.cxx
fltk-1.4.4/src/Fl_Sys_Menu_Bar.cxx
fltk-1.4.4/src/fl_encoding_latin1.cxx
fltk-1.4.4/src/README-Fl_Terminal.txt
fltk-1.4.4/src/Fl_XPM_Image.cxx
fltk-1.4.4/src/forms_fselect.cxx
fltk-1.4.4/src/Fl_Copy_Surface.cxx
fltk-1.4.4/src/Fl_own_colormap.cxx
fltk-1.4.4/src/Fl_String.H
fltk-1.4.4/src/Fl_Multi_Label.cxx
fltk-1.4.4/src/Fl_Flex.cxx
fltk-1.4.4/src/forms_compatibility.cxx
fltk-1.4.4/src/Fl_Shortcut_Button.cxx
fltk-1.4.4/src/Fl_Timeout.cxx
fltk-1.4.4/src/fl_symbols.cxx
fltk-1.4.4/src/Fl_get_key_mac.cxx
fltk-1.4.4/src/Fl_Value_Output.cxx
fltk-1.4.4/src/forms_timer.cxx
fltk-1.4.4/src/Fl_Spinner.cxx
fltk-1.4.4/src/Fl_lock.cxx
fltk-1.4.4/src/Fl_Widget_Surface.cxx
fltk-1.4.4/src/Fl_Group.cxx
fltk-1.4.4/src/fl_gtk.cxx
fltk-1.4.4/src/filename_expand.cxx
fltk-1.4.4/src/Fl_Bitmap.cxx
fltk-1.4.4/src/Fl_Message.cxx
fltk-1.4.4/src/Fl_Native_File_Chooser_FLTK.cxx
fltk-1.4.4/src/Fl_Widget.cxx
fltk-1.4.4/src/Fl_Browser_load.cxx
fltk-1.4.4/src/Fl_Native_File_Chooser_GTK.cxx
fltk-1.4.4/src/freeglut_teapot.cxx
fltk-1.4.4/src/glut_font.cxx
fltk-1.4.4/src/Fl_add_idle.cxx
fltk-1.4.4/src/fl_vertex.cxx
fltk-1.4.4/src/scandir_win32.c
fltk-1.4.4/src/Fl_Native_File_Chooser_Kdialog.H
fltk-1.4.4/src/Fl_Screen_Driver.H
fltk-1.4.4/src/Fl_visual.cxx
fltk-1.4.4/src/ns_mask.xbm
fltk-1.4.4/src/fl_arc.cxx
fltk-1.4.4/src/Fl_Table.cxx
fltk-1.4.4/src/Fl_Choice.cxx
fltk-1.4.4/src/Fl_Gl_Window_Driver.H
fltk-1.4.4/src/Fl_Scrollbar.cxx
fltk-1.4.4/src/freeglut_geometry.cxx
fltk-1.4.4/src/Fl_Round_Button.cxx
fltk-1.4.4/src/ew_mask.xbm
fltk-1.4.4/src/up.xbm
fltk-1.4.4/src/fl_oxy.cxx
fltk-1.4.4/src/Fl_Screen_Driver.cxx
fltk-1.4.4/src/Fl_Adjuster.cxx
fltk-1.4.4/src/Fl_Printer.cxx
fltk-1.4.4/src/filename_absolute.cxx
fltk-1.4.4/src/Fl_JPEG_Image.cxx
fltk-1.4.4/src/filename_setext.cxx
fltk-1.4.4/src/nanosvg.cxx
fltk-1.4.4/src/Fl_Menu_Button.cxx
fltk-1.4.4/src/Fl_Scheme.cxx
fltk-1.4.4/src/Fl_File_Chooser.fl
fltk-1.4.4/src/Fl_Browser_.cxx
fltk-1.4.4/src/Fl_Int_Vector.cxx
fltk-1.4.4/src/Fl_Native_File_Chooser_WIN32.cxx
fltk-1.4.4/src/forms_free.cxx
fltk-1.4.4/src/fl_diamond_box.cxx
fltk-1.4.4/src/Fl_cocoa.mm
fltk-1.4.4/src/Fl_Window_Driver.cxx
fltk-1.4.4/src/Fl_Gl_Window.cxx
fltk-1.4.4/src/Fl_Window_iconize.cxx
fltk-1.4.4/src/drivers/
fltk-1.4.4/src/drivers/X11/
fltk-1.4.4/src/drivers/X11/Fl_X11_Window_Driver.H
fltk-1.4.4/src/drivers/X11/Fl_X11_Window_Driver.cxx
fltk-1.4.4/src/drivers/X11/Fl_X11_Screen_Driver.cxx
fltk-1.4.4/src/drivers/X11/Fl_X11_Screen_Driver.H
fltk-1.4.4/src/drivers/X11/Fl_X11_Gl_Window_Driver.cxx
fltk-1.4.4/src/drivers/X11/Fl_X11_Gl_Window_Driver.H
fltk-1.4.4/src/drivers/X11/fl_X11_platform_init.cxx
fltk-1.4.4/src/drivers/OpenGL/
fltk-1.4.4/src/drivers/OpenGL/Fl_OpenGL_Graphics_Driver_vertex.cxx
fltk-1.4.4/src/drivers/OpenGL/Fl_OpenGL_Display_Device.cxx
fltk-1.4.4/src/drivers/OpenGL/Fl_OpenGL_Graphics_Driver.cxx
fltk-1.4.4/src/drivers/OpenGL/Fl_OpenGL_Display_Device.H
fltk-1.4.4/src/drivers/OpenGL/Fl_OpenGL_Graphics_Driver_rect.cxx
fltk-1.4.4/src/drivers/OpenGL/Fl_OpenGL_Graphics_Driver_font.cxx
fltk-1.4.4/src/drivers/OpenGL/Fl_OpenGL_Graphics_Driver_line_style.cxx
fltk-1.4.4/src/drivers/OpenGL/Fl_OpenGL_Graphics_Driver_arci.cxx
fltk-1.4.4/src/drivers/OpenGL/Fl_OpenGL_Graphics_Driver.H
fltk-1.4.4/src/drivers/OpenGL/Fl_OpenGL_Graphics_Driver_color.cxx
fltk-1.4.4/src/drivers/SVG/
fltk-1.4.4/src/drivers/SVG/Fl_SVG_File_Surface.cxx
fltk-1.4.4/src/drivers/WinAPI/
fltk-1.4.4/src/drivers/WinAPI/Fl_WinAPI_Window_Driver.H
fltk-1.4.4/src/drivers/WinAPI/Fl_WinAPI_Printer_Driver.cxx
fltk-1.4.4/src/drivers/WinAPI/Fl_WinAPI_Screen_Driver.H
fltk-1.4.4/src/drivers/WinAPI/Fl_WinAPI_Gl_Window_Driver.H
fltk-1.4.4/src/drivers/WinAPI/Fl_WinAPI_Screen_Driver.cxx
fltk-1.4.4/src/drivers/WinAPI/Fl_WinAPI_System_Driver.cxx
fltk-1.4.4/src/drivers/WinAPI/Fl_WinAPI_System_Driver.H
fltk-1.4.4/src/drivers/WinAPI/fl_WinAPI_platform_init.cxx
fltk-1.4.4/src/drivers/WinAPI/Fl_WinAPI_Window_Driver.cxx
fltk-1.4.4/src/drivers/WinAPI/Fl_WinAPI_Gl_Window_Driver.cxx
fltk-1.4.4/src/drivers/Darwin/
fltk-1.4.4/src/drivers/Darwin/Fl_Darwin_System_Driver.cxx
fltk-1.4.4/src/drivers/Darwin/fl_macOS_platform_init.cxx
fltk-1.4.4/src/drivers/Darwin/Fl_Darwin_System_Driver.H
fltk-1.4.4/src/drivers/Posix/
fltk-1.4.4/src/drivers/Posix/Fl_Posix_Printer_Driver.cxx
fltk-1.4.4/src/drivers/Posix/Fl_Posix_System_Driver.H
fltk-1.4.4/src/drivers/Posix/Fl_Posix_System_Driver.cxx
fltk-1.4.4/src/drivers/Wayland/
fltk-1.4.4/src/drivers/Wayland/Fl_Wayland_Screen_Driver.cxx
fltk-1.4.4/src/drivers/Wayland/Fl_Wayland_Gl_Window_Driver.H
fltk-1.4.4/src/drivers/Wayland/Fl_Wayland_Copy_Surface_Driver.cxx
fltk-1.4.4/src/drivers/Wayland/Fl_Wayland_Screen_Driver.H
fltk-1.4.4/src/drivers/Wayland/fl_wayland_platform_init.cxx
fltk-1.4.4/src/drivers/Wayland/Fl_Wayland_Graphics_Driver.cxx
fltk-1.4.4/src/drivers/Wayland/Fl_Wayland_Window_Driver.cxx
fltk-1.4.4/src/drivers/Wayland/Fl_Wayland_Gl_Window_Driver.cxx
fltk-1.4.4/src/drivers/Wayland/fl_wayland_clipboard_dnd.cxx
fltk-1.4.4/src/drivers/Wayland/Fl_Wayland_Window_Driver.H
fltk-1.4.4/src/drivers/Wayland/Fl_Wayland_Image_Surface_Driver.H
fltk-1.4.4/src/drivers/Wayland/Fl_Wayland_Graphics_Driver.H
fltk-1.4.4/src/drivers/Wayland/Fl_Wayland_Copy_Surface_Driver.H
fltk-1.4.4/src/drivers/Wayland/Fl_Wayland_Image_Surface_Driver.cxx
fltk-1.4.4/src/drivers/Quartz/
fltk-1.4.4/src/drivers/Quartz/Fl_Quartz_Image_Surface_Driver.cxx
fltk-1.4.4/src/drivers/Quartz/Fl_Quartz_Graphics_Driver.cxx
fltk-1.4.4/src/drivers/Quartz/Fl_Quartz_Graphics_Driver_font.cxx
fltk-1.4.4/src/drivers/Quartz/Fl_Font.H
fltk-1.4.4/src/drivers/Quartz/Fl_Quartz_Graphics_Driver_line_style.cxx
fltk-1.4.4/src/drivers/Quartz/Fl_Quartz_Copy_Surface_Driver.H
fltk-1.4.4/src/drivers/Quartz/Fl_Quartz_Copy_Surface_Driver.cxx
fltk-1.4.4/src/drivers/Quartz/Fl_Quartz_Graphics_Driver_rect.cxx
fltk-1.4.4/src/drivers/Quartz/Fl_Quartz_Graphics_Driver_vertex.cxx
fltk-1.4.4/src/drivers/Quartz/Fl_Quartz_Image_Surface_Driver.H
fltk-1.4.4/src/drivers/Quartz/Fl_Quartz_Graphics_Driver.H
fltk-1.4.4/src/drivers/Quartz/Fl_Quartz_Graphics_Driver_arci.cxx
fltk-1.4.4/src/drivers/Quartz/Fl_Quartz_Graphics_Driver_image.cxx
fltk-1.4.4/src/drivers/Quartz/Fl_Quartz_Graphics_Driver_color.cxx
fltk-1.4.4/src/drivers/Unix/
fltk-1.4.4/src/drivers/Unix/Fl_Unix_Screen_Driver.cxx
fltk-1.4.4/src/drivers/Unix/Fl_Unix_Screen_Driver.H
fltk-1.4.4/src/drivers/Unix/Fl_Unix_System_Driver.H
fltk-1.4.4/src/drivers/Unix/Fl_Unix_System_Driver.cxx
fltk-1.4.4/src/drivers/GDI/
fltk-1.4.4/src/drivers/GDI/Fl_GDI_Image_Surface_Driver.H
fltk-1.4.4/src/drivers/GDI/Fl_GDI_Graphics_Driver_font.cxx
fltk-1.4.4/src/drivers/GDI/Fl_GDI_Graphics_Driver_vertex.cxx
fltk-1.4.4/src/drivers/GDI/Fl_Font.H
fltk-1.4.4/src/drivers/GDI/Fl_GDI_Graphics_Driver_color.cxx
fltk-1.4.4/src/drivers/GDI/Fl_GDI_Copy_Surface_Driver.cxx
fltk-1.4.4/src/drivers/GDI/Fl_GDI_Graphics_Driver_line_style.cxx
fltk-1.4.4/src/drivers/GDI/Fl_GDI_Copy_Surface_Driver.H
fltk-1.4.4/src/drivers/GDI/Fl_GDI_Graphics_Driver_rect.cxx
fltk-1.4.4/src/drivers/GDI/Fl_GDI_Graphics_Driver.H
fltk-1.4.4/src/drivers/GDI/Fl_GDI_Graphics_Driver_image.cxx
fltk-1.4.4/src/drivers/GDI/Fl_GDI_Graphics_Driver.cxx
fltk-1.4.4/src/drivers/GDI/Fl_GDI_Image_Surface_Driver.cxx
fltk-1.4.4/src/drivers/GDI/Fl_GDI_Graphics_Driver_arci.cxx
fltk-1.4.4/src/drivers/Cocoa/
fltk-1.4.4/src/drivers/Cocoa/Fl_Cocoa_Gl_Window_Driver.H
fltk-1.4.4/src/drivers/Cocoa/Fl_Cocoa_Screen_Driver.cxx
fltk-1.4.4/src/drivers/Cocoa/Fl_Cocoa_Screen_Driver.H
fltk-1.4.4/src/drivers/Cocoa/Fl_Cocoa_Printer_Driver.mm
fltk-1.4.4/src/drivers/Cocoa/Fl_Cocoa_Window_Driver.cxx
fltk-1.4.4/src/drivers/Cocoa/Fl_MacOS_Sys_Menu_Bar_Driver.H
fltk-1.4.4/src/drivers/Cocoa/Fl_Cocoa_Window_Driver.H
fltk-1.4.4/src/drivers/Cocoa/Fl_Cocoa_Gl_Window_Driver.mm
fltk-1.4.4/src/drivers/Xlib/
fltk-1.4.4/src/drivers/Xlib/Fl_Xlib_Graphics_Driver_image.cxx
fltk-1.4.4/src/drivers/Xlib/Fl_Xlib_Graphics_Driver_font_x.cxx
fltk-1.4.4/src/drivers/Xlib/Fl_Xlib_Graphics_Driver_font_xft.cxx
fltk-1.4.4/src/drivers/Xlib/Fl_Xlib_Graphics_Driver_rect.cxx
fltk-1.4.4/src/drivers/Xlib/Fl_Xlib_Copy_Surface_Driver.H
fltk-1.4.4/src/drivers/Xlib/Fl_Font.H
fltk-1.4.4/src/drivers/Xlib/Fl_Xlib_Graphics_Driver_line_style.cxx
fltk-1.4.4/src/drivers/Xlib/Fl_Xlib_Image_Surface_Driver.H
fltk-1.4.4/src/drivers/Xlib/Fl_Xlib_Graphics_Driver_arci.cxx
fltk-1.4.4/src/drivers/Xlib/Fl_Xlib_Copy_Surface_Driver.cxx
fltk-1.4.4/src/drivers/Xlib/Fl_Xlib_Graphics_Driver.cxx
fltk-1.4.4/src/drivers/Xlib/Fl_Xlib_Graphics_Driver_vertex.cxx
fltk-1.4.4/src/drivers/Xlib/Fl_Xlib_Image_Surface_Driver.cxx
fltk-1.4.4/src/drivers/Xlib/Fl_Xlib_Graphics_Driver.H
fltk-1.4.4/src/drivers/Xlib/Fl_Xlib_Graphics_Driver_color.cxx
fltk-1.4.4/src/drivers/Cairo/
fltk-1.4.4/src/drivers/Cairo/Fl_Cairo_Graphics_Driver.cxx
fltk-1.4.4/src/drivers/Cairo/Fl_Cairo_Graphics_Driver.H
fltk-1.4.4/src/drivers/Cairo/Fl_X11_Cairo_Graphics_Driver.H
fltk-1.4.4/src/drivers/Cairo/Fl_X11_Cairo_Graphics_Driver.cxx
fltk-1.4.4/src/drivers/PostScript/
fltk-1.4.4/src/drivers/PostScript/Fl_PostScript_image.cxx
fltk-1.4.4/src/drivers/PostScript/Fl_PostScript.cxx
fltk-1.4.4/src/drivers/PostScript/Fl_PostScript_Graphics_Driver.H
fltk-1.4.4/src/Fl_Tree_Item.cxx
fltk-1.4.4/src/freeglut_teapot_data.h
fltk-1.4.4/src/Fl_Terminal.cxx
fltk-1.4.4/src/Fl_Preferences.cxx
fltk-1.4.4/src/Fl_Message.h
fltk-1.4.4/src/filename_match.cxx
fltk-1.4.4/src/Fl_abort.cxx
fltk-1.4.4/src/Makefile
fltk-1.4.4/src/numericsort.c
fltk-1.4.4/src/vsnprintf.c
fltk-1.4.4/src/Fl_XBM_Image.cxx
fltk-1.4.4/src/Fl_PNM_Image.cxx
fltk-1.4.4/src/Fl_Box.cxx
fltk-1.4.4/src/Fl_Value_Input.cxx
fltk-1.4.4/src/Fl_Wizard.cxx
fltk-1.4.4/src/fl_oval_box.cxx
fltk-1.4.4/src/fl_contrast.cxx
fltk-1.4.4/src/xutf8/
fltk-1.4.4/src/xutf8/test2.c
fltk-1.4.4/src/xutf8/headers/
fltk-1.4.4/src/xutf8/headers/case.h
fltk-1.4.4/src/xutf8/headers/dingbats_.h
fltk-1.4.4/src/xutf8/headers/spacing.h
fltk-1.4.4/src/xutf8/headers/tbl.txt
fltk-1.4.4/src/xutf8/headers/case_tbl.txt
fltk-1.4.4/src/xutf8/headers/symbol_.h
fltk-1.4.4/src/xutf8/headers/spacing_tbl.txt
fltk-1.4.4/src/xutf8/utils/
fltk-1.4.4/src/xutf8/utils/case.sh
fltk-1.4.4/src/xutf8/utils/README.txt
fltk-1.4.4/src/xutf8/utils/tbl_gen.sh
fltk-1.4.4/src/xutf8/utils/INSTALL
fltk-1.4.4/src/xutf8/utils/euc_tw.c
fltk-1.4.4/src/xutf8/utils/Makefile
fltk-1.4.4/src/xutf8/utils/conv_gen.c
fltk-1.4.4/src/xutf8/utils/non_spacing.sh
fltk-1.4.4/src/xutf8/utils/convert_map.c
fltk-1.4.4/src/xutf8/utils/create_table.c
fltk-1.4.4/src/xutf8/utf8Input.c
fltk-1.4.4/src/xutf8/README.txt
fltk-1.4.4/src/xutf8/ucs2fontmap.c
fltk-1.4.4/src/xutf8/test.c
fltk-1.4.4/src/xutf8/keysym2Ucs.c
fltk-1.4.4/src/xutf8/utf8Utils.c
fltk-1.4.4/src/xutf8/is_spacing.c
fltk-1.4.4/src/xutf8/ucs2fontmap.c.mini
fltk-1.4.4/src/xutf8/mk_wcwidth.c
fltk-1.4.4/src/xutf8/COPYING
fltk-1.4.4/src/xutf8/case.c
fltk-1.4.4/src/xutf8/is_right2left.c
fltk-1.4.4/src/xutf8/Xlibint.h
fltk-1.4.4/src/xutf8/imKStoUCS.c
fltk-1.4.4/src/xutf8/Ximint.h
fltk-1.4.4/src/xutf8/utf8Wrap.c
fltk-1.4.4/src/xutf8/fl_wcwidth.c
fltk-1.4.4/src/xutf8/lcUniConv/
fltk-1.4.4/src/xutf8/lcUniConv/koi8_u.h
fltk-1.4.4/src/xutf8/lcUniConv/tatar_cyr.h
fltk-1.4.4/src/xutf8/lcUniConv/armscii_8.h
fltk-1.4.4/src/xutf8/lcUniConv/iso8859_13.h
fltk-1.4.4/src/xutf8/lcUniConv/iso8859_9e.h
fltk-1.4.4/src/xutf8/lcUniConv/iso8859_14.h
fltk-1.4.4/src/xutf8/lcUniConv/koi8_r.h
fltk-1.4.4/src/xutf8/lcUniConv/georgian_academy.h
fltk-1.4.4/src/xutf8/lcUniConv/mulelao.h
fltk-1.4.4/src/xutf8/lcUniConv/cp1133.h
fltk-1.4.4/src/xutf8/lcUniConv/gb2312.h
fltk-1.4.4/src/xutf8/lcUniConv/README.txt
fltk-1.4.4/src/xutf8/lcUniConv/iso8859_16.h
fltk-1.4.4/src/xutf8/lcUniConv/iso8859_8.h
fltk-1.4.4/src/xutf8/lcUniConv/viscii.h
fltk-1.4.4/src/xutf8/lcUniConv/tis620.h
fltk-1.4.4/src/xutf8/lcUniConv/cjk_tab_to_h.c
fltk-1.4.4/src/xutf8/lcUniConv/gbk_tab_to_h.c
fltk-1.4.4/src/xutf8/lcUniConv/jisx0201.h
fltk-1.4.4/src/xutf8/lcUniConv/iso8859_10.h
fltk-1.4.4/src/xutf8/lcUniConv/iso8859_11.h
fltk-1.4.4/src/xutf8/lcUniConv/big5_emacs.h
fltk-1.4.4/src/xutf8/lcUniConv/iso8859_3.h
fltk-1.4.4/src/xutf8/lcUniConv/cp1255.h
fltk-1.4.4/src/xutf8/lcUniConv/cp1256.h
fltk-1.4.4/src/xutf8/lcUniConv/cp1251.h
fltk-1.4.4/src/xutf8/lcUniConv/iso8859_2.h
fltk-1.4.4/src/xutf8/lcUniConv/koi8_c.h
fltk-1.4.4/src/xutf8/lcUniConv/ucs2be.h
fltk-1.4.4/src/xutf8/lcUniConv/big5.h
fltk-1.4.4/src/xutf8/lcUniConv/cp936ext.h
fltk-1.4.4/src/xutf8/lcUniConv/iso8859_5.h
fltk-1.4.4/src/xutf8/lcUniConv/iso8859_9.h
fltk-1.4.4/src/xutf8/lcUniConv/iso8859_7.h
fltk-1.4.4/src/xutf8/lcUniConv/ascii.h
fltk-1.4.4/src/xutf8/lcUniConv/utf8.h
fltk-1.4.4/src/xutf8/lcUniConv/ksc5601.h
fltk-1.4.4/src/xutf8/lcUniConv/jisx0212.h
fltk-1.4.4/src/xutf8/lcUniConv/iso8859_15.h
fltk-1.4.4/src/xutf8/lcUniConv/jisx0208.h
fltk-1.4.4/src/xutf8/lcUniConv/tcvn.h
fltk-1.4.4/src/xutf8/lcUniConv/COPYRIGHT
fltk-1.4.4/src/xutf8/lcUniConv/iso8859_1.h
fltk-1.4.4/src/xutf8/lcUniConv/iso8859_6.h
fltk-1.4.4/src/xutf8/lcUniConv/8bit_tab_to_h.c
fltk-1.4.4/src/xutf8/lcUniConv/iso8859_4.h
fltk-1.4.4/src/xutf8/lcUniConv/georgian_ps.h
fltk-1.4.4/src/Fl_Shared_Image.cxx
fltk-1.4.4/src/Fl_Progress.cxx
fltk-1.4.4/src/Fl_Tile.cxx
fltk-1.4.4/src/fl_rect.cxx
fltk-1.4.4/src/Fl_Input.cxx
fltk-1.4.4/src/Fl_Return_Button.cxx
fltk-1.4.4/src/glut_compatibility.cxx
fltk-1.4.4/src/Fl_Timeout.h
fltk-1.4.4/src/print_panel.h
fltk-1.4.4/src/fl_ask.cxx
fltk-1.4.4/src/flstring.h
fltk-1.4.4/src/fl_set_font.cxx
fltk-1.4.4/src/fastarrow.h
fltk-1.4.4/src/Fl_Native_File_Chooser_Kdialog.cxx
fltk-1.4.4/src/Fl_Tiled_Image.cxx
fltk-1.4.4/src/fl_round_box.cxx
fltk-1.4.4/src/Fl_Check_Button.cxx
fltk-1.4.4/src/Fl_Tree_Item_Array.cxx
fltk-1.4.4/src/fl_dnd_x.cxx
fltk-1.4.4/src/print_panel.cxx
fltk-1.4.4/src/Fl_File_Icon.cxx
fltk-1.4.4/src/Fl_Menu_Bar.cxx
fltk-1.4.4/src/Fl_XColor.H
fltk-1.4.4/src/fl_gleam.cxx
fltk-1.4.4/src/fl_cursor_none.xpm
fltk-1.4.4/src/Fl_SVG_Image.cxx
fltk-1.4.4/src/gl_draw.cxx
fltk-1.4.4/src/Fl_Browser.cxx
fltk-1.4.4/src/new.xbm
fltk-1.4.4/src/Fl_Clock.cxx
fltk-1.4.4/src/filename_list.cxx
fltk-1.4.4/src/Fl_Double_Window.cxx
fltk-1.4.4/src/fl_engraved_label.cxx
fltk-1.4.4/src/Fl_Roller.cxx
fltk-1.4.4/src/fl_write_png.cxx
fltk-1.4.4/src/Fl_BMP_Image.cxx
fltk-1.4.4/src/allfiles.xbm
fltk-1.4.4/src/gl_start.cxx
fltk-1.4.4/src/cgdebug.h
fltk-1.4.4/src/fl_oxy.h
fltk-1.4.4/src/Fl_Device.cxx
fltk-1.4.4/src/fl_string_functions.cxx
fltk-1.4.4/src/fl_color.cxx
fltk-1.4.4/src/print_button.cxx
fltk-1.4.4/src/Fl_Native_File_Chooser.cxx
fltk-1.4.4/src/fl_plastic.cxx
fltk-1.4.4/src/fl_cursor_wait.xpm
fltk-1.4.4/src/forms_bitmap.cxx
fltk-1.4.4/src/fl_encoding_mac_roman.cxx
fltk-1.4.4/src/flstring.c
fltk-1.4.4/src/print_button.h
fltk-1.4.4/src/Xutf8.h
fltk-1.4.4/src/fl_cursor_nesw.xpm
fltk-1.4.4/src/Fl_get_key_win32.cxx
fltk-1.4.4/src/ns.xbm
fltk-1.4.4/src/slowarrow.h
fltk-1.4.4/src/dump_compose.c
fltk-1.4.4/src/CMakeLists.txt
fltk-1.4.4/src/Fl_System_Driver.cxx
fltk-1.4.4/src/Fl_Text_Display.cxx
fltk-1.4.4/src/Fl_Window.cxx
fltk-1.4.4/src/Fl_x.cxx
fltk-1.4.4/src/Fl_Native_File_Chooser_Zenity.H
fltk-1.4.4/src/mediumarrow.h
fltk-1.4.4/src/fl_draw.cxx
fltk-1.4.4/src/screen_xywh.cxx
fltk-1.4.4/src/Fl_Gl_Overlay.cxx
fltk-1.4.4/src/Fl_Scroll.cxx
fltk-1.4.4/src/Fl_Counter.cxx
fltk-1.4.4/src/Fl.cxx
fltk-1.4.4/src/Fl_Cairo.cxx
fltk-1.4.4/src/Fl_compose.cxx
fltk-1.4.4/src/Fl_Image_Reader.cxx
fltk-1.4.4/src/Fl_Dial.cxx
fltk-1.4.4/src/fl_images_core.cxx
fltk-1.4.4/src/Fl_Window_hotspot.cxx
fltk-1.4.4/src/Fl_Input_Choice.cxx
fltk-1.4.4/src/Fl_Value_Slider.cxx
fltk-1.4.4/src/Fl_Check_Browser.cxx
fltk-1.4.4/src/fl_boxtype.cxx
fltk-1.4.4/src/fl_read_image.cxx
fltk-1.4.4/src/fl_curve.cxx
fltk-1.4.4/src/Fl_MacOS_Sys_Menu_Bar.mm
fltk-1.4.4/src/fl_cursor.cxx
fltk-1.4.4/src/freeglut_stroke_mono_roman.cxx
fltk-1.4.4/src/Fl_Button.cxx
fltk-1.4.4/src/Fl_Tree_Prefs.cxx
fltk-1.4.4/src/Fl_win32.cxx
fltk-1.4.4/src/forms_pixmap.cxx
fltk-1.4.4/src/Fl_Gl_Choice.cxx
fltk-1.4.4/src/Fl_Graphics_Driver.cxx
fltk-1.4.4/src/Fl_Overlay_Window.cxx
fltk-1.4.4/src/Fl_Help_Dialog.cxx
fltk-1.4.4/src/Fl_Slider.cxx
fltk-1.4.4/src/Fl_File_Input.cxx
fltk-1.4.4/src/Fl_Int_Vector.H
fltk-1.4.4/src/Fl_Gl_Device_Plugin.cxx
fltk-1.4.4/src/filename_isdir.cxx
fltk-1.4.4/src/Fl_Tabs.cxx
fltk-1.4.4/src/Fl_System_Driver.H
fltk-1.4.4/src/Fl_Paged_Device.cxx
fltk-1.4.4/src/Fl_Help_Dialog_Dox.cxx
fltk-1.4.4/src/fl_call_main.c
fltk-1.4.4/src/fl_open_uri.cxx
fltk-1.4.4/src/Fl_Tree.cxx
fltk-1.4.4/src/Fl_Window_Driver.H
fltk-1.4.4/src/Fl_File_Browser.cxx
fltk-1.4.4/src/Fl_String.cxx
fltk-1.4.4/src/fl_rounded_box.cxx
fltk-1.4.4/src/Fl_File_Chooser.cxx
fltk-1.4.4/src/Fl_Pixmap.cxx
fltk-1.4.4/src/Fl_display.cxx
fltk-1.4.4/src/Fl_Image_Reader.h
fltk-1.4.4/src/Fl_Light_Button.cxx
fltk-1.4.4/src/fl_font.cxx
fltk-1.4.4/src/Fl_GIF_Image.cxx
fltk-1.4.4/src/fl_scroll_area.cxx
fltk-1.4.4/src/Fl_get_system_colors.cxx
fltk-1.4.4/src/Fl_File_Icon2.cxx
fltk-1.4.4/src/Fl_Table_Row.cxx
fltk-1.4.4/src/Fl_Text_Buffer.cxx
fltk-1.4.4/src/Fl_arg.cxx
fltk-1.4.4/src/fl_labeltype.cxx
fltk-1.4.4/src/fl_draw_pixmap.cxx
fltk-1.4.4/src/Fl_Help_Dialog.fl
fltk-1.4.4/src/fl_file_dir.cxx
fltk-1.4.4/src/fl_overlay.cxx
fltk-1.4.4/src/ew.xbm
fltk-1.4.4/src/d1_mask.xbm
fltk-1.4.4/src/Fl_Native_File_Chooser_Zenity.cxx
fltk-1.4.4/src/Fl_Menu_global.cxx
fltk-1.4.4/src/Fl_File_Chooser2.cxx
fltk-1.4.4/src/tile.xpm
fltk-1.4.4/src/Fl_Image.cxx
fltk-1.4.4/install-sh
fltk-1.4.4/Makefile
fltk-1.4.4/mac_endianness.h
fltk-1.4.4/CHANGES_1.1.txt
fltk-1.4.4/lib/
fltk-1.4.4/lib/README.txt
fltk-1.4.4/configure.ac
fltk-1.4.4/fltk-config.in
fltk-1.4.4/README.IDE.txt
fltk-1.4.4/README.CMake.txt
fltk-1.4.4/README.Windows.txt
fltk-1.4.4/.clang-format
fltk-1.4.4/fltk.xpm
fltk-1.4.4/documentation/
fltk-1.4.4/documentation/copyright.dox.in
fltk-1.4.4/documentation/Doxyfile.in
fltk-1.4.4/documentation/README.txt
fltk-1.4.4/documentation/convert_doxyfile
fltk-1.4.4/documentation/make_pdf.in
fltk-1.4.4/documentation/src/
fltk-1.4.4/documentation/src/unicode.dox
fltk-1.4.4/documentation/src/tabs_default.png
fltk-1.4.4/documentation/src/resize-example5a.png
fltk-1.4.4/documentation/src/basics.dox
fltk-1.4.4/documentation/src/resize-example3b.png
fltk-1.4.4/documentation/src/table-dimensions.png
fltk-1.4.4/documentation/src/glpuzzle.man
fltk-1.4.4/documentation/src/blocks.man
fltk-1.4.4/documentation/src/value_slider.png
fltk-1.4.4/documentation/src/resize-example4a.png
fltk-1.4.4/documentation/src/fltk-config.man
fltk-1.4.4/documentation/src/common.dox
fltk-1.4.4/documentation/src/fltk-options.png
fltk-1.4.4/documentation/src/checkers.man
fltk-1.4.4/documentation/src/resize-example4b.png
fltk-1.4.4/documentation/src/compact_buttons_gleam.png
fltk-1.4.4/documentation/src/Fl_Tree_Item-dimensions.png
fltk-1.4.4/documentation/src/fl_ask.png
fltk-1.4.4/documentation/src/resize-example5c.png
fltk-1.4.4/documentation/src/clock.png
fltk-1.4.4/documentation/src/text.png
fltk-1.4.4/documentation/src/resize.dox
fltk-1.4.4/documentation/src/symbol-examples.png
fltk-1.4.4/documentation/src/Fl_Spinner.png
fltk-1.4.4/documentation/src/Fl_Value_Output.png
fltk-1.4.4/documentation/src/Fl_Check_Button.png
fltk-1.4.4/documentation/src/cairo_test.png
fltk-1.4.4/documentation/src/resize-example2.png
fltk-1.4.4/documentation/src/faq.dox
fltk-1.4.4/documentation/src/Fl_Return_Button.png
fltk-1.4.4/documentation/src/sudoku.man
fltk-1.4.4/documentation/src/table-simple.png
fltk-1.4.4/documentation/src/menu.png
fltk-1.4.4/documentation/src/fl_arc_xyr_diagram.png
fltk-1.4.4/documentation/src/compact_buttons_gtk.png
fltk-1.4.4/documentation/src/Fl_Round_Button.png
fltk-1.4.4/documentation/src/tree-dimensions.png
fltk-1.4.4/documentation/src/resizebox2.png
fltk-1.4.4/documentation/src/fl_message.png
fltk-1.4.4/documentation/src/fl_input.png
fltk-1.4.4/documentation/src/migration_1_4.dox
fltk-1.4.4/documentation/src/fl_hold_browser.png
fltk-1.4.4/documentation/src/glut.dox
fltk-1.4.4/documentation/src/input_choice.png
fltk-1.4.4/documentation/src/counter.png
fltk-1.4.4/documentation/src/Fl_Light_Button.png
fltk-1.4.4/documentation/src/fltk-colormap.png
fltk-1.4.4/documentation/src/fl_password.png
fltk-1.4.4/documentation/src/charts.png
fltk-1.4.4/documentation/src/fltk.man
fltk-1.4.4/documentation/src/fl_choice_three_fmt.png
fltk-1.4.4/documentation/src/Fl_File_Chooser.jpg
fltk-1.4.4/documentation/src/resize-example1.png
fltk-1.4.4/documentation/src/positioner.png
fltk-1.4.4/documentation/src/pack.png
fltk-1.4.4/documentation/src/examples.dox
fltk-1.4.4/documentation/src/fltk-options.man
fltk-1.4.4/documentation/src/dial.png
fltk-1.4.4/documentation/src/choice.png
fltk-1.4.4/documentation/src/Fl_Terminal-demo.png
fltk-1.4.4/documentation/src/buttons.png
fltk-1.4.4/documentation/src/wayland.dox
fltk-1.4.4/documentation/src/editor.dox
fltk-1.4.4/documentation/src/wizard.png
fltk-1.4.4/documentation/src/tree-simple.png
fltk-1.4.4/documentation/src/Fl_Tile.png
fltk-1.4.4/documentation/src/menubar.png
fltk-1.4.4/documentation/src/extraPSchars.png
fltk-1.4.4/documentation/src/tabs.png
fltk-1.4.4/documentation/src/Fl_Grid.png
fltk-1.4.4/documentation/src/round_clock.png
fltk-1.4.4/documentation/src/fl_choice_two.png
fltk-1.4.4/documentation/src/opengl.dox
fltk-1.4.4/documentation/src/drawing.dox
fltk-1.4.4/documentation/src/preface.dox
fltk-1.4.4/documentation/src/fl_choice_left_middle_right.png
fltk-1.4.4/documentation/src/fluid.man
fltk-1.4.4/documentation/src/unittest_images.png
fltk-1.4.4/documentation/src/tree-elements.png
fltk-1.4.4/documentation/src/index.dox
fltk-1.4.4/documentation/src/development.dox
fltk-1.4.4/documentation/src/license.dox
fltk-1.4.4/documentation/src/coordinates.png
fltk-1.4.4/documentation/src/boxtypes.png
fltk-1.4.4/documentation/src/osissues.dox
fltk-1.4.4/documentation/src/simple-terminal-default-ansi.png
fltk-1.4.4/documentation/src/slider.png
fltk-1.4.4/documentation/src/Fl_Flex_simple.png
fltk-1.4.4/documentation/src/fl_color_chooser.jpg
fltk-1.4.4/documentation/src/fl_pie_arc_diagram.png
fltk-1.4.4/documentation/src/editor.png
fltk-1.4.4/documentation/src/FL200.png
fltk-1.4.4/documentation/src/coordinates.dox
fltk-1.4.4/documentation/src/fl_alert.png
fltk-1.4.4/documentation/src/Fl_Terminal.dox
fltk-1.4.4/documentation/src/Fl_Native_File_Chooser.png
fltk-1.4.4/documentation/src/resize-example3c.png
fltk-1.4.4/documentation/src/fl_choice.png
fltk-1.4.4/documentation/src/mac-app-menu-preferences.png
fltk-1.4.4/documentation/src/tooltip-options.png
fltk-1.4.4/documentation/src/bundled-libs.dox
fltk-1.4.4/documentation/src/Fl_Help_Dialog.png
fltk-1.4.4/documentation/src/editor-linenumbers.png
fltk-1.4.4/documentation/src/Fl_Roller.png
fltk-1.4.4/documentation/src/Fl_File_Input.png
fltk-1.4.4/documentation/src/intro.dox
fltk-1.4.4/documentation/src/tabs_selection.png
fltk-1.4.4/documentation/src/fltk-title.tex.in
fltk-1.4.4/documentation/src/subclassing.dox
fltk-1.4.4/documentation/src/fl_hor_nice_slider.png
fltk-1.4.4/documentation/src/table-as-container.png
fltk-1.4.4/documentation/src/valuators.png
fltk-1.4.4/documentation/src/tabs_uniform.png
fltk-1.4.4/documentation/src/tiny.png
fltk-1.4.4/documentation/src/Fl_Grid_show_grid_1.png
fltk-1.4.4/documentation/src/FL.png
fltk-1.4.4/documentation/src/icon.png
fltk-1.4.4/documentation/src/resize-example5b.png
fltk-1.4.4/documentation/src/fl_multi_browser.png
fltk-1.4.4/documentation/src/Fl_Scroll.png
fltk-1.4.4/documentation/src/menu_button.png
fltk-1.4.4/documentation/src/symbols.png
fltk-1.4.4/documentation/src/fl_show_colormap.png
fltk-1.4.4/documentation/src/fl_line_style.png
fltk-1.4.4/documentation/src/fl_choice_three.png
fltk-1.4.4/documentation/src/events.dox
fltk-1.4.4/documentation/src/fltk-options.dox
fltk-1.4.4/documentation/src/scrollbar.png
fltk-1.4.4/documentation/src/Fl_Terminal-utf8-demo.png
fltk-1.4.4/documentation/src/Fl_Value_Input.png
fltk-1.4.4/documentation/src/editor-replace.png
fltk-1.4.4/documentation/src/adjuster1.png
fltk-1.4.4/documentation/src/forms.dox
fltk-1.4.4/documentation/src/Fl_Multi_Label-menu-item.png
fltk-1.4.4/documentation/src/Fl_Terminal-24bit-colors.png
fltk-1.4.4/documentation/src/advanced.dox
fltk-1.4.4/documentation/src/resizebox1.png
fltk-1.4.4/documentation/src/enumerations.dox
fltk-1.4.4/documentation/src/fl_choice_one.png
fltk-1.4.4/documentation/src/Fl_Terminal-3bit-colors.png
fltk-1.4.4/documentation/src/resize-example3a.png
fltk-1.4.4/documentation/src/hello_cxx.png
fltk-1.4.4/documentation/Makefile
fltk-1.4.4/documentation/make_header
fltk-1.4.4/documentation/CMakeLists.txt
fltk-1.4.4/documentation/generated.dox.in
fltk-1.4.4/README.Unix.txt
fltk-1.4.4/README.Cairo.txt
fltk-1.4.4/configh.cmake.in
fltk-1.4.4/COPYING
fltk-1.4.4/nanosvg/
fltk-1.4.4/nanosvg/README.txt
fltk-1.4.4/nanosvg/nanosvgrast.h
fltk-1.4.4/nanosvg/nanosvg.h
fltk-1.4.4/CMakeLists.txt
fltk-1.4.4/fl_config.cmake.in
fltk-1.4.4/fltk_git_rev.dat
fltk-1.4.4/CHANGES.txt
fltk-1.4.4/README.macOS.md
fltk-1.4.4/ANNOUNCEMENT
fltk-1.4.4/README.md
fltk-1.4.4/README.experimental.txt
fltk-1.4.4/fltk_version.dat
fltk-1.4.4/CHANGES_1.3.txt
fltk-1.4.4/public/
fltk-1.4.4/public/README.md
fltk-1.4.4/FL/
fltk-1.4.4/FL/Fl_Input_Choice.H
fltk-1.4.4/FL/forms.H
fltk-1.4.4/FL/Fl_Tree.H
fltk-1.4.4/FL/Fl_Copy_Surface.H
fltk-1.4.4/FL/Fl_Repeat_Button.H
fltk-1.4.4/FL/Fl_Browser_.H
fltk-1.4.4/FL/Fl_XPM_Image.H
fltk-1.4.4/FL/Fl_Overlay_Window.H
fltk-1.4.4/FL/Fl_Dial.H
fltk-1.4.4/FL/Fl_Color_Chooser.H
fltk-1.4.4/FL/Fl_Tiled_Image.H
fltk-1.4.4/FL/Fl_Round_Button.H
fltk-1.4.4/FL/Fl_Window.H
fltk-1.4.4/FL/Fl_Scheme_Choice.H
fltk-1.4.4/FL/Fl_Input.H
fltk-1.4.4/FL/Fl_Multi_Label.H
fltk-1.4.4/FL/Fl_Radio_Light_Button.H
fltk-1.4.4/FL/Fl_Image.H
fltk-1.4.4/FL/Fl_Float_Input.H
fltk-1.4.4/FL/Fl_PDF_File_Surface.H
fltk-1.4.4/FL/fl_draw.H
fltk-1.4.4/FL/Fl_Free.H
fltk-1.4.4/FL/Fl_Multi_Browser.H
fltk-1.4.4/FL/Fl_File_Browser.H
fltk-1.4.4/FL/Fl_Menu_Button.H
fltk-1.4.4/FL/Fl.H
fltk-1.4.4/FL/Makefile.in
fltk-1.4.4/FL/Fl_Value_Slider.H
fltk-1.4.4/FL/fl_attr.h
fltk-1.4.4/FL/Fl_Table.H
fltk-1.4.4/FL/Fl_Tooltip.H
fltk-1.4.4/FL/Fl_Pixmap.H
fltk-1.4.4/FL/Fl_Value_Input.H
fltk-1.4.4/FL/Fl_Cairo_Window.H
fltk-1.4.4/FL/Fl_Paged_Device.H
fltk-1.4.4/FL/Fl_Progress.H
fltk-1.4.4/FL/Fl_Widget_Surface.H
fltk-1.4.4/FL/Fl_Input_.H
fltk-1.4.4/FL/Fl_Text_Buffer.H
fltk-1.4.4/FL/Fl_Adjuster.H
fltk-1.4.4/FL/Fl_XBM_Image.H
fltk-1.4.4/FL/Fl_Rect.H
fltk-1.4.4/FL/Fl_Bitmap.H
fltk-1.4.4/FL/Fl_Toggle_Round_Button.H
fltk-1.4.4/FL/Fl_Line_Dial.H
fltk-1.4.4/FL/Fl_Double_Window.H
fltk-1.4.4/FL/Fl_Counter.H
fltk-1.4.4/FL/platform.H
fltk-1.4.4/FL/Fl_Help_Dialog.H
fltk-1.4.4/FL/Fl_Browser.H
fltk-1.4.4/FL/Fl_Text_Display.H
fltk-1.4.4/FL/Fl_Check_Browser.H
fltk-1.4.4/FL/Fl_Menu_Item.H
fltk-1.4.4/FL/x11.H
fltk-1.4.4/FL/Fl_Simple_Counter.H
fltk-1.4.4/FL/Fl_File_Chooser.H
fltk-1.4.4/FL/wayland.H
fltk-1.4.4/FL/Fl_Table_Row.H
fltk-1.4.4/FL/Fl_Radio_Round_Button.H
fltk-1.4.4/FL/fl_ask.H
fltk-1.4.4/FL/Fl_RGB_Image.H
fltk-1.4.4/FL/Fl_Toggle_Light_Button.H
fltk-1.4.4/FL/gl2opengl.h
fltk-1.4.4/FL/Fl_Export.H
fltk-1.4.4/FL/Fl_PNM_Image.H
fltk-1.4.4/FL/Fl_Valuator.H
fltk-1.4.4/FL/README.Xcode
fltk-1.4.4/FL/Fl_Scrollbar.H
fltk-1.4.4/FL/Fl_Slider.H
fltk-1.4.4/FL/Fl_Timer.H
fltk-1.4.4/FL/Fl_Light_Button.H
fltk-1.4.4/FL/fl_callback_macros.H
fltk-1.4.4/FL/Fl_Fill_Slider.H
fltk-1.4.4/FL/Fl_Printer.H
fltk-1.4.4/FL/Fl_Device.H
fltk-1.4.4/FL/Fl_Grid.H
fltk-1.4.4/FL/fl_message.H
fltk-1.4.4/FL/Fl_Text_Editor.H
fltk-1.4.4/FL/mac.H
fltk-1.4.4/FL/filename.H
fltk-1.4.4/FL/fl_string_functions.h
fltk-1.4.4/FL/Fl_Return_Button.H
fltk-1.4.4/FL/Fl_Hor_Value_Slider.H
fltk-1.4.4/FL/Fl_Plugin.H
fltk-1.4.4/FL/Fl_File_Input.H
fltk-1.4.4/FL/Fl_Box.H
fltk-1.4.4/FL/Fl_BMP_Image.H
fltk-1.4.4/FL/Fl_JPEG_Image.H
fltk-1.4.4/FL/Fl_Chart.H
fltk-1.4.4/FL/Fl_Hor_Slider.H
fltk-1.4.4/FL/Fl_Radio_Button.H
fltk-1.4.4/FL/Fl_Select_Browser.H
fltk-1.4.4/FL/Fl_Multiline_Input.H
fltk-1.4.4/FL/Fl_Image_Surface.H
fltk-1.4.4/FL/Fl_PostScript.H
fltk-1.4.4/FL/Fl_Clock.H
fltk-1.4.4/FL/Fl_Menu_Window.H
fltk-1.4.4/FL/Fl_Roller.H
fltk-1.4.4/FL/x.H
fltk-1.4.4/FL/Fl_Spinner.H
fltk-1.4.4/FL/win32.H
fltk-1.4.4/FL/Fl_Scroll.H
fltk-1.4.4/FL/Fl_FormsBitmap.H
fltk-1.4.4/FL/Fl_Anim_GIF_Image.H
fltk-1.4.4/FL/Fl_SVG_File_Surface.H
fltk-1.4.4/FL/Fl_Object.H
fltk-1.4.4/FL/Fl_Terminal.H
fltk-1.4.4/FL/Fl_Tile.H
fltk-1.4.4/FL/gl.h
fltk-1.4.4/FL/gl_draw.H
fltk-1.4.4/FL/Fl_Nice_Slider.H
fltk-1.4.4/FL/Fl_Help_View.H
fltk-1.4.4/FL/fl_show_input.H
fltk-1.4.4/FL/Fl_Shortcut_Button.H
fltk-1.4.4/FL/Fl_Toggle_Button.H
fltk-1.4.4/FL/Fl_Check_Button.H
fltk-1.4.4/FL/Fl_FormsPixmap.H
fltk-1.4.4/FL/Fl_Wizard.H
fltk-1.4.4/FL/Fl_Multiline_Output.H
fltk-1.4.4/FL/Fl_Int_Input.H
fltk-1.4.4/FL/Fl_Menu_.H
fltk-1.4.4/FL/Fl_Tree_Item_Array.H
fltk-1.4.4/FL/Fl_Pack.H
fltk-1.4.4/FL/Fl_Graphics_Driver.H
fltk-1.4.4/FL/Fl_Round_Clock.H
fltk-1.4.4/FL/Fl_Scheme.H
fltk-1.4.4/FL/Fl_Preferences.H
fltk-1.4.4/FL/Fl_Button.H
fltk-1.4.4/FL/Fl_Gl_Window.H
fltk-1.4.4/FL/Fl_Hold_Browser.H
fltk-1.4.4/FL/Fl_Native_File_Chooser.H
fltk-1.4.4/FL/Fl_Output.H
fltk-1.4.4/FL/Fl_Menu_Bar.H
fltk-1.4.4/FL/Fl_Tabs.H
fltk-1.4.4/FL/Fl_Tree_Item.H
fltk-1.4.4/FL/Fl_Cairo.H
fltk-1.4.4/FL/Fl_Sys_Menu_Bar.H
fltk-1.4.4/FL/Fl_Single_Window.H
fltk-1.4.4/FL/names.h
fltk-1.4.4/FL/Fl_GIF_Image.H
fltk-1.4.4/FL/platform_types.h
fltk-1.4.4/FL/Fl_Value_Output.H
fltk-1.4.4/FL/Fl_Menu.H
fltk-1.4.4/FL/Enumerations.H
fltk-1.4.4/FL/fl_show_colormap.H
fltk-1.4.4/FL/Fl_PNG_Image.H
fltk-1.4.4/FL/Fl_Hor_Nice_Slider.H
fltk-1.4.4/FL/Fl_Shared_Image.H
fltk-1.4.4/FL/Fl_Positioner.H
fltk-1.4.4/FL/fl_types.h
fltk-1.4.4/FL/Fl_Widget.H
fltk-1.4.4/FL/Fl_Hor_Fill_Slider.H
fltk-1.4.4/FL/Fl_Choice.H
fltk-1.4.4/FL/fl_utf8.h
fltk-1.4.4/FL/Fl_Tree_Prefs.H
fltk-1.4.4/FL/math.h
fltk-1.4.4/FL/Fl_ICO_Image.H
fltk-1.4.4/FL/glu.h
fltk-1.4.4/FL/Fl_Flex.H
fltk-1.4.4/FL/Fl_SVG_Image.H
fltk-1.4.4/FL/Fl_Group.H
fltk-1.4.4/FL/Fl_Fill_Dial.H
fltk-1.4.4/FL/Fl_File_Icon.H
fltk-1.4.4/FL/fl_casts.H
fltk-1.4.4/FL/glut.H
fltk-1.4.4/FL/Fl_Secret_Input.H
fltk-1.4.4/fltk-options/
fltk-1.4.4/fltk-options/makedepend
fltk-1.4.4/fltk-options/fltk-options.plist
fltk-1.4.4/fltk-options/icons/
fltk-1.4.4/fltk-options/icons/fltk-options-32i.png
fltk-1.4.4/fltk-options/icons/fltk-options-32.png
fltk-1.4.4/fltk-options/icons/fltk-options-32.gif
fltk-1.4.4/fltk-options/icons/fltk-options-48.png
fltk-1.4.4/fltk-options/icons/fltk-options-128.png
fltk-1.4.4/fltk-options/icons/fltk-options-96.xpm
fltk-1.4.4/fltk-options/icons/fltk-options-16i.png
fltk-1.4.4/fltk-options/icons/fltk-options-64.png
fltk-1.4.4/fltk-options/icons/fltk-options-16.png
fltk-1.4.4/fltk-options/icons/fltk-options.ico
fltk-1.4.4/fltk-options/icons/fltk-options.icns
fltk-1.4.4/fltk-options/icons/fltk-options-32.xpm
fltk-1.4.4/fltk-options/icons/fltk-options-256.png
fltk-1.4.4/fltk-options/icons/fltk-options-96.gif
fltk-1.4.4/fltk-options/icons/fltk-options.xcf
fltk-1.4.4/fltk-options/fltk-options-shared.plist
fltk-1.4.4/fltk-options/fltk-options.cxx
fltk-1.4.4/fltk-options/Makefile
fltk-1.4.4/fltk-options/CMakeLists.txt
fltk-1.4.4/fltk-options/fltk-options.desktop
fltk-1.4.4/fltk-options/fltk-options.xml
fltk-1.4.4/makeinclude.in
fltk-1.4.4/cairo/
fltk-1.4.4/cairo/makedepend
fltk-1.4.4/cairo/Makefile
fltk-1.4.4/cairo/CMakeLists.txt
fltk-1.4.4/cairo/cairo_dummy.c
fltk-1.4.4/util/
fltk-1.4.4/util/README.txt
fltk-1.4.4/util/cmap.cxx
fltk-1.4.4/misc/
fltk-1.4.4/misc/doxystar.cxx
fltk-1.4.4/misc/lorem_ipsum.txt
fltk-1.4.4/misc/README.txt
fltk-1.4.4/misc/lorem_ipsum.png
fltk-1.4.4/misc/fromdos.c
fltk-1.4.4/misc/cp1252_utf-8.txt
fltk-1.4.4/misc/iso-8859-1.txt
fltk-1.4.4/misc/abi-compliance-checker.txt
fltk-1.4.4/misc/cp1252.html
fltk-1.4.4/misc/cp1252.png
fltk-1.4.4/misc/cp1252_utf-8.html
fltk-1.4.4/misc/cp1252.txt
fltk-1.4.4/misc/MacRoman_utf-8.txt
fltk-1.4.4/misc/iso-8859-1_utf-8.txt
fltk-1.4.4/misc/MacRoman_utf-8.png
fltk-1.4.4/misc/update_config_scripts
fltk-1.4.4/examples/
fltk-1.4.4/examples/howto-add_fd-and-popen.cxx
fltk-1.4.4/examples/nativefilechooser-simple-app.cxx
fltk-1.4.4/examples/table-as-container.cxx
fltk-1.4.4/examples/animgifimage-simple.cxx
fltk-1.4.4/examples/table-spreadsheet.cxx
fltk-1.4.4/examples/OpenGL3-glut-test.cxx
fltk-1.4.4/examples/tree-as-container.cxx
fltk-1.4.4/examples/README.txt
fltk-1.4.4/examples/table-with-right-click-menu.cxx
fltk-1.4.4/examples/animgifimage-play.cxx
fltk-1.4.4/examples/progress-simple.cxx
fltk-1.4.4/examples/simple-terminal.cxx
fltk-1.4.4/examples/OpenGL3test.cxx
fltk-1.4.4/examples/howto-drag-and-drop.cxx
fltk-1.4.4/examples/tabs-simple.cxx
fltk-1.4.4/examples/howto-text-over-image-button.cxx
fltk-1.4.4/examples/tree-custom-sort.cxx
fltk-1.4.4/examples/fluid-callback.fl
fltk-1.4.4/examples/Makefile
fltk-1.4.4/examples/animgifimage-resize.cxx
fltk-1.4.4/examples/shapedwindow.cxx
fltk-1.4.4/examples/wizard-simple.cxx
fltk-1.4.4/examples/tree-simple.cxx
fltk-1.4.4/examples/grid-simple.cxx
fltk-1.4.4/examples/howto-browser-with-icons.cxx
fltk-1.4.4/examples/cairo-draw-x.cxx
fltk-1.4.4/examples/animgifimage.cxx
fltk-1.4.4/examples/table-spreadsheet-with-keyboard-nav.cxx
fltk-1.4.4/examples/CMakeLists.txt
fltk-1.4.4/examples/textdisplay-with-colors.cxx
fltk-1.4.4/examples/howto-menu-with-images.cxx
fltk-1.4.4/examples/howto-remap-numpad-keyboard-keys.cxx
fltk-1.4.4/examples/browser-simple.cxx
fltk-1.4.4/examples/texteditor-simple.cxx
fltk-1.4.4/examples/table-sort.cxx
fltk-1.4.4/examples/howto-flex-simple.cxx
fltk-1.4.4/examples/texteditor-with-dynamic-colors.cxx
fltk-1.4.4/examples/nativefilechooser-simple.cxx
fltk-1.4.4/examples/Makefile.FLTK
fltk-1.4.4/examples/chart-simple.cxx
fltk-1.4.4/examples/tree-custom-draw-items.cxx
fltk-1.4.4/examples/howto-simple-svg.cxx
fltk-1.4.4/examples/draggable-group.cxx
fltk-1.4.4/examples/callbacks.cxx
fltk-1.4.4/examples/table-simple.cxx
fltk-1.4.4/examples/tree-of-tables.cxx
fltk-1.4.4/examples/menubar-add.cxx
fltk-1.4.4/examples/howto-draw-an-x.cxx
fltk-1.4.4/examples/table-with-keynav.cxx
fltk-1.4.4/examples/table-with-right-column-stretch-fit.cxx
fltk-1.4.4/examples/howto-parse-args.cxx
fltk-1.4.4/png/
fltk-1.4.4/png/pngrutil.c
fltk-1.4.4/png/png.c
fltk-1.4.4/png/makedepend
fltk-1.4.4/png/TODO
fltk-1.4.4/png/pngwrite.c
fltk-1.4.4/png/pngconf.h
fltk-1.4.4/png/pngwutil.c
fltk-1.4.4/png/LICENSE
fltk-1.4.4/png/pngstruct.h
fltk-1.4.4/png/pnginfo.h
fltk-1.4.4/png/pngrio.c
fltk-1.4.4/png/pngread.c
fltk-1.4.4/png/pngtrans.c
fltk-1.4.4/png/README
fltk-1.4.4/png/INSTALL
fltk-1.4.4/png/pngprefix.h
fltk-1.4.4/png/pngget.c
fltk-1.4.4/png/Makefile
fltk-1.4.4/png/pngpriv.h
fltk-1.4.4/png/libpng-manual.txt
fltk-1.4.4/png/pngerror.c
fltk-1.4.4/png/pngwtran.c
fltk-1.4.4/png/png.h
fltk-1.4.4/png/ANNOUNCE
fltk-1.4.4/png/pngmem.c
fltk-1.4.4/png/pngset.c
fltk-1.4.4/png/pngpread.c
fltk-1.4.4/png/CMakeLists.txt
fltk-1.4.4/png/libpngpf.3
fltk-1.4.4/png/arm/
fltk-1.4.4/png/arm/palette_neon_intrinsics.c
fltk-1.4.4/png/arm/arm_init.c
fltk-1.4.4/png/arm/filter_neon_intrinsics.c
fltk-1.4.4/png/pngdebug.h
fltk-1.4.4/png/powerpc/
fltk-1.4.4/png/powerpc/powerpc_init.c
fltk-1.4.4/png/powerpc/filter_vsx_intrinsics.c
fltk-1.4.4/png/pnglibconf.h
fltk-1.4.4/png/png.5
fltk-1.4.4/png/pngwio.c
fltk-1.4.4/png/pngrtran.c
fltk-1.4.4/png/libpng.3
fltk-1.4.4/png/CHANGES
checking build system type... x86_64-unknown-linux-gnu
checking host system type... x86_64-unknown-linux-gnu
checking for gcc... gcc
checking whether the C compiler works... yes
checking for C compiler default output file name... a.out
checking for suffix of executables... 
checking whether we are cross compiling... no
checking for suffix of object files... o
checking whether the compiler supports GNU C... yes
checking whether gcc accepts -g... yes
checking for gcc option to enable C11 features... none needed
checking for g++... g++
checking whether the compiler supports GNU C++... yes
checking whether g++ accepts -g... yes
checking for g++ option to enable C++11 features... none needed
checking for pkg-config... /usr/bin/pkg-config
checking if the compiler supports -fvisibility... yes
checking if the compiler supports -fvisibility-inlines-hidden... yes
checking for a BSD-compatible install... /usr/bin/install -c
checking for nroff... /usr/bin/nroff
checking for doxygen... no
checking for ranlib... ranlib
checking for ar... /usr/bin/ar
checking for windres... no
checking for stdio.h... yes
checking for stdlib.h... yes
checking for string.h... yes
checking for inttypes.h... yes
checking for stdint.h... yes
checking for strings.h... yes
checking for sys/stat.h... yes
checking for sys/types.h... yes
checking for unistd.h... yes
checking size of short... 2
checking size of int... 4
checking size of long... 8
checking whether byte ordering is bigendian... no
checking for dirent.h that defines DIR... yes
checking for library containing opendir... none required
checking for sys/select.h... yes
checking for sys/stdtypes.h... no
checking whether we have the POSIX compatible scandir() prototype... yes
checking for vsnprintf... yes
checking for snprintf... yes
checking for strings.h... (cached) yes
checking for strcasecmp... yes
checking for strlcat... yes
checking for strlcpy... yes
checking for locale.h... yes
checking for localeconv... yes
checking for setenv... yes
checking for library containing pow... -lm
checking for math.h... yes
checking for trunc... yes
checking for special C compiler options needed for large files... no
checking for _FILE_OFFSET_BITS value needed for large files... no
checking for long long int... yes
checking for library containing dlsym... none required
checking for dlfcn.h... yes
checking for alsa/asoundlib.h... yes
checking for jpeg_CreateCompress in -ljpeg... yes
checking for jpeglib.h... yes
checking for gzgets in -lz... yes
checking for zlib.h... yes
checking for libpng-1.6.x... yes
checking for png_get_valid in -lpng... yes
checking for png_set_tRNS_to_alpha in -lpng... yes
checking for pthread.h... yes
checking for pthread_create using -lpthreads... no
checking for pthread_create using -lpthread... yes
checking for pthread_create using -pthread... yes
checking whether we have PTHREAD_MUTEX_RECURSIVE... yes
checking how to run the C preprocessor... gcc -E
checking for X... libraries , headers 
configure: Turning on the usecairo option
checking for library containing dlopen... none required
checking for glXGetProcAddressARB in -lGL... yes
checking for gtk/gtk.h... yes
checking for pango/pangocairo.h... yes
checking for X11/Xregion.h... yes
checking if GCC supports -fno-exceptions... yes
checking if GCC supports -fno-strict-aliasing... yes
checking if ld supports -no-undefined... yes
checking if ld supports -Bsymbolic-functions... yes
checking if toolchain supports sections... yes

Configuration Summary
-------------------------------------------------------------------------
    Directories: prefix=/usr
                 bindir=${exec_prefix}/bin
                 datadir=${datarootdir}
                 datarootdir=${prefix}/share
                 exec_prefix=${prefix}
                 includedir=${prefix}/include
                 libdir=${exec_prefix}/lib
                 mandir=${datarootdir}/man
    Build fluid: YES
    Build tests: YES
Cross-compiling: NO
       Graphics: Wayland or X11 with cairo + Xfixes + Xinerama + Xcursor + Xrender + Pango
Image Libraries: JPEG=System
                 PNG=System
                 ZLIB=System
Forms library:   YES
    Large Files: YES
         OpenGL: YES
        Threads: YES
   Allow std:: : NO
configure: creating ./config.status
config.status: creating makeinclude
config.status: creating fltk.list
config.status: creating fltk-config
config.status: creating fltk.spec
config.status: creating FL/Makefile
config.status: creating config.h
config.status: creating FL/fl_config.h

-------------------------------------------------------------------------
  IMPORTANT NOTE:
-------------------------------------------------------------------------

  FLTK 1.4.x will be the last version(s) of FLTK supporting
  autotools (configure + provided Makefiles) to build FLTK.
  FLTK 1.5.0 and higher will only support FLTK builds using CMake.

  We suggest to explore and use the CMake build system generators
  for your own FLTK builds as soon as possible. Some new FLTK build
  options will only be supported by CMake based builds.
  Please see README.CMake.txt for details and instructions.

  User projects that use CMake for their own build can benefit
  substantially if the FLTK library has been built using CMake.

-------------------------------------------------------------------------

=== making libdecor/build ===
make[1]: Entering directory '/blfs/builds/fltk-1.4.4/libdecor/build'
make[1]: warning: -j16 forced in submake: resetting jobserver mode.
Compiling ../../src/gtk-shell-protocol.c...
Compiling ../../src/xdg-decoration-protocol.c...
Compiling ../../src/text-input-protocol.c...
Compiling ../../src/xdg-shell-protocol.c...
make[1]: Leaving directory '/blfs/builds/fltk-1.4.4/libdecor/build'
=== making src ===
make[1]: Entering directory '/blfs/builds/fltk-1.4.4/src'
make[1]: warning: -j16 forced in submake: resetting jobserver mode.
Compiling Fl.cxx...
Compiling Fl_Adjuster.cxx...
Compiling Fl_Bitmap.cxx...
Compiling Fl_Browser.cxx...
Compiling Fl_Browser_.cxx...
Compiling Fl_Browser_load.cxx...
Compiling Fl_Box.cxx...
Compiling Fl_Button.cxx...
Compiling Fl_Cairo.cxx...
Compiling Fl_Chart.cxx...
Compiling Fl_Check_Browser.cxx...
Compiling Fl_Check_Button.cxx...
Compiling Fl_Choice.cxx...
Compiling Fl_Clock.cxx...
Compiling Fl_Color_Chooser.cxx...
Compiling Fl_Copy_Surface.cxx...
Compiling Fl_Counter.cxx...
Compiling Fl_Dial.cxx...
Compiling Fl_Device.cxx...
Compiling Fl_Double_Window.cxx...
Compiling Fl_File_Browser.cxx...
Compiling Fl_File_Chooser.cxx...
Compiling Fl_File_Chooser2.cxx...
Compiling Fl_File_Icon.cxx...
Compiling Fl_File_Input.cxx...
Compiling Fl_Flex.cxx...
Compiling Fl_Graphics_Driver.cxx...
Compiling Fl_Grid.cxx...
Compiling Fl_Group.cxx...
Compiling Fl_Help_View.cxx...
Compiling Fl_Image.cxx...
Compiling Fl_Image_Surface.cxx...
Compiling Fl_Input.cxx...
Compiling Fl_Input_.cxx...
Compiling Fl_Input_Choice.cxx...
Compiling Fl_Int_Vector.cxx...
Compiling Fl_Light_Button.cxx...
Compiling Fl_Menu.cxx...
Compiling Fl_Menu_.cxx...
Compiling Fl_Menu_Bar.cxx...
Compiling Fl_Menu_Button.cxx...
Compiling Fl_Menu_Window.cxx...
Compiling Fl_Menu_add.cxx...
Compiling Fl_Menu_global.cxx...
Compiling Fl_Message.cxx...
Compiling Fl_Multi_Label.cxx...
Compiling Fl_Native_File_Chooser.cxx...
Compiling Fl_Overlay_Window.cxx...
Compiling Fl_Pack.cxx...
Compiling Fl_Paged_Device.cxx...
Compiling Fl_Pixmap.cxx...
Compiling Fl_Positioner.cxx...
Compiling Fl_Preferences.cxx...
Compiling Fl_Printer.cxx...
Compiling Fl_Progress.cxx...
Compiling Fl_Repeat_Button.cxx...
Compiling Fl_Return_Button.cxx...
Compiling Fl_Roller.cxx...
Compiling Fl_Round_Button.cxx...
Compiling Fl_Screen_Driver.cxx...
Compiling Fl_Scheme.cxx...
Compiling Fl_Scheme_Choice.cxx...
Compiling Fl_Scroll.cxx...
Compiling Fl_Scrollbar.cxx...
Compiling Fl_Shared_Image.cxx...
Compiling Fl_Shortcut_Button.cxx...
Compiling Fl_Single_Window.cxx...
Compiling Fl_Slider.cxx...
Compiling Fl_Spinner.cxx...
Compiling Fl_String.cxx...
Compiling Fl_Sys_Menu_Bar.cxx...
Compiling Fl_System_Driver.cxx...
Compiling Fl_Table.cxx...
Compiling Fl_Table_Row.cxx...
Compiling Fl_Tabs.cxx...
Compiling Fl_Terminal.cxx...
Compiling Fl_Text_Buffer.cxx...
Compiling Fl_Text_Display.cxx...
Compiling Fl_Text_Editor.cxx...
Compiling Fl_Tile.cxx...
Compiling Fl_Tiled_Image.cxx...
Compiling Fl_Timeout.cxx...
Compiling Fl_Tree.cxx...
Compiling Fl_Tree_Item.cxx...
Compiling Fl_Tree_Item_Array.cxx...
Compiling Fl_Tree_Prefs.cxx...
Compiling Fl_Tooltip.cxx...
Compiling Fl_Valuator.cxx...
Compiling Fl_Value_Input.cxx...
Compiling Fl_Value_Output.cxx...
Compiling Fl_Value_Slider.cxx...
Compiling Fl_Widget.cxx...
Compiling Fl_Widget_Surface.cxx...
Compiling Fl_Window.cxx...
Compiling Fl_Window_Driver.cxx...
Compiling Fl_Window_fullscreen.cxx...
Compiling Fl_Window_hotspot.cxx...
Compiling Fl_Window_iconize.cxx...
Compiling Fl_Wizard.cxx...
Compiling Fl_XBM_Image.cxx...
Compiling Fl_XPM_Image.cxx...
Compiling Fl_abort.cxx...
Compiling Fl_add_idle.cxx...
Compiling Fl_arg.cxx...
Compiling Fl_compose.cxx...
Compiling Fl_display.cxx...
Compiling Fl_get_system_colors.cxx...
Compiling Fl_grab.cxx...
Compiling Fl_lock.cxx...
Compiling Fl_own_colormap.cxx...
Compiling Fl_visual.cxx...
Compiling filename_absolute.cxx...
Compiling filename_expand.cxx...
Compiling filename_ext.cxx...
Compiling filename_isdir.cxx...
Compiling filename_list.cxx...
Compiling filename_match.cxx...
Compiling filename_setext.cxx...
Compiling fl_arc.cxx...
Compiling fl_ask.cxx...
Compiling fl_boxtype.cxx...
Compiling fl_color.cxx...
Compiling fl_contrast.cxx...
Compiling fl_cursor.cxx...
Compiling fl_curve.cxx...
Compiling fl_diamond_box.cxx...
Compiling fl_draw.cxx...
Compiling fl_draw_arrow.cxx...
Compiling fl_draw_pixmap.cxx...
Compiling fl_encoding_latin1.cxx...
Compiling fl_encoding_mac_roman.cxx...
Compiling fl_engraved_label.cxx...
Compiling fl_file_dir.cxx...
Compiling fl_font.cxx...
Compiling fl_gleam.cxx...
Compiling fl_gtk.cxx...
Compiling fl_labeltype.cxx...
Compiling fl_open_uri.cxx...
Compiling fl_oval_box.cxx...
Compiling fl_overlay.cxx...
Compiling fl_oxy.cxx...
Compiling fl_plastic.cxx...
Compiling fl_read_image.cxx...
Compiling fl_rect.cxx...
Compiling fl_round_box.cxx...
Compiling fl_rounded_box.cxx...
Compiling fl_set_font.cxx...
Compiling fl_scroll_area.cxx...
Compiling fl_shadow_box.cxx...
Compiling fl_shortcut.cxx...
Compiling fl_show_colormap.cxx...
Compiling fl_string_functions.cxx...
Compiling fl_symbols.cxx...
Compiling fl_utf8.cxx...
Compiling fl_vertex.cxx...
Compiling print_button.cxx...
Compiling screen_xywh.cxx...
Compiling drivers/PostScript/Fl_PostScript.cxx...
Compiling drivers/PostScript/Fl_PostScript_image.cxx...
Compiling drivers/Posix/Fl_Posix_Printer_Driver.cxx...
Compiling Fl_Native_File_Chooser_FLTK.cxx...
Compiling Fl_Native_File_Chooser_GTK.cxx...
Compiling Fl_Native_File_Chooser_Kdialog.cxx...
Compiling Fl_Native_File_Chooser_Zenity.cxx...
Compiling drivers/Posix/Fl_Posix_System_Driver.cxx...
Compiling drivers/Unix/Fl_Unix_System_Driver.cxx...
Compiling drivers/Unix/Fl_Unix_Screen_Driver.cxx...
Compiling drivers/Wayland/Fl_Wayland_Screen_Driver.cxx...
Compiling drivers/Wayland/Fl_Wayland_Window_Driver.cxx...
Compiling drivers/Wayland/Fl_Wayland_Image_Surface_Driver.cxx...
Compiling drivers/Wayland/Fl_Wayland_Copy_Surface_Driver.cxx...
Compiling drivers/Wayland/Fl_Wayland_Graphics_Driver.cxx...
Compiling drivers/Wayland/fl_wayland_platform_init.cxx...
Compiling drivers/Wayland/fl_wayland_clipboard_dnd.cxx...
Compiling drivers/Cairo/Fl_Cairo_Graphics_Driver.cxx...
Compiling drivers/X11/Fl_X11_Screen_Driver.cxx...
Compiling drivers/X11/Fl_X11_Window_Driver.cxx...
Compiling drivers/Cairo/Fl_X11_Cairo_Graphics_Driver.cxx...
Compiling drivers/Xlib/Fl_Xlib_Copy_Surface_Driver.cxx...
Compiling drivers/Xlib/Fl_Xlib_Image_Surface_Driver.cxx...
Compiling Fl_x.cxx...
Compiling fl_dnd_x.cxx...
Compiling Fl_get_key.cxx...
Compiling flstring.c...
Compiling numericsort.c...
Compiling vsnprintf.c...
Compiling xutf8/keysym2Ucs.c...
Compiling scandir_posix.c...
Compiling xutf8/case.c...
Compiling xutf8/is_right2left.c...
Compiling xutf8/is_spacing.c...
Compiling forms_compatibility.cxx...
Compiling forms_bitmap.cxx...
Compiling forms_free.cxx...
Compiling forms_fselect.cxx...
Compiling forms_pixmap.cxx...
Compiling forms_timer.cxx...
Compiling Fl_Gl_Choice.cxx...
Compiling Fl_Gl_Overlay.cxx...
Compiling Fl_Gl_Device_Plugin.cxx...
Compiling Fl_Gl_Window.cxx...
Compiling freeglut_geometry.cxx...
Compiling freeglut_stroke_mono_roman.cxx...
Compiling freeglut_stroke_roman.cxx...
Compiling freeglut_teapot.cxx...
Compiling gl_draw.cxx...
Compiling gl_start.cxx...
Compiling glut_compatibility.cxx...
Compiling glut_font.cxx...
Compiling drivers/OpenGL/Fl_OpenGL_Display_Device.cxx...
Compiling drivers/OpenGL/Fl_OpenGL_Graphics_Driver_arci.cxx...
Compiling drivers/OpenGL/Fl_OpenGL_Graphics_Driver_color.cxx...
Compiling drivers/OpenGL/Fl_OpenGL_Graphics_Driver_font.cxx...
Compiling drivers/OpenGL/Fl_OpenGL_Graphics_Driver_line_style.cxx...
Compiling drivers/OpenGL/Fl_OpenGL_Graphics_Driver_rect.cxx...
Compiling drivers/OpenGL/Fl_OpenGL_Graphics_Driver_vertex.cxx...
Compiling drivers/Wayland/Fl_Wayland_Gl_Window_Driver.cxx...
Compiling drivers/X11/Fl_X11_Gl_Window_Driver.cxx...
Compiling fl_images_core.cxx...
Compiling fl_write_png.cxx...
Compiling Fl_BMP_Image.cxx...
Compiling Fl_File_Icon2.cxx...
Compiling Fl_GIF_Image.cxx...
Compiling Fl_Anim_GIF_Image.cxx...
Compiling Fl_Help_Dialog.cxx...
Compiling Fl_ICO_Image.cxx...
Compiling Fl_JPEG_Image.cxx...
Compiling Fl_PNG_Image.cxx...
Compiling Fl_PNM_Image.cxx...
Compiling Fl_Image_Reader.cxx...
Compiling Fl_SVG_Image.cxx...
Compiling nanosvg.cxx...
Compiling drivers/SVG/Fl_SVG_File_Surface.cxx...
/usr/bin/ar cr ../lib/libfltk_forms.a ...
/usr/bin/ar cr ../lib/libfltk_gl.a ...
/usr/bin/ar cr ../lib/libfltk.a ...
g++ -L. -pthread -lpthread -lm -lwayland-cursor -lwayland-client -lm -lxkbcommon -lpangocairo-1.0 -lpango-1.0 -lcairo -lharfbuzz -lgobject-2.0 -lglib-2.0 -lX11 -ldl -Wl,-no-undefined -Wl,-Bsymbolic-functions -Wl,-gc-sections -Wl,-soname,libfltk.so.1.4 -pthread -lpthread -lm -lwayland-cursor -lwayland-client -lm -lxkbcommon -lpangocairo-1.0 -lpango-1.0 -lcairo -lharfbuzz -lgobject-2.0 -lglib-2.0 -lX11 -ldl -ldbus-1 -lgtk-3 -lgdk-3 -lpangocairo-1.0 -lcairo-gobject -lgdk_pixbuf-2.0 -latk-1.0 -lpango-1.0 -lcairo -lharfbuzz -lgio-2.0 -lgobject-2.0 -lglib-2.0 -lpangocairo-1.0 -lpango-1.0 -lcairo -lharfbuzz -lgobject-2.0 -lglib-2.0 -lXinerama -lXcursor -lXfixes -lXrender -lX11 -shared -fPIC -o libfltk.so.1.4 ...
g++ -L. -pthread -lpthread -lm -lwayland-cursor -lwayland-client -lm -lxkbcommon -lpangocairo-1.0 -lpango-1.0 -lcairo -lharfbuzz -lgobject-2.0 -lglib-2.0 -lX11 -ldl -Wl,-no-undefined -Wl,-Bsymbolic-functions -Wl,-gc-sections -Wl,-soname,libfltk_forms.so.1.4 -pthread -lpthread -lm -lwayland-cursor -lwayland-client -lm -lxkbcommon -lpangocairo-1.0 -lpango-1.0 -lcairo -lharfbuzz -lgobject-2.0 -lglib-2.0 -lX11 -ldl -ldbus-1 -lgtk-3 -lgdk-3 -lpangocairo-1.0 -lcairo-gobject -lgdk_pixbuf-2.0 -latk-1.0 -lpango-1.0 -lcairo -lharfbuzz -lgio-2.0 -lgobject-2.0 -lglib-2.0 -lpangocairo-1.0 -lpango-1.0 -lcairo -lharfbuzz -lgobject-2.0 -lglib-2.0 -lXinerama -lXcursor -lXfixes -lXrender -lX11 -shared -fPIC -o libfltk_forms.so.1.4 ...
g++ -L. -pthread -lpthread -lm -lwayland-cursor -lwayland-client -lm -lxkbcommon -lpangocairo-1.0 -lpango-1.0 -lcairo -lharfbuzz -lgobject-2.0 -lglib-2.0 -lX11 -ldl -Wl,-no-undefined -Wl,-Bsymbolic-functions -Wl,-gc-sections -Wl,-soname,libfltk_gl.so.1.4 -pthread -lpthread -lm -lwayland-cursor -lwayland-client -lm -lxkbcommon -lpangocairo-1.0 -lpango-1.0 -lcairo -lharfbuzz -lgobject-2.0 -lglib-2.0 -lX11 -ldl -ldbus-1 -lgtk-3 -lgdk-3 -lpangocairo-1.0 -lcairo-gobject -lgdk_pixbuf-2.0 -latk-1.0 -lpango-1.0 -lcairo -lharfbuzz -lgio-2.0 -lgobject-2.0 -lglib-2.0 -lpangocairo-1.0 -lpango-1.0 -lcairo -lharfbuzz -lgobject-2.0 -lglib-2.0 -lXinerama -lXcursor -lXfixes -lXrender -lX11 -shared -fPIC -o libfltk_gl.so.1.4 ...
/usr/bin/ar cr ../lib/libfltk_images.a ...
g++ -L. -pthread -lpthread -lm -lwayland-cursor -lwayland-client -lm -lxkbcommon -lpangocairo-1.0 -lpango-1.0 -lcairo -lharfbuzz -lgobject-2.0 -lglib-2.0 -lX11 -ldl -Wl,-no-undefined -Wl,-Bsymbolic-functions -Wl,-gc-sections -Wl,-soname,libfltk_images.so.1.4 -pthread -lpthread -lm -lwayland-cursor -lwayland-client -lm -lxkbcommon -lpangocairo-1.0 -lpango-1.0 -lcairo -lharfbuzz -lgobject-2.0 -lglib-2.0 -lX11 -ldl -ldbus-1 -lgtk-3 -lgdk-3 -lpangocairo-1.0 -lcairo-gobject -lgdk_pixbuf-2.0 -latk-1.0 -lpango-1.0 -lcairo -lharfbuzz -lgio-2.0 -lgobject-2.0 -lglib-2.0 -lpangocairo-1.0 -lpango-1.0 -lcairo -lharfbuzz -lgobject-2.0 -lglib-2.0 -lXinerama -lXcursor -lXfixes -lXrender -lX11 -shared -fPIC -o libfltk_images.so.1.4 ...
make[1]: Leaving directory '/blfs/builds/fltk-1.4.4/src'
=== making fluid ===
make[1]: Entering directory '/blfs/builds/fltk-1.4.4/fluid'
make[1]: warning: -j16 forced in submake: resetting jobserver mode.
Compiling CodeEditor.cxx...
Compiling StyleParse.cxx...
Compiling Fd_Snap_Action.cxx...
Compiling Fl_Button_Type.cxx...
Compiling Fl_Function_Type.cxx...
Compiling Fl_Grid_Type.cxx...
Compiling Fl_Group_Type.cxx...
Compiling Fl_Menu_Type.cxx...
Compiling Fl_Type.cxx...
Compiling Fl_Widget_Type.cxx...
Compiling Fl_Window_Type.cxx...
Compiling Fluid_Image.cxx...
Compiling about_panel.cxx...
Compiling align_widget.cxx...
Compiling settings_panel.cxx...
Compiling autodoc.cxx...
Compiling code.cxx...
Compiling custom_widgets.cxx...
Compiling factory.cxx...
Compiling file.cxx...
Compiling fluid.cxx...
Compiling fluid_filename.cxx...
Compiling function_panel.cxx...
Compiling mergeback.cxx...
Compiling pixmaps.cxx...
Compiling shell_command.cxx...
Compiling codeview_panel.cxx...
Compiling template_panel.cxx...
Compiling undo.cxx...
Compiling widget_browser.cxx...
Compiling widget_panel.cxx...
Compiling ExternalCodeEditor_UNIX.cxx...
Linking fluid-shared...
Linking fluid...
make[1]: Leaving directory '/blfs/builds/fltk-1.4.4/fluid'
=== making fltk-options ===
make[1]: Entering directory '/blfs/builds/fltk-1.4.4/fltk-options'
make[1]: warning: -j16 forced in submake: resetting jobserver mode.
Compiling fltk-options.cxx...
Linking fltk-options-shared...
Linking fltk-options...
make[1]: Leaving directory '/blfs/builds/fltk-1.4.4/fltk-options'
=== making test ===
make[1]: Entering directory '/blfs/builds/fltk-1.4.4/test'
make[1]: warning: -j16 forced in submake: resetting jobserver mode.
Compiling animated.cxx...
Compiling adjuster.cxx...
Compiling arc.cxx...
Compiling ask.cxx...
Compiling bitmap.cxx...
Compiling blocks.cxx...
Compiling boxtype.cxx...
Compiling browser.cxx...
Compiling button.cxx...
Compiling buttons.cxx...
Compiling cairo_test.cxx...
Compiling clipboard.cxx...
Compiling clock.cxx...
Compiling colbrowser.cxx...
Compiling color_chooser.cxx...
Compiling contrast.cxx...
Compiling cursor.cxx...
Compiling curve.cxx...
Compiling demo.cxx...
Compiling device.cxx...
Compiling doublebuffer.cxx...
Compiling editor.cxx...
Compiling file_chooser.cxx...
Compiling flex_demo.cxx...
Compiling flex_login.cxx...
Compiling fltk-versions.cxx...
Compiling fonts.cxx...
Compiling forms.cxx...
Compiling grid_alignment.cxx...
Compiling grid_buttons.cxx...
Compiling grid_dialog.cxx...
Compiling grid_login.cxx...
Compiling hello.cxx...
Compiling help_dialog.cxx...
Compiling icon.cxx...
Compiling iconize.cxx...
Compiling image.cxx...
Compiling input.cxx...
Compiling input_choice.cxx...
Compiling label.cxx...
Compiling line_style.cxx...
Compiling line_style_docs.cxx...
Compiling list_visuals.cxx...
Compiling menubar.cxx...
Compiling message.cxx...
Compiling minimum.cxx...
Compiling native-filechooser.cxx...
Compiling navigation.cxx...
Compiling offscreen.cxx...
Compiling output.cxx...
Compiling overlay.cxx...
Compiling pack.cxx...
Compiling pixmap.cxx...
Compiling pixmap_browser.cxx...
Compiling resizebox.cxx...
Compiling resize-example1.cxx...
Compiling resize-arrows.cxx...
Compiling resize-example2.cxx...
Compiling resize-example3a.cxx...
Compiling resize-example3b.cxx...
Compiling resize-example3c.cxx...
Compiling resize-example4a.cxx...
Compiling resize-example4b.cxx...
Compiling resize-example5a.cxx...
Compiling resize-example5b.cxx...
Compiling resize-example5c.cxx...
Compiling rotated_text.cxx...
Compiling scroll.cxx...
Compiling subwindow.cxx...
Compiling sudoku.cxx...
Compiling symbols.cxx...
Compiling table.cxx...
Compiling threads.cxx...
Compiling tile.cxx...
Compiling tiled_image.cxx...
Compiling twowin.cxx...
Compiling utf8.cxx...
Compiling windowfocus.cxx...
Compiling wizard.cxx...
Compiling cube.cxx...
Compiling fractals.cxx...
Compiling fracviewer.cxx...
Compiling fullscreen.cxx...
Compiling gl_overlay.cxx...
Compiling glpuzzle.cxx...
Compiling glut_test.cxx...
Compiling shape.cxx...
Compiling unittests.cxx...
Compiling unittest_about.cxx...
Compiling unittest_points.cxx...
Compiling unittest_complex_shapes.cxx...
Compiling unittest_fast_shapes.cxx...
Compiling unittest_circles.cxx...
Compiling unittest_text.cxx...
Compiling unittest_unicode.cxx...
Compiling unittest_symbol.cxx...
Compiling unittest_images.cxx...
Compiling unittest_viewport.cxx...
Compiling unittest_scrollbarsize.cxx...
Compiling unittest_schemes.cxx...
Compiling unittest_terminal.cxx...
Compiling unittest_core.cxx...
Linking animated...
Linking adjuster...
Linking arc...
Linking ask...
Linking bitmap...
Linking blocks...
Linking boxtype...
Linking browser...
Linking button...
Linking buttons...
Linking cairo_test...
Linking clipboard...
Linking clock...
Linking colbrowser...
Linking color_chooser...
Linking contrast...
Linking cursor...
Linking curve...
Linking demo...
Linking device...
Linking doublebuffer...
Linking editor...
Linking file_chooser...
Linking flex_demo...
Linking flex_login...
Linking fltk-versions...
Linking fonts...
Linking forms...
Linking grid_alignment...
Linking grid_buttons...
Linking grid_dialog...
Linking grid_login...
Linking hello...
Linking help_dialog...
Linking icon...
Linking iconize...
Linking image...
Linking input...
Linking input_choice...
Linking label...
Linking line_style...
Linking line_style_docs...
Linking list_visuals...
Linking menubar...
Linking message...
Linking minimum...
Linking native-filechooser...
Linking navigation...
Linking offscreen...
Linking output...
Linking overlay...
Linking pack...
Linking pixmap...
Linking pixmap_browser...
Linking resizebox...
Linking resize-example1...
Linking resize-example2...
Linking resize-example3a...
Linking resize-example3b...
Linking resize-example3c...
Linking resize-example4a...
Linking resize-example4b...
Linking resize-example5a...
Linking resize-example5b...
Linking resize-example5c...
Linking rotated_text...
Linking scroll...
Linking subwindow...
Linking sudoku...
Linking symbols...
Linking table...
Linking threads...
Linking tile...
Linking tiled_image...
Linking twowin...
Linking utf8...
Linking windowfocus...
Linking wizard...
Linking cube...
Linking fractals...
Linking fullscreen...
Linking gl_overlay...
Linking glpuzzle...
Linking glut_test...
Linking shape...
Linking unittests...
make[2]: Entering directory '/blfs/builds/fltk-1.4.4/test'
make[2]: warning: -j16 forced in submake: resetting jobserver mode.
Generating checkers_pieces.h and header from checkers_pieces.fl...
Generating checkers_pieces.cxx and header from checkers_pieces.fl...
Generating fast_slow.cxx and header from fast_slow.fl...
Generating fast_slow.h and header from fast_slow.fl...
Generating inactive.cxx and header from inactive.fl...
Generating inactive.h and header from inactive.fl...
Generating keyboard_ui.cxx and header from keyboard_ui.fl...
Generating keyboard_ui.h and header from keyboard_ui.fl...
Generating mandelbrot_ui.cxx and header from mandelbrot_ui.fl...
Generating mandelbrot_ui.h and header from mandelbrot_ui.fl...
Generating preferences.cxx and header from preferences.fl...
Generating preferences.h and header from preferences.fl...
Generating radio.cxx and header from radio.fl...
Generating radio.h and header from radio.fl...
Generating resize.cxx and header from resize.fl...
Generating resize.h and header from resize.fl...
Generating tabs.cxx and header from tabs.fl...
Generating tabs.h and header from tabs.fl...
Generating terminal.cxx and header from terminal.fl...
Generating terminal.h and header from terminal.fl...
Generating tree.cxx and header from tree.fl...
Generating tree.h and header from tree.fl...
Generating valuators.cxx and header from valuators.fl...
Generating valuators.h and header from valuators.fl...
Generating CubeViewUI.h and header from CubeViewUI.fl...
Generating CubeViewUI.cxx and header from CubeViewUI.fl...
Compiling CubeView.cxx...
Compiling checkers.cxx...
Compiling checkers_pieces.cxx...
Compiling fast_slow.cxx...
Compiling inactive.cxx...
Compiling keyboard_ui.cxx...
Compiling keyboard.cxx...
Compiling mandelbrot_ui.cxx...
Compiling mandelbrot.cxx...
Compiling preferences.cxx...
Compiling radio.cxx...
Compiling resize.cxx...
Compiling tabs.cxx...
Compiling terminal.cxx...
Compiling tree.cxx...
Compiling CubeMain.cxx...
Compiling CubeViewUI.cxx...
Linking fast_slow...
Linking inactive...
Compiling valuators.cxx...
Linking resize...
Linking radio...
Linking valuators...
Linking preferences...
Linking mandelbrot...
Linking tabs...
Linking keyboard...
Linking CubeView...
Linking checkers...
Linking terminal...
Linking tree...
make[2]: Leaving directory '/blfs/builds/fltk-1.4.4/test'
make[1]: Leaving directory '/blfs/builds/fltk-1.4.4/test'
=== making documentation ===
make[1]: Entering directory '/blfs/builds/fltk-1.4.4/documentation'
make[1]: warning: -j16 forced in submake: resetting jobserver mode.
Formatting src/fltk.man...
Formatting src/fltk-config.man...
Formatting src/fluid.man...
Formatting src/blocks.man...
Formatting src/checkers.man...
Formatting src/sudoku.man...
Formatting src/fltk-options.man...
make[1]: Leaving directory '/blfs/builds/fltk-1.4.4/documentation'
=== installing FL ===
make[1]: Entering directory '/blfs/builds/fltk-1.4.4/FL'
Installing include files in /pkgs/fltk/usr/include...
make[1]: Leaving directory '/blfs/builds/fltk-1.4.4/FL'
=== installing libdecor/build ===
make[1]: Entering directory '/blfs/builds/fltk-1.4.4/libdecor/build'
Nothing to install
make[1]: Leaving directory '/blfs/builds/fltk-1.4.4/libdecor/build'
=== installing src ===
make[1]: Entering directory '/blfs/builds/fltk-1.4.4/src'
Installing libraries in /pkgs/fltk/usr/lib...
make[1]: Leaving directory '/blfs/builds/fltk-1.4.4/src'
=== installing fluid ===
make[1]: Entering directory '/blfs/builds/fltk-1.4.4/fluid'
Installing FLUID in /pkgs/fltk/usr/bin...
make[1]: Leaving directory '/blfs/builds/fltk-1.4.4/fluid'
=== installing fltk-options ===
make[1]: Entering directory '/blfs/builds/fltk-1.4.4/fltk-options'
Installing fltk-options in /pkgs/fltk/usr/bin...
make[1]: Leaving directory '/blfs/builds/fltk-1.4.4/fltk-options'
=== installing test ===
make[1]: Entering directory '/blfs/builds/fltk-1.4.4/test'
Installing example programs to /pkgs/fltk/usr/share/doc/fltk-1.4.4/examples...
make[1]: Leaving directory '/blfs/builds/fltk-1.4.4/test'
=== installing documentation ===
make[1]: Entering directory '/blfs/builds/fltk-1.4.4/documentation'
Installing documentation files in /pkgs/fltk/usr/share/doc/fltk-1.4.4 ...
Installing man pages in /pkgs/fltk/usr/share/man ...
make[1]: Leaving directory '/blfs/builds/fltk-1.4.4/documentation'
=== installing FL ===
make[1]: Entering directory '/blfs/builds/fltk-1.4.4/FL'
Installing include files in /usr/include...
make[1]: Leaving directory '/blfs/builds/fltk-1.4.4/FL'
=== installing libdecor/build ===
make[1]: Entering directory '/blfs/builds/fltk-1.4.4/libdecor/build'
Nothing to install
make[1]: Leaving directory '/blfs/builds/fltk-1.4.4/libdecor/build'
=== installing src ===
make[1]: Entering directory '/blfs/builds/fltk-1.4.4/src'
Installing libraries in /usr/lib...
make[1]: Leaving directory '/blfs/builds/fltk-1.4.4/src'
=== installing fluid ===
make[1]: Entering directory '/blfs/builds/fltk-1.4.4/fluid'
Installing FLUID in /usr/bin...
make[1]: Leaving directory '/blfs/builds/fltk-1.4.4/fluid'
=== installing fltk-options ===
make[1]: Entering directory '/blfs/builds/fltk-1.4.4/fltk-options'
Installing fltk-options in /usr/bin...
make[1]: Leaving directory '/blfs/builds/fltk-1.4.4/fltk-options'
=== installing test ===
make[1]: Entering directory '/blfs/builds/fltk-1.4.4/test'
Installing example programs to /usr/share/doc/fltk-1.4.4/examples...
make[1]: Leaving directory '/blfs/builds/fltk-1.4.4/test'
=== installing documentation ===
make[1]: Entering directory '/blfs/builds/fltk-1.4.4/documentation'
Installing documentation files in /usr/share/doc/fltk-1.4.4 ...
Installing man pages in /usr/share/man ...
make[1]: Leaving directory '/blfs/builds/fltk-1.4.4/documentation'
fltk/
fltk/usr/
fltk/usr/share/
fltk/usr/share/man/
fltk/usr/share/man/man1/
fltk/usr/share/man/man1/fltk-config.1
fltk/usr/share/man/man1/fltk-options.1
fltk/usr/share/man/man1/fluid.1
fltk/usr/share/man/man3/
fltk/usr/share/man/man3/fltk.3
fltk/usr/share/doc/
fltk/usr/share/doc/fltk-1.4.4/
fltk/usr/share/doc/fltk-1.4.4/examples/
fltk/usr/share/doc/fltk-1.4.4/examples/checkers_pieces.cxx
fltk/usr/share/doc/fltk-1.4.4/examples/resize-example3a.cxx
fltk/usr/share/doc/fltk-1.4.4/examples/subwindow.cxx
fltk/usr/share/doc/fltk-1.4.4/examples/fractals.cxx
fltk/usr/share/doc/fltk-1.4.4/examples/checkers_pieces.h
fltk/usr/share/doc/fltk-1.4.4/examples/keyboard_ui.cxx
fltk/usr/share/doc/fltk-1.4.4/examples/shadow_variables.cxx
fltk/usr/share/doc/fltk-1.4.4/examples/label.cxx
fltk/usr/share/doc/fltk-1.4.4/examples/help_dialog.cxx
fltk/usr/share/doc/fltk-1.4.4/examples/keyboard_ui.fl
fltk/usr/share/doc/fltk-1.4.4/examples/unittest_fast_shapes.cxx
fltk/usr/share/doc/fltk-1.4.4/examples/fracviewer.cxx
fltk/usr/share/doc/fltk-1.4.4/examples/clipboard.cxx
fltk/usr/share/doc/fltk-1.4.4/examples/grid_dialog.cxx
fltk/usr/share/doc/fltk-1.4.4/examples/CubeViewUI.fl
fltk/usr/share/doc/fltk-1.4.4/examples/coordinates.cxx
fltk/usr/share/doc/fltk-1.4.4/examples/grid_login.cxx
fltk/usr/share/doc/fltk-1.4.4/examples/glut_test.cxx
fltk/usr/share/doc/fltk-1.4.4/examples/resize-example3c.cxx
fltk/usr/share/doc/fltk-1.4.4/examples/checkers_pieces.fl
fltk/usr/share/doc/fltk-1.4.4/examples/resize.fl
fltk/usr/share/doc/fltk-1.4.4/examples/list_visuals.cxx
fltk/usr/share/doc/fltk-1.4.4/examples/icon.cxx
fltk/usr/share/doc/fltk-1.4.4/examples/clock.cxx
fltk/usr/share/doc/fltk-1.4.4/examples/table.cxx
fltk/usr/share/doc/fltk-1.4.4/examples/bitmap.cxx
fltk/usr/share/doc/fltk-1.4.4/examples/threads.cxx
fltk/usr/share/doc/fltk-1.4.4/examples/demo.cxx
fltk/usr/share/doc/fltk-1.4.4/examples/windowfocus.cxx
fltk/usr/share/doc/fltk-1.4.4/examples/mandelbrot_ui.h
fltk/usr/share/doc/fltk-1.4.4/examples/unittest_about.cxx
fltk/usr/share/doc/fltk-1.4.4/examples/wizard.cxx
fltk/usr/share/doc/fltk-1.4.4/examples/unittest_unicode.cxx
fltk/usr/share/doc/fltk-1.4.4/examples/demo.menu
fltk/usr/share/doc/fltk-1.4.4/examples/handle_keys.cxx
fltk/usr/share/doc/fltk-1.4.4/examples/unittest_circles.cxx
fltk/usr/share/doc/fltk-1.4.4/examples/CubeView.h
fltk/usr/share/doc/fltk-1.4.4/examples/unittest_complex_shapes.cxx
fltk/usr/share/doc/fltk-1.4.4/examples/CubeMain.cxx
fltk/usr/share/doc/fltk-1.4.4/examples/fracviewer.h
fltk/usr/share/doc/fltk-1.4.4/examples/twowin.cxx
fltk/usr/share/doc/fltk-1.4.4/examples/utf8.cxx
fltk/usr/share/doc/fltk-1.4.4/examples/input_choice.cxx
fltk/usr/share/doc/fltk-1.4.4/examples/terminal.fl
fltk/usr/share/doc/fltk-1.4.4/examples/tabs.cxx
fltk/usr/share/doc/fltk-1.4.4/examples/fltk-versions.cxx
fltk/usr/share/doc/fltk-1.4.4/examples/tree.fl
fltk/usr/share/doc/fltk-1.4.4/examples/ask.cxx
fltk/usr/share/doc/fltk-1.4.4/examples/radio.h
fltk/usr/share/doc/fltk-1.4.4/examples/colbrowser.cxx
fltk/usr/share/doc/fltk-1.4.4/examples/unittest_core.cxx
fltk/usr/share/doc/fltk-1.4.4/examples/valuators.cxx
fltk/usr/share/doc/fltk-1.4.4/examples/unittest_points.cxx
fltk/usr/share/doc/fltk-1.4.4/examples/fast_slow.fl
fltk/usr/share/doc/fltk-1.4.4/examples/file_chooser.cxx
fltk/usr/share/doc/fltk-1.4.4/examples/mandelbrot.cxx
fltk/usr/share/doc/fltk-1.4.4/examples/unittest_text.cxx
fltk/usr/share/doc/fltk-1.4.4/examples/line_style_docs.cxx
fltk/usr/share/doc/fltk-1.4.4/examples/color_chooser.cxx
fltk/usr/share/doc/fltk-1.4.4/examples/browser.cxx
fltk/usr/share/doc/fltk-1.4.4/examples/unittest_symbol.cxx
fltk/usr/share/doc/fltk-1.4.4/examples/keyboard.h
fltk/usr/share/doc/fltk-1.4.4/examples/preferences.h
fltk/usr/share/doc/fltk-1.4.4/examples/resize-example3b.cxx
fltk/usr/share/doc/fltk-1.4.4/examples/trackball.h
fltk/usr/share/doc/fltk-1.4.4/examples/handle_events.cxx
fltk/usr/share/doc/fltk-1.4.4/examples/tree.h
fltk/usr/share/doc/fltk-1.4.4/examples/mandelbrot_ui.cxx
fltk/usr/share/doc/fltk-1.4.4/examples/scroll.cxx
fltk/usr/share/doc/fltk-1.4.4/examples/resize-example5a.cxx
fltk/usr/share/doc/fltk-1.4.4/examples/editor.cxx
fltk/usr/share/doc/fltk-1.4.4/examples/resize-example2.cxx
fltk/usr/share/doc/fltk-1.4.4/examples/pack.cxx
fltk/usr/share/doc/fltk-1.4.4/examples/adjuster.cxx
fltk/usr/share/doc/fltk-1.4.4/examples/CubeViewUI.h
fltk/usr/share/doc/fltk-1.4.4/examples/tiled_image.cxx
fltk/usr/share/doc/fltk-1.4.4/examples/unittest_images.cxx
fltk/usr/share/doc/fltk-1.4.4/examples/inactive.h
fltk/usr/share/doc/fltk-1.4.4/examples/image.cxx
fltk/usr/share/doc/fltk-1.4.4/examples/resize-example4a.cxx
fltk/usr/share/doc/fltk-1.4.4/examples/contrast.cxx
fltk/usr/share/doc/fltk-1.4.4/examples/checkers.cxx
fltk/usr/share/doc/fltk-1.4.4/examples/pixmaps/
fltk/usr/share/doc/fltk-1.4.4/examples/pixmaps/tile.xpm
fltk/usr/share/doc/fltk-1.4.4/examples/pixmaps/magenta_bomb.xpm
fltk/usr/share/doc/fltk-1.4.4/examples/pixmaps/green.xpm
fltk/usr/share/doc/fltk-1.4.4/examples/pixmaps/green_bomb.xpm
fltk/usr/share/doc/fltk-1.4.4/examples/pixmaps/yellow.xpm
fltk/usr/share/doc/fltk-1.4.4/examples/pixmaps/magenta.xpm
fltk/usr/share/doc/fltk-1.4.4/examples/pixmaps/gray.xpm
fltk/usr/share/doc/fltk-1.4.4/examples/pixmaps/sudoku.xbm
fltk/usr/share/doc/fltk-1.4.4/examples/pixmaps/cyan_bomb.xpm
fltk/usr/share/doc/fltk-1.4.4/examples/pixmaps/yellow_bomb.xpm
fltk/usr/share/doc/fltk-1.4.4/examples/pixmaps/red.xpm
fltk/usr/share/doc/fltk-1.4.4/examples/pixmaps/porsche1.xpm
fltk/usr/share/doc/fltk-1.4.4/examples/pixmaps/blue.xpm
fltk/usr/share/doc/fltk-1.4.4/examples/pixmaps/blue_bomb.xpm
fltk/usr/share/doc/fltk-1.4.4/examples/pixmaps/sorceress.xbm
fltk/usr/share/doc/fltk-1.4.4/examples/pixmaps/porsche.xpm
fltk/usr/share/doc/fltk-1.4.4/examples/pixmaps/blast.xpm
fltk/usr/share/doc/fltk-1.4.4/examples/pixmaps/gray_bomb.xpm
fltk/usr/share/doc/fltk-1.4.4/examples/pixmaps/red_bomb.xpm
fltk/usr/share/doc/fltk-1.4.4/examples/pixmaps/cyan.xpm
fltk/usr/share/doc/fltk-1.4.4/examples/tabs.h
fltk/usr/share/doc/fltk-1.4.4/examples/resize-example5c.cxx
fltk/usr/share/doc/fltk-1.4.4/examples/fast_slow.cxx
fltk/usr/share/doc/fltk-1.4.4/examples/resize-example1.cxx
fltk/usr/share/doc/fltk-1.4.4/examples/radio.fl
fltk/usr/share/doc/fltk-1.4.4/examples/forms.cxx
fltk/usr/share/doc/fltk-1.4.4/examples/mandelbrot.h
fltk/usr/share/doc/fltk-1.4.4/examples/unittest_terminal.cxx
fltk/usr/share/doc/fltk-1.4.4/examples/sudoku.cxx
fltk/usr/share/doc/fltk-1.4.4/examples/flex_login.cxx
fltk/usr/share/doc/fltk-1.4.4/examples/curve.cxx
fltk/usr/share/doc/fltk-1.4.4/examples/resize.cxx
fltk/usr/share/doc/fltk-1.4.4/examples/unittests.cxx
fltk/usr/share/doc/fltk-1.4.4/examples/fonts.cxx
fltk/usr/share/doc/fltk-1.4.4/examples/arc.cxx
fltk/usr/share/doc/fltk-1.4.4/examples/inactive.fl
fltk/usr/share/doc/fltk-1.4.4/examples/shape.cxx
fltk/usr/share/doc/fltk-1.4.4/examples/resize-example5b.cxx
fltk/usr/share/doc/fltk-1.4.4/examples/rotated_text.cxx
fltk/usr/share/doc/fltk-1.4.4/examples/preferences.fl
fltk/usr/share/doc/fltk-1.4.4/examples/resize-arrows.h
fltk/usr/share/doc/fltk-1.4.4/examples/symbols.cxx
fltk/usr/share/doc/fltk-1.4.4/examples/fullscreen.cxx
fltk/usr/share/doc/fltk-1.4.4/examples/mandelbrot_ui.fl
fltk/usr/share/doc/fltk-1.4.4/examples/doublebuffer.cxx
fltk/usr/share/doc/fltk-1.4.4/examples/unittest_viewport.cxx
fltk/usr/share/doc/fltk-1.4.4/examples/radio.cxx
fltk/usr/share/doc/fltk-1.4.4/examples/overlay.cxx
fltk/usr/share/doc/fltk-1.4.4/examples/hello.cxx
fltk/usr/share/doc/fltk-1.4.4/examples/keyboard.cxx
fltk/usr/share/doc/fltk-1.4.4/examples/grid_buttons.cxx
fltk/usr/share/doc/fltk-1.4.4/examples/pixmap_browser.cxx
fltk/usr/share/doc/fltk-1.4.4/examples/unittest_schemes.cxx
fltk/usr/share/doc/fltk-1.4.4/examples/animated.cxx
fltk/usr/share/doc/fltk-1.4.4/examples/pixmap.cxx
fltk/usr/share/doc/fltk-1.4.4/examples/preferences.cxx
fltk/usr/share/doc/fltk-1.4.4/examples/inactive.cxx
fltk/usr/share/doc/fltk-1.4.4/examples/threads.h
fltk/usr/share/doc/fltk-1.4.4/examples/tabs.fl
fltk/usr/share/doc/fltk-1.4.4/examples/unittest_scrollbarsize.cxx
fltk/usr/share/doc/fltk-1.4.4/examples/keyboard_ui.h
fltk/usr/share/doc/fltk-1.4.4/examples/minimum.cxx
fltk/usr/share/doc/fltk-1.4.4/examples/iconize.cxx
fltk/usr/share/doc/fltk-1.4.4/examples/resize-arrows.cxx
fltk/usr/share/doc/fltk-1.4.4/examples/valuators.h
fltk/usr/share/doc/fltk-1.4.4/examples/terminal.h
fltk/usr/share/doc/fltk-1.4.4/examples/device.cxx
fltk/usr/share/doc/fltk-1.4.4/examples/terminal.cxx
fltk/usr/share/doc/fltk-1.4.4/examples/CubeViewUI.cxx
fltk/usr/share/doc/fltk-1.4.4/examples/offscreen.cxx
fltk/usr/share/doc/fltk-1.4.4/examples/blocks.cxx
fltk/usr/share/doc/fltk-1.4.4/examples/cursor.cxx
fltk/usr/share/doc/fltk-1.4.4/examples/cairo_test.cxx
fltk/usr/share/doc/fltk-1.4.4/examples/resize.h
fltk/usr/share/doc/fltk-1.4.4/examples/resize-example4b.cxx
fltk/usr/share/doc/fltk-1.4.4/examples/gl_overlay.cxx
fltk/usr/share/doc/fltk-1.4.4/examples/grid_alignment.cxx
fltk/usr/share/doc/fltk-1.4.4/examples/resizebox.cxx
fltk/usr/share/doc/fltk-1.4.4/examples/output.cxx
fltk/usr/share/doc/fltk-1.4.4/examples/menubar.cxx
fltk/usr/share/doc/fltk-1.4.4/examples/tile.cxx
fltk/usr/share/doc/fltk-1.4.4/examples/unittests.h
fltk/usr/share/doc/fltk-1.4.4/examples/message.cxx
fltk/usr/share/doc/fltk-1.4.4/examples/buttons.cxx
fltk/usr/share/doc/fltk-1.4.4/examples/CubeView.cxx
fltk/usr/share/doc/fltk-1.4.4/examples/valuators.fl
fltk/usr/share/doc/fltk-1.4.4/examples/line_style.cxx
fltk/usr/share/doc/fltk-1.4.4/examples/navigation.cxx
fltk/usr/share/doc/fltk-1.4.4/examples/input.cxx
fltk/usr/share/doc/fltk-1.4.4/examples/native-filechooser.cxx
fltk/usr/share/doc/fltk-1.4.4/examples/button.cxx
fltk/usr/share/doc/fltk-1.4.4/examples/glpuzzle.cxx
fltk/usr/share/doc/fltk-1.4.4/examples/fast_slow.h
fltk/usr/share/doc/fltk-1.4.4/examples/boxtype.cxx
fltk/usr/share/doc/fltk-1.4.4/examples/cube.cxx
fltk/usr/share/doc/fltk-1.4.4/examples/tree.cxx
fltk/usr/share/doc/fltk-1.4.4/examples/flex_demo.cxx
fltk/usr/lib/
fltk/usr/lib/libfltk_gl.so.1.4
fltk/usr/lib/libfltk_gl.so
fltk/usr/lib/libfltk_images.so
fltk/usr/lib/libfltk_forms.so.1.4
fltk/usr/lib/libfltk.so
fltk/usr/lib/libfltk.a
fltk/usr/lib/libfltk_images.so.1.4
fltk/usr/lib/libfltk_forms.so
fltk/usr/lib/libfltk_forms.a
fltk/usr/lib/libfltk_images.a
fltk/usr/lib/libfltk_gl.a
fltk/usr/lib/libfltk.so.1.4
fltk/usr/include/
fltk/usr/include/FL/
fltk/usr/include/FL/win32.H
fltk/usr/include/FL/Fl_Menu_Button.H
fltk/usr/include/FL/Fl_Menu_Bar.H
fltk/usr/include/FL/Fl_XBM_Image.H
fltk/usr/include/FL/Fl_Terminal.H
fltk/usr/include/FL/Fl_Check_Button.H
fltk/usr/include/FL/Fl_Browser.H
fltk/usr/include/FL/Fl_Float_Input.H
fltk/usr/include/FL/Fl_Hor_Fill_Slider.H
fltk/usr/include/FL/Fl_Adjuster.H
fltk/usr/include/FL/Fl_Object.H
fltk/usr/include/FL/wayland.H
fltk/usr/include/FL/Fl_Slider.H
fltk/usr/include/FL/Fl_Tooltip.H
fltk/usr/include/FL/fl_draw.H
fltk/usr/include/FL/Fl_Toggle_Round_Button.H
fltk/usr/include/FL/Fl_Chart.H
fltk/usr/include/FL/Fl_Repeat_Button.H
fltk/usr/include/FL/Fl_Overlay_Window.H
fltk/usr/include/FL/Fl_Help_Dialog.H
fltk/usr/include/FL/Fl_Text_Buffer.H
fltk/usr/include/FL/fl_string_functions.h
fltk/usr/include/FL/Fl_Select_Browser.H
fltk/usr/include/FL/Fl_Image.H
fltk/usr/include/FL/Fl_Single_Window.H
fltk/usr/include/FL/Fl_Sys_Menu_Bar.H
fltk/usr/include/FL/Fl_Scrollbar.H
fltk/usr/include/FL/Fl_Text_Editor.H
fltk/usr/include/FL/Fl_Scheme.H
fltk/usr/include/FL/fl_attr.h
fltk/usr/include/FL/Fl_Plugin.H
fltk/usr/include/FL/Fl_Anim_GIF_Image.H
fltk/usr/include/FL/Fl_File_Chooser.H
fltk/usr/include/FL/Fl_GIF_Image.H
fltk/usr/include/FL/names.h
fltk/usr/include/FL/Fl_Tree_Item_Array.H
fltk/usr/include/FL/Fl_Positioner.H
fltk/usr/include/FL/Fl_Widget.H
fltk/usr/include/FL/Fl_SVG_File_Surface.H
fltk/usr/include/FL/x.H
fltk/usr/include/FL/Fl_Export.H
fltk/usr/include/FL/forms.H
fltk/usr/include/FL/Fl_Clock.H
fltk/usr/include/FL/Fl_Counter.H
fltk/usr/include/FL/Fl_Value_Output.H
fltk/usr/include/FL/Fl_Hor_Value_Slider.H
fltk/usr/include/FL/filename.H
fltk/usr/include/FL/fl_ask.H
fltk/usr/include/FL/glut.H
fltk/usr/include/FL/Fl_Toggle_Button.H
fltk/usr/include/FL/gl_draw.H
fltk/usr/include/FL/fl_callback_macros.H
fltk/usr/include/FL/gl2opengl.h
fltk/usr/include/FL/Fl_Return_Button.H
fltk/usr/include/FL/Fl_Wizard.H
fltk/usr/include/FL/Fl_Hor_Slider.H
fltk/usr/include/FL/Fl_Input_.H
fltk/usr/include/FL/Fl_Value_Input.H
fltk/usr/include/FL/Fl_Tree.H
fltk/usr/include/FL/Fl_PostScript.H
fltk/usr/include/FL/Fl_Multiline_Output.H
fltk/usr/include/FL/Fl_Flex.H
fltk/usr/include/FL/Fl_Window.H
fltk/usr/include/FL/fl_types.h
fltk/usr/include/FL/Fl_Table.H
fltk/usr/include/FL/Fl_Radio_Round_Button.H
fltk/usr/include/FL/Fl_Menu_.H
fltk/usr/include/FL/Fl_Simple_Counter.H
fltk/usr/include/FL/Fl_Browser_.H
fltk/usr/include/FL/Fl_Output.H
fltk/usr/include/FL/Fl_Input.H
fltk/usr/include/FL/Fl_Printer.H
fltk/usr/include/FL/Fl_Tree_Prefs.H
fltk/usr/include/FL/glu.h
fltk/usr/include/FL/Fl_File_Input.H
fltk/usr/include/FL/Fl_Graphics_Driver.H
fltk/usr/include/FL/Fl_Secret_Input.H
fltk/usr/include/FL/Fl_File_Icon.H
fltk/usr/include/FL/platform.H
fltk/usr/include/FL/Fl_Int_Input.H
fltk/usr/include/FL/Fl_Rect.H
fltk/usr/include/FL/fl_show_colormap.H
fltk/usr/include/FL/Fl_BMP_Image.H
fltk/usr/include/FL/Fl_Roller.H
fltk/usr/include/FL/Fl_FormsBitmap.H
fltk/usr/include/FL/Fl_Menu.H
fltk/usr/include/FL/Fl_Color_Chooser.H
fltk/usr/include/FL/Fl_Native_File_Chooser.H
fltk/usr/include/FL/Fl_PDF_File_Surface.H
fltk/usr/include/FL/gl.h
fltk/usr/include/FL/Fl_RGB_Image.H
fltk/usr/include/FL/Fl_PNG_Image.H
fltk/usr/include/FL/Fl_Shortcut_Button.H
fltk/usr/include/FL/Fl_Cairo_Window.H
fltk/usr/include/FL/Fl_Scheme_Choice.H
fltk/usr/include/FL/Fl_Timer.H
fltk/usr/include/FL/Fl_Multiline_Input.H
fltk/usr/include/FL/Fl_Choice.H
fltk/usr/include/FL/Fl_Hold_Browser.H
fltk/usr/include/FL/Fl_SVG_Image.H
fltk/usr/include/FL/Fl_Spinner.H
fltk/usr/include/FL/Fl_Help_View.H
fltk/usr/include/FL/Fl_Progress.H
fltk/usr/include/FL/Fl_Line_Dial.H
fltk/usr/include/FL/Fl_Text_Display.H
fltk/usr/include/FL/Fl_Double_Window.H
fltk/usr/include/FL/Fl_XPM_Image.H
fltk/usr/include/FL/Fl_Tabs.H
fltk/usr/include/FL/Fl_Tile.H
fltk/usr/include/FL/x11.H
fltk/usr/include/FL/Fl_Grid.H
fltk/usr/include/FL/Fl_Pack.H
fltk/usr/include/FL/Fl.H
fltk/usr/include/FL/fl_message.H
fltk/usr/include/FL/Fl_Light_Button.H
fltk/usr/include/FL/platform_types.h
fltk/usr/include/FL/Fl_File_Browser.H
fltk/usr/include/FL/Fl_Scroll.H
fltk/usr/include/FL/Fl_Menu_Window.H
fltk/usr/include/FL/Fl_Radio_Light_Button.H
fltk/usr/include/FL/fl_casts.H
fltk/usr/include/FL/Fl_Tiled_Image.H
fltk/usr/include/FL/Fl_Box.H
fltk/usr/include/FL/Fl_PNM_Image.H
fltk/usr/include/FL/Fl_Valuator.H
fltk/usr/include/FL/Fl_ICO_Image.H
fltk/usr/include/FL/Fl_Widget_Surface.H
fltk/usr/include/FL/Fl_Multi_Browser.H
fltk/usr/include/FL/Fl_Bitmap.H
fltk/usr/include/FL/Fl_Fill_Slider.H
fltk/usr/include/FL/Fl_Group.H
fltk/usr/include/FL/Fl_Round_Button.H
fltk/usr/include/FL/Fl_Cairo.H
fltk/usr/include/FL/Fl_Tree_Item.H
fltk/usr/include/FL/Fl_Nice_Slider.H
fltk/usr/include/FL/Fl_Check_Browser.H
fltk/usr/include/FL/Fl_FormsPixmap.H
fltk/usr/include/FL/Enumerations.H
fltk/usr/include/FL/math.h
fltk/usr/include/FL/Fl_Dial.H
fltk/usr/include/FL/Fl_JPEG_Image.H
fltk/usr/include/FL/Fl_Free.H
fltk/usr/include/FL/Fl_Table_Row.H
fltk/usr/include/FL/Fl_Device.H
fltk/usr/include/FL/fl_config.h
fltk/usr/include/FL/Fl_Paged_Device.H
fltk/usr/include/FL/Fl_Menu_Item.H
fltk/usr/include/FL/Fl_Preferences.H
fltk/usr/include/FL/Fl_Gl_Window.H
fltk/usr/include/FL/Fl_Hor_Nice_Slider.H
fltk/usr/include/FL/Fl_Button.H
fltk/usr/include/FL/Fl_Copy_Surface.H
fltk/usr/include/FL/Fl_Round_Clock.H
fltk/usr/include/FL/Fl_Radio_Button.H
fltk/usr/include/FL/Fl_Input_Choice.H
fltk/usr/include/FL/Fl_Value_Slider.H
fltk/usr/include/FL/fl_show_input.H
fltk/usr/include/FL/Fl_Image_Surface.H
fltk/usr/include/FL/mac.H
fltk/usr/include/FL/Fl_Multi_Label.H
fltk/usr/include/FL/Fl_Pixmap.H
fltk/usr/include/FL/Fl_Fill_Dial.H
fltk/usr/include/FL/fl_utf8.h
fltk/usr/include/FL/Fl_Toggle_Light_Button.H
fltk/usr/include/FL/Fl_Shared_Image.H
fltk/usr/bin/
fltk/usr/bin/fluid
fltk/usr/bin/fltk-config
fltk/usr/bin/fltk-options
fltk/version
fltk/depends
