--2025-11-23 08:24:50--  https://github.com/xournalpp/xournalpp/archive/refs/tags/v1.2.8.tar.gz
Resolving github.com (github.com)... 140.82.112.3
Connecting to github.com (github.com)|140.82.112.3|:443... connected.
HTTP request sent, awaiting response... 302 Found
Location: https://codeload.github.com/xournalpp/xournalpp/tar.gz/refs/tags/v1.2.8 [following]
--2025-11-23 08:24:50--  https://codeload.github.com/xournalpp/xournalpp/tar.gz/refs/tags/v1.2.8
Resolving codeload.github.com (codeload.github.com)... 140.82.112.9
Connecting to codeload.github.com (codeload.github.com)|140.82.112.9|:443... connected.
HTTP request sent, awaiting response... 200 OK
Length: unspecified [application/x-gzip]
Saving to: ‘v1.2.8.tar.gz’

     0K .......... .......... .......... .......... .......... 1.86M
    50K .......... .......... .......... .......... .......... 4.12M
   100K .......... .......... .......... .......... .......... 64.8M
   150K .......... .......... .......... .......... .......... 4.28M
   200K .......... .......... .......... .......... .......... 89.2M
   250K .......... .......... .......... .......... .......... 2.08M
   300K .......... .......... .......... .......... .......... 85.2M
   350K .......... .......... .......... .......... .......... 4.21M
   400K .......... .......... .......... .......... .......... 4.04M
   450K .......... .......... .......... .......... .......... 84.4M
   500K .......... .......... .......... .......... .......... 4.21M
   550K .......... .......... .......... .......... .......... 4.21M
   600K .......... .......... .......... .......... .......... 4.12M
   650K .......... .......... .......... .......... .......... 78.8M
   700K .......... .......... .......... .......... .......... 4.27M
   750K .......... .......... .......... .......... ..........  152M
   800K .......... .......... .......... .......... .......... 4.17M
   850K .......... .......... .......... .......... ..........  129M
   900K .......... .......... .......... .......... ..........  144M
   950K .......... .......... .......... .......... .......... 4.27M
  1000K .......... .......... .......... .......... ..........  144M
  1050K .......... .......... .......... .......... .......... 4.21M
  1100K .......... .......... .......... .......... .......... 83.8M
  1150K .......... .......... .......... .......... ..........  197M
  1200K .......... .......... .......... .......... .......... 4.37M
  1250K .......... .......... .......... .......... ..........  129M
  1300K .......... .......... .......... .......... ..........  122M
  1350K .......... .......... .......... .......... ..........  156M
  1400K .......... .......... .......... .......... ..........  102M
  1450K .......... .......... .......... .......... .......... 4.54M
  1500K .......... .......... .......... .......... .......... 13.7M
  1550K .......... .......... .......... .......... ..........  168M
  1600K .......... .......... .......... .......... .......... 80.6M
  1650K .......... .......... .......... .......... .......... 7.05M
  1700K .......... .......... .......... .......... ..........  161M
  1750K .......... .......... .......... .......... .......... 86.2M
  1800K .......... .......... .......... .......... ..........  115M
  1850K .......... .......... .......... .......... .......... 16.3M
  1900K .......... .......... .......... .......... ..........  131M
  1950K .......... .......... .......... .......... ..........  122M
  2000K .......... .......... .......... .......... ..........  108M
  2050K .......... .......... .......... .......... .......... 7.44M
  2100K .......... .......... .......... .......... ..........  111M
  2150K .......... .......... .......... .......... .......... 95.4M
  2200K .......... .......... .......... .......... ..........  112M
  2250K .......... .......... .......... .......... .......... 92.3M
  2300K .......... .......... .......... .......... .......... 20.9M
  2350K .......... .......... .......... .......... .......... 84.6M
  2400K .......... .......... .......... .......... .......... 14.0M
  2450K .......... .......... .......... .......... .......... 12.9M
  2500K .......... .......... .......... .......... .......... 89.3M
  2550K .......... .......... .......... .......... ..........  106M
  2600K .......... .......... .......... .......... .......... 94.8M
  2650K .......... .......... .......... .......... ..........  112M
  2700K .......... .......... .......... .......... ..........  103M
  2750K .......... .......... .......... .......... ..........  113M
  2800K .......... .......... .......... .......... .......... 55.1M
  2850K .......... .......... .......... .......... .......... 71.9M
  2900K .......... .......... .......... .......... .......... 88.0M
  2950K .......... .......... .......... .......... ..........  106M
  3000K .......... .......... .......... .......... .......... 19.6M
  3050K .......... .......... .......... .......... .......... 88.3M
  3100K .......... .......... .......... .......... .......... 15.3M
  3150K .......... .......... .......... .......... ..........  102M
  3200K .......... .......... .......... .......... .......... 69.0M
  3250K .......... .......... .......... .......... .......... 15.3M
  3300K .......... .......... .......... .......... .......... 86.6M
  3350K .......... .......... .......... .......... ..........  110M
  3400K .......... .......... .......... .......... .......... 98.3M
  3450K .......... .......... .......... .......... ..........  113M
  3500K .......... .......... .......... .......... ..........  248M
  3550K .......... .......... .......... .......... .......... 24.2M
  3600K .......... .......... .......... .......... .......... 30.6M
  3650K .......... .......... .......... .......... .......... 54.7M
  3700K .......... .......... .......... .......... ..........  103M
  3750K .......... .......... .......... .......... .......... 97.6M
  3800K .......... .......... .......... .......... .......... 1.70M
  3850K .......... .......... .......... .......... .......... 88.0M
  3900K .......... .......... .......... .......... .......... 89.2M
  3950K .......... .......... .......... .......... ..........  108M
  4000K .......... .......... .......... .......... .......... 6.58M
  4050K .......... .......... .......... .......... .......... 1.53M
  4100K .......... .......... .......... .......... .......... 96.5M
  4150K .......... .......... .......... .......... ..........  105M
  4200K .......... .......... .......... .......... .......... 99.5M
  4250K .......... .......... .......... .......... ..........  117M
  4300K .......... .......... .......... .......... ..........  102M
  4350K .......... .......... .......... .......... .......... 7.42M
  4400K .......... .......... .......... .......... .......... 74.3M
  4450K .......... .......... .......... .......... ..........  114M
  4500K .......... .......... .......... .......... .......... 86.4M
  4550K .......... .......... .......... .......... ..........  112M
  4600K .......... .......... .......... .......... .......... 7.86M
  4650K .......... .......... .......... .......... ..........  104M
  4700K .......... .......... .......... .......... .......... 85.6M
  4750K .......... .......... .......... .......... ..........  116M
  4800K .......... .......... .......... .......... ..........  103M
  4850K .......... .......... .......... .......... .......... 5.11M
  4900K .......... .......... .......... .......... .......... 98.0M
  4950K .......... .......... .......... .......... .......... 4.45M
  5000K .......... .......... .......... .......... .......... 84.1M
  5050K .......... .......... .......... .......... .......... 81.6M
  5100K .......... .......... .......... .......... ..........  234M
  5150K .......... .......... .......... .......... .......... 84.6M
  5200K .......... .......... .......... .......... .......... 95.3M
  5250K .......... .......... .......... .......... ..........  200M
  5300K .......... .......... .......... .......... .......... 86.7M
  5350K .......... .......... .......... .......... ..........  142M
  5400K .......... .......... .......... .......... .......... 78.9M
  5450K .......... .......... .......... .......... ..........  109M
  5500K .......... .......... .......... .......... ..........  103M
  5550K .......... .......... .......... .......... ..........  114M
  5600K .......... .......... .......... .......... .......... 6.65M
  5650K .......... .......... .......... .......... ..........  110M
  5700K .......... .......... .......... .......... .......... 90.3M
  5750K .......... .......... .......... .......... .......... 48.5M
  5800K .......... .......... .......... .......... .......... 75.2M
  5850K .......... .......... .......... .......... .......... 6.47M
  5900K .......... .......... .......... .......... .......... 99.5M
  5950K .......... .......... .......... .......... .......... 96.5M
  6000K .......... .......... .......... .......... ..........  155M
  6050K .......... .......... .......... .......... ..........  211M
  6100K .......... .......... .......... .......... .......... 12.4M
  6150K .......... .......... .......... .......... ..........  134M
  6200K .......... .......... .......... .......... ..........  102M
  6250K .......... .......... .......... .......... .......... 98.3M
  6300K .......... .......... .......... .......... ..........  103M
  6350K .......... .......... .......... .......... ..........  105M
  6400K .......... .......... .......... .......... .......... 7.24M
  6450K .......... .......... .......... .......... .......... 80.9M
  6500K .......... .......... .......... .......... ..........  110M
  6550K .......... .......... .......... .......... ..........  102M
  6600K .......... .......... .......... .......... ..........  111M
  6650K .......... .......... .......... .......... .......... 7.94M
  6700K .......... .......... .......... .......... .......... 89.8M
  6750K .......... .......... .......... .......... ..........  115M
  6800K .......... .......... .......... .......... ..........  109M
  6850K .......... .......... .......... .......... ..........  130M
  6900K .......... .......... .......... .......... .......... 7.47M
  6950K .......... .......... .......... .......... .......... 69.8M
  7000K .......... .......... .......... .......... .......... 67.3M
  7050K .......... .......... .......... .......... .......... 90.2M
  7100K .......... .......... .......... .......... ..........  113M
  7150K .......... .......... .......... .......... .......... 9.40M
  7200K .......... .......... .......... .......... .......... 63.3M
  7250K .......... .......... .......... .......... .......... 59.8M
  7300K .......... .......... .......... .......... .......... 88.5M
  7350K .......... .......... .......... .......... ..........  163M
  7400K .......... .......... .......... .......... .......... 9.25M
  7450K .......... .......... .......... .......... .......... 60.4M
  7500K .......... .......... .......... .......... .......... 65.6M
  7550K .......... .......... .......... .......... .......... 87.6M
  7600K .......... .......... .......... .......... ..........  110M
  7650K .......... .......... .......... .......... .......... 9.77M
  7700K .......... .......... .......... .......... .......... 66.2M
  7750K .......... .......... .......... .......... .......... 73.7M
  7800K .......... .......... .......... .......... .......... 76.5M
  7850K .......... .......... .......... .......... .......... 90.4M
  7900K .......... .......... .......... .......... .......... 9.83M
  7950K .......... .......... .......... .......... .......... 55.0M
  8000K .......... .......... .......... .......... .......... 84.9M
  8050K .......... .......... .......... .......... .......... 71.2M
  8100K .......... .......... .......... .......... ..........  116M
  8150K .......... .......... .......... .......... .......... 9.19M
  8200K .......... .......... .......... .......... .......... 66.6M
  8250K .......... .......... .......... .......... .......... 66.5M
  8300K .......... .......... .......... .......... .......... 73.0M
  8350K .......... .......... .......... .......... ..........  112M
  8400K .......... .......... .......... .......... .......... 9.21M
  8450K .......... .......... .......... .......... .......... 60.3M
  8500K .......... .......... .......... .......... .......... 77.0M
  8550K .......... .......... .......... .......... .......... 74.6M
  8600K .......... .......... .......... .......... ..........  118M
  8650K .......... .......... .......... .......... ..........  112M
  8700K .......... .......... .......... .......... .......... 6.37M
  8750K .......... .......... .......... .......... .......... 78.5M
  8800K .......... .......... .......... .......... .......... 35.4M
  8850K .......... .......... .......... .......... .......... 77.8M
  8900K .......... .......... .......... .......... .......... 93.5M
  8950K .......... .......... .......... .......... .......... 17.8M
  9000K .......... .......... .......... .......... .......... 65.0M
  9050K .......... .......... .......... .......... .......... 27.2M
  9100K .......... .......... .......... .......... .......... 70.9M
  9150K .......... .......... .......... .......... .......... 81.8M
  9200K .......... .......... .......... .......... .......... 13.0M
  9250K .......... .......... .......... .......... .......... 71.7M
  9300K .......... .......... .......... .......... .......... 76.0M
  9350K .......... .......... .......... .......... .......... 82.5M
  9400K .......... .......... .......... .......... ..........  115M
  9450K .......... .......... .......... .......... .......... 8.37M
  9500K .......... .......... .......... .......... .......... 83.0M
  9550K .......... .......... .......... .......... .......... 76.1M
  9600K .......... .......... .......... .......... .......... 78.1M
  9650K .......... .......... .......... .......... ..........  119M
  9700K .......... .......... .......... .......... .......... 9.35M
  9750K .......... .......... .......... .......... .......... 74.8M
  9800K .......... .......... .......... .......... .......... 78.8M
  9850K .......... .......... .......... .......... ..........  107M
  9900K .......... .......... .......... .......... .......... 24.1M
  9950K .......... .......... .......... .......... .......... 2.93M
 10000K .......... .......... .......... .......... .......... 94.0M
 10050K .......... .......... .......... .......... .......... 96.3M
 10100K .......... .......... .......... .......... .......... 96.9M
 10150K .......... .......... .......... .......... ..........  109M
 10200K .......... .......... .......... .......... .......... 8.35M
 10250K .......... .......... .......... .......... .......... 98.9M
 10300K .......... .......... .......... .......... .......... 96.5M
 10350K .......... .......... .......... .......... ..........  113M
 10400K .......... .......... .......... .......... .......... 92.0M
 10450K .......... .......... .......... .......... .......... 5.77M
 10500K .......... .......... .......... .......... .......... 68.8M
 10550K .......... .......... .......... .......... ..........  110M
 10600K .......... .......... .......... .......... ..........  108M
 10650K .......... .......... .......... .......... ..........  274M
 10700K .......... .......... .......... .......... .......... 75.3M
 10750K .......... .......... .......... .......... .......... 12.4M
 10800K .......... .......... .......... .......... ..........  112M
 10850K .......... .......... .......... .......... ..........  107M
 10900K .......... .......... .......... .......... ..........  101M
 10950K .......... .......... .......... .......... ..........  111M
 11000K .......... .......... .......... .......... .......... 8.03M
 11050K .......... .......... .......... .......... .......... 99.8M
 11100K .......... .......... .......... .......... .......... 95.8M
 11150K .......... .......... .......... .......... ..........  106M
 11200K .......... .......... .......... .......... ..........  111M
 11250K .......... .......... .......... .......... .......... 8.35M
 11300K .......... .......... .......... .......... .......... 94.7M
 11350K .......... .......... .......... .......... ..........  105M
 11400K .......... .......... .......... .......... .......... 86.0M
 11450K .......... .......... .......... .......... ..........  112M
 11500K .......... .......... .......... .......... .......... 7.87M
 11550K .......... .......... .......... .......... .......... 99.3M
 11600K .......... .......... .......... .......... ..........  106M
 11650K .......... .......... .......... .......... .......... 89.0M
 11700K .......... .......... .......... .......... ..........  107M
 11750K .......... .......... .......... .......... .......... 8.41M
 11800K .......... .......... .......... .......... .......... 68.6M
 11850K .......... .......... .......... .......... .......... 17.4M
 11900K .......... .......... .......... .......... .......... 78.1M
 11950K .......... .......... .......... .......... .......... 88.1M
 12000K .......... .......... .......... .......... .......... 13.4M
 12050K .......... .......... .......... .......... .......... 94.1M
 12100K .......... .......... .......... .......... .......... 95.1M
 12150K .......... .......... .......... .......... ..........  105M
 12200K .......... .......... .......... .......... .......... 97.6M
 12250K .......... .......... .......... .......... .......... 7.15M
 12300K .......... .......... .......... .......... .......... 96.7M
 12350K .......... .......... .......... .......... ..........  102M
 12400K .......... .......... .......... .......... .......... 98.8M
 12450K .......... .......... .......... .......... ..........  101M
 12500K .......... .......... .......... .......... .......... 9.25M
 12550K .......... .......... .......... .......... .......... 96.3M
 12600K .......... .......... .......... .......... .......... 84.6M
 12650K .......... .......... .......... .......... ..........  103M
 12700K .......... .......... .......... .......... .......... 84.3M
 12750K .......... .......... .......... .......... ..........  109M
 12800K .......... .......... .......... .......... .......... 6.72M
 12850K .......... .......... .......... .......... .......... 96.0M
 12900K .......... .......... .......... .......... .......... 93.2M
 12950K .......... .......... .......... .......... .......... 97.7M
 13000K .......... .......... .......... .......... ..........  115M
 13050K .......... .......... .......... .......... .......... 12.4M
 13100K .......... .......... .......... .......... .......... 70.0M
 13150K .......... .......... .......... .......... .......... 82.8M
 13200K .......... .......... .......... .......... ..........  100M
 13250K .......... .......... .......... .......... ..........  116M
 13300K .......... .......... .......... .......... .......... 7.42M
 13350K .......... .......... .......... .......... .......... 98.7M
 13400K .......... .......... .......... .......... .......... 98.4M
 13450K .......... .......... .......... .......... ..........  206M
 13500K .......... .......... .......... .......... ..........  153M
 13550K .......... .......... .......... .......... .......... 9.75M
 13600K .......... .......... .......... .......... ..........  101M
 13650K .......... .......... .......... .......... .......... 85.6M
 13700K .......... .......... .......... .......... .......... 95.5M
 13750K .......... .......... .......... .......... .......... 87.0M
 13800K .......... .......... .......... .......... .......... 6.72M
 13850K .......... .......... .......... .......... .......... 87.0M
 13900K .......... .......... .......... .......... ..........  102M
 13950K .......... .......... .......... .......... ..........  187M
 14000K .......... .......... .......... .......... ..........  114M
 14050K .......... .......... .......... .......... .......... 9.14M
 14100K .......... .......... .......... .......... .......... 80.6M
 14150K .......... .......... .......... .......... ..........  103M
 14200K .......... .......... .......... .......... .......... 88.8M
 14250K .......... .......... .......... .......... ..........  104M
 14300K .......... .......... .......... .......... .......... 8.99M
 14350K .......... .......... .......... .......... .......... 94.2M
 14400K .......... .......... .......... .......... .......... 85.9M
 14450K .......... .......... .......... .......... ..........  102M
 14500K .......... .......... .......... .......... .......... 89.4M
 14550K .......... .......... .......... .......... .......... 8.68M
 14600K .......... .......... .......... .......... .......... 65.8M
 14650K .......... .......... .......... .......... .......... 74.1M
 14700K .......... .......... .......... .......... ..........  100M
 14750K .......... .......... .......... .......... .......... 92.9M
 14800K .......... .......... .......... .......... .......... 9.78M
 14850K .......... .......... .......... .......... .......... 62.6M
 14900K .......... .......... .......... .......... .......... 90.7M
 14950K .......... .......... .......... .......... .......... 97.0M
 15000K .......... .......... .......... .......... ..........  102M
 15050K .......... .......... .......... .......... ..........  116M
 15100K .......... .......... .......... .......... .......... 8.49M
 15150K .......... .......... .......... .......... .......... 82.1M
 15200K .......... .......... .......... .......... .......... 98.7M
 15250K .......... .......... .......... .......... .......... 97.8M
 15300K .......... .......... .......... .......... ..........  114M
 15350K .......... .......... .......... .......... .......... 4.79M
 15400K .......... .......... .......... .......... .......... 51.1M
 15450K .......... .......... .......... .......... .......... 16.7M
 15500K .......... .......... .......... .......... .......... 86.5M
 15550K .......... .......... .......... .......... ..........  101M
 15600K .......... .......... .......... .......... .......... 84.3M
 15650K .......... .......... .......... .......... .......... 93.1M
 15700K .......... .......... .......... .......... .......... 98.8M
 15750K .......... .......... .......... .......... .......... 88.2M
 15800K .......... .......... .......... .......... ..........  104M
 15850K .......... .......... .......... .......... .......... 12.0M
 15900K .......... .......... .......... .......... .......... 81.1M
 15950K .......... .......... .......... .......... .......... 98.4M
 16000K .......... .......... .......... .......... .......... 91.5M
 16050K .......... .......... .......... .......... ..........  114M
 16100K .......... .......... .......... .......... .......... 2.92M
 16150K .......... .......... .......... .......... .......... 22.6M
 16200K .......... .......... .......... .......... .......... 17.2M
 16250K .......... .......... .......... .......... .......... 71.7M
 16300K .......... .......... .......... .......... ..........  110M
 16350K .......... .......... .......... .......... .......... 7.05M
 16400K .......... .......... .......... .......... .......... 78.1M
 16450K .......... .......... ........                         9.01M=0.8s

2025-11-23 08:24:51 (21.3 MB/s) - ‘v1.2.8.tar.gz’ saved [16874174]

xournalpp-1.2.8/
xournalpp-1.2.8/.clang-format
xournalpp-1.2.8/.clang-tidy
xournalpp-1.2.8/.editorconfig
xournalpp-1.2.8/.git-blame-ignore-revs
xournalpp-1.2.8/.github/
xournalpp-1.2.8/.github/ISSUE_TEMPLATE/
xournalpp-1.2.8/.github/ISSUE_TEMPLATE/bug_report.md
xournalpp-1.2.8/.github/ISSUE_TEMPLATE/feature_request.md
xournalpp-1.2.8/.github/ISSUE_TEMPLATE/input-related-bug-report.md
xournalpp-1.2.8/.github/actions/
xournalpp-1.2.8/.github/actions/build/
xournalpp-1.2.8/.github/actions/build/action.yml
xournalpp-1.2.8/.github/actions/install_deps_mac/
xournalpp-1.2.8/.github/actions/install_deps_mac/action.yml
xournalpp-1.2.8/.github/actions/install_deps_ubuntu/
xournalpp-1.2.8/.github/actions/install_deps_ubuntu/action.yml
xournalpp-1.2.8/.github/actions/install_deps_windows/
xournalpp-1.2.8/.github/actions/install_deps_windows/action.yml
xournalpp-1.2.8/.github/available-build-targets.json
xournalpp-1.2.8/.github/workflows/
xournalpp-1.2.8/.github/workflows/cache-macos-deps.yml
xournalpp-1.2.8/.github/workflows/clang-format-applied.yml
xournalpp-1.2.8/.github/workflows/continuous-integration.yml
xournalpp-1.2.8/.github/workflows/create-installers.yml
xournalpp-1.2.8/.github/workflows/create-release.yml
xournalpp-1.2.8/.github/workflows/download-translations-from-crowdin.yml
xournalpp-1.2.8/.github/workflows/make-installer-linux.yml
xournalpp-1.2.8/.github/workflows/make-installer-macos.yml
xournalpp-1.2.8/.github/workflows/make-installer-windows.yml
xournalpp-1.2.8/.github/workflows/trigger-create-installers-from-comment-on-pr.yml
xournalpp-1.2.8/.github/workflows/upload-translatable-strings-to-crowdin.yml
xournalpp-1.2.8/.gitignore
xournalpp-1.2.8/ABOUT-NLS
xournalpp-1.2.8/AUTHORS
xournalpp-1.2.8/CHANGELOG.md
xournalpp-1.2.8/CMakeLists.txt
xournalpp-1.2.8/CONTRIBUTING.md
xournalpp-1.2.8/Doxyfile
xournalpp-1.2.8/LICENSE
xournalpp-1.2.8/README.md
xournalpp-1.2.8/appimagecraft.yml
xournalpp-1.2.8/cmake/
xournalpp-1.2.8/cmake/README.md
xournalpp-1.2.8/cmake/VERSION.in
xournalpp-1.2.8/cmake/cmake_uninstall.cmake.in
xournalpp-1.2.8/cmake/find/
xournalpp-1.2.8/cmake/find/FindCXX17.cmake
xournalpp-1.2.8/cmake/find/FindFilesystem.cmake
xournalpp-1.2.8/cmake/find/Gettext.cmake
xournalpp-1.2.8/cmake/include/
xournalpp-1.2.8/cmake/include/Copyright.txt
xournalpp-1.2.8/cmake/include/GitRepo.cmake
xournalpp-1.2.8/cmake/include/Version.cmake
xournalpp-1.2.8/cmake/include/clang-tidy.cmake
xournalpp-1.2.8/cmake/postinst.in
xournalpp-1.2.8/copyright.txt
xournalpp-1.2.8/crowdin.yml
xournalpp-1.2.8/debian/
xournalpp-1.2.8/debian/.gitignore
xournalpp-1.2.8/debian/changelog
xournalpp-1.2.8/debian/compat
xournalpp-1.2.8/debian/control
xournalpp-1.2.8/debian/copyright
xournalpp-1.2.8/debian/docs
xournalpp-1.2.8/debian/links
xournalpp-1.2.8/debian/rules
xournalpp-1.2.8/debian/source/
xournalpp-1.2.8/debian/source/format
xournalpp-1.2.8/desktop/
xournalpp-1.2.8/desktop/com.github.xournalpp.xournalpp.appdata.xml
xournalpp-1.2.8/desktop/com.github.xournalpp.xournalpp.desktop
xournalpp-1.2.8/desktop/com.github.xournalpp.xournalpp.thumbnailer
xournalpp-1.2.8/desktop/com.github.xournalpp.xournalpp.xml
xournalpp-1.2.8/development/
xournalpp-1.2.8/development/README
xournalpp-1.2.8/development/documentation/
xournalpp-1.2.8/development/documentation/README-Eraser-and-padded-box.pdf
xournalpp-1.2.8/development/documentation/README-Eraser-and-padded-box.xopp
xournalpp-1.2.8/development/documentation/Setsquare_Readme.md
xournalpp-1.2.8/development/documentation/Setsquare_angular.png
xournalpp-1.2.8/development/documentation/Setsquare_annotations.xopp
xournalpp-1.2.8/development/documentation/Setsquare_horizontal.png
xournalpp-1.2.8/development/documentation/Setsquare_variables.png
xournalpp-1.2.8/development/documentation/Setsquare_vertical.png
xournalpp-1.2.8/development/documentation/wiki/
xournalpp-1.2.8/development/documentation/wiki/Xournalpp.png
xournalpp-1.2.8/development/valgrind/
xournalpp-1.2.8/development/valgrind/commad
xournalpp-1.2.8/development/valgrind/gtk.suppression
xournalpp-1.2.8/linux-setup/
xournalpp-1.2.8/linux-setup/build_appimage.sh
xournalpp-1.2.8/mac-setup/
xournalpp-1.2.8/mac-setup/.gitignore
xournalpp-1.2.8/mac-setup/CI_jhbuild.sh
xournalpp-1.2.8/mac-setup/Info.plist
xournalpp-1.2.8/mac-setup/build-app.sh
xournalpp-1.2.8/mac-setup/build-dmg.sh
xournalpp-1.2.8/mac-setup/complete-build.sh
xournalpp-1.2.8/mac-setup/icon/
xournalpp-1.2.8/mac-setup/icon/Icon1024.png
xournalpp-1.2.8/mac-setup/icon/create-icns.sh
xournalpp-1.2.8/mac-setup/icon/xournalpp.icns
xournalpp-1.2.8/mac-setup/jhbuild-version.lock
xournalpp-1.2.8/mac-setup/xournalpp.bundle
xournalpp-1.2.8/mac-setup/xournalpp.modules
xournalpp-1.2.8/man/
xournalpp-1.2.8/man/CMakeLists.txt
xournalpp-1.2.8/man/extra.groff
xournalpp-1.2.8/package_description
xournalpp-1.2.8/plugins/
xournalpp-1.2.8/plugins/ColorCycle/
xournalpp-1.2.8/plugins/ColorCycle/main.lua
xournalpp-1.2.8/plugins/ColorCycle/plugin.ini
xournalpp-1.2.8/plugins/Example/
xournalpp-1.2.8/plugins/Example/main.lua
xournalpp-1.2.8/plugins/Example/plugin.ini
xournalpp-1.2.8/plugins/Example/var_dump.lua
xournalpp-1.2.8/plugins/Export/
xournalpp-1.2.8/plugins/Export/main.lua
xournalpp-1.2.8/plugins/Export/plugin.ini
xournalpp-1.2.8/plugins/HighlightPosition/
xournalpp-1.2.8/plugins/HighlightPosition/main.lua
xournalpp-1.2.8/plugins/HighlightPosition/plugin.ini
xournalpp-1.2.8/plugins/LayerActions/
xournalpp-1.2.8/plugins/LayerActions/main.lua
xournalpp-1.2.8/plugins/LayerActions/plugin.ini
xournalpp-1.2.8/plugins/MigrateFontSizes/
xournalpp-1.2.8/plugins/MigrateFontSizes/dialog.glade
xournalpp-1.2.8/plugins/MigrateFontSizes/main.lua
xournalpp-1.2.8/plugins/MigrateFontSizes/plugin.ini
xournalpp-1.2.8/plugins/QuickScreenshot/
xournalpp-1.2.8/plugins/QuickScreenshot/main.lua
xournalpp-1.2.8/plugins/QuickScreenshot/plugin.ini
xournalpp-1.2.8/plugins/ToggleGrid/
xournalpp-1.2.8/plugins/ToggleGrid/plugin.ini
xournalpp-1.2.8/plugins/ToggleGrid/togglegrid.lua
xournalpp-1.2.8/po/
xournalpp-1.2.8/po/.gitignore
xournalpp-1.2.8/po/CMakeLists.txt
xournalpp-1.2.8/po/README.md
xournalpp-1.2.8/po/af_ZA.po
xournalpp-1.2.8/po/ar.po
xournalpp-1.2.8/po/bn_BD.po
xournalpp-1.2.8/po/ca.po
xournalpp-1.2.8/po/cs.po
xournalpp-1.2.8/po/da.po
xournalpp-1.2.8/po/de.po
xournalpp-1.2.8/po/el.po
xournalpp-1.2.8/po/en_GB.po
xournalpp-1.2.8/po/eo_UY.po
xournalpp-1.2.8/po/es.po
xournalpp-1.2.8/po/eu.po
xournalpp-1.2.8/po/fi.po
xournalpp-1.2.8/po/fr.po
xournalpp-1.2.8/po/gl.po
xournalpp-1.2.8/po/he.po
xournalpp-1.2.8/po/hi.po
xournalpp-1.2.8/po/hu.po
xournalpp-1.2.8/po/id.po
xournalpp-1.2.8/po/it.po
xournalpp-1.2.8/po/ja.po
xournalpp-1.2.8/po/ko.po
xournalpp-1.2.8/po/ml_IN.po
xournalpp-1.2.8/po/nl.po
xournalpp-1.2.8/po/no.po
xournalpp-1.2.8/po/pl.po
xournalpp-1.2.8/po/pt_BR.po
xournalpp-1.2.8/po/pt_PT.po
xournalpp-1.2.8/po/ro.po
xournalpp-1.2.8/po/ru.po
xournalpp-1.2.8/po/si_LK.po
xournalpp-1.2.8/po/sl_SI.po
xournalpp-1.2.8/po/sv.po
xournalpp-1.2.8/po/ta_IN.po
xournalpp-1.2.8/po/th.po
xournalpp-1.2.8/po/tr.po
xournalpp-1.2.8/po/uk_UA.po
xournalpp-1.2.8/po/vi.po
xournalpp-1.2.8/po/xournalpp.pot
xournalpp-1.2.8/po/zh.po
xournalpp-1.2.8/po/zh_HK.po
xournalpp-1.2.8/po/zh_TW.po
xournalpp-1.2.8/readme/
xournalpp-1.2.8/readme/Compile.md
xournalpp-1.2.8/readme/LinuxBuild.md
xournalpp-1.2.8/readme/MacBuild.md
xournalpp-1.2.8/readme/Releases.md
xournalpp-1.2.8/readme/WindowsBuild.md
xournalpp-1.2.8/readme/WindowsBuildArm.md
xournalpp-1.2.8/readme/background.png
xournalpp-1.2.8/readme/floatingtoolbox.png
xournalpp-1.2.8/readme/floatingtoolboxmbmenu.png
xournalpp-1.2.8/readme/layer.png
xournalpp-1.2.8/readme/main-mac.png
xournalpp-1.2.8/readme/main-win.png
xournalpp-1.2.8/readme/main.png
xournalpp-1.2.8/readme/moreexperimentals.png
xournalpp-1.2.8/readme/toolbar.png
xournalpp-1.2.8/resources/
xournalpp-1.2.8/resources/default_template.tex
xournalpp-1.2.8/resources/legacy_template.tex
xournalpp-1.2.8/rpm/
xournalpp-1.2.8/rpm/fedora/
xournalpp-1.2.8/rpm/fedora/xournalpp.spec
xournalpp-1.2.8/scripts/
xournalpp-1.2.8/scripts/color-names
xournalpp-1.2.8/scripts/compare_license.py
xournalpp-1.2.8/scripts/release_helper.sh
xournalpp-1.2.8/src/
xournalpp-1.2.8/src/CMakeLists.txt
xournalpp-1.2.8/src/TODO
xournalpp-1.2.8/src/config-debug.h.in
xournalpp-1.2.8/src/config-dev.h.in
xournalpp-1.2.8/src/config-features.h.in
xournalpp-1.2.8/src/config-git.h.in
xournalpp-1.2.8/src/config-paths.h.in
xournalpp-1.2.8/src/config.h.in
xournalpp-1.2.8/src/core/
xournalpp-1.2.8/src/core/CMakeLists.txt
xournalpp-1.2.8/src/core/audio/
xournalpp-1.2.8/src/core/audio/AudioPlayer.cpp
xournalpp-1.2.8/src/core/audio/AudioPlayer.h
xournalpp-1.2.8/src/core/audio/AudioQueue.h
xournalpp-1.2.8/src/core/audio/AudioRecorder.cpp
xournalpp-1.2.8/src/core/audio/AudioRecorder.h
xournalpp-1.2.8/src/core/audio/DeviceInfo.cpp
xournalpp-1.2.8/src/core/audio/DeviceInfo.h
xournalpp-1.2.8/src/core/audio/PortAudioConsumer.cpp
xournalpp-1.2.8/src/core/audio/PortAudioConsumer.h
xournalpp-1.2.8/src/core/audio/PortAudioProducer.cpp
xournalpp-1.2.8/src/core/audio/PortAudioProducer.h
xournalpp-1.2.8/src/core/audio/SNDFileCpp.h
xournalpp-1.2.8/src/core/audio/VorbisConsumer.cpp
xournalpp-1.2.8/src/core/audio/VorbisConsumer.h
xournalpp-1.2.8/src/core/audio/VorbisProducer.cpp
xournalpp-1.2.8/src/core/audio/VorbisProducer.h
xournalpp-1.2.8/src/core/control/
xournalpp-1.2.8/src/core/control/Actions.cpp
xournalpp-1.2.8/src/core/control/Actions.h
xournalpp-1.2.8/src/core/control/AudioController.cpp
xournalpp-1.2.8/src/core/control/AudioController.h
xournalpp-1.2.8/src/core/control/ClipboardHandler.cpp
xournalpp-1.2.8/src/core/control/ClipboardHandler.h
xournalpp-1.2.8/src/core/control/CompassController.cpp
xournalpp-1.2.8/src/core/control/CompassController.h
xournalpp-1.2.8/src/core/control/Control.cpp
xournalpp-1.2.8/src/core/control/Control.h
xournalpp-1.2.8/src/core/control/CrashHandler.cpp
xournalpp-1.2.8/src/core/control/CrashHandler.h
xournalpp-1.2.8/src/core/control/CrashHandlerUnix.h
xournalpp-1.2.8/src/core/control/CrashHandlerWindows.h
xournalpp-1.2.8/src/core/control/DeviceListHelper.cpp
xournalpp-1.2.8/src/core/control/DeviceListHelper.h
xournalpp-1.2.8/src/core/control/ExportHelper.cpp
xournalpp-1.2.8/src/core/control/ExportHelper.h
xournalpp-1.2.8/src/core/control/FullscreenHandler.cpp
xournalpp-1.2.8/src/core/control/FullscreenHandler.h
xournalpp-1.2.8/src/core/control/GeometryToolController.cpp
xournalpp-1.2.8/src/core/control/GeometryToolController.h
xournalpp-1.2.8/src/core/control/LatexController.cpp
xournalpp-1.2.8/src/core/control/LatexController.h
xournalpp-1.2.8/src/core/control/PageBackgroundChangeController.cpp
xournalpp-1.2.8/src/core/control/PageBackgroundChangeController.h
xournalpp-1.2.8/src/core/control/PdfCache.cpp
xournalpp-1.2.8/src/core/control/PdfCache.h
xournalpp-1.2.8/src/core/control/PrintHandler.cpp
xournalpp-1.2.8/src/core/control/PrintHandler.h
xournalpp-1.2.8/src/core/control/RecentManager.cpp
xournalpp-1.2.8/src/core/control/RecentManager.h
xournalpp-1.2.8/src/core/control/ScrollHandler.cpp
xournalpp-1.2.8/src/core/control/ScrollHandler.h
xournalpp-1.2.8/src/core/control/SearchControl.cpp
xournalpp-1.2.8/src/core/control/SearchControl.h
xournalpp-1.2.8/src/core/control/SetsquareController.cpp
xournalpp-1.2.8/src/core/control/SetsquareController.h
xournalpp-1.2.8/src/core/control/Tool.cpp
xournalpp-1.2.8/src/core/control/Tool.h
xournalpp-1.2.8/src/core/control/ToolBase.cpp
xournalpp-1.2.8/src/core/control/ToolBase.h
xournalpp-1.2.8/src/core/control/ToolEnums.cpp
xournalpp-1.2.8/src/core/control/ToolEnums.h
xournalpp-1.2.8/src/core/control/ToolHandler.cpp
xournalpp-1.2.8/src/core/control/ToolHandler.h
xournalpp-1.2.8/src/core/control/UndoRedoController.cpp
xournalpp-1.2.8/src/core/control/UndoRedoController.h
xournalpp-1.2.8/src/core/control/XournalMain.cpp
xournalpp-1.2.8/src/core/control/XournalMain.h
xournalpp-1.2.8/src/core/control/jobs/
xournalpp-1.2.8/src/core/control/jobs/AutosaveJob.cpp
xournalpp-1.2.8/src/core/control/jobs/AutosaveJob.h
xournalpp-1.2.8/src/core/control/jobs/BaseExportJob.cpp
xournalpp-1.2.8/src/core/control/jobs/BaseExportJob.h
xournalpp-1.2.8/src/core/control/jobs/BlockingJob.cpp
xournalpp-1.2.8/src/core/control/jobs/BlockingJob.h
xournalpp-1.2.8/src/core/control/jobs/CustomExportJob.cpp
xournalpp-1.2.8/src/core/control/jobs/CustomExportJob.h
xournalpp-1.2.8/src/core/control/jobs/ImageExport.cpp
xournalpp-1.2.8/src/core/control/jobs/ImageExport.h
xournalpp-1.2.8/src/core/control/jobs/Job.cpp
xournalpp-1.2.8/src/core/control/jobs/Job.h
xournalpp-1.2.8/src/core/control/jobs/PdfExportJob.cpp
xournalpp-1.2.8/src/core/control/jobs/PdfExportJob.h
xournalpp-1.2.8/src/core/control/jobs/PreviewJob.cpp
xournalpp-1.2.8/src/core/control/jobs/PreviewJob.h
xournalpp-1.2.8/src/core/control/jobs/ProgressListener.h
xournalpp-1.2.8/src/core/control/jobs/RenderJob.cpp
xournalpp-1.2.8/src/core/control/jobs/RenderJob.h
xournalpp-1.2.8/src/core/control/jobs/SaveJob.cpp
xournalpp-1.2.8/src/core/control/jobs/SaveJob.h
xournalpp-1.2.8/src/core/control/jobs/Scheduler.cpp
xournalpp-1.2.8/src/core/control/jobs/Scheduler.h
xournalpp-1.2.8/src/core/control/jobs/XournalScheduler.cpp
xournalpp-1.2.8/src/core/control/jobs/XournalScheduler.h
xournalpp-1.2.8/src/core/control/latex/
xournalpp-1.2.8/src/core/control/latex/LatexGenerator.cpp
xournalpp-1.2.8/src/core/control/latex/LatexGenerator.h
xournalpp-1.2.8/src/core/control/layer/
xournalpp-1.2.8/src/core/control/layer/LayerController.cpp
xournalpp-1.2.8/src/core/control/layer/LayerController.h
xournalpp-1.2.8/src/core/control/layer/LayerCtrlListener.cpp
xournalpp-1.2.8/src/core/control/layer/LayerCtrlListener.h
xournalpp-1.2.8/src/core/control/pagetype/
xournalpp-1.2.8/src/core/control/pagetype/PageTypeHandler.cpp
xournalpp-1.2.8/src/core/control/pagetype/PageTypeHandler.h
xournalpp-1.2.8/src/core/control/pagetype/PageTypeMenu.cpp
xournalpp-1.2.8/src/core/control/pagetype/PageTypeMenu.h
xournalpp-1.2.8/src/core/control/settings/
xournalpp-1.2.8/src/core/control/settings/ButtonConfig.cpp
xournalpp-1.2.8/src/core/control/settings/ButtonConfig.h
xournalpp-1.2.8/src/core/control/settings/LatexSettings.cpp
xournalpp-1.2.8/src/core/control/settings/LatexSettings.h
xournalpp-1.2.8/src/core/control/settings/MetadataManager.cpp
xournalpp-1.2.8/src/core/control/settings/MetadataManager.h
xournalpp-1.2.8/src/core/control/settings/PageTemplateSettings.cpp
xournalpp-1.2.8/src/core/control/settings/PageTemplateSettings.h
xournalpp-1.2.8/src/core/control/settings/Settings.cpp
xournalpp-1.2.8/src/core/control/settings/Settings.h
xournalpp-1.2.8/src/core/control/settings/SettingsEnums.cpp
xournalpp-1.2.8/src/core/control/settings/SettingsEnums.h
xournalpp-1.2.8/src/core/control/settings/ViewModes.cpp
xournalpp-1.2.8/src/core/control/settings/ViewModes.h
xournalpp-1.2.8/src/core/control/shaperecognizer/
xournalpp-1.2.8/src/core/control/shaperecognizer/CircleRecognizer.cpp
xournalpp-1.2.8/src/core/control/shaperecognizer/CircleRecognizer.h
xournalpp-1.2.8/src/core/control/shaperecognizer/Inertia.cpp
xournalpp-1.2.8/src/core/control/shaperecognizer/Inertia.h
xournalpp-1.2.8/src/core/control/shaperecognizer/RecoSegment.cpp
xournalpp-1.2.8/src/core/control/shaperecognizer/RecoSegment.h
xournalpp-1.2.8/src/core/control/shaperecognizer/ShapeRecognizer.cpp
xournalpp-1.2.8/src/core/control/shaperecognizer/ShapeRecognizer.h
xournalpp-1.2.8/src/core/control/shaperecognizer/ShapeRecognizerConfig.h
xournalpp-1.2.8/src/core/control/stockdlg/
xournalpp-1.2.8/src/core/control/stockdlg/ImageOpenDlg.cpp
xournalpp-1.2.8/src/core/control/stockdlg/ImageOpenDlg.h
xournalpp-1.2.8/src/core/control/stockdlg/XojOpenDlg.cpp
xournalpp-1.2.8/src/core/control/stockdlg/XojOpenDlg.h
xournalpp-1.2.8/src/core/control/tools/
xournalpp-1.2.8/src/core/control/tools/ArrowHandler.cpp
xournalpp-1.2.8/src/core/control/tools/ArrowHandler.h
xournalpp-1.2.8/src/core/control/tools/BaseShapeHandler.cpp
xournalpp-1.2.8/src/core/control/tools/BaseShapeHandler.h
xournalpp-1.2.8/src/core/control/tools/CoordinateSystemHandler.cpp
xournalpp-1.2.8/src/core/control/tools/CoordinateSystemHandler.h
xournalpp-1.2.8/src/core/control/tools/CursorSelectionType.h
xournalpp-1.2.8/src/core/control/tools/EditSelection.cpp
xournalpp-1.2.8/src/core/control/tools/EditSelection.h
xournalpp-1.2.8/src/core/control/tools/EditSelectionContents.cpp
xournalpp-1.2.8/src/core/control/tools/EditSelectionContents.h
xournalpp-1.2.8/src/core/control/tools/EllipseHandler.cpp
xournalpp-1.2.8/src/core/control/tools/EllipseHandler.h
xournalpp-1.2.8/src/core/control/tools/EraseHandler.cpp
xournalpp-1.2.8/src/core/control/tools/EraseHandler.h
xournalpp-1.2.8/src/core/control/tools/ImageHandler.cpp
xournalpp-1.2.8/src/core/control/tools/ImageHandler.h
xournalpp-1.2.8/src/core/control/tools/InputHandler.cpp
xournalpp-1.2.8/src/core/control/tools/InputHandler.h
xournalpp-1.2.8/src/core/control/tools/PdfElemSelection.cpp
xournalpp-1.2.8/src/core/control/tools/PdfElemSelection.h
xournalpp-1.2.8/src/core/control/tools/RectangleHandler.cpp
xournalpp-1.2.8/src/core/control/tools/RectangleHandler.h
xournalpp-1.2.8/src/core/control/tools/RulerHandler.cpp
xournalpp-1.2.8/src/core/control/tools/RulerHandler.h
xournalpp-1.2.8/src/core/control/tools/Selection.cpp
xournalpp-1.2.8/src/core/control/tools/Selection.h
xournalpp-1.2.8/src/core/control/tools/SnapToGridInputHandler.cpp
xournalpp-1.2.8/src/core/control/tools/SnapToGridInputHandler.h
xournalpp-1.2.8/src/core/control/tools/SplineHandler.cpp
xournalpp-1.2.8/src/core/control/tools/SplineHandler.h
xournalpp-1.2.8/src/core/control/tools/StrokeHandler.cpp
xournalpp-1.2.8/src/core/control/tools/StrokeHandler.h
xournalpp-1.2.8/src/core/control/tools/StrokeStabilizer.cpp
xournalpp-1.2.8/src/core/control/tools/StrokeStabilizer.h
xournalpp-1.2.8/src/core/control/tools/StrokeStabilizerEnum.h
xournalpp-1.2.8/src/core/control/tools/TextEditor.cpp
xournalpp-1.2.8/src/core/control/tools/TextEditor.h
xournalpp-1.2.8/src/core/control/tools/TextEditorWidget.h
xournalpp-1.2.8/src/core/control/tools/VerticalToolHandler.cpp
xournalpp-1.2.8/src/core/control/tools/VerticalToolHandler.h
xournalpp-1.2.8/src/core/control/xml/
xournalpp-1.2.8/src/core/control/xml/Attribute.cpp
xournalpp-1.2.8/src/core/control/xml/Attribute.h
xournalpp-1.2.8/src/core/control/xml/DoubleArrayAttribute.cpp
xournalpp-1.2.8/src/core/control/xml/DoubleArrayAttribute.h
xournalpp-1.2.8/src/core/control/xml/DoubleAttribute.cpp
xournalpp-1.2.8/src/core/control/xml/DoubleAttribute.h
xournalpp-1.2.8/src/core/control/xml/IntAttribute.cpp
xournalpp-1.2.8/src/core/control/xml/IntAttribute.h
xournalpp-1.2.8/src/core/control/xml/SizeTAttribute.cpp
xournalpp-1.2.8/src/core/control/xml/SizeTAttribute.h
xournalpp-1.2.8/src/core/control/xml/TextAttribute.cpp
xournalpp-1.2.8/src/core/control/xml/TextAttribute.h
xournalpp-1.2.8/src/core/control/xml/XmlAudioNode.cpp
xournalpp-1.2.8/src/core/control/xml/XmlAudioNode.h
xournalpp-1.2.8/src/core/control/xml/XmlImageNode.cpp
xournalpp-1.2.8/src/core/control/xml/XmlImageNode.h
xournalpp-1.2.8/src/core/control/xml/XmlNode.cpp
xournalpp-1.2.8/src/core/control/xml/XmlNode.h
xournalpp-1.2.8/src/core/control/xml/XmlPointNode.cpp
xournalpp-1.2.8/src/core/control/xml/XmlPointNode.h
xournalpp-1.2.8/src/core/control/xml/XmlTexNode.cpp
xournalpp-1.2.8/src/core/control/xml/XmlTexNode.h
xournalpp-1.2.8/src/core/control/xml/XmlTextNode.cpp
xournalpp-1.2.8/src/core/control/xml/XmlTextNode.h
xournalpp-1.2.8/src/core/control/xojfile/
xournalpp-1.2.8/src/core/control/xojfile/LoadHandler.cpp
xournalpp-1.2.8/src/core/control/xojfile/LoadHandler.h
xournalpp-1.2.8/src/core/control/xojfile/LoadHandlerHelper.cpp
xournalpp-1.2.8/src/core/control/xojfile/LoadHandlerHelper.h
xournalpp-1.2.8/src/core/control/xojfile/SaveHandler.cpp
xournalpp-1.2.8/src/core/control/xojfile/SaveHandler.h
xournalpp-1.2.8/src/core/control/xojfile/XojExportHandler.cpp
xournalpp-1.2.8/src/core/control/xojfile/XojExportHandler.h
xournalpp-1.2.8/src/core/control/zoom/
xournalpp-1.2.8/src/core/control/zoom/ZoomControl.cpp
xournalpp-1.2.8/src/core/control/zoom/ZoomControl.h
xournalpp-1.2.8/src/core/control/zoom/ZoomListener.cpp
xournalpp-1.2.8/src/core/control/zoom/ZoomListener.h
xournalpp-1.2.8/src/core/enums/
xournalpp-1.2.8/src/core/enums/ActionGroup.enum.h
xournalpp-1.2.8/src/core/enums/ActionType.enum.h
xournalpp-1.2.8/src/core/enums/generateConvert.php
xournalpp-1.2.8/src/core/enums/generated/
xournalpp-1.2.8/src/core/enums/generated/ActionGroup.generated.cpp
xournalpp-1.2.8/src/core/enums/generated/ActionType.generated.cpp
xournalpp-1.2.8/src/core/gui/
xournalpp-1.2.8/src/core/gui/FloatingToolbox.cpp
xournalpp-1.2.8/src/core/gui/FloatingToolbox.h
xournalpp-1.2.8/src/core/gui/GladeGui.cpp
xournalpp-1.2.8/src/core/gui/GladeGui.h
xournalpp-1.2.8/src/core/gui/GladeSearchpath.cpp
xournalpp-1.2.8/src/core/gui/GladeSearchpath.h
xournalpp-1.2.8/src/core/gui/IconNameHelper.cpp
xournalpp-1.2.8/src/core/gui/IconNameHelper.h
xournalpp-1.2.8/src/core/gui/Layout.cpp
xournalpp-1.2.8/src/core/gui/Layout.h
xournalpp-1.2.8/src/core/gui/LayoutMapper.cpp
xournalpp-1.2.8/src/core/gui/LayoutMapper.h
xournalpp-1.2.8/src/core/gui/LegacyRedrawable.cpp
xournalpp-1.2.8/src/core/gui/LegacyRedrawable.h
xournalpp-1.2.8/src/core/gui/MainWindow.cpp
xournalpp-1.2.8/src/core/gui/MainWindow.h
xournalpp-1.2.8/src/core/gui/PagePreviewDecoration.cpp
xournalpp-1.2.8/src/core/gui/PagePreviewDecoration.h
xournalpp-1.2.8/src/core/gui/PageView.cpp
xournalpp-1.2.8/src/core/gui/PageView.h
xournalpp-1.2.8/src/core/gui/PageViewFindObjectHelper.h
xournalpp-1.2.8/src/core/gui/PdfFloatingToolbox.cpp
xournalpp-1.2.8/src/core/gui/PdfFloatingToolbox.h
xournalpp-1.2.8/src/core/gui/RepaintHandler.cpp
xournalpp-1.2.8/src/core/gui/RepaintHandler.h
xournalpp-1.2.8/src/core/gui/SearchBar.cpp
xournalpp-1.2.8/src/core/gui/SearchBar.h
xournalpp-1.2.8/src/core/gui/Shadow.cpp
xournalpp-1.2.8/src/core/gui/Shadow.h
xournalpp-1.2.8/src/core/gui/ShadowCode.c
xournalpp-1.2.8/src/core/gui/ToolbarDefinitions.h
xournalpp-1.2.8/src/core/gui/ToolitemDragDrop.cpp
xournalpp-1.2.8/src/core/gui/ToolitemDragDrop.h
xournalpp-1.2.8/src/core/gui/XojColor.cpp
xournalpp-1.2.8/src/core/gui/XojColor.h
xournalpp-1.2.8/src/core/gui/XournalView.cpp
xournalpp-1.2.8/src/core/gui/XournalView.h
xournalpp-1.2.8/src/core/gui/XournalppCursor.cpp
xournalpp-1.2.8/src/core/gui/XournalppCursor.h
xournalpp-1.2.8/src/core/gui/dialog/
xournalpp-1.2.8/src/core/gui/dialog/AboutDialog.cpp
xournalpp-1.2.8/src/core/gui/dialog/AboutDialog.h
xournalpp-1.2.8/src/core/gui/dialog/ButtonConfigGui.cpp
xournalpp-1.2.8/src/core/gui/dialog/ButtonConfigGui.h
xournalpp-1.2.8/src/core/gui/dialog/DeviceClassConfigGui.cpp
xournalpp-1.2.8/src/core/gui/dialog/DeviceClassConfigGui.h
xournalpp-1.2.8/src/core/gui/dialog/ExportDialog.cpp
xournalpp-1.2.8/src/core/gui/dialog/ExportDialog.h
xournalpp-1.2.8/src/core/gui/dialog/FillOpacityDialog.cpp
xournalpp-1.2.8/src/core/gui/dialog/FillOpacityDialog.h
xournalpp-1.2.8/src/core/gui/dialog/FormatDialog.cpp
xournalpp-1.2.8/src/core/gui/dialog/FormatDialog.h
xournalpp-1.2.8/src/core/gui/dialog/GotoDialog.cpp
xournalpp-1.2.8/src/core/gui/dialog/GotoDialog.h
xournalpp-1.2.8/src/core/gui/dialog/LanguageConfigGui.cpp
xournalpp-1.2.8/src/core/gui/dialog/LanguageConfigGui.h
xournalpp-1.2.8/src/core/gui/dialog/LatexDialog.cpp
xournalpp-1.2.8/src/core/gui/dialog/LatexDialog.h
xournalpp-1.2.8/src/core/gui/dialog/LatexSettingsPanel.cpp
xournalpp-1.2.8/src/core/gui/dialog/LatexSettingsPanel.h
xournalpp-1.2.8/src/core/gui/dialog/PageTemplateDialog.cpp
xournalpp-1.2.8/src/core/gui/dialog/PageTemplateDialog.h
xournalpp-1.2.8/src/core/gui/dialog/PluginDialog.cpp
xournalpp-1.2.8/src/core/gui/dialog/PluginDialog.h
xournalpp-1.2.8/src/core/gui/dialog/PluginDialogEntry.cpp
xournalpp-1.2.8/src/core/gui/dialog/PluginDialogEntry.h
xournalpp-1.2.8/src/core/gui/dialog/RenameLayerDialog.cpp
xournalpp-1.2.8/src/core/gui/dialog/RenameLayerDialog.h
xournalpp-1.2.8/src/core/gui/dialog/SelectBackgroundColorDialog.cpp
xournalpp-1.2.8/src/core/gui/dialog/SelectBackgroundColorDialog.h
xournalpp-1.2.8/src/core/gui/dialog/SettingsDialog.cpp
xournalpp-1.2.8/src/core/gui/dialog/SettingsDialog.h
xournalpp-1.2.8/src/core/gui/dialog/ToolbarManageDialog.cpp
xournalpp-1.2.8/src/core/gui/dialog/ToolbarManageDialog.h
xournalpp-1.2.8/src/core/gui/dialog/backgroundSelect/
xournalpp-1.2.8/src/core/gui/dialog/backgroundSelect/BackgroundSelectDialogBase.cpp
xournalpp-1.2.8/src/core/gui/dialog/backgroundSelect/BackgroundSelectDialogBase.h
xournalpp-1.2.8/src/core/gui/dialog/backgroundSelect/BaseElementView.cpp
xournalpp-1.2.8/src/core/gui/dialog/backgroundSelect/BaseElementView.h
xournalpp-1.2.8/src/core/gui/dialog/backgroundSelect/ImageElementView.cpp
xournalpp-1.2.8/src/core/gui/dialog/backgroundSelect/ImageElementView.h
xournalpp-1.2.8/src/core/gui/dialog/backgroundSelect/ImagesDialog.cpp
xournalpp-1.2.8/src/core/gui/dialog/backgroundSelect/ImagesDialog.h
xournalpp-1.2.8/src/core/gui/dialog/backgroundSelect/PdfElementView.cpp
xournalpp-1.2.8/src/core/gui/dialog/backgroundSelect/PdfElementView.h
xournalpp-1.2.8/src/core/gui/dialog/backgroundSelect/PdfPagesDialog.cpp
xournalpp-1.2.8/src/core/gui/dialog/backgroundSelect/PdfPagesDialog.h
xournalpp-1.2.8/src/core/gui/dialog/toolbarCustomize/
xournalpp-1.2.8/src/core/gui/dialog/toolbarCustomize/ToolItemDragCurrentData.cpp
xournalpp-1.2.8/src/core/gui/dialog/toolbarCustomize/ToolItemDragCurrentData.h
xournalpp-1.2.8/src/core/gui/dialog/toolbarCustomize/ToolbarAdapter.cpp
xournalpp-1.2.8/src/core/gui/dialog/toolbarCustomize/ToolbarAdapter.h
xournalpp-1.2.8/src/core/gui/dialog/toolbarCustomize/ToolbarCustomizeDialog.cpp
xournalpp-1.2.8/src/core/gui/dialog/toolbarCustomize/ToolbarCustomizeDialog.h
xournalpp-1.2.8/src/core/gui/dialog/toolbarCustomize/ToolbarDragDropHandler.cpp
xournalpp-1.2.8/src/core/gui/dialog/toolbarCustomize/ToolbarDragDropHandler.h
xournalpp-1.2.8/src/core/gui/dialog/toolbarCustomize/ToolbarDragDropHelper.cpp
xournalpp-1.2.8/src/core/gui/dialog/toolbarCustomize/ToolbarDragDropHelper.h
xournalpp-1.2.8/src/core/gui/inputdevices/
xournalpp-1.2.8/src/core/gui/inputdevices/AbstractInputHandler.cpp
xournalpp-1.2.8/src/core/gui/inputdevices/AbstractInputHandler.h
xournalpp-1.2.8/src/core/gui/inputdevices/CompassInputHandler.cpp
xournalpp-1.2.8/src/core/gui/inputdevices/CompassInputHandler.h
xournalpp-1.2.8/src/core/gui/inputdevices/DeviceId.cpp
xournalpp-1.2.8/src/core/gui/inputdevices/DeviceId.h
xournalpp-1.2.8/src/core/gui/inputdevices/GeometryToolInputHandler.cpp
xournalpp-1.2.8/src/core/gui/inputdevices/GeometryToolInputHandler.h
xournalpp-1.2.8/src/core/gui/inputdevices/HandRecognition.cpp
xournalpp-1.2.8/src/core/gui/inputdevices/HandRecognition.h
xournalpp-1.2.8/src/core/gui/inputdevices/InputContext.cpp
xournalpp-1.2.8/src/core/gui/inputdevices/InputContext.h
xournalpp-1.2.8/src/core/gui/inputdevices/InputEvents.cpp
xournalpp-1.2.8/src/core/gui/inputdevices/InputEvents.h
xournalpp-1.2.8/src/core/gui/inputdevices/InputUtils.cpp
xournalpp-1.2.8/src/core/gui/inputdevices/InputUtils.h
xournalpp-1.2.8/src/core/gui/inputdevices/KeyboardInputHandler.cpp
xournalpp-1.2.8/src/core/gui/inputdevices/KeyboardInputHandler.h
xournalpp-1.2.8/src/core/gui/inputdevices/MouseInputHandler.cpp
xournalpp-1.2.8/src/core/gui/inputdevices/MouseInputHandler.h
xournalpp-1.2.8/src/core/gui/inputdevices/PenInputHandler.cpp
xournalpp-1.2.8/src/core/gui/inputdevices/PenInputHandler.h
xournalpp-1.2.8/src/core/gui/inputdevices/PositionInputData.cpp
xournalpp-1.2.8/src/core/gui/inputdevices/PositionInputData.h
xournalpp-1.2.8/src/core/gui/inputdevices/SetsquareInputHandler.cpp
xournalpp-1.2.8/src/core/gui/inputdevices/SetsquareInputHandler.h
xournalpp-1.2.8/src/core/gui/inputdevices/StylusInputHandler.cpp
xournalpp-1.2.8/src/core/gui/inputdevices/StylusInputHandler.h
xournalpp-1.2.8/src/core/gui/inputdevices/TouchDrawingInputHandler.cpp
xournalpp-1.2.8/src/core/gui/inputdevices/TouchDrawingInputHandler.h
xournalpp-1.2.8/src/core/gui/inputdevices/TouchInputHandler.cpp
xournalpp-1.2.8/src/core/gui/inputdevices/TouchInputHandler.h
xournalpp-1.2.8/src/core/gui/inputdevices/touchdisable/
xournalpp-1.2.8/src/core/gui/inputdevices/touchdisable/TouchDisableCustom.cpp
xournalpp-1.2.8/src/core/gui/inputdevices/touchdisable/TouchDisableCustom.h
xournalpp-1.2.8/src/core/gui/inputdevices/touchdisable/TouchDisableInterface.cpp
xournalpp-1.2.8/src/core/gui/inputdevices/touchdisable/TouchDisableInterface.h
xournalpp-1.2.8/src/core/gui/inputdevices/touchdisable/TouchDisableX11.cpp
xournalpp-1.2.8/src/core/gui/inputdevices/touchdisable/TouchDisableX11.h
xournalpp-1.2.8/src/core/gui/menus/
xournalpp-1.2.8/src/core/gui/menus/StaticAssertActionNamespace.h
xournalpp-1.2.8/src/core/gui/menus/menubar/
xournalpp-1.2.8/src/core/gui/menus/menubar/AbstractSubmenu.h
xournalpp-1.2.8/src/core/gui/menus/menubar/Menubar.cpp
xournalpp-1.2.8/src/core/gui/menus/menubar/Menubar.h
xournalpp-1.2.8/src/core/gui/menus/menubar/PluginsSubmenu.cpp
xournalpp-1.2.8/src/core/gui/menus/menubar/PluginsSubmenu.h
xournalpp-1.2.8/src/core/gui/menus/menubar/RecentDocumentsSubmenu.cpp
xournalpp-1.2.8/src/core/gui/menus/menubar/RecentDocumentsSubmenu.h
xournalpp-1.2.8/src/core/gui/menus/menubar/ToolbarSelectionSubmenu.cpp
xournalpp-1.2.8/src/core/gui/menus/menubar/ToolbarSelectionSubmenu.h
xournalpp-1.2.8/src/core/gui/scroll/
xournalpp-1.2.8/src/core/gui/scroll/ScrollHandling.cpp
xournalpp-1.2.8/src/core/gui/scroll/ScrollHandling.h
xournalpp-1.2.8/src/core/gui/sidebar/
xournalpp-1.2.8/src/core/gui/sidebar/AbstractSidebarPage.cpp
xournalpp-1.2.8/src/core/gui/sidebar/AbstractSidebarPage.h
xournalpp-1.2.8/src/core/gui/sidebar/Sidebar.cpp
xournalpp-1.2.8/src/core/gui/sidebar/Sidebar.h
xournalpp-1.2.8/src/core/gui/sidebar/indextree/
xournalpp-1.2.8/src/core/gui/sidebar/indextree/SidebarIndexPage.cpp
xournalpp-1.2.8/src/core/gui/sidebar/indextree/SidebarIndexPage.h
xournalpp-1.2.8/src/core/gui/sidebar/previews/
xournalpp-1.2.8/src/core/gui/sidebar/previews/base/
xournalpp-1.2.8/src/core/gui/sidebar/previews/base/SidebarBaseContextMenu.cpp
xournalpp-1.2.8/src/core/gui/sidebar/previews/base/SidebarBaseContextMenu.h
xournalpp-1.2.8/src/core/gui/sidebar/previews/base/SidebarLayout.cpp
xournalpp-1.2.8/src/core/gui/sidebar/previews/base/SidebarLayout.h
xournalpp-1.2.8/src/core/gui/sidebar/previews/base/SidebarPreviewBase.cpp
xournalpp-1.2.8/src/core/gui/sidebar/previews/base/SidebarPreviewBase.h
xournalpp-1.2.8/src/core/gui/sidebar/previews/base/SidebarPreviewBaseEntry.cpp
xournalpp-1.2.8/src/core/gui/sidebar/previews/base/SidebarPreviewBaseEntry.h
xournalpp-1.2.8/src/core/gui/sidebar/previews/base/SidebarToolbar.cpp
xournalpp-1.2.8/src/core/gui/sidebar/previews/base/SidebarToolbar.h
xournalpp-1.2.8/src/core/gui/sidebar/previews/layer/
xournalpp-1.2.8/src/core/gui/sidebar/previews/layer/SidebarLayersContextMenu.cpp
xournalpp-1.2.8/src/core/gui/sidebar/previews/layer/SidebarLayersContextMenu.h
xournalpp-1.2.8/src/core/gui/sidebar/previews/layer/SidebarPreviewLayerEntry.cpp
xournalpp-1.2.8/src/core/gui/sidebar/previews/layer/SidebarPreviewLayerEntry.h
xournalpp-1.2.8/src/core/gui/sidebar/previews/layer/SidebarPreviewLayers.cpp
xournalpp-1.2.8/src/core/gui/sidebar/previews/layer/SidebarPreviewLayers.h
xournalpp-1.2.8/src/core/gui/sidebar/previews/page/
xournalpp-1.2.8/src/core/gui/sidebar/previews/page/SidebarPreviewPageEntry.cpp
xournalpp-1.2.8/src/core/gui/sidebar/previews/page/SidebarPreviewPageEntry.h
xournalpp-1.2.8/src/core/gui/sidebar/previews/page/SidebarPreviewPages.cpp
xournalpp-1.2.8/src/core/gui/sidebar/previews/page/SidebarPreviewPages.h
xournalpp-1.2.8/src/core/gui/toolbarMenubar/
xournalpp-1.2.8/src/core/gui/toolbarMenubar/AbstractItem.cpp
xournalpp-1.2.8/src/core/gui/toolbarMenubar/AbstractItem.h
xournalpp-1.2.8/src/core/gui/toolbarMenubar/AbstractSliderItem.cpp
xournalpp-1.2.8/src/core/gui/toolbarMenubar/AbstractSliderItem.h
xournalpp-1.2.8/src/core/gui/toolbarMenubar/AbstractToolItem.cpp
xournalpp-1.2.8/src/core/gui/toolbarMenubar/AbstractToolItem.h
xournalpp-1.2.8/src/core/gui/toolbarMenubar/ColorToolItem.cpp
xournalpp-1.2.8/src/core/gui/toolbarMenubar/ColorToolItem.h
xournalpp-1.2.8/src/core/gui/toolbarMenubar/FontButton.cpp
xournalpp-1.2.8/src/core/gui/toolbarMenubar/FontButton.h
xournalpp-1.2.8/src/core/gui/toolbarMenubar/MenuItem.cpp
xournalpp-1.2.8/src/core/gui/toolbarMenubar/MenuItem.h
xournalpp-1.2.8/src/core/gui/toolbarMenubar/PluginToolButton.cpp
xournalpp-1.2.8/src/core/gui/toolbarMenubar/PluginToolButton.h
xournalpp-1.2.8/src/core/gui/toolbarMenubar/ToolButton.cpp
xournalpp-1.2.8/src/core/gui/toolbarMenubar/ToolButton.h
xournalpp-1.2.8/src/core/gui/toolbarMenubar/ToolDrawCombocontrol.cpp
xournalpp-1.2.8/src/core/gui/toolbarMenubar/ToolDrawCombocontrol.h
xournalpp-1.2.8/src/core/gui/toolbarMenubar/ToolMenuHandler.cpp
xournalpp-1.2.8/src/core/gui/toolbarMenubar/ToolMenuHandler.h
xournalpp-1.2.8/src/core/gui/toolbarMenubar/ToolPageLayer.cpp
xournalpp-1.2.8/src/core/gui/toolbarMenubar/ToolPageLayer.h
xournalpp-1.2.8/src/core/gui/toolbarMenubar/ToolPageSpinner.cpp
xournalpp-1.2.8/src/core/gui/toolbarMenubar/ToolPageSpinner.h
xournalpp-1.2.8/src/core/gui/toolbarMenubar/ToolPdfCombocontrol.cpp
xournalpp-1.2.8/src/core/gui/toolbarMenubar/ToolPdfCombocontrol.h
xournalpp-1.2.8/src/core/gui/toolbarMenubar/ToolSelectCombocontrol.cpp
xournalpp-1.2.8/src/core/gui/toolbarMenubar/ToolSelectCombocontrol.h
xournalpp-1.2.8/src/core/gui/toolbarMenubar/ToolZoomSlider.cpp
xournalpp-1.2.8/src/core/gui/toolbarMenubar/ToolZoomSlider.h
xournalpp-1.2.8/src/core/gui/toolbarMenubar/icon/
xournalpp-1.2.8/src/core/gui/toolbarMenubar/icon/ColorSelectImage.cpp
xournalpp-1.2.8/src/core/gui/toolbarMenubar/icon/ColorSelectImage.h
xournalpp-1.2.8/src/core/gui/toolbarMenubar/icon/ToolbarSeparatorImage.cpp
xournalpp-1.2.8/src/core/gui/toolbarMenubar/icon/ToolbarSeparatorImage.h
xournalpp-1.2.8/src/core/gui/toolbarMenubar/model/
xournalpp-1.2.8/src/core/gui/toolbarMenubar/model/ColorPalette.cpp
xournalpp-1.2.8/src/core/gui/toolbarMenubar/model/ColorPalette.h
xournalpp-1.2.8/src/core/gui/toolbarMenubar/model/ToolbarData.cpp
xournalpp-1.2.8/src/core/gui/toolbarMenubar/model/ToolbarData.h
xournalpp-1.2.8/src/core/gui/toolbarMenubar/model/ToolbarEntry.cpp
xournalpp-1.2.8/src/core/gui/toolbarMenubar/model/ToolbarEntry.h
xournalpp-1.2.8/src/core/gui/toolbarMenubar/model/ToolbarItem.cpp
xournalpp-1.2.8/src/core/gui/toolbarMenubar/model/ToolbarItem.h
xournalpp-1.2.8/src/core/gui/toolbarMenubar/model/ToolbarModel.cpp
xournalpp-1.2.8/src/core/gui/toolbarMenubar/model/ToolbarModel.h
xournalpp-1.2.8/src/core/gui/widgets/
xournalpp-1.2.8/src/core/gui/widgets/PopupMenuButton.cpp
xournalpp-1.2.8/src/core/gui/widgets/PopupMenuButton.h
xournalpp-1.2.8/src/core/gui/widgets/SpinPageAdapter.cpp
xournalpp-1.2.8/src/core/gui/widgets/SpinPageAdapter.h
xournalpp-1.2.8/src/core/gui/widgets/XournalWidget.cpp
xournalpp-1.2.8/src/core/gui/widgets/XournalWidget.h
xournalpp-1.2.8/src/core/gui/widgets/ZoomCallib.cpp
xournalpp-1.2.8/src/core/gui/widgets/ZoomCallib.h
xournalpp-1.2.8/src/core/gui/widgets/gtkmenutooltogglebutton.cpp
xournalpp-1.2.8/src/core/gui/widgets/gtkmenutooltogglebutton.h
xournalpp-1.2.8/src/core/model/
xournalpp-1.2.8/src/core/model/AudioElement.cpp
xournalpp-1.2.8/src/core/model/AudioElement.h
xournalpp-1.2.8/src/core/model/BackgroundConfig.cpp
xournalpp-1.2.8/src/core/model/BackgroundConfig.h
xournalpp-1.2.8/src/core/model/BackgroundImage.cpp
xournalpp-1.2.8/src/core/model/BackgroundImage.h
xournalpp-1.2.8/src/core/model/Compass.cpp
xournalpp-1.2.8/src/core/model/Compass.h
xournalpp-1.2.8/src/core/model/Document.cpp
xournalpp-1.2.8/src/core/model/Document.h
xournalpp-1.2.8/src/core/model/DocumentChangeType.h
xournalpp-1.2.8/src/core/model/DocumentHandler.cpp
xournalpp-1.2.8/src/core/model/DocumentHandler.h
xournalpp-1.2.8/src/core/model/DocumentListener.cpp
xournalpp-1.2.8/src/core/model/DocumentListener.h
xournalpp-1.2.8/src/core/model/Element.cpp
xournalpp-1.2.8/src/core/model/Element.h
xournalpp-1.2.8/src/core/model/ElementContainer.h
xournalpp-1.2.8/src/core/model/Font.cpp
xournalpp-1.2.8/src/core/model/Font.h
xournalpp-1.2.8/src/core/model/FormatDefinitions.cpp
xournalpp-1.2.8/src/core/model/FormatDefinitions.h
xournalpp-1.2.8/src/core/model/GeometryTool.cpp
xournalpp-1.2.8/src/core/model/GeometryTool.h
xournalpp-1.2.8/src/core/model/Image.cpp
xournalpp-1.2.8/src/core/model/Image.h
xournalpp-1.2.8/src/core/model/Layer.cpp
xournalpp-1.2.8/src/core/model/Layer.h
xournalpp-1.2.8/src/core/model/LineStyle.cpp
xournalpp-1.2.8/src/core/model/LineStyle.h
xournalpp-1.2.8/src/core/model/LinkDestination.cpp
xournalpp-1.2.8/src/core/model/LinkDestination.h
xournalpp-1.2.8/src/core/model/OverlayBase.h
xournalpp-1.2.8/src/core/model/PageHandler.cpp
xournalpp-1.2.8/src/core/model/PageHandler.h
xournalpp-1.2.8/src/core/model/PageListener.cpp
xournalpp-1.2.8/src/core/model/PageListener.h
xournalpp-1.2.8/src/core/model/PageRef.h
xournalpp-1.2.8/src/core/model/PageType.cpp
xournalpp-1.2.8/src/core/model/PageType.h
xournalpp-1.2.8/src/core/model/PathParameter.h
xournalpp-1.2.8/src/core/model/Point.cpp
xournalpp-1.2.8/src/core/model/Point.h
xournalpp-1.2.8/src/core/model/Setsquare.cpp
xournalpp-1.2.8/src/core/model/Setsquare.h
xournalpp-1.2.8/src/core/model/Snapping.cpp
xournalpp-1.2.8/src/core/model/Snapping.h
xournalpp-1.2.8/src/core/model/SplineSegment.cpp
xournalpp-1.2.8/src/core/model/SplineSegment.h
xournalpp-1.2.8/src/core/model/Stroke.cpp
xournalpp-1.2.8/src/core/model/Stroke.h
xournalpp-1.2.8/src/core/model/StrokeStyle.cpp
xournalpp-1.2.8/src/core/model/StrokeStyle.h
xournalpp-1.2.8/src/core/model/TexImage.cpp
xournalpp-1.2.8/src/core/model/TexImage.h
xournalpp-1.2.8/src/core/model/Text.cpp
xournalpp-1.2.8/src/core/model/Text.h
xournalpp-1.2.8/src/core/model/XojPage.cpp
xournalpp-1.2.8/src/core/model/XojPage.h
xournalpp-1.2.8/src/core/model/eraser/
xournalpp-1.2.8/src/core/model/eraser/ErasableStroke.cpp
xournalpp-1.2.8/src/core/model/eraser/ErasableStroke.h
xournalpp-1.2.8/src/core/model/eraser/ErasableStrokeOverlapTree.cpp
xournalpp-1.2.8/src/core/model/eraser/ErasableStrokeOverlapTree.h
xournalpp-1.2.8/src/core/model/eraser/PaddedBox.h
xournalpp-1.2.8/src/core/model/eraser/readme.txt
xournalpp-1.2.8/src/core/pdf/
xournalpp-1.2.8/src/core/pdf/base/
xournalpp-1.2.8/src/core/pdf/base/XojCairoPdfExport.cpp
xournalpp-1.2.8/src/core/pdf/base/XojCairoPdfExport.h
xournalpp-1.2.8/src/core/pdf/base/XojPdfAction.cpp
xournalpp-1.2.8/src/core/pdf/base/XojPdfAction.h
xournalpp-1.2.8/src/core/pdf/base/XojPdfBookmarkIterator.cpp
xournalpp-1.2.8/src/core/pdf/base/XojPdfBookmarkIterator.h
xournalpp-1.2.8/src/core/pdf/base/XojPdfDocument.cpp
xournalpp-1.2.8/src/core/pdf/base/XojPdfDocument.h
xournalpp-1.2.8/src/core/pdf/base/XojPdfDocumentInterface.cpp
xournalpp-1.2.8/src/core/pdf/base/XojPdfDocumentInterface.h
xournalpp-1.2.8/src/core/pdf/base/XojPdfExport.cpp
xournalpp-1.2.8/src/core/pdf/base/XojPdfExport.h
xournalpp-1.2.8/src/core/pdf/base/XojPdfExportFactory.cpp
xournalpp-1.2.8/src/core/pdf/base/XojPdfExportFactory.h
xournalpp-1.2.8/src/core/pdf/base/XojPdfPage.cpp
xournalpp-1.2.8/src/core/pdf/base/XojPdfPage.h
xournalpp-1.2.8/src/core/pdf/popplerapi/
xournalpp-1.2.8/src/core/pdf/popplerapi/PopplerGlibAction.cpp
xournalpp-1.2.8/src/core/pdf/popplerapi/PopplerGlibAction.h
xournalpp-1.2.8/src/core/pdf/popplerapi/PopplerGlibDocument.cpp
xournalpp-1.2.8/src/core/pdf/popplerapi/PopplerGlibDocument.h
xournalpp-1.2.8/src/core/pdf/popplerapi/PopplerGlibPage.cpp
xournalpp-1.2.8/src/core/pdf/popplerapi/PopplerGlibPage.h
xournalpp-1.2.8/src/core/pdf/popplerapi/PopplerGlibPageBookmarkIterator.cpp
xournalpp-1.2.8/src/core/pdf/popplerapi/PopplerGlibPageBookmarkIterator.h
xournalpp-1.2.8/src/core/plugin/
xournalpp-1.2.8/src/core/plugin/Plugin.cpp
xournalpp-1.2.8/src/core/plugin/Plugin.h
xournalpp-1.2.8/src/core/plugin/PluginController.cpp
xournalpp-1.2.8/src/core/plugin/PluginController.h
xournalpp-1.2.8/src/core/plugin/luapi_application.h
xournalpp-1.2.8/src/core/undo/
xournalpp-1.2.8/src/core/undo/AddUndoAction.cpp
xournalpp-1.2.8/src/core/undo/AddUndoAction.h
xournalpp-1.2.8/src/core/undo/ArrangeUndoAction.cpp
xournalpp-1.2.8/src/core/undo/ArrangeUndoAction.h
xournalpp-1.2.8/src/core/undo/ColorUndoAction.cpp
xournalpp-1.2.8/src/core/undo/ColorUndoAction.h
xournalpp-1.2.8/src/core/undo/CopyUndoAction.cpp
xournalpp-1.2.8/src/core/undo/CopyUndoAction.h
xournalpp-1.2.8/src/core/undo/DeleteUndoAction.cpp
xournalpp-1.2.8/src/core/undo/DeleteUndoAction.h
xournalpp-1.2.8/src/core/undo/EmergencySaveRestore.cpp
xournalpp-1.2.8/src/core/undo/EmergencySaveRestore.h
xournalpp-1.2.8/src/core/undo/EraseUndoAction.cpp
xournalpp-1.2.8/src/core/undo/EraseUndoAction.h
xournalpp-1.2.8/src/core/undo/FillUndoAction.cpp
xournalpp-1.2.8/src/core/undo/FillUndoAction.h
xournalpp-1.2.8/src/core/undo/FontUndoAction.cpp
xournalpp-1.2.8/src/core/undo/FontUndoAction.h
xournalpp-1.2.8/src/core/undo/GroupUndoAction.cpp
xournalpp-1.2.8/src/core/undo/GroupUndoAction.h
xournalpp-1.2.8/src/core/undo/InsertDeletePageUndoAction.cpp
xournalpp-1.2.8/src/core/undo/InsertDeletePageUndoAction.h
xournalpp-1.2.8/src/core/undo/InsertLayerUndoAction.cpp
xournalpp-1.2.8/src/core/undo/InsertLayerUndoAction.h
xournalpp-1.2.8/src/core/undo/InsertUndoAction.cpp
xournalpp-1.2.8/src/core/undo/InsertUndoAction.h
xournalpp-1.2.8/src/core/undo/LayerRenameUndoAction.cpp
xournalpp-1.2.8/src/core/undo/LayerRenameUndoAction.h
xournalpp-1.2.8/src/core/undo/LineStyleUndoAction.cpp
xournalpp-1.2.8/src/core/undo/LineStyleUndoAction.h
xournalpp-1.2.8/src/core/undo/MergeLayerDownUndoAction.cpp
xournalpp-1.2.8/src/core/undo/MergeLayerDownUndoAction.h
xournalpp-1.2.8/src/core/undo/MissingPdfUndoAction.cpp
xournalpp-1.2.8/src/core/undo/MissingPdfUndoAction.h
xournalpp-1.2.8/src/core/undo/MoveLayerUndoAction.cpp
xournalpp-1.2.8/src/core/undo/MoveLayerUndoAction.h
xournalpp-1.2.8/src/core/undo/MoveSelectionToLayerUndoAction.cpp
xournalpp-1.2.8/src/core/undo/MoveSelectionToLayerUndoAction.h
xournalpp-1.2.8/src/core/undo/MoveUndoAction.cpp
xournalpp-1.2.8/src/core/undo/MoveUndoAction.h
xournalpp-1.2.8/src/core/undo/PageBackgroundChangedUndoAction.cpp
xournalpp-1.2.8/src/core/undo/PageBackgroundChangedUndoAction.h
xournalpp-1.2.8/src/core/undo/PageLayerPosEntry.h
xournalpp-1.2.8/src/core/undo/PageSizeChangeUndoAction.cpp
xournalpp-1.2.8/src/core/undo/PageSizeChangeUndoAction.h
xournalpp-1.2.8/src/core/undo/RecognizerUndoAction.cpp
xournalpp-1.2.8/src/core/undo/RecognizerUndoAction.h
xournalpp-1.2.8/src/core/undo/RemoveLayerUndoAction.cpp
xournalpp-1.2.8/src/core/undo/RemoveLayerUndoAction.h
xournalpp-1.2.8/src/core/undo/RotateUndoAction.cpp
xournalpp-1.2.8/src/core/undo/RotateUndoAction.h
xournalpp-1.2.8/src/core/undo/ScaleUndoAction.cpp
xournalpp-1.2.8/src/core/undo/ScaleUndoAction.h
xournalpp-1.2.8/src/core/undo/SizeUndoAction.cpp
xournalpp-1.2.8/src/core/undo/SizeUndoAction.h
xournalpp-1.2.8/src/core/undo/SwapUndoAction.cpp
xournalpp-1.2.8/src/core/undo/SwapUndoAction.h
xournalpp-1.2.8/src/core/undo/TextBoxUndoAction.cpp
xournalpp-1.2.8/src/core/undo/TextBoxUndoAction.h
xournalpp-1.2.8/src/core/undo/UndoAction.cpp
xournalpp-1.2.8/src/core/undo/UndoAction.h
xournalpp-1.2.8/src/core/undo/UndoRedoHandler.cpp
xournalpp-1.2.8/src/core/undo/UndoRedoHandler.h
xournalpp-1.2.8/src/core/view/
xournalpp-1.2.8/src/core/view/CompassView.cpp
xournalpp-1.2.8/src/core/view/CompassView.h
xournalpp-1.2.8/src/core/view/DebugShowRepaintBounds.h
xournalpp-1.2.8/src/core/view/DocumentView.cpp
xournalpp-1.2.8/src/core/view/DocumentView.h
xournalpp-1.2.8/src/core/view/ElementContainerView.cpp
xournalpp-1.2.8/src/core/view/ElementContainerView.h
xournalpp-1.2.8/src/core/view/ElementView.cpp
xournalpp-1.2.8/src/core/view/ErasableStrokeView.cpp
xournalpp-1.2.8/src/core/view/ErasableStrokeView.h
xournalpp-1.2.8/src/core/view/GeometryToolView.cpp
xournalpp-1.2.8/src/core/view/GeometryToolView.h
xournalpp-1.2.8/src/core/view/ImageView.cpp
xournalpp-1.2.8/src/core/view/ImageView.h
xournalpp-1.2.8/src/core/view/LayerView.cpp
xournalpp-1.2.8/src/core/view/LayerView.h
xournalpp-1.2.8/src/core/view/Mask.cpp
xournalpp-1.2.8/src/core/view/Mask.h
xournalpp-1.2.8/src/core/view/Repaintable.h
xournalpp-1.2.8/src/core/view/SetsquareView.cpp
xournalpp-1.2.8/src/core/view/SetsquareView.h
xournalpp-1.2.8/src/core/view/StrokeView.cpp
xournalpp-1.2.8/src/core/view/StrokeView.h
xournalpp-1.2.8/src/core/view/StrokeViewHelper.cpp
xournalpp-1.2.8/src/core/view/StrokeViewHelper.h
xournalpp-1.2.8/src/core/view/TexImageView.cpp
xournalpp-1.2.8/src/core/view/TexImageView.h
xournalpp-1.2.8/src/core/view/TextView.cpp
xournalpp-1.2.8/src/core/view/TextView.h
xournalpp-1.2.8/src/core/view/View.h
xournalpp-1.2.8/src/core/view/background/
xournalpp-1.2.8/src/core/view/background/BackgroundView.cpp
xournalpp-1.2.8/src/core/view/background/BackgroundView.h
xournalpp-1.2.8/src/core/view/background/BaseIsometricBackgroundView.cpp
xournalpp-1.2.8/src/core/view/background/BaseIsometricBackgroundView.h
xournalpp-1.2.8/src/core/view/background/DottedBackgroundView.cpp
xournalpp-1.2.8/src/core/view/background/DottedBackgroundView.h
xournalpp-1.2.8/src/core/view/background/GraphBackgroundView.cpp
xournalpp-1.2.8/src/core/view/background/GraphBackgroundView.h
xournalpp-1.2.8/src/core/view/background/ImageBackgroundView.cpp
xournalpp-1.2.8/src/core/view/background/ImageBackgroundView.h
xournalpp-1.2.8/src/core/view/background/IsoDottedBackgroundView.cpp
xournalpp-1.2.8/src/core/view/background/IsoDottedBackgroundView.h
xournalpp-1.2.8/src/core/view/background/IsoGraphBackgroundView.cpp
xournalpp-1.2.8/src/core/view/background/IsoGraphBackgroundView.h
xournalpp-1.2.8/src/core/view/background/LinedBackgroundView.cpp
xournalpp-1.2.8/src/core/view/background/LinedBackgroundView.h
xournalpp-1.2.8/src/core/view/background/OneColorBackgroundView.cpp
xournalpp-1.2.8/src/core/view/background/OneColorBackgroundView.h
xournalpp-1.2.8/src/core/view/background/PdfBackgroundView.cpp
xournalpp-1.2.8/src/core/view/background/PdfBackgroundView.h
xournalpp-1.2.8/src/core/view/background/PlainBackgroundView.cpp
xournalpp-1.2.8/src/core/view/background/PlainBackgroundView.h
xournalpp-1.2.8/src/core/view/background/RuledBackgroundView.cpp
xournalpp-1.2.8/src/core/view/background/RuledBackgroundView.h
xournalpp-1.2.8/src/core/view/background/StavesBackgroundView.cpp
xournalpp-1.2.8/src/core/view/background/StavesBackgroundView.h
xournalpp-1.2.8/src/core/view/background/TransparentCheckerboardBackgroundView.cpp
xournalpp-1.2.8/src/core/view/background/TransparentCheckerboardBackgroundView.h
xournalpp-1.2.8/src/core/view/overlays/
xournalpp-1.2.8/src/core/view/overlays/BaseShapeOrSplineToolView.cpp
xournalpp-1.2.8/src/core/view/overlays/BaseShapeOrSplineToolView.h
xournalpp-1.2.8/src/core/view/overlays/BaseStrokeToolView.cpp
xournalpp-1.2.8/src/core/view/overlays/BaseStrokeToolView.h
xournalpp-1.2.8/src/core/view/overlays/OverlayView.h
xournalpp-1.2.8/src/core/view/overlays/PdfElementSelectionView.cpp
xournalpp-1.2.8/src/core/view/overlays/PdfElementSelectionView.h
xournalpp-1.2.8/src/core/view/overlays/SearchResultView.cpp
xournalpp-1.2.8/src/core/view/overlays/SearchResultView.h
xournalpp-1.2.8/src/core/view/overlays/SelectionView.cpp
xournalpp-1.2.8/src/core/view/overlays/SelectionView.h
xournalpp-1.2.8/src/core/view/overlays/ShapeToolView.cpp
xournalpp-1.2.8/src/core/view/overlays/ShapeToolView.h
xournalpp-1.2.8/src/core/view/overlays/SplineToolView.cpp
xournalpp-1.2.8/src/core/view/overlays/SplineToolView.h
xournalpp-1.2.8/src/core/view/overlays/StrokeToolFilledHighlighterView.cpp
xournalpp-1.2.8/src/core/view/overlays/StrokeToolFilledHighlighterView.h
xournalpp-1.2.8/src/core/view/overlays/StrokeToolFilledView.cpp
xournalpp-1.2.8/src/core/view/overlays/StrokeToolFilledView.h
xournalpp-1.2.8/src/core/view/overlays/StrokeToolView.cpp
xournalpp-1.2.8/src/core/view/overlays/StrokeToolView.h
xournalpp-1.2.8/src/core/view/overlays/TextEditionView.cpp
xournalpp-1.2.8/src/core/view/overlays/TextEditionView.h
xournalpp-1.2.8/src/core/view/overlays/VerticalToolView.cpp
xournalpp-1.2.8/src/core/view/overlays/VerticalToolView.h
xournalpp-1.2.8/src/exe/
xournalpp-1.2.8/src/exe/Xournalpp.cpp
xournalpp-1.2.8/src/exe/osx/
xournalpp-1.2.8/src/exe/osx/setup-env.cpp
xournalpp-1.2.8/src/exe/osx/setup-env.h
xournalpp-1.2.8/src/exe/win32/
xournalpp-1.2.8/src/exe/win32/console.cpp
xournalpp-1.2.8/src/exe/win32/console.h
xournalpp-1.2.8/src/exe/win32/gui_main.cpp
xournalpp-1.2.8/src/exe/win32/xpp.rc.in
xournalpp-1.2.8/src/filesystem.h.in
xournalpp-1.2.8/src/util/
xournalpp-1.2.8/src/util/CMakeLists.txt
xournalpp-1.2.8/src/util/Color.cpp
xournalpp-1.2.8/src/util/ElementRange.cpp
xournalpp-1.2.8/src/util/GzUtil.cpp
xournalpp-1.2.8/src/util/NamedColor.cpp
xournalpp-1.2.8/src/util/OutputStream.cpp
xournalpp-1.2.8/src/util/PathUtil.cpp
xournalpp-1.2.8/src/util/PlaceholderString.cpp
xournalpp-1.2.8/src/util/Range.cpp
xournalpp-1.2.8/src/util/SaveNameUtils.cpp
xournalpp-1.2.8/src/util/Stacktrace.cpp
xournalpp-1.2.8/src/util/StringUtils.cpp
xournalpp-1.2.8/src/util/Util.cpp
xournalpp-1.2.8/src/util/XojMsgBox.cpp
xournalpp-1.2.8/src/util/XojPreviewExtractor.cpp
xournalpp-1.2.8/src/util/include/
xournalpp-1.2.8/src/util/include/util/
xournalpp-1.2.8/src/util/include/util/BasePointerIterator.h
xournalpp-1.2.8/src/util/include/util/CircularBuffer.h
xournalpp-1.2.8/src/util/include/util/Color.h
xournalpp-1.2.8/src/util/include/util/DispatchPool.h
xournalpp-1.2.8/src/util/include/util/ElementRange.h
xournalpp-1.2.8/src/util/include/util/GListView.h
xournalpp-1.2.8/src/util/include/util/GzUtil.h
xournalpp-1.2.8/src/util/include/util/Interval.h
xournalpp-1.2.8/src/util/include/util/LoopUtil.h
xournalpp-1.2.8/src/util/include/util/NamedColor.h
xournalpp-1.2.8/src/util/include/util/OutputStream.h
xournalpp-1.2.8/src/util/include/util/PairView.h
xournalpp-1.2.8/src/util/include/util/PathUtil.h
xournalpp-1.2.8/src/util/include/util/PlaceholderString.h
xournalpp-1.2.8/src/util/include/util/Point.h
xournalpp-1.2.8/src/util/include/util/Range.h
xournalpp-1.2.8/src/util/include/util/Rectangle.h
xournalpp-1.2.8/src/util/include/util/SaveNameUtils.h
xournalpp-1.2.8/src/util/include/util/SmallVector.h
xournalpp-1.2.8/src/util/include/util/Stacktrace.h
xournalpp-1.2.8/src/util/include/util/StringUtils.h
xournalpp-1.2.8/src/util/include/util/TinyVector.h
xournalpp-1.2.8/src/util/include/util/TypeIfThenElse.h
xournalpp-1.2.8/src/util/include/util/UnionOfIntervals.h
xournalpp-1.2.8/src/util/include/util/Util.h
xournalpp-1.2.8/src/util/include/util/XojMsgBox.h
xournalpp-1.2.8/src/util/include/util/XojPreviewExtractor.h
xournalpp-1.2.8/src/util/include/util/glib_casts.h
xournalpp-1.2.8/src/util/include/util/gtk4_helper.h
xournalpp-1.2.8/src/util/include/util/i18n.h
xournalpp-1.2.8/src/util/include/util/logger/
xournalpp-1.2.8/src/util/include/util/logger/Logger.h
xournalpp-1.2.8/src/util/include/util/pixbuf-utils.h
xournalpp-1.2.8/src/util/include/util/raii/
xournalpp-1.2.8/src/util/include/util/raii/CLibrariesSPtr.h
xournalpp-1.2.8/src/util/include/util/raii/CStringWrapper.h
xournalpp-1.2.8/src/util/include/util/raii/CairoWrappers.h
xournalpp-1.2.8/src/util/include/util/raii/GLibGuards.h
xournalpp-1.2.8/src/util/include/util/raii/GObjectSPtr.h
xournalpp-1.2.8/src/util/include/util/raii/GSourceURef.h
xournalpp-1.2.8/src/util/include/util/raii/IdentityFunction.h
xournalpp-1.2.8/src/util/include/util/raii/PangoSPtr.h
xournalpp-1.2.8/src/util/include/util/safe_casts.h
xournalpp-1.2.8/src/util/include/util/serdesstream.h
xournalpp-1.2.8/src/util/include/util/serializing/
xournalpp-1.2.8/src/util/include/util/serializing/BinObjectEncoding.h
xournalpp-1.2.8/src/util/include/util/serializing/HexObjectEncoding.h
xournalpp-1.2.8/src/util/include/util/serializing/InputStreamException.h
xournalpp-1.2.8/src/util/include/util/serializing/ObjectEncoding.h
xournalpp-1.2.8/src/util/include/util/serializing/ObjectInputStream.h
xournalpp-1.2.8/src/util/include/util/serializing/ObjectOutputStream.h
xournalpp-1.2.8/src/util/include/util/serializing/Serializable.h
xournalpp-1.2.8/src/util/logger/
xournalpp-1.2.8/src/util/logger/Logger.cpp
xournalpp-1.2.8/src/util/pixbuf-utils.cpp
xournalpp-1.2.8/src/util/raii/
xournalpp-1.2.8/src/util/raii/CStringWrapper.cpp
xournalpp-1.2.8/src/util/serializing/
xournalpp-1.2.8/src/util/serializing/BinObjectEncoding.cpp
xournalpp-1.2.8/src/util/serializing/HexObjectEncoding.cpp
xournalpp-1.2.8/src/util/serializing/InputStreamException.cpp
xournalpp-1.2.8/src/util/serializing/ObjectEncoding.cpp
xournalpp-1.2.8/src/util/serializing/ObjectInputStream.cpp
xournalpp-1.2.8/src/util/serializing/ObjectOutputStream.cpp
xournalpp-1.2.8/src/xoj-preview-extractor/
xournalpp-1.2.8/src/xoj-preview-extractor/CMakeLists.txt
xournalpp-1.2.8/src/xoj-preview-extractor/desktop-install.sh
xournalpp-1.2.8/src/xoj-preview-extractor/xournalpp-thumbnailer-xoj.schemas
xournalpp-1.2.8/src/xoj-preview-extractor/xournalpp-thumbnailer.cpp
xournalpp-1.2.8/test/
xournalpp-1.2.8/test/CMakeLists.txt
xournalpp-1.2.8/test/README.md
xournalpp-1.2.8/test/config-test.h.in
xournalpp-1.2.8/test/files/
xournalpp-1.2.8/test/files/README
xournalpp-1.2.8/test/files/big-test.xoj
xournalpp-1.2.8/test/files/cjk/
xournalpp-1.2.8/test/files/cjk/测试.pdf
xournalpp-1.2.8/test/files/cjk/测试.unzipped.xopp
xournalpp-1.2.8/test/files/cjk/测试.xopp
xournalpp-1.2.8/test/files/images/
xournalpp-1.2.8/test/files/images/r90.jpg
xournalpp-1.2.8/test/files/load/
xournalpp-1.2.8/test/files/load/layer.xml
xournalpp-1.2.8/test/files/load/layer.xoj
xournalpp-1.2.8/test/files/load/linebreaksLatex.xopp
xournalpp-1.2.8/test/files/load/pages.xml
xournalpp-1.2.8/test/files/load/pages.xoj
xournalpp-1.2.8/test/files/load/pages.xoj.bg_1.png
xournalpp-1.2.8/test/files/load/test.xoi
xournalpp-1.2.8/test/files/load/text.xml
xournalpp-1.2.8/test/files/packaged_xopp/
xournalpp-1.2.8/test/files/packaged_xopp/audioAttachment/
xournalpp-1.2.8/test/files/packaged_xopp/audioAttachment/new.xopp
xournalpp-1.2.8/test/files/packaged_xopp/audioAttachment/old.xopp
xournalpp-1.2.8/test/files/packaged_xopp/audioAttachment/test.ogg
xournalpp-1.2.8/test/files/packaged_xopp/big-test.xopp
xournalpp-1.2.8/test/files/packaged_xopp/imgAttachment/
xournalpp-1.2.8/test/files/packaged_xopp/imgAttachment/doc_with_jpg.xopp
xournalpp-1.2.8/test/files/packaged_xopp/imgAttachment/new.xopp
xournalpp-1.2.8/test/files/packaged_xopp/imgAttachment/old.xopp
xournalpp-1.2.8/test/files/packaged_xopp/imgBackground/
xournalpp-1.2.8/test/files/packaged_xopp/imgBackground/new.xopp
xournalpp-1.2.8/test/files/packaged_xopp/imgBackground/old.xopp
xournalpp-1.2.8/test/files/packaged_xopp/imgBackground/old.xopp.bg_1.png
xournalpp-1.2.8/test/files/packaged_xopp/layer.xopp
xournalpp-1.2.8/test/files/packaged_xopp/pages.xopp
xournalpp-1.2.8/test/files/packaged_xopp/pdfBackground/
xournalpp-1.2.8/test/files/packaged_xopp/pdfBackground/new.xopp
xournalpp-1.2.8/test/files/packaged_xopp/pdfBackground/old.xopp
xournalpp-1.2.8/test/files/packaged_xopp/pdfBackground/old.xopp.bg.pdf
xournalpp-1.2.8/test/files/packaged_xopp/stroke/
xournalpp-1.2.8/test/files/packaged_xopp/stroke/new.xopp
xournalpp-1.2.8/test/files/packaged_xopp/stroke/old.xopp
xournalpp-1.2.8/test/files/packaged_xopp/stroke/width_recovery.xopp
xournalpp-1.2.8/test/files/packaged_xopp/suite.xopp
xournalpp-1.2.8/test/files/packaged_xopp/suite_float_bw_compat.xopp
xournalpp-1.2.8/test/files/packaged_xopp/test.xopp
xournalpp-1.2.8/test/files/packaged_xopp/testPreview.xopp
xournalpp-1.2.8/test/files/packaged_xopp/testPreview2.xopp
xournalpp-1.2.8/test/files/packaged_xopp/text.xopp
xournalpp-1.2.8/test/files/pageTypeFormatCopy.xopp
xournalpp-1.2.8/test/files/palettes/
xournalpp-1.2.8/test/files/palettes/bad_color_1.gpl
xournalpp-1.2.8/test/files/palettes/bad_color_2.gpl
xournalpp-1.2.8/test/files/palettes/bad_color_3.gpl
xournalpp-1.2.8/test/files/palettes/broken_attribute.gpl
xournalpp-1.2.8/test/files/palettes/default.gpl
xournalpp-1.2.8/test/files/palettes/empty.gpl
xournalpp-1.2.8/test/files/palettes/not_broken_attribute.gpl
xournalpp-1.2.8/test/files/palettes/rainbow.gpl
xournalpp-1.2.8/test/files/palettes/wrong_header.gpl
xournalpp-1.2.8/test/files/preview-test-invalid.xoj
xournalpp-1.2.8/test/files/preview-test-no-preview.unzipped.xoj
xournalpp-1.2.8/test/files/preview-test.unzipped.xoj
xournalpp-1.2.8/test/files/preview-test.xoj
xournalpp-1.2.8/test/files/preview-test2.xoj
xournalpp-1.2.8/test/files/test1.unzipped.xoj
xournalpp-1.2.8/test/files/test1.xoj
xournalpp-1.2.8/test/main.cpp
xournalpp-1.2.8/test/unit_tests/
xournalpp-1.2.8/test/unit_tests/control/
xournalpp-1.2.8/test/unit_tests/control/LoadHandlerTest.cpp
xournalpp-1.2.8/test/unit_tests/control/ToolEnumsTest.cpp
xournalpp-1.2.8/test/unit_tests/model/
xournalpp-1.2.8/test/unit_tests/model/ColorPaletteTest.cpp
xournalpp-1.2.8/test/unit_tests/model/DocumentNameTest.cpp
xournalpp-1.2.8/test/unit_tests/model/ErasableStrokeTest.cpp
xournalpp-1.2.8/test/unit_tests/model/ImageTest.cpp
xournalpp-1.2.8/test/unit_tests/model/LineStyleTest.cpp
xournalpp-1.2.8/test/unit_tests/model/StrokeStyleTest.cpp
xournalpp-1.2.8/test/unit_tests/util/
xournalpp-1.2.8/test/unit_tests/util/ColorTest.cpp
xournalpp-1.2.8/test/unit_tests/util/ElementRangeTest.cpp
xournalpp-1.2.8/test/unit_tests/util/I18nTest.cpp
xournalpp-1.2.8/test/unit_tests/util/IntervalTest.cpp
xournalpp-1.2.8/test/unit_tests/util/ObjectIOStreamTest.cpp
xournalpp-1.2.8/test/unit_tests/util/PathTest.cpp
xournalpp-1.2.8/test/unit_tests/util/RAIIWrappersTest.cpp
xournalpp-1.2.8/test/unit_tests/util/RangeTest.cpp
xournalpp-1.2.8/test/unit_tests/util/SaveNameUtilsTest.cpp
xournalpp-1.2.8/test/unit_tests/util/StringUtilsTest.cpp
xournalpp-1.2.8/test/unit_tests/util/TinySmallVectorTest.cpp
xournalpp-1.2.8/test/unit_tests/util/XojPreviewExtractorTest.cpp
xournalpp-1.2.8/ui/
xournalpp-1.2.8/ui/README.md
xournalpp-1.2.8/ui/about.glade
xournalpp-1.2.8/ui/exportSettings.glade
xournalpp-1.2.8/ui/fillOpacity.glade
xournalpp-1.2.8/ui/goto.glade
xournalpp-1.2.8/ui/iconsColor-dark/
xournalpp-1.2.8/ui/iconsColor-dark/hicolor/
xournalpp-1.2.8/ui/iconsColor-dark/hicolor/24x24/
xournalpp-1.2.8/ui/iconsColor-dark/hicolor/24x24/actions/
xournalpp-1.2.8/ui/iconsColor-dark/hicolor/24x24/actions/xopp-page-spinner.svg
xournalpp-1.2.8/ui/iconsColor-dark/hicolor/index.theme
xournalpp-1.2.8/ui/iconsColor-dark/hicolor/scalable/
xournalpp-1.2.8/ui/iconsColor-dark/hicolor/scalable/actions/
xournalpp-1.2.8/ui/iconsColor-dark/hicolor/scalable/actions/xopp-audio-playback-pause.svg
xournalpp-1.2.8/ui/iconsColor-dark/hicolor/scalable/actions/xopp-audio-playback-stop.svg
xournalpp-1.2.8/ui/iconsColor-dark/hicolor/scalable/actions/xopp-audio-record.svg
xournalpp-1.2.8/ui/iconsColor-dark/hicolor/scalable/actions/xopp-audio-seek-backwards.svg
xournalpp-1.2.8/ui/iconsColor-dark/hicolor/scalable/actions/xopp-audio-seek-forwards.svg
xournalpp-1.2.8/ui/iconsColor-dark/hicolor/scalable/actions/xopp-combo-drawing-type.svg
xournalpp-1.2.8/ui/iconsColor-dark/hicolor/scalable/actions/xopp-combo-layer.svg
xournalpp-1.2.8/ui/iconsColor-dark/hicolor/scalable/actions/xopp-combo-selection.svg
xournalpp-1.2.8/ui/iconsColor-dark/hicolor/scalable/actions/xopp-compass.svg
xournalpp-1.2.8/ui/iconsColor-dark/hicolor/scalable/actions/xopp-default.svg
xournalpp-1.2.8/ui/iconsColor-dark/hicolor/scalable/actions/xopp-document-export-pdf.svg
xournalpp-1.2.8/ui/iconsColor-dark/hicolor/scalable/actions/xopp-document-new.svg
xournalpp-1.2.8/ui/iconsColor-dark/hicolor/scalable/actions/xopp-document-open.svg
xournalpp-1.2.8/ui/iconsColor-dark/hicolor/scalable/actions/xopp-document-print.svg
xournalpp-1.2.8/ui/iconsColor-dark/hicolor/scalable/actions/xopp-document-save.svg
xournalpp-1.2.8/ui/iconsColor-dark/hicolor/scalable/actions/xopp-draw-arrow.svg
xournalpp-1.2.8/ui/iconsColor-dark/hicolor/scalable/actions/xopp-draw-coordinate-system.svg
xournalpp-1.2.8/ui/iconsColor-dark/hicolor/scalable/actions/xopp-draw-double-arrow.svg
xournalpp-1.2.8/ui/iconsColor-dark/hicolor/scalable/actions/xopp-draw-ellipse.svg
xournalpp-1.2.8/ui/iconsColor-dark/hicolor/scalable/actions/xopp-draw-line.svg
xournalpp-1.2.8/ui/iconsColor-dark/hicolor/scalable/actions/xopp-draw-rect.svg
xournalpp-1.2.8/ui/iconsColor-dark/hicolor/scalable/actions/xopp-draw-spline.svg
xournalpp-1.2.8/ui/iconsColor-dark/hicolor/scalable/actions/xopp-edit-copy.svg
xournalpp-1.2.8/ui/iconsColor-dark/hicolor/scalable/actions/xopp-edit-cut.svg
xournalpp-1.2.8/ui/iconsColor-dark/hicolor/scalable/actions/xopp-edit-paste.svg
xournalpp-1.2.8/ui/iconsColor-dark/hicolor/scalable/actions/xopp-edit-redo.svg
xournalpp-1.2.8/ui/iconsColor-dark/hicolor/scalable/actions/xopp-edit-undo.svg
xournalpp-1.2.8/ui/iconsColor-dark/hicolor/scalable/actions/xopp-fill.svg
xournalpp-1.2.8/ui/iconsColor-dark/hicolor/scalable/actions/xopp-floating-toolbox.svg
xournalpp-1.2.8/ui/iconsColor-dark/hicolor/scalable/actions/xopp-fullscreen.svg
xournalpp-1.2.8/ui/iconsColor-dark/hicolor/scalable/actions/xopp-go-to.svg
xournalpp-1.2.8/ui/iconsColor-dark/hicolor/scalable/actions/xopp-hand.svg
xournalpp-1.2.8/ui/iconsColor-dark/hicolor/scalable/actions/xopp-line-style-dash-dot.svg
xournalpp-1.2.8/ui/iconsColor-dark/hicolor/scalable/actions/xopp-line-style-dash.svg
xournalpp-1.2.8/ui/iconsColor-dark/hicolor/scalable/actions/xopp-line-style-dot.svg
xournalpp-1.2.8/ui/iconsColor-dark/hicolor/scalable/actions/xopp-line-style-plain.svg
xournalpp-1.2.8/ui/iconsColor-dark/hicolor/scalable/actions/xopp-object-play.svg
xournalpp-1.2.8/ui/iconsColor-dark/hicolor/scalable/actions/xopp-object-select.svg
xournalpp-1.2.8/ui/iconsColor-dark/hicolor/scalable/actions/xopp-page-add.svg
xournalpp-1.2.8/ui/iconsColor-dark/hicolor/scalable/actions/xopp-page-annotated-next.svg
xournalpp-1.2.8/ui/iconsColor-dark/hicolor/scalable/actions/xopp-page-delete.svg
xournalpp-1.2.8/ui/iconsColor-dark/hicolor/scalable/actions/xopp-pen-fill-opacity.svg
xournalpp-1.2.8/ui/iconsColor-dark/hicolor/scalable/actions/xopp-presentation-mode.svg
xournalpp-1.2.8/ui/iconsColor-dark/hicolor/scalable/actions/xopp-select-lasso.svg
xournalpp-1.2.8/ui/iconsColor-dark/hicolor/scalable/actions/xopp-select-multilayer-lasso.svg
xournalpp-1.2.8/ui/iconsColor-dark/hicolor/scalable/actions/xopp-select-multilayer-rect.svg
xournalpp-1.2.8/ui/iconsColor-dark/hicolor/scalable/actions/xopp-select-rect.svg
xournalpp-1.2.8/ui/iconsColor-dark/hicolor/scalable/actions/xopp-setsquare.svg
xournalpp-1.2.8/ui/iconsColor-dark/hicolor/scalable/actions/xopp-shape-recognizer.svg
xournalpp-1.2.8/ui/iconsColor-dark/hicolor/scalable/actions/xopp-show-paired-pages.svg
xournalpp-1.2.8/ui/iconsColor-dark/hicolor/scalable/actions/xopp-sidebar-index.svg
xournalpp-1.2.8/ui/iconsColor-dark/hicolor/scalable/actions/xopp-sidebar-layer.svg
xournalpp-1.2.8/ui/iconsColor-dark/hicolor/scalable/actions/xopp-sidebar-layerstack.svg
xournalpp-1.2.8/ui/iconsColor-dark/hicolor/scalable/actions/xopp-sidebar-page-preview.svg
xournalpp-1.2.8/ui/iconsColor-dark/hicolor/scalable/actions/xopp-snapping-grid.svg
xournalpp-1.2.8/ui/iconsColor-dark/hicolor/scalable/actions/xopp-snapping-rotation.svg
xournalpp-1.2.8/ui/iconsColor-dark/hicolor/scalable/actions/xopp-spacer.svg
xournalpp-1.2.8/ui/iconsColor-dark/hicolor/scalable/actions/xopp-thickness-fine.svg
xournalpp-1.2.8/ui/iconsColor-dark/hicolor/scalable/actions/xopp-thickness-finer.svg
xournalpp-1.2.8/ui/iconsColor-dark/hicolor/scalable/actions/xopp-thickness-medium.svg
xournalpp-1.2.8/ui/iconsColor-dark/hicolor/scalable/actions/xopp-thickness-thick.svg
xournalpp-1.2.8/ui/iconsColor-dark/hicolor/scalable/actions/xopp-thickness-thicker.svg
xournalpp-1.2.8/ui/iconsColor-dark/hicolor/scalable/actions/xopp-tool-eraser.svg
xournalpp-1.2.8/ui/iconsColor-dark/hicolor/scalable/actions/xopp-tool-highlighter.svg
xournalpp-1.2.8/ui/iconsColor-dark/hicolor/scalable/actions/xopp-tool-image.svg
xournalpp-1.2.8/ui/iconsColor-dark/hicolor/scalable/actions/xopp-tool-math-tex.svg
xournalpp-1.2.8/ui/iconsColor-dark/hicolor/scalable/actions/xopp-tool-pencil.svg
xournalpp-1.2.8/ui/iconsColor-dark/hicolor/scalable/actions/xopp-tool-text.svg
xournalpp-1.2.8/ui/iconsColor-dark/hicolor/scalable/actions/xopp-toolbars-customize.svg
xournalpp-1.2.8/ui/iconsColor-dark/hicolor/scalable/actions/xopp-toolbars-manage.svg
xournalpp-1.2.8/ui/iconsColor-dark/hicolor/scalable/actions/xopp-transparent.svg
xournalpp-1.2.8/ui/iconsColor-dark/hicolor/scalable/actions/xopp-zoom-slider.svg
xournalpp-1.2.8/ui/iconsColor-light/
xournalpp-1.2.8/ui/iconsColor-light/hicolor/
xournalpp-1.2.8/ui/iconsColor-light/hicolor/index.theme
xournalpp-1.2.8/ui/iconsColor-light/hicolor/scalable/
xournalpp-1.2.8/ui/iconsColor-light/hicolor/scalable/actions/
xournalpp-1.2.8/ui/iconsColor-light/hicolor/scalable/actions/xopp-combo-drawing-type.svg
xournalpp-1.2.8/ui/iconsColor-light/hicolor/scalable/actions/xopp-combo-layer.svg
xournalpp-1.2.8/ui/iconsColor-light/hicolor/scalable/actions/xopp-draw-arrow.svg
xournalpp-1.2.8/ui/iconsColor-light/hicolor/scalable/actions/xopp-draw-coordinate-system.svg
xournalpp-1.2.8/ui/iconsColor-light/hicolor/scalable/actions/xopp-draw-double-arrow.svg
xournalpp-1.2.8/ui/iconsColor-light/hicolor/scalable/actions/xopp-draw-ellipse.svg
xournalpp-1.2.8/ui/iconsColor-light/hicolor/scalable/actions/xopp-draw-line.svg
xournalpp-1.2.8/ui/iconsColor-light/hicolor/scalable/actions/xopp-draw-rect.svg
xournalpp-1.2.8/ui/iconsColor-light/hicolor/scalable/actions/xopp-draw-spline.svg
xournalpp-1.2.8/ui/iconsColor-light/hicolor/scalable/actions/xopp-line-style-dash-dot.svg
xournalpp-1.2.8/ui/iconsColor-light/hicolor/scalable/actions/xopp-line-style-dash.svg
xournalpp-1.2.8/ui/iconsColor-light/hicolor/scalable/actions/xopp-line-style-dot.svg
xournalpp-1.2.8/ui/iconsColor-light/hicolor/scalable/actions/xopp-line-style-plain.svg
xournalpp-1.2.8/ui/iconsColor-light/hicolor/scalable/actions/xopp-presentation-mode.svg
xournalpp-1.2.8/ui/iconsColor-light/hicolor/scalable/actions/xopp-select-pdf-text-area.svg
xournalpp-1.2.8/ui/iconsColor-light/hicolor/scalable/actions/xopp-select-pdf-text-ht.svg
xournalpp-1.2.8/ui/iconsColor-light/hicolor/scalable/actions/xopp-sidebar-layer.svg
xournalpp-1.2.8/ui/iconsColor-light/hicolor/scalable/actions/xopp-sidebar-layerstack.svg
xournalpp-1.2.8/ui/iconsColor-light/hicolor/scalable/actions/xopp-snapping-rotation.svg
xournalpp-1.2.8/ui/iconsColor-light/hicolor/scalable/actions/xopp-thickness-fine.svg
xournalpp-1.2.8/ui/iconsColor-light/hicolor/scalable/actions/xopp-thickness-finer.svg
xournalpp-1.2.8/ui/iconsColor-light/hicolor/scalable/actions/xopp-thickness-medium.svg
xournalpp-1.2.8/ui/iconsColor-light/hicolor/scalable/actions/xopp-thickness-thick.svg
xournalpp-1.2.8/ui/iconsColor-light/hicolor/scalable/actions/xopp-thickness-thicker.svg
xournalpp-1.2.8/ui/iconsColor-light/hicolor/scalable/actions/xopp-tool-math-tex.svg
xournalpp-1.2.8/ui/iconsColor-light/hicolor/scalable/actions/xopp-tool-text.svg
xournalpp-1.2.8/ui/iconsLucide-dark/
xournalpp-1.2.8/ui/iconsLucide-dark/hicolor/
xournalpp-1.2.8/ui/iconsLucide-dark/hicolor/24x24/
xournalpp-1.2.8/ui/iconsLucide-dark/hicolor/24x24/actions/
xournalpp-1.2.8/ui/iconsLucide-dark/hicolor/24x24/actions/xopp-page-spinner.svg
xournalpp-1.2.8/ui/iconsLucide-dark/hicolor/index.theme
xournalpp-1.2.8/ui/iconsLucide-dark/hicolor/scalable/
xournalpp-1.2.8/ui/iconsLucide-dark/hicolor/scalable/actions/
xournalpp-1.2.8/ui/iconsLucide-dark/hicolor/scalable/actions/xopp-audio-playback-pause.svg
xournalpp-1.2.8/ui/iconsLucide-dark/hicolor/scalable/actions/xopp-audio-playback-stop.svg
xournalpp-1.2.8/ui/iconsLucide-dark/hicolor/scalable/actions/xopp-audio-record.svg
xournalpp-1.2.8/ui/iconsLucide-dark/hicolor/scalable/actions/xopp-audio-seek-backwards.svg
xournalpp-1.2.8/ui/iconsLucide-dark/hicolor/scalable/actions/xopp-audio-seek-forwards.svg
xournalpp-1.2.8/ui/iconsLucide-dark/hicolor/scalable/actions/xopp-combo-drawing-type.svg
xournalpp-1.2.8/ui/iconsLucide-dark/hicolor/scalable/actions/xopp-combo-layer.svg
xournalpp-1.2.8/ui/iconsLucide-dark/hicolor/scalable/actions/xopp-combo-selection.svg
xournalpp-1.2.8/ui/iconsLucide-dark/hicolor/scalable/actions/xopp-compass.svg
xournalpp-1.2.8/ui/iconsLucide-dark/hicolor/scalable/actions/xopp-default.svg
xournalpp-1.2.8/ui/iconsLucide-dark/hicolor/scalable/actions/xopp-document-export-pdf.svg
xournalpp-1.2.8/ui/iconsLucide-dark/hicolor/scalable/actions/xopp-document-new.svg
xournalpp-1.2.8/ui/iconsLucide-dark/hicolor/scalable/actions/xopp-document-open.svg
xournalpp-1.2.8/ui/iconsLucide-dark/hicolor/scalable/actions/xopp-document-print.svg
xournalpp-1.2.8/ui/iconsLucide-dark/hicolor/scalable/actions/xopp-document-save.svg
xournalpp-1.2.8/ui/iconsLucide-dark/hicolor/scalable/actions/xopp-draw-arrow.svg
xournalpp-1.2.8/ui/iconsLucide-dark/hicolor/scalable/actions/xopp-draw-coordinate-system.svg
xournalpp-1.2.8/ui/iconsLucide-dark/hicolor/scalable/actions/xopp-draw-ellipse.svg
xournalpp-1.2.8/ui/iconsLucide-dark/hicolor/scalable/actions/xopp-draw-line.svg
xournalpp-1.2.8/ui/iconsLucide-dark/hicolor/scalable/actions/xopp-draw-rect.svg
xournalpp-1.2.8/ui/iconsLucide-dark/hicolor/scalable/actions/xopp-draw-spline.svg
xournalpp-1.2.8/ui/iconsLucide-dark/hicolor/scalable/actions/xopp-edit-copy.svg
xournalpp-1.2.8/ui/iconsLucide-dark/hicolor/scalable/actions/xopp-edit-cut.svg
xournalpp-1.2.8/ui/iconsLucide-dark/hicolor/scalable/actions/xopp-edit-paste.svg
xournalpp-1.2.8/ui/iconsLucide-dark/hicolor/scalable/actions/xopp-edit-redo.svg
xournalpp-1.2.8/ui/iconsLucide-dark/hicolor/scalable/actions/xopp-edit-undo.svg
xournalpp-1.2.8/ui/iconsLucide-dark/hicolor/scalable/actions/xopp-fill.svg
xournalpp-1.2.8/ui/iconsLucide-dark/hicolor/scalable/actions/xopp-floating-toolbox.svg
xournalpp-1.2.8/ui/iconsLucide-dark/hicolor/scalable/actions/xopp-fullscreen.svg
xournalpp-1.2.8/ui/iconsLucide-dark/hicolor/scalable/actions/xopp-go-to.svg
xournalpp-1.2.8/ui/iconsLucide-dark/hicolor/scalable/actions/xopp-hand.svg
xournalpp-1.2.8/ui/iconsLucide-dark/hicolor/scalable/actions/xopp-line-style-dash-dot.svg
xournalpp-1.2.8/ui/iconsLucide-dark/hicolor/scalable/actions/xopp-line-style-dash.svg
xournalpp-1.2.8/ui/iconsLucide-dark/hicolor/scalable/actions/xopp-line-style-dot.svg
xournalpp-1.2.8/ui/iconsLucide-dark/hicolor/scalable/actions/xopp-line-style-plain.svg
xournalpp-1.2.8/ui/iconsLucide-dark/hicolor/scalable/actions/xopp-object-play.svg
xournalpp-1.2.8/ui/iconsLucide-dark/hicolor/scalable/actions/xopp-object-select.svg
xournalpp-1.2.8/ui/iconsLucide-dark/hicolor/scalable/actions/xopp-page-add.svg
xournalpp-1.2.8/ui/iconsLucide-dark/hicolor/scalable/actions/xopp-page-annotated-next.svg
xournalpp-1.2.8/ui/iconsLucide-dark/hicolor/scalable/actions/xopp-page-delete.svg
xournalpp-1.2.8/ui/iconsLucide-dark/hicolor/scalable/actions/xopp-pen-fill-opacity.svg
xournalpp-1.2.8/ui/iconsLucide-dark/hicolor/scalable/actions/xopp-presentation-mode.svg
xournalpp-1.2.8/ui/iconsLucide-dark/hicolor/scalable/actions/xopp-select-lasso.svg
xournalpp-1.2.8/ui/iconsLucide-dark/hicolor/scalable/actions/xopp-select-pdf-text-area.svg
xournalpp-1.2.8/ui/iconsLucide-dark/hicolor/scalable/actions/xopp-select-pdf-text-ht.svg
xournalpp-1.2.8/ui/iconsLucide-dark/hicolor/scalable/actions/xopp-select-rect.svg
xournalpp-1.2.8/ui/iconsLucide-dark/hicolor/scalable/actions/xopp-setsquare.svg
xournalpp-1.2.8/ui/iconsLucide-dark/hicolor/scalable/actions/xopp-shape-recognizer.svg
xournalpp-1.2.8/ui/iconsLucide-dark/hicolor/scalable/actions/xopp-show-paired-pages.svg
xournalpp-1.2.8/ui/iconsLucide-dark/hicolor/scalable/actions/xopp-sidebar-index.svg
xournalpp-1.2.8/ui/iconsLucide-dark/hicolor/scalable/actions/xopp-sidebar-layer.svg
xournalpp-1.2.8/ui/iconsLucide-dark/hicolor/scalable/actions/xopp-sidebar-layerstack.svg
xournalpp-1.2.8/ui/iconsLucide-dark/hicolor/scalable/actions/xopp-sidebar-page-preview.svg
xournalpp-1.2.8/ui/iconsLucide-dark/hicolor/scalable/actions/xopp-snapping-grid.svg
xournalpp-1.2.8/ui/iconsLucide-dark/hicolor/scalable/actions/xopp-snapping-rotation.svg
xournalpp-1.2.8/ui/iconsLucide-dark/hicolor/scalable/actions/xopp-spacer.svg
xournalpp-1.2.8/ui/iconsLucide-dark/hicolor/scalable/actions/xopp-thickness-fine.svg
xournalpp-1.2.8/ui/iconsLucide-dark/hicolor/scalable/actions/xopp-thickness-finer.svg
xournalpp-1.2.8/ui/iconsLucide-dark/hicolor/scalable/actions/xopp-thickness-medium.svg
xournalpp-1.2.8/ui/iconsLucide-dark/hicolor/scalable/actions/xopp-thickness-thick.svg
xournalpp-1.2.8/ui/iconsLucide-dark/hicolor/scalable/actions/xopp-thickness-thicker.svg
xournalpp-1.2.8/ui/iconsLucide-dark/hicolor/scalable/actions/xopp-tool-eraser.svg
xournalpp-1.2.8/ui/iconsLucide-dark/hicolor/scalable/actions/xopp-tool-highlighter.svg
xournalpp-1.2.8/ui/iconsLucide-dark/hicolor/scalable/actions/xopp-tool-image.svg
xournalpp-1.2.8/ui/iconsLucide-dark/hicolor/scalable/actions/xopp-tool-math-tex.svg
xournalpp-1.2.8/ui/iconsLucide-dark/hicolor/scalable/actions/xopp-tool-pencil.svg
xournalpp-1.2.8/ui/iconsLucide-dark/hicolor/scalable/actions/xopp-tool-text.svg
xournalpp-1.2.8/ui/iconsLucide-dark/hicolor/scalable/actions/xopp-toolbars-customize.svg
xournalpp-1.2.8/ui/iconsLucide-dark/hicolor/scalable/actions/xopp-toolbars-manage.svg
xournalpp-1.2.8/ui/iconsLucide-dark/hicolor/scalable/actions/xopp-transparent.svg
xournalpp-1.2.8/ui/iconsLucide-dark/hicolor/scalable/actions/xopp-zoom-slider.svg
xournalpp-1.2.8/ui/iconsLucide-light/
xournalpp-1.2.8/ui/iconsLucide-light/hicolor/
xournalpp-1.2.8/ui/iconsLucide-light/hicolor/index.theme
xournalpp-1.2.8/ui/iconsLucide-light/hicolor/scalable/
xournalpp-1.2.8/ui/iconsLucide-light/hicolor/scalable/actions/
xournalpp-1.2.8/ui/iconsLucide-light/hicolor/scalable/actions/xopp-audio-playback-pause.svg
xournalpp-1.2.8/ui/iconsLucide-light/hicolor/scalable/actions/xopp-audio-playback-stop.svg
xournalpp-1.2.8/ui/iconsLucide-light/hicolor/scalable/actions/xopp-audio-record.svg
xournalpp-1.2.8/ui/iconsLucide-light/hicolor/scalable/actions/xopp-audio-seek-backwards.svg
xournalpp-1.2.8/ui/iconsLucide-light/hicolor/scalable/actions/xopp-audio-seek-forwards.svg
xournalpp-1.2.8/ui/iconsLucide-light/hicolor/scalable/actions/xopp-combo-drawing-type.svg
xournalpp-1.2.8/ui/iconsLucide-light/hicolor/scalable/actions/xopp-combo-layer.svg
xournalpp-1.2.8/ui/iconsLucide-light/hicolor/scalable/actions/xopp-combo-selection.svg
xournalpp-1.2.8/ui/iconsLucide-light/hicolor/scalable/actions/xopp-compass.svg
xournalpp-1.2.8/ui/iconsLucide-light/hicolor/scalable/actions/xopp-default.svg
xournalpp-1.2.8/ui/iconsLucide-light/hicolor/scalable/actions/xopp-document-export-pdf.svg
xournalpp-1.2.8/ui/iconsLucide-light/hicolor/scalable/actions/xopp-document-new.svg
xournalpp-1.2.8/ui/iconsLucide-light/hicolor/scalable/actions/xopp-document-open.svg
xournalpp-1.2.8/ui/iconsLucide-light/hicolor/scalable/actions/xopp-document-print.svg
xournalpp-1.2.8/ui/iconsLucide-light/hicolor/scalable/actions/xopp-document-save.svg
xournalpp-1.2.8/ui/iconsLucide-light/hicolor/scalable/actions/xopp-draw-arrow.svg
xournalpp-1.2.8/ui/iconsLucide-light/hicolor/scalable/actions/xopp-draw-coordinate-system.svg
xournalpp-1.2.8/ui/iconsLucide-light/hicolor/scalable/actions/xopp-draw-ellipse.svg
xournalpp-1.2.8/ui/iconsLucide-light/hicolor/scalable/actions/xopp-draw-line.svg
xournalpp-1.2.8/ui/iconsLucide-light/hicolor/scalable/actions/xopp-draw-rect.svg
xournalpp-1.2.8/ui/iconsLucide-light/hicolor/scalable/actions/xopp-draw-spline.svg
xournalpp-1.2.8/ui/iconsLucide-light/hicolor/scalable/actions/xopp-edit-copy.svg
xournalpp-1.2.8/ui/iconsLucide-light/hicolor/scalable/actions/xopp-edit-cut.svg
xournalpp-1.2.8/ui/iconsLucide-light/hicolor/scalable/actions/xopp-edit-paste.svg
xournalpp-1.2.8/ui/iconsLucide-light/hicolor/scalable/actions/xopp-edit-redo.svg
xournalpp-1.2.8/ui/iconsLucide-light/hicolor/scalable/actions/xopp-edit-undo.svg
xournalpp-1.2.8/ui/iconsLucide-light/hicolor/scalable/actions/xopp-fill.svg
xournalpp-1.2.8/ui/iconsLucide-light/hicolor/scalable/actions/xopp-floating-toolbox.svg
xournalpp-1.2.8/ui/iconsLucide-light/hicolor/scalable/actions/xopp-fullscreen.svg
xournalpp-1.2.8/ui/iconsLucide-light/hicolor/scalable/actions/xopp-go-to.svg
xournalpp-1.2.8/ui/iconsLucide-light/hicolor/scalable/actions/xopp-hand.svg
xournalpp-1.2.8/ui/iconsLucide-light/hicolor/scalable/actions/xopp-line-style-dash-dot.svg
xournalpp-1.2.8/ui/iconsLucide-light/hicolor/scalable/actions/xopp-line-style-dash.svg
xournalpp-1.2.8/ui/iconsLucide-light/hicolor/scalable/actions/xopp-line-style-dot.svg
xournalpp-1.2.8/ui/iconsLucide-light/hicolor/scalable/actions/xopp-line-style-plain.svg
xournalpp-1.2.8/ui/iconsLucide-light/hicolor/scalable/actions/xopp-object-play.svg
xournalpp-1.2.8/ui/iconsLucide-light/hicolor/scalable/actions/xopp-object-select.svg
xournalpp-1.2.8/ui/iconsLucide-light/hicolor/scalable/actions/xopp-page-add.svg
xournalpp-1.2.8/ui/iconsLucide-light/hicolor/scalable/actions/xopp-page-annotated-next.svg
xournalpp-1.2.8/ui/iconsLucide-light/hicolor/scalable/actions/xopp-page-delete.svg
xournalpp-1.2.8/ui/iconsLucide-light/hicolor/scalable/actions/xopp-pen-fill-opacity.svg
xournalpp-1.2.8/ui/iconsLucide-light/hicolor/scalable/actions/xopp-presentation-mode.svg
xournalpp-1.2.8/ui/iconsLucide-light/hicolor/scalable/actions/xopp-select-lasso.svg
xournalpp-1.2.8/ui/iconsLucide-light/hicolor/scalable/actions/xopp-select-pdf-text-area.svg
xournalpp-1.2.8/ui/iconsLucide-light/hicolor/scalable/actions/xopp-select-pdf-text-ht.svg
xournalpp-1.2.8/ui/iconsLucide-light/hicolor/scalable/actions/xopp-select-rect.svg
xournalpp-1.2.8/ui/iconsLucide-light/hicolor/scalable/actions/xopp-setsquare.svg
xournalpp-1.2.8/ui/iconsLucide-light/hicolor/scalable/actions/xopp-shape-recognizer.svg
xournalpp-1.2.8/ui/iconsLucide-light/hicolor/scalable/actions/xopp-show-paired-pages.svg
xournalpp-1.2.8/ui/iconsLucide-light/hicolor/scalable/actions/xopp-sidebar-index.svg
xournalpp-1.2.8/ui/iconsLucide-light/hicolor/scalable/actions/xopp-sidebar-layer.svg
xournalpp-1.2.8/ui/iconsLucide-light/hicolor/scalable/actions/xopp-sidebar-layerstack.svg
xournalpp-1.2.8/ui/iconsLucide-light/hicolor/scalable/actions/xopp-sidebar-page-preview.svg
xournalpp-1.2.8/ui/iconsLucide-light/hicolor/scalable/actions/xopp-snapping-grid.svg
xournalpp-1.2.8/ui/iconsLucide-light/hicolor/scalable/actions/xopp-snapping-rotation.svg
xournalpp-1.2.8/ui/iconsLucide-light/hicolor/scalable/actions/xopp-spacer.svg
xournalpp-1.2.8/ui/iconsLucide-light/hicolor/scalable/actions/xopp-thickness-fine.svg
xournalpp-1.2.8/ui/iconsLucide-light/hicolor/scalable/actions/xopp-thickness-finer.svg
xournalpp-1.2.8/ui/iconsLucide-light/hicolor/scalable/actions/xopp-thickness-medium.svg
xournalpp-1.2.8/ui/iconsLucide-light/hicolor/scalable/actions/xopp-thickness-thick.svg
xournalpp-1.2.8/ui/iconsLucide-light/hicolor/scalable/actions/xopp-thickness-thicker.svg
xournalpp-1.2.8/ui/iconsLucide-light/hicolor/scalable/actions/xopp-tool-eraser.svg
xournalpp-1.2.8/ui/iconsLucide-light/hicolor/scalable/actions/xopp-tool-highlighter.svg
xournalpp-1.2.8/ui/iconsLucide-light/hicolor/scalable/actions/xopp-tool-image.svg
xournalpp-1.2.8/ui/iconsLucide-light/hicolor/scalable/actions/xopp-tool-math-tex.svg
xournalpp-1.2.8/ui/iconsLucide-light/hicolor/scalable/actions/xopp-tool-pencil.svg
xournalpp-1.2.8/ui/iconsLucide-light/hicolor/scalable/actions/xopp-tool-text.svg
xournalpp-1.2.8/ui/iconsLucide-light/hicolor/scalable/actions/xopp-toolbars-customize.svg
xournalpp-1.2.8/ui/iconsLucide-light/hicolor/scalable/actions/xopp-toolbars-manage.svg
xournalpp-1.2.8/ui/iconsLucide-light/hicolor/scalable/actions/xopp-transparent.svg
xournalpp-1.2.8/ui/iconsLucide-light/hicolor/scalable/actions/xopp-zoom-slider.svg
xournalpp-1.2.8/ui/images.glade
xournalpp-1.2.8/ui/latexSettings.glade
xournalpp-1.2.8/ui/main.glade
xournalpp-1.2.8/ui/pageTemplate.glade
xournalpp-1.2.8/ui/pagesize.glade
xournalpp-1.2.8/ui/pagetemplates.ini
xournalpp-1.2.8/ui/pdfpages.glade
xournalpp-1.2.8/ui/pixmaps/
xournalpp-1.2.8/ui/pixmaps/application-x-xojpp.svg
xournalpp-1.2.8/ui/pixmaps/application-x-xopp.svg
xournalpp-1.2.8/ui/pixmaps/application-x-xopt.svg
xournalpp-1.2.8/ui/pixmaps/com.github.xournalpp.xournalpp.png
xournalpp-1.2.8/ui/pixmaps/com.github.xournalpp.xournalpp.svg
xournalpp-1.2.8/ui/pixmaps/gnome-mime-application-x-xopp.svg
xournalpp-1.2.8/ui/pixmaps/gnome-mime-application-x-xopt.svg
xournalpp-1.2.8/ui/pixmaps/xopt.svg
xournalpp-1.2.8/ui/plugin.glade
xournalpp-1.2.8/ui/pluginEntry.glade
xournalpp-1.2.8/ui/renameLayerDialog.glade
xournalpp-1.2.8/ui/settings.glade
xournalpp-1.2.8/ui/settingsButtonConfig.glade
xournalpp-1.2.8/ui/settingsDeviceClassConfig.glade
xournalpp-1.2.8/ui/settingsLanguageConfig.glade
xournalpp-1.2.8/ui/texdialog.glade
xournalpp-1.2.8/ui/toolbar.ini
xournalpp-1.2.8/ui/toolbarCustomizeDialog.glade
xournalpp-1.2.8/ui/toolbarManageDialog.glade
xournalpp-1.2.8/ui/xournalpp.css
xournalpp-1.2.8/windows-setup/
xournalpp-1.2.8/windows-setup/FileAssociation.nsh
xournalpp-1.2.8/windows-setup/package.sh
xournalpp-1.2.8/windows-setup/xournalpp.nsi
-- The CXX compiler identification is GNU 15.2.0
-- The C compiler identification is GNU 15.2.0
-- Detecting CXX compiler ABI info
-- Detecting CXX compiler ABI info - done
-- Check for working CXX compiler: /usr/bin/c++ - skipped
-- Detecting CXX compile features
-- Detecting CXX compile features - done
-- Detecting C compiler ABI info
-- Detecting C compiler ABI info - done
-- Check for working C compiler: /usr/bin/cc - skipped
-- Detecting C compile features
-- Detecting C compile features - done
-- Performing Test CLANG_HAS_COLOR
-- Performing Test CLANG_HAS_COLOR - Failed
-- Performing Test GNU_HAS_COLOR
-- Performing Test GNU_HAS_COLOR - Success
CMake Warning at cmake/include/Version.cmake:10 (message):
  include/Version.cmake: Can't find lsb_release in your path.  Setting
  DISTRO_CODENAME to unknown.
Call Stack (most recent call first):
  CMakeLists.txt:59 (include)


-- Found Git: /usr/bin/git (found version "2.52.0")
-- Found Gettext: /usr/bin/xgettext (found version "0.26")
-- Found PkgConfig: /usr/bin/pkg-config (found version "2.5.1")
-- Looking for C++ include optional
-- Looking for C++ include optional - found
-- Looking for C++ include filesystem
-- Looking for C++ include filesystem - found
-- Performing Test CXX_FILESYSTEM_NO_LINK_NEEDED
-- Performing Test CXX_FILESYSTEM_NO_LINK_NEEDED - Success
Found: TRUE
-- Looking for backtrace
-- Looking for backtrace - found
-- backtrace facility detected in default set of libraries
-- Found Backtrace: /usr/include
-- Checking for modules 'glib-2.0 >= 2.32.0;gtk+-3.0 >= 3.18.9;poppler-glib >= 0.41.0;gthread-2.0 >= 2.4.0;libxml-2.0 >= 2.0.0;libzip >= 1.0.1;portaudiocpp >= 12;sndfile >= 1.0.25;librsvg-2.0 >= 2.40'
--   Found glib-2.0, version 2.86.2
--   Found gtk+-3.0, version 3.24.51
--   Found poppler-glib, version 25.09.0
--   Found gthread-2.0, version 2.86.2
--   Found libxml-2.0, version 2.15.1
--   Found libzip, version 1.11.4
--   Found portaudiocpp, version 12
--   Found sndfile, version 1.2.2
--   Found librsvg-2.0, version 2.61.3
-- Found ZLIB: /usr/lib/libz.so (found version "1.3.1")
-- Performing Test CMAKE_HAVE_LIBC_PTHREAD
-- Performing Test CMAKE_HAVE_LIBC_PTHREAD - Success
-- Found Threads: TRUE
-- Enable Xournal++ Plugins
-- Found Lua: /usr/lib/liblua.so;/usr/lib/libm.so (found version "5.4.8")
-- Checking for module 'gtksourceview-4 >= 4.0.0'
--   Found gtksourceview-4, version 4.8.4
-- Enable GtkSourceView TeX syntax highlighting
-- Found X11: /usr/include  found components: Xi Xext
-- Looking for XOpenDisplay in /usr/lib/libX11.so;/usr/lib/libXext.so
-- Looking for XOpenDisplay in /usr/lib/libX11.so;/usr/lib/libXext.so - found
-- Looking for gethostbyname
-- Looking for gethostbyname - found
-- Looking for connect
-- Looking for connect - found
-- Looking for remove
-- Looking for remove - found
-- Looking for shmat
-- Looking for shmat - found
-- Looking for IceConnectionNumber in ICE
-- Looking for IceConnectionNumber in ICE - found
help2man is missing; no man pages will be generated
Installing desktop files

Configuration:
    Compiler:                   /usr/bin/c++
    X11 support enabled:        TRUE
    GTEST enabled:              OFF
    GCOV enabled:               OFF
    Filesystem library:         std::filesystem
    Profiling enabled:          OFF

-- Configuring done (3.0s)
-- Generating done (0.2s)
-- Build files have been written to: /blfs/builds/xournalpp-1.2.8/build
[1/441] Building CXX object src/util/CMakeFiles/util.dir/Range.cpp.o
[2/441] Building CXX object src/util/CMakeFiles/util.dir/StringUtils.cpp.o
[3/441] Building CXX object src/util/CMakeFiles/util.dir/PlaceholderString.cpp.o
[4/441] Building CXX object src/util/CMakeFiles/util.dir/Stacktrace.cpp.o
/blfs/builds/xournalpp-1.2.8/src/util/Stacktrace.cpp: In static member function ‘static void Stacktrace::printStacktrace(std::ostream&)’:
/blfs/builds/xournalpp-1.2.8/src/util/Stacktrace.cpp:100:32: warning: comparison of integer expressions of different signedness: ‘unsigned int’ and ‘int’ [-Wsign-compare]
  100 |     for (unsigned int i = 1; i < trace_size; ++i) {
      |                              ~~^~~~~~~~~~~~
[5/441] Building CXX object src/util/CMakeFiles/util.dir/logger/Logger.cpp.o
[6/441] Building CXX object src/util/CMakeFiles/util.dir/GzUtil.cpp.o
[7/441] Building CXX object src/util/CMakeFiles/util.dir/serializing/BinObjectEncoding.cpp.o
[8/441] Building CXX object src/util/CMakeFiles/util.dir/Color.cpp.o
[9/441] Building CXX object src/util/CMakeFiles/util.dir/raii/CStringWrapper.cpp.o
[10/441] Building CXX object src/util/CMakeFiles/util.dir/NamedColor.cpp.o
[11/441] Building CXX object src/util/CMakeFiles/util.dir/serializing/HexObjectEncoding.cpp.o
[12/441] Building CXX object src/util/CMakeFiles/util.dir/serializing/ObjectEncoding.cpp.o
[13/441] Building CXX object src/util/CMakeFiles/util.dir/OutputStream.cpp.o
[14/441] Building CXX object src/util/CMakeFiles/util.dir/pixbuf-utils.cpp.o
/blfs/builds/xournalpp-1.2.8/src/util/pixbuf-utils.cpp: In instantiation of ‘f_pixbuf_to_cairo_surface(GdkPixbuf*)::<lambda(auto:1&, auto:2, auto:3, auto:4&)> [with auto:1 = unsigned char; auto:2 = unsigned char; auto:3 = unsigned char; auto:4 = unsigned int]’:
/blfs/builds/xournalpp-1.2.8/src/util/pixbuf-utils.cpp:141:25:   required from here
  141 |                     MULT(q[0], p[2], p[3], t1);
      |                     ~~~~^~~~~~~~~~~~~~~~~~~~~~
/blfs/builds/xournalpp-1.2.8/src/util/pixbuf-utils.cpp:136:37: warning: conversion from ‘unsigned int’ to ‘unsigned char’ may change value [-Wconversion]
  136 |                 d = ((t >> 8U) + t) >> 8U;
      |                     ~~~~~~~~~~~~~~~~^~~~~
/blfs/builds/xournalpp-1.2.8/src/util/pixbuf-utils.cpp: In function ‘void convert_alpha(guchar*, int, guchar*, int, int, int, int, int)’:
/blfs/builds/xournalpp-1.2.8/src/util/pixbuf-utils.cpp:208:90: warning: conversion from ‘unsigned int’ to ‘guchar’ {aka ‘unsigned char’} may change value [-Wconversion]
  208 |                 dest_data[x * 4 + 0] = (((src[x] & 0xff0000U) >> 16U) * 255 + alpha / 2) / alpha;
      |                                        ~~~~~~~~~~~~~~~~~~~~~~~~~~~~~~~~~~~~~~~~~~~~~~~~~~^~~~~~~
/blfs/builds/xournalpp-1.2.8/src/util/pixbuf-utils.cpp:209:89: warning: conversion from ‘unsigned int’ to ‘guchar’ {aka ‘unsigned char’} may change value [-Wconversion]
  209 |                 dest_data[x * 4 + 1] = (((src[x] & 0x00ff00U) >> 8U) * 255 + alpha / 2) / alpha;
      |                                        ~~~~~~~~~~~~~~~~~~~~~~~~~~~~~~~~~~~~~~~~~~~~~~~~~^~~~~~~
/blfs/builds/xournalpp-1.2.8/src/util/pixbuf-utils.cpp:210:89: warning: conversion from ‘unsigned int’ to ‘guchar’ {aka ‘unsigned char’} may change value [-Wconversion]
  210 |                 dest_data[x * 4 + 2] = (((src[x] & 0x0000ffU) >> 0U) * 255 + alpha / 2) / alpha;
      |                                        ~~~~~~~~~~~~~~~~~~~~~~~~~~~~~~~~~~~~~~~~~~~~~~~~~^~~~~~~
/blfs/builds/xournalpp-1.2.8/src/util/pixbuf-utils.cpp:212:36: warning: conversion from ‘guint’ {aka ‘unsigned int’} to ‘guchar’ {aka ‘unsigned char’} may change value [-Wconversion]
  212 |             dest_data[x * 4 + 3] = alpha;
      |                                    ^~~~~
/blfs/builds/xournalpp-1.2.8/src/util/pixbuf-utils.cpp: In function ‘void convert_no_alpha(guchar*, int, guchar*, int, int, int, int, int)’:
/blfs/builds/xournalpp-1.2.8/src/util/pixbuf-utils.cpp:228:43: warning: conversion from ‘unsigned int’ to ‘guchar’ {aka ‘unsigned char’} may change value [-Wconversion]
  228 |             dest_data[x * 3 + 0] = src[x] >> 16U;
      |                                    ~~~~~~~^~~~~~
/blfs/builds/xournalpp-1.2.8/src/util/pixbuf-utils.cpp:229:43: warning: conversion from ‘unsigned int’ to ‘guchar’ {aka ‘unsigned char’} may change value [-Wconversion]
  229 |             dest_data[x * 3 + 1] = src[x] >> 8U;
      |                                    ~~~~~~~^~~~~
/blfs/builds/xournalpp-1.2.8/src/util/pixbuf-utils.cpp:230:41: warning: conversion from ‘unsigned int’ to ‘guchar’ {aka ‘unsigned char’} may change value [-Wconversion]
  230 |             dest_data[x * 3 + 2] = src[x];
      |                                    ~~~~~^
[15/441] Building CXX object src/util/CMakeFiles/util.dir/SaveNameUtils.cpp.o
[16/441] Building CXX object src/util/CMakeFiles/util.dir/serializing/InputStreamException.cpp.o
[17/441] Building CXX object src/util/CMakeFiles/util.dir/XojMsgBox.cpp.o
[18/441] Building CXX object src/core/CMakeFiles/xournalpp-core.dir/audio/DeviceInfo.cpp.o
[19/441] Building CXX object src/util/CMakeFiles/util.dir/XojPreviewExtractor.cpp.o
/blfs/builds/xournalpp-1.2.8/src/util/XojPreviewExtractor.cpp:18:40: warning: conversion from ‘size_t’ {aka ‘long unsigned int’} to ‘int’ may change value [-Wconversion]
   18 | const int TAG_PREVIEW_NAME_LEN = strlen(TAG_PREVIEW_NAME);
      |                                  ~~~~~~^~~~~~~~~~~~~~~~~~
/blfs/builds/xournalpp-1.2.8/src/util/XojPreviewExtractor.cpp:20:37: warning: conversion from ‘size_t’ {aka ‘long unsigned int’} to ‘int’ may change value [-Wconversion]
   20 | const int TAG_PAGE_NAME_LEN = strlen(TAG_PAGE_NAME);
      |                               ~~~~~~^~~~~~~~~~~~~~~
/blfs/builds/xournalpp-1.2.8/src/util/XojPreviewExtractor.cpp:22:44: warning: conversion from ‘size_t’ {aka ‘long unsigned int’} to ‘int’ may change value [-Wconversion]
   22 | const int TAG_PREVIEW_END_NAME_LEN = strlen(TAG_PREVIEW_END_NAME);
      |                                      ~~~~~~^~~~~~~~~~~~~~~~~~~~~~
[20/441] Building CXX object src/util/CMakeFiles/util.dir/Util.cpp.o
[21/441] Building CXX object src/util/CMakeFiles/util.dir/serializing/ObjectInputStream.cpp.o
[22/441] Building CXX object src/util/CMakeFiles/util.dir/serializing/ObjectOutputStream.cpp.o
[23/441] Building CXX object src/core/CMakeFiles/xournalpp-core.dir/audio/AudioRecorder.cpp.o
[24/441] Building CXX object src/util/CMakeFiles/util.dir/PathUtil.cpp.o
[25/441] Building CXX object src/core/CMakeFiles/xournalpp-core.dir/audio/VorbisProducer.cpp.o
[26/441] Building CXX object src/core/CMakeFiles/xournalpp-core.dir/audio/AudioPlayer.cpp.o
[27/441] Building CXX object src/core/CMakeFiles/xournalpp-core.dir/audio/PortAudioConsumer.cpp.o
[28/441] Building CXX object src/core/CMakeFiles/xournalpp-core.dir/control/CompassController.cpp.o
[29/441] Building CXX object src/core/CMakeFiles/xournalpp-core.dir/control/Actions.cpp.o
[30/441] Building CXX object src/core/CMakeFiles/xournalpp-core.dir/audio/PortAudioProducer.cpp.o
[31/441] Building CXX object src/core/CMakeFiles/xournalpp-core.dir/control/DeviceListHelper.cpp.o
[32/441] Building CXX object src/core/CMakeFiles/xournalpp-core.dir/control/AudioController.cpp.o
[33/441] Building CXX object src/core/CMakeFiles/xournalpp-core.dir/control/ClipboardHandler.cpp.o
[34/441] Building CXX object src/core/CMakeFiles/xournalpp-core.dir/control/CrashHandler.cpp.o
In file included from /blfs/builds/xournalpp-1.2.8/src/core/control/CrashHandler.cpp:23:
/blfs/builds/xournalpp-1.2.8/src/core/control/CrashHandlerUnix.h: In function ‘void crashHandler(int)’:
/blfs/builds/xournalpp-1.2.8/src/core/control/CrashHandlerUnix.h:148:41: warning: conversion from ‘size_t’ {aka ‘long unsigned int’} to ‘int’ may change value [-Wconversion]
  148 |     messages = backtrace_symbols(array, size);
      |                                         ^~~~
[35/441] Building CXX object src/core/CMakeFiles/xournalpp-core.dir/audio/VorbisConsumer.cpp.o
/blfs/builds/xournalpp-1.2.8/src/core/audio/VorbisConsumer.cpp: In instantiation of ‘VorbisConsumer::start(const std::filesystem::__cxx11::path&)::<lambda()>::<lambda(auto:2&)> [with auto:2 = float]’:
/usr/include/c++/15.2.0/bits/stl_algo.h:3798:5:   required from ‘_Funct std::for_each(_IIter, _IIter, _Funct) [with _IIter = __gnu_cxx::__normal_iterator<float*, vector<float> >; _Funct = VorbisConsumer::start(const std::filesystem::__cxx11::path&)::<lambda()>::<lambda(auto:2&)>]’
 3798 |         __f(*__first);
      |         ~~~^~~~~~~~~~
/blfs/builds/xournalpp-1.2.8/src/core/audio/VorbisConsumer.cpp:56:34:   required from here
   56 |                     std::for_each(begin(buffer), end(buffer), [audioGain](auto& val) { val *= audioGain; });
      |                     ~~~~~~~~~~~~~^~~~~~~~~~~~~~~~~~~~~~~~~~~~~~~~~~~~~~~~~~~~~~~~~~~~~~~~~~~~~~~~~~~~~~~~~~
/blfs/builds/xournalpp-1.2.8/src/core/audio/VorbisConsumer.cpp:56:92: warning: conversion from ‘double’ to ‘float’ may change value [-Wfloat-conversion]
   56 |                     std::for_each(begin(buffer), end(buffer), [audioGain](auto& val) { val *= audioGain; });
      |                                                                                        ~~~~^~~~~~~~~~~~
[36/441] Building CXX object src/util/CMakeFiles/util.dir/ElementRange.cpp.o
[37/441] Linking CXX static library src/util/libutil.a
[38/441] Building CXX object src/core/CMakeFiles/xournalpp-core.dir/control/PrintHandler.cpp.o
[39/441] Building CXX object src/core/CMakeFiles/xournalpp-core.dir/control/ScrollHandler.cpp.o
[40/441] Building CXX object src/core/CMakeFiles/xournalpp-core.dir/control/PdfCache.cpp.o
[41/441] Building CXX object src/core/CMakeFiles/xournalpp-core.dir/control/ExportHelper.cpp.o
[42/441] Building CXX object src/core/CMakeFiles/xournalpp-core.dir/control/FullscreenHandler.cpp.o
[43/441] Building CXX object src/core/CMakeFiles/xournalpp-core.dir/control/SearchControl.cpp.o
[44/441] Building CXX object src/core/CMakeFiles/xournalpp-core.dir/control/RecentManager.cpp.o
[45/441] Building CXX object src/core/CMakeFiles/xournalpp-core.dir/control/ToolEnums.cpp.o
[46/441] Building CXX object src/core/CMakeFiles/xournalpp-core.dir/control/GeometryToolController.cpp.o
[47/441] Building CXX object src/core/CMakeFiles/xournalpp-core.dir/control/ToolBase.cpp.o
[48/441] Building CXX object src/core/CMakeFiles/xournalpp-core.dir/control/PageBackgroundChangeController.cpp.o
[49/441] Building CXX object src/core/CMakeFiles/xournalpp-core.dir/control/Tool.cpp.o
[50/441] Building CXX object src/core/CMakeFiles/xournalpp-core.dir/control/SetsquareController.cpp.o
[51/441] Building CXX object src/core/CMakeFiles/xournalpp-core.dir/control/jobs/Job.cpp.o
[52/441] Building CXX object src/core/CMakeFiles/xournalpp-core.dir/control/LatexController.cpp.o
[53/441] Building CXX object src/core/CMakeFiles/xournalpp-core.dir/control/jobs/AutosaveJob.cpp.o
[54/441] Building CXX object src/core/CMakeFiles/xournalpp-core.dir/control/UndoRedoController.cpp.o
[55/441] Building CXX object src/core/CMakeFiles/xournalpp-core.dir/control/jobs/BlockingJob.cpp.o
[56/441] Building CXX object src/core/CMakeFiles/xournalpp-core.dir/control/ToolHandler.cpp.o
[57/441] Building CXX object src/core/CMakeFiles/xournalpp-core.dir/control/jobs/ImageExport.cpp.o
/blfs/builds/xournalpp-1.2.8/src/core/control/jobs/ImageExport.cpp: In member function ‘void ImageExport::exportGraphics(ProgressListener*)’:
/blfs/builds/xournalpp-1.2.8/src/core/control/jobs/ImageExport.cpp:222:36: warning: conversion from ‘size_t’ {aka ‘long unsigned int’} to ‘int’ may change value [-Wconversion]
  222 |     stateListener->setMaximumState(selectedCount);
      |                                    ^~~~~~~~~~~~~
[58/441] Building CXX object src/core/CMakeFiles/xournalpp-core.dir/control/jobs/PdfExportJob.cpp.o
[59/441] Building CXX object src/core/CMakeFiles/xournalpp-core.dir/control/jobs/CustomExportJob.cpp.o
[60/441] Building CXX object src/core/CMakeFiles/xournalpp-core.dir/control/jobs/XournalScheduler.cpp.o
[61/441] Building CXX object src/core/CMakeFiles/xournalpp-core.dir/control/jobs/BaseExportJob.cpp.o
[62/441] Building CXX object src/core/CMakeFiles/xournalpp-core.dir/control/jobs/Scheduler.cpp.o
[63/441] Building CXX object src/core/CMakeFiles/xournalpp-core.dir/control/jobs/PreviewJob.cpp.o
[64/441] Building CXX object src/core/CMakeFiles/xournalpp-core.dir/control/settings/LatexSettings.cpp.o
[65/441] Building CXX object src/core/CMakeFiles/xournalpp-core.dir/control/layer/LayerCtrlListener.cpp.o
[66/441] Building CXX object src/core/CMakeFiles/xournalpp-core.dir/control/jobs/RenderJob.cpp.o
/blfs/builds/xournalpp-1.2.8/src/core/control/jobs/RenderJob.cpp: In member function ‘void RenderJob::repaintPageArea(double, double, double, double) const’:
/blfs/builds/xournalpp-1.2.8/src/core/control/jobs/RenderJob.cpp:107:53: warning: conversion from ‘double’ to ‘int’ may change value [-Wfloat-conversion]
  107 |     repaintWidgetArea(view->xournal->getWidget(), x + std::floor(zoom * x1), y + std::floor(zoom * y1), x + std::ceil(zoom * x2), y + std::ceil(zoom * y2));
      |                                                   ~~^~~~~~~~~~~~~~~~~~~~~~~
/blfs/builds/xournalpp-1.2.8/src/core/control/jobs/RenderJob.cpp:107:80: warning: conversion from ‘double’ to ‘int’ may change value [-Wfloat-conversion]
  107 |     repaintWidgetArea(view->xournal->getWidget(), x + std::floor(zoom * x1), y + std::floor(zoom * y1), x + std::ceil(zoom * x2), y + std::ceil(zoom * y2));
      |                                                                              ~~^~~~~~~~~~~~~~~~~~~~~~~
/blfs/builds/xournalpp-1.2.8/src/core/control/jobs/RenderJob.cpp:107:107: warning: conversion from ‘double’ to ‘int’ may change value [-Wfloat-conversion]
  107 |     repaintWidgetArea(view->xournal->getWidget(), x + std::floor(zoom * x1), y + std::floor(zoom * y1), x + std::ceil(zoom * x2), y + std::ceil(zoom * y2));
      |                                                                                                         ~~^~~~~~~~~~~~~~~~~~~~~~
/blfs/builds/xournalpp-1.2.8/src/core/control/jobs/RenderJob.cpp:107:133: warning: conversion from ‘double’ to ‘int’ may change value [-Wfloat-conversion]
  107 |     repaintWidgetArea(view->xournal->getWidget(), x + std::floor(zoom * x1), y + std::floor(zoom * y1), x + std::ceil(zoom * x2), y + std::ceil(zoom * y2));
      |                                                                                                                                   ~~^~~~~~~~~~~~~~~~~~~~~~
[67/441] Building CXX object src/core/CMakeFiles/xournalpp-core.dir/control/jobs/SaveJob.cpp.o
[68/441] Building CXX object src/core/CMakeFiles/xournalpp-core.dir/control/XournalMain.cpp.o
[69/441] Building CXX object src/core/CMakeFiles/xournalpp-core.dir/control/pagetype/PageTypeMenu.cpp.o
[70/441] Building CXX object src/core/CMakeFiles/xournalpp-core.dir/control/settings/ButtonConfig.cpp.o
[71/441] Building CXX object src/core/CMakeFiles/xournalpp-core.dir/control/shaperecognizer/Inertia.cpp.o
[72/441] Building CXX object src/core/CMakeFiles/xournalpp-core.dir/control/settings/SettingsEnums.cpp.o
[73/441] Building CXX object src/core/CMakeFiles/xournalpp-core.dir/control/pagetype/PageTypeHandler.cpp.o
[74/441] Building CXX object src/core/CMakeFiles/xournalpp-core.dir/control/layer/LayerController.cpp.o
[75/441] Building CXX object src/core/CMakeFiles/xournalpp-core.dir/control/shaperecognizer/RecoSegment.cpp.o
[76/441] Building CXX object src/core/CMakeFiles/xournalpp-core.dir/control/settings/ViewModes.cpp.o
[77/441] Building CXX object src/core/CMakeFiles/xournalpp-core.dir/control/settings/PageTemplateSettings.cpp.o
/blfs/builds/xournalpp-1.2.8/src/core/control/settings/PageTemplateSettings.cpp: In member function ‘bool PageTemplateSettings::parse(const std::string&)’:
/blfs/builds/xournalpp-1.2.8/src/core/control/settings/PageTemplateSettings.cpp:90:47: warning: conversion from ‘long unsigned int’ to ‘uint32_t’ {aka ‘unsigned int’} may change value [-Wconversion]
   90 |             backgroundColor = Color(std::stoul(value.substr(1), nullptr, 16));
      |                                     ~~~~~~~~~~^~~~~~~~~~~~~~~~~~~~~~~~~~~~~~
[78/441] Building CXX object src/core/CMakeFiles/xournalpp-core.dir/control/shaperecognizer/CircleRecognizer.cpp.o
[79/441] Building CXX object src/core/CMakeFiles/xournalpp-core.dir/control/shaperecognizer/ShapeRecognizer.cpp.o
[80/441] Building CXX object src/core/CMakeFiles/xournalpp-core.dir/control/settings/MetadataManager.cpp.o
/blfs/builds/xournalpp-1.2.8/src/core/control/settings/MetadataManager.cpp: In static member function ‘static MetadataEntry MetadataManager::loadMetadataFile(const std::filesystem::__cxx11::path&, const std::filesystem::__cxx11::path&)’:
/blfs/builds/xournalpp-1.2.8/src/core/control/settings/MetadataManager.cpp:117:25: warning: conversion from ‘long long int’ to ‘int’ may change value [-Wconversion]
  117 |     entry.page = strtoll(line.substr(5).c_str(), nullptr, 10);
      |                  ~~~~~~~^~~~~~~~~~~~~~~~~~~~~~~~~~~~~~~~~~~~~
[81/441] Building CXX object src/core/CMakeFiles/xournalpp-core.dir/control/tools/CoordinateSystemHandler.cpp.o
[82/441] Building CXX object src/core/CMakeFiles/xournalpp-core.dir/control/tools/BaseShapeHandler.cpp.o
[83/441] Building CXX object src/core/CMakeFiles/xournalpp-core.dir/control/stockdlg/ImageOpenDlg.cpp.o
/blfs/builds/xournalpp-1.2.8/src/core/control/stockdlg/ImageOpenDlg.cpp: In static member function ‘static GdkPixbuf* ImageOpenDlg::pixbufScaleDownIfNecessary(GdkPixbuf*, gint)’:
/blfs/builds/xournalpp-1.2.8/src/core/control/stockdlg/ImageOpenDlg.cpp:71:23: warning: conversion from ‘double’ to ‘int’ may change value [-Wfloat-conversion]
   71 |         width = width * factor;
      |                 ~~~~~~^~~~~~~~
/blfs/builds/xournalpp-1.2.8/src/core/control/stockdlg/ImageOpenDlg.cpp:72:25: warning: conversion from ‘double’ to ‘int’ may change value [-Wfloat-conversion]
   72 |         height = height * factor;
      |                  ~~~~~~~^~~~~~~~
[84/441] Building CXX object src/core/CMakeFiles/xournalpp-core.dir/control/stockdlg/XojOpenDlg.cpp.o
[85/441] Building CXX object src/core/CMakeFiles/xournalpp-core.dir/control/tools/EllipseHandler.cpp.o
[86/441] Building CXX object src/core/CMakeFiles/xournalpp-core.dir/control/tools/ArrowHandler.cpp.o
[87/441] Building CXX object src/core/CMakeFiles/xournalpp-core.dir/control/tools/RulerHandler.cpp.o
[88/441] Building CXX object src/core/CMakeFiles/xournalpp-core.dir/control/tools/EraseHandler.cpp.o
/blfs/builds/xournalpp-1.2.8/src/core/control/tools/EraseHandler.cpp:27:50: warning: ‘LegacyRedrawable’ is deprecated [-Wdeprecated-declarations]
   27 |                            LegacyRedrawable* view):
      |                                                  ^
In file included from /blfs/builds/xournalpp-1.2.8/src/core/control/tools/EraseHandler.cpp:12:
/blfs/builds/xournalpp-1.2.8/src/core/gui/LegacyRedrawable.h:31:22: note: declared here
   31 | class [[deprecated]] LegacyRedrawable {
      |                      ^~~~~~~~~~~~~~~~
/blfs/builds/xournalpp-1.2.8/src/core/control/tools/EraseHandler.cpp: In member function ‘void EraseHandler::eraseStroke(Layer*, Stroke*, double, double, Range&)’:
/blfs/builds/xournalpp-1.2.8/src/core/control/tools/EraseHandler.cpp:120:54: warning: conversion from ‘long int’ to ‘int’ may change value [-Wconversion]
  120 |             this->eraseUndoAction->addOriginal(l, s, pos);
      |                                                      ^~~
[89/441] Building CXX object src/core/CMakeFiles/xournalpp-core.dir/control/settings/Settings.cpp.o
/blfs/builds/xournalpp-1.2.8/src/core/control/settings/Settings.cpp: In member function ‘void Settings::parseItem(xmlDocPtr, xmlNodePtr)’:
/blfs/builds/xournalpp-1.2.8/src/core/control/settings/Settings.cpp:404:43: warning: conversion from ‘gint64’ {aka ‘long int’} to ‘gint’ {aka ‘int’} may change value [-Wconversion]
  404 |         this->displayDpi = g_ascii_strtoll(reinterpret_cast<const char*>(value), nullptr, 10);
      |                            ~~~~~~~~~~~~~~~^~~~~~~~~~~~~~~~~~~~~~~~~~~~~~~~~~~~~~~~~~~~~~~~~~~
/blfs/builds/xournalpp-1.2.8/src/core/control/settings/Settings.cpp:406:45: warning: conversion from ‘gint64’ {aka ‘long int’} to ‘int’ may change value [-Wconversion]
  406 |         this->mainWndWidth = g_ascii_strtoll(reinterpret_cast<const char*>(value), nullptr, 10);
      |                              ~~~~~~~~~~~~~~~^~~~~~~~~~~~~~~~~~~~~~~~~~~~~~~~~~~~~~~~~~~~~~~~~~~
/blfs/builds/xournalpp-1.2.8/src/core/control/settings/Settings.cpp:408:46: warning: conversion from ‘gint64’ {aka ‘long int’} to ‘int’ may change value [-Wconversion]
  408 |         this->mainWndHeight = g_ascii_strtoll(reinterpret_cast<const char*>(value), nullptr, 10);
      |                               ~~~~~~~~~~~~~~~^~~~~~~~~~~~~~~~~~~~~~~~~~~~~~~~~~~~~~~~~~~~~~~~~~~
/blfs/builds/xournalpp-1.2.8/src/core/control/settings/Settings.cpp:425:59: warning: conversion from ‘gint64’ {aka ‘long int’} to ‘int’ may change value [-Wconversion]
  425 |         this->sidebarWidth = std::max<int>(g_ascii_strtoll(reinterpret_cast<const char*>(value), nullptr, 10), 50);
      |                                            ~~~~~~~~~~~~~~~^~~~~~~~~~~~~~~~~~~~~~~~~~~~~~~~~~~~~~~~~~~~~~~~~~~
/blfs/builds/xournalpp-1.2.8/src/core/control/settings/Settings.cpp:433:43: warning: conversion from ‘gint64’ {aka ‘long int’} to ‘int’ may change value [-Wconversion]
  433 |         this->numColumns = g_ascii_strtoll(reinterpret_cast<const char*>(value), nullptr, 10);
      |                            ~~~~~~~~~~~~~~~^~~~~~~~~~~~~~~~~~~~~~~~~~~~~~~~~~~~~~~~~~~~~~~~~~~
/blfs/builds/xournalpp-1.2.8/src/core/control/settings/Settings.cpp:435:40: warning: conversion from ‘gint64’ {aka ‘long int’} to ‘int’ may change value [-Wconversion]
  435 |         this->numRows = g_ascii_strtoll(reinterpret_cast<const char*>(value), nullptr, 10);
      |                         ~~~~~~~~~~~~~~~^~~~~~~~~~~~~~~~~~~~~~~~~~~~~~~~~~~~~~~~~~~~~~~~~~~
/blfs/builds/xournalpp-1.2.8/src/core/control/settings/Settings.cpp:447:47: warning: conversion from ‘gint64’ {aka ‘long int’} to ‘int’ may change value [-Wconversion]
  447 |         this->numPairsOffset = g_ascii_strtoll(reinterpret_cast<const char*>(value), nullptr, 10);
      |                                ~~~~~~~~~~~~~~~^~~~~~~~~~~~~~~~~~~~~~~~~~~~~~~~~~~~~~~~~~~~~~~~~~~
/blfs/builds/xournalpp-1.2.8/src/core/control/settings/Settings.cpp:465:54: warning: conversion from ‘guint64’ {aka ‘long unsigned int’} to ‘uint32_t’ {aka ‘unsigned int’} may change value [-Wconversion]
  465 |         this->cursorHighlightColor = g_ascii_strtoull(reinterpret_cast<const char*>(value), nullptr, 10);
      |                                      ~~~~~~~~~~~~~~~~^~~~~~~~~~~~~~~~~~~~~~~~~~~~~~~~~~~~~~~~~~~~~~~~~~~
/blfs/builds/xournalpp-1.2.8/src/core/control/settings/Settings.cpp:469:60: warning: conversion from ‘guint64’ {aka ‘long unsigned int’} to ‘uint32_t’ {aka ‘unsigned int’} may change value [-Wconversion]
  469 |         this->cursorHighlightBorderColor = g_ascii_strtoull(reinterpret_cast<const char*>(value), nullptr, 10);
      |                                            ~~~~~~~~~~~~~~~~^~~~~~~~~~~~~~~~~~~~~~~~~~~~~~~~~~~~~~~~~~~~~~~~~~~
/blfs/builds/xournalpp-1.2.8/src/core/control/settings/Settings.cpp:491:48: warning: conversion from ‘gint64’ {aka ‘long int’} to ‘int’ may change value [-Wconversion]
  491 |         this->autosaveTimeout = g_ascii_strtoll(reinterpret_cast<const char*>(value), nullptr, 10);
      |                                 ~~~~~~~~~~~~~~~^~~~~~~~~~~~~~~~~~~~~~~~~~~~~~~~~~~~~~~~~~~~~~~~~~~
/blfs/builds/xournalpp-1.2.8/src/core/control/settings/Settings.cpp:506:49: warning: conversion from ‘gint64’ {aka ‘long int’} to ‘int’ may change value [-Wconversion]
  506 |         this->pdfPageCacheSize = g_ascii_strtoll(reinterpret_cast<const char*>(value), nullptr, 10);
      |                                  ~~~~~~~~~~~~~~~^~~~~~~~~~~~~~~~~~~~~~~~~~~~~~~~~~~~~~~~~~~~~~~~~~~
/blfs/builds/xournalpp-1.2.8/src/core/control/settings/Settings.cpp:508:52: warning: conversion from ‘guint64’ {aka ‘long unsigned int’} to ‘unsigned int’ may change value [-Wconversion]
  508 |         this->preloadPagesBefore = g_ascii_strtoull(reinterpret_cast<const char*>(value), nullptr, 10);
      |                                    ~~~~~~~~~~~~~~~~^~~~~~~~~~~~~~~~~~~~~~~~~~~~~~~~~~~~~~~~~~~~~~~~~~~
/blfs/builds/xournalpp-1.2.8/src/core/control/settings/Settings.cpp:510:51: warning: conversion from ‘guint64’ {aka ‘long unsigned int’} to ‘unsigned int’ may change value [-Wconversion]
  510 |         this->preloadPagesAfter = g_ascii_strtoull(reinterpret_cast<const char*>(value), nullptr, 10);
      |                                   ~~~~~~~~~~~~~~~~^~~~~~~~~~~~~~~~~~~~~~~~~~~~~~~~~~~~~~~~~~~~~~~~~~~
/blfs/builds/xournalpp-1.2.8/src/core/control/settings/Settings.cpp:514:60: warning: conversion from ‘guint64’ {aka ‘long unsigned int’} to ‘uint32_t’ {aka ‘unsigned int’} may change value [-Wconversion]
  514 |         this->selectionBorderColor = Color(g_ascii_strtoull(reinterpret_cast<const char*>(value), nullptr, 10));
      |                                            ~~~~~~~~~~~~~~~~^~~~~~~~~~~~~~~~~~~~~~~~~~~~~~~~~~~~~~~~~~~~~~~~~~~
/blfs/builds/xournalpp-1.2.8/src/core/control/settings/Settings.cpp:516:60: warning: conversion from ‘guint64’ {aka ‘long unsigned int’} to ‘uint32_t’ {aka ‘unsigned int’} may change value [-Wconversion]
  516 |         this->selectionMarkerColor = Color(g_ascii_strtoull(reinterpret_cast<const char*>(value), nullptr, 10));
      |                                            ~~~~~~~~~~~~~~~~^~~~~~~~~~~~~~~~~~~~~~~~~~~~~~~~~~~~~~~~~~~~~~~~~~~
/blfs/builds/xournalpp-1.2.8/src/core/control/settings/Settings.cpp:518:55: warning: conversion from ‘guint64’ {aka ‘long unsigned int’} to ‘uint32_t’ {aka ‘unsigned int’} may change value [-Wconversion]
  518 |         this->backgroundColor = Color(g_ascii_strtoull(reinterpret_cast<const char*>(value), nullptr, 10));
      |                                       ~~~~~~~~~~~~~~~~^~~~~~~~~~~~~~~~~~~~~~~~~~~~~~~~~~~~~~~~~~~~~~~~~~~
/blfs/builds/xournalpp-1.2.8/src/core/control/settings/Settings.cpp:522:57: warning: conversion from ‘gint64’ {aka ‘long int’} to ‘int’ may change value [-Wconversion]
  522 |         this->addHorizontalSpaceAmount = g_ascii_strtoll(reinterpret_cast<const char*>(value), nullptr, 10);
      |                                          ~~~~~~~~~~~~~~~^~~~~~~~~~~~~~~~~~~~~~~~~~~~~~~~~~~~~~~~~~~~~~~~~~~
/blfs/builds/xournalpp-1.2.8/src/core/control/settings/Settings.cpp:526:55: warning: conversion from ‘gint64’ {aka ‘long int’} to ‘int’ may change value [-Wconversion]
  526 |         this->addVerticalSpaceAmount = g_ascii_strtoll(reinterpret_cast<const char*>(value), nullptr, 10);
      |                                        ~~~~~~~~~~~~~~~^~~~~~~~~~~~~~~~~~~~~~~~~~~~~~~~~~~~~~~~~~~~~~~~~~~
/blfs/builds/xournalpp-1.2.8/src/core/control/settings/Settings.cpp:530:50: warning: conversion from ‘gint64’ {aka ‘long int’} to ‘int’ may change value [-Wconversion]
  530 |         this->drawDirModsRadius = g_ascii_strtoll(reinterpret_cast<const char*>(value), nullptr, 10);
      |                                   ~~~~~~~~~~~~~~~^~~~~~~~~~~~~~~~~~~~~~~~~~~~~~~~~~~~~~~~~~~~~~~~~~~
/blfs/builds/xournalpp-1.2.8/src/core/control/settings/Settings.cpp:568:51: warning: conversion from ‘double’ to ‘unsigned int’ may change value [-Wfloat-conversion]
  568 |         this->defaultSeekTime = tempg_ascii_strtod(reinterpret_cast<const char*>(value), nullptr);
      |                                 ~~~~~~~~~~~~~~~~~~^~~~~~~~~~~~~~~~~~~~~~~~~~~~~~~~~~~~~~~~~~~~~~~
/blfs/builds/xournalpp-1.2.8/src/core/control/settings/Settings.cpp:570:49: warning: conversion from ‘gint64’ {aka ‘long int’} to ‘PaDeviceIndex’ {aka ‘int’} may change value [-Wconversion]
  570 |         this->audioInputDevice = g_ascii_strtoll(reinterpret_cast<const char*>(value), nullptr, 10);
      |                                  ~~~~~~~~~~~~~~~^~~~~~~~~~~~~~~~~~~~~~~~~~~~~~~~~~~~~~~~~~~~~~~~~~~
/blfs/builds/xournalpp-1.2.8/src/core/control/settings/Settings.cpp:572:50: warning: conversion from ‘gint64’ {aka ‘long int’} to ‘PaDeviceIndex’ {aka ‘int’} may change value [-Wconversion]
  572 |         this->audioOutputDevice = g_ascii_strtoll(reinterpret_cast<const char*>(value), nullptr, 10);
      |                                   ~~~~~~~~~~~~~~~^~~~~~~~~~~~~~~~~~~~~~~~~~~~~~~~~~~~~~~~~~~~~~~~~~~
/blfs/builds/xournalpp-1.2.8/src/core/control/settings/Settings.cpp:575:46: warning: conversion from ‘gint64’ {aka ‘long int’} to ‘int’ may change value [-Wconversion]
  575 |                 std::max<int>(g_ascii_strtoll(reinterpret_cast<const char*>(value), nullptr, 10), 0);
      |                               ~~~~~~~~~~~~~~~^~~~~~~~~~~~~~~~~~~~~~~~~~~~~~~~~~~~~~~~~~~~~~~~~~~
/blfs/builds/xournalpp-1.2.8/src/core/control/settings/Settings.cpp:583:55: warning: conversion from ‘gint64’ {aka ‘long int’} to ‘int’ may change value [-Wconversion]
  583 |         this->strokeFilterIgnoreTime = g_ascii_strtoll(reinterpret_cast<const char*>(value), nullptr, 10);
      |                                        ~~~~~~~~~~~~~~~^~~~~~~~~~~~~~~~~~~~~~~~~~~~~~~~~~~~~~~~~~~~~~~~~~~
/blfs/builds/xournalpp-1.2.8/src/core/control/settings/Settings.cpp:587:59: warning: conversion from ‘gint64’ {aka ‘long int’} to ‘int’ may change value [-Wconversion]
  587 |         this->strokeFilterSuccessiveTime = g_ascii_strtoll(reinterpret_cast<const char*>(value), nullptr, 10);
      |                                            ~~~~~~~~~~~~~~~^~~~~~~~~~~~~~~~~~~~~~~~~~~~~~~~~~~~~~~~~~~~~~~~~~~
/blfs/builds/xournalpp-1.2.8/src/core/control/settings/Settings.cpp: In member function ‘void Settings::save()’:
/blfs/builds/xournalpp-1.2.8/src/core/control/settings/Settings.cpp:1088:20: warning: conversion from ‘size_t’ {aka ‘long unsigned int’} to ‘unsigned int’ may change value [-Wconversion]
 1088 |     SAVE_UINT_PROP(stabilizerBuffersize);
      |                    ^~~~~~~~~~~~~~~~~~~~
/blfs/builds/xournalpp-1.2.8/src/core/control/settings/Settings.cpp:42:79: note: in definition of macro ‘SAVE_UINT_PROP’
   42 | #define SAVE_UINT_PROP(var) xmlNode = savePropertyUnsigned((const char*)#var, var, root)
      |                                                                               ^~~
[90/441] Building CXX object src/core/CMakeFiles/xournalpp-core.dir/control/tools/ImageHandler.cpp.o
[91/441] Building CXX object src/core/CMakeFiles/xournalpp-core.dir/control/tools/InputHandler.cpp.o
[92/441] Building CXX object src/core/CMakeFiles/xournalpp-core.dir/control/tools/RectangleHandler.cpp.o
[93/441] Building CXX object src/core/CMakeFiles/xournalpp-core.dir/control/tools/EditSelectionContents.cpp.o
[94/441] Building CXX object src/core/CMakeFiles/xournalpp-core.dir/control/tools/PdfElemSelection.cpp.o
[95/441] Building CXX object src/core/CMakeFiles/xournalpp-core.dir/control/xml/Attribute.cpp.o
[96/441] Building CXX object src/core/CMakeFiles/xournalpp-core.dir/control/tools/SnapToGridInputHandler.cpp.o
[97/441] Building CXX object src/core/CMakeFiles/xournalpp-core.dir/control/tools/Selection.cpp.o
/blfs/builds/xournalpp-1.2.8/src/core/control/tools/Selection.cpp: In member function ‘size_t Selection::finalize(PageRef)’:
/blfs/builds/xournalpp-1.2.8/src/core/control/tools/Selection.cpp:23:54: warning: conversion from ‘std::vector<Layer*>::size_type’ {aka ‘long unsigned int’} to ‘int’ may change value [-Wconversion]
   23 |         for (int layerNo = page->getLayers()->size() - 1; layerNo >= 0; layerNo--) {
      |                            ~~~~~~~~~~~~~~~~~~~~~~~~~~^~~
[98/441] Building CXX object src/core/CMakeFiles/xournalpp-core.dir/control/Control.cpp.o
/blfs/builds/xournalpp-1.2.8/src/core/control/Control.cpp: In member function ‘virtual void Control::clipboardPasteImage(GdkPixbuf*)’:
/blfs/builds/xournalpp-1.2.8/src/core/control/Control.cpp:2940:20: warning: ‘void Image::setImage(GdkPixbuf*)’ is deprecated [-Wdeprecated-declarations]
 2940 |     image->setImage(img);
      |     ~~~~~~~~~~~~~~~^~~~~
In file included from /blfs/builds/xournalpp-1.2.8/src/core/control/Control.cpp:71:
/blfs/builds/xournalpp-1.2.8/src/core/model/Image.h:53:25: note: declared here
   53 |     [[deprecated]] void setImage(GdkPixbuf* img);
      |                         ^~~~~~~~
[99/441] Building CXX object src/core/CMakeFiles/xournalpp-core.dir/control/xml/IntAttribute.cpp.o
[100/441] Building CXX object src/core/CMakeFiles/xournalpp-core.dir/control/latex/LatexGenerator.cpp.o
[101/441] Building CXX object src/core/CMakeFiles/xournalpp-core.dir/control/xml/SizeTAttribute.cpp.o
[102/441] Building CXX object src/core/CMakeFiles/xournalpp-core.dir/control/tools/VerticalToolHandler.cpp.o
[103/441] Building CXX object src/core/CMakeFiles/xournalpp-core.dir/control/xml/TextAttribute.cpp.o
[104/441] Building CXX object src/core/CMakeFiles/xournalpp-core.dir/control/xml/DoubleAttribute.cpp.o
[105/441] Building CXX object src/core/CMakeFiles/xournalpp-core.dir/control/tools/StrokeHandler.cpp.o
[106/441] Building CXX object src/core/CMakeFiles/xournalpp-core.dir/control/xml/XmlImageNode.cpp.o
[107/441] Building CXX object src/core/CMakeFiles/xournalpp-core.dir/control/xml/DoubleArrayAttribute.cpp.o
[108/441] Building CXX object src/core/CMakeFiles/xournalpp-core.dir/control/tools/TextEditor.cpp.o
[109/441] Building CXX object src/core/CMakeFiles/xournalpp-core.dir/control/xml/XmlTextNode.cpp.o
[110/441] Building CXX object src/core/CMakeFiles/xournalpp-core.dir/control/xml/XmlTexNode.cpp.o
[111/441] Building CXX object src/core/CMakeFiles/xournalpp-core.dir/control/zoom/ZoomListener.cpp.o
[112/441] Building CXX object src/core/CMakeFiles/xournalpp-core.dir/control/xml/XmlPointNode.cpp.o
[113/441] Building CXX object src/core/CMakeFiles/xournalpp-core.dir/control/xml/XmlNode.cpp.o
[114/441] Building CXX object src/core/CMakeFiles/xournalpp-core.dir/control/xml/XmlAudioNode.cpp.o
[115/441] Building CXX object src/core/CMakeFiles/xournalpp-core.dir/control/tools/SplineHandler.cpp.o
[116/441] Building CXX object src/core/CMakeFiles/xournalpp-core.dir/enums/generated/ActionGroup.generated.cpp.o
[117/441] Building CXX object src/core/CMakeFiles/xournalpp-core.dir/control/tools/EditSelection.cpp.o
[118/441] Building CXX object src/core/CMakeFiles/xournalpp-core.dir/enums/generated/ActionType.generated.cpp.o
[119/441] Building CXX object src/core/CMakeFiles/xournalpp-core.dir/control/tools/StrokeStabilizer.cpp.o
[120/441] Building CXX object src/core/CMakeFiles/xournalpp-core.dir/control/xojfile/LoadHandlerHelper.cpp.o
/blfs/builds/xournalpp-1.2.8/src/core/control/xojfile/LoadHandlerHelper.cpp: In function ‘int LoadHandlerHelper::getAttribInt(const char*, LoadHandler*)’:
/blfs/builds/xournalpp-1.2.8/src/core/control/xojfile/LoadHandlerHelper.cpp:145:21: warning: conversion from ‘long int’ to ‘int’ may change value [-Wconversion]
  145 |     int val = strtol(attrib, &ptr, 10);
      |               ~~~~~~^~~~~~~~~~~~~~~~~~
/blfs/builds/xournalpp-1.2.8/src/core/control/xojfile/LoadHandlerHelper.cpp: In function ‘bool LoadHandlerHelper::getAttribInt(const char*, bool, LoadHandler*, int&)’:
/blfs/builds/xournalpp-1.2.8/src/core/control/xojfile/LoadHandlerHelper.cpp:164:21: warning: conversion from ‘long int’ to ‘int’ may change value [-Wconversion]
  164 |     int val = strtol(attrib, &ptr, 10);
      |               ~~~~~~^~~~~~~~~~~~~~~~~~
[121/441] Building CXX object src/core/CMakeFiles/xournalpp-core.dir/control/xojfile/XojExportHandler.cpp.o
[122/441] Building CXX object src/core/CMakeFiles/xournalpp-core.dir/gui/GladeSearchpath.cpp.o
[123/441] Building CXX object src/core/CMakeFiles/xournalpp-core.dir/gui/GladeGui.cpp.o
[124/441] Building CXX object src/core/CMakeFiles/xournalpp-core.dir/gui/FloatingToolbox.cpp.o
[125/441] Building CXX object src/core/CMakeFiles/xournalpp-core.dir/control/zoom/ZoomControl.cpp.o
[126/441] Building CXX object src/core/CMakeFiles/xournalpp-core.dir/gui/IconNameHelper.cpp.o
[127/441] Building CXX object src/core/CMakeFiles/xournalpp-core.dir/gui/LayoutMapper.cpp.o
/blfs/builds/xournalpp-1.2.8/src/core/gui/LayoutMapper.cpp: In function ‘void calculate(LayoutSettings&, size_t, size_t, bool, uint32_t)’:
/blfs/builds/xournalpp-1.2.8/src/core/gui/LayoutMapper.cpp:113:43: warning: conversion from ‘size_t’ {aka ‘long unsigned int’} to ‘uint32_t’ {aka ‘unsigned int’} may change value [-Wconversion]
  113 |             data.offset = firstPageOffset % (2 * data.rows);
      |                           ~~~~~~~~~~~~~~~~^~~~~~~~~~~~~~~~~
/blfs/builds/xournalpp-1.2.8/src/core/gui/LayoutMapper.cpp:115:43: warning: conversion from ‘size_t’ {aka ‘long unsigned int’} to ‘uint32_t’ {aka ‘unsigned int’} may change value [-Wconversion]
  115 |             data.offset = firstPageOffset % data.rows;
      |                           ~~~~~~~~~~~~~~~~^~~~~~~~~~~
/blfs/builds/xournalpp-1.2.8/src/core/gui/LayoutMapper.cpp:119:39: warning: conversion from ‘size_t’ {aka ‘long unsigned int’} to ‘uint32_t’ {aka ‘unsigned int’} may change value [-Wconversion]
  119 |         data.offset = firstPageOffset % data.cols;
      |                       ~~~~~~~~~~~~~~~~^~~~~~~~~~~
[128/441] Building CXX object src/core/CMakeFiles/xournalpp-core.dir/gui/LegacyRedrawable.cpp.o
[129/441] Building CXX object src/core/CMakeFiles/xournalpp-core.dir/gui/Shadow.cpp.o
[130/441] Building CXX object src/core/CMakeFiles/xournalpp-core.dir/control/xojfile/SaveHandler.cpp.o
[131/441] Building CXX object src/core/CMakeFiles/xournalpp-core.dir/gui/Layout.cpp.o
[132/441] Building CXX object src/core/CMakeFiles/xournalpp-core.dir/gui/RepaintHandler.cpp.o
[133/441] Building CXX object src/core/CMakeFiles/xournalpp-core.dir/gui/ToolitemDragDrop.cpp.o
[134/441] Building CXX object src/core/CMakeFiles/xournalpp-core.dir/gui/PagePreviewDecoration.cpp.o
[135/441] Building CXX object src/core/CMakeFiles/xournalpp-core.dir/gui/XojColor.cpp.o
[136/441] Building CXX object src/core/CMakeFiles/xournalpp-core.dir/gui/SearchBar.cpp.o
/blfs/builds/xournalpp-1.2.8/src/core/gui/SearchBar.cpp: In member function ‘void SearchBar::showSearchBar(bool)’:
/blfs/builds/xournalpp-1.2.8/src/core/gui/SearchBar.cpp:164:61: warning: conversion from ‘size_t’ {aka ‘long unsigned int’} to ‘int’ may change value [-Wconversion]
  164 |         for (int i = control->getDocument()->getPageCount() - 1; i >= 0; i--) {
      |                      ~~~~~~~~~~~~~~~~~~~~~~~~~~~~~~~~~~~~~~~^~~
[137/441] Building CXX object src/core/CMakeFiles/xournalpp-core.dir/gui/PdfFloatingToolbox.cpp.o
[138/441] Building CXX object src/core/CMakeFiles/xournalpp-core.dir/gui/dialog/AboutDialog.cpp.o
[139/441] Building CXX object src/core/CMakeFiles/xournalpp-core.dir/gui/dialog/FillOpacityDialog.cpp.o
[140/441] Building CXX object src/core/CMakeFiles/xournalpp-core.dir/gui/dialog/ButtonConfigGui.cpp.o
/blfs/builds/xournalpp-1.2.8/src/core/gui/dialog/ButtonConfigGui.cpp: In member function ‘void ButtonConfigGui::saveSettings()’:
/blfs/builds/xournalpp-1.2.8/src/core/gui/dialog/ButtonConfigGui.cpp:267:59: warning: comparison of integer expressions of different signedness: ‘std::vector<InputDevice>::size_type’ {aka ‘long unsigned int’} and ‘int’ [-Wsign-compare]
  267 |         cfg->device = (dev < 0 || this->deviceList.size() <= dev) ? "" : this->deviceList[dev].getName();
      |                                   ~~~~~~~~~~~~~~~~~~~~~~~~^~~~~~
[141/441] Building CXX object src/core/CMakeFiles/xournalpp-core.dir/gui/dialog/GotoDialog.cpp.o
/blfs/builds/xournalpp-1.2.8/src/core/gui/dialog/GotoDialog.cpp: In member function ‘virtual void GotoDialog::show(GtkWindow*)’:
/blfs/builds/xournalpp-1.2.8/src/core/gui/dialog/GotoDialog.cpp:26:55: warning: conversion from ‘gdouble’ {aka ‘double’} to ‘int’ may change value [-Wfloat-conversion]
   26 |         this->selectedPage = gtk_spin_button_get_value(GTK_SPIN_BUTTON(get("spinPage")));
      |                              ~~~~~~~~~~~~~~~~~~~~~~~~~^~~~~~~~~~~~~~~~~~~~~~~~~~~~~~~~~~
[142/441] Building CXX object src/core/CMakeFiles/xournalpp-core.dir/gui/XournalppCursor.cpp.o
/blfs/builds/xournalpp-1.2.8/src/core/gui/XournalppCursor.cpp: In member function ‘GdkCursor* XournalppCursor::getEraserCursor()’:
/blfs/builds/xournalpp-1.2.8/src/core/gui/XournalppCursor.cpp:395:80: warning: conversion from ‘double’ to ‘int’ may change value [-Wfloat-conversion]
  395 |     cairo_surface_t* surface = cairo_image_surface_create(CAIRO_FORMAT_ARGB32, cursorSize, cursorSize);
      |                                                                                ^~~~~~~~~~
/blfs/builds/xournalpp-1.2.8/src/core/gui/XournalppCursor.cpp:395:92: warning: conversion from ‘double’ to ‘int’ may change value [-Wfloat-conversion]
  395 |     cairo_surface_t* surface = cairo_image_surface_create(CAIRO_FORMAT_ARGB32, cursorSize, cursorSize);
      |                                                                                            ^~~~~~~~~~
/blfs/builds/xournalpp-1.2.8/src/core/gui/XournalppCursor.cpp: In member function ‘void XournalppCursor::setCursor(int)’:
/blfs/builds/xournalpp-1.2.8/src/core/gui/XournalppCursor.cpp:526:18: warning: comparison of integer expressions of different signedness: ‘int’ and ‘guint’ {aka ‘unsigned int’} [-Wsign-compare]
  526 |     if (cursorID == this->currentCursor) {
      |         ~~~~~~~~~^~~~~~~~~~~~~~~~~~~~~~
/blfs/builds/xournalpp-1.2.8/src/core/gui/XournalppCursor.cpp: In member function ‘GdkCursor* XournalppCursor::createCustomDrawDirCursor(int, bool, bool)’:
/blfs/builds/xournalpp-1.2.8/src/core/gui/XournalppCursor.cpp:580:21: warning: comparison of integer expressions of different signedness: ‘int’ and ‘guint’ {aka ‘unsigned int’} [-Wsign-compare]
  580 |     if (newCursorID == this->currentCursor && flavour == this->currentCursorFlavour) {
      |         ~~~~~~~~~~~~^~~~~~~~~~~~~~~~~~~~~~
[143/441] Building CXX object src/core/CMakeFiles/xournalpp-core.dir/gui/dialog/DeviceClassConfigGui.cpp.o
[144/441] Building CXX object src/core/CMakeFiles/xournalpp-core.dir/gui/dialog/ExportDialog.cpp.o
[145/441] Building CXX object src/core/CMakeFiles/xournalpp-core.dir/gui/XournalView.cpp.o
/blfs/builds/xournalpp-1.2.8/src/core/gui/XournalView.cpp: In member function ‘virtual void XournalView::pageSelected(size_t)’:
/blfs/builds/xournalpp-1.2.8/src/core/gui/XournalView.cpp:381:56: warning: conversion from ‘size_t’ {aka ‘long unsigned int’} to ‘int’ may change value [-Wconversion]
  381 |     control->getMetadataManager()->storeMetadata(file, page, getZoom());
      |                                                        ^~~~
/blfs/builds/xournalpp-1.2.8/src/core/gui/XournalView.cpp: In member function ‘void XournalView::scrollTo(size_t, double)’:
/blfs/builds/xournalpp-1.2.8/src/core/gui/XournalView.cpp:433:23: warning: conversion from ‘long int’ to ‘int’ may change value [-Wconversion]
  433 |     int y = v->getY() + std::lround(yDocument);
      |             ~~~~~~~~~~^~~~~~~~~~~~~~~~~~~~~~~~
/blfs/builds/xournalpp-1.2.8/src/core/gui/XournalView.cpp: In member function ‘virtual void XournalView::zoomChanged()’:
/blfs/builds/xournalpp-1.2.8/src/core/gui/XournalView.cpp:566:70: warning: conversion from ‘size_t’ {aka ‘long unsigned int’} to ‘int’ may change value [-Wconversion]
  566 |     control->getMetadataManager()->storeMetadata(file, getCurrentPage(), zoom->getZoomReal());
      |                                                        ~~~~~~~~~~~~~~^~
/blfs/builds/xournalpp-1.2.8/src/core/gui/XournalView.cpp: In member function ‘void XournalView::deleteSelection(EditSelection*)’:
/blfs/builds/xournalpp-1.2.8/src/core/gui/XournalView.cpp:652:22: warning: unused variable ‘view’ [-Wunused-variable]
  652 |         XojPageView* view = sel->getView();
      |                      ^~~~
/blfs/builds/xournalpp-1.2.8/src/core/gui/XournalView.cpp: In member function ‘void XournalView::layoutPages()’:
/blfs/builds/xournalpp-1.2.8/src/core/gui/XournalView.cpp:731:77: warning: conversion from ‘long int’ to ‘int’ may change value [-Wconversion]
  731 |     layout->layoutPages(std::max<int>(layout->getMinimalWidth(), std::lround(rectangle.width)),
      |                                                                  ~~~~~~~~~~~^~~~~~~~~~~~~~~~~
/blfs/builds/xournalpp-1.2.8/src/core/gui/XournalView.cpp:732:78: warning: conversion from ‘long int’ to ‘int’ may change value [-Wconversion]
  732 |                         std::max<int>(layout->getMinimalHeight(), std::lround(rectangle.height)));
      |                                                                   ~~~~~~~~~~~^~~~~~~~~~~~~~~~~~
/blfs/builds/xournalpp-1.2.8/src/core/gui/XournalView.cpp: In member function ‘bool XournalView::isPageVisible(size_t, int*) const’:
/blfs/builds/xournalpp-1.2.8/src/core/gui/XournalView.cpp:751:41: warning: conversion from ‘long int’ to ‘int’ may change value [-Wconversion]
  751 |             *visibleHeight = std::lround(rect->height);
      |                              ~~~~~~~~~~~^~~~~~~~~~~~~~
[146/441] Building CXX object src/core/CMakeFiles/xournalpp-core.dir/gui/PageView.cpp.o
In file included from /blfs/builds/xournalpp-1.2.8/src/core/gui/PageView.cpp:35:
/blfs/builds/xournalpp-1.2.8/src/core/control/tools/EraseHandler.h:29:40: warning: ‘LegacyRedrawable’ is deprecated [-Wdeprecated-declarations]
   29 |                  LegacyRedrawable* view);
      |                                        ^
In file included from /blfs/builds/xournalpp-1.2.8/src/core/gui/PageView.h:33,
                 from /blfs/builds/xournalpp-1.2.8/src/core/gui/PageView.cpp:1:
/blfs/builds/xournalpp-1.2.8/src/core/gui/LegacyRedrawable.h:31:22: note: declared here
   31 | class [[deprecated]] LegacyRedrawable {
      |                      ^~~~~~~~~~~~~~~~
/blfs/builds/xournalpp-1.2.8/src/core/control/tools/EraseHandler.h:42:23: warning: ‘LegacyRedrawable’ is deprecated [-Wdeprecated-declarations]
   42 |     LegacyRedrawable* view;
      |                       ^~~~
/blfs/builds/xournalpp-1.2.8/src/core/gui/LegacyRedrawable.h:31:22: note: declared here
   31 | class [[deprecated]] LegacyRedrawable {
      |                      ^~~~~~~~~~~~~~~~
[147/441] Building CXX object src/core/CMakeFiles/xournalpp-core.dir/gui/dialog/FormatDialog.cpp.o
[148/441] Building CXX object src/core/CMakeFiles/xournalpp-core.dir/gui/dialog/RenameLayerDialog.cpp.o
[149/441] Building CXX object src/core/CMakeFiles/xournalpp-core.dir/gui/dialog/PageTemplateDialog.cpp.o
[150/441] Building CXX object src/core/CMakeFiles/xournalpp-core.dir/gui/dialog/PluginDialogEntry.cpp.o
[151/441] Building CXX object src/core/CMakeFiles/xournalpp-core.dir/gui/dialog/LatexSettingsPanel.cpp.o
[152/441] Building CXX object src/core/CMakeFiles/xournalpp-core.dir/gui/dialog/PluginDialog.cpp.o
[153/441] Building CXX object src/core/CMakeFiles/xournalpp-core.dir/gui/dialog/LanguageConfigGui.cpp.o
/blfs/builds/xournalpp-1.2.8/src/core/gui/dialog/LanguageConfigGui.cpp: In constructor ‘LanguageConfigGui::LanguageConfigGui(GladeSearchpath*, GtkWidget*, Settings*)’:
/blfs/builds/xournalpp-1.2.8/src/core/gui/dialog/LanguageConfigGui.cpp:72:63: warning: conversion from ‘__gnu_cxx::__normal_iterator<std::__cxx11::basic_string<char>*, std::vector<std::__cxx11::basic_string<char> > >::difference_type’ {aka ‘long int’} to ‘gint’ {aka ‘int’} may change value [-Wconversion]
   72 |     gtk_combo_box_set_active(GTK_COMBO_BOX(dropdown), prefPos - availableLocales.begin());
      |                                                       ~~~~~~~~^~~~~~~~~~~~~~~~~~~~~~~~~~
[154/441] Building CXX object src/core/CMakeFiles/xournalpp-core.dir/gui/dialog/SelectBackgroundColorDialog.cpp.o
/blfs/builds/xournalpp-1.2.8/src/core/gui/dialog/SelectBackgroundColorDialog.cpp: In member function ‘void SelectBackgroundColorDialog::show(GtkWindow*)’:
/blfs/builds/xournalpp-1.2.8/src/core/gui/dialog/SelectBackgroundColorDialog.cpp:118:118: warning: conversion from ‘std::array<_GdkRGBA, 9>::size_type’ {aka ‘long unsigned int’} to ‘gint’ {aka ‘int’} may change value [-Wconversion]
  118 |     gtk_color_chooser_add_palette(GTK_COLOR_CHOOSER(dialog), GTK_ORIENTATION_HORIZONTAL, 9, lastBackgroundColors.size(),
      |                                                                                             ~~~~~~~~~~~~~~~~~~~~~~~~~^~
[155/441] Building CXX object src/core/CMakeFiles/xournalpp-core.dir/gui/dialog/LatexDialog.cpp.o
[156/441] Building CXX object src/core/CMakeFiles/xournalpp-core.dir/gui/dialog/ToolbarManageDialog.cpp.o
[157/441] Building CXX object src/core/CMakeFiles/xournalpp-core.dir/gui/dialog/backgroundSelect/BackgroundSelectDialogBase.cpp.o
/blfs/builds/xournalpp-1.2.8/src/core/gui/dialog/backgroundSelect/BackgroundSelectDialogBase.cpp: In member function ‘void BackgroundSelectDialogBase::layout()’:
/blfs/builds/xournalpp-1.2.8/src/core/gui/dialog/backgroundSelect/BackgroundSelectDialogBase.cpp:69:76: warning: conversion from ‘double’ to ‘gint’ {aka ‘int’} may change value [-Wfloat-conversion]
   69 |         gtk_layout_move(GTK_LAYOUT(this->layoutContainer), p->getWidget(), x, y);
      |                                                                            ^
/blfs/builds/xournalpp-1.2.8/src/core/gui/dialog/backgroundSelect/BackgroundSelectDialogBase.cpp:69:79: warning: conversion from ‘double’ to ‘gint’ {aka ‘int’} may change value [-Wfloat-conversion]
   69 |         gtk_layout_move(GTK_LAYOUT(this->layoutContainer), p->getWidget(), x, y);
      |                                                                               ^
/blfs/builds/xournalpp-1.2.8/src/core/gui/dialog/backgroundSelect/BackgroundSelectDialogBase.cpp:78:60: warning: conversion from ‘double’ to ‘guint’ {aka ‘unsigned int’} may change value [-Wfloat-conversion]
   78 |     gtk_layout_set_size(GTK_LAYOUT(this->layoutContainer), max_row_width, y + row_height);
      |                                                            ^~~~~~~~~~~~~
/blfs/builds/xournalpp-1.2.8/src/core/gui/dialog/backgroundSelect/BackgroundSelectDialogBase.cpp:78:77: warning: conversion from ‘double’ to ‘guint’ {aka ‘unsigned int’} may change value [-Wfloat-conversion]
   78 |     gtk_layout_set_size(GTK_LAYOUT(this->layoutContainer), max_row_width, y + row_height);
      |                                                                           ~~^~~~~~~~~~~~
[158/441] Building CXX object src/core/CMakeFiles/xournalpp-core.dir/control/xojfile/LoadHandler.cpp.o
/blfs/builds/xournalpp-1.2.8/src/core/control/xojfile/LoadHandler.cpp: In static member function ‘static void LoadHandler::parserText(GMarkupParseContext*, const gchar*, gsize, gpointer, GError**)’:
/blfs/builds/xournalpp-1.2.8/src/core/control/xojfile/LoadHandler.cpp:1042:52: warning: comparison of integer expressions of different signedness: ‘std::vector<double>::size_type’ {aka ‘long unsigned int’} and ‘int’ [-Wsign-compare]
 1042 |             if (handler->pressureBuffer.size() + 1 >= handler->stroke->getPointCount()) {
      |                 ~~~~~~~~~~~~~~~~~~~~~~~~~~~~~~~~~~~^~~~~~~~~~~~~~~~~~~~~~~~~~~~~~~~~~~
/blfs/builds/xournalpp-1.2.8/src/core/control/xojfile/LoadHandler.cpp: In static member function ‘static std::string LoadHandler::parseBase64(const gchar*, gsize)’:
/blfs/builds/xournalpp-1.2.8/src/core/control/xojfile/LoadHandler.cpp:1072:68: warning: conversion from ‘gsize’ {aka ‘long unsigned int’} to ‘guint’ {aka ‘unsigned int’} may change value [-Wconversion]
 1072 |     auto* base64data = static_cast<gchar*>(g_memdup(base64, length + 1));
      |                                                             ~~~~~~~^~~
[159/441] Building CXX object src/core/CMakeFiles/xournalpp-core.dir/gui/dialog/backgroundSelect/PdfElementView.cpp.o
/blfs/builds/xournalpp-1.2.8/src/core/gui/dialog/backgroundSelect/PdfElementView.cpp: In member function ‘virtual int PdfElementView::getContentWidth()’:
/blfs/builds/xournalpp-1.2.8/src/core/gui/dialog/backgroundSelect/PdfElementView.cpp:31:73: warning: conversion from ‘double’ to ‘int’ may change value [-Wfloat-conversion]
   31 | auto PdfElementView::getContentWidth() -> int { return page->getWidth() * PdfPagesDialog::getZoom(); }
      |                                                        ~~~~~~~~~~~~~~~~~^~~~~~~~~~~~~~~~~~~~~~~~~~~
/blfs/builds/xournalpp-1.2.8/src/core/gui/dialog/backgroundSelect/PdfElementView.cpp: In member function ‘virtual int PdfElementView::getContentHeight()’:
/blfs/builds/xournalpp-1.2.8/src/core/gui/dialog/backgroundSelect/PdfElementView.cpp:33:75: warning: conversion from ‘double’ to ‘int’ may change value [-Wfloat-conversion]
   33 | auto PdfElementView::getContentHeight() -> int { return page->getHeight() * PdfPagesDialog::getZoom(); }
      |                                                         ~~~~~~~~~~~~~~~~~~^~~~~~~~~~~~~~~~~~~~~~~~~~~
[160/441] Building CXX object src/core/CMakeFiles/xournalpp-core.dir/gui/dialog/backgroundSelect/ImageElementView.cpp.o
/blfs/builds/xournalpp-1.2.8/src/core/gui/dialog/backgroundSelect/ImageElementView.cpp: In member function ‘virtual void ImageElementView::calcSize()’:
/blfs/builds/xournalpp-1.2.8/src/core/gui/dialog/backgroundSelect/ImageElementView.cpp:26:21: warning: conversion from ‘double’ to ‘int’ may change value [-Wfloat-conversion]
   26 |         this->width *= zoom;
      |         ~~~~~~~~~~~~^~~~~~~
/blfs/builds/xournalpp-1.2.8/src/core/gui/dialog/backgroundSelect/ImageElementView.cpp:27:22: warning: conversion from ‘double’ to ‘int’ may change value [-Wfloat-conversion]
   27 |         this->height *= zoom;
      |         ~~~~~~~~~~~~~^~~~~~~
[161/441] Building CXX object src/core/CMakeFiles/xournalpp-core.dir/gui/dialog/toolbarCustomize/ToolbarDragDropHelper.cpp.o
[162/441] Building CXX object src/core/CMakeFiles/xournalpp-core.dir/gui/dialog/toolbarCustomize/ToolItemDragCurrentData.cpp.o
[163/441] Building CXX object src/core/CMakeFiles/xournalpp-core.dir/gui/dialog/backgroundSelect/BaseElementView.cpp.o
[164/441] Building CXX object src/core/CMakeFiles/xournalpp-core.dir/gui/dialog/backgroundSelect/PdfPagesDialog.cpp.o
/blfs/builds/xournalpp-1.2.8/src/core/gui/dialog/backgroundSelect/PdfPagesDialog.cpp: In constructor ‘PdfPagesDialog::PdfPagesDialog(GladeSearchpath*, Document*, Settings*)’:
/blfs/builds/xournalpp-1.2.8/src/core/gui/dialog/backgroundSelect/PdfPagesDialog.cpp:29:52: warning: conversion from ‘std::vector<BaseElementView*>::size_type’ {aka ‘long unsigned int’} to ‘int’ may change value [-Wconversion]
   29 |         auto* pv = new PdfElementView(elements.size(), p, this);
      |                                       ~~~~~~~~~~~~~^~
/blfs/builds/xournalpp-1.2.8/src/core/gui/dialog/backgroundSelect/PdfPagesDialog.cpp: In member function ‘virtual void PdfPagesDialog::setSelected(int)’:
/blfs/builds/xournalpp-1.2.8/src/core/gui/dialog/backgroundSelect/PdfPagesDialog.cpp:108:18: warning: comparison of integer expressions of different signedness: ‘int’ and ‘std::vector<BaseElementView*>::size_type’ {aka ‘long unsigned int’} [-Wsign-compare]
  108 |     if (selected < this->elements.size()) {
      |         ~~~~~~~~~^~~~~~~~~~~~~~~~~~~~~~~
[165/441] Building CXX object src/core/CMakeFiles/xournalpp-core.dir/gui/inputdevices/DeviceId.cpp.o
[166/441] Building CXX object src/core/CMakeFiles/xournalpp-core.dir/gui/dialog/backgroundSelect/ImagesDialog.cpp.o
/blfs/builds/xournalpp-1.2.8/src/core/gui/dialog/backgroundSelect/ImagesDialog.cpp: In member function ‘void ImagesDialog::loadImagesFromPages()’:
/blfs/builds/xournalpp-1.2.8/src/core/gui/dialog/backgroundSelect/ImagesDialog.cpp:51:60: warning: conversion from ‘std::vector<BaseElementView*>::size_type’ {aka ‘long unsigned int’} to ‘int’ may change value [-Wconversion]
   51 |         auto* iv = new ImageElementView(this->elements.size(), this);
      |                                         ~~~~~~~~~~~~~~~~~~~^~
[167/441] Building CXX object src/core/CMakeFiles/xournalpp-core.dir/gui/dialog/toolbarCustomize/ToolbarAdapter.cpp.o
[168/441] Building CXX object src/core/CMakeFiles/xournalpp-core.dir/gui/MainWindow.cpp.o
[169/441] Building CXX object src/core/CMakeFiles/xournalpp-core.dir/gui/dialog/toolbarCustomize/ToolbarCustomizeDialog.cpp.o
[170/441] Building CXX object src/core/CMakeFiles/xournalpp-core.dir/gui/inputdevices/CompassInputHandler.cpp.o
[171/441] Building CXX object src/core/CMakeFiles/xournalpp-core.dir/gui/inputdevices/AbstractInputHandler.cpp.o
[172/441] Building CXX object src/core/CMakeFiles/xournalpp-core.dir/gui/dialog/toolbarCustomize/ToolbarDragDropHandler.cpp.o
[173/441] Building CXX object src/core/CMakeFiles/xournalpp-core.dir/gui/inputdevices/PositionInputData.cpp.o
[174/441] Building CXX object src/core/CMakeFiles/xournalpp-core.dir/gui/inputdevices/InputEvents.cpp.o
[175/441] Building CXX object src/core/CMakeFiles/xournalpp-core.dir/gui/inputdevices/HandRecognition.cpp.o
[176/441] Building CXX object src/core/CMakeFiles/xournalpp-core.dir/gui/inputdevices/InputUtils.cpp.o
[177/441] Building CXX object src/core/CMakeFiles/xournalpp-core.dir/gui/inputdevices/touchdisable/TouchDisableInterface.cpp.o
[178/441] Building CXX object src/core/CMakeFiles/xournalpp-core.dir/gui/inputdevices/KeyboardInputHandler.cpp.o
[179/441] Building CXX object src/core/CMakeFiles/xournalpp-core.dir/gui/inputdevices/MouseInputHandler.cpp.o
[180/441] Building CXX object src/core/CMakeFiles/xournalpp-core.dir/gui/inputdevices/GeometryToolInputHandler.cpp.o
[181/441] Building CXX object src/core/CMakeFiles/xournalpp-core.dir/gui/inputdevices/touchdisable/TouchDisableX11.cpp.o
[182/441] Building CXX object src/core/CMakeFiles/xournalpp-core.dir/gui/inputdevices/InputContext.cpp.o
[183/441] Building CXX object src/core/CMakeFiles/xournalpp-core.dir/gui/inputdevices/SetsquareInputHandler.cpp.o
[184/441] Building CXX object src/core/CMakeFiles/xournalpp-core.dir/gui/dialog/SettingsDialog.cpp.o
[185/441] Building CXX object src/core/CMakeFiles/xournalpp-core.dir/gui/inputdevices/StylusInputHandler.cpp.o
[186/441] Building CXX object src/core/CMakeFiles/xournalpp-core.dir/gui/inputdevices/touchdisable/TouchDisableCustom.cpp.o
[187/441] Building CXX object src/core/CMakeFiles/xournalpp-core.dir/gui/scroll/ScrollHandling.cpp.o
[188/441] Building CXX object src/core/CMakeFiles/xournalpp-core.dir/gui/inputdevices/TouchInputHandler.cpp.o
[189/441] Building CXX object src/core/CMakeFiles/xournalpp-core.dir/gui/sidebar/AbstractSidebarPage.cpp.o
[190/441] Building CXX object src/core/CMakeFiles/xournalpp-core.dir/gui/inputdevices/PenInputHandler.cpp.o
/blfs/builds/xournalpp-1.2.8/src/core/gui/inputdevices/PenInputHandler.cpp: In member function ‘bool PenInputHandler::actionEnd(const InputEvent&)’:
/blfs/builds/xournalpp-1.2.8/src/core/gui/inputdevices/PenInputHandler.cpp:370:89: warning: comparison of integer expressions of different signedness: ‘unsigned int’ and ‘int’ [-Wsign-compare]
  370 |             const bool fastEnoughTap = event.timestamp - this->lastActionStartTimeStamp < tapMaxDuration;
      |                                        ~~~~~~~~~~~~~~~~~~~~~~~~~~~~~~~~~~~~~~~~~~~~~~~~~^~~~~~~~~~~~~~~~
/blfs/builds/xournalpp-1.2.8/src/core/gui/inputdevices/PenInputHandler.cpp:371:89: warning: comparison of integer expressions of different signedness: ‘unsigned int’ and ‘int’ [-Wsign-compare]
  371 |             const bool notAnAftershock = event.timestamp - this->lastActionEndTimeStamp > filterRepetitionTime;
      |                                          ~~~~~~~~~~~~~~~~~~~~~~~~~~~~~~~~~~~~~~~~~~~~~~~^~~~~~~~~~~~~~~~~~~~~~
[191/441] Building CXX object src/core/CMakeFiles/xournalpp-core.dir/gui/inputdevices/TouchDrawingInputHandler.cpp.o
/blfs/builds/xournalpp-1.2.8/src/core/gui/inputdevices/TouchDrawingInputHandler.cpp: In member function ‘virtual bool TouchDrawingInputHandler::handleImpl(const InputEvent&)’:
/blfs/builds/xournalpp-1.2.8/src/core/gui/inputdevices/TouchDrawingInputHandler.cpp:42:11: warning: unused variable ‘mainWindow’ [-Wunused-variable]
   42 |     auto* mainWindow = inputContext->getView()->getControl()->getWindow();
      |           ^~~~~~~~~~
[192/441] Building CXX object src/core/CMakeFiles/xournalpp-core.dir/gui/menus/menubar/PluginsSubmenu.cpp.o
[193/441] Building CXX object src/core/CMakeFiles/xournalpp-core.dir/gui/sidebar/previews/base/SidebarBaseContextMenu.cpp.o
[194/441] Building CXX object src/core/CMakeFiles/xournalpp-core.dir/gui/sidebar/indextree/SidebarIndexPage.cpp.o
/blfs/builds/xournalpp-1.2.8/src/core/gui/sidebar/indextree/SidebarIndexPage.cpp: In static member function ‘static gboolean SidebarIndexPage::treeSearchFunction(GtkTreeModel*, gint, const gchar*, GtkTreeIter*, SidebarIndexPage*)’:
/blfs/builds/xournalpp-1.2.8/src/core/gui/sidebar/indextree/SidebarIndexPage.cpp:148:43: warning: conversion from ‘size_t’ {aka ‘long unsigned int’} to ‘int’ may change value [-Wconversion]
  148 |     pango_get_log_attrs(normalized, strlen(normalized), -1, nullptr, log_attrs, len + 1);
      |                                     ~~~~~~^~~~~~~~~~~~
/blfs/builds/xournalpp-1.2.8/src/core/gui/sidebar/indextree/SidebarIndexPage.cpp:148:85: warning: conversion from ‘size_t’ {aka ‘long unsigned int’} to ‘int’ may change value [-Wconversion]
  148 |     pango_get_log_attrs(normalized, strlen(normalized), -1, nullptr, log_attrs, len + 1);
      |                                                                                 ~~~~^~~
[195/441] Building CXX object src/core/CMakeFiles/xournalpp-core.dir/gui/sidebar/previews/base/SidebarLayout.cpp.o
/blfs/builds/xournalpp-1.2.8/src/core/gui/sidebar/previews/base/SidebarLayout.cpp: In member function ‘int SidebarRow::getCount()’:
/blfs/builds/xournalpp-1.2.8/src/core/gui/sidebar/previews/base/SidebarLayout.cpp:47:52: warning: conversion from ‘std::__cxx11::list<SidebarPreviewBaseEntry*>::size_type’ {aka ‘long unsigned int’} to ‘int’ may change value [-Wconversion]
   47 |     auto getCount() -> int { return this->list.size(); }
      |                                     ~~~~~~~~~~~~~~~^~
[196/441] Building CXX object src/core/CMakeFiles/xournalpp-core.dir/gui/menus/menubar/Menubar.cpp.o
[197/441] Building CXX object src/core/CMakeFiles/xournalpp-core.dir/gui/sidebar/previews/base/SidebarToolbar.cpp.o
[198/441] Building CXX object src/core/CMakeFiles/xournalpp-core.dir/gui/menus/menubar/ToolbarSelectionSubmenu.cpp.o
[199/441] Building CXX object src/core/CMakeFiles/xournalpp-core.dir/gui/menus/menubar/RecentDocumentsSubmenu.cpp.o
[200/441] Building CXX object src/core/CMakeFiles/xournalpp-core.dir/gui/sidebar/previews/base/SidebarPreviewBaseEntry.cpp.o
/blfs/builds/xournalpp-1.2.8/src/core/gui/sidebar/previews/base/SidebarPreviewBaseEntry.cpp: In member function ‘virtual void SidebarPreviewBaseEntry::paint(cairo_t*)’:
/blfs/builds/xournalpp-1.2.8/src/core/gui/sidebar/previews/base/SidebarPreviewBaseEntry.cpp:137:102: warning: conversion from ‘double’ to ‘int’ may change value [-Wfloat-conversion]
  137 |         Shadow::drawShadow(cr, Shadow::getShadowTopLeftSize(), Shadow::getShadowTopLeftSize(), width + 4, height + 4);
      |                                                                                                ~~~~~~^~~
/blfs/builds/xournalpp-1.2.8/src/core/gui/sidebar/previews/base/SidebarPreviewBaseEntry.cpp:137:114: warning: conversion from ‘double’ to ‘int’ may change value [-Wfloat-conversion]
  137 |         Shadow::drawShadow(cr, Shadow::getShadowTopLeftSize(), Shadow::getShadowTopLeftSize(), width + 4, height + 4);
      |                                                                                                           ~~~~~~~^~~
/blfs/builds/xournalpp-1.2.8/src/core/gui/sidebar/previews/base/SidebarPreviewBaseEntry.cpp:140:104: warning: conversion from ‘double’ to ‘int’ may change value [-Wfloat-conversion]
  140 |         Shadow::drawShadow(cr, Shadow::getShadowTopLeftSize() + 2, Shadow::getShadowTopLeftSize() + 2, width, height);
      |                                                                                                        ^~~~~
/blfs/builds/xournalpp-1.2.8/src/core/gui/sidebar/previews/base/SidebarPreviewBaseEntry.cpp:140:111: warning: conversion from ‘double’ to ‘int’ may change value [-Wfloat-conversion]
  140 |         Shadow::drawShadow(cr, Shadow::getShadowTopLeftSize() + 2, Shadow::getShadowTopLeftSize() + 2, width, height);
      |                                                                                                               ^~~~~~
/blfs/builds/xournalpp-1.2.8/src/core/gui/sidebar/previews/base/SidebarPreviewBaseEntry.cpp: In member function ‘virtual int SidebarPreviewBaseEntry::getWidgetWidth()’:
/blfs/builds/xournalpp-1.2.8/src/core/gui/sidebar/previews/base/SidebarPreviewBaseEntry.cpp:155:120: warning: conversion from ‘double’ to ‘int’ may change value [-Wfloat-conversion]
  155 |     return page->getWidth() * sidebar->getZoom() + Shadow::getShadowBottomRightSize() + Shadow::getShadowTopLeftSize() +
      |            ~~~~~~~~~~~~~~~~~~~~~~~~~~~~~~~~~~~~~~~~~~~~~~~~~~~~~~~~~~~~~~~~~~~~~~~~~~~~~~~~~~~~~~~~~~~~~~~~~~~~~~~~~~~~^
  156 |            4;
      |            ~                                                                                                            
/blfs/builds/xournalpp-1.2.8/src/core/gui/sidebar/previews/base/SidebarPreviewBaseEntry.cpp: In member function ‘virtual int SidebarPreviewBaseEntry::getWidgetHeight()’:
/blfs/builds/xournalpp-1.2.8/src/core/gui/sidebar/previews/base/SidebarPreviewBaseEntry.cpp:161:43: warning: conversion from ‘double’ to ‘int’ may change value [-Wfloat-conversion]
  160 |     return page->getHeight() * sidebar->getZoom() + Shadow::getShadowBottomRightSize() +
      |            ~~~~~~~~~~~~~~~~~~~~~~~~~~~~~~~~~~~~~~~~~~~~~~~~~~~~~~~~~~~~~~~~~~~~~~~~~~~~~
  161 |            Shadow::getShadowTopLeftSize() + 4;
      |            ~~~~~~~~~~~~~~~~~~~~~~~~~~~~~~~^~~
[201/441] Building CXX object src/core/CMakeFiles/xournalpp-core.dir/gui/sidebar/previews/layer/SidebarPreviewLayerEntry.cpp.o
[202/441] Building CXX object src/core/CMakeFiles/xournalpp-core.dir/gui/sidebar/previews/base/SidebarPreviewBase.cpp.o
[203/441] Building CXX object src/core/CMakeFiles/xournalpp-core.dir/gui/toolbarMenubar/AbstractItem.cpp.o
[204/441] Building CXX object src/core/CMakeFiles/xournalpp-core.dir/gui/sidebar/previews/layer/SidebarLayersContextMenu.cpp.o
[205/441] Building CXX object src/core/CMakeFiles/xournalpp-core.dir/gui/sidebar/previews/layer/SidebarPreviewLayers.cpp.o
[206/441] Building CXX object src/core/CMakeFiles/xournalpp-core.dir/gui/toolbarMenubar/AbstractToolItem.cpp.o
[207/441] Building CXX object src/core/CMakeFiles/xournalpp-core.dir/gui/toolbarMenubar/MenuItem.cpp.o
[208/441] Building CXX object src/core/CMakeFiles/xournalpp-core.dir/gui/toolbarMenubar/AbstractSliderItem.cpp.o
[209/441] Building CXX object src/core/CMakeFiles/xournalpp-core.dir/gui/toolbarMenubar/FontButton.cpp.o
[210/441] Building CXX object src/core/CMakeFiles/xournalpp-core.dir/gui/sidebar/previews/page/SidebarPreviewPageEntry.cpp.o
/blfs/builds/xournalpp-1.2.8/src/core/gui/sidebar/previews/page/SidebarPreviewPageEntry.cpp: In member function ‘virtual int SidebarPreviewPageEntry::getWidgetHeight()’:
/blfs/builds/xournalpp-1.2.8/src/core/gui/sidebar/previews/page/SidebarPreviewPageEntry.cpp:42:59: warning: conversion from ‘double’ to ‘int’ may change value [-Wfloat-conversion]
   42 |         return SidebarPreviewBaseEntry::getWidgetHeight() + PagePreviewDecoration::MARGIN_BOTTOM;
      |                ~~~~~~~~~~~~~~~~~~~~~~~~~~~~~~~~~~~~~~~~~~~^~~~~~~~~~~~~~~~~~~~~~~~~~~~~~~~~~~~~~
[211/441] Building CXX object src/core/CMakeFiles/xournalpp-core.dir/gui/toolbarMenubar/ToolButton.cpp.o
[212/441] Building CXX object src/core/CMakeFiles/xournalpp-core.dir/gui/sidebar/previews/page/SidebarPreviewPages.cpp.o
[213/441] Building CXX object src/core/CMakeFiles/xournalpp-core.dir/gui/toolbarMenubar/ColorToolItem.cpp.o
[214/441] Building CXX object src/core/CMakeFiles/xournalpp-core.dir/gui/toolbarMenubar/PluginToolButton.cpp.o
[215/441] Building CXX object src/core/CMakeFiles/xournalpp-core.dir/gui/toolbarMenubar/ToolPageSpinner.cpp.o
[216/441] Building CXX object src/core/CMakeFiles/xournalpp-core.dir/gui/toolbarMenubar/ToolPdfCombocontrol.cpp.o
[217/441] Building CXX object src/core/CMakeFiles/xournalpp-core.dir/gui/toolbarMenubar/ToolPageLayer.cpp.o
[218/441] Building CXX object src/core/CMakeFiles/xournalpp-core.dir/gui/toolbarMenubar/model/ToolbarItem.cpp.o
[219/441] Building CXX object src/core/CMakeFiles/xournalpp-core.dir/gui/toolbarMenubar/ToolDrawCombocontrol.cpp.o
[220/441] Building CXX object src/core/CMakeFiles/xournalpp-core.dir/gui/toolbarMenubar/icon/ToolbarSeparatorImage.cpp.o
[221/441] Building CXX object src/core/CMakeFiles/xournalpp-core.dir/gui/toolbarMenubar/ToolSelectCombocontrol.cpp.o
[222/441] Building CXX object src/core/CMakeFiles/xournalpp-core.dir/gui/toolbarMenubar/model/ToolbarEntry.cpp.o
[223/441] Building CXX object src/core/CMakeFiles/xournalpp-core.dir/gui/toolbarMenubar/model/ToolbarData.cpp.o
[224/441] Building CXX object src/core/CMakeFiles/xournalpp-core.dir/gui/toolbarMenubar/ToolZoomSlider.cpp.o
[225/441] Building CXX object src/core/CMakeFiles/xournalpp-core.dir/gui/toolbarMenubar/icon/ColorSelectImage.cpp.o
[226/441] Building CXX object src/core/CMakeFiles/xournalpp-core.dir/gui/widgets/PopupMenuButton.cpp.o
[227/441] Building CXX object src/core/CMakeFiles/xournalpp-core.dir/gui/widgets/ZoomCallib.cpp.o
[228/441] Building CXX object src/core/CMakeFiles/xournalpp-core.dir/gui/widgets/SpinPageAdapter.cpp.o
/blfs/builds/xournalpp-1.2.8/src/core/gui/widgets/SpinPageAdapter.cpp: In static member function ‘static void SpinPageAdapter::pageNrSpinChangedCallback(GtkSpinButton*, SpinPageAdapter*)’:
/blfs/builds/xournalpp-1.2.8/src/core/gui/widgets/SpinPageAdapter.cpp:28:71: warning: comparison of integer expressions of different signedness: ‘gint’ {aka ‘int’} and ‘uint64_t’ {aka ‘long unsigned int’} [-Wsign-compare]
   28 |     if (gtk_spin_button_get_value_as_int(GTK_SPIN_BUTTON(spinbutton)) == static_cast<uint64_t>(adapter->page)) {
      |         ~~~~~~~~~~~~~~~~~~~~~~~~~~~~~~~~~~~~~~~~~~~~~~~~~~~~~~~~~~~~~~^~~~~~~~~~~~~~~~~~~~~~~~~~~~~~~~~~~~~~~
/blfs/builds/xournalpp-1.2.8/src/core/gui/widgets/SpinPageAdapter.cpp: In member function ‘int SpinPageAdapter::getPage() const’:
/blfs/builds/xournalpp-1.2.8/src/core/gui/widgets/SpinPageAdapter.cpp:60:61: warning: conversion from ‘size_t’ {aka ‘long unsigned int’} to ‘int’ may change value [-Wconversion]
   60 | auto SpinPageAdapter::getPage() const -> int { return this->page; }
      |                                                       ~~~~~~^~~~
[229/441] Building CXX object src/core/CMakeFiles/xournalpp-core.dir/gui/widgets/gtkmenutooltogglebutton.cpp.o
[230/441] Building CXX object src/core/CMakeFiles/xournalpp-core.dir/model/DocumentHandler.cpp.o
[231/441] Building CXX object src/core/CMakeFiles/xournalpp-core.dir/model/DocumentListener.cpp.o
[232/441] Building CXX object src/core/CMakeFiles/xournalpp-core.dir/model/AudioElement.cpp.o
[233/441] Building CXX object src/core/CMakeFiles/xournalpp-core.dir/model/BackgroundImage.cpp.o
[234/441] Building CXX object src/core/CMakeFiles/xournalpp-core.dir/gui/toolbarMenubar/model/ToolbarModel.cpp.o
[235/441] Building CXX object src/core/CMakeFiles/xournalpp-core.dir/model/FormatDefinitions.cpp.o
[236/441] Building CXX object src/core/CMakeFiles/xournalpp-core.dir/model/BackgroundConfig.cpp.o
[237/441] Building CXX object src/core/CMakeFiles/xournalpp-core.dir/model/Compass.cpp.o
[238/441] Building CXX object src/core/CMakeFiles/xournalpp-core.dir/gui/widgets/XournalWidget.cpp.o
/blfs/builds/xournalpp-1.2.8/src/core/gui/widgets/XournalWidget.cpp: In function ‘gboolean gtk_xournal_draw(GtkWidget*, cairo_t*)’:
/blfs/builds/xournalpp-1.2.8/src/core/gui/widgets/XournalWidget.cpp:267:27: warning: ‘LegacyRedrawable’ is deprecated [-Wdeprecated-declarations]
  267 |         LegacyRedrawable* red = xournal->selection->getView();
      |                           ^~~
In file included from /blfs/builds/xournalpp-1.2.8/src/core/gui/widgets/XournalWidget.cpp:15:
/blfs/builds/xournalpp-1.2.8/src/core/gui/LegacyRedrawable.h:31:22: note: declared here
   31 | class [[deprecated]] LegacyRedrawable {
      |                      ^~~~~~~~~~~~~~~~
[239/441] Building CXX object src/core/CMakeFiles/xournalpp-core.dir/model/Element.cpp.o
[240/441] Building CXX object src/core/CMakeFiles/xournalpp-core.dir/model/PageHandler.cpp.o
[241/441] Building CXX object src/core/CMakeFiles/xournalpp-core.dir/model/PageListener.cpp.o
[242/441] Building CXX object src/core/CMakeFiles/xournalpp-core.dir/model/LineStyle.cpp.o
[243/441] Building CXX object src/core/CMakeFiles/xournalpp-core.dir/gui/toolbarMenubar/model/ColorPalette.cpp.o
[244/441] Building CXX object src/core/CMakeFiles/xournalpp-core.dir/model/GeometryTool.cpp.o
[245/441] Building CXX object src/core/CMakeFiles/xournalpp-core.dir/gui/toolbarMenubar/ToolMenuHandler.cpp.o
[246/441] Building CXX object src/core/CMakeFiles/xournalpp-core.dir/model/Point.cpp.o
[247/441] Building CXX object src/core/CMakeFiles/xournalpp-core.dir/model/PageType.cpp.o
[248/441] Building CXX object src/core/CMakeFiles/xournalpp-core.dir/gui/sidebar/Sidebar.cpp.o
[249/441] Building CXX object src/core/CMakeFiles/xournalpp-core.dir/model/Snapping.cpp.o
[250/441] Building CXX object src/core/CMakeFiles/xournalpp-core.dir/model/Image.cpp.o
[251/441] Building CXX object src/core/CMakeFiles/xournalpp-core.dir/model/LinkDestination.cpp.o
[252/441] Building CXX object src/core/CMakeFiles/xournalpp-core.dir/model/SplineSegment.cpp.o
[253/441] Building CXX object src/core/CMakeFiles/xournalpp-core.dir/model/Document.cpp.o
/blfs/builds/xournalpp-1.2.8/src/core/model/Document.cpp: In member function ‘std::filesystem::__cxx11::path Document::createSaveFilename(DocumentType, const std::string&, const std::string&)’:
/blfs/builds/xournalpp-1.2.8/src/core/model/Document.cpp:190:10: warning: ‘template<class _Codecvt, class _Elem, class _Wide_alloc, class _Byte_alloc> class std::__cxx11::wstring_convert’ is deprecated [-Wdeprecated-declarations]
  190 |     std::wstring_convert<std::codecvt_utf8<wchar_t>> converter;
      |          ^~~~~~~~~~~~~~~
In file included from /usr/include/c++/15.2.0/locale:47,
                 from /usr/include/c++/15.2.0/bits/fs_path.h:36,
                 from /usr/include/c++/15.2.0/filesystem:54,
                 from /blfs/builds/xournalpp-1.2.8/build/src/filesystem.h:14,
                 from /blfs/builds/xournalpp-1.2.8/src/core/pdf/base/XojPdfDocumentInterface.h:20,
                 from /blfs/builds/xournalpp-1.2.8/src/core/pdf/base/XojPdfDocument.h:22,
                 from /blfs/builds/xournalpp-1.2.8/src/core/model/Document.h:27,
                 from /blfs/builds/xournalpp-1.2.8/src/core/model/Document.cpp:1:
/usr/include/c++/15.2.0/bits/locale_conv.h:262:33: note: declared here
  262 |     class _GLIBCXX17_DEPRECATED wstring_convert
      |                                 ^~~~~~~~~~~~~~~
[254/441] Building CXX object src/core/CMakeFiles/xournalpp-core.dir/model/Layer.cpp.o
[255/441] Building CXX object src/core/CMakeFiles/xournalpp-core.dir/pdf/base/XojPdfBookmarkIterator.cpp.o
[256/441] Building CXX object src/core/CMakeFiles/xournalpp-core.dir/model/StrokeStyle.cpp.o
[257/441] Building CXX object src/core/CMakeFiles/xournalpp-core.dir/model/TexImage.cpp.o
/blfs/builds/xournalpp-1.2.8/src/core/model/TexImage.cpp: In member function ‘bool TexImage::loadData(std::string&&, GError**)’:
/blfs/builds/xournalpp-1.2.8/src/core/model/TexImage.cpp:91:102: warning: conversion from ‘std::__cxx11::basic_string<char>::size_type’ {aka ‘long unsigned int’} to ‘int’ may change value [-Wconversion]
   91 |         this->pdf.reset(poppler_document_new_from_data(this->binaryData.data(), this->binaryData.size(), nullptr, err),
      |                                                                                 ~~~~~~~~~~~~~~~~~~~~~^~
/blfs/builds/xournalpp-1.2.8/src/core/model/TexImage.cpp:91:55: warning: ‘PopplerDocument* poppler_document_new_from_data(char*, int, const char*, GError**)’ is deprecated: Use poppler_document_new_from_bytes instead [-Wdeprecated-declarations]
   91 |         this->pdf.reset(poppler_document_new_from_data(this->binaryData.data(), this->binaryData.size(), nullptr, err),
      |                         ~~~~~~~~~~~~~~~~~~~~~~~~~~~~~~^~~~~~~~~~~~~~~~~~~~~~~~~~~~~~~~~~~~~~~~~~~~~~~~~~~~~~~~~~~~~~~~
In file included from /usr/include/poppler/glib/poppler.h:354,
                 from /blfs/builds/xournalpp-1.2.8/src/core/model/TexImage.h:18,
                 from /blfs/builds/xournalpp-1.2.8/src/core/model/TexImage.cpp:1:
/usr/include/poppler/glib/poppler-document.h:307:18: note: declared here
  307 | PopplerDocument *poppler_document_new_from_data(char *data, int length, const char *password, GError **error) G_GNUC_DEPRECATED_FOR(poppler_document_new_from_bytes);
      |                  ^~~~~~~~~~~~~~~~~~~~~~~~~~~~~~
[258/441] Building CXX object src/core/CMakeFiles/xournalpp-core.dir/pdf/base/XojPdfAction.cpp.o
[259/441] Building CXX object src/core/CMakeFiles/xournalpp-core.dir/model/Setsquare.cpp.o
[260/441] Building CXX object src/core/CMakeFiles/xournalpp-core.dir/model/eraser/ErasableStrokeOverlapTree.cpp.o
/blfs/builds/xournalpp-1.2.8/src/core/model/eraser/ErasableStrokeOverlapTree.cpp: In member function ‘void ErasableStroke::OverlapTree::Populator::populate(const ErasableStroke::SubSection&, ErasableStroke::OverlapTree::Node&)’:
/blfs/builds/xournalpp-1.2.8/src/core/model/eraser/ErasableStrokeOverlapTree.cpp:57:108: warning: conversion from ‘size_t’ {aka ‘long unsigned int’} to ‘int’ may change value [-Wconversion]
   57 |             root.initializeOnSegment(this->stroke.getPoint(section.min), this->stroke.getPoint(section.max.index));
      |                                                                                                ~~~~~~~~~~~~^~~~~
[261/441] Building CXX object src/core/CMakeFiles/xournalpp-core.dir/model/XojPage.cpp.o
[262/441] Building CXX object src/core/CMakeFiles/xournalpp-core.dir/pdf/base/XojPdfDocument.cpp.o
[263/441] Building CXX object src/core/CMakeFiles/xournalpp-core.dir/pdf/base/XojPdfDocumentInterface.cpp.o
[264/441] Building CXX object src/core/CMakeFiles/xournalpp-core.dir/model/Text.cpp.o
[265/441] Building CXX object src/core/CMakeFiles/xournalpp-core.dir/pdf/base/XojPdfPage.cpp.o
[266/441] Building CXX object src/core/CMakeFiles/xournalpp-core.dir/model/eraser/ErasableStroke.cpp.o
[267/441] Building CXX object src/core/CMakeFiles/xournalpp-core.dir/pdf/base/XojPdfExport.cpp.o
[268/441] Building CXX object src/core/CMakeFiles/xournalpp-core.dir/model/Stroke.cpp.o
/blfs/builds/xournalpp-1.2.8/src/core/model/Stroke.cpp: In member function ‘virtual void Stroke::serialize(ObjectOutputStream&) const’:
/blfs/builds/xournalpp-1.2.8/src/core/model/Stroke.cpp:181:57: warning: conversion from ‘std::vector<Point>::size_type’ {aka ‘long unsigned int’} to ‘int’ may change value [-Wconversion]
  181 |     out.writeData(this->points.data(), this->points.size(), sizeof(Point));
      |                                        ~~~~~~~~~~~~~~~~~^~
/blfs/builds/xournalpp-1.2.8/src/core/model/Stroke.cpp: In member function ‘int Stroke::getPointCount() const’:
/blfs/builds/xournalpp-1.2.8/src/core/model/Stroke.cpp:261:69: warning: conversion from ‘std::vector<Point>::size_type’ {aka ‘long unsigned int’} to ‘int’ may change value [-Wconversion]
  261 | auto Stroke::getPointCount() const -> int { return this->points.size(); }
      |                                                    ~~~~~~~~~~~~~~~~~^~
/blfs/builds/xournalpp-1.2.8/src/core/model/Stroke.cpp: In member function ‘Point Stroke::getPoint(int) const’:
/blfs/builds/xournalpp-1.2.8/src/core/model/Stroke.cpp:271:28: warning: comparison of integer expressions of different signedness: ‘int’ and ‘std::vector<Point>::size_type’ {aka ‘long unsigned int’} [-Wsign-compare]
  271 |     if (index < 0 || index >= this->points.size()) {
      |                      ~~~~~~^~~~~~~~~~~~~~~~~~~~~~
/blfs/builds/xournalpp-1.2.8/src/core/model/Stroke.cpp: In member function ‘double Stroke::getAvgPressure() const’:
/blfs/builds/xournalpp-1.2.8/src/core/model/Stroke.cpp:381:29: warning: conversion from ‘std::vector<Point>::size_type’ {aka ‘long unsigned int’} to ‘double’ may change value [-Wconversion]
  381 |            this->points.size();
      |            ~~~~~~~~~~~~~~~~~^~
/blfs/builds/xournalpp-1.2.8/src/core/model/Stroke.cpp: In lambda function:
/blfs/builds/xournalpp-1.2.8/src/core/model/Stroke.cpp:777:85: warning: conversion from ‘long unsigned int’ to ‘int’ may change value [-Wconversion]
  777 |                 testPoint = this->getPoint((paramStart.index + paramLast.index + 1) / 2);
      |                                            ~~~~~~~~~~~~~~~~~~~~~~~~~~~~~~~~~~~~~~~~~^~~
[269/441] Building CXX object src/core/CMakeFiles/xournalpp-core.dir/pdf/base/XojCairoPdfExport.cpp.o
/blfs/builds/xournalpp-1.2.8/src/core/pdf/base/XojCairoPdfExport.cpp: In member function ‘virtual bool XojCairoPdfExport::createPdf(const std::filesystem::__cxx11::path&, const PageRangeVector&, bool)’:
/blfs/builds/xournalpp-1.2.8/src/core/pdf/base/XojCairoPdfExport.cpp:207:49: warning: conversion from ‘size_t’ {aka ‘long unsigned int’} to ‘int’ may change value [-Wconversion]
  207 |         this->progressListener->setMaximumState(count);
      |                                                 ^~~~~
/blfs/builds/xournalpp-1.2.8/src/core/pdf/base/XojCairoPdfExport.cpp:221:58: warning: conversion from ‘size_t’ {aka ‘long unsigned int’} to ‘int’ may change value [-Wconversion]
  221 |                 this->progressListener->setCurrentState(c++);
      |                                                         ~^~
/blfs/builds/xournalpp-1.2.8/src/core/pdf/base/XojCairoPdfExport.cpp: In member function ‘virtual bool XojCairoPdfExport::createPdf(const std::filesystem::__cxx11::path&, bool)’:
/blfs/builds/xournalpp-1.2.8/src/core/pdf/base/XojCairoPdfExport.cpp:244:49: warning: conversion from ‘long unsigned int’ to ‘int’ may change value [-Wconversion]
  244 |         this->progressListener->setMaximumState(count);
      |                                                 ^~~~~
/blfs/builds/xournalpp-1.2.8/src/core/pdf/base/XojCairoPdfExport.cpp:255:53: warning: conversion from ‘long unsigned int’ to ‘int’ may change value [-Wconversion]
  255 |             this->progressListener->setCurrentState(i);
      |                                                     ^
[270/441] Building CXX object src/core/CMakeFiles/xournalpp-core.dir/pdf/popplerapi/PopplerGlibPageBookmarkIterator.cpp.o
[271/441] Building CXX object src/core/CMakeFiles/xournalpp-core.dir/pdf/base/XojPdfExportFactory.cpp.o
[272/441] Building CXX object src/core/CMakeFiles/xournalpp-core.dir/pdf/popplerapi/PopplerGlibAction.cpp.o
[273/441] Building CXX object src/core/CMakeFiles/xournalpp-core.dir/pdf/popplerapi/PopplerGlibPage.cpp.o
[274/441] Building CXX object src/core/CMakeFiles/xournalpp-core.dir/undo/EmergencySaveRestore.cpp.o
[275/441] Building CXX object src/core/CMakeFiles/xournalpp-core.dir/pdf/popplerapi/PopplerGlibDocument.cpp.o
/blfs/builds/xournalpp-1.2.8/src/core/pdf/popplerapi/PopplerGlibDocument.cpp: In member function ‘virtual bool PopplerGlibDocument::load(gpointer, gsize, std::string, GError**)’:
/blfs/builds/xournalpp-1.2.8/src/core/pdf/popplerapi/PopplerGlibDocument.cpp:81:43: warning: ‘PopplerDocument* poppler_document_new_from_data(char*, int, const char*, GError**)’ is deprecated: Use poppler_document_new_from_bytes instead [-Wdeprecated-declarations]
   81 |             poppler_document_new_from_data(static_cast<char*>(data), static_cast<int>(length), password.c_str(), error);
      |             ~~~~~~~~~~~~~~~~~~~~~~~~~~~~~~^~~~~~~~~~~~~~~~~~~~~~~~~~~~~~~~~~~~~~~~~~~~~~~~~~~~~~~~~~~~~~~~~~~~~~~~~~~~~
In file included from /usr/include/poppler/glib/poppler.h:354,
                 from /blfs/builds/xournalpp-1.2.8/src/core/pdf/popplerapi/PopplerGlibDocument.h:18,
                 from /blfs/builds/xournalpp-1.2.8/src/core/pdf/popplerapi/PopplerGlibDocument.cpp:1:
/usr/include/poppler/glib/poppler-document.h:307:18: note: declared here
  307 | PopplerDocument *poppler_document_new_from_data(char *data, int length, const char *password, GError **error) G_GNUC_DEPRECATED_FOR(poppler_document_new_from_bytes);
      |                  ^~~~~~~~~~~~~~~~~~~~~~~~~~~~~~
[276/441] Building CXX object src/core/CMakeFiles/xournalpp-core.dir/undo/ColorUndoAction.cpp.o
[277/441] Building CXX object src/core/CMakeFiles/xournalpp-core.dir/model/Font.cpp.o
[278/441] Building CXX object src/core/CMakeFiles/xournalpp-core.dir/undo/AddUndoAction.cpp.o
[279/441] Building CXX object src/core/CMakeFiles/xournalpp-core.dir/undo/ArrangeUndoAction.cpp.o
[280/441] Building CXX object src/core/CMakeFiles/xournalpp-core.dir/undo/GroupUndoAction.cpp.o
[281/441] Building CXX object src/core/CMakeFiles/xournalpp-core.dir/undo/DeleteUndoAction.cpp.o
[282/441] Building CXX object src/core/CMakeFiles/xournalpp-core.dir/undo/FillUndoAction.cpp.o
[283/441] Building CXX object src/core/CMakeFiles/xournalpp-core.dir/undo/FontUndoAction.cpp.o
[284/441] Building CXX object src/core/CMakeFiles/xournalpp-core.dir/undo/LayerRenameUndoAction.cpp.o
[285/441] Building CXX object src/core/CMakeFiles/xournalpp-core.dir/undo/EraseUndoAction.cpp.o
[286/441] Building CXX object src/core/CMakeFiles/xournalpp-core.dir/undo/CopyUndoAction.cpp.o
[287/441] Building CXX object src/core/CMakeFiles/xournalpp-core.dir/undo/InsertUndoAction.cpp.o
[288/441] Building CXX object src/core/CMakeFiles/xournalpp-core.dir/undo/InsertLayerUndoAction.cpp.o
[289/441] Building CXX object src/core/CMakeFiles/xournalpp-core.dir/undo/LineStyleUndoAction.cpp.o
[290/441] Building CXX object src/core/CMakeFiles/xournalpp-core.dir/undo/MergeLayerDownUndoAction.cpp.o
[291/441] Building CXX object src/core/CMakeFiles/xournalpp-core.dir/plugin/PluginController.cpp.o
[292/441] Building CXX object src/core/CMakeFiles/xournalpp-core.dir/undo/MoveSelectionToLayerUndoAction.cpp.o
[293/441] Building CXX object src/core/CMakeFiles/xournalpp-core.dir/undo/InsertDeletePageUndoAction.cpp.o
[294/441] Building CXX object src/core/CMakeFiles/xournalpp-core.dir/undo/MoveLayerUndoAction.cpp.o
[295/441] Building CXX object src/core/CMakeFiles/xournalpp-core.dir/undo/PageSizeChangeUndoAction.cpp.o
[296/441] Building CXX object src/core/CMakeFiles/xournalpp-core.dir/undo/MissingPdfUndoAction.cpp.o
[297/441] Building CXX object src/core/CMakeFiles/xournalpp-core.dir/plugin/Plugin.cpp.o
In file included from /blfs/builds/xournalpp-1.2.8/src/core/plugin/Plugin.cpp:32:
/blfs/builds/xournalpp-1.2.8/src/core/plugin/luapi_application.h: In function ‘int applib_msgbox(lua_State*)’:
/blfs/builds/xournalpp-1.2.8/src/core/plugin/luapi_application.h:207:21: warning: conversion from ‘lua_Integer’ {aka ‘long long int’} to ‘int’ may change value [-Wconversion]
  207 |         int index = lua_tointeger(L, -2);
      |                     ^~~~~~~~~~~~~
/blfs/builds/xournalpp-1.2.8/src/core/plugin/luapi_application.h: In function ‘int applib_registerUi(lua_State*)’:
/blfs/builds/xournalpp-1.2.8/src/core/plugin/luapi_application.h:276:38: warning: conversion from ‘size_t’ {aka ‘long unsigned int’} to ‘int’ may change value [-Wconversion]
  276 |     int menuId = plugin->registerMenu(menu, callback, mode, accelerator);
      |                  ~~~~~~~~~~~~~~~~~~~~^~~~~~~~~~~~~~~~~~~~~~~~~~~~~~~~~~~
/blfs/builds/xournalpp-1.2.8/src/core/plugin/luapi_application.h: In function ‘void addStrokeHelper(lua_State*, Stroke*)’:
/blfs/builds/xournalpp-1.2.8/src/core/plugin/luapi_application.h:518:32: warning: conversion from ‘lua_Integer’ {aka ‘long long int’} to ‘uint32_t’ {aka ‘unsigned int’} may change value [-Wconversion]
  518 |         stroke->setColor(Color(lua_tointeger(L, -3)));
      |                                ^~~~~~~~~~~~~
/blfs/builds/xournalpp-1.2.8/src/core/plugin/luapi_application.h:524:25: warning: conversion from ‘lua_Integer’ {aka ‘long long int’} to ‘int’ may change value [-Wconversion]
  524 |         stroke->setFill(lua_tointeger(L, -2));
      |                         ^~~~~~~~~~~~~
/blfs/builds/xournalpp-1.2.8/src/core/plugin/luapi_application.h: In function ‘int applib_addSplines(lua_State*)’:
/blfs/builds/xournalpp-1.2.8/src/core/plugin/luapi_application.h:606:27: warning: conversion from ‘size_t’ {aka ‘long unsigned int’} to ‘lua_Number’ {aka ‘double’} may change value [-Wconversion]
  606 |         lua_pushnumber(L, a);
      |                           ^
/blfs/builds/xournalpp-1.2.8/src/core/plugin/luapi_application.h:613:31: warning: conversion from ‘size_t’ {aka ‘long unsigned int’} to ‘lua_Number’ {aka ‘double’} may change value [-Wconversion]
  613 |             lua_pushnumber(L, b);
      |                               ^
/blfs/builds/xournalpp-1.2.8/src/core/plugin/luapi_application.h: In function ‘int applib_addStrokes(lua_State*)’:
/blfs/builds/xournalpp-1.2.8/src/core/plugin/luapi_application.h:739:27: warning: conversion from ‘size_t’ {aka ‘long unsigned int’} to ‘lua_Number’ {aka ‘double’} may change value [-Wconversion]
  739 |         lua_pushnumber(L, a);
      |                           ^
/blfs/builds/xournalpp-1.2.8/src/core/plugin/luapi_application.h:747:31: warning: conversion from ‘size_t’ {aka ‘long unsigned int’} to ‘lua_Number’ {aka ‘double’} may change value [-Wconversion]
  747 |             lua_pushnumber(L, b);
      |                               ^
/blfs/builds/xournalpp-1.2.8/src/core/plugin/luapi_application.h:761:31: warning: conversion from ‘size_t’ {aka ‘long unsigned int’} to ‘lua_Number’ {aka ‘double’} may change value [-Wconversion]
  761 |             lua_pushnumber(L, b);
      |                               ^
/blfs/builds/xournalpp-1.2.8/src/core/plugin/luapi_application.h:774:35: warning: conversion from ‘size_t’ {aka ‘long unsigned int’} to ‘lua_Number’ {aka ‘double’} may change value [-Wconversion]
  774 |                 lua_pushnumber(L, b);
      |                                   ^
/blfs/builds/xournalpp-1.2.8/src/core/plugin/luapi_application.h: In function ‘int applib_changeToolColor(lua_State*)’:
/blfs/builds/xournalpp-1.2.8/src/core/plugin/luapi_application.h:1064:28: warning: conversion from ‘std::make_unsigned_t<long long int>’ {aka ‘long long unsigned int’} to ‘uint32_t’ {aka ‘unsigned int’} may change value [-Wconversion]
 1064 |         color = as_unsigned(lua_tointeger(L, -1));
      |                 ~~~~~~~~~~~^~~~~~~~~~~~~~~~~~~~~~
/blfs/builds/xournalpp-1.2.8/src/core/plugin/luapi_application.h: In function ‘int applib_scrollToPage(lua_State*)’:
/blfs/builds/xournalpp-1.2.8/src/core/plugin/luapi_application.h:1649:32: warning: conversion from ‘lua_Integer’ {aka ‘long long int’} to ‘int’ may change value [-Wconversion]
 1649 |     int val = luaL_checkinteger(L, 1);
      |               ~~~~~~~~~~~~~~~~~^~~~~~
/blfs/builds/xournalpp-1.2.8/src/core/plugin/luapi_application.h:1654:27: warning: conversion from ‘size_t’ {aka ‘long unsigned int’} to ‘int’ may change value [-Wconversion]
 1654 |     int page = (relative) ? control->getCurrentPageNo() + val : val - 1;
      |                ~~~~~~~~~~~^~~~~~~~~~~~~~~~~~~~~~~~~~~~~~~~~~~~~~~~~~~~~
/blfs/builds/xournalpp-1.2.8/src/core/plugin/luapi_application.h: In function ‘int applib_export(lua_State*)’:
/blfs/builds/xournalpp-1.2.8/src/core/plugin/luapi_application.h:1939:33: warning: conversion from ‘lua_Integer’ {aka ‘long long int’} to ‘int’ may change value [-Wconversion]
 1939 |     int pngDpi = luaL_optinteger(L, -3, -1);
      |                  ~~~~~~~~~~~~~~~^~~~~~~~~~~
/blfs/builds/xournalpp-1.2.8/src/core/plugin/luapi_application.h:1940:35: warning: conversion from ‘lua_Integer’ {aka ‘long long int’} to ‘int’ may change value [-Wconversion]
 1940 |     int pngWidth = luaL_optinteger(L, -2, -1);
      |                    ~~~~~~~~~~~~~~~^~~~~~~~~~~
/blfs/builds/xournalpp-1.2.8/src/core/plugin/luapi_application.h:1941:36: warning: conversion from ‘lua_Integer’ {aka ‘long long int’} to ‘int’ may change value [-Wconversion]
 1941 |     int pngHeight = luaL_optinteger(L, -1, -1);
      |                     ~~~~~~~~~~~~~~~^~~~~~~~~~~
/blfs/builds/xournalpp-1.2.8/src/core/plugin/luapi_application.h: In function ‘int applib_openFile(lua_State*)’:
/blfs/builds/xournalpp-1.2.8/src/core/plugin/luapi_application.h:1988:24: warning: conversion from ‘lua_Integer’ {aka ‘long long int’} to ‘int’ may change value [-Wconversion]
 1988 |         scrollToPage = lua_tointeger(L, 2);
      |                        ^~~~~~~~~~~~~
/blfs/builds/xournalpp-1.2.8/src/core/plugin/luapi_application.h: In function ‘int applib_addImagesFromFilepath(lua_State*)’:
/blfs/builds/xournalpp-1.2.8/src/core/plugin/luapi_application.h:2055:36: warning: comparison of integer expressions of different signedness: ‘int’ and ‘size_t’ {aka ‘long unsigned int’} [-Wsign-compare]
 2055 |     for (int imgParam{1}; imgParam <= cntParams; imgParam++) {
      |                           ~~~~~~~~~^~~~~~~~~~~~
/blfs/builds/xournalpp-1.2.8/src/core/plugin/luapi_application.h:2084:45: warning: conversion from ‘lua_Integer’ {aka ‘long long int’} to ‘int’ may change value [-Wconversion]
 2084 |         int maxHeightParam = luaL_optinteger(L, -3, -1);
      |                              ~~~~~~~~~~~~~~~^~~~~~~~~~~
/blfs/builds/xournalpp-1.2.8/src/core/plugin/luapi_application.h:2089:44: warning: conversion from ‘lua_Integer’ {aka ‘long long int’} to ‘int’ may change value [-Wconversion]
 2089 |         int maxWidthParam = luaL_optinteger(L, -4, -1);
      |                             ~~~~~~~~~~~~~~~^~~~~~~~~~~
[298/441] Building CXX object src/core/CMakeFiles/xournalpp-core.dir/undo/PageBackgroundChangedUndoAction.cpp.o
/blfs/builds/xournalpp-1.2.8/src/core/undo/PageBackgroundChangedUndoAction.cpp: In member function ‘virtual bool PageBackgroundChangedUndoAction::undo(Control*)’:
/blfs/builds/xournalpp-1.2.8/src/core/undo/PageBackgroundChangedUndoAction.cpp:30:48: warning: conversion from ‘size_t’ {aka ‘long unsigned int’} to ‘int’ may change value [-Wconversion]
   30 |     this->newPdfPage = this->page->getPdfPageNr();
      |                        ~~~~~~~~~~~~~~~~~~~~~~~~^~
[299/441] Building CXX object src/core/CMakeFiles/xournalpp-core.dir/undo/UndoAction.cpp.o
[300/441] Building CXX object src/core/CMakeFiles/xournalpp-core.dir/undo/MoveUndoAction.cpp.o
[301/441] Building CXX object src/core/CMakeFiles/xournalpp-core.dir/undo/RemoveLayerUndoAction.cpp.o
[302/441] Building CXX object src/core/CMakeFiles/xournalpp-core.dir/undo/ScaleUndoAction.cpp.o
[303/441] Building CXX object src/core/CMakeFiles/xournalpp-core.dir/undo/RecognizerUndoAction.cpp.o
[304/441] Building CXX object src/core/CMakeFiles/xournalpp-core.dir/undo/SizeUndoAction.cpp.o
[305/441] Building CXX object src/core/CMakeFiles/xournalpp-core.dir/undo/RotateUndoAction.cpp.o
[306/441] Building CXX object src/core/CMakeFiles/xournalpp-core.dir/undo/SwapUndoAction.cpp.o
/blfs/builds/xournalpp-1.2.8/src/core/undo/SwapUndoAction.cpp: In member function ‘void SwapUndoAction::swap(Control*)’:
/blfs/builds/xournalpp-1.2.8/src/core/undo/SwapUndoAction.cpp:42:28: warning: conversion from ‘size_t’ {aka ‘long unsigned int’} to ‘gint’ {aka ‘int’} may change value [-Wconversion]
   42 |     gint insertPos = this->pageNr;
      |                      ~~~~~~^~~~~~
/blfs/builds/xournalpp-1.2.8/src/core/undo/SwapUndoAction.cpp:43:35: warning: conversion from ‘size_t’ {aka ‘long unsigned int’} to ‘gint’ {aka ‘int’} may change value [-Wconversion]
   43 |     gint deletePos = this->pageNr + 1;
      |                      ~~~~~~~~~~~~~^~~
[307/441] Building CXX object src/core/CMakeFiles/xournalpp-core.dir/view/ElementContainerView.cpp.o
[308/441] Building CXX object src/core/CMakeFiles/xournalpp-core.dir/view/CompassView.cpp.o
[309/441] Building CXX object src/core/CMakeFiles/xournalpp-core.dir/view/Mask.cpp.o
[310/441] Building CXX object src/core/CMakeFiles/xournalpp-core.dir/view/ImageView.cpp.o
[311/441] Building CXX object src/core/CMakeFiles/xournalpp-core.dir/undo/TextBoxUndoAction.cpp.o
[312/441] Building CXX object src/core/CMakeFiles/xournalpp-core.dir/view/GeometryToolView.cpp.o
[313/441] Building CXX object src/core/CMakeFiles/xournalpp-core.dir/view/LayerView.cpp.o
[314/441] Building CXX object src/core/CMakeFiles/xournalpp-core.dir/view/ElementView.cpp.o
[315/441] Building CXX object src/core/CMakeFiles/xournalpp-core.dir/undo/UndoRedoHandler.cpp.o
[316/441] Building CXX object src/core/CMakeFiles/xournalpp-core.dir/view/ErasableStrokeView.cpp.o
[317/441] Building CXX object src/core/CMakeFiles/xournalpp-core.dir/view/StrokeViewHelper.cpp.o
[318/441] Building CXX object src/core/CMakeFiles/xournalpp-core.dir/view/DocumentView.cpp.o
[319/441] Building CXX object src/core/CMakeFiles/xournalpp-core.dir/view/SetsquareView.cpp.o
[320/441] Building CXX object src/core/CMakeFiles/xournalpp-core.dir/view/background/DottedBackgroundView.cpp.o
[321/441] Building CXX object src/core/CMakeFiles/xournalpp-core.dir/view/StrokeView.cpp.o
[322/441] Building CXX object src/core/CMakeFiles/xournalpp-core.dir/view/TextView.cpp.o
[323/441] Building CXX object src/core/CMakeFiles/xournalpp-core.dir/view/background/GraphBackgroundView.cpp.o
[324/441] Building CXX object src/core/CMakeFiles/xournalpp-core.dir/view/background/BaseIsometricBackgroundView.cpp.o
[325/441] Building CXX object src/core/CMakeFiles/xournalpp-core.dir/view/TexImageView.cpp.o
[326/441] Building CXX object src/core/CMakeFiles/xournalpp-core.dir/view/background/IsoGraphBackgroundView.cpp.o
[327/441] Building CXX object src/core/CMakeFiles/xournalpp-core.dir/view/background/ImageBackgroundView.cpp.o
[328/441] Building CXX object src/core/CMakeFiles/xournalpp-core.dir/view/background/BackgroundView.cpp.o
[329/441] Building CXX object src/core/CMakeFiles/xournalpp-core.dir/view/background/OneColorBackgroundView.cpp.o
[330/441] Building CXX object src/core/CMakeFiles/xournalpp-core.dir/view/background/IsoDottedBackgroundView.cpp.o
[331/441] Building CXX object src/core/CMakeFiles/xournalpp-core.dir/view/background/LinedBackgroundView.cpp.o
[332/441] Building CXX object src/core/CMakeFiles/xournalpp-core.dir/view/background/StavesBackgroundView.cpp.o
[333/441] Building CXX object src/core/CMakeFiles/xournalpp-core.dir/view/background/PdfBackgroundView.cpp.o
[334/441] Building CXX object src/core/CMakeFiles/xournalpp-core.dir/view/background/TransparentCheckerboardBackgroundView.cpp.o
[335/441] Building CXX object src/core/CMakeFiles/xournalpp-core.dir/view/background/RuledBackgroundView.cpp.o
[336/441] Building CXX object src/core/CMakeFiles/xournalpp-core.dir/view/background/PlainBackgroundView.cpp.o
[337/441] Building CXX object src/core/CMakeFiles/xournalpp-core.dir/view/overlays/ShapeToolView.cpp.o
[338/441] Generating af_ZA.po
[339/441] Generating ar.po
[340/441] Generating bn_BD.po
[341/441] Generating ca.po
[342/441] Generating cs.po
[343/441] Generating da.po
[344/441] Generating de.po
[345/441] Generating el.po
[346/441] Generating en_GB.po
[347/441] Generating eo_UY.po
[348/441] Generating es.po
[349/441] Building CXX object src/core/CMakeFiles/xournalpp-core.dir/view/overlays/SelectionView.cpp.o
[350/441] Generating eu.po
[351/441] Generating fr.po
[352/441] Generating fi.po
[353/441] Generating gl.po
[354/441] Generating he.po
[355/441] Generating hi.po
[356/441] Generating hu.po
[357/441] Generating id.po
[358/441] Generating it.po
[359/441] Generating ko.po
[360/441] Generating ja.po
[361/441] Generating ml_IN.po
[362/441] Generating nl.po
[363/441] Generating no.po
[364/441] Generating pl.po
[365/441] Generating pt_PT.po
[366/441] Generating pt_BR.po
[367/441] Generating ro.po
[368/441] Generating ru.po
[369/441] Generating si_LK.po
[370/441] Generating sl_SI.po
[371/441] Generating sv.po
[372/441] Generating ta_IN.po
[373/441] Building CXX object src/core/CMakeFiles/xournalpp-core.dir/view/overlays/BaseShapeOrSplineToolView.cpp.o
[374/441] Generating tr.po
[375/441] Generating th.po
[376/441] Generating uk_UA.po
[377/441] Generating vi.po
[378/441] Generating zh.po
[379/441] Generating zh_HK.po
[380/441] Generating zh_TW.po
[381/441] Building CXX object src/CMakeFiles/xournalpp.dir/exe/Xournalpp.cpp.o
[382/441] Building CXX object src/core/CMakeFiles/xournalpp-core.dir/view/overlays/PdfElementSelectionView.cpp.o
[383/441] Building CXX object src/core/CMakeFiles/xournalpp-core.dir/view/overlays/SearchResultView.cpp.o
[384/441] Building CXX object src/core/CMakeFiles/xournalpp-core.dir/view/overlays/BaseStrokeToolView.cpp.o
[385/441] Building CXX object src/core/CMakeFiles/xournalpp-core.dir/view/overlays/StrokeToolFilledHighlighterView.cpp.o
[386/441] Building CXX object src/core/CMakeFiles/xournalpp-core.dir/view/overlays/SplineToolView.cpp.o
[387/441] Generating af_ZA.gmo
[388/441] Generating ar.gmo
[389/441] Generating bn_BD.gmo
[390/441] Generating ca.gmo
[391/441] Generating cs.gmo
[392/441] Building CXX object src/xoj-preview-extractor/CMakeFiles/xournalpp-thumbnailer.dir/__/util/GzUtil.cpp.o
[393/441] Generating da.gmo
[394/441] Generating de.gmo
[395/441] Building CXX object src/core/CMakeFiles/xournalpp-core.dir/view/overlays/StrokeToolFilledView.cpp.o
[396/441] Generating el.gmo
[397/441] Generating en_GB.gmo
[398/441] Building CXX object src/core/CMakeFiles/xournalpp-core.dir/view/overlays/TextEditionView.cpp.o
[399/441] Generating eo_UY.gmo
[400/441] Generating eu.gmo
[401/441] Generating fi.gmo
[402/441] Generating es.gmo
[403/441] Generating gl.gmo
[404/441] Generating he.gmo
[405/441] Generating fr.gmo
[406/441] Generating hu.gmo
[407/441] Generating hi.gmo
[408/441] Generating id.gmo
[409/441] Generating it.gmo
[410/441] Building CXX object src/xoj-preview-extractor/CMakeFiles/xournalpp-thumbnailer.dir/__/util/StringUtils.cpp.o
[411/441] Generating ja.gmo
[412/441] Generating ko.gmo
[413/441] Generating no.gmo
[414/441] Generating nl.gmo
[415/441] Generating ml_IN.gmo
[416/441] Generating pt_BR.gmo
[417/441] Generating pl.gmo
[418/441] Generating pt_PT.gmo
[419/441] Generating ro.gmo
[420/441] Generating si_LK.gmo
[421/441] Generating sv.gmo
[422/441] Generating ru.gmo
[423/441] Generating ta_IN.gmo
[424/441] Generating sl_SI.gmo
[425/441] Generating th.gmo
[426/441] Generating tr.gmo
[427/441] Generating vi.gmo
[428/441] Generating zh.gmo
[429/441] Generating zh_TW.gmo
[430/441] Generating uk_UA.gmo
[431/441] Generating zh_HK.gmo
[432/441] Building CXX object src/xoj-preview-extractor/CMakeFiles/xournalpp-thumbnailer.dir/__/util/PlaceholderString.cpp.o
[433/441] Building CXX object src/xoj-preview-extractor/CMakeFiles/xournalpp-thumbnailer.dir/__/util/XojPreviewExtractor.cpp.o
/blfs/builds/xournalpp-1.2.8/src/util/XojPreviewExtractor.cpp:18:40: warning: conversion from ‘size_t’ {aka ‘long unsigned int’} to ‘int’ may change value [-Wconversion]
   18 | const int TAG_PREVIEW_NAME_LEN = strlen(TAG_PREVIEW_NAME);
      |                                  ~~~~~~^~~~~~~~~~~~~~~~~~
/blfs/builds/xournalpp-1.2.8/src/util/XojPreviewExtractor.cpp:20:37: warning: conversion from ‘size_t’ {aka ‘long unsigned int’} to ‘int’ may change value [-Wconversion]
   20 | const int TAG_PAGE_NAME_LEN = strlen(TAG_PAGE_NAME);
      |                               ~~~~~~^~~~~~~~~~~~~~~
/blfs/builds/xournalpp-1.2.8/src/util/XojPreviewExtractor.cpp:22:44: warning: conversion from ‘size_t’ {aka ‘long unsigned int’} to ‘int’ may change value [-Wconversion]
   22 | const int TAG_PREVIEW_END_NAME_LEN = strlen(TAG_PREVIEW_END_NAME);
      |                                      ~~~~~~^~~~~~~~~~~~~~~~~~~~~~
[434/441] Building CXX object src/xoj-preview-extractor/CMakeFiles/xournalpp-thumbnailer.dir/__/util/Stacktrace.cpp.o
/blfs/builds/xournalpp-1.2.8/src/util/Stacktrace.cpp: In static member function ‘static void Stacktrace::printStacktrace(std::ostream&)’:
/blfs/builds/xournalpp-1.2.8/src/util/Stacktrace.cpp:100:32: warning: comparison of integer expressions of different signedness: ‘unsigned int’ and ‘int’ [-Wsign-compare]
  100 |     for (unsigned int i = 1; i < trace_size; ++i) {
      |                              ~~^~~~~~~~~~~~
[435/441] Building CXX object src/core/CMakeFiles/xournalpp-core.dir/view/overlays/StrokeToolView.cpp.o
[436/441] Building CXX object src/core/CMakeFiles/xournalpp-core.dir/view/overlays/VerticalToolView.cpp.o
[437/441] Building CXX object src/xoj-preview-extractor/CMakeFiles/xournalpp-thumbnailer.dir/xournalpp-thumbnailer.cpp.o
/blfs/builds/xournalpp-1.2.8/src/xoj-preview-extractor/xournalpp-thumbnailer.cpp: In lambda function:
/blfs/builds/xournalpp-1.2.8/src/xoj-preview-extractor/xournalpp-thumbnailer.cpp:169:36: warning: comparison of integer expressions of different signedness: ‘int’ and ‘unsigned int’ [-Wsign-compare]
  169 |                 for (auto i = 0; i < length; i++) { data[i] = closure->data[closure->pos + i]; }
      |                                  ~~^~~~~~~~
/blfs/builds/xournalpp-1.2.8/src/xoj-preview-extractor/xournalpp-thumbnailer.cpp: In function ‘int main(int, char**)’:
/blfs/builds/xournalpp-1.2.8/src/xoj-preview-extractor/xournalpp-thumbnailer.cpp:189:39: warning: ‘void rsvg_handle_get_dimensions(RsvgHandle*, RsvgDimensionData*)’ is deprecated: Use 'rsvg_handle_get_intrinsic_size_in_pixels' instead [-Wdeprecated-declarations]
  189 |             rsvg_handle_get_dimensions(handle, &dims);
      |             ~~~~~~~~~~~~~~~~~~~~~~~~~~^~~~~~~~~~~~~~~
In file included from /blfs/builds/xournalpp-1.2.8/src/xoj-preview-extractor/xournalpp-thumbnailer.cpp:25:
/usr/include/librsvg-2.0/librsvg/rsvg.h:666:6: note: declared here
  666 | void rsvg_handle_get_dimensions (RsvgHandle *handle, RsvgDimensionData *dimension_data);
      |      ^~~~~~~~~~~~~~~~~~~~~~~~~~
/blfs/builds/xournalpp-1.2.8/src/xoj-preview-extractor/xournalpp-thumbnailer.cpp:195:37: warning: ‘gboolean rsvg_handle_render_cairo(RsvgHandle*, cairo_t*)’ is deprecated: Use 'rsvg_handle_render_document' instead [-Wdeprecated-declarations]
  195 |             rsvg_handle_render_cairo(handle, cr);
      |             ~~~~~~~~~~~~~~~~~~~~~~~~^~~~~~~~~~~~
In file included from /usr/include/librsvg-2.0/librsvg/rsvg.h:1334:
/usr/include/librsvg-2.0/librsvg/rsvg-cairo.h:90:10: note: declared here
   90 | gboolean rsvg_handle_render_cairo (RsvgHandle *handle, cairo_t *cr);
      |          ^~~~~~~~~~~~~~~~~~~~~~~~
[438/441] Linking CXX static library src/core/libxournalpp-core.a
[439/441] Building CXX object src/xoj-preview-extractor/CMakeFiles/xournalpp-thumbnailer.dir/__/util/PathUtil.cpp.o
[440/441] Linking CXX executable src/xoj-preview-extractor/xournalpp-thumbnailer
[441/441] Linking CXX executable xournalpp
[0/1] Install the project...
-- Install configuration: "RelWithDebInfo"
-- Installing: /pkgs/xournalpp/usr/share/locale/af_ZA/LC_MESSAGES/xournalpp.mo
-- Installing: /pkgs/xournalpp/usr/share/locale/ar/LC_MESSAGES/xournalpp.mo
-- Installing: /pkgs/xournalpp/usr/share/locale/bn_BD/LC_MESSAGES/xournalpp.mo
-- Installing: /pkgs/xournalpp/usr/share/locale/ca/LC_MESSAGES/xournalpp.mo
-- Installing: /pkgs/xournalpp/usr/share/locale/cs/LC_MESSAGES/xournalpp.mo
-- Installing: /pkgs/xournalpp/usr/share/locale/da/LC_MESSAGES/xournalpp.mo
-- Installing: /pkgs/xournalpp/usr/share/locale/de/LC_MESSAGES/xournalpp.mo
-- Installing: /pkgs/xournalpp/usr/share/locale/el/LC_MESSAGES/xournalpp.mo
-- Installing: /pkgs/xournalpp/usr/share/locale/en_GB/LC_MESSAGES/xournalpp.mo
-- Installing: /pkgs/xournalpp/usr/share/locale/eo_UY/LC_MESSAGES/xournalpp.mo
-- Installing: /pkgs/xournalpp/usr/share/locale/es/LC_MESSAGES/xournalpp.mo
-- Installing: /pkgs/xournalpp/usr/share/locale/eu/LC_MESSAGES/xournalpp.mo
-- Installing: /pkgs/xournalpp/usr/share/locale/fi/LC_MESSAGES/xournalpp.mo
-- Installing: /pkgs/xournalpp/usr/share/locale/fr/LC_MESSAGES/xournalpp.mo
-- Installing: /pkgs/xournalpp/usr/share/locale/gl/LC_MESSAGES/xournalpp.mo
-- Installing: /pkgs/xournalpp/usr/share/locale/he/LC_MESSAGES/xournalpp.mo
-- Installing: /pkgs/xournalpp/usr/share/locale/hi/LC_MESSAGES/xournalpp.mo
-- Installing: /pkgs/xournalpp/usr/share/locale/hu/LC_MESSAGES/xournalpp.mo
-- Installing: /pkgs/xournalpp/usr/share/locale/id/LC_MESSAGES/xournalpp.mo
-- Installing: /pkgs/xournalpp/usr/share/locale/it/LC_MESSAGES/xournalpp.mo
-- Installing: /pkgs/xournalpp/usr/share/locale/ja/LC_MESSAGES/xournalpp.mo
-- Installing: /pkgs/xournalpp/usr/share/locale/ko/LC_MESSAGES/xournalpp.mo
-- Installing: /pkgs/xournalpp/usr/share/locale/ml_IN/LC_MESSAGES/xournalpp.mo
-- Installing: /pkgs/xournalpp/usr/share/locale/nl/LC_MESSAGES/xournalpp.mo
-- Installing: /pkgs/xournalpp/usr/share/locale/no/LC_MESSAGES/xournalpp.mo
-- Installing: /pkgs/xournalpp/usr/share/locale/pl/LC_MESSAGES/xournalpp.mo
-- Installing: /pkgs/xournalpp/usr/share/locale/pt_BR/LC_MESSAGES/xournalpp.mo
-- Installing: /pkgs/xournalpp/usr/share/locale/pt_PT/LC_MESSAGES/xournalpp.mo
-- Installing: /pkgs/xournalpp/usr/share/locale/ro/LC_MESSAGES/xournalpp.mo
-- Installing: /pkgs/xournalpp/usr/share/locale/ru/LC_MESSAGES/xournalpp.mo
-- Installing: /pkgs/xournalpp/usr/share/locale/si_LK/LC_MESSAGES/xournalpp.mo
-- Installing: /pkgs/xournalpp/usr/share/locale/sl_SI/LC_MESSAGES/xournalpp.mo
-- Installing: /pkgs/xournalpp/usr/share/locale/sv/LC_MESSAGES/xournalpp.mo
-- Installing: /pkgs/xournalpp/usr/share/locale/ta_IN/LC_MESSAGES/xournalpp.mo
-- Installing: /pkgs/xournalpp/usr/share/locale/th/LC_MESSAGES/xournalpp.mo
-- Installing: /pkgs/xournalpp/usr/share/locale/tr/LC_MESSAGES/xournalpp.mo
-- Installing: /pkgs/xournalpp/usr/share/locale/uk_UA/LC_MESSAGES/xournalpp.mo
-- Installing: /pkgs/xournalpp/usr/share/locale/vi/LC_MESSAGES/xournalpp.mo
-- Installing: /pkgs/xournalpp/usr/share/locale/zh/LC_MESSAGES/xournalpp.mo
-- Installing: /pkgs/xournalpp/usr/share/locale/zh_HK/LC_MESSAGES/xournalpp.mo
-- Installing: /pkgs/xournalpp/usr/share/locale/zh_TW/LC_MESSAGES/xournalpp.mo
-- Installing: /pkgs/xournalpp/usr/bin/xournalpp
-- Installing: /pkgs/xournalpp/usr/bin/xournalpp-thumbnailer
-- Installing: /pkgs/xournalpp/usr/share/xournalpp/ui
-- Installing: /pkgs/xournalpp/usr/share/xournalpp/ui/latexSettings.glade
-- Installing: /pkgs/xournalpp/usr/share/xournalpp/ui/pluginEntry.glade
-- Installing: /pkgs/xournalpp/usr/share/xournalpp/ui/pixmaps
-- Installing: /pkgs/xournalpp/usr/share/xournalpp/ui/pixmaps/gnome-mime-application-x-xopt.svg
-- Installing: /pkgs/xournalpp/usr/share/xournalpp/ui/pixmaps/application-x-xopt.svg
-- Installing: /pkgs/xournalpp/usr/share/xournalpp/ui/pixmaps/com.github.xournalpp.xournalpp.svg
-- Installing: /pkgs/xournalpp/usr/share/xournalpp/ui/pixmaps/xopt.svg
-- Installing: /pkgs/xournalpp/usr/share/xournalpp/ui/pixmaps/application-x-xopp.svg
-- Installing: /pkgs/xournalpp/usr/share/xournalpp/ui/pixmaps/gnome-mime-application-x-xopp.svg
-- Installing: /pkgs/xournalpp/usr/share/xournalpp/ui/pixmaps/application-x-xojpp.svg
-- Installing: /pkgs/xournalpp/usr/share/xournalpp/ui/pixmaps/com.github.xournalpp.xournalpp.png
-- Installing: /pkgs/xournalpp/usr/share/xournalpp/ui/iconsColor-dark
-- Installing: /pkgs/xournalpp/usr/share/xournalpp/ui/iconsColor-dark/hicolor
-- Installing: /pkgs/xournalpp/usr/share/xournalpp/ui/iconsColor-dark/hicolor/index.theme
-- Installing: /pkgs/xournalpp/usr/share/xournalpp/ui/iconsColor-dark/hicolor/24x24
-- Installing: /pkgs/xournalpp/usr/share/xournalpp/ui/iconsColor-dark/hicolor/24x24/actions
-- Installing: /pkgs/xournalpp/usr/share/xournalpp/ui/iconsColor-dark/hicolor/24x24/actions/xopp-page-spinner.svg
-- Installing: /pkgs/xournalpp/usr/share/xournalpp/ui/iconsColor-dark/hicolor/scalable
-- Installing: /pkgs/xournalpp/usr/share/xournalpp/ui/iconsColor-dark/hicolor/scalable/actions
-- Installing: /pkgs/xournalpp/usr/share/xournalpp/ui/iconsColor-dark/hicolor/scalable/actions/xopp-thickness-thicker.svg
-- Installing: /pkgs/xournalpp/usr/share/xournalpp/ui/iconsColor-dark/hicolor/scalable/actions/xopp-document-export-pdf.svg
-- Installing: /pkgs/xournalpp/usr/share/xournalpp/ui/iconsColor-dark/hicolor/scalable/actions/xopp-page-delete.svg
-- Installing: /pkgs/xournalpp/usr/share/xournalpp/ui/iconsColor-dark/hicolor/scalable/actions/xopp-select-rect.svg
-- Installing: /pkgs/xournalpp/usr/share/xournalpp/ui/iconsColor-dark/hicolor/scalable/actions/xopp-edit-undo.svg
-- Installing: /pkgs/xournalpp/usr/share/xournalpp/ui/iconsColor-dark/hicolor/scalable/actions/xopp-select-multilayer-rect.svg
-- Installing: /pkgs/xournalpp/usr/share/xournalpp/ui/iconsColor-dark/hicolor/scalable/actions/xopp-shape-recognizer.svg
-- Installing: /pkgs/xournalpp/usr/share/xournalpp/ui/iconsColor-dark/hicolor/scalable/actions/xopp-thickness-finer.svg
-- Installing: /pkgs/xournalpp/usr/share/xournalpp/ui/iconsColor-dark/hicolor/scalable/actions/xopp-tool-highlighter.svg
-- Installing: /pkgs/xournalpp/usr/share/xournalpp/ui/iconsColor-dark/hicolor/scalable/actions/xopp-line-style-plain.svg
-- Installing: /pkgs/xournalpp/usr/share/xournalpp/ui/iconsColor-dark/hicolor/scalable/actions/xopp-snapping-rotation.svg
-- Installing: /pkgs/xournalpp/usr/share/xournalpp/ui/iconsColor-dark/hicolor/scalable/actions/xopp-document-save.svg
-- Installing: /pkgs/xournalpp/usr/share/xournalpp/ui/iconsColor-dark/hicolor/scalable/actions/xopp-sidebar-index.svg
-- Installing: /pkgs/xournalpp/usr/share/xournalpp/ui/iconsColor-dark/hicolor/scalable/actions/xopp-compass.svg
-- Installing: /pkgs/xournalpp/usr/share/xournalpp/ui/iconsColor-dark/hicolor/scalable/actions/xopp-combo-drawing-type.svg
-- Installing: /pkgs/xournalpp/usr/share/xournalpp/ui/iconsColor-dark/hicolor/scalable/actions/xopp-zoom-slider.svg
-- Installing: /pkgs/xournalpp/usr/share/xournalpp/ui/iconsColor-dark/hicolor/scalable/actions/xopp-combo-selection.svg
-- Installing: /pkgs/xournalpp/usr/share/xournalpp/ui/iconsColor-dark/hicolor/scalable/actions/xopp-floating-toolbox.svg
-- Installing: /pkgs/xournalpp/usr/share/xournalpp/ui/iconsColor-dark/hicolor/scalable/actions/xopp-line-style-dot.svg
-- Installing: /pkgs/xournalpp/usr/share/xournalpp/ui/iconsColor-dark/hicolor/scalable/actions/xopp-sidebar-page-preview.svg
-- Installing: /pkgs/xournalpp/usr/share/xournalpp/ui/iconsColor-dark/hicolor/scalable/actions/xopp-transparent.svg
-- Installing: /pkgs/xournalpp/usr/share/xournalpp/ui/iconsColor-dark/hicolor/scalable/actions/xopp-line-style-dash.svg
-- Installing: /pkgs/xournalpp/usr/share/xournalpp/ui/iconsColor-dark/hicolor/scalable/actions/xopp-show-paired-pages.svg
-- Installing: /pkgs/xournalpp/usr/share/xournalpp/ui/iconsColor-dark/hicolor/scalable/actions/xopp-fill.svg
-- Installing: /pkgs/xournalpp/usr/share/xournalpp/ui/iconsColor-dark/hicolor/scalable/actions/xopp-draw-spline.svg
-- Installing: /pkgs/xournalpp/usr/share/xournalpp/ui/iconsColor-dark/hicolor/scalable/actions/xopp-combo-layer.svg
-- Installing: /pkgs/xournalpp/usr/share/xournalpp/ui/iconsColor-dark/hicolor/scalable/actions/xopp-document-new.svg
-- Installing: /pkgs/xournalpp/usr/share/xournalpp/ui/iconsColor-dark/hicolor/scalable/actions/xopp-edit-redo.svg
-- Installing: /pkgs/xournalpp/usr/share/xournalpp/ui/iconsColor-dark/hicolor/scalable/actions/xopp-audio-seek-forwards.svg
-- Installing: /pkgs/xournalpp/usr/share/xournalpp/ui/iconsColor-dark/hicolor/scalable/actions/xopp-hand.svg
-- Installing: /pkgs/xournalpp/usr/share/xournalpp/ui/iconsColor-dark/hicolor/scalable/actions/xopp-line-style-dash-dot.svg
-- Installing: /pkgs/xournalpp/usr/share/xournalpp/ui/iconsColor-dark/hicolor/scalable/actions/xopp-object-play.svg
-- Installing: /pkgs/xournalpp/usr/share/xournalpp/ui/iconsColor-dark/hicolor/scalable/actions/xopp-draw-arrow.svg
-- Installing: /pkgs/xournalpp/usr/share/xournalpp/ui/iconsColor-dark/hicolor/scalable/actions/xopp-tool-eraser.svg
-- Installing: /pkgs/xournalpp/usr/share/xournalpp/ui/iconsColor-dark/hicolor/scalable/actions/xopp-tool-math-tex.svg
-- Installing: /pkgs/xournalpp/usr/share/xournalpp/ui/iconsColor-dark/hicolor/scalable/actions/xopp-page-annotated-next.svg
-- Installing: /pkgs/xournalpp/usr/share/xournalpp/ui/iconsColor-dark/hicolor/scalable/actions/xopp-presentation-mode.svg
-- Installing: /pkgs/xournalpp/usr/share/xournalpp/ui/iconsColor-dark/hicolor/scalable/actions/xopp-sidebar-layer.svg
-- Installing: /pkgs/xournalpp/usr/share/xournalpp/ui/iconsColor-dark/hicolor/scalable/actions/xopp-draw-coordinate-system.svg
-- Installing: /pkgs/xournalpp/usr/share/xournalpp/ui/iconsColor-dark/hicolor/scalable/actions/xopp-select-lasso.svg
-- Installing: /pkgs/xournalpp/usr/share/xournalpp/ui/iconsColor-dark/hicolor/scalable/actions/xopp-spacer.svg
-- Installing: /pkgs/xournalpp/usr/share/xournalpp/ui/iconsColor-dark/hicolor/scalable/actions/xopp-object-select.svg
-- Installing: /pkgs/xournalpp/usr/share/xournalpp/ui/iconsColor-dark/hicolor/scalable/actions/xopp-page-add.svg
-- Installing: /pkgs/xournalpp/usr/share/xournalpp/ui/iconsColor-dark/hicolor/scalable/actions/xopp-thickness-medium.svg
-- Installing: /pkgs/xournalpp/usr/share/xournalpp/ui/iconsColor-dark/hicolor/scalable/actions/xopp-toolbars-manage.svg
-- Installing: /pkgs/xournalpp/usr/share/xournalpp/ui/iconsColor-dark/hicolor/scalable/actions/xopp-select-multilayer-lasso.svg
-- Installing: /pkgs/xournalpp/usr/share/xournalpp/ui/iconsColor-dark/hicolor/scalable/actions/xopp-edit-copy.svg
-- Installing: /pkgs/xournalpp/usr/share/xournalpp/ui/iconsColor-dark/hicolor/scalable/actions/xopp-draw-line.svg
-- Installing: /pkgs/xournalpp/usr/share/xournalpp/ui/iconsColor-dark/hicolor/scalable/actions/xopp-audio-record.svg
-- Installing: /pkgs/xournalpp/usr/share/xournalpp/ui/iconsColor-dark/hicolor/scalable/actions/xopp-draw-double-arrow.svg
-- Installing: /pkgs/xournalpp/usr/share/xournalpp/ui/iconsColor-dark/hicolor/scalable/actions/xopp-edit-paste.svg
-- Installing: /pkgs/xournalpp/usr/share/xournalpp/ui/iconsColor-dark/hicolor/scalable/actions/xopp-tool-image.svg
-- Installing: /pkgs/xournalpp/usr/share/xournalpp/ui/iconsColor-dark/hicolor/scalable/actions/xopp-edit-cut.svg
-- Installing: /pkgs/xournalpp/usr/share/xournalpp/ui/iconsColor-dark/hicolor/scalable/actions/xopp-sidebar-layerstack.svg
-- Installing: /pkgs/xournalpp/usr/share/xournalpp/ui/iconsColor-dark/hicolor/scalable/actions/xopp-tool-text.svg
-- Installing: /pkgs/xournalpp/usr/share/xournalpp/ui/iconsColor-dark/hicolor/scalable/actions/xopp-default.svg
-- Installing: /pkgs/xournalpp/usr/share/xournalpp/ui/iconsColor-dark/hicolor/scalable/actions/xopp-document-print.svg
-- Installing: /pkgs/xournalpp/usr/share/xournalpp/ui/iconsColor-dark/hicolor/scalable/actions/xopp-tool-pencil.svg
-- Installing: /pkgs/xournalpp/usr/share/xournalpp/ui/iconsColor-dark/hicolor/scalable/actions/xopp-draw-ellipse.svg
-- Installing: /pkgs/xournalpp/usr/share/xournalpp/ui/iconsColor-dark/hicolor/scalable/actions/xopp-go-to.svg
-- Installing: /pkgs/xournalpp/usr/share/xournalpp/ui/iconsColor-dark/hicolor/scalable/actions/xopp-thickness-thick.svg
-- Installing: /pkgs/xournalpp/usr/share/xournalpp/ui/iconsColor-dark/hicolor/scalable/actions/xopp-toolbars-customize.svg
-- Installing: /pkgs/xournalpp/usr/share/xournalpp/ui/iconsColor-dark/hicolor/scalable/actions/xopp-pen-fill-opacity.svg
-- Installing: /pkgs/xournalpp/usr/share/xournalpp/ui/iconsColor-dark/hicolor/scalable/actions/xopp-audio-playback-stop.svg
-- Installing: /pkgs/xournalpp/usr/share/xournalpp/ui/iconsColor-dark/hicolor/scalable/actions/xopp-setsquare.svg
-- Installing: /pkgs/xournalpp/usr/share/xournalpp/ui/iconsColor-dark/hicolor/scalable/actions/xopp-fullscreen.svg
-- Installing: /pkgs/xournalpp/usr/share/xournalpp/ui/iconsColor-dark/hicolor/scalable/actions/xopp-draw-rect.svg
-- Installing: /pkgs/xournalpp/usr/share/xournalpp/ui/iconsColor-dark/hicolor/scalable/actions/xopp-snapping-grid.svg
-- Installing: /pkgs/xournalpp/usr/share/xournalpp/ui/iconsColor-dark/hicolor/scalable/actions/xopp-audio-seek-backwards.svg
-- Installing: /pkgs/xournalpp/usr/share/xournalpp/ui/iconsColor-dark/hicolor/scalable/actions/xopp-document-open.svg
-- Installing: /pkgs/xournalpp/usr/share/xournalpp/ui/iconsColor-dark/hicolor/scalable/actions/xopp-audio-playback-pause.svg
-- Installing: /pkgs/xournalpp/usr/share/xournalpp/ui/iconsColor-dark/hicolor/scalable/actions/xopp-thickness-fine.svg
-- Installing: /pkgs/xournalpp/usr/share/xournalpp/ui/iconsColor-light
-- Installing: /pkgs/xournalpp/usr/share/xournalpp/ui/iconsColor-light/hicolor
-- Installing: /pkgs/xournalpp/usr/share/xournalpp/ui/iconsColor-light/hicolor/index.theme
-- Installing: /pkgs/xournalpp/usr/share/xournalpp/ui/iconsColor-light/hicolor/scalable
-- Installing: /pkgs/xournalpp/usr/share/xournalpp/ui/iconsColor-light/hicolor/scalable/actions
-- Installing: /pkgs/xournalpp/usr/share/xournalpp/ui/iconsColor-light/hicolor/scalable/actions/xopp-thickness-thicker.svg
-- Installing: /pkgs/xournalpp/usr/share/xournalpp/ui/iconsColor-light/hicolor/scalable/actions/xopp-thickness-finer.svg
-- Installing: /pkgs/xournalpp/usr/share/xournalpp/ui/iconsColor-light/hicolor/scalable/actions/xopp-line-style-plain.svg
-- Installing: /pkgs/xournalpp/usr/share/xournalpp/ui/iconsColor-light/hicolor/scalable/actions/xopp-snapping-rotation.svg
-- Installing: /pkgs/xournalpp/usr/share/xournalpp/ui/iconsColor-light/hicolor/scalable/actions/xopp-combo-drawing-type.svg
-- Installing: /pkgs/xournalpp/usr/share/xournalpp/ui/iconsColor-light/hicolor/scalable/actions/xopp-line-style-dot.svg
-- Installing: /pkgs/xournalpp/usr/share/xournalpp/ui/iconsColor-light/hicolor/scalable/actions/xopp-line-style-dash.svg
-- Installing: /pkgs/xournalpp/usr/share/xournalpp/ui/iconsColor-light/hicolor/scalable/actions/xopp-draw-spline.svg
-- Installing: /pkgs/xournalpp/usr/share/xournalpp/ui/iconsColor-light/hicolor/scalable/actions/xopp-combo-layer.svg
-- Installing: /pkgs/xournalpp/usr/share/xournalpp/ui/iconsColor-light/hicolor/scalable/actions/xopp-line-style-dash-dot.svg
-- Installing: /pkgs/xournalpp/usr/share/xournalpp/ui/iconsColor-light/hicolor/scalable/actions/xopp-draw-arrow.svg
-- Installing: /pkgs/xournalpp/usr/share/xournalpp/ui/iconsColor-light/hicolor/scalable/actions/xopp-tool-math-tex.svg
-- Installing: /pkgs/xournalpp/usr/share/xournalpp/ui/iconsColor-light/hicolor/scalable/actions/xopp-presentation-mode.svg
-- Installing: /pkgs/xournalpp/usr/share/xournalpp/ui/iconsColor-light/hicolor/scalable/actions/xopp-sidebar-layer.svg
-- Installing: /pkgs/xournalpp/usr/share/xournalpp/ui/iconsColor-light/hicolor/scalable/actions/xopp-draw-coordinate-system.svg
-- Installing: /pkgs/xournalpp/usr/share/xournalpp/ui/iconsColor-light/hicolor/scalable/actions/xopp-thickness-medium.svg
-- Installing: /pkgs/xournalpp/usr/share/xournalpp/ui/iconsColor-light/hicolor/scalable/actions/xopp-draw-line.svg
-- Installing: /pkgs/xournalpp/usr/share/xournalpp/ui/iconsColor-light/hicolor/scalable/actions/xopp-draw-double-arrow.svg
-- Installing: /pkgs/xournalpp/usr/share/xournalpp/ui/iconsColor-light/hicolor/scalable/actions/xopp-select-pdf-text-area.svg
-- Installing: /pkgs/xournalpp/usr/share/xournalpp/ui/iconsColor-light/hicolor/scalable/actions/xopp-sidebar-layerstack.svg
-- Installing: /pkgs/xournalpp/usr/share/xournalpp/ui/iconsColor-light/hicolor/scalable/actions/xopp-tool-text.svg
-- Installing: /pkgs/xournalpp/usr/share/xournalpp/ui/iconsColor-light/hicolor/scalable/actions/xopp-draw-ellipse.svg
-- Installing: /pkgs/xournalpp/usr/share/xournalpp/ui/iconsColor-light/hicolor/scalable/actions/xopp-thickness-thick.svg
-- Installing: /pkgs/xournalpp/usr/share/xournalpp/ui/iconsColor-light/hicolor/scalable/actions/xopp-draw-rect.svg
-- Installing: /pkgs/xournalpp/usr/share/xournalpp/ui/iconsColor-light/hicolor/scalable/actions/xopp-select-pdf-text-ht.svg
-- Installing: /pkgs/xournalpp/usr/share/xournalpp/ui/iconsColor-light/hicolor/scalable/actions/xopp-thickness-fine.svg
-- Installing: /pkgs/xournalpp/usr/share/xournalpp/ui/fillOpacity.glade
-- Installing: /pkgs/xournalpp/usr/share/xournalpp/ui/about.glade
-- Installing: /pkgs/xournalpp/usr/share/xournalpp/ui/toolbarManageDialog.glade
-- Installing: /pkgs/xournalpp/usr/share/xournalpp/ui/plugin.glade
-- Installing: /pkgs/xournalpp/usr/share/xournalpp/ui/images.glade
-- Installing: /pkgs/xournalpp/usr/share/xournalpp/ui/pagetemplates.ini
-- Installing: /pkgs/xournalpp/usr/share/xournalpp/ui/renameLayerDialog.glade
-- Installing: /pkgs/xournalpp/usr/share/xournalpp/ui/exportSettings.glade
-- Installing: /pkgs/xournalpp/usr/share/xournalpp/ui/settingsLanguageConfig.glade
-- Installing: /pkgs/xournalpp/usr/share/xournalpp/ui/xournalpp.css
-- Installing: /pkgs/xournalpp/usr/share/xournalpp/ui/main.glade
-- Installing: /pkgs/xournalpp/usr/share/xournalpp/ui/settings.glade
-- Installing: /pkgs/xournalpp/usr/share/xournalpp/ui/pdfpages.glade
-- Installing: /pkgs/xournalpp/usr/share/xournalpp/ui/pageTemplate.glade
-- Installing: /pkgs/xournalpp/usr/share/xournalpp/ui/pagesize.glade
-- Installing: /pkgs/xournalpp/usr/share/xournalpp/ui/goto.glade
-- Installing: /pkgs/xournalpp/usr/share/xournalpp/ui/toolbar.ini
-- Installing: /pkgs/xournalpp/usr/share/xournalpp/ui/texdialog.glade
-- Installing: /pkgs/xournalpp/usr/share/xournalpp/ui/README.md
-- Installing: /pkgs/xournalpp/usr/share/xournalpp/ui/iconsLucide-light
-- Installing: /pkgs/xournalpp/usr/share/xournalpp/ui/iconsLucide-light/hicolor
-- Installing: /pkgs/xournalpp/usr/share/xournalpp/ui/iconsLucide-light/hicolor/index.theme
-- Installing: /pkgs/xournalpp/usr/share/xournalpp/ui/iconsLucide-light/hicolor/scalable
-- Installing: /pkgs/xournalpp/usr/share/xournalpp/ui/iconsLucide-light/hicolor/scalable/actions
-- Installing: /pkgs/xournalpp/usr/share/xournalpp/ui/iconsLucide-light/hicolor/scalable/actions/xopp-thickness-thicker.svg
-- Installing: /pkgs/xournalpp/usr/share/xournalpp/ui/iconsLucide-light/hicolor/scalable/actions/xopp-document-export-pdf.svg
-- Installing: /pkgs/xournalpp/usr/share/xournalpp/ui/iconsLucide-light/hicolor/scalable/actions/xopp-page-delete.svg
-- Installing: /pkgs/xournalpp/usr/share/xournalpp/ui/iconsLucide-light/hicolor/scalable/actions/xopp-select-rect.svg
-- Installing: /pkgs/xournalpp/usr/share/xournalpp/ui/iconsLucide-light/hicolor/scalable/actions/xopp-edit-undo.svg
-- Installing: /pkgs/xournalpp/usr/share/xournalpp/ui/iconsLucide-light/hicolor/scalable/actions/xopp-shape-recognizer.svg
-- Installing: /pkgs/xournalpp/usr/share/xournalpp/ui/iconsLucide-light/hicolor/scalable/actions/xopp-thickness-finer.svg
-- Installing: /pkgs/xournalpp/usr/share/xournalpp/ui/iconsLucide-light/hicolor/scalable/actions/xopp-tool-highlighter.svg
-- Installing: /pkgs/xournalpp/usr/share/xournalpp/ui/iconsLucide-light/hicolor/scalable/actions/xopp-line-style-plain.svg
-- Installing: /pkgs/xournalpp/usr/share/xournalpp/ui/iconsLucide-light/hicolor/scalable/actions/xopp-snapping-rotation.svg
-- Installing: /pkgs/xournalpp/usr/share/xournalpp/ui/iconsLucide-light/hicolor/scalable/actions/xopp-document-save.svg
-- Installing: /pkgs/xournalpp/usr/share/xournalpp/ui/iconsLucide-light/hicolor/scalable/actions/xopp-sidebar-index.svg
-- Installing: /pkgs/xournalpp/usr/share/xournalpp/ui/iconsLucide-light/hicolor/scalable/actions/xopp-compass.svg
-- Installing: /pkgs/xournalpp/usr/share/xournalpp/ui/iconsLucide-light/hicolor/scalable/actions/xopp-combo-drawing-type.svg
-- Installing: /pkgs/xournalpp/usr/share/xournalpp/ui/iconsLucide-light/hicolor/scalable/actions/xopp-zoom-slider.svg
-- Installing: /pkgs/xournalpp/usr/share/xournalpp/ui/iconsLucide-light/hicolor/scalable/actions/xopp-combo-selection.svg
-- Installing: /pkgs/xournalpp/usr/share/xournalpp/ui/iconsLucide-light/hicolor/scalable/actions/xopp-floating-toolbox.svg
-- Installing: /pkgs/xournalpp/usr/share/xournalpp/ui/iconsLucide-light/hicolor/scalable/actions/xopp-line-style-dot.svg
-- Installing: /pkgs/xournalpp/usr/share/xournalpp/ui/iconsLucide-light/hicolor/scalable/actions/xopp-sidebar-page-preview.svg
-- Installing: /pkgs/xournalpp/usr/share/xournalpp/ui/iconsLucide-light/hicolor/scalable/actions/xopp-transparent.svg
-- Installing: /pkgs/xournalpp/usr/share/xournalpp/ui/iconsLucide-light/hicolor/scalable/actions/xopp-line-style-dash.svg
-- Installing: /pkgs/xournalpp/usr/share/xournalpp/ui/iconsLucide-light/hicolor/scalable/actions/xopp-show-paired-pages.svg
-- Installing: /pkgs/xournalpp/usr/share/xournalpp/ui/iconsLucide-light/hicolor/scalable/actions/xopp-fill.svg
-- Installing: /pkgs/xournalpp/usr/share/xournalpp/ui/iconsLucide-light/hicolor/scalable/actions/xopp-draw-spline.svg
-- Installing: /pkgs/xournalpp/usr/share/xournalpp/ui/iconsLucide-light/hicolor/scalable/actions/xopp-combo-layer.svg
-- Installing: /pkgs/xournalpp/usr/share/xournalpp/ui/iconsLucide-light/hicolor/scalable/actions/xopp-document-new.svg
-- Installing: /pkgs/xournalpp/usr/share/xournalpp/ui/iconsLucide-light/hicolor/scalable/actions/xopp-edit-redo.svg
-- Installing: /pkgs/xournalpp/usr/share/xournalpp/ui/iconsLucide-light/hicolor/scalable/actions/xopp-audio-seek-forwards.svg
-- Installing: /pkgs/xournalpp/usr/share/xournalpp/ui/iconsLucide-light/hicolor/scalable/actions/xopp-hand.svg
-- Installing: /pkgs/xournalpp/usr/share/xournalpp/ui/iconsLucide-light/hicolor/scalable/actions/xopp-line-style-dash-dot.svg
-- Installing: /pkgs/xournalpp/usr/share/xournalpp/ui/iconsLucide-light/hicolor/scalable/actions/xopp-object-play.svg
-- Installing: /pkgs/xournalpp/usr/share/xournalpp/ui/iconsLucide-light/hicolor/scalable/actions/xopp-draw-arrow.svg
-- Installing: /pkgs/xournalpp/usr/share/xournalpp/ui/iconsLucide-light/hicolor/scalable/actions/xopp-tool-eraser.svg
-- Installing: /pkgs/xournalpp/usr/share/xournalpp/ui/iconsLucide-light/hicolor/scalable/actions/xopp-tool-math-tex.svg
-- Installing: /pkgs/xournalpp/usr/share/xournalpp/ui/iconsLucide-light/hicolor/scalable/actions/xopp-page-annotated-next.svg
-- Installing: /pkgs/xournalpp/usr/share/xournalpp/ui/iconsLucide-light/hicolor/scalable/actions/xopp-presentation-mode.svg
-- Installing: /pkgs/xournalpp/usr/share/xournalpp/ui/iconsLucide-light/hicolor/scalable/actions/xopp-sidebar-layer.svg
-- Installing: /pkgs/xournalpp/usr/share/xournalpp/ui/iconsLucide-light/hicolor/scalable/actions/xopp-draw-coordinate-system.svg
-- Installing: /pkgs/xournalpp/usr/share/xournalpp/ui/iconsLucide-light/hicolor/scalable/actions/xopp-select-lasso.svg
-- Installing: /pkgs/xournalpp/usr/share/xournalpp/ui/iconsLucide-light/hicolor/scalable/actions/xopp-spacer.svg
-- Installing: /pkgs/xournalpp/usr/share/xournalpp/ui/iconsLucide-light/hicolor/scalable/actions/xopp-object-select.svg
-- Installing: /pkgs/xournalpp/usr/share/xournalpp/ui/iconsLucide-light/hicolor/scalable/actions/xopp-page-add.svg
-- Installing: /pkgs/xournalpp/usr/share/xournalpp/ui/iconsLucide-light/hicolor/scalable/actions/xopp-thickness-medium.svg
-- Installing: /pkgs/xournalpp/usr/share/xournalpp/ui/iconsLucide-light/hicolor/scalable/actions/xopp-toolbars-manage.svg
-- Installing: /pkgs/xournalpp/usr/share/xournalpp/ui/iconsLucide-light/hicolor/scalable/actions/xopp-edit-copy.svg
-- Installing: /pkgs/xournalpp/usr/share/xournalpp/ui/iconsLucide-light/hicolor/scalable/actions/xopp-draw-line.svg
-- Installing: /pkgs/xournalpp/usr/share/xournalpp/ui/iconsLucide-light/hicolor/scalable/actions/xopp-audio-record.svg
-- Installing: /pkgs/xournalpp/usr/share/xournalpp/ui/iconsLucide-light/hicolor/scalable/actions/xopp-select-pdf-text-area.svg
-- Installing: /pkgs/xournalpp/usr/share/xournalpp/ui/iconsLucide-light/hicolor/scalable/actions/xopp-edit-paste.svg
-- Installing: /pkgs/xournalpp/usr/share/xournalpp/ui/iconsLucide-light/hicolor/scalable/actions/xopp-tool-image.svg
-- Installing: /pkgs/xournalpp/usr/share/xournalpp/ui/iconsLucide-light/hicolor/scalable/actions/xopp-edit-cut.svg
-- Installing: /pkgs/xournalpp/usr/share/xournalpp/ui/iconsLucide-light/hicolor/scalable/actions/xopp-sidebar-layerstack.svg
-- Installing: /pkgs/xournalpp/usr/share/xournalpp/ui/iconsLucide-light/hicolor/scalable/actions/xopp-tool-text.svg
-- Installing: /pkgs/xournalpp/usr/share/xournalpp/ui/iconsLucide-light/hicolor/scalable/actions/xopp-default.svg
-- Installing: /pkgs/xournalpp/usr/share/xournalpp/ui/iconsLucide-light/hicolor/scalable/actions/xopp-document-print.svg
-- Installing: /pkgs/xournalpp/usr/share/xournalpp/ui/iconsLucide-light/hicolor/scalable/actions/xopp-tool-pencil.svg
-- Installing: /pkgs/xournalpp/usr/share/xournalpp/ui/iconsLucide-light/hicolor/scalable/actions/xopp-draw-ellipse.svg
-- Installing: /pkgs/xournalpp/usr/share/xournalpp/ui/iconsLucide-light/hicolor/scalable/actions/xopp-go-to.svg
-- Installing: /pkgs/xournalpp/usr/share/xournalpp/ui/iconsLucide-light/hicolor/scalable/actions/xopp-thickness-thick.svg
-- Installing: /pkgs/xournalpp/usr/share/xournalpp/ui/iconsLucide-light/hicolor/scalable/actions/xopp-toolbars-customize.svg
-- Installing: /pkgs/xournalpp/usr/share/xournalpp/ui/iconsLucide-light/hicolor/scalable/actions/xopp-pen-fill-opacity.svg
-- Installing: /pkgs/xournalpp/usr/share/xournalpp/ui/iconsLucide-light/hicolor/scalable/actions/xopp-audio-playback-stop.svg
-- Installing: /pkgs/xournalpp/usr/share/xournalpp/ui/iconsLucide-light/hicolor/scalable/actions/xopp-setsquare.svg
-- Installing: /pkgs/xournalpp/usr/share/xournalpp/ui/iconsLucide-light/hicolor/scalable/actions/xopp-fullscreen.svg
-- Installing: /pkgs/xournalpp/usr/share/xournalpp/ui/iconsLucide-light/hicolor/scalable/actions/xopp-draw-rect.svg
-- Installing: /pkgs/xournalpp/usr/share/xournalpp/ui/iconsLucide-light/hicolor/scalable/actions/xopp-snapping-grid.svg
-- Installing: /pkgs/xournalpp/usr/share/xournalpp/ui/iconsLucide-light/hicolor/scalable/actions/xopp-audio-seek-backwards.svg
-- Installing: /pkgs/xournalpp/usr/share/xournalpp/ui/iconsLucide-light/hicolor/scalable/actions/xopp-select-pdf-text-ht.svg
-- Installing: /pkgs/xournalpp/usr/share/xournalpp/ui/iconsLucide-light/hicolor/scalable/actions/xopp-document-open.svg
-- Installing: /pkgs/xournalpp/usr/share/xournalpp/ui/iconsLucide-light/hicolor/scalable/actions/xopp-audio-playback-pause.svg
-- Installing: /pkgs/xournalpp/usr/share/xournalpp/ui/iconsLucide-light/hicolor/scalable/actions/xopp-thickness-fine.svg
-- Installing: /pkgs/xournalpp/usr/share/xournalpp/ui/settingsButtonConfig.glade
-- Installing: /pkgs/xournalpp/usr/share/xournalpp/ui/toolbarCustomizeDialog.glade
-- Installing: /pkgs/xournalpp/usr/share/xournalpp/ui/iconsLucide-dark
-- Installing: /pkgs/xournalpp/usr/share/xournalpp/ui/iconsLucide-dark/hicolor
-- Installing: /pkgs/xournalpp/usr/share/xournalpp/ui/iconsLucide-dark/hicolor/index.theme
-- Installing: /pkgs/xournalpp/usr/share/xournalpp/ui/iconsLucide-dark/hicolor/24x24
-- Installing: /pkgs/xournalpp/usr/share/xournalpp/ui/iconsLucide-dark/hicolor/24x24/actions
-- Installing: /pkgs/xournalpp/usr/share/xournalpp/ui/iconsLucide-dark/hicolor/24x24/actions/xopp-page-spinner.svg
-- Installing: /pkgs/xournalpp/usr/share/xournalpp/ui/iconsLucide-dark/hicolor/scalable
-- Installing: /pkgs/xournalpp/usr/share/xournalpp/ui/iconsLucide-dark/hicolor/scalable/actions
-- Installing: /pkgs/xournalpp/usr/share/xournalpp/ui/iconsLucide-dark/hicolor/scalable/actions/xopp-thickness-thicker.svg
-- Installing: /pkgs/xournalpp/usr/share/xournalpp/ui/iconsLucide-dark/hicolor/scalable/actions/xopp-document-export-pdf.svg
-- Installing: /pkgs/xournalpp/usr/share/xournalpp/ui/iconsLucide-dark/hicolor/scalable/actions/xopp-page-delete.svg
-- Installing: /pkgs/xournalpp/usr/share/xournalpp/ui/iconsLucide-dark/hicolor/scalable/actions/xopp-select-rect.svg
-- Installing: /pkgs/xournalpp/usr/share/xournalpp/ui/iconsLucide-dark/hicolor/scalable/actions/xopp-edit-undo.svg
-- Installing: /pkgs/xournalpp/usr/share/xournalpp/ui/iconsLucide-dark/hicolor/scalable/actions/xopp-shape-recognizer.svg
-- Installing: /pkgs/xournalpp/usr/share/xournalpp/ui/iconsLucide-dark/hicolor/scalable/actions/xopp-thickness-finer.svg
-- Installing: /pkgs/xournalpp/usr/share/xournalpp/ui/iconsLucide-dark/hicolor/scalable/actions/xopp-tool-highlighter.svg
-- Installing: /pkgs/xournalpp/usr/share/xournalpp/ui/iconsLucide-dark/hicolor/scalable/actions/xopp-line-style-plain.svg
-- Installing: /pkgs/xournalpp/usr/share/xournalpp/ui/iconsLucide-dark/hicolor/scalable/actions/xopp-snapping-rotation.svg
-- Installing: /pkgs/xournalpp/usr/share/xournalpp/ui/iconsLucide-dark/hicolor/scalable/actions/xopp-document-save.svg
-- Installing: /pkgs/xournalpp/usr/share/xournalpp/ui/iconsLucide-dark/hicolor/scalable/actions/xopp-sidebar-index.svg
-- Installing: /pkgs/xournalpp/usr/share/xournalpp/ui/iconsLucide-dark/hicolor/scalable/actions/xopp-compass.svg
-- Installing: /pkgs/xournalpp/usr/share/xournalpp/ui/iconsLucide-dark/hicolor/scalable/actions/xopp-combo-drawing-type.svg
-- Installing: /pkgs/xournalpp/usr/share/xournalpp/ui/iconsLucide-dark/hicolor/scalable/actions/xopp-zoom-slider.svg
-- Installing: /pkgs/xournalpp/usr/share/xournalpp/ui/iconsLucide-dark/hicolor/scalable/actions/xopp-combo-selection.svg
-- Installing: /pkgs/xournalpp/usr/share/xournalpp/ui/iconsLucide-dark/hicolor/scalable/actions/xopp-floating-toolbox.svg
-- Installing: /pkgs/xournalpp/usr/share/xournalpp/ui/iconsLucide-dark/hicolor/scalable/actions/xopp-line-style-dot.svg
-- Installing: /pkgs/xournalpp/usr/share/xournalpp/ui/iconsLucide-dark/hicolor/scalable/actions/xopp-sidebar-page-preview.svg
-- Installing: /pkgs/xournalpp/usr/share/xournalpp/ui/iconsLucide-dark/hicolor/scalable/actions/xopp-transparent.svg
-- Installing: /pkgs/xournalpp/usr/share/xournalpp/ui/iconsLucide-dark/hicolor/scalable/actions/xopp-line-style-dash.svg
-- Installing: /pkgs/xournalpp/usr/share/xournalpp/ui/iconsLucide-dark/hicolor/scalable/actions/xopp-show-paired-pages.svg
-- Installing: /pkgs/xournalpp/usr/share/xournalpp/ui/iconsLucide-dark/hicolor/scalable/actions/xopp-fill.svg
-- Installing: /pkgs/xournalpp/usr/share/xournalpp/ui/iconsLucide-dark/hicolor/scalable/actions/xopp-draw-spline.svg
-- Installing: /pkgs/xournalpp/usr/share/xournalpp/ui/iconsLucide-dark/hicolor/scalable/actions/xopp-combo-layer.svg
-- Installing: /pkgs/xournalpp/usr/share/xournalpp/ui/iconsLucide-dark/hicolor/scalable/actions/xopp-document-new.svg
-- Installing: /pkgs/xournalpp/usr/share/xournalpp/ui/iconsLucide-dark/hicolor/scalable/actions/xopp-edit-redo.svg
-- Installing: /pkgs/xournalpp/usr/share/xournalpp/ui/iconsLucide-dark/hicolor/scalable/actions/xopp-audio-seek-forwards.svg
-- Installing: /pkgs/xournalpp/usr/share/xournalpp/ui/iconsLucide-dark/hicolor/scalable/actions/xopp-hand.svg
-- Installing: /pkgs/xournalpp/usr/share/xournalpp/ui/iconsLucide-dark/hicolor/scalable/actions/xopp-line-style-dash-dot.svg
-- Installing: /pkgs/xournalpp/usr/share/xournalpp/ui/iconsLucide-dark/hicolor/scalable/actions/xopp-object-play.svg
-- Installing: /pkgs/xournalpp/usr/share/xournalpp/ui/iconsLucide-dark/hicolor/scalable/actions/xopp-draw-arrow.svg
-- Installing: /pkgs/xournalpp/usr/share/xournalpp/ui/iconsLucide-dark/hicolor/scalable/actions/xopp-tool-eraser.svg
-- Installing: /pkgs/xournalpp/usr/share/xournalpp/ui/iconsLucide-dark/hicolor/scalable/actions/xopp-tool-math-tex.svg
-- Installing: /pkgs/xournalpp/usr/share/xournalpp/ui/iconsLucide-dark/hicolor/scalable/actions/xopp-page-annotated-next.svg
-- Installing: /pkgs/xournalpp/usr/share/xournalpp/ui/iconsLucide-dark/hicolor/scalable/actions/xopp-presentation-mode.svg
-- Installing: /pkgs/xournalpp/usr/share/xournalpp/ui/iconsLucide-dark/hicolor/scalable/actions/xopp-sidebar-layer.svg
-- Installing: /pkgs/xournalpp/usr/share/xournalpp/ui/iconsLucide-dark/hicolor/scalable/actions/xopp-draw-coordinate-system.svg
-- Installing: /pkgs/xournalpp/usr/share/xournalpp/ui/iconsLucide-dark/hicolor/scalable/actions/xopp-select-lasso.svg
-- Installing: /pkgs/xournalpp/usr/share/xournalpp/ui/iconsLucide-dark/hicolor/scalable/actions/xopp-spacer.svg
-- Installing: /pkgs/xournalpp/usr/share/xournalpp/ui/iconsLucide-dark/hicolor/scalable/actions/xopp-object-select.svg
-- Installing: /pkgs/xournalpp/usr/share/xournalpp/ui/iconsLucide-dark/hicolor/scalable/actions/xopp-page-add.svg
-- Installing: /pkgs/xournalpp/usr/share/xournalpp/ui/iconsLucide-dark/hicolor/scalable/actions/xopp-thickness-medium.svg
-- Installing: /pkgs/xournalpp/usr/share/xournalpp/ui/iconsLucide-dark/hicolor/scalable/actions/xopp-toolbars-manage.svg
-- Installing: /pkgs/xournalpp/usr/share/xournalpp/ui/iconsLucide-dark/hicolor/scalable/actions/xopp-edit-copy.svg
-- Installing: /pkgs/xournalpp/usr/share/xournalpp/ui/iconsLucide-dark/hicolor/scalable/actions/xopp-draw-line.svg
-- Installing: /pkgs/xournalpp/usr/share/xournalpp/ui/iconsLucide-dark/hicolor/scalable/actions/xopp-audio-record.svg
-- Installing: /pkgs/xournalpp/usr/share/xournalpp/ui/iconsLucide-dark/hicolor/scalable/actions/xopp-select-pdf-text-area.svg
-- Installing: /pkgs/xournalpp/usr/share/xournalpp/ui/iconsLucide-dark/hicolor/scalable/actions/xopp-edit-paste.svg
-- Installing: /pkgs/xournalpp/usr/share/xournalpp/ui/iconsLucide-dark/hicolor/scalable/actions/xopp-tool-image.svg
-- Installing: /pkgs/xournalpp/usr/share/xournalpp/ui/iconsLucide-dark/hicolor/scalable/actions/xopp-edit-cut.svg
-- Installing: /pkgs/xournalpp/usr/share/xournalpp/ui/iconsLucide-dark/hicolor/scalable/actions/xopp-sidebar-layerstack.svg
-- Installing: /pkgs/xournalpp/usr/share/xournalpp/ui/iconsLucide-dark/hicolor/scalable/actions/xopp-tool-text.svg
-- Installing: /pkgs/xournalpp/usr/share/xournalpp/ui/iconsLucide-dark/hicolor/scalable/actions/xopp-default.svg
-- Installing: /pkgs/xournalpp/usr/share/xournalpp/ui/iconsLucide-dark/hicolor/scalable/actions/xopp-document-print.svg
-- Installing: /pkgs/xournalpp/usr/share/xournalpp/ui/iconsLucide-dark/hicolor/scalable/actions/xopp-tool-pencil.svg
-- Installing: /pkgs/xournalpp/usr/share/xournalpp/ui/iconsLucide-dark/hicolor/scalable/actions/xopp-draw-ellipse.svg
-- Installing: /pkgs/xournalpp/usr/share/xournalpp/ui/iconsLucide-dark/hicolor/scalable/actions/xopp-go-to.svg
-- Installing: /pkgs/xournalpp/usr/share/xournalpp/ui/iconsLucide-dark/hicolor/scalable/actions/xopp-thickness-thick.svg
-- Installing: /pkgs/xournalpp/usr/share/xournalpp/ui/iconsLucide-dark/hicolor/scalable/actions/xopp-toolbars-customize.svg
-- Installing: /pkgs/xournalpp/usr/share/xournalpp/ui/iconsLucide-dark/hicolor/scalable/actions/xopp-pen-fill-opacity.svg
-- Installing: /pkgs/xournalpp/usr/share/xournalpp/ui/iconsLucide-dark/hicolor/scalable/actions/xopp-audio-playback-stop.svg
-- Installing: /pkgs/xournalpp/usr/share/xournalpp/ui/iconsLucide-dark/hicolor/scalable/actions/xopp-setsquare.svg
-- Installing: /pkgs/xournalpp/usr/share/xournalpp/ui/iconsLucide-dark/hicolor/scalable/actions/xopp-fullscreen.svg
-- Installing: /pkgs/xournalpp/usr/share/xournalpp/ui/iconsLucide-dark/hicolor/scalable/actions/xopp-draw-rect.svg
-- Installing: /pkgs/xournalpp/usr/share/xournalpp/ui/iconsLucide-dark/hicolor/scalable/actions/xopp-snapping-grid.svg
-- Installing: /pkgs/xournalpp/usr/share/xournalpp/ui/iconsLucide-dark/hicolor/scalable/actions/xopp-audio-seek-backwards.svg
-- Installing: /pkgs/xournalpp/usr/share/xournalpp/ui/iconsLucide-dark/hicolor/scalable/actions/xopp-select-pdf-text-ht.svg
-- Installing: /pkgs/xournalpp/usr/share/xournalpp/ui/iconsLucide-dark/hicolor/scalable/actions/xopp-document-open.svg
-- Installing: /pkgs/xournalpp/usr/share/xournalpp/ui/iconsLucide-dark/hicolor/scalable/actions/xopp-audio-playback-pause.svg
-- Installing: /pkgs/xournalpp/usr/share/xournalpp/ui/iconsLucide-dark/hicolor/scalable/actions/xopp-thickness-fine.svg
-- Installing: /pkgs/xournalpp/usr/share/xournalpp/ui/settingsDeviceClassConfig.glade
-- Installing: /pkgs/xournalpp/usr/share/xournalpp/plugins
-- Installing: /pkgs/xournalpp/usr/share/xournalpp/plugins/Example
-- Installing: /pkgs/xournalpp/usr/share/xournalpp/plugins/Example/main.lua
-- Installing: /pkgs/xournalpp/usr/share/xournalpp/plugins/Example/var_dump.lua
-- Installing: /pkgs/xournalpp/usr/share/xournalpp/plugins/Example/plugin.ini
-- Installing: /pkgs/xournalpp/usr/share/xournalpp/plugins/ToggleGrid
-- Installing: /pkgs/xournalpp/usr/share/xournalpp/plugins/ToggleGrid/togglegrid.lua
-- Installing: /pkgs/xournalpp/usr/share/xournalpp/plugins/ToggleGrid/plugin.ini
-- Installing: /pkgs/xournalpp/usr/share/xournalpp/plugins/Export
-- Installing: /pkgs/xournalpp/usr/share/xournalpp/plugins/Export/main.lua
-- Installing: /pkgs/xournalpp/usr/share/xournalpp/plugins/Export/plugin.ini
-- Installing: /pkgs/xournalpp/usr/share/xournalpp/plugins/QuickScreenshot
-- Installing: /pkgs/xournalpp/usr/share/xournalpp/plugins/QuickScreenshot/main.lua
-- Installing: /pkgs/xournalpp/usr/share/xournalpp/plugins/QuickScreenshot/plugin.ini
-- Installing: /pkgs/xournalpp/usr/share/xournalpp/plugins/MigrateFontSizes
-- Installing: /pkgs/xournalpp/usr/share/xournalpp/plugins/MigrateFontSizes/main.lua
-- Installing: /pkgs/xournalpp/usr/share/xournalpp/plugins/MigrateFontSizes/plugin.ini
-- Installing: /pkgs/xournalpp/usr/share/xournalpp/plugins/MigrateFontSizes/dialog.glade
-- Installing: /pkgs/xournalpp/usr/share/xournalpp/plugins/ColorCycle
-- Installing: /pkgs/xournalpp/usr/share/xournalpp/plugins/ColorCycle/main.lua
-- Installing: /pkgs/xournalpp/usr/share/xournalpp/plugins/ColorCycle/plugin.ini
-- Installing: /pkgs/xournalpp/usr/share/xournalpp/plugins/HighlightPosition
-- Installing: /pkgs/xournalpp/usr/share/xournalpp/plugins/HighlightPosition/main.lua
-- Installing: /pkgs/xournalpp/usr/share/xournalpp/plugins/HighlightPosition/plugin.ini
-- Installing: /pkgs/xournalpp/usr/share/xournalpp/plugins/LayerActions
-- Installing: /pkgs/xournalpp/usr/share/xournalpp/plugins/LayerActions/main.lua
-- Installing: /pkgs/xournalpp/usr/share/xournalpp/plugins/LayerActions/plugin.ini
-- Installing: /pkgs/xournalpp/usr/share/xournalpp/resources
-- Installing: /pkgs/xournalpp/usr/share/xournalpp/resources/legacy_template.tex
-- Installing: /pkgs/xournalpp/usr/share/xournalpp/resources/default_template.tex
-- Installing: /pkgs/xournalpp/usr/share/icons/hicolor/scalable/apps/com.github.xournalpp.xournalpp.svg
-- Installing: /pkgs/xournalpp/usr/share/icons/hicolor/scalable/mimetypes/application-x-xopp.svg
-- Installing: /pkgs/xournalpp/usr/share/icons/hicolor/scalable/mimetypes/application-x-xopt.svg
-- Installing: /pkgs/xournalpp/usr/share/icons/hicolor/scalable/mimetypes/application-x-xojpp.svg
-- Installing: /pkgs/xournalpp/usr/share/icons/hicolor/scalable/mimetypes/gnome-mime-application-x-xopp.svg
-- Installing: /pkgs/xournalpp/usr/share/icons/hicolor/scalable/mimetypes/gnome-mime-application-x-xopt.svg
-- Installing: /pkgs/xournalpp/usr/share/mime/packages/com.github.xournalpp.xournalpp.xml
-- Installing: /pkgs/xournalpp/usr/share/applications/com.github.xournalpp.xournalpp.desktop
-- Installing: /pkgs/xournalpp/usr/share/thumbnailers/com.github.xournalpp.xournalpp.thumbnailer
-- Installing: /pkgs/xournalpp/usr/share/metainfo/com.github.xournalpp.xournalpp.appdata.xml
[0/1] Install the project...
-- Install configuration: "RelWithDebInfo"
-- Installing: /usr/share/locale/af_ZA/LC_MESSAGES/xournalpp.mo
-- Installing: /usr/share/locale/ar/LC_MESSAGES/xournalpp.mo
-- Installing: /usr/share/locale/bn_BD/LC_MESSAGES/xournalpp.mo
-- Installing: /usr/share/locale/ca/LC_MESSAGES/xournalpp.mo
-- Installing: /usr/share/locale/cs/LC_MESSAGES/xournalpp.mo
-- Installing: /usr/share/locale/da/LC_MESSAGES/xournalpp.mo
-- Installing: /usr/share/locale/de/LC_MESSAGES/xournalpp.mo
-- Installing: /usr/share/locale/el/LC_MESSAGES/xournalpp.mo
-- Installing: /usr/share/locale/en_GB/LC_MESSAGES/xournalpp.mo
-- Installing: /usr/share/locale/eo_UY/LC_MESSAGES/xournalpp.mo
-- Installing: /usr/share/locale/es/LC_MESSAGES/xournalpp.mo
-- Installing: /usr/share/locale/eu/LC_MESSAGES/xournalpp.mo
-- Installing: /usr/share/locale/fi/LC_MESSAGES/xournalpp.mo
-- Installing: /usr/share/locale/fr/LC_MESSAGES/xournalpp.mo
-- Installing: /usr/share/locale/gl/LC_MESSAGES/xournalpp.mo
-- Installing: /usr/share/locale/he/LC_MESSAGES/xournalpp.mo
-- Installing: /usr/share/locale/hi/LC_MESSAGES/xournalpp.mo
-- Installing: /usr/share/locale/hu/LC_MESSAGES/xournalpp.mo
-- Installing: /usr/share/locale/id/LC_MESSAGES/xournalpp.mo
-- Installing: /usr/share/locale/it/LC_MESSAGES/xournalpp.mo
-- Installing: /usr/share/locale/ja/LC_MESSAGES/xournalpp.mo
-- Installing: /usr/share/locale/ko/LC_MESSAGES/xournalpp.mo
-- Installing: /usr/share/locale/ml_IN/LC_MESSAGES/xournalpp.mo
-- Installing: /usr/share/locale/nl/LC_MESSAGES/xournalpp.mo
-- Installing: /usr/share/locale/no/LC_MESSAGES/xournalpp.mo
-- Installing: /usr/share/locale/pl/LC_MESSAGES/xournalpp.mo
-- Installing: /usr/share/locale/pt_BR/LC_MESSAGES/xournalpp.mo
-- Installing: /usr/share/locale/pt_PT/LC_MESSAGES/xournalpp.mo
-- Installing: /usr/share/locale/ro/LC_MESSAGES/xournalpp.mo
-- Installing: /usr/share/locale/ru/LC_MESSAGES/xournalpp.mo
-- Installing: /usr/share/locale/si_LK/LC_MESSAGES/xournalpp.mo
-- Installing: /usr/share/locale/sl_SI/LC_MESSAGES/xournalpp.mo
-- Installing: /usr/share/locale/sv/LC_MESSAGES/xournalpp.mo
-- Installing: /usr/share/locale/ta_IN/LC_MESSAGES/xournalpp.mo
-- Installing: /usr/share/locale/th/LC_MESSAGES/xournalpp.mo
-- Installing: /usr/share/locale/tr/LC_MESSAGES/xournalpp.mo
-- Installing: /usr/share/locale/uk_UA/LC_MESSAGES/xournalpp.mo
-- Installing: /usr/share/locale/vi/LC_MESSAGES/xournalpp.mo
-- Installing: /usr/share/locale/zh/LC_MESSAGES/xournalpp.mo
-- Installing: /usr/share/locale/zh_HK/LC_MESSAGES/xournalpp.mo
-- Installing: /usr/share/locale/zh_TW/LC_MESSAGES/xournalpp.mo
-- Installing: /usr/bin/xournalpp
-- Installing: /usr/bin/xournalpp-thumbnailer
-- Installing: /usr/share/xournalpp/ui
-- Installing: /usr/share/xournalpp/ui/latexSettings.glade
-- Installing: /usr/share/xournalpp/ui/pluginEntry.glade
-- Installing: /usr/share/xournalpp/ui/pixmaps
-- Installing: /usr/share/xournalpp/ui/pixmaps/gnome-mime-application-x-xopt.svg
-- Installing: /usr/share/xournalpp/ui/pixmaps/application-x-xopt.svg
-- Installing: /usr/share/xournalpp/ui/pixmaps/com.github.xournalpp.xournalpp.svg
-- Installing: /usr/share/xournalpp/ui/pixmaps/xopt.svg
-- Installing: /usr/share/xournalpp/ui/pixmaps/application-x-xopp.svg
-- Installing: /usr/share/xournalpp/ui/pixmaps/gnome-mime-application-x-xopp.svg
-- Installing: /usr/share/xournalpp/ui/pixmaps/application-x-xojpp.svg
-- Installing: /usr/share/xournalpp/ui/pixmaps/com.github.xournalpp.xournalpp.png
-- Installing: /usr/share/xournalpp/ui/iconsColor-dark
-- Installing: /usr/share/xournalpp/ui/iconsColor-dark/hicolor
-- Installing: /usr/share/xournalpp/ui/iconsColor-dark/hicolor/index.theme
-- Installing: /usr/share/xournalpp/ui/iconsColor-dark/hicolor/24x24
-- Installing: /usr/share/xournalpp/ui/iconsColor-dark/hicolor/24x24/actions
-- Installing: /usr/share/xournalpp/ui/iconsColor-dark/hicolor/24x24/actions/xopp-page-spinner.svg
-- Installing: /usr/share/xournalpp/ui/iconsColor-dark/hicolor/scalable
-- Installing: /usr/share/xournalpp/ui/iconsColor-dark/hicolor/scalable/actions
-- Installing: /usr/share/xournalpp/ui/iconsColor-dark/hicolor/scalable/actions/xopp-thickness-thicker.svg
-- Installing: /usr/share/xournalpp/ui/iconsColor-dark/hicolor/scalable/actions/xopp-document-export-pdf.svg
-- Installing: /usr/share/xournalpp/ui/iconsColor-dark/hicolor/scalable/actions/xopp-page-delete.svg
-- Installing: /usr/share/xournalpp/ui/iconsColor-dark/hicolor/scalable/actions/xopp-select-rect.svg
-- Installing: /usr/share/xournalpp/ui/iconsColor-dark/hicolor/scalable/actions/xopp-edit-undo.svg
-- Installing: /usr/share/xournalpp/ui/iconsColor-dark/hicolor/scalable/actions/xopp-select-multilayer-rect.svg
-- Installing: /usr/share/xournalpp/ui/iconsColor-dark/hicolor/scalable/actions/xopp-shape-recognizer.svg
-- Installing: /usr/share/xournalpp/ui/iconsColor-dark/hicolor/scalable/actions/xopp-thickness-finer.svg
-- Installing: /usr/share/xournalpp/ui/iconsColor-dark/hicolor/scalable/actions/xopp-tool-highlighter.svg
-- Installing: /usr/share/xournalpp/ui/iconsColor-dark/hicolor/scalable/actions/xopp-line-style-plain.svg
-- Installing: /usr/share/xournalpp/ui/iconsColor-dark/hicolor/scalable/actions/xopp-snapping-rotation.svg
-- Installing: /usr/share/xournalpp/ui/iconsColor-dark/hicolor/scalable/actions/xopp-document-save.svg
-- Installing: /usr/share/xournalpp/ui/iconsColor-dark/hicolor/scalable/actions/xopp-sidebar-index.svg
-- Installing: /usr/share/xournalpp/ui/iconsColor-dark/hicolor/scalable/actions/xopp-compass.svg
-- Installing: /usr/share/xournalpp/ui/iconsColor-dark/hicolor/scalable/actions/xopp-combo-drawing-type.svg
-- Installing: /usr/share/xournalpp/ui/iconsColor-dark/hicolor/scalable/actions/xopp-zoom-slider.svg
-- Installing: /usr/share/xournalpp/ui/iconsColor-dark/hicolor/scalable/actions/xopp-combo-selection.svg
-- Installing: /usr/share/xournalpp/ui/iconsColor-dark/hicolor/scalable/actions/xopp-floating-toolbox.svg
-- Installing: /usr/share/xournalpp/ui/iconsColor-dark/hicolor/scalable/actions/xopp-line-style-dot.svg
-- Installing: /usr/share/xournalpp/ui/iconsColor-dark/hicolor/scalable/actions/xopp-sidebar-page-preview.svg
-- Installing: /usr/share/xournalpp/ui/iconsColor-dark/hicolor/scalable/actions/xopp-transparent.svg
-- Installing: /usr/share/xournalpp/ui/iconsColor-dark/hicolor/scalable/actions/xopp-line-style-dash.svg
-- Installing: /usr/share/xournalpp/ui/iconsColor-dark/hicolor/scalable/actions/xopp-show-paired-pages.svg
-- Installing: /usr/share/xournalpp/ui/iconsColor-dark/hicolor/scalable/actions/xopp-fill.svg
-- Installing: /usr/share/xournalpp/ui/iconsColor-dark/hicolor/scalable/actions/xopp-draw-spline.svg
-- Installing: /usr/share/xournalpp/ui/iconsColor-dark/hicolor/scalable/actions/xopp-combo-layer.svg
-- Installing: /usr/share/xournalpp/ui/iconsColor-dark/hicolor/scalable/actions/xopp-document-new.svg
-- Installing: /usr/share/xournalpp/ui/iconsColor-dark/hicolor/scalable/actions/xopp-edit-redo.svg
-- Installing: /usr/share/xournalpp/ui/iconsColor-dark/hicolor/scalable/actions/xopp-audio-seek-forwards.svg
-- Installing: /usr/share/xournalpp/ui/iconsColor-dark/hicolor/scalable/actions/xopp-hand.svg
-- Installing: /usr/share/xournalpp/ui/iconsColor-dark/hicolor/scalable/actions/xopp-line-style-dash-dot.svg
-- Installing: /usr/share/xournalpp/ui/iconsColor-dark/hicolor/scalable/actions/xopp-object-play.svg
-- Installing: /usr/share/xournalpp/ui/iconsColor-dark/hicolor/scalable/actions/xopp-draw-arrow.svg
-- Installing: /usr/share/xournalpp/ui/iconsColor-dark/hicolor/scalable/actions/xopp-tool-eraser.svg
-- Installing: /usr/share/xournalpp/ui/iconsColor-dark/hicolor/scalable/actions/xopp-tool-math-tex.svg
-- Installing: /usr/share/xournalpp/ui/iconsColor-dark/hicolor/scalable/actions/xopp-page-annotated-next.svg
-- Installing: /usr/share/xournalpp/ui/iconsColor-dark/hicolor/scalable/actions/xopp-presentation-mode.svg
-- Installing: /usr/share/xournalpp/ui/iconsColor-dark/hicolor/scalable/actions/xopp-sidebar-layer.svg
-- Installing: /usr/share/xournalpp/ui/iconsColor-dark/hicolor/scalable/actions/xopp-draw-coordinate-system.svg
-- Installing: /usr/share/xournalpp/ui/iconsColor-dark/hicolor/scalable/actions/xopp-select-lasso.svg
-- Installing: /usr/share/xournalpp/ui/iconsColor-dark/hicolor/scalable/actions/xopp-spacer.svg
-- Installing: /usr/share/xournalpp/ui/iconsColor-dark/hicolor/scalable/actions/xopp-object-select.svg
-- Installing: /usr/share/xournalpp/ui/iconsColor-dark/hicolor/scalable/actions/xopp-page-add.svg
-- Installing: /usr/share/xournalpp/ui/iconsColor-dark/hicolor/scalable/actions/xopp-thickness-medium.svg
-- Installing: /usr/share/xournalpp/ui/iconsColor-dark/hicolor/scalable/actions/xopp-toolbars-manage.svg
-- Installing: /usr/share/xournalpp/ui/iconsColor-dark/hicolor/scalable/actions/xopp-select-multilayer-lasso.svg
-- Installing: /usr/share/xournalpp/ui/iconsColor-dark/hicolor/scalable/actions/xopp-edit-copy.svg
-- Installing: /usr/share/xournalpp/ui/iconsColor-dark/hicolor/scalable/actions/xopp-draw-line.svg
-- Installing: /usr/share/xournalpp/ui/iconsColor-dark/hicolor/scalable/actions/xopp-audio-record.svg
-- Installing: /usr/share/xournalpp/ui/iconsColor-dark/hicolor/scalable/actions/xopp-draw-double-arrow.svg
-- Installing: /usr/share/xournalpp/ui/iconsColor-dark/hicolor/scalable/actions/xopp-edit-paste.svg
-- Installing: /usr/share/xournalpp/ui/iconsColor-dark/hicolor/scalable/actions/xopp-tool-image.svg
-- Installing: /usr/share/xournalpp/ui/iconsColor-dark/hicolor/scalable/actions/xopp-edit-cut.svg
-- Installing: /usr/share/xournalpp/ui/iconsColor-dark/hicolor/scalable/actions/xopp-sidebar-layerstack.svg
-- Installing: /usr/share/xournalpp/ui/iconsColor-dark/hicolor/scalable/actions/xopp-tool-text.svg
-- Installing: /usr/share/xournalpp/ui/iconsColor-dark/hicolor/scalable/actions/xopp-default.svg
-- Installing: /usr/share/xournalpp/ui/iconsColor-dark/hicolor/scalable/actions/xopp-document-print.svg
-- Installing: /usr/share/xournalpp/ui/iconsColor-dark/hicolor/scalable/actions/xopp-tool-pencil.svg
-- Installing: /usr/share/xournalpp/ui/iconsColor-dark/hicolor/scalable/actions/xopp-draw-ellipse.svg
-- Installing: /usr/share/xournalpp/ui/iconsColor-dark/hicolor/scalable/actions/xopp-go-to.svg
-- Installing: /usr/share/xournalpp/ui/iconsColor-dark/hicolor/scalable/actions/xopp-thickness-thick.svg
-- Installing: /usr/share/xournalpp/ui/iconsColor-dark/hicolor/scalable/actions/xopp-toolbars-customize.svg
-- Installing: /usr/share/xournalpp/ui/iconsColor-dark/hicolor/scalable/actions/xopp-pen-fill-opacity.svg
-- Installing: /usr/share/xournalpp/ui/iconsColor-dark/hicolor/scalable/actions/xopp-audio-playback-stop.svg
-- Installing: /usr/share/xournalpp/ui/iconsColor-dark/hicolor/scalable/actions/xopp-setsquare.svg
-- Installing: /usr/share/xournalpp/ui/iconsColor-dark/hicolor/scalable/actions/xopp-fullscreen.svg
-- Installing: /usr/share/xournalpp/ui/iconsColor-dark/hicolor/scalable/actions/xopp-draw-rect.svg
-- Installing: /usr/share/xournalpp/ui/iconsColor-dark/hicolor/scalable/actions/xopp-snapping-grid.svg
-- Installing: /usr/share/xournalpp/ui/iconsColor-dark/hicolor/scalable/actions/xopp-audio-seek-backwards.svg
-- Installing: /usr/share/xournalpp/ui/iconsColor-dark/hicolor/scalable/actions/xopp-document-open.svg
-- Installing: /usr/share/xournalpp/ui/iconsColor-dark/hicolor/scalable/actions/xopp-audio-playback-pause.svg
-- Installing: /usr/share/xournalpp/ui/iconsColor-dark/hicolor/scalable/actions/xopp-thickness-fine.svg
-- Installing: /usr/share/xournalpp/ui/iconsColor-light
-- Installing: /usr/share/xournalpp/ui/iconsColor-light/hicolor
-- Installing: /usr/share/xournalpp/ui/iconsColor-light/hicolor/index.theme
-- Installing: /usr/share/xournalpp/ui/iconsColor-light/hicolor/scalable
-- Installing: /usr/share/xournalpp/ui/iconsColor-light/hicolor/scalable/actions
-- Installing: /usr/share/xournalpp/ui/iconsColor-light/hicolor/scalable/actions/xopp-thickness-thicker.svg
-- Installing: /usr/share/xournalpp/ui/iconsColor-light/hicolor/scalable/actions/xopp-thickness-finer.svg
-- Installing: /usr/share/xournalpp/ui/iconsColor-light/hicolor/scalable/actions/xopp-line-style-plain.svg
-- Installing: /usr/share/xournalpp/ui/iconsColor-light/hicolor/scalable/actions/xopp-snapping-rotation.svg
-- Installing: /usr/share/xournalpp/ui/iconsColor-light/hicolor/scalable/actions/xopp-combo-drawing-type.svg
-- Installing: /usr/share/xournalpp/ui/iconsColor-light/hicolor/scalable/actions/xopp-line-style-dot.svg
-- Installing: /usr/share/xournalpp/ui/iconsColor-light/hicolor/scalable/actions/xopp-line-style-dash.svg
-- Installing: /usr/share/xournalpp/ui/iconsColor-light/hicolor/scalable/actions/xopp-draw-spline.svg
-- Installing: /usr/share/xournalpp/ui/iconsColor-light/hicolor/scalable/actions/xopp-combo-layer.svg
-- Installing: /usr/share/xournalpp/ui/iconsColor-light/hicolor/scalable/actions/xopp-line-style-dash-dot.svg
-- Installing: /usr/share/xournalpp/ui/iconsColor-light/hicolor/scalable/actions/xopp-draw-arrow.svg
-- Installing: /usr/share/xournalpp/ui/iconsColor-light/hicolor/scalable/actions/xopp-tool-math-tex.svg
-- Installing: /usr/share/xournalpp/ui/iconsColor-light/hicolor/scalable/actions/xopp-presentation-mode.svg
-- Installing: /usr/share/xournalpp/ui/iconsColor-light/hicolor/scalable/actions/xopp-sidebar-layer.svg
-- Installing: /usr/share/xournalpp/ui/iconsColor-light/hicolor/scalable/actions/xopp-draw-coordinate-system.svg
-- Installing: /usr/share/xournalpp/ui/iconsColor-light/hicolor/scalable/actions/xopp-thickness-medium.svg
-- Installing: /usr/share/xournalpp/ui/iconsColor-light/hicolor/scalable/actions/xopp-draw-line.svg
-- Installing: /usr/share/xournalpp/ui/iconsColor-light/hicolor/scalable/actions/xopp-draw-double-arrow.svg
-- Installing: /usr/share/xournalpp/ui/iconsColor-light/hicolor/scalable/actions/xopp-select-pdf-text-area.svg
-- Installing: /usr/share/xournalpp/ui/iconsColor-light/hicolor/scalable/actions/xopp-sidebar-layerstack.svg
-- Installing: /usr/share/xournalpp/ui/iconsColor-light/hicolor/scalable/actions/xopp-tool-text.svg
-- Installing: /usr/share/xournalpp/ui/iconsColor-light/hicolor/scalable/actions/xopp-draw-ellipse.svg
-- Installing: /usr/share/xournalpp/ui/iconsColor-light/hicolor/scalable/actions/xopp-thickness-thick.svg
-- Installing: /usr/share/xournalpp/ui/iconsColor-light/hicolor/scalable/actions/xopp-draw-rect.svg
-- Installing: /usr/share/xournalpp/ui/iconsColor-light/hicolor/scalable/actions/xopp-select-pdf-text-ht.svg
-- Installing: /usr/share/xournalpp/ui/iconsColor-light/hicolor/scalable/actions/xopp-thickness-fine.svg
-- Installing: /usr/share/xournalpp/ui/fillOpacity.glade
-- Installing: /usr/share/xournalpp/ui/about.glade
-- Installing: /usr/share/xournalpp/ui/toolbarManageDialog.glade
-- Installing: /usr/share/xournalpp/ui/plugin.glade
-- Installing: /usr/share/xournalpp/ui/images.glade
-- Installing: /usr/share/xournalpp/ui/pagetemplates.ini
-- Installing: /usr/share/xournalpp/ui/renameLayerDialog.glade
-- Installing: /usr/share/xournalpp/ui/exportSettings.glade
-- Installing: /usr/share/xournalpp/ui/settingsLanguageConfig.glade
-- Installing: /usr/share/xournalpp/ui/xournalpp.css
-- Installing: /usr/share/xournalpp/ui/main.glade
-- Installing: /usr/share/xournalpp/ui/settings.glade
-- Installing: /usr/share/xournalpp/ui/pdfpages.glade
-- Installing: /usr/share/xournalpp/ui/pageTemplate.glade
-- Installing: /usr/share/xournalpp/ui/pagesize.glade
-- Installing: /usr/share/xournalpp/ui/goto.glade
-- Installing: /usr/share/xournalpp/ui/toolbar.ini
-- Installing: /usr/share/xournalpp/ui/texdialog.glade
-- Installing: /usr/share/xournalpp/ui/README.md
-- Installing: /usr/share/xournalpp/ui/iconsLucide-light
-- Installing: /usr/share/xournalpp/ui/iconsLucide-light/hicolor
-- Installing: /usr/share/xournalpp/ui/iconsLucide-light/hicolor/index.theme
-- Installing: /usr/share/xournalpp/ui/iconsLucide-light/hicolor/scalable
-- Installing: /usr/share/xournalpp/ui/iconsLucide-light/hicolor/scalable/actions
-- Installing: /usr/share/xournalpp/ui/iconsLucide-light/hicolor/scalable/actions/xopp-thickness-thicker.svg
-- Installing: /usr/share/xournalpp/ui/iconsLucide-light/hicolor/scalable/actions/xopp-document-export-pdf.svg
-- Installing: /usr/share/xournalpp/ui/iconsLucide-light/hicolor/scalable/actions/xopp-page-delete.svg
-- Installing: /usr/share/xournalpp/ui/iconsLucide-light/hicolor/scalable/actions/xopp-select-rect.svg
-- Installing: /usr/share/xournalpp/ui/iconsLucide-light/hicolor/scalable/actions/xopp-edit-undo.svg
-- Installing: /usr/share/xournalpp/ui/iconsLucide-light/hicolor/scalable/actions/xopp-shape-recognizer.svg
-- Installing: /usr/share/xournalpp/ui/iconsLucide-light/hicolor/scalable/actions/xopp-thickness-finer.svg
-- Installing: /usr/share/xournalpp/ui/iconsLucide-light/hicolor/scalable/actions/xopp-tool-highlighter.svg
-- Installing: /usr/share/xournalpp/ui/iconsLucide-light/hicolor/scalable/actions/xopp-line-style-plain.svg
-- Installing: /usr/share/xournalpp/ui/iconsLucide-light/hicolor/scalable/actions/xopp-snapping-rotation.svg
-- Installing: /usr/share/xournalpp/ui/iconsLucide-light/hicolor/scalable/actions/xopp-document-save.svg
-- Installing: /usr/share/xournalpp/ui/iconsLucide-light/hicolor/scalable/actions/xopp-sidebar-index.svg
-- Installing: /usr/share/xournalpp/ui/iconsLucide-light/hicolor/scalable/actions/xopp-compass.svg
-- Installing: /usr/share/xournalpp/ui/iconsLucide-light/hicolor/scalable/actions/xopp-combo-drawing-type.svg
-- Installing: /usr/share/xournalpp/ui/iconsLucide-light/hicolor/scalable/actions/xopp-zoom-slider.svg
-- Installing: /usr/share/xournalpp/ui/iconsLucide-light/hicolor/scalable/actions/xopp-combo-selection.svg
-- Installing: /usr/share/xournalpp/ui/iconsLucide-light/hicolor/scalable/actions/xopp-floating-toolbox.svg
-- Installing: /usr/share/xournalpp/ui/iconsLucide-light/hicolor/scalable/actions/xopp-line-style-dot.svg
-- Installing: /usr/share/xournalpp/ui/iconsLucide-light/hicolor/scalable/actions/xopp-sidebar-page-preview.svg
-- Installing: /usr/share/xournalpp/ui/iconsLucide-light/hicolor/scalable/actions/xopp-transparent.svg
-- Installing: /usr/share/xournalpp/ui/iconsLucide-light/hicolor/scalable/actions/xopp-line-style-dash.svg
-- Installing: /usr/share/xournalpp/ui/iconsLucide-light/hicolor/scalable/actions/xopp-show-paired-pages.svg
-- Installing: /usr/share/xournalpp/ui/iconsLucide-light/hicolor/scalable/actions/xopp-fill.svg
-- Installing: /usr/share/xournalpp/ui/iconsLucide-light/hicolor/scalable/actions/xopp-draw-spline.svg
-- Installing: /usr/share/xournalpp/ui/iconsLucide-light/hicolor/scalable/actions/xopp-combo-layer.svg
-- Installing: /usr/share/xournalpp/ui/iconsLucide-light/hicolor/scalable/actions/xopp-document-new.svg
-- Installing: /usr/share/xournalpp/ui/iconsLucide-light/hicolor/scalable/actions/xopp-edit-redo.svg
-- Installing: /usr/share/xournalpp/ui/iconsLucide-light/hicolor/scalable/actions/xopp-audio-seek-forwards.svg
-- Installing: /usr/share/xournalpp/ui/iconsLucide-light/hicolor/scalable/actions/xopp-hand.svg
-- Installing: /usr/share/xournalpp/ui/iconsLucide-light/hicolor/scalable/actions/xopp-line-style-dash-dot.svg
-- Installing: /usr/share/xournalpp/ui/iconsLucide-light/hicolor/scalable/actions/xopp-object-play.svg
-- Installing: /usr/share/xournalpp/ui/iconsLucide-light/hicolor/scalable/actions/xopp-draw-arrow.svg
-- Installing: /usr/share/xournalpp/ui/iconsLucide-light/hicolor/scalable/actions/xopp-tool-eraser.svg
-- Installing: /usr/share/xournalpp/ui/iconsLucide-light/hicolor/scalable/actions/xopp-tool-math-tex.svg
-- Installing: /usr/share/xournalpp/ui/iconsLucide-light/hicolor/scalable/actions/xopp-page-annotated-next.svg
-- Installing: /usr/share/xournalpp/ui/iconsLucide-light/hicolor/scalable/actions/xopp-presentation-mode.svg
-- Installing: /usr/share/xournalpp/ui/iconsLucide-light/hicolor/scalable/actions/xopp-sidebar-layer.svg
-- Installing: /usr/share/xournalpp/ui/iconsLucide-light/hicolor/scalable/actions/xopp-draw-coordinate-system.svg
-- Installing: /usr/share/xournalpp/ui/iconsLucide-light/hicolor/scalable/actions/xopp-select-lasso.svg
-- Installing: /usr/share/xournalpp/ui/iconsLucide-light/hicolor/scalable/actions/xopp-spacer.svg
-- Installing: /usr/share/xournalpp/ui/iconsLucide-light/hicolor/scalable/actions/xopp-object-select.svg
-- Installing: /usr/share/xournalpp/ui/iconsLucide-light/hicolor/scalable/actions/xopp-page-add.svg
-- Installing: /usr/share/xournalpp/ui/iconsLucide-light/hicolor/scalable/actions/xopp-thickness-medium.svg
-- Installing: /usr/share/xournalpp/ui/iconsLucide-light/hicolor/scalable/actions/xopp-toolbars-manage.svg
-- Installing: /usr/share/xournalpp/ui/iconsLucide-light/hicolor/scalable/actions/xopp-edit-copy.svg
-- Installing: /usr/share/xournalpp/ui/iconsLucide-light/hicolor/scalable/actions/xopp-draw-line.svg
-- Installing: /usr/share/xournalpp/ui/iconsLucide-light/hicolor/scalable/actions/xopp-audio-record.svg
-- Installing: /usr/share/xournalpp/ui/iconsLucide-light/hicolor/scalable/actions/xopp-select-pdf-text-area.svg
-- Installing: /usr/share/xournalpp/ui/iconsLucide-light/hicolor/scalable/actions/xopp-edit-paste.svg
-- Installing: /usr/share/xournalpp/ui/iconsLucide-light/hicolor/scalable/actions/xopp-tool-image.svg
-- Installing: /usr/share/xournalpp/ui/iconsLucide-light/hicolor/scalable/actions/xopp-edit-cut.svg
-- Installing: /usr/share/xournalpp/ui/iconsLucide-light/hicolor/scalable/actions/xopp-sidebar-layerstack.svg
-- Installing: /usr/share/xournalpp/ui/iconsLucide-light/hicolor/scalable/actions/xopp-tool-text.svg
-- Installing: /usr/share/xournalpp/ui/iconsLucide-light/hicolor/scalable/actions/xopp-default.svg
-- Installing: /usr/share/xournalpp/ui/iconsLucide-light/hicolor/scalable/actions/xopp-document-print.svg
-- Installing: /usr/share/xournalpp/ui/iconsLucide-light/hicolor/scalable/actions/xopp-tool-pencil.svg
-- Installing: /usr/share/xournalpp/ui/iconsLucide-light/hicolor/scalable/actions/xopp-draw-ellipse.svg
-- Installing: /usr/share/xournalpp/ui/iconsLucide-light/hicolor/scalable/actions/xopp-go-to.svg
-- Installing: /usr/share/xournalpp/ui/iconsLucide-light/hicolor/scalable/actions/xopp-thickness-thick.svg
-- Installing: /usr/share/xournalpp/ui/iconsLucide-light/hicolor/scalable/actions/xopp-toolbars-customize.svg
-- Installing: /usr/share/xournalpp/ui/iconsLucide-light/hicolor/scalable/actions/xopp-pen-fill-opacity.svg
-- Installing: /usr/share/xournalpp/ui/iconsLucide-light/hicolor/scalable/actions/xopp-audio-playback-stop.svg
-- Installing: /usr/share/xournalpp/ui/iconsLucide-light/hicolor/scalable/actions/xopp-setsquare.svg
-- Installing: /usr/share/xournalpp/ui/iconsLucide-light/hicolor/scalable/actions/xopp-fullscreen.svg
-- Installing: /usr/share/xournalpp/ui/iconsLucide-light/hicolor/scalable/actions/xopp-draw-rect.svg
-- Installing: /usr/share/xournalpp/ui/iconsLucide-light/hicolor/scalable/actions/xopp-snapping-grid.svg
-- Installing: /usr/share/xournalpp/ui/iconsLucide-light/hicolor/scalable/actions/xopp-audio-seek-backwards.svg
-- Installing: /usr/share/xournalpp/ui/iconsLucide-light/hicolor/scalable/actions/xopp-select-pdf-text-ht.svg
-- Installing: /usr/share/xournalpp/ui/iconsLucide-light/hicolor/scalable/actions/xopp-document-open.svg
-- Installing: /usr/share/xournalpp/ui/iconsLucide-light/hicolor/scalable/actions/xopp-audio-playback-pause.svg
-- Installing: /usr/share/xournalpp/ui/iconsLucide-light/hicolor/scalable/actions/xopp-thickness-fine.svg
-- Installing: /usr/share/xournalpp/ui/settingsButtonConfig.glade
-- Installing: /usr/share/xournalpp/ui/toolbarCustomizeDialog.glade
-- Installing: /usr/share/xournalpp/ui/iconsLucide-dark
-- Installing: /usr/share/xournalpp/ui/iconsLucide-dark/hicolor
-- Installing: /usr/share/xournalpp/ui/iconsLucide-dark/hicolor/index.theme
-- Installing: /usr/share/xournalpp/ui/iconsLucide-dark/hicolor/24x24
-- Installing: /usr/share/xournalpp/ui/iconsLucide-dark/hicolor/24x24/actions
-- Installing: /usr/share/xournalpp/ui/iconsLucide-dark/hicolor/24x24/actions/xopp-page-spinner.svg
-- Installing: /usr/share/xournalpp/ui/iconsLucide-dark/hicolor/scalable
-- Installing: /usr/share/xournalpp/ui/iconsLucide-dark/hicolor/scalable/actions
-- Installing: /usr/share/xournalpp/ui/iconsLucide-dark/hicolor/scalable/actions/xopp-thickness-thicker.svg
-- Installing: /usr/share/xournalpp/ui/iconsLucide-dark/hicolor/scalable/actions/xopp-document-export-pdf.svg
-- Installing: /usr/share/xournalpp/ui/iconsLucide-dark/hicolor/scalable/actions/xopp-page-delete.svg
-- Installing: /usr/share/xournalpp/ui/iconsLucide-dark/hicolor/scalable/actions/xopp-select-rect.svg
-- Installing: /usr/share/xournalpp/ui/iconsLucide-dark/hicolor/scalable/actions/xopp-edit-undo.svg
-- Installing: /usr/share/xournalpp/ui/iconsLucide-dark/hicolor/scalable/actions/xopp-shape-recognizer.svg
-- Installing: /usr/share/xournalpp/ui/iconsLucide-dark/hicolor/scalable/actions/xopp-thickness-finer.svg
-- Installing: /usr/share/xournalpp/ui/iconsLucide-dark/hicolor/scalable/actions/xopp-tool-highlighter.svg
-- Installing: /usr/share/xournalpp/ui/iconsLucide-dark/hicolor/scalable/actions/xopp-line-style-plain.svg
-- Installing: /usr/share/xournalpp/ui/iconsLucide-dark/hicolor/scalable/actions/xopp-snapping-rotation.svg
-- Installing: /usr/share/xournalpp/ui/iconsLucide-dark/hicolor/scalable/actions/xopp-document-save.svg
-- Installing: /usr/share/xournalpp/ui/iconsLucide-dark/hicolor/scalable/actions/xopp-sidebar-index.svg
-- Installing: /usr/share/xournalpp/ui/iconsLucide-dark/hicolor/scalable/actions/xopp-compass.svg
-- Installing: /usr/share/xournalpp/ui/iconsLucide-dark/hicolor/scalable/actions/xopp-combo-drawing-type.svg
-- Installing: /usr/share/xournalpp/ui/iconsLucide-dark/hicolor/scalable/actions/xopp-zoom-slider.svg
-- Installing: /usr/share/xournalpp/ui/iconsLucide-dark/hicolor/scalable/actions/xopp-combo-selection.svg
-- Installing: /usr/share/xournalpp/ui/iconsLucide-dark/hicolor/scalable/actions/xopp-floating-toolbox.svg
-- Installing: /usr/share/xournalpp/ui/iconsLucide-dark/hicolor/scalable/actions/xopp-line-style-dot.svg
-- Installing: /usr/share/xournalpp/ui/iconsLucide-dark/hicolor/scalable/actions/xopp-sidebar-page-preview.svg
-- Installing: /usr/share/xournalpp/ui/iconsLucide-dark/hicolor/scalable/actions/xopp-transparent.svg
-- Installing: /usr/share/xournalpp/ui/iconsLucide-dark/hicolor/scalable/actions/xopp-line-style-dash.svg
-- Installing: /usr/share/xournalpp/ui/iconsLucide-dark/hicolor/scalable/actions/xopp-show-paired-pages.svg
-- Installing: /usr/share/xournalpp/ui/iconsLucide-dark/hicolor/scalable/actions/xopp-fill.svg
-- Installing: /usr/share/xournalpp/ui/iconsLucide-dark/hicolor/scalable/actions/xopp-draw-spline.svg
-- Installing: /usr/share/xournalpp/ui/iconsLucide-dark/hicolor/scalable/actions/xopp-combo-layer.svg
-- Installing: /usr/share/xournalpp/ui/iconsLucide-dark/hicolor/scalable/actions/xopp-document-new.svg
-- Installing: /usr/share/xournalpp/ui/iconsLucide-dark/hicolor/scalable/actions/xopp-edit-redo.svg
-- Installing: /usr/share/xournalpp/ui/iconsLucide-dark/hicolor/scalable/actions/xopp-audio-seek-forwards.svg
-- Installing: /usr/share/xournalpp/ui/iconsLucide-dark/hicolor/scalable/actions/xopp-hand.svg
-- Installing: /usr/share/xournalpp/ui/iconsLucide-dark/hicolor/scalable/actions/xopp-line-style-dash-dot.svg
-- Installing: /usr/share/xournalpp/ui/iconsLucide-dark/hicolor/scalable/actions/xopp-object-play.svg
-- Installing: /usr/share/xournalpp/ui/iconsLucide-dark/hicolor/scalable/actions/xopp-draw-arrow.svg
-- Installing: /usr/share/xournalpp/ui/iconsLucide-dark/hicolor/scalable/actions/xopp-tool-eraser.svg
-- Installing: /usr/share/xournalpp/ui/iconsLucide-dark/hicolor/scalable/actions/xopp-tool-math-tex.svg
-- Installing: /usr/share/xournalpp/ui/iconsLucide-dark/hicolor/scalable/actions/xopp-page-annotated-next.svg
-- Installing: /usr/share/xournalpp/ui/iconsLucide-dark/hicolor/scalable/actions/xopp-presentation-mode.svg
-- Installing: /usr/share/xournalpp/ui/iconsLucide-dark/hicolor/scalable/actions/xopp-sidebar-layer.svg
-- Installing: /usr/share/xournalpp/ui/iconsLucide-dark/hicolor/scalable/actions/xopp-draw-coordinate-system.svg
-- Installing: /usr/share/xournalpp/ui/iconsLucide-dark/hicolor/scalable/actions/xopp-select-lasso.svg
-- Installing: /usr/share/xournalpp/ui/iconsLucide-dark/hicolor/scalable/actions/xopp-spacer.svg
-- Installing: /usr/share/xournalpp/ui/iconsLucide-dark/hicolor/scalable/actions/xopp-object-select.svg
-- Installing: /usr/share/xournalpp/ui/iconsLucide-dark/hicolor/scalable/actions/xopp-page-add.svg
-- Installing: /usr/share/xournalpp/ui/iconsLucide-dark/hicolor/scalable/actions/xopp-thickness-medium.svg
-- Installing: /usr/share/xournalpp/ui/iconsLucide-dark/hicolor/scalable/actions/xopp-toolbars-manage.svg
-- Installing: /usr/share/xournalpp/ui/iconsLucide-dark/hicolor/scalable/actions/xopp-edit-copy.svg
-- Installing: /usr/share/xournalpp/ui/iconsLucide-dark/hicolor/scalable/actions/xopp-draw-line.svg
-- Installing: /usr/share/xournalpp/ui/iconsLucide-dark/hicolor/scalable/actions/xopp-audio-record.svg
-- Installing: /usr/share/xournalpp/ui/iconsLucide-dark/hicolor/scalable/actions/xopp-select-pdf-text-area.svg
-- Installing: /usr/share/xournalpp/ui/iconsLucide-dark/hicolor/scalable/actions/xopp-edit-paste.svg
-- Installing: /usr/share/xournalpp/ui/iconsLucide-dark/hicolor/scalable/actions/xopp-tool-image.svg
-- Installing: /usr/share/xournalpp/ui/iconsLucide-dark/hicolor/scalable/actions/xopp-edit-cut.svg
-- Installing: /usr/share/xournalpp/ui/iconsLucide-dark/hicolor/scalable/actions/xopp-sidebar-layerstack.svg
-- Installing: /usr/share/xournalpp/ui/iconsLucide-dark/hicolor/scalable/actions/xopp-tool-text.svg
-- Installing: /usr/share/xournalpp/ui/iconsLucide-dark/hicolor/scalable/actions/xopp-default.svg
-- Installing: /usr/share/xournalpp/ui/iconsLucide-dark/hicolor/scalable/actions/xopp-document-print.svg
-- Installing: /usr/share/xournalpp/ui/iconsLucide-dark/hicolor/scalable/actions/xopp-tool-pencil.svg
-- Installing: /usr/share/xournalpp/ui/iconsLucide-dark/hicolor/scalable/actions/xopp-draw-ellipse.svg
-- Installing: /usr/share/xournalpp/ui/iconsLucide-dark/hicolor/scalable/actions/xopp-go-to.svg
-- Installing: /usr/share/xournalpp/ui/iconsLucide-dark/hicolor/scalable/actions/xopp-thickness-thick.svg
-- Installing: /usr/share/xournalpp/ui/iconsLucide-dark/hicolor/scalable/actions/xopp-toolbars-customize.svg
-- Installing: /usr/share/xournalpp/ui/iconsLucide-dark/hicolor/scalable/actions/xopp-pen-fill-opacity.svg
-- Installing: /usr/share/xournalpp/ui/iconsLucide-dark/hicolor/scalable/actions/xopp-audio-playback-stop.svg
-- Installing: /usr/share/xournalpp/ui/iconsLucide-dark/hicolor/scalable/actions/xopp-setsquare.svg
-- Installing: /usr/share/xournalpp/ui/iconsLucide-dark/hicolor/scalable/actions/xopp-fullscreen.svg
-- Installing: /usr/share/xournalpp/ui/iconsLucide-dark/hicolor/scalable/actions/xopp-draw-rect.svg
-- Installing: /usr/share/xournalpp/ui/iconsLucide-dark/hicolor/scalable/actions/xopp-snapping-grid.svg
-- Installing: /usr/share/xournalpp/ui/iconsLucide-dark/hicolor/scalable/actions/xopp-audio-seek-backwards.svg
-- Installing: /usr/share/xournalpp/ui/iconsLucide-dark/hicolor/scalable/actions/xopp-select-pdf-text-ht.svg
-- Installing: /usr/share/xournalpp/ui/iconsLucide-dark/hicolor/scalable/actions/xopp-document-open.svg
-- Installing: /usr/share/xournalpp/ui/iconsLucide-dark/hicolor/scalable/actions/xopp-audio-playback-pause.svg
-- Installing: /usr/share/xournalpp/ui/iconsLucide-dark/hicolor/scalable/actions/xopp-thickness-fine.svg
-- Installing: /usr/share/xournalpp/ui/settingsDeviceClassConfig.glade
-- Installing: /usr/share/xournalpp/plugins
-- Installing: /usr/share/xournalpp/plugins/Example
-- Installing: /usr/share/xournalpp/plugins/Example/main.lua
-- Installing: /usr/share/xournalpp/plugins/Example/var_dump.lua
-- Installing: /usr/share/xournalpp/plugins/Example/plugin.ini
-- Installing: /usr/share/xournalpp/plugins/ToggleGrid
-- Installing: /usr/share/xournalpp/plugins/ToggleGrid/togglegrid.lua
-- Installing: /usr/share/xournalpp/plugins/ToggleGrid/plugin.ini
-- Installing: /usr/share/xournalpp/plugins/Export
-- Installing: /usr/share/xournalpp/plugins/Export/main.lua
-- Installing: /usr/share/xournalpp/plugins/Export/plugin.ini
-- Installing: /usr/share/xournalpp/plugins/QuickScreenshot
-- Installing: /usr/share/xournalpp/plugins/QuickScreenshot/main.lua
-- Installing: /usr/share/xournalpp/plugins/QuickScreenshot/plugin.ini
-- Installing: /usr/share/xournalpp/plugins/MigrateFontSizes
-- Installing: /usr/share/xournalpp/plugins/MigrateFontSizes/main.lua
-- Installing: /usr/share/xournalpp/plugins/MigrateFontSizes/plugin.ini
-- Installing: /usr/share/xournalpp/plugins/MigrateFontSizes/dialog.glade
-- Installing: /usr/share/xournalpp/plugins/ColorCycle
-- Installing: /usr/share/xournalpp/plugins/ColorCycle/main.lua
-- Installing: /usr/share/xournalpp/plugins/ColorCycle/plugin.ini
-- Installing: /usr/share/xournalpp/plugins/HighlightPosition
-- Installing: /usr/share/xournalpp/plugins/HighlightPosition/main.lua
-- Installing: /usr/share/xournalpp/plugins/HighlightPosition/plugin.ini
-- Installing: /usr/share/xournalpp/plugins/LayerActions
-- Installing: /usr/share/xournalpp/plugins/LayerActions/main.lua
-- Installing: /usr/share/xournalpp/plugins/LayerActions/plugin.ini
-- Installing: /usr/share/xournalpp/resources
-- Installing: /usr/share/xournalpp/resources/legacy_template.tex
-- Installing: /usr/share/xournalpp/resources/default_template.tex
-- Installing: /usr/share/icons/hicolor/scalable/apps/com.github.xournalpp.xournalpp.svg
-- Installing: /usr/share/icons/hicolor/scalable/mimetypes/application-x-xopp.svg
-- Installing: /usr/share/icons/hicolor/scalable/mimetypes/application-x-xopt.svg
-- Installing: /usr/share/icons/hicolor/scalable/mimetypes/application-x-xojpp.svg
-- Installing: /usr/share/icons/hicolor/scalable/mimetypes/gnome-mime-application-x-xopp.svg
-- Installing: /usr/share/icons/hicolor/scalable/mimetypes/gnome-mime-application-x-xopt.svg
-- Installing: /usr/share/mime/packages/com.github.xournalpp.xournalpp.xml
-- Installing: /usr/share/applications/com.github.xournalpp.xournalpp.desktop
-- Installing: /usr/share/thumbnailers/com.github.xournalpp.xournalpp.thumbnailer
-- Installing: /usr/share/metainfo/com.github.xournalpp.xournalpp.appdata.xml
xournalpp/
xournalpp/usr/
xournalpp/usr/share/
xournalpp/usr/share/locale/
xournalpp/usr/share/locale/nl/
xournalpp/usr/share/locale/nl/LC_MESSAGES/
xournalpp/usr/share/locale/nl/LC_MESSAGES/xournalpp.mo
xournalpp/usr/share/locale/af_ZA/
xournalpp/usr/share/locale/af_ZA/LC_MESSAGES/
xournalpp/usr/share/locale/af_ZA/LC_MESSAGES/xournalpp.mo
xournalpp/usr/share/locale/fi/
xournalpp/usr/share/locale/fi/LC_MESSAGES/
xournalpp/usr/share/locale/fi/LC_MESSAGES/xournalpp.mo
xournalpp/usr/share/locale/id/
xournalpp/usr/share/locale/id/LC_MESSAGES/
xournalpp/usr/share/locale/id/LC_MESSAGES/xournalpp.mo
xournalpp/usr/share/locale/uk_UA/
xournalpp/usr/share/locale/uk_UA/LC_MESSAGES/
xournalpp/usr/share/locale/uk_UA/LC_MESSAGES/xournalpp.mo
xournalpp/usr/share/locale/ro/
xournalpp/usr/share/locale/ro/LC_MESSAGES/
xournalpp/usr/share/locale/ro/LC_MESSAGES/xournalpp.mo
xournalpp/usr/share/locale/ko/
xournalpp/usr/share/locale/ko/LC_MESSAGES/
xournalpp/usr/share/locale/ko/LC_MESSAGES/xournalpp.mo
xournalpp/usr/share/locale/zh_TW/
xournalpp/usr/share/locale/zh_TW/LC_MESSAGES/
xournalpp/usr/share/locale/zh_TW/LC_MESSAGES/xournalpp.mo
xournalpp/usr/share/locale/hi/
xournalpp/usr/share/locale/hi/LC_MESSAGES/
xournalpp/usr/share/locale/hi/LC_MESSAGES/xournalpp.mo
xournalpp/usr/share/locale/ar/
xournalpp/usr/share/locale/ar/LC_MESSAGES/
xournalpp/usr/share/locale/ar/LC_MESSAGES/xournalpp.mo
xournalpp/usr/share/locale/en_GB/
xournalpp/usr/share/locale/en_GB/LC_MESSAGES/
xournalpp/usr/share/locale/en_GB/LC_MESSAGES/xournalpp.mo
xournalpp/usr/share/locale/es/
xournalpp/usr/share/locale/es/LC_MESSAGES/
xournalpp/usr/share/locale/es/LC_MESSAGES/xournalpp.mo
xournalpp/usr/share/locale/bn_BD/
xournalpp/usr/share/locale/bn_BD/LC_MESSAGES/
xournalpp/usr/share/locale/bn_BD/LC_MESSAGES/xournalpp.mo
xournalpp/usr/share/locale/th/
xournalpp/usr/share/locale/th/LC_MESSAGES/
xournalpp/usr/share/locale/th/LC_MESSAGES/xournalpp.mo
xournalpp/usr/share/locale/he/
xournalpp/usr/share/locale/he/LC_MESSAGES/
xournalpp/usr/share/locale/he/LC_MESSAGES/xournalpp.mo
xournalpp/usr/share/locale/vi/
xournalpp/usr/share/locale/vi/LC_MESSAGES/
xournalpp/usr/share/locale/vi/LC_MESSAGES/xournalpp.mo
xournalpp/usr/share/locale/fr/
xournalpp/usr/share/locale/fr/LC_MESSAGES/
xournalpp/usr/share/locale/fr/LC_MESSAGES/xournalpp.mo
xournalpp/usr/share/locale/ca/
xournalpp/usr/share/locale/ca/LC_MESSAGES/
xournalpp/usr/share/locale/ca/LC_MESSAGES/xournalpp.mo
xournalpp/usr/share/locale/eo_UY/
xournalpp/usr/share/locale/eo_UY/LC_MESSAGES/
xournalpp/usr/share/locale/eo_UY/LC_MESSAGES/xournalpp.mo
xournalpp/usr/share/locale/pl/
xournalpp/usr/share/locale/pl/LC_MESSAGES/
xournalpp/usr/share/locale/pl/LC_MESSAGES/xournalpp.mo
xournalpp/usr/share/locale/da/
xournalpp/usr/share/locale/da/LC_MESSAGES/
xournalpp/usr/share/locale/da/LC_MESSAGES/xournalpp.mo
xournalpp/usr/share/locale/ru/
xournalpp/usr/share/locale/ru/LC_MESSAGES/
xournalpp/usr/share/locale/ru/LC_MESSAGES/xournalpp.mo
xournalpp/usr/share/locale/si_LK/
xournalpp/usr/share/locale/si_LK/LC_MESSAGES/
xournalpp/usr/share/locale/si_LK/LC_MESSAGES/xournalpp.mo
xournalpp/usr/share/locale/ja/
xournalpp/usr/share/locale/ja/LC_MESSAGES/
xournalpp/usr/share/locale/ja/LC_MESSAGES/xournalpp.mo
xournalpp/usr/share/locale/cs/
xournalpp/usr/share/locale/cs/LC_MESSAGES/
xournalpp/usr/share/locale/cs/LC_MESSAGES/xournalpp.mo
xournalpp/usr/share/locale/pt_BR/
xournalpp/usr/share/locale/pt_BR/LC_MESSAGES/
xournalpp/usr/share/locale/pt_BR/LC_MESSAGES/xournalpp.mo
xournalpp/usr/share/locale/hu/
xournalpp/usr/share/locale/hu/LC_MESSAGES/
xournalpp/usr/share/locale/hu/LC_MESSAGES/xournalpp.mo
xournalpp/usr/share/locale/tr/
xournalpp/usr/share/locale/tr/LC_MESSAGES/
xournalpp/usr/share/locale/tr/LC_MESSAGES/xournalpp.mo
xournalpp/usr/share/locale/zh_HK/
xournalpp/usr/share/locale/zh_HK/LC_MESSAGES/
xournalpp/usr/share/locale/zh_HK/LC_MESSAGES/xournalpp.mo
xournalpp/usr/share/locale/eu/
xournalpp/usr/share/locale/eu/LC_MESSAGES/
xournalpp/usr/share/locale/eu/LC_MESSAGES/xournalpp.mo
xournalpp/usr/share/locale/ta_IN/
xournalpp/usr/share/locale/ta_IN/LC_MESSAGES/
xournalpp/usr/share/locale/ta_IN/LC_MESSAGES/xournalpp.mo
xournalpp/usr/share/locale/pt_PT/
xournalpp/usr/share/locale/pt_PT/LC_MESSAGES/
xournalpp/usr/share/locale/pt_PT/LC_MESSAGES/xournalpp.mo
xournalpp/usr/share/locale/el/
xournalpp/usr/share/locale/el/LC_MESSAGES/
xournalpp/usr/share/locale/el/LC_MESSAGES/xournalpp.mo
xournalpp/usr/share/locale/zh/
xournalpp/usr/share/locale/zh/LC_MESSAGES/
xournalpp/usr/share/locale/zh/LC_MESSAGES/xournalpp.mo
xournalpp/usr/share/locale/no/
xournalpp/usr/share/locale/no/LC_MESSAGES/
xournalpp/usr/share/locale/no/LC_MESSAGES/xournalpp.mo
xournalpp/usr/share/locale/sv/
xournalpp/usr/share/locale/sv/LC_MESSAGES/
xournalpp/usr/share/locale/sv/LC_MESSAGES/xournalpp.mo
xournalpp/usr/share/locale/it/
xournalpp/usr/share/locale/it/LC_MESSAGES/
xournalpp/usr/share/locale/it/LC_MESSAGES/xournalpp.mo
xournalpp/usr/share/locale/de/
xournalpp/usr/share/locale/de/LC_MESSAGES/
xournalpp/usr/share/locale/de/LC_MESSAGES/xournalpp.mo
xournalpp/usr/share/locale/sl_SI/
xournalpp/usr/share/locale/sl_SI/LC_MESSAGES/
xournalpp/usr/share/locale/sl_SI/LC_MESSAGES/xournalpp.mo
xournalpp/usr/share/locale/ml_IN/
xournalpp/usr/share/locale/ml_IN/LC_MESSAGES/
xournalpp/usr/share/locale/ml_IN/LC_MESSAGES/xournalpp.mo
xournalpp/usr/share/locale/gl/
xournalpp/usr/share/locale/gl/LC_MESSAGES/
xournalpp/usr/share/locale/gl/LC_MESSAGES/xournalpp.mo
xournalpp/usr/share/icons/
xournalpp/usr/share/icons/hicolor/
xournalpp/usr/share/icons/hicolor/scalable/
xournalpp/usr/share/icons/hicolor/scalable/mimetypes/
xournalpp/usr/share/icons/hicolor/scalable/mimetypes/gnome-mime-application-x-xopt.svg
xournalpp/usr/share/icons/hicolor/scalable/mimetypes/application-x-xopt.svg
xournalpp/usr/share/icons/hicolor/scalable/mimetypes/application-x-xopp.svg
xournalpp/usr/share/icons/hicolor/scalable/mimetypes/gnome-mime-application-x-xopp.svg
xournalpp/usr/share/icons/hicolor/scalable/mimetypes/application-x-xojpp.svg
xournalpp/usr/share/icons/hicolor/scalable/apps/
xournalpp/usr/share/icons/hicolor/scalable/apps/com.github.xournalpp.xournalpp.svg
xournalpp/usr/share/thumbnailers/
xournalpp/usr/share/thumbnailers/com.github.xournalpp.xournalpp.thumbnailer
xournalpp/usr/share/mime/
xournalpp/usr/share/mime/packages/
xournalpp/usr/share/mime/packages/com.github.xournalpp.xournalpp.xml
xournalpp/usr/share/metainfo/
xournalpp/usr/share/metainfo/com.github.xournalpp.xournalpp.appdata.xml
xournalpp/usr/share/applications/
xournalpp/usr/share/applications/com.github.xournalpp.xournalpp.desktop
xournalpp/usr/share/xournalpp/
xournalpp/usr/share/xournalpp/ui/
xournalpp/usr/share/xournalpp/ui/latexSettings.glade
xournalpp/usr/share/xournalpp/ui/pluginEntry.glade
xournalpp/usr/share/xournalpp/ui/pixmaps/
xournalpp/usr/share/xournalpp/ui/pixmaps/gnome-mime-application-x-xopt.svg
xournalpp/usr/share/xournalpp/ui/pixmaps/application-x-xopt.svg
xournalpp/usr/share/xournalpp/ui/pixmaps/com.github.xournalpp.xournalpp.svg
xournalpp/usr/share/xournalpp/ui/pixmaps/xopt.svg
xournalpp/usr/share/xournalpp/ui/pixmaps/application-x-xopp.svg
xournalpp/usr/share/xournalpp/ui/pixmaps/gnome-mime-application-x-xopp.svg
xournalpp/usr/share/xournalpp/ui/pixmaps/application-x-xojpp.svg
xournalpp/usr/share/xournalpp/ui/pixmaps/com.github.xournalpp.xournalpp.png
xournalpp/usr/share/xournalpp/ui/iconsColor-dark/
xournalpp/usr/share/xournalpp/ui/iconsColor-dark/hicolor/
xournalpp/usr/share/xournalpp/ui/iconsColor-dark/hicolor/index.theme
xournalpp/usr/share/xournalpp/ui/iconsColor-dark/hicolor/24x24/
xournalpp/usr/share/xournalpp/ui/iconsColor-dark/hicolor/24x24/actions/
xournalpp/usr/share/xournalpp/ui/iconsColor-dark/hicolor/24x24/actions/xopp-page-spinner.svg
xournalpp/usr/share/xournalpp/ui/iconsColor-dark/hicolor/scalable/
xournalpp/usr/share/xournalpp/ui/iconsColor-dark/hicolor/scalable/actions/
xournalpp/usr/share/xournalpp/ui/iconsColor-dark/hicolor/scalable/actions/xopp-thickness-thicker.svg
xournalpp/usr/share/xournalpp/ui/iconsColor-dark/hicolor/scalable/actions/xopp-document-export-pdf.svg
xournalpp/usr/share/xournalpp/ui/iconsColor-dark/hicolor/scalable/actions/xopp-page-delete.svg
xournalpp/usr/share/xournalpp/ui/iconsColor-dark/hicolor/scalable/actions/xopp-select-rect.svg
xournalpp/usr/share/xournalpp/ui/iconsColor-dark/hicolor/scalable/actions/xopp-edit-undo.svg
xournalpp/usr/share/xournalpp/ui/iconsColor-dark/hicolor/scalable/actions/xopp-select-multilayer-rect.svg
xournalpp/usr/share/xournalpp/ui/iconsColor-dark/hicolor/scalable/actions/xopp-shape-recognizer.svg
xournalpp/usr/share/xournalpp/ui/iconsColor-dark/hicolor/scalable/actions/xopp-thickness-finer.svg
xournalpp/usr/share/xournalpp/ui/iconsColor-dark/hicolor/scalable/actions/xopp-tool-highlighter.svg
xournalpp/usr/share/xournalpp/ui/iconsColor-dark/hicolor/scalable/actions/xopp-line-style-plain.svg
xournalpp/usr/share/xournalpp/ui/iconsColor-dark/hicolor/scalable/actions/xopp-snapping-rotation.svg
xournalpp/usr/share/xournalpp/ui/iconsColor-dark/hicolor/scalable/actions/xopp-document-save.svg
xournalpp/usr/share/xournalpp/ui/iconsColor-dark/hicolor/scalable/actions/xopp-sidebar-index.svg
xournalpp/usr/share/xournalpp/ui/iconsColor-dark/hicolor/scalable/actions/xopp-compass.svg
xournalpp/usr/share/xournalpp/ui/iconsColor-dark/hicolor/scalable/actions/xopp-combo-drawing-type.svg
xournalpp/usr/share/xournalpp/ui/iconsColor-dark/hicolor/scalable/actions/xopp-zoom-slider.svg
xournalpp/usr/share/xournalpp/ui/iconsColor-dark/hicolor/scalable/actions/xopp-combo-selection.svg
xournalpp/usr/share/xournalpp/ui/iconsColor-dark/hicolor/scalable/actions/xopp-floating-toolbox.svg
xournalpp/usr/share/xournalpp/ui/iconsColor-dark/hicolor/scalable/actions/xopp-line-style-dot.svg
xournalpp/usr/share/xournalpp/ui/iconsColor-dark/hicolor/scalable/actions/xopp-sidebar-page-preview.svg
xournalpp/usr/share/xournalpp/ui/iconsColor-dark/hicolor/scalable/actions/xopp-transparent.svg
xournalpp/usr/share/xournalpp/ui/iconsColor-dark/hicolor/scalable/actions/xopp-line-style-dash.svg
xournalpp/usr/share/xournalpp/ui/iconsColor-dark/hicolor/scalable/actions/xopp-show-paired-pages.svg
xournalpp/usr/share/xournalpp/ui/iconsColor-dark/hicolor/scalable/actions/xopp-fill.svg
xournalpp/usr/share/xournalpp/ui/iconsColor-dark/hicolor/scalable/actions/xopp-draw-spline.svg
xournalpp/usr/share/xournalpp/ui/iconsColor-dark/hicolor/scalable/actions/xopp-combo-layer.svg
xournalpp/usr/share/xournalpp/ui/iconsColor-dark/hicolor/scalable/actions/xopp-document-new.svg
xournalpp/usr/share/xournalpp/ui/iconsColor-dark/hicolor/scalable/actions/xopp-edit-redo.svg
xournalpp/usr/share/xournalpp/ui/iconsColor-dark/hicolor/scalable/actions/xopp-audio-seek-forwards.svg
xournalpp/usr/share/xournalpp/ui/iconsColor-dark/hicolor/scalable/actions/xopp-hand.svg
xournalpp/usr/share/xournalpp/ui/iconsColor-dark/hicolor/scalable/actions/xopp-line-style-dash-dot.svg
xournalpp/usr/share/xournalpp/ui/iconsColor-dark/hicolor/scalable/actions/xopp-object-play.svg
xournalpp/usr/share/xournalpp/ui/iconsColor-dark/hicolor/scalable/actions/xopp-draw-arrow.svg
xournalpp/usr/share/xournalpp/ui/iconsColor-dark/hicolor/scalable/actions/xopp-tool-eraser.svg
xournalpp/usr/share/xournalpp/ui/iconsColor-dark/hicolor/scalable/actions/xopp-tool-math-tex.svg
xournalpp/usr/share/xournalpp/ui/iconsColor-dark/hicolor/scalable/actions/xopp-page-annotated-next.svg
xournalpp/usr/share/xournalpp/ui/iconsColor-dark/hicolor/scalable/actions/xopp-presentation-mode.svg
xournalpp/usr/share/xournalpp/ui/iconsColor-dark/hicolor/scalable/actions/xopp-sidebar-layer.svg
xournalpp/usr/share/xournalpp/ui/iconsColor-dark/hicolor/scalable/actions/xopp-draw-coordinate-system.svg
xournalpp/usr/share/xournalpp/ui/iconsColor-dark/hicolor/scalable/actions/xopp-select-lasso.svg
xournalpp/usr/share/xournalpp/ui/iconsColor-dark/hicolor/scalable/actions/xopp-spacer.svg
xournalpp/usr/share/xournalpp/ui/iconsColor-dark/hicolor/scalable/actions/xopp-object-select.svg
xournalpp/usr/share/xournalpp/ui/iconsColor-dark/hicolor/scalable/actions/xopp-page-add.svg
xournalpp/usr/share/xournalpp/ui/iconsColor-dark/hicolor/scalable/actions/xopp-thickness-medium.svg
xournalpp/usr/share/xournalpp/ui/iconsColor-dark/hicolor/scalable/actions/xopp-toolbars-manage.svg
xournalpp/usr/share/xournalpp/ui/iconsColor-dark/hicolor/scalable/actions/xopp-select-multilayer-lasso.svg
xournalpp/usr/share/xournalpp/ui/iconsColor-dark/hicolor/scalable/actions/xopp-edit-copy.svg
xournalpp/usr/share/xournalpp/ui/iconsColor-dark/hicolor/scalable/actions/xopp-draw-line.svg
xournalpp/usr/share/xournalpp/ui/iconsColor-dark/hicolor/scalable/actions/xopp-audio-record.svg
xournalpp/usr/share/xournalpp/ui/iconsColor-dark/hicolor/scalable/actions/xopp-draw-double-arrow.svg
xournalpp/usr/share/xournalpp/ui/iconsColor-dark/hicolor/scalable/actions/xopp-edit-paste.svg
xournalpp/usr/share/xournalpp/ui/iconsColor-dark/hicolor/scalable/actions/xopp-tool-image.svg
xournalpp/usr/share/xournalpp/ui/iconsColor-dark/hicolor/scalable/actions/xopp-edit-cut.svg
xournalpp/usr/share/xournalpp/ui/iconsColor-dark/hicolor/scalable/actions/xopp-sidebar-layerstack.svg
xournalpp/usr/share/xournalpp/ui/iconsColor-dark/hicolor/scalable/actions/xopp-tool-text.svg
xournalpp/usr/share/xournalpp/ui/iconsColor-dark/hicolor/scalable/actions/xopp-default.svg
xournalpp/usr/share/xournalpp/ui/iconsColor-dark/hicolor/scalable/actions/xopp-document-print.svg
xournalpp/usr/share/xournalpp/ui/iconsColor-dark/hicolor/scalable/actions/xopp-tool-pencil.svg
xournalpp/usr/share/xournalpp/ui/iconsColor-dark/hicolor/scalable/actions/xopp-draw-ellipse.svg
xournalpp/usr/share/xournalpp/ui/iconsColor-dark/hicolor/scalable/actions/xopp-go-to.svg
xournalpp/usr/share/xournalpp/ui/iconsColor-dark/hicolor/scalable/actions/xopp-thickness-thick.svg
xournalpp/usr/share/xournalpp/ui/iconsColor-dark/hicolor/scalable/actions/xopp-toolbars-customize.svg
xournalpp/usr/share/xournalpp/ui/iconsColor-dark/hicolor/scalable/actions/xopp-pen-fill-opacity.svg
xournalpp/usr/share/xournalpp/ui/iconsColor-dark/hicolor/scalable/actions/xopp-audio-playback-stop.svg
xournalpp/usr/share/xournalpp/ui/iconsColor-dark/hicolor/scalable/actions/xopp-setsquare.svg
xournalpp/usr/share/xournalpp/ui/iconsColor-dark/hicolor/scalable/actions/xopp-fullscreen.svg
xournalpp/usr/share/xournalpp/ui/iconsColor-dark/hicolor/scalable/actions/xopp-draw-rect.svg
xournalpp/usr/share/xournalpp/ui/iconsColor-dark/hicolor/scalable/actions/xopp-snapping-grid.svg
xournalpp/usr/share/xournalpp/ui/iconsColor-dark/hicolor/scalable/actions/xopp-audio-seek-backwards.svg
xournalpp/usr/share/xournalpp/ui/iconsColor-dark/hicolor/scalable/actions/xopp-document-open.svg
xournalpp/usr/share/xournalpp/ui/iconsColor-dark/hicolor/scalable/actions/xopp-audio-playback-pause.svg
xournalpp/usr/share/xournalpp/ui/iconsColor-dark/hicolor/scalable/actions/xopp-thickness-fine.svg
xournalpp/usr/share/xournalpp/ui/iconsColor-light/
xournalpp/usr/share/xournalpp/ui/iconsColor-light/hicolor/
xournalpp/usr/share/xournalpp/ui/iconsColor-light/hicolor/index.theme
xournalpp/usr/share/xournalpp/ui/iconsColor-light/hicolor/scalable/
xournalpp/usr/share/xournalpp/ui/iconsColor-light/hicolor/scalable/actions/
xournalpp/usr/share/xournalpp/ui/iconsColor-light/hicolor/scalable/actions/xopp-thickness-thicker.svg
xournalpp/usr/share/xournalpp/ui/iconsColor-light/hicolor/scalable/actions/xopp-thickness-finer.svg
xournalpp/usr/share/xournalpp/ui/iconsColor-light/hicolor/scalable/actions/xopp-line-style-plain.svg
xournalpp/usr/share/xournalpp/ui/iconsColor-light/hicolor/scalable/actions/xopp-snapping-rotation.svg
xournalpp/usr/share/xournalpp/ui/iconsColor-light/hicolor/scalable/actions/xopp-combo-drawing-type.svg
xournalpp/usr/share/xournalpp/ui/iconsColor-light/hicolor/scalable/actions/xopp-line-style-dot.svg
xournalpp/usr/share/xournalpp/ui/iconsColor-light/hicolor/scalable/actions/xopp-line-style-dash.svg
xournalpp/usr/share/xournalpp/ui/iconsColor-light/hicolor/scalable/actions/xopp-draw-spline.svg
xournalpp/usr/share/xournalpp/ui/iconsColor-light/hicolor/scalable/actions/xopp-combo-layer.svg
xournalpp/usr/share/xournalpp/ui/iconsColor-light/hicolor/scalable/actions/xopp-line-style-dash-dot.svg
xournalpp/usr/share/xournalpp/ui/iconsColor-light/hicolor/scalable/actions/xopp-draw-arrow.svg
xournalpp/usr/share/xournalpp/ui/iconsColor-light/hicolor/scalable/actions/xopp-tool-math-tex.svg
xournalpp/usr/share/xournalpp/ui/iconsColor-light/hicolor/scalable/actions/xopp-presentation-mode.svg
xournalpp/usr/share/xournalpp/ui/iconsColor-light/hicolor/scalable/actions/xopp-sidebar-layer.svg
xournalpp/usr/share/xournalpp/ui/iconsColor-light/hicolor/scalable/actions/xopp-draw-coordinate-system.svg
xournalpp/usr/share/xournalpp/ui/iconsColor-light/hicolor/scalable/actions/xopp-thickness-medium.svg
xournalpp/usr/share/xournalpp/ui/iconsColor-light/hicolor/scalable/actions/xopp-draw-line.svg
xournalpp/usr/share/xournalpp/ui/iconsColor-light/hicolor/scalable/actions/xopp-draw-double-arrow.svg
xournalpp/usr/share/xournalpp/ui/iconsColor-light/hicolor/scalable/actions/xopp-select-pdf-text-area.svg
xournalpp/usr/share/xournalpp/ui/iconsColor-light/hicolor/scalable/actions/xopp-sidebar-layerstack.svg
xournalpp/usr/share/xournalpp/ui/iconsColor-light/hicolor/scalable/actions/xopp-tool-text.svg
xournalpp/usr/share/xournalpp/ui/iconsColor-light/hicolor/scalable/actions/xopp-draw-ellipse.svg
xournalpp/usr/share/xournalpp/ui/iconsColor-light/hicolor/scalable/actions/xopp-thickness-thick.svg
xournalpp/usr/share/xournalpp/ui/iconsColor-light/hicolor/scalable/actions/xopp-draw-rect.svg
xournalpp/usr/share/xournalpp/ui/iconsColor-light/hicolor/scalable/actions/xopp-select-pdf-text-ht.svg
xournalpp/usr/share/xournalpp/ui/iconsColor-light/hicolor/scalable/actions/xopp-thickness-fine.svg
xournalpp/usr/share/xournalpp/ui/fillOpacity.glade
xournalpp/usr/share/xournalpp/ui/about.glade
xournalpp/usr/share/xournalpp/ui/toolbarManageDialog.glade
xournalpp/usr/share/xournalpp/ui/plugin.glade
xournalpp/usr/share/xournalpp/ui/images.glade
xournalpp/usr/share/xournalpp/ui/pagetemplates.ini
xournalpp/usr/share/xournalpp/ui/renameLayerDialog.glade
xournalpp/usr/share/xournalpp/ui/exportSettings.glade
xournalpp/usr/share/xournalpp/ui/settingsLanguageConfig.glade
xournalpp/usr/share/xournalpp/ui/xournalpp.css
xournalpp/usr/share/xournalpp/ui/main.glade
xournalpp/usr/share/xournalpp/ui/settings.glade
xournalpp/usr/share/xournalpp/ui/pdfpages.glade
xournalpp/usr/share/xournalpp/ui/pageTemplate.glade
xournalpp/usr/share/xournalpp/ui/pagesize.glade
xournalpp/usr/share/xournalpp/ui/goto.glade
xournalpp/usr/share/xournalpp/ui/toolbar.ini
xournalpp/usr/share/xournalpp/ui/texdialog.glade
xournalpp/usr/share/xournalpp/ui/README.md
xournalpp/usr/share/xournalpp/ui/iconsLucide-light/
xournalpp/usr/share/xournalpp/ui/iconsLucide-light/hicolor/
xournalpp/usr/share/xournalpp/ui/iconsLucide-light/hicolor/index.theme
xournalpp/usr/share/xournalpp/ui/iconsLucide-light/hicolor/scalable/
xournalpp/usr/share/xournalpp/ui/iconsLucide-light/hicolor/scalable/actions/
xournalpp/usr/share/xournalpp/ui/iconsLucide-light/hicolor/scalable/actions/xopp-thickness-thicker.svg
xournalpp/usr/share/xournalpp/ui/iconsLucide-light/hicolor/scalable/actions/xopp-document-export-pdf.svg
xournalpp/usr/share/xournalpp/ui/iconsLucide-light/hicolor/scalable/actions/xopp-page-delete.svg
xournalpp/usr/share/xournalpp/ui/iconsLucide-light/hicolor/scalable/actions/xopp-select-rect.svg
xournalpp/usr/share/xournalpp/ui/iconsLucide-light/hicolor/scalable/actions/xopp-edit-undo.svg
xournalpp/usr/share/xournalpp/ui/iconsLucide-light/hicolor/scalable/actions/xopp-shape-recognizer.svg
xournalpp/usr/share/xournalpp/ui/iconsLucide-light/hicolor/scalable/actions/xopp-thickness-finer.svg
xournalpp/usr/share/xournalpp/ui/iconsLucide-light/hicolor/scalable/actions/xopp-tool-highlighter.svg
xournalpp/usr/share/xournalpp/ui/iconsLucide-light/hicolor/scalable/actions/xopp-line-style-plain.svg
xournalpp/usr/share/xournalpp/ui/iconsLucide-light/hicolor/scalable/actions/xopp-snapping-rotation.svg
xournalpp/usr/share/xournalpp/ui/iconsLucide-light/hicolor/scalable/actions/xopp-document-save.svg
xournalpp/usr/share/xournalpp/ui/iconsLucide-light/hicolor/scalable/actions/xopp-sidebar-index.svg
xournalpp/usr/share/xournalpp/ui/iconsLucide-light/hicolor/scalable/actions/xopp-compass.svg
xournalpp/usr/share/xournalpp/ui/iconsLucide-light/hicolor/scalable/actions/xopp-combo-drawing-type.svg
xournalpp/usr/share/xournalpp/ui/iconsLucide-light/hicolor/scalable/actions/xopp-zoom-slider.svg
xournalpp/usr/share/xournalpp/ui/iconsLucide-light/hicolor/scalable/actions/xopp-combo-selection.svg
xournalpp/usr/share/xournalpp/ui/iconsLucide-light/hicolor/scalable/actions/xopp-floating-toolbox.svg
xournalpp/usr/share/xournalpp/ui/iconsLucide-light/hicolor/scalable/actions/xopp-line-style-dot.svg
xournalpp/usr/share/xournalpp/ui/iconsLucide-light/hicolor/scalable/actions/xopp-sidebar-page-preview.svg
xournalpp/usr/share/xournalpp/ui/iconsLucide-light/hicolor/scalable/actions/xopp-transparent.svg
xournalpp/usr/share/xournalpp/ui/iconsLucide-light/hicolor/scalable/actions/xopp-line-style-dash.svg
xournalpp/usr/share/xournalpp/ui/iconsLucide-light/hicolor/scalable/actions/xopp-show-paired-pages.svg
xournalpp/usr/share/xournalpp/ui/iconsLucide-light/hicolor/scalable/actions/xopp-fill.svg
xournalpp/usr/share/xournalpp/ui/iconsLucide-light/hicolor/scalable/actions/xopp-draw-spline.svg
xournalpp/usr/share/xournalpp/ui/iconsLucide-light/hicolor/scalable/actions/xopp-combo-layer.svg
xournalpp/usr/share/xournalpp/ui/iconsLucide-light/hicolor/scalable/actions/xopp-document-new.svg
xournalpp/usr/share/xournalpp/ui/iconsLucide-light/hicolor/scalable/actions/xopp-edit-redo.svg
xournalpp/usr/share/xournalpp/ui/iconsLucide-light/hicolor/scalable/actions/xopp-audio-seek-forwards.svg
xournalpp/usr/share/xournalpp/ui/iconsLucide-light/hicolor/scalable/actions/xopp-hand.svg
xournalpp/usr/share/xournalpp/ui/iconsLucide-light/hicolor/scalable/actions/xopp-line-style-dash-dot.svg
xournalpp/usr/share/xournalpp/ui/iconsLucide-light/hicolor/scalable/actions/xopp-object-play.svg
xournalpp/usr/share/xournalpp/ui/iconsLucide-light/hicolor/scalable/actions/xopp-draw-arrow.svg
xournalpp/usr/share/xournalpp/ui/iconsLucide-light/hicolor/scalable/actions/xopp-tool-eraser.svg
xournalpp/usr/share/xournalpp/ui/iconsLucide-light/hicolor/scalable/actions/xopp-tool-math-tex.svg
xournalpp/usr/share/xournalpp/ui/iconsLucide-light/hicolor/scalable/actions/xopp-page-annotated-next.svg
xournalpp/usr/share/xournalpp/ui/iconsLucide-light/hicolor/scalable/actions/xopp-presentation-mode.svg
xournalpp/usr/share/xournalpp/ui/iconsLucide-light/hicolor/scalable/actions/xopp-sidebar-layer.svg
xournalpp/usr/share/xournalpp/ui/iconsLucide-light/hicolor/scalable/actions/xopp-draw-coordinate-system.svg
xournalpp/usr/share/xournalpp/ui/iconsLucide-light/hicolor/scalable/actions/xopp-select-lasso.svg
xournalpp/usr/share/xournalpp/ui/iconsLucide-light/hicolor/scalable/actions/xopp-spacer.svg
xournalpp/usr/share/xournalpp/ui/iconsLucide-light/hicolor/scalable/actions/xopp-object-select.svg
xournalpp/usr/share/xournalpp/ui/iconsLucide-light/hicolor/scalable/actions/xopp-page-add.svg
xournalpp/usr/share/xournalpp/ui/iconsLucide-light/hicolor/scalable/actions/xopp-thickness-medium.svg
xournalpp/usr/share/xournalpp/ui/iconsLucide-light/hicolor/scalable/actions/xopp-toolbars-manage.svg
xournalpp/usr/share/xournalpp/ui/iconsLucide-light/hicolor/scalable/actions/xopp-edit-copy.svg
xournalpp/usr/share/xournalpp/ui/iconsLucide-light/hicolor/scalable/actions/xopp-draw-line.svg
xournalpp/usr/share/xournalpp/ui/iconsLucide-light/hicolor/scalable/actions/xopp-audio-record.svg
xournalpp/usr/share/xournalpp/ui/iconsLucide-light/hicolor/scalable/actions/xopp-select-pdf-text-area.svg
xournalpp/usr/share/xournalpp/ui/iconsLucide-light/hicolor/scalable/actions/xopp-edit-paste.svg
xournalpp/usr/share/xournalpp/ui/iconsLucide-light/hicolor/scalable/actions/xopp-tool-image.svg
xournalpp/usr/share/xournalpp/ui/iconsLucide-light/hicolor/scalable/actions/xopp-edit-cut.svg
xournalpp/usr/share/xournalpp/ui/iconsLucide-light/hicolor/scalable/actions/xopp-sidebar-layerstack.svg
xournalpp/usr/share/xournalpp/ui/iconsLucide-light/hicolor/scalable/actions/xopp-tool-text.svg
xournalpp/usr/share/xournalpp/ui/iconsLucide-light/hicolor/scalable/actions/xopp-default.svg
xournalpp/usr/share/xournalpp/ui/iconsLucide-light/hicolor/scalable/actions/xopp-document-print.svg
xournalpp/usr/share/xournalpp/ui/iconsLucide-light/hicolor/scalable/actions/xopp-tool-pencil.svg
xournalpp/usr/share/xournalpp/ui/iconsLucide-light/hicolor/scalable/actions/xopp-draw-ellipse.svg
xournalpp/usr/share/xournalpp/ui/iconsLucide-light/hicolor/scalable/actions/xopp-go-to.svg
xournalpp/usr/share/xournalpp/ui/iconsLucide-light/hicolor/scalable/actions/xopp-thickness-thick.svg
xournalpp/usr/share/xournalpp/ui/iconsLucide-light/hicolor/scalable/actions/xopp-toolbars-customize.svg
xournalpp/usr/share/xournalpp/ui/iconsLucide-light/hicolor/scalable/actions/xopp-pen-fill-opacity.svg
xournalpp/usr/share/xournalpp/ui/iconsLucide-light/hicolor/scalable/actions/xopp-audio-playback-stop.svg
xournalpp/usr/share/xournalpp/ui/iconsLucide-light/hicolor/scalable/actions/xopp-setsquare.svg
xournalpp/usr/share/xournalpp/ui/iconsLucide-light/hicolor/scalable/actions/xopp-fullscreen.svg
xournalpp/usr/share/xournalpp/ui/iconsLucide-light/hicolor/scalable/actions/xopp-draw-rect.svg
xournalpp/usr/share/xournalpp/ui/iconsLucide-light/hicolor/scalable/actions/xopp-snapping-grid.svg
xournalpp/usr/share/xournalpp/ui/iconsLucide-light/hicolor/scalable/actions/xopp-audio-seek-backwards.svg
xournalpp/usr/share/xournalpp/ui/iconsLucide-light/hicolor/scalable/actions/xopp-select-pdf-text-ht.svg
xournalpp/usr/share/xournalpp/ui/iconsLucide-light/hicolor/scalable/actions/xopp-document-open.svg
xournalpp/usr/share/xournalpp/ui/iconsLucide-light/hicolor/scalable/actions/xopp-audio-playback-pause.svg
xournalpp/usr/share/xournalpp/ui/iconsLucide-light/hicolor/scalable/actions/xopp-thickness-fine.svg
xournalpp/usr/share/xournalpp/ui/settingsButtonConfig.glade
xournalpp/usr/share/xournalpp/ui/toolbarCustomizeDialog.glade
xournalpp/usr/share/xournalpp/ui/iconsLucide-dark/
xournalpp/usr/share/xournalpp/ui/iconsLucide-dark/hicolor/
xournalpp/usr/share/xournalpp/ui/iconsLucide-dark/hicolor/index.theme
xournalpp/usr/share/xournalpp/ui/iconsLucide-dark/hicolor/24x24/
xournalpp/usr/share/xournalpp/ui/iconsLucide-dark/hicolor/24x24/actions/
xournalpp/usr/share/xournalpp/ui/iconsLucide-dark/hicolor/24x24/actions/xopp-page-spinner.svg
xournalpp/usr/share/xournalpp/ui/iconsLucide-dark/hicolor/scalable/
xournalpp/usr/share/xournalpp/ui/iconsLucide-dark/hicolor/scalable/actions/
xournalpp/usr/share/xournalpp/ui/iconsLucide-dark/hicolor/scalable/actions/xopp-thickness-thicker.svg
xournalpp/usr/share/xournalpp/ui/iconsLucide-dark/hicolor/scalable/actions/xopp-document-export-pdf.svg
xournalpp/usr/share/xournalpp/ui/iconsLucide-dark/hicolor/scalable/actions/xopp-page-delete.svg
xournalpp/usr/share/xournalpp/ui/iconsLucide-dark/hicolor/scalable/actions/xopp-select-rect.svg
xournalpp/usr/share/xournalpp/ui/iconsLucide-dark/hicolor/scalable/actions/xopp-edit-undo.svg
xournalpp/usr/share/xournalpp/ui/iconsLucide-dark/hicolor/scalable/actions/xopp-shape-recognizer.svg
xournalpp/usr/share/xournalpp/ui/iconsLucide-dark/hicolor/scalable/actions/xopp-thickness-finer.svg
xournalpp/usr/share/xournalpp/ui/iconsLucide-dark/hicolor/scalable/actions/xopp-tool-highlighter.svg
xournalpp/usr/share/xournalpp/ui/iconsLucide-dark/hicolor/scalable/actions/xopp-line-style-plain.svg
xournalpp/usr/share/xournalpp/ui/iconsLucide-dark/hicolor/scalable/actions/xopp-snapping-rotation.svg
xournalpp/usr/share/xournalpp/ui/iconsLucide-dark/hicolor/scalable/actions/xopp-document-save.svg
xournalpp/usr/share/xournalpp/ui/iconsLucide-dark/hicolor/scalable/actions/xopp-sidebar-index.svg
xournalpp/usr/share/xournalpp/ui/iconsLucide-dark/hicolor/scalable/actions/xopp-compass.svg
xournalpp/usr/share/xournalpp/ui/iconsLucide-dark/hicolor/scalable/actions/xopp-combo-drawing-type.svg
xournalpp/usr/share/xournalpp/ui/iconsLucide-dark/hicolor/scalable/actions/xopp-zoom-slider.svg
xournalpp/usr/share/xournalpp/ui/iconsLucide-dark/hicolor/scalable/actions/xopp-combo-selection.svg
xournalpp/usr/share/xournalpp/ui/iconsLucide-dark/hicolor/scalable/actions/xopp-floating-toolbox.svg
xournalpp/usr/share/xournalpp/ui/iconsLucide-dark/hicolor/scalable/actions/xopp-line-style-dot.svg
xournalpp/usr/share/xournalpp/ui/iconsLucide-dark/hicolor/scalable/actions/xopp-sidebar-page-preview.svg
xournalpp/usr/share/xournalpp/ui/iconsLucide-dark/hicolor/scalable/actions/xopp-transparent.svg
xournalpp/usr/share/xournalpp/ui/iconsLucide-dark/hicolor/scalable/actions/xopp-line-style-dash.svg
xournalpp/usr/share/xournalpp/ui/iconsLucide-dark/hicolor/scalable/actions/xopp-show-paired-pages.svg
xournalpp/usr/share/xournalpp/ui/iconsLucide-dark/hicolor/scalable/actions/xopp-fill.svg
xournalpp/usr/share/xournalpp/ui/iconsLucide-dark/hicolor/scalable/actions/xopp-draw-spline.svg
xournalpp/usr/share/xournalpp/ui/iconsLucide-dark/hicolor/scalable/actions/xopp-combo-layer.svg
xournalpp/usr/share/xournalpp/ui/iconsLucide-dark/hicolor/scalable/actions/xopp-document-new.svg
xournalpp/usr/share/xournalpp/ui/iconsLucide-dark/hicolor/scalable/actions/xopp-edit-redo.svg
xournalpp/usr/share/xournalpp/ui/iconsLucide-dark/hicolor/scalable/actions/xopp-audio-seek-forwards.svg
xournalpp/usr/share/xournalpp/ui/iconsLucide-dark/hicolor/scalable/actions/xopp-hand.svg
xournalpp/usr/share/xournalpp/ui/iconsLucide-dark/hicolor/scalable/actions/xopp-line-style-dash-dot.svg
xournalpp/usr/share/xournalpp/ui/iconsLucide-dark/hicolor/scalable/actions/xopp-object-play.svg
xournalpp/usr/share/xournalpp/ui/iconsLucide-dark/hicolor/scalable/actions/xopp-draw-arrow.svg
xournalpp/usr/share/xournalpp/ui/iconsLucide-dark/hicolor/scalable/actions/xopp-tool-eraser.svg
xournalpp/usr/share/xournalpp/ui/iconsLucide-dark/hicolor/scalable/actions/xopp-tool-math-tex.svg
xournalpp/usr/share/xournalpp/ui/iconsLucide-dark/hicolor/scalable/actions/xopp-page-annotated-next.svg
xournalpp/usr/share/xournalpp/ui/iconsLucide-dark/hicolor/scalable/actions/xopp-presentation-mode.svg
xournalpp/usr/share/xournalpp/ui/iconsLucide-dark/hicolor/scalable/actions/xopp-sidebar-layer.svg
xournalpp/usr/share/xournalpp/ui/iconsLucide-dark/hicolor/scalable/actions/xopp-draw-coordinate-system.svg
xournalpp/usr/share/xournalpp/ui/iconsLucide-dark/hicolor/scalable/actions/xopp-select-lasso.svg
xournalpp/usr/share/xournalpp/ui/iconsLucide-dark/hicolor/scalable/actions/xopp-spacer.svg
xournalpp/usr/share/xournalpp/ui/iconsLucide-dark/hicolor/scalable/actions/xopp-object-select.svg
xournalpp/usr/share/xournalpp/ui/iconsLucide-dark/hicolor/scalable/actions/xopp-page-add.svg
xournalpp/usr/share/xournalpp/ui/iconsLucide-dark/hicolor/scalable/actions/xopp-thickness-medium.svg
xournalpp/usr/share/xournalpp/ui/iconsLucide-dark/hicolor/scalable/actions/xopp-toolbars-manage.svg
xournalpp/usr/share/xournalpp/ui/iconsLucide-dark/hicolor/scalable/actions/xopp-edit-copy.svg
xournalpp/usr/share/xournalpp/ui/iconsLucide-dark/hicolor/scalable/actions/xopp-draw-line.svg
xournalpp/usr/share/xournalpp/ui/iconsLucide-dark/hicolor/scalable/actions/xopp-audio-record.svg
xournalpp/usr/share/xournalpp/ui/iconsLucide-dark/hicolor/scalable/actions/xopp-select-pdf-text-area.svg
xournalpp/usr/share/xournalpp/ui/iconsLucide-dark/hicolor/scalable/actions/xopp-edit-paste.svg
xournalpp/usr/share/xournalpp/ui/iconsLucide-dark/hicolor/scalable/actions/xopp-tool-image.svg
xournalpp/usr/share/xournalpp/ui/iconsLucide-dark/hicolor/scalable/actions/xopp-edit-cut.svg
xournalpp/usr/share/xournalpp/ui/iconsLucide-dark/hicolor/scalable/actions/xopp-sidebar-layerstack.svg
xournalpp/usr/share/xournalpp/ui/iconsLucide-dark/hicolor/scalable/actions/xopp-tool-text.svg
xournalpp/usr/share/xournalpp/ui/iconsLucide-dark/hicolor/scalable/actions/xopp-default.svg
xournalpp/usr/share/xournalpp/ui/iconsLucide-dark/hicolor/scalable/actions/xopp-document-print.svg
xournalpp/usr/share/xournalpp/ui/iconsLucide-dark/hicolor/scalable/actions/xopp-tool-pencil.svg
xournalpp/usr/share/xournalpp/ui/iconsLucide-dark/hicolor/scalable/actions/xopp-draw-ellipse.svg
xournalpp/usr/share/xournalpp/ui/iconsLucide-dark/hicolor/scalable/actions/xopp-go-to.svg
xournalpp/usr/share/xournalpp/ui/iconsLucide-dark/hicolor/scalable/actions/xopp-thickness-thick.svg
xournalpp/usr/share/xournalpp/ui/iconsLucide-dark/hicolor/scalable/actions/xopp-toolbars-customize.svg
xournalpp/usr/share/xournalpp/ui/iconsLucide-dark/hicolor/scalable/actions/xopp-pen-fill-opacity.svg
xournalpp/usr/share/xournalpp/ui/iconsLucide-dark/hicolor/scalable/actions/xopp-audio-playback-stop.svg
xournalpp/usr/share/xournalpp/ui/iconsLucide-dark/hicolor/scalable/actions/xopp-setsquare.svg
xournalpp/usr/share/xournalpp/ui/iconsLucide-dark/hicolor/scalable/actions/xopp-fullscreen.svg
xournalpp/usr/share/xournalpp/ui/iconsLucide-dark/hicolor/scalable/actions/xopp-draw-rect.svg
xournalpp/usr/share/xournalpp/ui/iconsLucide-dark/hicolor/scalable/actions/xopp-snapping-grid.svg
xournalpp/usr/share/xournalpp/ui/iconsLucide-dark/hicolor/scalable/actions/xopp-audio-seek-backwards.svg
xournalpp/usr/share/xournalpp/ui/iconsLucide-dark/hicolor/scalable/actions/xopp-select-pdf-text-ht.svg
xournalpp/usr/share/xournalpp/ui/iconsLucide-dark/hicolor/scalable/actions/xopp-document-open.svg
xournalpp/usr/share/xournalpp/ui/iconsLucide-dark/hicolor/scalable/actions/xopp-audio-playback-pause.svg
xournalpp/usr/share/xournalpp/ui/iconsLucide-dark/hicolor/scalable/actions/xopp-thickness-fine.svg
xournalpp/usr/share/xournalpp/ui/settingsDeviceClassConfig.glade
xournalpp/usr/share/xournalpp/resources/
xournalpp/usr/share/xournalpp/resources/legacy_template.tex
xournalpp/usr/share/xournalpp/resources/default_template.tex
xournalpp/usr/share/xournalpp/plugins/
xournalpp/usr/share/xournalpp/plugins/Example/
xournalpp/usr/share/xournalpp/plugins/Example/main.lua
xournalpp/usr/share/xournalpp/plugins/Example/var_dump.lua
xournalpp/usr/share/xournalpp/plugins/Example/plugin.ini
xournalpp/usr/share/xournalpp/plugins/ToggleGrid/
xournalpp/usr/share/xournalpp/plugins/ToggleGrid/togglegrid.lua
xournalpp/usr/share/xournalpp/plugins/ToggleGrid/plugin.ini
xournalpp/usr/share/xournalpp/plugins/Export/
xournalpp/usr/share/xournalpp/plugins/Export/main.lua
xournalpp/usr/share/xournalpp/plugins/Export/plugin.ini
xournalpp/usr/share/xournalpp/plugins/QuickScreenshot/
xournalpp/usr/share/xournalpp/plugins/QuickScreenshot/main.lua
xournalpp/usr/share/xournalpp/plugins/QuickScreenshot/plugin.ini
xournalpp/usr/share/xournalpp/plugins/MigrateFontSizes/
xournalpp/usr/share/xournalpp/plugins/MigrateFontSizes/main.lua
xournalpp/usr/share/xournalpp/plugins/MigrateFontSizes/plugin.ini
xournalpp/usr/share/xournalpp/plugins/MigrateFontSizes/dialog.glade
xournalpp/usr/share/xournalpp/plugins/ColorCycle/
xournalpp/usr/share/xournalpp/plugins/ColorCycle/main.lua
xournalpp/usr/share/xournalpp/plugins/ColorCycle/plugin.ini
xournalpp/usr/share/xournalpp/plugins/HighlightPosition/
xournalpp/usr/share/xournalpp/plugins/HighlightPosition/main.lua
xournalpp/usr/share/xournalpp/plugins/HighlightPosition/plugin.ini
xournalpp/usr/share/xournalpp/plugins/LayerActions/
xournalpp/usr/share/xournalpp/plugins/LayerActions/main.lua
xournalpp/usr/share/xournalpp/plugins/LayerActions/plugin.ini
xournalpp/usr/bin/
xournalpp/usr/bin/xournalpp-thumbnailer
xournalpp/usr/bin/xournalpp
xournalpp/version
xournalpp/depends
xournalpp/make-depends
