--2025-09-16 08:24:56--  https://download.gnome.org/sources/libgweather/4.4/libgweather-4.4.4.tar.xz
Resolving download.gnome.org (download.gnome.org)... 2a02:6ea0:c400::54, 2a02:6ea0:c400::53, 79.127.206.235, ...
Connecting to download.gnome.org (download.gnome.org)|2a02:6ea0:c400::54|:443... connected.
HTTP request sent, awaiting response... 200 OK
Length: 2843040 (2.7M) [application/octet-stream]
Saving to: 'libgweather-4.4.4.tar.xz'

     0K .......... .......... .......... .......... ..........  1% 4.00M 1s
    50K .......... .......... .......... .......... ..........  3% 11.0M 0s
   100K .......... .......... .......... .......... ..........  5% 11.5M 0s
   150K .......... .......... .......... .......... ..........  7% 16.7M 0s
   200K .......... .......... .......... .......... ..........  9% 24.7M 0s
   250K .......... .......... .......... .......... .......... 10% 28.2M 0s
   300K .......... .......... .......... .......... .......... 12% 42.6M 0s
   350K .......... .......... .......... .......... .......... 14% 21.4M 0s
   400K .......... .......... .......... .......... .......... 16% 46.6M 0s
   450K .......... .......... .......... .......... .......... 18% 64.3M 0s
   500K .......... .......... .......... .......... .......... 19% 51.3M 0s
   550K .......... .......... .......... .......... .......... 21% 48.4M 0s
   600K .......... .......... .......... .......... .......... 23% 58.8M 0s
   650K .......... .......... .......... .......... .......... 25% 68.7M 0s
   700K .......... .......... .......... .......... .......... 27% 79.2M 0s
   750K .......... .......... .......... .......... .......... 28% 24.9M 0s
   800K .......... .......... .......... .......... .......... 30% 89.0M 0s
   850K .......... .......... .......... .......... .......... 32% 16.1M 0s
   900K .......... .......... .......... .......... .......... 34%  102M 0s
   950K .......... .......... .......... .......... .......... 36%  127M 0s
  1000K .......... .......... .......... .......... .......... 37% 14.2M 0s
  1050K .......... .......... .......... .......... .......... 39%  115M 0s
  1100K .......... .......... .......... .......... .......... 41%  115M 0s
  1150K .......... .......... .......... .......... .......... 43% 11.4M 0s
  1200K .......... .......... .......... .......... .......... 45%  128M 0s
  1250K .......... .......... .......... .......... .......... 46%  115M 0s
  1300K .......... .......... .......... .......... .......... 48% 11.0M 0s
  1350K .......... .......... .......... .......... .......... 50%  116M 0s
  1400K .......... .......... .......... .......... .......... 52%  114M 0s
  1450K .......... .......... .......... .......... .......... 54% 12.6M 0s
  1500K .......... .......... .......... .......... .......... 55%  116M 0s
  1550K .......... .......... .......... .......... .......... 57% 11.4M 0s
  1600K .......... .......... .......... .......... .......... 59%  112M 0s
  1650K .......... .......... .......... .......... .......... 61%  117M 0s
  1700K .......... .......... .......... .......... .......... 63% 9.73M 0s
  1750K .......... .......... .......... .......... .......... 64%  115M 0s
  1800K .......... .......... .......... .......... .......... 66%  108M 0s
  1850K .......... .......... .......... .......... .......... 68% 9.78M 0s
  1900K .......... .......... .......... .......... .......... 70%  132M 0s
  1950K .......... .......... .......... .......... .......... 72% 93.6M 0s
  2000K .......... .......... .......... .......... .......... 73% 10.9M 0s
  2050K .......... .......... .......... .......... .......... 75% 84.8M 0s
  2100K .......... .......... .......... .......... .......... 77%  176M 0s
  2150K .......... .......... .......... .......... .......... 79% 10.8M 0s
  2200K .......... .......... .......... .......... .......... 81% 82.6M 0s
  2250K .......... .......... .......... .......... .......... 82%  177M 0s
  2300K .......... .......... .......... .......... .......... 84% 12.3M 0s
  2350K .......... .......... .......... .......... .......... 86% 78.3M 0s
  2400K .......... .......... .......... .......... .......... 88% 94.0M 0s
  2450K .......... .......... .......... .......... .......... 90% 12.5M 0s
  2500K .......... .......... .......... .......... .......... 91%  175M 0s
  2550K .......... .......... .......... .......... .......... 93% 93.1M 0s
  2600K .......... .......... .......... .......... .......... 95% 9.30M 0s
  2650K .......... .......... .......... .......... .......... 97%  178M 0s
  2700K .......... .......... .......... .......... .......... 99% 95.2M 0s
  2750K .......... .......... ......                          100% 6.38M=0.1s

2025-09-16 08:24:56 (24.7 MB/s) - 'libgweather-4.4.4.tar.xz' saved [2843040/2843040]

--2025-09-16 08:24:56--  https://www.linuxfromscratch.org/patches/blfs/svn/libgweather-4.4.4-upstream_fix-1.patch
Resolving www.linuxfromscratch.org (www.linuxfromscratch.org)... 208.118.68.85
Connecting to www.linuxfromscratch.org (www.linuxfromscratch.org)|208.118.68.85|:443... connected.
HTTP request sent, awaiting response... 200 OK
Length: 2171 (2.1K)
Saving to: 'libgweather-4.4.4-upstream_fix-1.patch'

     0K ..                                                    100% 3.02G=0s

2025-09-16 08:24:57 (3.02 GB/s) - 'libgweather-4.4.4-upstream_fix-1.patch' saved [2171/2171]

libgweather-4.4.4/
libgweather-4.4.4/.clang-format
libgweather-4.4.4/.editorconfig
libgweather-4.4.4/.gitignore
libgweather-4.4.4/.gitlab-ci/
libgweather-4.4.4/.gitlab-ci/gen-coverage.sh
libgweather-4.4.4/.gitlab-ci/lcovrc
libgweather-4.4.4/.gitlab-ci/run-style-check.sh
libgweather-4.4.4/.gitlab-ci/search-common-ancestor.sh
libgweather-4.4.4/.gitlab-ci.yml
libgweather-4.4.4/CONTRIBUTING.md
libgweather-4.4.4/COPYING
libgweather-4.4.4/NEWS
libgweather-4.4.4/README.md
libgweather-4.4.4/build-aux/
libgweather-4.4.4/build-aux/meson/
libgweather-4.4.4/build-aux/meson/gen_locations_variant.py
libgweather-4.4.4/data/
libgweather-4.4.4/data/Locations.xml
libgweather-4.4.4/data/locations.dtd
libgweather-4.4.4/data/locations.its
libgweather-4.4.4/data/meson.build
libgweather-4.4.4/doc/
libgweather-4.4.4/doc/adding-locations.md
libgweather-4.4.4/doc/libgweather-logo.svg
libgweather-4.4.4/doc/libgweather.toml.in
libgweather-4.4.4/doc/locations-format.md
libgweather-4.4.4/doc/meson.build
libgweather-4.4.4/doc/migrating-3to4.md
libgweather-4.4.4/doc/time-zones.md
libgweather-4.4.4/doc/urlmap.js
libgweather-4.4.4/libgweather/
libgweather-4.4.4/libgweather/GWeather-4.0.metadata
libgweather-4.4.4/libgweather/gweather-db.h
libgweather-4.4.4/libgweather/gweather-enum-types.c.tmpl
libgweather-4.4.4/libgweather/gweather-enum-types.h.tmpl
libgweather-4.4.4/libgweather/gweather-enums.h
libgweather-4.4.4/libgweather/gweather-info.c
libgweather-4.4.4/libgweather/gweather-info.h
libgweather-4.4.4/libgweather/gweather-location.c
libgweather-4.4.4/libgweather/gweather-location.h
libgweather-4.4.4/libgweather/gweather-private.c
libgweather-4.4.4/libgweather/gweather-private.h
libgweather-4.4.4/libgweather/gweather-version.h.in
libgweather-4.4.4/libgweather/gweather.c
libgweather-4.4.4/libgweather/gweather.gv
libgweather-4.4.4/libgweather/gweather.h
libgweather-4.4.4/libgweather/meson.build
libgweather-4.4.4/libgweather/tests/
libgweather-4.4.4/libgweather/tests/duplicates.c
libgweather-4.4.4/libgweather/tests/gweather-test-utils.c
libgweather-4.4.4/libgweather/tests/gweather-test-utils.h
libgweather-4.4.4/libgweather/tests/meson.build
libgweather-4.4.4/libgweather/tests/metar.c
libgweather-4.4.4/libgweather/tests/test_libgweather.c
libgweather-4.4.4/libgweather/tests/timezones.c
libgweather-4.4.4/libgweather/third-party/
libgweather-4.4.4/libgweather/third-party/kdtree.c
libgweather-4.4.4/libgweather/third-party/kdtree.h
libgweather-4.4.4/libgweather/tools/
libgweather-4.4.4/libgweather/tools/meson.build
libgweather-4.4.4/libgweather/tools/test_metar.c
libgweather-4.4.4/libgweather/tools/test_sun_moon.c
libgweather-4.4.4/libgweather/tools/test_weather.c
libgweather-4.4.4/libgweather/weather-iwin.c
libgweather-4.4.4/libgweather/weather-metar.c
libgweather-4.4.4/libgweather/weather-metno.c
libgweather-4.4.4/libgweather/weather-moon.c
libgweather-4.4.4/libgweather/weather-nws.c
libgweather-4.4.4/libgweather/weather-owm.c
libgweather-4.4.4/libgweather/weather-sun.c
libgweather-4.4.4/libgweather.doap
libgweather-4.4.4/meson.build
libgweather-4.4.4/meson_options.txt
libgweather-4.4.4/po/
libgweather-4.4.4/po/LINGUAS
libgweather-4.4.4/po/POTFILES.in
libgweather-4.4.4/po/POTFILES.skip
libgweather-4.4.4/po/ab.po
libgweather-4.4.4/po/af.po
libgweather-4.4.4/po/am.po
libgweather-4.4.4/po/ar.po
libgweather-4.4.4/po/as.po
libgweather-4.4.4/po/ast.po
libgweather-4.4.4/po/az.po
libgweather-4.4.4/po/be.po
libgweather-4.4.4/po/be@latin.po
libgweather-4.4.4/po/bg.po
libgweather-4.4.4/po/bn.po
libgweather-4.4.4/po/bn_IN.po
libgweather-4.4.4/po/br.po
libgweather-4.4.4/po/bs.po
libgweather-4.4.4/po/ca.po
libgweather-4.4.4/po/ca@valencia.po
libgweather-4.4.4/po/crh.po
libgweather-4.4.4/po/cs.po
libgweather-4.4.4/po/cy.po
libgweather-4.4.4/po/da.po
libgweather-4.4.4/po/de.po
libgweather-4.4.4/po/dz.po
libgweather-4.4.4/po/el.po
libgweather-4.4.4/po/en@shaw.po
libgweather-4.4.4/po/en_CA.po
libgweather-4.4.4/po/en_GB.po
libgweather-4.4.4/po/eo.po
libgweather-4.4.4/po/es.po
libgweather-4.4.4/po/es_AR.po
libgweather-4.4.4/po/es_CL.po
libgweather-4.4.4/po/es_CO.po
libgweather-4.4.4/po/es_CR.po
libgweather-4.4.4/po/es_DO.po
libgweather-4.4.4/po/es_EC.po
libgweather-4.4.4/po/es_ES.po
libgweather-4.4.4/po/es_GT.po
libgweather-4.4.4/po/es_HN.po
libgweather-4.4.4/po/es_MX.po
libgweather-4.4.4/po/es_NI.po
libgweather-4.4.4/po/es_PA.po
libgweather-4.4.4/po/es_PE.po
libgweather-4.4.4/po/es_PR.po
libgweather-4.4.4/po/es_SV.po
libgweather-4.4.4/po/es_UY.po
libgweather-4.4.4/po/es_VE.po
libgweather-4.4.4/po/et.po
libgweather-4.4.4/po/eu.po
libgweather-4.4.4/po/fa.po
libgweather-4.4.4/po/fi.po
libgweather-4.4.4/po/fr.po
libgweather-4.4.4/po/fur.po
libgweather-4.4.4/po/ga.po
libgweather-4.4.4/po/gd.po
libgweather-4.4.4/po/gl.po
libgweather-4.4.4/po/gu.po
libgweather-4.4.4/po/he.po
libgweather-4.4.4/po/hi.po
libgweather-4.4.4/po/hr.po
libgweather-4.4.4/po/hu.po
libgweather-4.4.4/po/hy.po
libgweather-4.4.4/po/id.po
libgweather-4.4.4/po/is.po
libgweather-4.4.4/po/it.po
libgweather-4.4.4/po/ja.po
libgweather-4.4.4/po/ka.po
libgweather-4.4.4/po/kab.po
libgweather-4.4.4/po/kk.po
libgweather-4.4.4/po/kn.po
libgweather-4.4.4/po/ko.po
libgweather-4.4.4/po/ku.po
libgweather-4.4.4/po/ky.po
libgweather-4.4.4/po/lt.po
libgweather-4.4.4/po/lv.po
libgweather-4.4.4/po/mai.po
libgweather-4.4.4/po/meson.build
libgweather-4.4.4/po/mg.po
libgweather-4.4.4/po/mk.po
libgweather-4.4.4/po/ml.po
libgweather-4.4.4/po/mn.po
libgweather-4.4.4/po/mr.po
libgweather-4.4.4/po/ms.po
libgweather-4.4.4/po/nb.po
libgweather-4.4.4/po/ne.po
libgweather-4.4.4/po/nl.po
libgweather-4.4.4/po/nn.po
libgweather-4.4.4/po/oc.po
libgweather-4.4.4/po/or.po
libgweather-4.4.4/po/pa.po
libgweather-4.4.4/po/pl.po
libgweather-4.4.4/po/pt.po
libgweather-4.4.4/po/pt_BR.po
libgweather-4.4.4/po/ro.po
libgweather-4.4.4/po/ru.po
libgweather-4.4.4/po/rw.po
libgweather-4.4.4/po/si.po
libgweather-4.4.4/po/sk.po
libgweather-4.4.4/po/sl.po
libgweather-4.4.4/po/sq.po
libgweather-4.4.4/po/sr.po
libgweather-4.4.4/po/sr@latin.po
libgweather-4.4.4/po/sv.po
libgweather-4.4.4/po/ta.po
libgweather-4.4.4/po/te.po
libgweather-4.4.4/po/th.po
libgweather-4.4.4/po/tr.po
libgweather-4.4.4/po/ug.po
libgweather-4.4.4/po/uk.po
libgweather-4.4.4/po/update.sh
libgweather-4.4.4/po/vi.po
libgweather-4.4.4/po/wa.po
libgweather-4.4.4/po/xh.po
libgweather-4.4.4/po/zh_CN.po
libgweather-4.4.4/po/zh_HK.po
libgweather-4.4.4/po/zh_TW.po
libgweather-4.4.4/po-locations/
libgweather-4.4.4/po-locations/LINGUAS
libgweather-4.4.4/po-locations/POTFILES.in
libgweather-4.4.4/po-locations/POTFILES.skip
libgweather-4.4.4/po-locations/README.translators
libgweather-4.4.4/po-locations/ab.po
libgweather-4.4.4/po-locations/ang.po
libgweather-4.4.4/po-locations/ar.po
libgweather-4.4.4/po-locations/as.po
libgweather-4.4.4/po-locations/ast.po
libgweather-4.4.4/po-locations/az.po
libgweather-4.4.4/po-locations/be.po
libgweather-4.4.4/po-locations/be@latin.po
libgweather-4.4.4/po-locations/bg.po
libgweather-4.4.4/po-locations/bn.po
libgweather-4.4.4/po-locations/bn_IN.po
libgweather-4.4.4/po-locations/br.po
libgweather-4.4.4/po-locations/bs.po
libgweather-4.4.4/po-locations/ca.po
libgweather-4.4.4/po-locations/ca@valencia.po
libgweather-4.4.4/po-locations/crh.po
libgweather-4.4.4/po-locations/cs.po
libgweather-4.4.4/po-locations/cy.po
libgweather-4.4.4/po-locations/da.po
libgweather-4.4.4/po-locations/de.po
libgweather-4.4.4/po-locations/dz.po
libgweather-4.4.4/po-locations/el.po
libgweather-4.4.4/po-locations/en@shaw.po
libgweather-4.4.4/po-locations/en_CA.po
libgweather-4.4.4/po-locations/en_GB.po
libgweather-4.4.4/po-locations/eo.po
libgweather-4.4.4/po-locations/es.po
libgweather-4.4.4/po-locations/et.po
libgweather-4.4.4/po-locations/eu.po
libgweather-4.4.4/po-locations/extract.xsl
libgweather-4.4.4/po-locations/fa.po
libgweather-4.4.4/po-locations/fi.po
libgweather-4.4.4/po-locations/fr.po
libgweather-4.4.4/po-locations/fur.po
libgweather-4.4.4/po-locations/ga.po
libgweather-4.4.4/po-locations/gd.po
libgweather-4.4.4/po-locations/gl.po
libgweather-4.4.4/po-locations/gu.po
libgweather-4.4.4/po-locations/he.po
libgweather-4.4.4/po-locations/hi.po
libgweather-4.4.4/po-locations/hr.po
libgweather-4.4.4/po-locations/hu.po
libgweather-4.4.4/po-locations/id.po
libgweather-4.4.4/po-locations/is.po
libgweather-4.4.4/po-locations/it.po
libgweather-4.4.4/po-locations/ja.po
libgweather-4.4.4/po-locations/ka.po
libgweather-4.4.4/po-locations/kab.po
libgweather-4.4.4/po-locations/kk.po
libgweather-4.4.4/po-locations/kn.po
libgweather-4.4.4/po-locations/ko.po
libgweather-4.4.4/po-locations/ku.po
libgweather-4.4.4/po-locations/ky.po
libgweather-4.4.4/po-locations/lt.po
libgweather-4.4.4/po-locations/lv.po
libgweather-4.4.4/po-locations/mai.po
libgweather-4.4.4/po-locations/meson.build
libgweather-4.4.4/po-locations/mg.po
libgweather-4.4.4/po-locations/mk.po
libgweather-4.4.4/po-locations/ml.po
libgweather-4.4.4/po-locations/mn.po
libgweather-4.4.4/po-locations/mr.po
libgweather-4.4.4/po-locations/ms.po
libgweather-4.4.4/po-locations/nb.po
libgweather-4.4.4/po-locations/nds.po
libgweather-4.4.4/po-locations/ne.po
libgweather-4.4.4/po-locations/nl.po
libgweather-4.4.4/po-locations/nn.po
libgweather-4.4.4/po-locations/oc.po
libgweather-4.4.4/po-locations/or.po
libgweather-4.4.4/po-locations/pa.po
libgweather-4.4.4/po-locations/pl.po
libgweather-4.4.4/po-locations/pt.po
libgweather-4.4.4/po-locations/pt_BR.po
libgweather-4.4.4/po-locations/regen.sh
libgweather-4.4.4/po-locations/ro.po
libgweather-4.4.4/po-locations/ru.po
libgweather-4.4.4/po-locations/rw.po
libgweather-4.4.4/po-locations/si.po
libgweather-4.4.4/po-locations/sk.po
libgweather-4.4.4/po-locations/sl.po
libgweather-4.4.4/po-locations/sq.po
libgweather-4.4.4/po-locations/sr.po
libgweather-4.4.4/po-locations/sr@latin.po
libgweather-4.4.4/po-locations/sv.po
libgweather-4.4.4/po-locations/ta.po
libgweather-4.4.4/po-locations/te.po
libgweather-4.4.4/po-locations/th.po
libgweather-4.4.4/po-locations/tr.po
libgweather-4.4.4/po-locations/ug.po
libgweather-4.4.4/po-locations/uk.po
libgweather-4.4.4/po-locations/vi.po
libgweather-4.4.4/po-locations/zh_CN.po
libgweather-4.4.4/po-locations/zh_HK.po
libgweather-4.4.4/po-locations/zh_TW.po
libgweather-4.4.4/schemas/
libgweather-4.4.4/schemas/meson.build
libgweather-4.4.4/schemas/org.gnome.GWeather4.gschema.xml
libgweather-4.4.4/subprojects/
libgweather-4.4.4/subprojects/.gitignore
libgweather-4.4.4/subprojects/gi-docgen.wrap
patching file data/Locations.xml
The Meson build system
Version: 1.7.0
Source dir: /blfs/builds/libgweather-4.4.4
Build dir: /blfs/builds/libgweather-4.4.4/build
Build type: native build
Project name: libgweather
Project version: 4.4.4
C compiler for the host machine: cc (gcc 15.2.0 "cc (GCC) 15.2.0")
C linker for the host machine: cc ld.bfd 2.45
Host machine cpu family: x86_64
Host machine cpu: x86_64
Program pylint-3 pylint3 pylint found: NO
Program python3 (gi) found: YES (/usr/bin/python3) modules: gi
Program build-aux/meson/gen_locations_variant.py found: YES (/blfs/builds/libgweather-4.4.4/build-aux/meson/gen_locations_variant.py)
Program g-ir-scanner found: YES (/usr/bin/g-ir-scanner)
Program xmllint found: YES (/usr/bin/xmllint)
Found pkg-config: YES (/usr/bin/pkg-config) 2.5.1
Build-time dependency glib-2.0 found: YES 2.84.4
Program /usr/bin/glib-mkenums found: YES (/usr/bin/glib-mkenums)
Compiler for C supports arguments -Wno-typedef-redefinition: NO 
Compiler for C supports arguments -Wno-unused-parameter: YES 
Compiler for C supports arguments -fno-strict-aliasing: YES 
Compiler for C supports arguments -Wimplicit-fallthrough: YES 
Compiler for C supports arguments -Wmisleading-indentation: YES 
Compiler for C supports arguments -Wstrict-prototypes: YES 
Compiler for C supports arguments -Wunused: YES 
Compiler for C supports arguments -Werror=format=2: YES 
Compiler for C supports arguments -Werror=implicit-function-declaration: YES 
Compiler for C supports arguments -Werror=init-self: YES 
Compiler for C supports arguments -Werror=missing-include-dirs: YES 
Checking whether type "struct tm" has member "tm_gmtoff" : YES 
Header "time.h" has symbol "timezone" : YES 
Header "langinfo.h" has symbol "_NL_MEASUREMENT_MEASUREMENT" : YES 
Configuring config.h using configuration
Configuring gweather-version.h using configuration
Run-time dependency geocode-glib-2.0 found: YES 3.26.4
Run-time dependency libsoup-3.0 found: YES 3.6.5
Run-time dependency gio-2.0 found: YES 2.84.4
Run-time dependency libxml-2.0 found: YES 2.15.0
Run-time dependency json-glib-1.0 found: YES 1.10.8
Library m found: YES
Dependency glib-2.0 found: YES 2.84.4 (cached)
Program /usr/bin/glib-mkenums found: YES (/usr/bin/glib-mkenums)
Dependency glib-2.0 found: YES 2.84.4 (cached)
Program /usr/bin/glib-mkenums found: YES (/usr/bin/glib-mkenums)
Run-time dependency vapigen found: YES 0.56.18
Run-time dependency gobject-introspection-1.0 found: YES 1.86.0
Dependency gobject-introspection-1.0 found: YES 1.86.0 (cached)
Program /usr/bin/g-ir-scanner found: YES (/usr/bin/g-ir-scanner)
Dependency gobject-introspection-1.0 found: YES 1.86.0 (cached)
Program /usr/bin/g-ir-compiler found: YES (/usr/bin/g-ir-compiler)
Program vapigen found: YES (/usr/bin/vapigen)
Program clang-format found: YES (/usr/bin/clang-format)
Run-time dependency gi-docgen found: YES 2023.3
Program gi-docgen found: YES (/usr/bin/gi-docgen)
Configuring libgweather.toml using configuration
Program msgfmt found: YES (/usr/bin/msgfmt)
Program msginit found: YES (/usr/bin/msginit)
Program msgmerge found: YES (/usr/bin/msgmerge)
Program xgettext found: YES (/usr/bin/xgettext)
Dependency gio-2.0 found: YES 2.84.4 (cached)
Program /usr/bin/glib-compile-schemas found: YES (/usr/bin/glib-compile-schemas)
Build targets in project: 225

libgweather 4.4.4

  Directories
    prefix       : /usr
    libdir       : /usr/lib
    datadir      : /usr/share
    zone info    : /usr/share/zoneinfo

  Build
    Debug        : NO
    Optimization : 3
    Use libsoup-2: NO
    Introspection: YES
    Generate VAPI: YES
    API reference: YES

  User defined options
    buildtype    : release
    gtk_doc      : true
    prefix       : /usr

Found ninja-1.13.1 at /usr/bin/ninja
[1/252] Building translation po/am/LC_MESSAGES/libgweather-4.0-am.mo
[2/252] Building translation po/ab/LC_MESSAGES/libgweather-4.0-ab.mo
[3/252] Building translation po/af/LC_MESSAGES/libgweather-4.0-af.mo
[4/252] Building translation po/as/LC_MESSAGES/libgweather-4.0-as.mo
[5/252] Building translation po/ast/LC_MESSAGES/libgweather-4.0-ast.mo
[6/252] Building translation po/az/LC_MESSAGES/libgweather-4.0-az.mo
[7/252] Building translation po/be@latin/LC_MESSAGES/libgweather-4.0-be@latin.mo
[8/252] Building translation po/ar/LC_MESSAGES/libgweather-4.0-ar.mo
[9/252] Building translation po/be/LC_MESSAGES/libgweather-4.0-be.mo
[10/252] Building translation po/bg/LC_MESSAGES/libgweather-4.0-bg.mo
[11/252] Building translation po/bn_IN/LC_MESSAGES/libgweather-4.0-bn_IN.mo
[12/252] Building translation po/bn/LC_MESSAGES/libgweather-4.0-bn.mo
[13/252] Building translation po/br/LC_MESSAGES/libgweather-4.0-br.mo
[14/252] Building translation po/bs/LC_MESSAGES/libgweather-4.0-bs.mo
[15/252] Building translation po/ca/LC_MESSAGES/libgweather-4.0-ca.mo
[16/252] Building translation po/ca@valencia/LC_MESSAGES/libgweather-4.0-ca@valencia.mo
[17/252] Building translation po/crh/LC_MESSAGES/libgweather-4.0-crh.mo
[18/252] Building translation po/cs/LC_MESSAGES/libgweather-4.0-cs.mo
[19/252] Building translation po/cy/LC_MESSAGES/libgweather-4.0-cy.mo
[20/252] Building translation po/de/LC_MESSAGES/libgweather-4.0-de.mo
[21/252] Building translation po/da/LC_MESSAGES/libgweather-4.0-da.mo
[22/252] Building translation po/dz/LC_MESSAGES/libgweather-4.0-dz.mo
[23/252] Building translation po/el/LC_MESSAGES/libgweather-4.0-el.mo
[24/252] Building translation po/en_CA/LC_MESSAGES/libgweather-4.0-en_CA.mo
[25/252] Building translation po/en@shaw/LC_MESSAGES/libgweather-4.0-en@shaw.mo
[26/252] Building translation po/en_GB/LC_MESSAGES/libgweather-4.0-en_GB.mo
[27/252] Building translation po/eo/LC_MESSAGES/libgweather-4.0-eo.mo
[28/252] Building translation po/es_AR/LC_MESSAGES/libgweather-4.0-es_AR.mo
[29/252] Building translation po/es_CL/LC_MESSAGES/libgweather-4.0-es_CL.mo
[30/252] Building translation po/es_CO/LC_MESSAGES/libgweather-4.0-es_CO.mo
[31/252] Building translation po/es_CR/LC_MESSAGES/libgweather-4.0-es_CR.mo
[32/252] Building translation po/es_DO/LC_MESSAGES/libgweather-4.0-es_DO.mo
[33/252] Building translation po/es_EC/LC_MESSAGES/libgweather-4.0-es_EC.mo
[34/252] Building translation po/es_ES/LC_MESSAGES/libgweather-4.0-es_ES.mo
[35/252] Building translation po/es_GT/LC_MESSAGES/libgweather-4.0-es_GT.mo
[36/252] Building translation po/es_HN/LC_MESSAGES/libgweather-4.0-es_HN.mo
[37/252] Building translation po/es_MX/LC_MESSAGES/libgweather-4.0-es_MX.mo
[38/252] Building translation po/es_NI/LC_MESSAGES/libgweather-4.0-es_NI.mo
[39/252] Building translation po/es_PA/LC_MESSAGES/libgweather-4.0-es_PA.mo
[40/252] Building translation po/es_PE/LC_MESSAGES/libgweather-4.0-es_PE.mo
[41/252] Building translation po/es/LC_MESSAGES/libgweather-4.0-es.mo
[42/252] Building translation po/es_PR/LC_MESSAGES/libgweather-4.0-es_PR.mo
[43/252] Building translation po/et/LC_MESSAGES/libgweather-4.0-et.mo
[44/252] Building translation po/es_SV/LC_MESSAGES/libgweather-4.0-es_SV.mo
[45/252] Building translation po/es_UY/LC_MESSAGES/libgweather-4.0-es_UY.mo
[46/252] Building translation po/es_VE/LC_MESSAGES/libgweather-4.0-es_VE.mo
[47/252] Building translation po/fi/LC_MESSAGES/libgweather-4.0-fi.mo
[48/252] Building translation po/fr/LC_MESSAGES/libgweather-4.0-fr.mo
[49/252] Building translation po/eu/LC_MESSAGES/libgweather-4.0-eu.mo
[50/252] Building translation po/fa/LC_MESSAGES/libgweather-4.0-fa.mo
[51/252] Building translation po/fur/LC_MESSAGES/libgweather-4.0-fur.mo
[52/252] Building translation po/ga/LC_MESSAGES/libgweather-4.0-ga.mo
[53/252] Building translation po/gd/LC_MESSAGES/libgweather-4.0-gd.mo
[54/252] Building translation po/gl/LC_MESSAGES/libgweather-4.0-gl.mo
[55/252] Building translation po/gu/LC_MESSAGES/libgweather-4.0-gu.mo
[56/252] Building translation po/he/LC_MESSAGES/libgweather-4.0-he.mo
[57/252] Building translation po/hu/LC_MESSAGES/libgweather-4.0-hu.mo
[58/252] Building translation po/hy/LC_MESSAGES/libgweather-4.0-hy.mo
[59/252] Building translation po/hi/LC_MESSAGES/libgweather-4.0-hi.mo
[60/252] Building translation po/hr/LC_MESSAGES/libgweather-4.0-hr.mo
[61/252] Building translation po/id/LC_MESSAGES/libgweather-4.0-id.mo
[62/252] Building translation po/is/LC_MESSAGES/libgweather-4.0-is.mo
[63/252] Building translation po/it/LC_MESSAGES/libgweather-4.0-it.mo
[64/252] Building translation po/ja/LC_MESSAGES/libgweather-4.0-ja.mo
[65/252] Building translation po/kab/LC_MESSAGES/libgweather-4.0-kab.mo
[66/252] Building translation po/ka/LC_MESSAGES/libgweather-4.0-ka.mo
[67/252] Building translation po/kk/LC_MESSAGES/libgweather-4.0-kk.mo
[68/252] Building translation po/kn/LC_MESSAGES/libgweather-4.0-kn.mo
[69/252] Building translation po/ko/LC_MESSAGES/libgweather-4.0-ko.mo
[70/252] Building translation po/ku/LC_MESSAGES/libgweather-4.0-ku.mo
[71/252] Building translation po/ky/LC_MESSAGES/libgweather-4.0-ky.mo
[72/252] Building translation po/lt/LC_MESSAGES/libgweather-4.0-lt.mo
[73/252] Building translation po/lv/LC_MESSAGES/libgweather-4.0-lv.mo
[74/252] Building translation po/mai/LC_MESSAGES/libgweather-4.0-mai.mo
[75/252] Building translation po/mg/LC_MESSAGES/libgweather-4.0-mg.mo
[76/252] Building translation po/mn/LC_MESSAGES/libgweather-4.0-mn.mo
[77/252] Building translation po/mk/LC_MESSAGES/libgweather-4.0-mk.mo
[78/252] Building translation po/ml/LC_MESSAGES/libgweather-4.0-ml.mo
[79/252] Building translation po/mr/LC_MESSAGES/libgweather-4.0-mr.mo
[80/252] Building translation po/ms/LC_MESSAGES/libgweather-4.0-ms.mo
[81/252] Building translation po/nb/LC_MESSAGES/libgweather-4.0-nb.mo
[82/252] Building translation po/nl/LC_MESSAGES/libgweather-4.0-nl.mo
[83/252] Building translation po/ne/LC_MESSAGES/libgweather-4.0-ne.mo
[84/252] Building translation po/nn/LC_MESSAGES/libgweather-4.0-nn.mo
[85/252] Building translation po/oc/LC_MESSAGES/libgweather-4.0-oc.mo
[86/252] Building translation po/or/LC_MESSAGES/libgweather-4.0-or.mo
[87/252] Building translation po/pa/LC_MESSAGES/libgweather-4.0-pa.mo
[88/252] Building translation po/pl/LC_MESSAGES/libgweather-4.0-pl.mo
[89/252] Building translation po/pt_BR/LC_MESSAGES/libgweather-4.0-pt_BR.mo
[90/252] Building translation po/pt/LC_MESSAGES/libgweather-4.0-pt.mo
[91/252] Building translation po/ro/LC_MESSAGES/libgweather-4.0-ro.mo
[92/252] Building translation po/ru/LC_MESSAGES/libgweather-4.0-ru.mo
[93/252] Building translation po/si/LC_MESSAGES/libgweather-4.0-si.mo
[94/252] Building translation po/rw/LC_MESSAGES/libgweather-4.0-rw.mo
[95/252] Building translation po/sk/LC_MESSAGES/libgweather-4.0-sk.mo
[96/252] Building translation po/sl/LC_MESSAGES/libgweather-4.0-sl.mo
[97/252] Building translation po/sq/LC_MESSAGES/libgweather-4.0-sq.mo
[98/252] Building translation po/sr/LC_MESSAGES/libgweather-4.0-sr.mo
[99/252] Building translation po/sr@latin/LC_MESSAGES/libgweather-4.0-sr@latin.mo
[100/252] Building translation po/sv/LC_MESSAGES/libgweather-4.0-sv.mo
[101/252] Building translation po/ta/LC_MESSAGES/libgweather-4.0-ta.mo
[102/252] Building translation po/te/LC_MESSAGES/libgweather-4.0-te.mo
[103/252] Building translation po/th/LC_MESSAGES/libgweather-4.0-th.mo
[104/252] Building translation po/ug/LC_MESSAGES/libgweather-4.0-ug.mo
[105/252] Building translation po/tr/LC_MESSAGES/libgweather-4.0-tr.mo
[106/252] Building translation po/vi/LC_MESSAGES/libgweather-4.0-vi.mo
[107/252] Building translation po/wa/LC_MESSAGES/libgweather-4.0-wa.mo
[108/252] Building translation po/zh_HK/LC_MESSAGES/libgweather-4.0-zh_HK.mo
[109/252] Building translation po/uk/LC_MESSAGES/libgweather-4.0-uk.mo
[110/252] Building translation po/xh/LC_MESSAGES/libgweather-4.0-xh.mo
[111/252] Building translation po/zh_CN/LC_MESSAGES/libgweather-4.0-zh_CN.mo
[112/252] Building translation po/zh_TW/LC_MESSAGES/libgweather-4.0-zh_TW.mo
[113/252] Building translation po-locations/ang/LC_MESSAGES/libgweather-4.0-locations-ang.mo
[114/252] Building translation po-locations/az/LC_MESSAGES/libgweather-4.0-locations-az.mo
[115/252] Building translation po-locations/bg/LC_MESSAGES/libgweather-4.0-locations-bg.mo
[116/252] Building translation po-locations/ast/LC_MESSAGES/libgweather-4.0-locations-ast.mo
[117/252] Building translation po-locations/br/LC_MESSAGES/libgweather-4.0-locations-br.mo
[118/252] Building translation po-locations/bs/LC_MESSAGES/libgweather-4.0-locations-bs.mo
[119/252] Building translation po-locations/ca@valencia/LC_MESSAGES/libgweather-4.0-locations-ca@valencia.mo
[120/252] Building translation po-locations/be/LC_MESSAGES/libgweather-4.0-locations-be.mo
[121/252] Building translation po-locations/bn/LC_MESSAGES/libgweather-4.0-locations-bn.mo
[122/252] Building translation po-locations/ca/LC_MESSAGES/libgweather-4.0-locations-ca.mo
[123/252] Building translation po-locations/cs/LC_MESSAGES/libgweather-4.0-locations-cs.mo
[124/252] Building translation po-locations/ar/LC_MESSAGES/libgweather-4.0-locations-ar.mo
[125/252] Building translation po-locations/as/LC_MESSAGES/libgweather-4.0-locations-as.mo
[126/252] Building translation po-locations/bn_IN/LC_MESSAGES/libgweather-4.0-locations-bn_IN.mo
[127/252] Building translation po-locations/be@latin/LC_MESSAGES/libgweather-4.0-locations-be@latin.mo
[128/252] Building translation po-locations/el/LC_MESSAGES/libgweather-4.0-locations-el.mo
[129/252] Building translation po-locations/crh/LC_MESSAGES/libgweather-4.0-locations-crh.mo
[130/252] Building translation po-locations/de/LC_MESSAGES/libgweather-4.0-locations-de.mo
[131/252] Building translation po-locations/en@shaw/LC_MESSAGES/libgweather-4.0-locations-en@shaw.mo
[132/252] Generating GObject enum file schemas/org.gnome.GWeather4.enums.xml (wrapped by meson to capture output)
[133/252] Generating GObject enum file libgweather/gweather-enum-types.h (wrapped by meson to capture output)
[134/252] Building translation po-locations/eo/LC_MESSAGES/libgweather-4.0-locations-eo.mo
[135/252] Building translation po-locations/et/LC_MESSAGES/libgweather-4.0-locations-et.mo
[136/252] Building translation po-locations/da/LC_MESSAGES/libgweather-4.0-locations-da.mo
[137/252] Building translation po-locations/eu/LC_MESSAGES/libgweather-4.0-locations-eu.mo
[138/252] Building translation po-locations/es/LC_MESSAGES/libgweather-4.0-locations-es.mo
[139/252] Building translation po-locations/en_CA/LC_MESSAGES/libgweather-4.0-locations-en_CA.mo
[140/252] Building translation po-locations/fr/LC_MESSAGES/libgweather-4.0-locations-fr.mo
[141/252] Building translation po-locations/fa/LC_MESSAGES/libgweather-4.0-locations-fa.mo
[142/252] Building translation po-locations/en_GB/LC_MESSAGES/libgweather-4.0-locations-en_GB.mo
[143/252] Building translation po-locations/cy/LC_MESSAGES/libgweather-4.0-locations-cy.mo
[144/252] Building translation po-locations/gl/LC_MESSAGES/libgweather-4.0-locations-gl.mo
[145/252] Building translation po-locations/dz/LC_MESSAGES/libgweather-4.0-locations-dz.mo
[146/252] Building translation po-locations/gu/LC_MESSAGES/libgweather-4.0-locations-gu.mo
[147/252] Building translation po-locations/fi/LC_MESSAGES/libgweather-4.0-locations-fi.mo
[148/252] Building translation po-locations/hi/LC_MESSAGES/libgweather-4.0-locations-hi.mo
[149/252] Building translation po-locations/hr/LC_MESSAGES/libgweather-4.0-locations-hr.mo
[150/252] Building translation po-locations/gd/LC_MESSAGES/libgweather-4.0-locations-gd.mo
[151/252] Building translation po-locations/fur/LC_MESSAGES/libgweather-4.0-locations-fur.mo
[152/252] Building translation po-locations/ga/LC_MESSAGES/libgweather-4.0-locations-ga.mo
[153/252] Building translation po-locations/he/LC_MESSAGES/libgweather-4.0-locations-he.mo
[154/252] Compiling C object libgweather/libgweather.a.p/gweather.c.o
[155/252] Generating GObject enum file libgweather/gweather-enum-types.c (wrapped by meson to capture output)
[156/252] Compiling C object libgweather/libgweather.a.p/third-party_kdtree.c.o
[157/252] Compiling C object libgweather/tests/timezones.p/timezones.c.o
[158/252] Compiling C object libgweather/tests/duplicates.p/duplicates.c.o
[159/252] Compiling C object libgweather/tests/test_libgweather.p/gweather-test-utils.c.o
[160/252] Compiling C object libgweather/tests/duplicates.p/gweather-test-utils.c.o
[161/252] Compiling C object libgweather/tests/timezones.p/gweather-test-utils.c.o
[162/252] Compiling C object libgweather/libgweather.a.p/weather-moon.c.o
[163/252] Compiling C object libgweather/tests/metar.p/metar.c.o
[164/252] Compiling C object libgweather/libgweather.a.p/weather-sun.c.o
[165/252] Compiling C object libgweather/tests/metar.p/gweather-test-utils.c.o
[166/252] Compiling C object libgweather/libgweather.a.p/gweather-private.c.o
[167/252] Compiling C object libgweather/tests/test_libgweather.p/test_libgweather.c.o
[168/252] Compiling C object libgweather/libgweather.a.p/weather-owm.c.o
[169/252] Compiling C object libgweather/libgweather.a.p/weather-iwin.c.o
[170/252] Compiling C object libgweather/libgweather.a.p/weather-metno.c.o
[171/252] Compiling C object libgweather/libgweather.a.p/meson-generated_.._gweather-enum-types.c.o
[172/252] Building translation po-locations/hu/LC_MESSAGES/libgweather-4.0-locations-hu.mo
[173/252] Compiling C object libgweather/libgweather.a.p/weather-metar.c.o
[174/252] Compiling C object libgweather/tests/test_libgweather.p/meson-generated_.._.._gweather-enum-types.c.o
[175/252] Building translation po-locations/id/LC_MESSAGES/libgweather-4.0-locations-id.mo
[176/252] Compiling C object libgweather/tools/test_metar.p/test_metar.c.o
[177/252] Building translation po-locations/kk/LC_MESSAGES/libgweather-4.0-locations-kk.mo
[178/252] Building translation po-locations/ja/LC_MESSAGES/libgweather-4.0-locations-ja.mo
[179/252] Compiling C object libgweather/tests/timezones.p/meson-generated_.._.._gweather-enum-types.c.o
[180/252] Compiling C object libgweather/libgweather.a.p/weather-nws.c.o
[181/252] Compiling C object libgweather/tests/metar.p/meson-generated_.._.._gweather-enum-types.c.o
[182/252] Building translation po-locations/kn/LC_MESSAGES/libgweather-4.0-locations-kn.mo
[183/252] Building translation po-locations/ko/LC_MESSAGES/libgweather-4.0-locations-ko.mo
[184/252] Compiling C object libgweather/tests/duplicates.p/meson-generated_.._.._gweather-enum-types.c.o
[185/252] Building translation po-locations/is/LC_MESSAGES/libgweather-4.0-locations-is.mo
[186/252] Building translation po-locations/it/LC_MESSAGES/libgweather-4.0-locations-it.mo
[187/252] Building translation po-locations/lt/LC_MESSAGES/libgweather-4.0-locations-lt.mo
[188/252] Compiling C object libgweather/tools/test_sun_moon.p/meson-generated_.._.._gweather-enum-types.c.o
[189/252] Building translation po-locations/lv/LC_MESSAGES/libgweather-4.0-locations-lv.mo
[190/252] Compiling C object libgweather/tools/test_metar.p/meson-generated_.._.._gweather-enum-types.c.o
[191/252] Building translation po-locations/ka/LC_MESSAGES/libgweather-4.0-locations-ka.mo
[192/252] Building translation po-locations/mai/LC_MESSAGES/libgweather-4.0-locations-mai.mo
[193/252] Building translation po-locations/ku/LC_MESSAGES/libgweather-4.0-locations-ku.mo
[194/252] Building translation po-locations/mr/LC_MESSAGES/libgweather-4.0-locations-mr.mo
[195/252] Building translation po-locations/mk/LC_MESSAGES/libgweather-4.0-locations-mk.mo
[196/252] Building translation po-locations/mn/LC_MESSAGES/libgweather-4.0-locations-mn.mo
[197/252] Building translation po-locations/ml/LC_MESSAGES/libgweather-4.0-locations-ml.mo
[198/252] Building translation po-locations/mg/LC_MESSAGES/libgweather-4.0-locations-mg.mo
[199/252] Building translation po-locations/ky/LC_MESSAGES/libgweather-4.0-locations-ky.mo
[200/252] Building translation po-locations/ms/LC_MESSAGES/libgweather-4.0-locations-ms.mo
[201/252] Compiling C object libgweather/tools/test_weather.p/meson-generated_.._.._gweather-enum-types.c.o
[202/252] Building translation po-locations/nb/LC_MESSAGES/libgweather-4.0-locations-nb.mo
[203/252] Building translation po-locations/ne/LC_MESSAGES/libgweather-4.0-locations-ne.mo
[204/252] Building translation po-locations/or/LC_MESSAGES/libgweather-4.0-locations-or.mo
[205/252] Compiling C object libgweather/tools/test_sun_moon.p/test_sun_moon.c.o
[206/252] Building translation po-locations/oc/LC_MESSAGES/libgweather-4.0-locations-oc.mo
[207/252] Building translation po-locations/nl/LC_MESSAGES/libgweather-4.0-locations-nl.mo
[208/252] Building translation po-locations/nn/LC_MESSAGES/libgweather-4.0-locations-nn.mo
[209/252] Compiling C object libgweather/tools/test_sun_moon.p/.._weather-moon.c.o
[210/252] Building translation po-locations/ru/LC_MESSAGES/libgweather-4.0-locations-ru.mo
[211/252] Compiling C object libgweather/tools/test_weather.p/test_weather.c.o
[212/252] Building translation po-locations/pl/LC_MESSAGES/libgweather-4.0-locations-pl.mo
[213/252] Building translation po-locations/pa/LC_MESSAGES/libgweather-4.0-locations-pa.mo
[214/252] Building translation po-locations/sk/LC_MESSAGES/libgweather-4.0-locations-sk.mo
[215/252] Building translation po-locations/pt_BR/LC_MESSAGES/libgweather-4.0-locations-pt_BR.mo
[216/252] Building translation po-locations/pt/LC_MESSAGES/libgweather-4.0-locations-pt.mo
[217/252] Building translation po-locations/ro/LC_MESSAGES/libgweather-4.0-locations-ro.mo
[218/252] Building translation po-locations/nds/LC_MESSAGES/libgweather-4.0-locations-nds.mo
[219/252] Building translation po-locations/sl/LC_MESSAGES/libgweather-4.0-locations-sl.mo
[220/252] Building translation po-locations/si/LC_MESSAGES/libgweather-4.0-locations-si.mo
[221/252] Building translation po-locations/rw/LC_MESSAGES/libgweather-4.0-locations-rw.mo
[222/252] Building translation po-locations/th/LC_MESSAGES/libgweather-4.0-locations-th.mo
[223/252] Building translation po-locations/sr@latin/LC_MESSAGES/libgweather-4.0-locations-sr@latin.mo
[224/252] Building translation po-locations/ta/LC_MESSAGES/libgweather-4.0-locations-ta.mo
[225/252] Building translation po-locations/te/LC_MESSAGES/libgweather-4.0-locations-te.mo
[226/252] Building translation po-locations/sq/LC_MESSAGES/libgweather-4.0-locations-sq.mo
[227/252] Building translation po-locations/vi/LC_MESSAGES/libgweather-4.0-locations-vi.mo
[228/252] Building translation po-locations/ug/LC_MESSAGES/libgweather-4.0-locations-ug.mo
[229/252] Compiling C object libgweather/tools/test_sun_moon.p/.._weather-sun.c.o
[230/252] Building translation po-locations/tr/LC_MESSAGES/libgweather-4.0-locations-tr.mo
[231/252] Building translation po-locations/zh_HK/LC_MESSAGES/libgweather-4.0-locations-zh_HK.mo
[232/252] Building translation po-locations/uk/LC_MESSAGES/libgweather-4.0-locations-uk.mo
[233/252] Building translation po-locations/zh_CN/LC_MESSAGES/libgweather-4.0-locations-zh_CN.mo
[234/252] Building translation po-locations/sv/LC_MESSAGES/libgweather-4.0-locations-sv.mo
[235/252] Building translation po-locations/sr/LC_MESSAGES/libgweather-4.0-locations-sr.mo
[236/252] Building translation po-locations/zh_TW/LC_MESSAGES/libgweather-4.0-locations-zh_TW.mo
[237/252] Compiling C object libgweather/libgweather.a.p/gweather-info.c.o
[238/252] Compiling C object libgweather/libgweather.a.p/gweather-location.c.o
[239/252] Linking static target libgweather/libgweather.a
[240/252] Linking target libgweather/tests/duplicates
[241/252] Linking target libgweather/tests/timezones
[242/252] Linking target libgweather/libgweather-4.so.0.400.4
[243/252] Linking target libgweather/tests/metar
[244/252] Linking target libgweather/tools/test_metar
[245/252] Linking target libgweather/tools/test_sun_moon
[246/252] Linking target libgweather/tools/test_weather
[247/252] Linking target libgweather/tests/test_libgweather
[248/252] Generating libgweather/GWeather-4.0.gir with a custom command (wrapped by meson to set env)
[249/252] Generating libgweather/gweather4.vapi with a custom command
[250/252] Generating libgweather/GWeather-4.0.typelib with a custom command
[251/252] Generating doc/libgweather-doc with a custom command
[252/252] Generating data/locations-db with a custom command
[0/1] Installing files
Installing data/Locations.bin to /usr/lib/libgweather-4
Installing schemas/org.gnome.GWeather4.enums.xml to /usr/share/glib-2.0/schemas
Installing libgweather/gweather-enum-types.h to /usr/include/libgweather-4.0/libgweather
Installing libgweather/libgweather-4.so.0.400.4 to /usr/lib
Installing libgweather/GWeather-4.0.gir to /usr/share/gir-1.0
Installing libgweather/GWeather-4.0.typelib to /usr/lib/girepository-1.0
Installing libgweather/gweather4.vapi to /usr/share/vala/vapi
Installing /blfs/builds/libgweather-4.4.4/build/doc/libgweather-4.0/enum.SpeedUnit.html to /usr/share/doc/libgweather-4.0
Installing /blfs/builds/libgweather-4.4.4/build/doc/libgweather-4.0/method.Location.free_timezones.html to /usr/share/doc/libgweather-4.0
Installing /blfs/builds/libgweather-4.4.4/build/doc/libgweather-4.0/SourceCodePro-Semibold.ttf.woff to /usr/share/doc/libgweather-4.0
Installing /blfs/builds/libgweather-4.4.4/build/doc/libgweather-4.0/RedHatText-Medium.woff2 to /usr/share/doc/libgweather-4.0
Installing /blfs/builds/libgweather-4.4.4/build/doc/libgweather-4.0/method.Location.get_distance.html to /usr/share/doc/libgweather-4.0
Installing /blfs/builds/libgweather-4.4.4/build/doc/libgweather-4.0/method.Info.get_upcoming_moonphases.html to /usr/share/doc/libgweather-4.0
Installing /blfs/builds/libgweather-4.4.4/build/doc/libgweather-4.0/method.Info.get_sunset.html to /usr/share/doc/libgweather-4.0
Installing /blfs/builds/libgweather-4.4.4/build/doc/libgweather-4.0/method.Location.deserialize.html to /usr/share/doc/libgweather-4.0
Installing /blfs/builds/libgweather-4.4.4/build/doc/libgweather-4.0/method.Info.get_dew.html to /usr/share/doc/libgweather-4.0
Installing /blfs/builds/libgweather-4.4.4/build/doc/libgweather-4.0/type_func.WindDirection.to_string_full.html to /usr/share/doc/libgweather-4.0
Installing /blfs/builds/libgweather-4.4.4/build/doc/libgweather-4.0/type_func.Sky.to_string.html to /usr/share/doc/libgweather-4.0
Installing /blfs/builds/libgweather-4.4.4/build/doc/libgweather-4.0/enum.Sky.html to /usr/share/doc/libgweather-4.0
Installing /blfs/builds/libgweather-4.4.4/build/doc/libgweather-4.0/method.Info.get_visibility.html to /usr/share/doc/libgweather-4.0
Installing /blfs/builds/libgweather-4.4.4/build/doc/libgweather-4.0/RedHatText-Medium.woff to /usr/share/doc/libgweather-4.0
Installing /blfs/builds/libgweather-4.4.4/build/doc/libgweather-4.0/RedHatText-Regular.woff2 to /usr/share/doc/libgweather-4.0
Installing /blfs/builds/libgweather-4.4.4/build/doc/libgweather-4.0/method.Info.get_value_update.html to /usr/share/doc/libgweather-4.0
Installing /blfs/builds/libgweather-4.4.4/build/doc/libgweather-4.0/property.Info.contact-info.html to /usr/share/doc/libgweather-4.0
Installing /blfs/builds/libgweather-4.4.4/build/doc/libgweather-4.0/method.Location.get_english_name.html to /usr/share/doc/libgweather-4.0
Installing /blfs/builds/libgweather-4.4.4/build/doc/libgweather-4.0/RedHatText-Regular.woff to /usr/share/doc/libgweather-4.0
Installing /blfs/builds/libgweather-4.4.4/build/doc/libgweather-4.0/method.Info.get_update.html to /usr/share/doc/libgweather-4.0
Installing /blfs/builds/libgweather-4.4.4/build/doc/libgweather-4.0/method.Info.get_sunrise.html to /usr/share/doc/libgweather-4.0
Installing /blfs/builds/libgweather-4.4.4/build/doc/libgweather-4.0/enum.TemperatureUnit.html to /usr/share/doc/libgweather-4.0
Installing /blfs/builds/libgweather-4.4.4/build/doc/libgweather-4.0/method.Location.has_coords.html to /usr/share/doc/libgweather-4.0
Installing /blfs/builds/libgweather-4.4.4/build/doc/libgweather-4.0/method.Info.get_forecast_list.html to /usr/share/doc/libgweather-4.0
Installing /blfs/builds/libgweather-4.4.4/build/doc/libgweather-4.0/method.Info.get_value_sunrise.html to /usr/share/doc/libgweather-4.0
Installing /blfs/builds/libgweather-4.4.4/build/doc/libgweather-4.0/search.js to /usr/share/doc/libgweather-4.0
Installing /blfs/builds/libgweather-4.4.4/build/doc/libgweather-4.0/method.Location.find_by_station_code.html to /usr/share/doc/libgweather-4.0
Installing /blfs/builds/libgweather-4.4.4/build/doc/libgweather-4.0/index.html to /usr/share/doc/libgweather-4.0
Installing /blfs/builds/libgweather-4.4.4/build/doc/libgweather-4.0/method.Info.get_temp_min.html to /usr/share/doc/libgweather-4.0
Installing /blfs/builds/libgweather-4.4.4/build/doc/libgweather-4.0/method.Info.get_weather_summary.html to /usr/share/doc/libgweather-4.0
Installing /blfs/builds/libgweather-4.4.4/build/doc/libgweather-4.0/SourceCodePro-It.ttf.woff to /usr/share/doc/libgweather-4.0
Installing /blfs/builds/libgweather-4.4.4/build/doc/libgweather-4.0/method.Info.get_temp_max.html to /usr/share/doc/libgweather-4.0
Installing /blfs/builds/libgweather-4.4.4/build/doc/libgweather-4.0/migrating-3to4.html to /usr/share/doc/libgweather-4.0
Installing /blfs/builds/libgweather-4.4.4/build/doc/libgweather-4.0/method.Location.find_nearest_city_full.html to /usr/share/doc/libgweather-4.0
Installing /blfs/builds/libgweather-4.4.4/build/doc/libgweather-4.0/signal.Info.updated.html to /usr/share/doc/libgweather-4.0
Installing /blfs/builds/libgweather-4.4.4/build/doc/libgweather-4.0/method.Info.get_contact_info.html to /usr/share/doc/libgweather-4.0
Installing /blfs/builds/libgweather-4.4.4/build/doc/libgweather-4.0/method.Info.set_enabled_providers.html to /usr/share/doc/libgweather-4.0
Installing /blfs/builds/libgweather-4.4.4/build/doc/libgweather-4.0/RedHatDisplay-Regular.woff2 to /usr/share/doc/libgweather-4.0
Installing /blfs/builds/libgweather-4.4.4/build/doc/libgweather-4.0/RedHatDisplay-Italic.woff2 to /usr/share/doc/libgweather-4.0
Installing /blfs/builds/libgweather-4.4.4/build/doc/libgweather-4.0/type_func.SpeedUnit.to_string.html to /usr/share/doc/libgweather-4.0
Installing /blfs/builds/libgweather-4.4.4/build/doc/libgweather-4.0/method.Location.get_level.html to /usr/share/doc/libgweather-4.0
Installing /blfs/builds/libgweather-4.4.4/build/doc/libgweather-4.0/style.css to /usr/share/doc/libgweather-4.0
Installing /blfs/builds/libgweather-4.4.4/build/doc/libgweather-4.0/method.Info.get_value_visibility.html to /usr/share/doc/libgweather-4.0
Installing /blfs/builds/libgweather-4.4.4/build/doc/libgweather-4.0/method.Location.detect_nearest_city.html to /usr/share/doc/libgweather-4.0
Installing /blfs/builds/libgweather-4.4.4/build/doc/libgweather-4.0/method.Location.get_code.html to /usr/share/doc/libgweather-4.0
Installing /blfs/builds/libgweather-4.4.4/build/doc/libgweather-4.0/method.Info.get_value_temp_max.html to /usr/share/doc/libgweather-4.0
Installing /blfs/builds/libgweather-4.4.4/build/doc/libgweather-4.0/method.Info.get_value_pressure.html to /usr/share/doc/libgweather-4.0
Installing /blfs/builds/libgweather-4.4.4/build/doc/libgweather-4.0/type_func.LocationLevel.to_string.html to /usr/share/doc/libgweather-4.0
Installing /blfs/builds/libgweather-4.4.4/build/doc/libgweather-4.0/type_func.Sky.to_string_full.html to /usr/share/doc/libgweather-4.0
Installing /blfs/builds/libgweather-4.4.4/build/doc/libgweather-4.0/RedHatDisplay-BlackItalic.woff2 to /usr/share/doc/libgweather-4.0
Installing /blfs/builds/libgweather-4.4.4/build/doc/libgweather-4.0/method.Location.equal.html to /usr/share/doc/libgweather-4.0
Installing /blfs/builds/libgweather-4.4.4/build/doc/libgweather-4.0/ctor.Location.new_detached.html to /usr/share/doc/libgweather-4.0
Installing /blfs/builds/libgweather-4.4.4/build/doc/libgweather-4.0/method.Info.get_sky.html to /usr/share/doc/libgweather-4.0
Installing /blfs/builds/libgweather-4.4.4/build/doc/libgweather-4.0/main.js to /usr/share/doc/libgweather-4.0
Installing /blfs/builds/libgweather-4.4.4/build/doc/libgweather-4.0/method.Location.get_timezone.html to /usr/share/doc/libgweather-4.0
Installing /blfs/builds/libgweather-4.4.4/build/doc/libgweather-4.0/method.Info.get_icon_name.html to /usr/share/doc/libgweather-4.0
Installing /blfs/builds/libgweather-4.4.4/build/doc/libgweather-4.0/ctor.Info.new.html to /usr/share/doc/libgweather-4.0
Installing /blfs/builds/libgweather-4.4.4/build/doc/libgweather-4.0/method.Info.next_sun_event.html to /usr/share/doc/libgweather-4.0
Installing /blfs/builds/libgweather-4.4.4/build/doc/libgweather-4.0/alias.MoonPhase.html to /usr/share/doc/libgweather-4.0
Installing /blfs/builds/libgweather-4.4.4/build/doc/libgweather-4.0/method.Info.get_value_conditions.html to /usr/share/doc/libgweather-4.0
Installing /blfs/builds/libgweather-4.4.4/build/doc/libgweather-4.0/type_func.WindDirection.to_string.html to /usr/share/doc/libgweather-4.0
Installing /blfs/builds/libgweather-4.4.4/build/doc/libgweather-4.0/class.Info.html to /usr/share/doc/libgweather-4.0
Installing /blfs/builds/libgweather-4.4.4/build/doc/libgweather-4.0/method.Conditions.to_string_full.html to /usr/share/doc/libgweather-4.0
Installing /blfs/builds/libgweather-4.4.4/build/doc/libgweather-4.0/method.Info.set_location.html to /usr/share/doc/libgweather-4.0
Installing /blfs/builds/libgweather-4.4.4/build/doc/libgweather-4.0/method.Info.get_temp.html to /usr/share/doc/libgweather-4.0
Installing /blfs/builds/libgweather-4.4.4/build/doc/libgweather-4.0/enum.PressureUnit.html to /usr/share/doc/libgweather-4.0
Installing /blfs/builds/libgweather-4.4.4/build/doc/libgweather-4.0/method.Info.get_value_temp_min.html to /usr/share/doc/libgweather-4.0
Installing /blfs/builds/libgweather-4.4.4/build/doc/libgweather-4.0/solarized-light.css to /usr/share/doc/libgweather-4.0
Installing /blfs/builds/libgweather-4.4.4/build/doc/libgweather-4.0/RedHatText-Bold.woff to /usr/share/doc/libgweather-4.0
Installing /blfs/builds/libgweather-4.4.4/build/doc/libgweather-4.0/RedHatText-Bold.woff2 to /usr/share/doc/libgweather-4.0
Installing /blfs/builds/libgweather-4.4.4/build/doc/libgweather-4.0/RedHatText-BoldItalic.woff2 to /usr/share/doc/libgweather-4.0
Installing /blfs/builds/libgweather-4.4.4/build/doc/libgweather-4.0/method.Info.get_value_sky.html to /usr/share/doc/libgweather-4.0
Installing /blfs/builds/libgweather-4.4.4/build/doc/libgweather-4.0/enum.LocationLevel.html to /usr/share/doc/libgweather-4.0
Installing /blfs/builds/libgweather-4.4.4/build/doc/libgweather-4.0/fzy.js to /usr/share/doc/libgweather-4.0
Installing /blfs/builds/libgweather-4.4.4/build/doc/libgweather-4.0/alias.MoonLatitude.html to /usr/share/doc/libgweather-4.0
Installing /blfs/builds/libgweather-4.4.4/build/doc/libgweather-4.0/method.Info.set_application_id.html to /usr/share/doc/libgweather-4.0
Installing /blfs/builds/libgweather-4.4.4/build/doc/libgweather-4.0/method.Location.get_coords.html to /usr/share/doc/libgweather-4.0
Installing /blfs/builds/libgweather-4.4.4/build/doc/libgweather-4.0/SourceCodePro-Regular.ttf.woff to /usr/share/doc/libgweather-4.0
Installing /blfs/builds/libgweather-4.4.4/build/doc/libgweather-4.0/RedHatText-BoldItalic.woff to /usr/share/doc/libgweather-4.0
Installing /blfs/builds/libgweather-4.4.4/build/doc/libgweather-4.0/callback.FilterFunc.html to /usr/share/doc/libgweather-4.0
Installing /blfs/builds/libgweather-4.4.4/build/doc/libgweather-4.0/type_func.Info.store_cache.html to /usr/share/doc/libgweather-4.0
Installing /blfs/builds/libgweather-4.4.4/build/doc/libgweather-4.0/type_func.Location.detect_nearest_city_finish.html to /usr/share/doc/libgweather-4.0
Installing /blfs/builds/libgweather-4.4.4/build/doc/libgweather-4.0/method.Info.get_temp_summary.html to /usr/share/doc/libgweather-4.0
Installing /blfs/builds/libgweather-4.4.4/build/doc/libgweather-4.0/RedHatDisplay-Italic.woff to /usr/share/doc/libgweather-4.0
Installing /blfs/builds/libgweather-4.4.4/build/doc/libgweather-4.0/RedHatText-MediumItalic.woff2 to /usr/share/doc/libgweather-4.0
Installing /blfs/builds/libgweather-4.4.4/build/doc/libgweather-4.0/class.Location.html to /usr/share/doc/libgweather-4.0
Installing /blfs/builds/libgweather-4.4.4/build/doc/libgweather-4.0/RedHatDisplay-Medium.woff to /usr/share/doc/libgweather-4.0
Installing /blfs/builds/libgweather-4.4.4/build/doc/libgweather-4.0/method.Location.find_by_country_code.html to /usr/share/doc/libgweather-4.0
Installing /blfs/builds/libgweather-4.4.4/build/doc/libgweather-4.0/classes_hierarchy.html to /usr/share/doc/libgweather-4.0
Installing /blfs/builds/libgweather-4.4.4/build/doc/libgweather-4.0/method.Info.network_error.html to /usr/share/doc/libgweather-4.0
Installing /blfs/builds/libgweather-4.4.4/build/doc/libgweather-4.0/RedHatDisplay-Black.woff2 to /usr/share/doc/libgweather-4.0
Installing /blfs/builds/libgweather-4.4.4/build/doc/libgweather-4.0/RedHatDisplay-BoldItalic.woff2 to /usr/share/doc/libgweather-4.0
Installing /blfs/builds/libgweather-4.4.4/build/doc/libgweather-4.0/method.Info.get_location_name.html to /usr/share/doc/libgweather-4.0
Installing /blfs/builds/libgweather-4.4.4/build/doc/libgweather-4.0/enum.ConditionQualifier.html to /usr/share/doc/libgweather-4.0
Installing /blfs/builds/libgweather-4.4.4/build/doc/libgweather-4.0/RedHatDisplay-MediumItalic.woff to /usr/share/doc/libgweather-4.0
Installing /blfs/builds/libgweather-4.4.4/build/doc/libgweather-4.0/RedHatDisplay-BlackItalic.woff to /usr/share/doc/libgweather-4.0
Installing /blfs/builds/libgweather-4.4.4/build/doc/libgweather-4.0/flags.Provider.html to /usr/share/doc/libgweather-4.0
Installing /blfs/builds/libgweather-4.4.4/build/doc/libgweather-4.0/RedHatDisplay-Medium.woff2 to /usr/share/doc/libgweather-4.0
Installing /blfs/builds/libgweather-4.4.4/build/doc/libgweather-4.0/RedHatText-Italic.woff to /usr/share/doc/libgweather-4.0
Installing /blfs/builds/libgweather-4.4.4/build/doc/libgweather-4.0/method.Location.get_parent.html to /usr/share/doc/libgweather-4.0
Installing /blfs/builds/libgweather-4.4.4/build/doc/libgweather-4.0/RedHatDisplay-Black.woff to /usr/share/doc/libgweather-4.0
Installing /blfs/builds/libgweather-4.4.4/build/doc/libgweather-4.0/adding-locations.html to /usr/share/doc/libgweather-4.0
Installing /blfs/builds/libgweather-4.4.4/build/doc/libgweather-4.0/method.Info.update.html to /usr/share/doc/libgweather-4.0
Installing /blfs/builds/libgweather-4.4.4/build/doc/libgweather-4.0/method.Info.get_humidity.html to /usr/share/doc/libgweather-4.0
Installing /blfs/builds/libgweather-4.4.4/build/doc/libgweather-4.0/go-up-symbolic.png to /usr/share/doc/libgweather-4.0
Installing /blfs/builds/libgweather-4.4.4/build/doc/libgweather-4.0/method.Info.get_conditions.html to /usr/share/doc/libgweather-4.0
Installing /blfs/builds/libgweather-4.4.4/build/doc/libgweather-4.0/method.Info.get_value_dew.html to /usr/share/doc/libgweather-4.0
Installing /blfs/builds/libgweather-4.4.4/build/doc/libgweather-4.0/type_func.Location.get_world.html to /usr/share/doc/libgweather-4.0
Installing /blfs/builds/libgweather-4.4.4/build/doc/libgweather-4.0/method.Info.get_pressure.html to /usr/share/doc/libgweather-4.0
Installing /blfs/builds/libgweather-4.4.4/build/doc/libgweather-4.0/method.Info.get_value_wind.html to /usr/share/doc/libgweather-4.0
Installing /blfs/builds/libgweather-4.4.4/build/doc/libgweather-4.0/index.json to /usr/share/doc/libgweather-4.0
Installing /blfs/builds/libgweather-4.4.4/build/doc/libgweather-4.0/RedHatDisplay-Regular.woff to /usr/share/doc/libgweather-4.0
Installing /blfs/builds/libgweather-4.4.4/build/doc/libgweather-4.0/method.Location.get_country_name.html to /usr/share/doc/libgweather-4.0
Installing /blfs/builds/libgweather-4.4.4/build/doc/libgweather-4.0/property.Info.application-id.html to /usr/share/doc/libgweather-4.0
Installing /blfs/builds/libgweather-4.4.4/build/doc/libgweather-4.0/method.Info.get_value_apparent.html to /usr/share/doc/libgweather-4.0
Installing /blfs/builds/libgweather-4.4.4/build/doc/libgweather-4.0/method.Info.is_daytime.html to /usr/share/doc/libgweather-4.0
Installing /blfs/builds/libgweather-4.4.4/build/doc/libgweather-4.0/method.Info.get_value_temp.html to /usr/share/doc/libgweather-4.0
Installing /blfs/builds/libgweather-4.4.4/build/doc/libgweather-4.0/solarized-dark.css to /usr/share/doc/libgweather-4.0
Installing /blfs/builds/libgweather-4.4.4/build/doc/libgweather-4.0/method.Location.find_nearest_city.html to /usr/share/doc/libgweather-4.0
Installing /blfs/builds/libgweather-4.4.4/build/doc/libgweather-4.0/method.Location.get_sort_name.html to /usr/share/doc/libgweather-4.0
Installing /blfs/builds/libgweather-4.4.4/build/doc/libgweather-4.0/method.Info.get_apparent.html to /usr/share/doc/libgweather-4.0
Installing /blfs/builds/libgweather-4.4.4/build/doc/libgweather-4.0/type_func.TemperatureUnit.to_real.html to /usr/share/doc/libgweather-4.0
Installing /blfs/builds/libgweather-4.4.4/build/doc/libgweather-4.0/method.Info.get_enabled_providers.html to /usr/share/doc/libgweather-4.0
Installing /blfs/builds/libgweather-4.4.4/build/doc/libgweather-4.0/RedHatDisplay-MediumItalic.woff2 to /usr/share/doc/libgweather-4.0
Installing /blfs/builds/libgweather-4.4.4/build/doc/libgweather-4.0/opensearch.xml to /usr/share/doc/libgweather-4.0
Installing /blfs/builds/libgweather-4.4.4/build/doc/libgweather-4.0/libgweather-logo.svg to /usr/share/doc/libgweather-4.0
Installing /blfs/builds/libgweather-4.4.4/build/doc/libgweather-4.0/method.Location.get_country.html to /usr/share/doc/libgweather-4.0
Installing /blfs/builds/libgweather-4.4.4/build/doc/libgweather-4.0/method.Location.get_name.html to /usr/share/doc/libgweather-4.0
Installing /blfs/builds/libgweather-4.4.4/build/doc/libgweather-4.0/enum.DistanceUnit.html to /usr/share/doc/libgweather-4.0
Installing /blfs/builds/libgweather-4.4.4/build/doc/libgweather-4.0/RedHatDisplay-BoldItalic.woff to /usr/share/doc/libgweather-4.0
Installing /blfs/builds/libgweather-4.4.4/build/doc/libgweather-4.0/method.Conditions.to_string.html to /usr/share/doc/libgweather-4.0
Installing /blfs/builds/libgweather-4.4.4/build/doc/libgweather-4.0/property.Info.enabled-providers.html to /usr/share/doc/libgweather-4.0
Installing /blfs/builds/libgweather-4.4.4/build/doc/libgweather-4.0/method.Info.get_application_id.html to /usr/share/doc/libgweather-4.0
Installing /blfs/builds/libgweather-4.4.4/build/doc/libgweather-4.0/RedHatText-MediumItalic.woff to /usr/share/doc/libgweather-4.0
Installing /blfs/builds/libgweather-4.4.4/build/doc/libgweather-4.0/method.Info.get_attribution.html to /usr/share/doc/libgweather-4.0
Installing /blfs/builds/libgweather-4.4.4/build/doc/libgweather-4.0/method.Info.get_wind.html to /usr/share/doc/libgweather-4.0
Installing /blfs/builds/libgweather-4.4.4/build/doc/libgweather-4.0/method.Info.abort.html to /usr/share/doc/libgweather-4.0
Installing /blfs/builds/libgweather-4.4.4/build/doc/libgweather-4.0/method.Location.next_child.html to /usr/share/doc/libgweather-4.0
Installing /blfs/builds/libgweather-4.4.4/build/doc/libgweather-4.0/method.Info.get_value_moonphase.html to /usr/share/doc/libgweather-4.0
Installing /blfs/builds/libgweather-4.4.4/build/doc/libgweather-4.0/method.Info.is_valid.html to /usr/share/doc/libgweather-4.0
Installing /blfs/builds/libgweather-4.4.4/build/doc/libgweather-4.0/RedHatDisplay-Bold.woff2 to /usr/share/doc/libgweather-4.0
Installing /blfs/builds/libgweather-4.4.4/build/doc/libgweather-4.0/flags.FormatOptions.html to /usr/share/doc/libgweather-4.0
Installing /blfs/builds/libgweather-4.4.4/build/doc/libgweather-4.0/method.Location.get_english_sort_name.html to /usr/share/doc/libgweather-4.0
Installing /blfs/builds/libgweather-4.4.4/build/doc/libgweather-4.0/method.Info.set_contact_info.html to /usr/share/doc/libgweather-4.0
Installing /blfs/builds/libgweather-4.4.4/build/doc/libgweather-4.0/fonts.css to /usr/share/doc/libgweather-4.0
Installing /blfs/builds/libgweather-4.4.4/build/doc/libgweather-4.0/enum.WindDirection.html to /usr/share/doc/libgweather-4.0
Installing /blfs/builds/libgweather-4.4.4/build/doc/libgweather-4.0/urlmap.js to /usr/share/doc/libgweather-4.0
Installing /blfs/builds/libgweather-4.4.4/build/doc/libgweather-4.0/struct.Conditions.html to /usr/share/doc/libgweather-4.0
Installing /blfs/builds/libgweather-4.4.4/build/doc/libgweather-4.0/method.Location.get_city_name.html to /usr/share/doc/libgweather-4.0
Installing /blfs/builds/libgweather-4.4.4/build/doc/libgweather-4.0/RedHatDisplay-Bold.woff to /usr/share/doc/libgweather-4.0
Installing /blfs/builds/libgweather-4.4.4/build/doc/libgweather-4.0/RedHatText-Italic.woff2 to /usr/share/doc/libgweather-4.0
Installing /blfs/builds/libgweather-4.4.4/build/doc/libgweather-4.0/libgweather-4.0.devhelp2 to /usr/share/doc/libgweather-4.0
Installing /blfs/builds/libgweather-4.4.4/build/doc/libgweather-4.0/method.Info.get_value_sunset.html to /usr/share/doc/libgweather-4.0
Installing /blfs/builds/libgweather-4.4.4/build/doc/libgweather-4.0/method.Info.get_symbolic_icon_name.html to /usr/share/doc/libgweather-4.0
Installing /blfs/builds/libgweather-4.4.4/build/doc/libgweather-4.0/property.Info.location.html to /usr/share/doc/libgweather-4.0
Installing /blfs/builds/libgweather-4.4.4/build/doc/libgweather-4.0/method.Location.has_timezone.html to /usr/share/doc/libgweather-4.0
Installing /blfs/builds/libgweather-4.4.4/build/doc/libgweather-4.0/enum.ConditionPhenomenon.html to /usr/share/doc/libgweather-4.0
Installing /blfs/builds/libgweather-4.4.4/build/doc/libgweather-4.0/method.Location.get_timezones.html to /usr/share/doc/libgweather-4.0
Installing /blfs/builds/libgweather-4.4.4/build/doc/libgweather-4.0/method.Location.serialize.html to /usr/share/doc/libgweather-4.0
Installing /blfs/builds/libgweather-4.4.4/build/doc/libgweather-4.0/method.Location.get_timezone_str.html to /usr/share/doc/libgweather-4.0
Installing /blfs/builds/libgweather-4.4.4/build/doc/libgweather-4.0/method.Info.get_location.html to /usr/share/doc/libgweather-4.0
Installing po/ab/LC_MESSAGES/libgweather-4.0.mo to /usr/share/locale/ab/LC_MESSAGES
Installing po/af/LC_MESSAGES/libgweather-4.0.mo to /usr/share/locale/af/LC_MESSAGES
Installing po/am/LC_MESSAGES/libgweather-4.0.mo to /usr/share/locale/am/LC_MESSAGES
Installing po/ar/LC_MESSAGES/libgweather-4.0.mo to /usr/share/locale/ar/LC_MESSAGES
Installing po/as/LC_MESSAGES/libgweather-4.0.mo to /usr/share/locale/as/LC_MESSAGES
Installing po/ast/LC_MESSAGES/libgweather-4.0.mo to /usr/share/locale/ast/LC_MESSAGES
Installing po/az/LC_MESSAGES/libgweather-4.0.mo to /usr/share/locale/az/LC_MESSAGES
Installing po/be/LC_MESSAGES/libgweather-4.0.mo to /usr/share/locale/be/LC_MESSAGES
Installing po/be@latin/LC_MESSAGES/libgweather-4.0.mo to /usr/share/locale/be@latin/LC_MESSAGES
Installing po/bg/LC_MESSAGES/libgweather-4.0.mo to /usr/share/locale/bg/LC_MESSAGES
Installing po/bn_IN/LC_MESSAGES/libgweather-4.0.mo to /usr/share/locale/bn_IN/LC_MESSAGES
Installing po/bn/LC_MESSAGES/libgweather-4.0.mo to /usr/share/locale/bn/LC_MESSAGES
Installing po/br/LC_MESSAGES/libgweather-4.0.mo to /usr/share/locale/br/LC_MESSAGES
Installing po/bs/LC_MESSAGES/libgweather-4.0.mo to /usr/share/locale/bs/LC_MESSAGES
Installing po/ca/LC_MESSAGES/libgweather-4.0.mo to /usr/share/locale/ca/LC_MESSAGES
Installing po/ca@valencia/LC_MESSAGES/libgweather-4.0.mo to /usr/share/locale/ca@valencia/LC_MESSAGES
Installing po/crh/LC_MESSAGES/libgweather-4.0.mo to /usr/share/locale/crh/LC_MESSAGES
Installing po/cs/LC_MESSAGES/libgweather-4.0.mo to /usr/share/locale/cs/LC_MESSAGES
Installing po/cy/LC_MESSAGES/libgweather-4.0.mo to /usr/share/locale/cy/LC_MESSAGES
Installing po/da/LC_MESSAGES/libgweather-4.0.mo to /usr/share/locale/da/LC_MESSAGES
Installing po/de/LC_MESSAGES/libgweather-4.0.mo to /usr/share/locale/de/LC_MESSAGES
Installing po/dz/LC_MESSAGES/libgweather-4.0.mo to /usr/share/locale/dz/LC_MESSAGES
Installing po/el/LC_MESSAGES/libgweather-4.0.mo to /usr/share/locale/el/LC_MESSAGES
Installing po/en_CA/LC_MESSAGES/libgweather-4.0.mo to /usr/share/locale/en_CA/LC_MESSAGES
Installing po/en_GB/LC_MESSAGES/libgweather-4.0.mo to /usr/share/locale/en_GB/LC_MESSAGES
Installing po/en@shaw/LC_MESSAGES/libgweather-4.0.mo to /usr/share/locale/en@shaw/LC_MESSAGES
Installing po/eo/LC_MESSAGES/libgweather-4.0.mo to /usr/share/locale/eo/LC_MESSAGES
Installing po/es_AR/LC_MESSAGES/libgweather-4.0.mo to /usr/share/locale/es_AR/LC_MESSAGES
Installing po/es_CL/LC_MESSAGES/libgweather-4.0.mo to /usr/share/locale/es_CL/LC_MESSAGES
Installing po/es_CO/LC_MESSAGES/libgweather-4.0.mo to /usr/share/locale/es_CO/LC_MESSAGES
Installing po/es_CR/LC_MESSAGES/libgweather-4.0.mo to /usr/share/locale/es_CR/LC_MESSAGES
Installing po/es_DO/LC_MESSAGES/libgweather-4.0.mo to /usr/share/locale/es_DO/LC_MESSAGES
Installing po/es_EC/LC_MESSAGES/libgweather-4.0.mo to /usr/share/locale/es_EC/LC_MESSAGES
Installing po/es_ES/LC_MESSAGES/libgweather-4.0.mo to /usr/share/locale/es_ES/LC_MESSAGES
Installing po/es_GT/LC_MESSAGES/libgweather-4.0.mo to /usr/share/locale/es_GT/LC_MESSAGES
Installing po/es_HN/LC_MESSAGES/libgweather-4.0.mo to /usr/share/locale/es_HN/LC_MESSAGES
Installing po/es_MX/LC_MESSAGES/libgweather-4.0.mo to /usr/share/locale/es_MX/LC_MESSAGES
Installing po/es_NI/LC_MESSAGES/libgweather-4.0.mo to /usr/share/locale/es_NI/LC_MESSAGES
Installing po/es_PA/LC_MESSAGES/libgweather-4.0.mo to /usr/share/locale/es_PA/LC_MESSAGES
Installing po/es_PE/LC_MESSAGES/libgweather-4.0.mo to /usr/share/locale/es_PE/LC_MESSAGES
Installing po/es/LC_MESSAGES/libgweather-4.0.mo to /usr/share/locale/es/LC_MESSAGES
Installing po/es_PR/LC_MESSAGES/libgweather-4.0.mo to /usr/share/locale/es_PR/LC_MESSAGES
Installing po/es_SV/LC_MESSAGES/libgweather-4.0.mo to /usr/share/locale/es_SV/LC_MESSAGES
Installing po/es_UY/LC_MESSAGES/libgweather-4.0.mo to /usr/share/locale/es_UY/LC_MESSAGES
Installing po/es_VE/LC_MESSAGES/libgweather-4.0.mo to /usr/share/locale/es_VE/LC_MESSAGES
Installing po/et/LC_MESSAGES/libgweather-4.0.mo to /usr/share/locale/et/LC_MESSAGES
Installing po/eu/LC_MESSAGES/libgweather-4.0.mo to /usr/share/locale/eu/LC_MESSAGES
Installing po/fa/LC_MESSAGES/libgweather-4.0.mo to /usr/share/locale/fa/LC_MESSAGES
Installing po/fi/LC_MESSAGES/libgweather-4.0.mo to /usr/share/locale/fi/LC_MESSAGES
Installing po/fr/LC_MESSAGES/libgweather-4.0.mo to /usr/share/locale/fr/LC_MESSAGES
Installing po/fur/LC_MESSAGES/libgweather-4.0.mo to /usr/share/locale/fur/LC_MESSAGES
Installing po/ga/LC_MESSAGES/libgweather-4.0.mo to /usr/share/locale/ga/LC_MESSAGES
Installing po/gd/LC_MESSAGES/libgweather-4.0.mo to /usr/share/locale/gd/LC_MESSAGES
Installing po/gl/LC_MESSAGES/libgweather-4.0.mo to /usr/share/locale/gl/LC_MESSAGES
Installing po/gu/LC_MESSAGES/libgweather-4.0.mo to /usr/share/locale/gu/LC_MESSAGES
Installing po/he/LC_MESSAGES/libgweather-4.0.mo to /usr/share/locale/he/LC_MESSAGES
Installing po/hi/LC_MESSAGES/libgweather-4.0.mo to /usr/share/locale/hi/LC_MESSAGES
Installing po/hr/LC_MESSAGES/libgweather-4.0.mo to /usr/share/locale/hr/LC_MESSAGES
Installing po/hu/LC_MESSAGES/libgweather-4.0.mo to /usr/share/locale/hu/LC_MESSAGES
Installing po/hy/LC_MESSAGES/libgweather-4.0.mo to /usr/share/locale/hy/LC_MESSAGES
Installing po/id/LC_MESSAGES/libgweather-4.0.mo to /usr/share/locale/id/LC_MESSAGES
Installing po/is/LC_MESSAGES/libgweather-4.0.mo to /usr/share/locale/is/LC_MESSAGES
Installing po/it/LC_MESSAGES/libgweather-4.0.mo to /usr/share/locale/it/LC_MESSAGES
Installing po/ja/LC_MESSAGES/libgweather-4.0.mo to /usr/share/locale/ja/LC_MESSAGES
Installing po/ka/LC_MESSAGES/libgweather-4.0.mo to /usr/share/locale/ka/LC_MESSAGES
Installing po/kab/LC_MESSAGES/libgweather-4.0.mo to /usr/share/locale/kab/LC_MESSAGES
Installing po/kk/LC_MESSAGES/libgweather-4.0.mo to /usr/share/locale/kk/LC_MESSAGES
Installing po/kn/LC_MESSAGES/libgweather-4.0.mo to /usr/share/locale/kn/LC_MESSAGES
Installing po/ko/LC_MESSAGES/libgweather-4.0.mo to /usr/share/locale/ko/LC_MESSAGES
Installing po/ku/LC_MESSAGES/libgweather-4.0.mo to /usr/share/locale/ku/LC_MESSAGES
Installing po/ky/LC_MESSAGES/libgweather-4.0.mo to /usr/share/locale/ky/LC_MESSAGES
Installing po/lt/LC_MESSAGES/libgweather-4.0.mo to /usr/share/locale/lt/LC_MESSAGES
Installing po/lv/LC_MESSAGES/libgweather-4.0.mo to /usr/share/locale/lv/LC_MESSAGES
Installing po/mai/LC_MESSAGES/libgweather-4.0.mo to /usr/share/locale/mai/LC_MESSAGES
Installing po/mg/LC_MESSAGES/libgweather-4.0.mo to /usr/share/locale/mg/LC_MESSAGES
Installing po/mk/LC_MESSAGES/libgweather-4.0.mo to /usr/share/locale/mk/LC_MESSAGES
Installing po/ml/LC_MESSAGES/libgweather-4.0.mo to /usr/share/locale/ml/LC_MESSAGES
Installing po/mn/LC_MESSAGES/libgweather-4.0.mo to /usr/share/locale/mn/LC_MESSAGES
Installing po/mr/LC_MESSAGES/libgweather-4.0.mo to /usr/share/locale/mr/LC_MESSAGES
Installing po/ms/LC_MESSAGES/libgweather-4.0.mo to /usr/share/locale/ms/LC_MESSAGES
Installing po/nb/LC_MESSAGES/libgweather-4.0.mo to /usr/share/locale/nb/LC_MESSAGES
Installing po/ne/LC_MESSAGES/libgweather-4.0.mo to /usr/share/locale/ne/LC_MESSAGES
Installing po/nl/LC_MESSAGES/libgweather-4.0.mo to /usr/share/locale/nl/LC_MESSAGES
Installing po/nn/LC_MESSAGES/libgweather-4.0.mo to /usr/share/locale/nn/LC_MESSAGES
Installing po/oc/LC_MESSAGES/libgweather-4.0.mo to /usr/share/locale/oc/LC_MESSAGES
Installing po/or/LC_MESSAGES/libgweather-4.0.mo to /usr/share/locale/or/LC_MESSAGES
Installing po/pa/LC_MESSAGES/libgweather-4.0.mo to /usr/share/locale/pa/LC_MESSAGES
Installing po/pl/LC_MESSAGES/libgweather-4.0.mo to /usr/share/locale/pl/LC_MESSAGES
Installing po/pt_BR/LC_MESSAGES/libgweather-4.0.mo to /usr/share/locale/pt_BR/LC_MESSAGES
Installing po/pt/LC_MESSAGES/libgweather-4.0.mo to /usr/share/locale/pt/LC_MESSAGES
Installing po/ro/LC_MESSAGES/libgweather-4.0.mo to /usr/share/locale/ro/LC_MESSAGES
Installing po/ru/LC_MESSAGES/libgweather-4.0.mo to /usr/share/locale/ru/LC_MESSAGES
Installing po/rw/LC_MESSAGES/libgweather-4.0.mo to /usr/share/locale/rw/LC_MESSAGES
Installing po/si/LC_MESSAGES/libgweather-4.0.mo to /usr/share/locale/si/LC_MESSAGES
Installing po/sk/LC_MESSAGES/libgweather-4.0.mo to /usr/share/locale/sk/LC_MESSAGES
Installing po/sl/LC_MESSAGES/libgweather-4.0.mo to /usr/share/locale/sl/LC_MESSAGES
Installing po/sq/LC_MESSAGES/libgweather-4.0.mo to /usr/share/locale/sq/LC_MESSAGES
Installing po/sr/LC_MESSAGES/libgweather-4.0.mo to /usr/share/locale/sr/LC_MESSAGES
Installing po/sr@latin/LC_MESSAGES/libgweather-4.0.mo to /usr/share/locale/sr@latin/LC_MESSAGES
Installing po/sv/LC_MESSAGES/libgweather-4.0.mo to /usr/share/locale/sv/LC_MESSAGES
Installing po/ta/LC_MESSAGES/libgweather-4.0.mo to /usr/share/locale/ta/LC_MESSAGES
Installing po/te/LC_MESSAGES/libgweather-4.0.mo to /usr/share/locale/te/LC_MESSAGES
Installing po/th/LC_MESSAGES/libgweather-4.0.mo to /usr/share/locale/th/LC_MESSAGES
Installing po/tr/LC_MESSAGES/libgweather-4.0.mo to /usr/share/locale/tr/LC_MESSAGES
Installing po/ug/LC_MESSAGES/libgweather-4.0.mo to /usr/share/locale/ug/LC_MESSAGES
Installing po/uk/LC_MESSAGES/libgweather-4.0.mo to /usr/share/locale/uk/LC_MESSAGES
Installing po/vi/LC_MESSAGES/libgweather-4.0.mo to /usr/share/locale/vi/LC_MESSAGES
Installing po/wa/LC_MESSAGES/libgweather-4.0.mo to /usr/share/locale/wa/LC_MESSAGES
Installing po/xh/LC_MESSAGES/libgweather-4.0.mo to /usr/share/locale/xh/LC_MESSAGES
Installing po/zh_CN/LC_MESSAGES/libgweather-4.0.mo to /usr/share/locale/zh_CN/LC_MESSAGES
Installing po/zh_HK/LC_MESSAGES/libgweather-4.0.mo to /usr/share/locale/zh_HK/LC_MESSAGES
Installing po/zh_TW/LC_MESSAGES/libgweather-4.0.mo to /usr/share/locale/zh_TW/LC_MESSAGES
Installing po-locations/ang/LC_MESSAGES/libgweather-4.0-locations.mo to /usr/share/locale/ang/LC_MESSAGES
Installing po-locations/ar/LC_MESSAGES/libgweather-4.0-locations.mo to /usr/share/locale/ar/LC_MESSAGES
Installing po-locations/as/LC_MESSAGES/libgweather-4.0-locations.mo to /usr/share/locale/as/LC_MESSAGES
Installing po-locations/ast/LC_MESSAGES/libgweather-4.0-locations.mo to /usr/share/locale/ast/LC_MESSAGES
Installing po-locations/az/LC_MESSAGES/libgweather-4.0-locations.mo to /usr/share/locale/az/LC_MESSAGES
Installing po-locations/be@latin/LC_MESSAGES/libgweather-4.0-locations.mo to /usr/share/locale/be@latin/LC_MESSAGES
Installing po-locations/be/LC_MESSAGES/libgweather-4.0-locations.mo to /usr/share/locale/be/LC_MESSAGES
Installing po-locations/bg/LC_MESSAGES/libgweather-4.0-locations.mo to /usr/share/locale/bg/LC_MESSAGES
Installing po-locations/bn_IN/LC_MESSAGES/libgweather-4.0-locations.mo to /usr/share/locale/bn_IN/LC_MESSAGES
Installing po-locations/bn/LC_MESSAGES/libgweather-4.0-locations.mo to /usr/share/locale/bn/LC_MESSAGES
Installing po-locations/br/LC_MESSAGES/libgweather-4.0-locations.mo to /usr/share/locale/br/LC_MESSAGES
Installing po-locations/bs/LC_MESSAGES/libgweather-4.0-locations.mo to /usr/share/locale/bs/LC_MESSAGES
Installing po-locations/ca/LC_MESSAGES/libgweather-4.0-locations.mo to /usr/share/locale/ca/LC_MESSAGES
Installing po-locations/ca@valencia/LC_MESSAGES/libgweather-4.0-locations.mo to /usr/share/locale/ca@valencia/LC_MESSAGES
Installing po-locations/crh/LC_MESSAGES/libgweather-4.0-locations.mo to /usr/share/locale/crh/LC_MESSAGES
Installing po-locations/cs/LC_MESSAGES/libgweather-4.0-locations.mo to /usr/share/locale/cs/LC_MESSAGES
Installing po-locations/cy/LC_MESSAGES/libgweather-4.0-locations.mo to /usr/share/locale/cy/LC_MESSAGES
Installing po-locations/da/LC_MESSAGES/libgweather-4.0-locations.mo to /usr/share/locale/da/LC_MESSAGES
Installing po-locations/de/LC_MESSAGES/libgweather-4.0-locations.mo to /usr/share/locale/de/LC_MESSAGES
Installing po-locations/dz/LC_MESSAGES/libgweather-4.0-locations.mo to /usr/share/locale/dz/LC_MESSAGES
Installing po-locations/el/LC_MESSAGES/libgweather-4.0-locations.mo to /usr/share/locale/el/LC_MESSAGES
Installing po-locations/en_CA/LC_MESSAGES/libgweather-4.0-locations.mo to /usr/share/locale/en_CA/LC_MESSAGES
Installing po-locations/en_GB/LC_MESSAGES/libgweather-4.0-locations.mo to /usr/share/locale/en_GB/LC_MESSAGES
Installing po-locations/en@shaw/LC_MESSAGES/libgweather-4.0-locations.mo to /usr/share/locale/en@shaw/LC_MESSAGES
Installing po-locations/eo/LC_MESSAGES/libgweather-4.0-locations.mo to /usr/share/locale/eo/LC_MESSAGES
Installing po-locations/es/LC_MESSAGES/libgweather-4.0-locations.mo to /usr/share/locale/es/LC_MESSAGES
Installing po-locations/et/LC_MESSAGES/libgweather-4.0-locations.mo to /usr/share/locale/et/LC_MESSAGES
Installing po-locations/eu/LC_MESSAGES/libgweather-4.0-locations.mo to /usr/share/locale/eu/LC_MESSAGES
Installing po-locations/fa/LC_MESSAGES/libgweather-4.0-locations.mo to /usr/share/locale/fa/LC_MESSAGES
Installing po-locations/fi/LC_MESSAGES/libgweather-4.0-locations.mo to /usr/share/locale/fi/LC_MESSAGES
Installing po-locations/fr/LC_MESSAGES/libgweather-4.0-locations.mo to /usr/share/locale/fr/LC_MESSAGES
Installing po-locations/fur/LC_MESSAGES/libgweather-4.0-locations.mo to /usr/share/locale/fur/LC_MESSAGES
Installing po-locations/ga/LC_MESSAGES/libgweather-4.0-locations.mo to /usr/share/locale/ga/LC_MESSAGES
Installing po-locations/gd/LC_MESSAGES/libgweather-4.0-locations.mo to /usr/share/locale/gd/LC_MESSAGES
Installing po-locations/gl/LC_MESSAGES/libgweather-4.0-locations.mo to /usr/share/locale/gl/LC_MESSAGES
Installing po-locations/gu/LC_MESSAGES/libgweather-4.0-locations.mo to /usr/share/locale/gu/LC_MESSAGES
Installing po-locations/he/LC_MESSAGES/libgweather-4.0-locations.mo to /usr/share/locale/he/LC_MESSAGES
Installing po-locations/hi/LC_MESSAGES/libgweather-4.0-locations.mo to /usr/share/locale/hi/LC_MESSAGES
Installing po-locations/hr/LC_MESSAGES/libgweather-4.0-locations.mo to /usr/share/locale/hr/LC_MESSAGES
Installing po-locations/hu/LC_MESSAGES/libgweather-4.0-locations.mo to /usr/share/locale/hu/LC_MESSAGES
Installing po-locations/id/LC_MESSAGES/libgweather-4.0-locations.mo to /usr/share/locale/id/LC_MESSAGES
Installing po-locations/is/LC_MESSAGES/libgweather-4.0-locations.mo to /usr/share/locale/is/LC_MESSAGES
Installing po-locations/it/LC_MESSAGES/libgweather-4.0-locations.mo to /usr/share/locale/it/LC_MESSAGES
Installing po-locations/ja/LC_MESSAGES/libgweather-4.0-locations.mo to /usr/share/locale/ja/LC_MESSAGES
Installing po-locations/ka/LC_MESSAGES/libgweather-4.0-locations.mo to /usr/share/locale/ka/LC_MESSAGES
Installing po-locations/kk/LC_MESSAGES/libgweather-4.0-locations.mo to /usr/share/locale/kk/LC_MESSAGES
Installing po-locations/kn/LC_MESSAGES/libgweather-4.0-locations.mo to /usr/share/locale/kn/LC_MESSAGES
Installing po-locations/ko/LC_MESSAGES/libgweather-4.0-locations.mo to /usr/share/locale/ko/LC_MESSAGES
Installing po-locations/ku/LC_MESSAGES/libgweather-4.0-locations.mo to /usr/share/locale/ku/LC_MESSAGES
Installing po-locations/ky/LC_MESSAGES/libgweather-4.0-locations.mo to /usr/share/locale/ky/LC_MESSAGES
Installing po-locations/lt/LC_MESSAGES/libgweather-4.0-locations.mo to /usr/share/locale/lt/LC_MESSAGES
Installing po-locations/lv/LC_MESSAGES/libgweather-4.0-locations.mo to /usr/share/locale/lv/LC_MESSAGES
Installing po-locations/mai/LC_MESSAGES/libgweather-4.0-locations.mo to /usr/share/locale/mai/LC_MESSAGES
Installing po-locations/mg/LC_MESSAGES/libgweather-4.0-locations.mo to /usr/share/locale/mg/LC_MESSAGES
Installing po-locations/mk/LC_MESSAGES/libgweather-4.0-locations.mo to /usr/share/locale/mk/LC_MESSAGES
Installing po-locations/ml/LC_MESSAGES/libgweather-4.0-locations.mo to /usr/share/locale/ml/LC_MESSAGES
Installing po-locations/mn/LC_MESSAGES/libgweather-4.0-locations.mo to /usr/share/locale/mn/LC_MESSAGES
Installing po-locations/mr/LC_MESSAGES/libgweather-4.0-locations.mo to /usr/share/locale/mr/LC_MESSAGES
Installing po-locations/ms/LC_MESSAGES/libgweather-4.0-locations.mo to /usr/share/locale/ms/LC_MESSAGES
Installing po-locations/nb/LC_MESSAGES/libgweather-4.0-locations.mo to /usr/share/locale/nb/LC_MESSAGES
Installing po-locations/nds/LC_MESSAGES/libgweather-4.0-locations.mo to /usr/share/locale/nds/LC_MESSAGES
Installing po-locations/ne/LC_MESSAGES/libgweather-4.0-locations.mo to /usr/share/locale/ne/LC_MESSAGES
Installing po-locations/nl/LC_MESSAGES/libgweather-4.0-locations.mo to /usr/share/locale/nl/LC_MESSAGES
Installing po-locations/nn/LC_MESSAGES/libgweather-4.0-locations.mo to /usr/share/locale/nn/LC_MESSAGES
Installing po-locations/oc/LC_MESSAGES/libgweather-4.0-locations.mo to /usr/share/locale/oc/LC_MESSAGES
Installing po-locations/or/LC_MESSAGES/libgweather-4.0-locations.mo to /usr/share/locale/or/LC_MESSAGES
Installing po-locations/pa/LC_MESSAGES/libgweather-4.0-locations.mo to /usr/share/locale/pa/LC_MESSAGES
Installing po-locations/pl/LC_MESSAGES/libgweather-4.0-locations.mo to /usr/share/locale/pl/LC_MESSAGES
Installing po-locations/pt_BR/LC_MESSAGES/libgweather-4.0-locations.mo to /usr/share/locale/pt_BR/LC_MESSAGES
Installing po-locations/pt/LC_MESSAGES/libgweather-4.0-locations.mo to /usr/share/locale/pt/LC_MESSAGES
Installing po-locations/ro/LC_MESSAGES/libgweather-4.0-locations.mo to /usr/share/locale/ro/LC_MESSAGES
Installing po-locations/ru/LC_MESSAGES/libgweather-4.0-locations.mo to /usr/share/locale/ru/LC_MESSAGES
Installing po-locations/rw/LC_MESSAGES/libgweather-4.0-locations.mo to /usr/share/locale/rw/LC_MESSAGES
Installing po-locations/si/LC_MESSAGES/libgweather-4.0-locations.mo to /usr/share/locale/si/LC_MESSAGES
Installing po-locations/sk/LC_MESSAGES/libgweather-4.0-locations.mo to /usr/share/locale/sk/LC_MESSAGES
Installing po-locations/sl/LC_MESSAGES/libgweather-4.0-locations.mo to /usr/share/locale/sl/LC_MESSAGES
Installing po-locations/sq/LC_MESSAGES/libgweather-4.0-locations.mo to /usr/share/locale/sq/LC_MESSAGES
Installing po-locations/sr@latin/LC_MESSAGES/libgweather-4.0-locations.mo to /usr/share/locale/sr@latin/LC_MESSAGES
Installing po-locations/sr/LC_MESSAGES/libgweather-4.0-locations.mo to /usr/share/locale/sr/LC_MESSAGES
Installing po-locations/sv/LC_MESSAGES/libgweather-4.0-locations.mo to /usr/share/locale/sv/LC_MESSAGES
Installing po-locations/ta/LC_MESSAGES/libgweather-4.0-locations.mo to /usr/share/locale/ta/LC_MESSAGES
Installing po-locations/te/LC_MESSAGES/libgweather-4.0-locations.mo to /usr/share/locale/te/LC_MESSAGES
Installing po-locations/th/LC_MESSAGES/libgweather-4.0-locations.mo to /usr/share/locale/th/LC_MESSAGES
Installing po-locations/tr/LC_MESSAGES/libgweather-4.0-locations.mo to /usr/share/locale/tr/LC_MESSAGES
Installing po-locations/ug/LC_MESSAGES/libgweather-4.0-locations.mo to /usr/share/locale/ug/LC_MESSAGES
Installing po-locations/uk/LC_MESSAGES/libgweather-4.0-locations.mo to /usr/share/locale/uk/LC_MESSAGES
Installing po-locations/vi/LC_MESSAGES/libgweather-4.0-locations.mo to /usr/share/locale/vi/LC_MESSAGES
Installing po-locations/zh_CN/LC_MESSAGES/libgweather-4.0-locations.mo to /usr/share/locale/zh_CN/LC_MESSAGES
Installing po-locations/zh_HK/LC_MESSAGES/libgweather-4.0-locations.mo to /usr/share/locale/zh_HK/LC_MESSAGES
Installing po-locations/zh_TW/LC_MESSAGES/libgweather-4.0-locations.mo to /usr/share/locale/zh_TW/LC_MESSAGES
Installing /blfs/builds/libgweather-4.4.4/libgweather/gweather-info.h to /usr/include/libgweather-4.0/libgweather
Installing /blfs/builds/libgweather-4.4.4/libgweather/gweather-location.h to /usr/include/libgweather-4.0/libgweather
Installing /blfs/builds/libgweather-4.4.4/libgweather/gweather-enums.h to /usr/include/libgweather-4.0/libgweather
Installing /blfs/builds/libgweather-4.4.4/libgweather/gweather.h to /usr/include/libgweather-4.0/libgweather
Installing /blfs/builds/libgweather-4.4.4/data/Locations.xml to /usr/share/libgweather-4
Installing /blfs/builds/libgweather-4.4.4/data/locations.dtd to /usr/share/libgweather-4
Installing /blfs/builds/libgweather-4.4.4/schemas/org.gnome.GWeather4.gschema.xml to /usr/share/glib-2.0/schemas
Installing /blfs/builds/libgweather-4.4.4/build/libgweather/gweather-version.h to /usr/include/libgweather-4.0/libgweather
Installing /blfs/builds/libgweather-4.4.4/build/meson-private/gweather4.deps to /usr/share/vala/vapi
Installing /blfs/builds/libgweather-4.4.4/build/meson-private/gweather4.pc to /usr/lib/pkgconfig
Installing symlink pointing to libgweather-4.so.0.400.4 to /usr/lib/libgweather-4.so.0
Installing symlink pointing to libgweather-4.so.0 to /usr/lib/libgweather-4.so
Running custom install script '/usr/bin/glib-compile-schemas /usr/share/glib-2.0/schemas'
[0/1] Installing files
Installing data/Locations.bin to /pkgs/libgweather/usr/lib/libgweather-4
Installing schemas/org.gnome.GWeather4.enums.xml to /pkgs/libgweather/usr/share/glib-2.0/schemas
Installing libgweather/gweather-enum-types.h to /pkgs/libgweather/usr/include/libgweather-4.0/libgweather
Installing libgweather/libgweather-4.so.0.400.4 to /pkgs/libgweather/usr/lib
Installing libgweather/GWeather-4.0.gir to /pkgs/libgweather/usr/share/gir-1.0
Installing libgweather/GWeather-4.0.typelib to /pkgs/libgweather/usr/lib/girepository-1.0
Installing libgweather/gweather4.vapi to /pkgs/libgweather/usr/share/vala/vapi
Installing /blfs/builds/libgweather-4.4.4/build/doc/libgweather-4.0/enum.SpeedUnit.html to /pkgs/libgweather/usr/share/doc/libgweather-4.0
Installing /blfs/builds/libgweather-4.4.4/build/doc/libgweather-4.0/method.Location.free_timezones.html to /pkgs/libgweather/usr/share/doc/libgweather-4.0
Installing /blfs/builds/libgweather-4.4.4/build/doc/libgweather-4.0/SourceCodePro-Semibold.ttf.woff to /pkgs/libgweather/usr/share/doc/libgweather-4.0
Installing /blfs/builds/libgweather-4.4.4/build/doc/libgweather-4.0/RedHatText-Medium.woff2 to /pkgs/libgweather/usr/share/doc/libgweather-4.0
Installing /blfs/builds/libgweather-4.4.4/build/doc/libgweather-4.0/method.Location.get_distance.html to /pkgs/libgweather/usr/share/doc/libgweather-4.0
Installing /blfs/builds/libgweather-4.4.4/build/doc/libgweather-4.0/method.Info.get_upcoming_moonphases.html to /pkgs/libgweather/usr/share/doc/libgweather-4.0
Installing /blfs/builds/libgweather-4.4.4/build/doc/libgweather-4.0/method.Info.get_sunset.html to /pkgs/libgweather/usr/share/doc/libgweather-4.0
Installing /blfs/builds/libgweather-4.4.4/build/doc/libgweather-4.0/method.Location.deserialize.html to /pkgs/libgweather/usr/share/doc/libgweather-4.0
Installing /blfs/builds/libgweather-4.4.4/build/doc/libgweather-4.0/method.Info.get_dew.html to /pkgs/libgweather/usr/share/doc/libgweather-4.0
Installing /blfs/builds/libgweather-4.4.4/build/doc/libgweather-4.0/type_func.WindDirection.to_string_full.html to /pkgs/libgweather/usr/share/doc/libgweather-4.0
Installing /blfs/builds/libgweather-4.4.4/build/doc/libgweather-4.0/type_func.Sky.to_string.html to /pkgs/libgweather/usr/share/doc/libgweather-4.0
Installing /blfs/builds/libgweather-4.4.4/build/doc/libgweather-4.0/enum.Sky.html to /pkgs/libgweather/usr/share/doc/libgweather-4.0
Installing /blfs/builds/libgweather-4.4.4/build/doc/libgweather-4.0/method.Info.get_visibility.html to /pkgs/libgweather/usr/share/doc/libgweather-4.0
Installing /blfs/builds/libgweather-4.4.4/build/doc/libgweather-4.0/RedHatText-Medium.woff to /pkgs/libgweather/usr/share/doc/libgweather-4.0
Installing /blfs/builds/libgweather-4.4.4/build/doc/libgweather-4.0/RedHatText-Regular.woff2 to /pkgs/libgweather/usr/share/doc/libgweather-4.0
Installing /blfs/builds/libgweather-4.4.4/build/doc/libgweather-4.0/method.Info.get_value_update.html to /pkgs/libgweather/usr/share/doc/libgweather-4.0
Installing /blfs/builds/libgweather-4.4.4/build/doc/libgweather-4.0/property.Info.contact-info.html to /pkgs/libgweather/usr/share/doc/libgweather-4.0
Installing /blfs/builds/libgweather-4.4.4/build/doc/libgweather-4.0/method.Location.get_english_name.html to /pkgs/libgweather/usr/share/doc/libgweather-4.0
Installing /blfs/builds/libgweather-4.4.4/build/doc/libgweather-4.0/RedHatText-Regular.woff to /pkgs/libgweather/usr/share/doc/libgweather-4.0
Installing /blfs/builds/libgweather-4.4.4/build/doc/libgweather-4.0/method.Info.get_update.html to /pkgs/libgweather/usr/share/doc/libgweather-4.0
Installing /blfs/builds/libgweather-4.4.4/build/doc/libgweather-4.0/method.Info.get_sunrise.html to /pkgs/libgweather/usr/share/doc/libgweather-4.0
Installing /blfs/builds/libgweather-4.4.4/build/doc/libgweather-4.0/enum.TemperatureUnit.html to /pkgs/libgweather/usr/share/doc/libgweather-4.0
Installing /blfs/builds/libgweather-4.4.4/build/doc/libgweather-4.0/method.Location.has_coords.html to /pkgs/libgweather/usr/share/doc/libgweather-4.0
Installing /blfs/builds/libgweather-4.4.4/build/doc/libgweather-4.0/method.Info.get_forecast_list.html to /pkgs/libgweather/usr/share/doc/libgweather-4.0
Installing /blfs/builds/libgweather-4.4.4/build/doc/libgweather-4.0/method.Info.get_value_sunrise.html to /pkgs/libgweather/usr/share/doc/libgweather-4.0
Installing /blfs/builds/libgweather-4.4.4/build/doc/libgweather-4.0/search.js to /pkgs/libgweather/usr/share/doc/libgweather-4.0
Installing /blfs/builds/libgweather-4.4.4/build/doc/libgweather-4.0/method.Location.find_by_station_code.html to /pkgs/libgweather/usr/share/doc/libgweather-4.0
Installing /blfs/builds/libgweather-4.4.4/build/doc/libgweather-4.0/index.html to /pkgs/libgweather/usr/share/doc/libgweather-4.0
Installing /blfs/builds/libgweather-4.4.4/build/doc/libgweather-4.0/method.Info.get_temp_min.html to /pkgs/libgweather/usr/share/doc/libgweather-4.0
Installing /blfs/builds/libgweather-4.4.4/build/doc/libgweather-4.0/method.Info.get_weather_summary.html to /pkgs/libgweather/usr/share/doc/libgweather-4.0
Installing /blfs/builds/libgweather-4.4.4/build/doc/libgweather-4.0/SourceCodePro-It.ttf.woff to /pkgs/libgweather/usr/share/doc/libgweather-4.0
Installing /blfs/builds/libgweather-4.4.4/build/doc/libgweather-4.0/method.Info.get_temp_max.html to /pkgs/libgweather/usr/share/doc/libgweather-4.0
Installing /blfs/builds/libgweather-4.4.4/build/doc/libgweather-4.0/migrating-3to4.html to /pkgs/libgweather/usr/share/doc/libgweather-4.0
Installing /blfs/builds/libgweather-4.4.4/build/doc/libgweather-4.0/method.Location.find_nearest_city_full.html to /pkgs/libgweather/usr/share/doc/libgweather-4.0
Installing /blfs/builds/libgweather-4.4.4/build/doc/libgweather-4.0/signal.Info.updated.html to /pkgs/libgweather/usr/share/doc/libgweather-4.0
Installing /blfs/builds/libgweather-4.4.4/build/doc/libgweather-4.0/method.Info.get_contact_info.html to /pkgs/libgweather/usr/share/doc/libgweather-4.0
Installing /blfs/builds/libgweather-4.4.4/build/doc/libgweather-4.0/method.Info.set_enabled_providers.html to /pkgs/libgweather/usr/share/doc/libgweather-4.0
Installing /blfs/builds/libgweather-4.4.4/build/doc/libgweather-4.0/RedHatDisplay-Regular.woff2 to /pkgs/libgweather/usr/share/doc/libgweather-4.0
Installing /blfs/builds/libgweather-4.4.4/build/doc/libgweather-4.0/RedHatDisplay-Italic.woff2 to /pkgs/libgweather/usr/share/doc/libgweather-4.0
Installing /blfs/builds/libgweather-4.4.4/build/doc/libgweather-4.0/type_func.SpeedUnit.to_string.html to /pkgs/libgweather/usr/share/doc/libgweather-4.0
Installing /blfs/builds/libgweather-4.4.4/build/doc/libgweather-4.0/method.Location.get_level.html to /pkgs/libgweather/usr/share/doc/libgweather-4.0
Installing /blfs/builds/libgweather-4.4.4/build/doc/libgweather-4.0/style.css to /pkgs/libgweather/usr/share/doc/libgweather-4.0
Installing /blfs/builds/libgweather-4.4.4/build/doc/libgweather-4.0/method.Info.get_value_visibility.html to /pkgs/libgweather/usr/share/doc/libgweather-4.0
Installing /blfs/builds/libgweather-4.4.4/build/doc/libgweather-4.0/method.Location.detect_nearest_city.html to /pkgs/libgweather/usr/share/doc/libgweather-4.0
Installing /blfs/builds/libgweather-4.4.4/build/doc/libgweather-4.0/method.Location.get_code.html to /pkgs/libgweather/usr/share/doc/libgweather-4.0
Installing /blfs/builds/libgweather-4.4.4/build/doc/libgweather-4.0/method.Info.get_value_temp_max.html to /pkgs/libgweather/usr/share/doc/libgweather-4.0
Installing /blfs/builds/libgweather-4.4.4/build/doc/libgweather-4.0/method.Info.get_value_pressure.html to /pkgs/libgweather/usr/share/doc/libgweather-4.0
Installing /blfs/builds/libgweather-4.4.4/build/doc/libgweather-4.0/type_func.LocationLevel.to_string.html to /pkgs/libgweather/usr/share/doc/libgweather-4.0
Installing /blfs/builds/libgweather-4.4.4/build/doc/libgweather-4.0/type_func.Sky.to_string_full.html to /pkgs/libgweather/usr/share/doc/libgweather-4.0
Installing /blfs/builds/libgweather-4.4.4/build/doc/libgweather-4.0/RedHatDisplay-BlackItalic.woff2 to /pkgs/libgweather/usr/share/doc/libgweather-4.0
Installing /blfs/builds/libgweather-4.4.4/build/doc/libgweather-4.0/method.Location.equal.html to /pkgs/libgweather/usr/share/doc/libgweather-4.0
Installing /blfs/builds/libgweather-4.4.4/build/doc/libgweather-4.0/ctor.Location.new_detached.html to /pkgs/libgweather/usr/share/doc/libgweather-4.0
Installing /blfs/builds/libgweather-4.4.4/build/doc/libgweather-4.0/method.Info.get_sky.html to /pkgs/libgweather/usr/share/doc/libgweather-4.0
Installing /blfs/builds/libgweather-4.4.4/build/doc/libgweather-4.0/main.js to /pkgs/libgweather/usr/share/doc/libgweather-4.0
Installing /blfs/builds/libgweather-4.4.4/build/doc/libgweather-4.0/method.Location.get_timezone.html to /pkgs/libgweather/usr/share/doc/libgweather-4.0
Installing /blfs/builds/libgweather-4.4.4/build/doc/libgweather-4.0/method.Info.get_icon_name.html to /pkgs/libgweather/usr/share/doc/libgweather-4.0
Installing /blfs/builds/libgweather-4.4.4/build/doc/libgweather-4.0/ctor.Info.new.html to /pkgs/libgweather/usr/share/doc/libgweather-4.0
Installing /blfs/builds/libgweather-4.4.4/build/doc/libgweather-4.0/method.Info.next_sun_event.html to /pkgs/libgweather/usr/share/doc/libgweather-4.0
Installing /blfs/builds/libgweather-4.4.4/build/doc/libgweather-4.0/alias.MoonPhase.html to /pkgs/libgweather/usr/share/doc/libgweather-4.0
Installing /blfs/builds/libgweather-4.4.4/build/doc/libgweather-4.0/method.Info.get_value_conditions.html to /pkgs/libgweather/usr/share/doc/libgweather-4.0
Installing /blfs/builds/libgweather-4.4.4/build/doc/libgweather-4.0/type_func.WindDirection.to_string.html to /pkgs/libgweather/usr/share/doc/libgweather-4.0
Installing /blfs/builds/libgweather-4.4.4/build/doc/libgweather-4.0/class.Info.html to /pkgs/libgweather/usr/share/doc/libgweather-4.0
Installing /blfs/builds/libgweather-4.4.4/build/doc/libgweather-4.0/method.Conditions.to_string_full.html to /pkgs/libgweather/usr/share/doc/libgweather-4.0
Installing /blfs/builds/libgweather-4.4.4/build/doc/libgweather-4.0/method.Info.set_location.html to /pkgs/libgweather/usr/share/doc/libgweather-4.0
Installing /blfs/builds/libgweather-4.4.4/build/doc/libgweather-4.0/method.Info.get_temp.html to /pkgs/libgweather/usr/share/doc/libgweather-4.0
Installing /blfs/builds/libgweather-4.4.4/build/doc/libgweather-4.0/enum.PressureUnit.html to /pkgs/libgweather/usr/share/doc/libgweather-4.0
Installing /blfs/builds/libgweather-4.4.4/build/doc/libgweather-4.0/method.Info.get_value_temp_min.html to /pkgs/libgweather/usr/share/doc/libgweather-4.0
Installing /blfs/builds/libgweather-4.4.4/build/doc/libgweather-4.0/solarized-light.css to /pkgs/libgweather/usr/share/doc/libgweather-4.0
Installing /blfs/builds/libgweather-4.4.4/build/doc/libgweather-4.0/RedHatText-Bold.woff to /pkgs/libgweather/usr/share/doc/libgweather-4.0
Installing /blfs/builds/libgweather-4.4.4/build/doc/libgweather-4.0/RedHatText-Bold.woff2 to /pkgs/libgweather/usr/share/doc/libgweather-4.0
Installing /blfs/builds/libgweather-4.4.4/build/doc/libgweather-4.0/RedHatText-BoldItalic.woff2 to /pkgs/libgweather/usr/share/doc/libgweather-4.0
Installing /blfs/builds/libgweather-4.4.4/build/doc/libgweather-4.0/method.Info.get_value_sky.html to /pkgs/libgweather/usr/share/doc/libgweather-4.0
Installing /blfs/builds/libgweather-4.4.4/build/doc/libgweather-4.0/enum.LocationLevel.html to /pkgs/libgweather/usr/share/doc/libgweather-4.0
Installing /blfs/builds/libgweather-4.4.4/build/doc/libgweather-4.0/fzy.js to /pkgs/libgweather/usr/share/doc/libgweather-4.0
Installing /blfs/builds/libgweather-4.4.4/build/doc/libgweather-4.0/alias.MoonLatitude.html to /pkgs/libgweather/usr/share/doc/libgweather-4.0
Installing /blfs/builds/libgweather-4.4.4/build/doc/libgweather-4.0/method.Info.set_application_id.html to /pkgs/libgweather/usr/share/doc/libgweather-4.0
Installing /blfs/builds/libgweather-4.4.4/build/doc/libgweather-4.0/method.Location.get_coords.html to /pkgs/libgweather/usr/share/doc/libgweather-4.0
Installing /blfs/builds/libgweather-4.4.4/build/doc/libgweather-4.0/SourceCodePro-Regular.ttf.woff to /pkgs/libgweather/usr/share/doc/libgweather-4.0
Installing /blfs/builds/libgweather-4.4.4/build/doc/libgweather-4.0/RedHatText-BoldItalic.woff to /pkgs/libgweather/usr/share/doc/libgweather-4.0
Installing /blfs/builds/libgweather-4.4.4/build/doc/libgweather-4.0/callback.FilterFunc.html to /pkgs/libgweather/usr/share/doc/libgweather-4.0
Installing /blfs/builds/libgweather-4.4.4/build/doc/libgweather-4.0/type_func.Info.store_cache.html to /pkgs/libgweather/usr/share/doc/libgweather-4.0
Installing /blfs/builds/libgweather-4.4.4/build/doc/libgweather-4.0/type_func.Location.detect_nearest_city_finish.html to /pkgs/libgweather/usr/share/doc/libgweather-4.0
Installing /blfs/builds/libgweather-4.4.4/build/doc/libgweather-4.0/method.Info.get_temp_summary.html to /pkgs/libgweather/usr/share/doc/libgweather-4.0
Installing /blfs/builds/libgweather-4.4.4/build/doc/libgweather-4.0/RedHatDisplay-Italic.woff to /pkgs/libgweather/usr/share/doc/libgweather-4.0
Installing /blfs/builds/libgweather-4.4.4/build/doc/libgweather-4.0/RedHatText-MediumItalic.woff2 to /pkgs/libgweather/usr/share/doc/libgweather-4.0
Installing /blfs/builds/libgweather-4.4.4/build/doc/libgweather-4.0/class.Location.html to /pkgs/libgweather/usr/share/doc/libgweather-4.0
Installing /blfs/builds/libgweather-4.4.4/build/doc/libgweather-4.0/RedHatDisplay-Medium.woff to /pkgs/libgweather/usr/share/doc/libgweather-4.0
Installing /blfs/builds/libgweather-4.4.4/build/doc/libgweather-4.0/method.Location.find_by_country_code.html to /pkgs/libgweather/usr/share/doc/libgweather-4.0
Installing /blfs/builds/libgweather-4.4.4/build/doc/libgweather-4.0/classes_hierarchy.html to /pkgs/libgweather/usr/share/doc/libgweather-4.0
Installing /blfs/builds/libgweather-4.4.4/build/doc/libgweather-4.0/method.Info.network_error.html to /pkgs/libgweather/usr/share/doc/libgweather-4.0
Installing /blfs/builds/libgweather-4.4.4/build/doc/libgweather-4.0/RedHatDisplay-Black.woff2 to /pkgs/libgweather/usr/share/doc/libgweather-4.0
Installing /blfs/builds/libgweather-4.4.4/build/doc/libgweather-4.0/RedHatDisplay-BoldItalic.woff2 to /pkgs/libgweather/usr/share/doc/libgweather-4.0
Installing /blfs/builds/libgweather-4.4.4/build/doc/libgweather-4.0/method.Info.get_location_name.html to /pkgs/libgweather/usr/share/doc/libgweather-4.0
Installing /blfs/builds/libgweather-4.4.4/build/doc/libgweather-4.0/enum.ConditionQualifier.html to /pkgs/libgweather/usr/share/doc/libgweather-4.0
Installing /blfs/builds/libgweather-4.4.4/build/doc/libgweather-4.0/RedHatDisplay-MediumItalic.woff to /pkgs/libgweather/usr/share/doc/libgweather-4.0
Installing /blfs/builds/libgweather-4.4.4/build/doc/libgweather-4.0/RedHatDisplay-BlackItalic.woff to /pkgs/libgweather/usr/share/doc/libgweather-4.0
Installing /blfs/builds/libgweather-4.4.4/build/doc/libgweather-4.0/flags.Provider.html to /pkgs/libgweather/usr/share/doc/libgweather-4.0
Installing /blfs/builds/libgweather-4.4.4/build/doc/libgweather-4.0/RedHatDisplay-Medium.woff2 to /pkgs/libgweather/usr/share/doc/libgweather-4.0
Installing /blfs/builds/libgweather-4.4.4/build/doc/libgweather-4.0/RedHatText-Italic.woff to /pkgs/libgweather/usr/share/doc/libgweather-4.0
Installing /blfs/builds/libgweather-4.4.4/build/doc/libgweather-4.0/method.Location.get_parent.html to /pkgs/libgweather/usr/share/doc/libgweather-4.0
Installing /blfs/builds/libgweather-4.4.4/build/doc/libgweather-4.0/RedHatDisplay-Black.woff to /pkgs/libgweather/usr/share/doc/libgweather-4.0
Installing /blfs/builds/libgweather-4.4.4/build/doc/libgweather-4.0/adding-locations.html to /pkgs/libgweather/usr/share/doc/libgweather-4.0
Installing /blfs/builds/libgweather-4.4.4/build/doc/libgweather-4.0/method.Info.update.html to /pkgs/libgweather/usr/share/doc/libgweather-4.0
Installing /blfs/builds/libgweather-4.4.4/build/doc/libgweather-4.0/method.Info.get_humidity.html to /pkgs/libgweather/usr/share/doc/libgweather-4.0
Installing /blfs/builds/libgweather-4.4.4/build/doc/libgweather-4.0/go-up-symbolic.png to /pkgs/libgweather/usr/share/doc/libgweather-4.0
Installing /blfs/builds/libgweather-4.4.4/build/doc/libgweather-4.0/method.Info.get_conditions.html to /pkgs/libgweather/usr/share/doc/libgweather-4.0
Installing /blfs/builds/libgweather-4.4.4/build/doc/libgweather-4.0/method.Info.get_value_dew.html to /pkgs/libgweather/usr/share/doc/libgweather-4.0
Installing /blfs/builds/libgweather-4.4.4/build/doc/libgweather-4.0/type_func.Location.get_world.html to /pkgs/libgweather/usr/share/doc/libgweather-4.0
Installing /blfs/builds/libgweather-4.4.4/build/doc/libgweather-4.0/method.Info.get_pressure.html to /pkgs/libgweather/usr/share/doc/libgweather-4.0
Installing /blfs/builds/libgweather-4.4.4/build/doc/libgweather-4.0/method.Info.get_value_wind.html to /pkgs/libgweather/usr/share/doc/libgweather-4.0
Installing /blfs/builds/libgweather-4.4.4/build/doc/libgweather-4.0/index.json to /pkgs/libgweather/usr/share/doc/libgweather-4.0
Installing /blfs/builds/libgweather-4.4.4/build/doc/libgweather-4.0/RedHatDisplay-Regular.woff to /pkgs/libgweather/usr/share/doc/libgweather-4.0
Installing /blfs/builds/libgweather-4.4.4/build/doc/libgweather-4.0/method.Location.get_country_name.html to /pkgs/libgweather/usr/share/doc/libgweather-4.0
Installing /blfs/builds/libgweather-4.4.4/build/doc/libgweather-4.0/property.Info.application-id.html to /pkgs/libgweather/usr/share/doc/libgweather-4.0
Installing /blfs/builds/libgweather-4.4.4/build/doc/libgweather-4.0/method.Info.get_value_apparent.html to /pkgs/libgweather/usr/share/doc/libgweather-4.0
Installing /blfs/builds/libgweather-4.4.4/build/doc/libgweather-4.0/method.Info.is_daytime.html to /pkgs/libgweather/usr/share/doc/libgweather-4.0
Installing /blfs/builds/libgweather-4.4.4/build/doc/libgweather-4.0/method.Info.get_value_temp.html to /pkgs/libgweather/usr/share/doc/libgweather-4.0
Installing /blfs/builds/libgweather-4.4.4/build/doc/libgweather-4.0/solarized-dark.css to /pkgs/libgweather/usr/share/doc/libgweather-4.0
Installing /blfs/builds/libgweather-4.4.4/build/doc/libgweather-4.0/method.Location.find_nearest_city.html to /pkgs/libgweather/usr/share/doc/libgweather-4.0
Installing /blfs/builds/libgweather-4.4.4/build/doc/libgweather-4.0/method.Location.get_sort_name.html to /pkgs/libgweather/usr/share/doc/libgweather-4.0
Installing /blfs/builds/libgweather-4.4.4/build/doc/libgweather-4.0/method.Info.get_apparent.html to /pkgs/libgweather/usr/share/doc/libgweather-4.0
Installing /blfs/builds/libgweather-4.4.4/build/doc/libgweather-4.0/type_func.TemperatureUnit.to_real.html to /pkgs/libgweather/usr/share/doc/libgweather-4.0
Installing /blfs/builds/libgweather-4.4.4/build/doc/libgweather-4.0/method.Info.get_enabled_providers.html to /pkgs/libgweather/usr/share/doc/libgweather-4.0
Installing /blfs/builds/libgweather-4.4.4/build/doc/libgweather-4.0/RedHatDisplay-MediumItalic.woff2 to /pkgs/libgweather/usr/share/doc/libgweather-4.0
Installing /blfs/builds/libgweather-4.4.4/build/doc/libgweather-4.0/opensearch.xml to /pkgs/libgweather/usr/share/doc/libgweather-4.0
Installing /blfs/builds/libgweather-4.4.4/build/doc/libgweather-4.0/libgweather-logo.svg to /pkgs/libgweather/usr/share/doc/libgweather-4.0
Installing /blfs/builds/libgweather-4.4.4/build/doc/libgweather-4.0/method.Location.get_country.html to /pkgs/libgweather/usr/share/doc/libgweather-4.0
Installing /blfs/builds/libgweather-4.4.4/build/doc/libgweather-4.0/method.Location.get_name.html to /pkgs/libgweather/usr/share/doc/libgweather-4.0
Installing /blfs/builds/libgweather-4.4.4/build/doc/libgweather-4.0/enum.DistanceUnit.html to /pkgs/libgweather/usr/share/doc/libgweather-4.0
Installing /blfs/builds/libgweather-4.4.4/build/doc/libgweather-4.0/RedHatDisplay-BoldItalic.woff to /pkgs/libgweather/usr/share/doc/libgweather-4.0
Installing /blfs/builds/libgweather-4.4.4/build/doc/libgweather-4.0/method.Conditions.to_string.html to /pkgs/libgweather/usr/share/doc/libgweather-4.0
Installing /blfs/builds/libgweather-4.4.4/build/doc/libgweather-4.0/property.Info.enabled-providers.html to /pkgs/libgweather/usr/share/doc/libgweather-4.0
Installing /blfs/builds/libgweather-4.4.4/build/doc/libgweather-4.0/method.Info.get_application_id.html to /pkgs/libgweather/usr/share/doc/libgweather-4.0
Installing /blfs/builds/libgweather-4.4.4/build/doc/libgweather-4.0/RedHatText-MediumItalic.woff to /pkgs/libgweather/usr/share/doc/libgweather-4.0
Installing /blfs/builds/libgweather-4.4.4/build/doc/libgweather-4.0/method.Info.get_attribution.html to /pkgs/libgweather/usr/share/doc/libgweather-4.0
Installing /blfs/builds/libgweather-4.4.4/build/doc/libgweather-4.0/method.Info.get_wind.html to /pkgs/libgweather/usr/share/doc/libgweather-4.0
Installing /blfs/builds/libgweather-4.4.4/build/doc/libgweather-4.0/method.Info.abort.html to /pkgs/libgweather/usr/share/doc/libgweather-4.0
Installing /blfs/builds/libgweather-4.4.4/build/doc/libgweather-4.0/method.Location.next_child.html to /pkgs/libgweather/usr/share/doc/libgweather-4.0
Installing /blfs/builds/libgweather-4.4.4/build/doc/libgweather-4.0/method.Info.get_value_moonphase.html to /pkgs/libgweather/usr/share/doc/libgweather-4.0
Installing /blfs/builds/libgweather-4.4.4/build/doc/libgweather-4.0/method.Info.is_valid.html to /pkgs/libgweather/usr/share/doc/libgweather-4.0
Installing /blfs/builds/libgweather-4.4.4/build/doc/libgweather-4.0/RedHatDisplay-Bold.woff2 to /pkgs/libgweather/usr/share/doc/libgweather-4.0
Installing /blfs/builds/libgweather-4.4.4/build/doc/libgweather-4.0/flags.FormatOptions.html to /pkgs/libgweather/usr/share/doc/libgweather-4.0
Installing /blfs/builds/libgweather-4.4.4/build/doc/libgweather-4.0/method.Location.get_english_sort_name.html to /pkgs/libgweather/usr/share/doc/libgweather-4.0
Installing /blfs/builds/libgweather-4.4.4/build/doc/libgweather-4.0/method.Info.set_contact_info.html to /pkgs/libgweather/usr/share/doc/libgweather-4.0
Installing /blfs/builds/libgweather-4.4.4/build/doc/libgweather-4.0/fonts.css to /pkgs/libgweather/usr/share/doc/libgweather-4.0
Installing /blfs/builds/libgweather-4.4.4/build/doc/libgweather-4.0/enum.WindDirection.html to /pkgs/libgweather/usr/share/doc/libgweather-4.0
Installing /blfs/builds/libgweather-4.4.4/build/doc/libgweather-4.0/urlmap.js to /pkgs/libgweather/usr/share/doc/libgweather-4.0
Installing /blfs/builds/libgweather-4.4.4/build/doc/libgweather-4.0/struct.Conditions.html to /pkgs/libgweather/usr/share/doc/libgweather-4.0
Installing /blfs/builds/libgweather-4.4.4/build/doc/libgweather-4.0/method.Location.get_city_name.html to /pkgs/libgweather/usr/share/doc/libgweather-4.0
Installing /blfs/builds/libgweather-4.4.4/build/doc/libgweather-4.0/RedHatDisplay-Bold.woff to /pkgs/libgweather/usr/share/doc/libgweather-4.0
Installing /blfs/builds/libgweather-4.4.4/build/doc/libgweather-4.0/RedHatText-Italic.woff2 to /pkgs/libgweather/usr/share/doc/libgweather-4.0
Installing /blfs/builds/libgweather-4.4.4/build/doc/libgweather-4.0/libgweather-4.0.devhelp2 to /pkgs/libgweather/usr/share/doc/libgweather-4.0
Installing /blfs/builds/libgweather-4.4.4/build/doc/libgweather-4.0/method.Info.get_value_sunset.html to /pkgs/libgweather/usr/share/doc/libgweather-4.0
Installing /blfs/builds/libgweather-4.4.4/build/doc/libgweather-4.0/method.Info.get_symbolic_icon_name.html to /pkgs/libgweather/usr/share/doc/libgweather-4.0
Installing /blfs/builds/libgweather-4.4.4/build/doc/libgweather-4.0/property.Info.location.html to /pkgs/libgweather/usr/share/doc/libgweather-4.0
Installing /blfs/builds/libgweather-4.4.4/build/doc/libgweather-4.0/method.Location.has_timezone.html to /pkgs/libgweather/usr/share/doc/libgweather-4.0
Installing /blfs/builds/libgweather-4.4.4/build/doc/libgweather-4.0/enum.ConditionPhenomenon.html to /pkgs/libgweather/usr/share/doc/libgweather-4.0
Installing /blfs/builds/libgweather-4.4.4/build/doc/libgweather-4.0/method.Location.get_timezones.html to /pkgs/libgweather/usr/share/doc/libgweather-4.0
Installing /blfs/builds/libgweather-4.4.4/build/doc/libgweather-4.0/method.Location.serialize.html to /pkgs/libgweather/usr/share/doc/libgweather-4.0
Installing /blfs/builds/libgweather-4.4.4/build/doc/libgweather-4.0/method.Location.get_timezone_str.html to /pkgs/libgweather/usr/share/doc/libgweather-4.0
Installing /blfs/builds/libgweather-4.4.4/build/doc/libgweather-4.0/method.Info.get_location.html to /pkgs/libgweather/usr/share/doc/libgweather-4.0
Installing po/ab/LC_MESSAGES/libgweather-4.0.mo to /pkgs/libgweather/usr/share/locale/ab/LC_MESSAGES
Installing po/af/LC_MESSAGES/libgweather-4.0.mo to /pkgs/libgweather/usr/share/locale/af/LC_MESSAGES
Installing po/am/LC_MESSAGES/libgweather-4.0.mo to /pkgs/libgweather/usr/share/locale/am/LC_MESSAGES
Installing po/ar/LC_MESSAGES/libgweather-4.0.mo to /pkgs/libgweather/usr/share/locale/ar/LC_MESSAGES
Installing po/as/LC_MESSAGES/libgweather-4.0.mo to /pkgs/libgweather/usr/share/locale/as/LC_MESSAGES
Installing po/ast/LC_MESSAGES/libgweather-4.0.mo to /pkgs/libgweather/usr/share/locale/ast/LC_MESSAGES
Installing po/az/LC_MESSAGES/libgweather-4.0.mo to /pkgs/libgweather/usr/share/locale/az/LC_MESSAGES
Installing po/be/LC_MESSAGES/libgweather-4.0.mo to /pkgs/libgweather/usr/share/locale/be/LC_MESSAGES
Installing po/be@latin/LC_MESSAGES/libgweather-4.0.mo to /pkgs/libgweather/usr/share/locale/be@latin/LC_MESSAGES
Installing po/bg/LC_MESSAGES/libgweather-4.0.mo to /pkgs/libgweather/usr/share/locale/bg/LC_MESSAGES
Installing po/bn_IN/LC_MESSAGES/libgweather-4.0.mo to /pkgs/libgweather/usr/share/locale/bn_IN/LC_MESSAGES
Installing po/bn/LC_MESSAGES/libgweather-4.0.mo to /pkgs/libgweather/usr/share/locale/bn/LC_MESSAGES
Installing po/br/LC_MESSAGES/libgweather-4.0.mo to /pkgs/libgweather/usr/share/locale/br/LC_MESSAGES
Installing po/bs/LC_MESSAGES/libgweather-4.0.mo to /pkgs/libgweather/usr/share/locale/bs/LC_MESSAGES
Installing po/ca/LC_MESSAGES/libgweather-4.0.mo to /pkgs/libgweather/usr/share/locale/ca/LC_MESSAGES
Installing po/ca@valencia/LC_MESSAGES/libgweather-4.0.mo to /pkgs/libgweather/usr/share/locale/ca@valencia/LC_MESSAGES
Installing po/crh/LC_MESSAGES/libgweather-4.0.mo to /pkgs/libgweather/usr/share/locale/crh/LC_MESSAGES
Installing po/cs/LC_MESSAGES/libgweather-4.0.mo to /pkgs/libgweather/usr/share/locale/cs/LC_MESSAGES
Installing po/cy/LC_MESSAGES/libgweather-4.0.mo to /pkgs/libgweather/usr/share/locale/cy/LC_MESSAGES
Installing po/da/LC_MESSAGES/libgweather-4.0.mo to /pkgs/libgweather/usr/share/locale/da/LC_MESSAGES
Installing po/de/LC_MESSAGES/libgweather-4.0.mo to /pkgs/libgweather/usr/share/locale/de/LC_MESSAGES
Installing po/dz/LC_MESSAGES/libgweather-4.0.mo to /pkgs/libgweather/usr/share/locale/dz/LC_MESSAGES
Installing po/el/LC_MESSAGES/libgweather-4.0.mo to /pkgs/libgweather/usr/share/locale/el/LC_MESSAGES
Installing po/en_CA/LC_MESSAGES/libgweather-4.0.mo to /pkgs/libgweather/usr/share/locale/en_CA/LC_MESSAGES
Installing po/en_GB/LC_MESSAGES/libgweather-4.0.mo to /pkgs/libgweather/usr/share/locale/en_GB/LC_MESSAGES
Installing po/en@shaw/LC_MESSAGES/libgweather-4.0.mo to /pkgs/libgweather/usr/share/locale/en@shaw/LC_MESSAGES
Installing po/eo/LC_MESSAGES/libgweather-4.0.mo to /pkgs/libgweather/usr/share/locale/eo/LC_MESSAGES
Installing po/es_AR/LC_MESSAGES/libgweather-4.0.mo to /pkgs/libgweather/usr/share/locale/es_AR/LC_MESSAGES
Installing po/es_CL/LC_MESSAGES/libgweather-4.0.mo to /pkgs/libgweather/usr/share/locale/es_CL/LC_MESSAGES
Installing po/es_CO/LC_MESSAGES/libgweather-4.0.mo to /pkgs/libgweather/usr/share/locale/es_CO/LC_MESSAGES
Installing po/es_CR/LC_MESSAGES/libgweather-4.0.mo to /pkgs/libgweather/usr/share/locale/es_CR/LC_MESSAGES
Installing po/es_DO/LC_MESSAGES/libgweather-4.0.mo to /pkgs/libgweather/usr/share/locale/es_DO/LC_MESSAGES
Installing po/es_EC/LC_MESSAGES/libgweather-4.0.mo to /pkgs/libgweather/usr/share/locale/es_EC/LC_MESSAGES
Installing po/es_ES/LC_MESSAGES/libgweather-4.0.mo to /pkgs/libgweather/usr/share/locale/es_ES/LC_MESSAGES
Installing po/es_GT/LC_MESSAGES/libgweather-4.0.mo to /pkgs/libgweather/usr/share/locale/es_GT/LC_MESSAGES
Installing po/es_HN/LC_MESSAGES/libgweather-4.0.mo to /pkgs/libgweather/usr/share/locale/es_HN/LC_MESSAGES
Installing po/es_MX/LC_MESSAGES/libgweather-4.0.mo to /pkgs/libgweather/usr/share/locale/es_MX/LC_MESSAGES
Installing po/es_NI/LC_MESSAGES/libgweather-4.0.mo to /pkgs/libgweather/usr/share/locale/es_NI/LC_MESSAGES
Installing po/es_PA/LC_MESSAGES/libgweather-4.0.mo to /pkgs/libgweather/usr/share/locale/es_PA/LC_MESSAGES
Installing po/es_PE/LC_MESSAGES/libgweather-4.0.mo to /pkgs/libgweather/usr/share/locale/es_PE/LC_MESSAGES
Installing po/es/LC_MESSAGES/libgweather-4.0.mo to /pkgs/libgweather/usr/share/locale/es/LC_MESSAGES
Installing po/es_PR/LC_MESSAGES/libgweather-4.0.mo to /pkgs/libgweather/usr/share/locale/es_PR/LC_MESSAGES
Installing po/es_SV/LC_MESSAGES/libgweather-4.0.mo to /pkgs/libgweather/usr/share/locale/es_SV/LC_MESSAGES
Installing po/es_UY/LC_MESSAGES/libgweather-4.0.mo to /pkgs/libgweather/usr/share/locale/es_UY/LC_MESSAGES
Installing po/es_VE/LC_MESSAGES/libgweather-4.0.mo to /pkgs/libgweather/usr/share/locale/es_VE/LC_MESSAGES
Installing po/et/LC_MESSAGES/libgweather-4.0.mo to /pkgs/libgweather/usr/share/locale/et/LC_MESSAGES
Installing po/eu/LC_MESSAGES/libgweather-4.0.mo to /pkgs/libgweather/usr/share/locale/eu/LC_MESSAGES
Installing po/fa/LC_MESSAGES/libgweather-4.0.mo to /pkgs/libgweather/usr/share/locale/fa/LC_MESSAGES
Installing po/fi/LC_MESSAGES/libgweather-4.0.mo to /pkgs/libgweather/usr/share/locale/fi/LC_MESSAGES
Installing po/fr/LC_MESSAGES/libgweather-4.0.mo to /pkgs/libgweather/usr/share/locale/fr/LC_MESSAGES
Installing po/fur/LC_MESSAGES/libgweather-4.0.mo to /pkgs/libgweather/usr/share/locale/fur/LC_MESSAGES
Installing po/ga/LC_MESSAGES/libgweather-4.0.mo to /pkgs/libgweather/usr/share/locale/ga/LC_MESSAGES
Installing po/gd/LC_MESSAGES/libgweather-4.0.mo to /pkgs/libgweather/usr/share/locale/gd/LC_MESSAGES
Installing po/gl/LC_MESSAGES/libgweather-4.0.mo to /pkgs/libgweather/usr/share/locale/gl/LC_MESSAGES
Installing po/gu/LC_MESSAGES/libgweather-4.0.mo to /pkgs/libgweather/usr/share/locale/gu/LC_MESSAGES
Installing po/he/LC_MESSAGES/libgweather-4.0.mo to /pkgs/libgweather/usr/share/locale/he/LC_MESSAGES
Installing po/hi/LC_MESSAGES/libgweather-4.0.mo to /pkgs/libgweather/usr/share/locale/hi/LC_MESSAGES
Installing po/hr/LC_MESSAGES/libgweather-4.0.mo to /pkgs/libgweather/usr/share/locale/hr/LC_MESSAGES
Installing po/hu/LC_MESSAGES/libgweather-4.0.mo to /pkgs/libgweather/usr/share/locale/hu/LC_MESSAGES
Installing po/hy/LC_MESSAGES/libgweather-4.0.mo to /pkgs/libgweather/usr/share/locale/hy/LC_MESSAGES
Installing po/id/LC_MESSAGES/libgweather-4.0.mo to /pkgs/libgweather/usr/share/locale/id/LC_MESSAGES
Installing po/is/LC_MESSAGES/libgweather-4.0.mo to /pkgs/libgweather/usr/share/locale/is/LC_MESSAGES
Installing po/it/LC_MESSAGES/libgweather-4.0.mo to /pkgs/libgweather/usr/share/locale/it/LC_MESSAGES
Installing po/ja/LC_MESSAGES/libgweather-4.0.mo to /pkgs/libgweather/usr/share/locale/ja/LC_MESSAGES
Installing po/ka/LC_MESSAGES/libgweather-4.0.mo to /pkgs/libgweather/usr/share/locale/ka/LC_MESSAGES
Installing po/kab/LC_MESSAGES/libgweather-4.0.mo to /pkgs/libgweather/usr/share/locale/kab/LC_MESSAGES
Installing po/kk/LC_MESSAGES/libgweather-4.0.mo to /pkgs/libgweather/usr/share/locale/kk/LC_MESSAGES
Installing po/kn/LC_MESSAGES/libgweather-4.0.mo to /pkgs/libgweather/usr/share/locale/kn/LC_MESSAGES
Installing po/ko/LC_MESSAGES/libgweather-4.0.mo to /pkgs/libgweather/usr/share/locale/ko/LC_MESSAGES
Installing po/ku/LC_MESSAGES/libgweather-4.0.mo to /pkgs/libgweather/usr/share/locale/ku/LC_MESSAGES
Installing po/ky/LC_MESSAGES/libgweather-4.0.mo to /pkgs/libgweather/usr/share/locale/ky/LC_MESSAGES
Installing po/lt/LC_MESSAGES/libgweather-4.0.mo to /pkgs/libgweather/usr/share/locale/lt/LC_MESSAGES
Installing po/lv/LC_MESSAGES/libgweather-4.0.mo to /pkgs/libgweather/usr/share/locale/lv/LC_MESSAGES
Installing po/mai/LC_MESSAGES/libgweather-4.0.mo to /pkgs/libgweather/usr/share/locale/mai/LC_MESSAGES
Installing po/mg/LC_MESSAGES/libgweather-4.0.mo to /pkgs/libgweather/usr/share/locale/mg/LC_MESSAGES
Installing po/mk/LC_MESSAGES/libgweather-4.0.mo to /pkgs/libgweather/usr/share/locale/mk/LC_MESSAGES
Installing po/ml/LC_MESSAGES/libgweather-4.0.mo to /pkgs/libgweather/usr/share/locale/ml/LC_MESSAGES
Installing po/mn/LC_MESSAGES/libgweather-4.0.mo to /pkgs/libgweather/usr/share/locale/mn/LC_MESSAGES
Installing po/mr/LC_MESSAGES/libgweather-4.0.mo to /pkgs/libgweather/usr/share/locale/mr/LC_MESSAGES
Installing po/ms/LC_MESSAGES/libgweather-4.0.mo to /pkgs/libgweather/usr/share/locale/ms/LC_MESSAGES
Installing po/nb/LC_MESSAGES/libgweather-4.0.mo to /pkgs/libgweather/usr/share/locale/nb/LC_MESSAGES
Installing po/ne/LC_MESSAGES/libgweather-4.0.mo to /pkgs/libgweather/usr/share/locale/ne/LC_MESSAGES
Installing po/nl/LC_MESSAGES/libgweather-4.0.mo to /pkgs/libgweather/usr/share/locale/nl/LC_MESSAGES
Installing po/nn/LC_MESSAGES/libgweather-4.0.mo to /pkgs/libgweather/usr/share/locale/nn/LC_MESSAGES
Installing po/oc/LC_MESSAGES/libgweather-4.0.mo to /pkgs/libgweather/usr/share/locale/oc/LC_MESSAGES
Installing po/or/LC_MESSAGES/libgweather-4.0.mo to /pkgs/libgweather/usr/share/locale/or/LC_MESSAGES
Installing po/pa/LC_MESSAGES/libgweather-4.0.mo to /pkgs/libgweather/usr/share/locale/pa/LC_MESSAGES
Installing po/pl/LC_MESSAGES/libgweather-4.0.mo to /pkgs/libgweather/usr/share/locale/pl/LC_MESSAGES
Installing po/pt_BR/LC_MESSAGES/libgweather-4.0.mo to /pkgs/libgweather/usr/share/locale/pt_BR/LC_MESSAGES
Installing po/pt/LC_MESSAGES/libgweather-4.0.mo to /pkgs/libgweather/usr/share/locale/pt/LC_MESSAGES
Installing po/ro/LC_MESSAGES/libgweather-4.0.mo to /pkgs/libgweather/usr/share/locale/ro/LC_MESSAGES
Installing po/ru/LC_MESSAGES/libgweather-4.0.mo to /pkgs/libgweather/usr/share/locale/ru/LC_MESSAGES
Installing po/rw/LC_MESSAGES/libgweather-4.0.mo to /pkgs/libgweather/usr/share/locale/rw/LC_MESSAGES
Installing po/si/LC_MESSAGES/libgweather-4.0.mo to /pkgs/libgweather/usr/share/locale/si/LC_MESSAGES
Installing po/sk/LC_MESSAGES/libgweather-4.0.mo to /pkgs/libgweather/usr/share/locale/sk/LC_MESSAGES
Installing po/sl/LC_MESSAGES/libgweather-4.0.mo to /pkgs/libgweather/usr/share/locale/sl/LC_MESSAGES
Installing po/sq/LC_MESSAGES/libgweather-4.0.mo to /pkgs/libgweather/usr/share/locale/sq/LC_MESSAGES
Installing po/sr/LC_MESSAGES/libgweather-4.0.mo to /pkgs/libgweather/usr/share/locale/sr/LC_MESSAGES
Installing po/sr@latin/LC_MESSAGES/libgweather-4.0.mo to /pkgs/libgweather/usr/share/locale/sr@latin/LC_MESSAGES
Installing po/sv/LC_MESSAGES/libgweather-4.0.mo to /pkgs/libgweather/usr/share/locale/sv/LC_MESSAGES
Installing po/ta/LC_MESSAGES/libgweather-4.0.mo to /pkgs/libgweather/usr/share/locale/ta/LC_MESSAGES
Installing po/te/LC_MESSAGES/libgweather-4.0.mo to /pkgs/libgweather/usr/share/locale/te/LC_MESSAGES
Installing po/th/LC_MESSAGES/libgweather-4.0.mo to /pkgs/libgweather/usr/share/locale/th/LC_MESSAGES
Installing po/tr/LC_MESSAGES/libgweather-4.0.mo to /pkgs/libgweather/usr/share/locale/tr/LC_MESSAGES
Installing po/ug/LC_MESSAGES/libgweather-4.0.mo to /pkgs/libgweather/usr/share/locale/ug/LC_MESSAGES
Installing po/uk/LC_MESSAGES/libgweather-4.0.mo to /pkgs/libgweather/usr/share/locale/uk/LC_MESSAGES
Installing po/vi/LC_MESSAGES/libgweather-4.0.mo to /pkgs/libgweather/usr/share/locale/vi/LC_MESSAGES
Installing po/wa/LC_MESSAGES/libgweather-4.0.mo to /pkgs/libgweather/usr/share/locale/wa/LC_MESSAGES
Installing po/xh/LC_MESSAGES/libgweather-4.0.mo to /pkgs/libgweather/usr/share/locale/xh/LC_MESSAGES
Installing po/zh_CN/LC_MESSAGES/libgweather-4.0.mo to /pkgs/libgweather/usr/share/locale/zh_CN/LC_MESSAGES
Installing po/zh_HK/LC_MESSAGES/libgweather-4.0.mo to /pkgs/libgweather/usr/share/locale/zh_HK/LC_MESSAGES
Installing po/zh_TW/LC_MESSAGES/libgweather-4.0.mo to /pkgs/libgweather/usr/share/locale/zh_TW/LC_MESSAGES
Installing po-locations/ang/LC_MESSAGES/libgweather-4.0-locations.mo to /pkgs/libgweather/usr/share/locale/ang/LC_MESSAGES
Installing po-locations/ar/LC_MESSAGES/libgweather-4.0-locations.mo to /pkgs/libgweather/usr/share/locale/ar/LC_MESSAGES
Installing po-locations/as/LC_MESSAGES/libgweather-4.0-locations.mo to /pkgs/libgweather/usr/share/locale/as/LC_MESSAGES
Installing po-locations/ast/LC_MESSAGES/libgweather-4.0-locations.mo to /pkgs/libgweather/usr/share/locale/ast/LC_MESSAGES
Installing po-locations/az/LC_MESSAGES/libgweather-4.0-locations.mo to /pkgs/libgweather/usr/share/locale/az/LC_MESSAGES
Installing po-locations/be@latin/LC_MESSAGES/libgweather-4.0-locations.mo to /pkgs/libgweather/usr/share/locale/be@latin/LC_MESSAGES
Installing po-locations/be/LC_MESSAGES/libgweather-4.0-locations.mo to /pkgs/libgweather/usr/share/locale/be/LC_MESSAGES
Installing po-locations/bg/LC_MESSAGES/libgweather-4.0-locations.mo to /pkgs/libgweather/usr/share/locale/bg/LC_MESSAGES
Installing po-locations/bn_IN/LC_MESSAGES/libgweather-4.0-locations.mo to /pkgs/libgweather/usr/share/locale/bn_IN/LC_MESSAGES
Installing po-locations/bn/LC_MESSAGES/libgweather-4.0-locations.mo to /pkgs/libgweather/usr/share/locale/bn/LC_MESSAGES
Installing po-locations/br/LC_MESSAGES/libgweather-4.0-locations.mo to /pkgs/libgweather/usr/share/locale/br/LC_MESSAGES
Installing po-locations/bs/LC_MESSAGES/libgweather-4.0-locations.mo to /pkgs/libgweather/usr/share/locale/bs/LC_MESSAGES
Installing po-locations/ca/LC_MESSAGES/libgweather-4.0-locations.mo to /pkgs/libgweather/usr/share/locale/ca/LC_MESSAGES
Installing po-locations/ca@valencia/LC_MESSAGES/libgweather-4.0-locations.mo to /pkgs/libgweather/usr/share/locale/ca@valencia/LC_MESSAGES
Installing po-locations/crh/LC_MESSAGES/libgweather-4.0-locations.mo to /pkgs/libgweather/usr/share/locale/crh/LC_MESSAGES
Installing po-locations/cs/LC_MESSAGES/libgweather-4.0-locations.mo to /pkgs/libgweather/usr/share/locale/cs/LC_MESSAGES
Installing po-locations/cy/LC_MESSAGES/libgweather-4.0-locations.mo to /pkgs/libgweather/usr/share/locale/cy/LC_MESSAGES
Installing po-locations/da/LC_MESSAGES/libgweather-4.0-locations.mo to /pkgs/libgweather/usr/share/locale/da/LC_MESSAGES
Installing po-locations/de/LC_MESSAGES/libgweather-4.0-locations.mo to /pkgs/libgweather/usr/share/locale/de/LC_MESSAGES
Installing po-locations/dz/LC_MESSAGES/libgweather-4.0-locations.mo to /pkgs/libgweather/usr/share/locale/dz/LC_MESSAGES
Installing po-locations/el/LC_MESSAGES/libgweather-4.0-locations.mo to /pkgs/libgweather/usr/share/locale/el/LC_MESSAGES
Installing po-locations/en_CA/LC_MESSAGES/libgweather-4.0-locations.mo to /pkgs/libgweather/usr/share/locale/en_CA/LC_MESSAGES
Installing po-locations/en_GB/LC_MESSAGES/libgweather-4.0-locations.mo to /pkgs/libgweather/usr/share/locale/en_GB/LC_MESSAGES
Installing po-locations/en@shaw/LC_MESSAGES/libgweather-4.0-locations.mo to /pkgs/libgweather/usr/share/locale/en@shaw/LC_MESSAGES
Installing po-locations/eo/LC_MESSAGES/libgweather-4.0-locations.mo to /pkgs/libgweather/usr/share/locale/eo/LC_MESSAGES
Installing po-locations/es/LC_MESSAGES/libgweather-4.0-locations.mo to /pkgs/libgweather/usr/share/locale/es/LC_MESSAGES
Installing po-locations/et/LC_MESSAGES/libgweather-4.0-locations.mo to /pkgs/libgweather/usr/share/locale/et/LC_MESSAGES
Installing po-locations/eu/LC_MESSAGES/libgweather-4.0-locations.mo to /pkgs/libgweather/usr/share/locale/eu/LC_MESSAGES
Installing po-locations/fa/LC_MESSAGES/libgweather-4.0-locations.mo to /pkgs/libgweather/usr/share/locale/fa/LC_MESSAGES
Installing po-locations/fi/LC_MESSAGES/libgweather-4.0-locations.mo to /pkgs/libgweather/usr/share/locale/fi/LC_MESSAGES
Installing po-locations/fr/LC_MESSAGES/libgweather-4.0-locations.mo to /pkgs/libgweather/usr/share/locale/fr/LC_MESSAGES
Installing po-locations/fur/LC_MESSAGES/libgweather-4.0-locations.mo to /pkgs/libgweather/usr/share/locale/fur/LC_MESSAGES
Installing po-locations/ga/LC_MESSAGES/libgweather-4.0-locations.mo to /pkgs/libgweather/usr/share/locale/ga/LC_MESSAGES
Installing po-locations/gd/LC_MESSAGES/libgweather-4.0-locations.mo to /pkgs/libgweather/usr/share/locale/gd/LC_MESSAGES
Installing po-locations/gl/LC_MESSAGES/libgweather-4.0-locations.mo to /pkgs/libgweather/usr/share/locale/gl/LC_MESSAGES
Installing po-locations/gu/LC_MESSAGES/libgweather-4.0-locations.mo to /pkgs/libgweather/usr/share/locale/gu/LC_MESSAGES
Installing po-locations/he/LC_MESSAGES/libgweather-4.0-locations.mo to /pkgs/libgweather/usr/share/locale/he/LC_MESSAGES
Installing po-locations/hi/LC_MESSAGES/libgweather-4.0-locations.mo to /pkgs/libgweather/usr/share/locale/hi/LC_MESSAGES
Installing po-locations/hr/LC_MESSAGES/libgweather-4.0-locations.mo to /pkgs/libgweather/usr/share/locale/hr/LC_MESSAGES
Installing po-locations/hu/LC_MESSAGES/libgweather-4.0-locations.mo to /pkgs/libgweather/usr/share/locale/hu/LC_MESSAGES
Installing po-locations/id/LC_MESSAGES/libgweather-4.0-locations.mo to /pkgs/libgweather/usr/share/locale/id/LC_MESSAGES
Installing po-locations/is/LC_MESSAGES/libgweather-4.0-locations.mo to /pkgs/libgweather/usr/share/locale/is/LC_MESSAGES
Installing po-locations/it/LC_MESSAGES/libgweather-4.0-locations.mo to /pkgs/libgweather/usr/share/locale/it/LC_MESSAGES
Installing po-locations/ja/LC_MESSAGES/libgweather-4.0-locations.mo to /pkgs/libgweather/usr/share/locale/ja/LC_MESSAGES
Installing po-locations/ka/LC_MESSAGES/libgweather-4.0-locations.mo to /pkgs/libgweather/usr/share/locale/ka/LC_MESSAGES
Installing po-locations/kk/LC_MESSAGES/libgweather-4.0-locations.mo to /pkgs/libgweather/usr/share/locale/kk/LC_MESSAGES
Installing po-locations/kn/LC_MESSAGES/libgweather-4.0-locations.mo to /pkgs/libgweather/usr/share/locale/kn/LC_MESSAGES
Installing po-locations/ko/LC_MESSAGES/libgweather-4.0-locations.mo to /pkgs/libgweather/usr/share/locale/ko/LC_MESSAGES
Installing po-locations/ku/LC_MESSAGES/libgweather-4.0-locations.mo to /pkgs/libgweather/usr/share/locale/ku/LC_MESSAGES
Installing po-locations/ky/LC_MESSAGES/libgweather-4.0-locations.mo to /pkgs/libgweather/usr/share/locale/ky/LC_MESSAGES
Installing po-locations/lt/LC_MESSAGES/libgweather-4.0-locations.mo to /pkgs/libgweather/usr/share/locale/lt/LC_MESSAGES
Installing po-locations/lv/LC_MESSAGES/libgweather-4.0-locations.mo to /pkgs/libgweather/usr/share/locale/lv/LC_MESSAGES
Installing po-locations/mai/LC_MESSAGES/libgweather-4.0-locations.mo to /pkgs/libgweather/usr/share/locale/mai/LC_MESSAGES
Installing po-locations/mg/LC_MESSAGES/libgweather-4.0-locations.mo to /pkgs/libgweather/usr/share/locale/mg/LC_MESSAGES
Installing po-locations/mk/LC_MESSAGES/libgweather-4.0-locations.mo to /pkgs/libgweather/usr/share/locale/mk/LC_MESSAGES
Installing po-locations/ml/LC_MESSAGES/libgweather-4.0-locations.mo to /pkgs/libgweather/usr/share/locale/ml/LC_MESSAGES
Installing po-locations/mn/LC_MESSAGES/libgweather-4.0-locations.mo to /pkgs/libgweather/usr/share/locale/mn/LC_MESSAGES
Installing po-locations/mr/LC_MESSAGES/libgweather-4.0-locations.mo to /pkgs/libgweather/usr/share/locale/mr/LC_MESSAGES
Installing po-locations/ms/LC_MESSAGES/libgweather-4.0-locations.mo to /pkgs/libgweather/usr/share/locale/ms/LC_MESSAGES
Installing po-locations/nb/LC_MESSAGES/libgweather-4.0-locations.mo to /pkgs/libgweather/usr/share/locale/nb/LC_MESSAGES
Installing po-locations/nds/LC_MESSAGES/libgweather-4.0-locations.mo to /pkgs/libgweather/usr/share/locale/nds/LC_MESSAGES
Installing po-locations/ne/LC_MESSAGES/libgweather-4.0-locations.mo to /pkgs/libgweather/usr/share/locale/ne/LC_MESSAGES
Installing po-locations/nl/LC_MESSAGES/libgweather-4.0-locations.mo to /pkgs/libgweather/usr/share/locale/nl/LC_MESSAGES
Installing po-locations/nn/LC_MESSAGES/libgweather-4.0-locations.mo to /pkgs/libgweather/usr/share/locale/nn/LC_MESSAGES
Installing po-locations/oc/LC_MESSAGES/libgweather-4.0-locations.mo to /pkgs/libgweather/usr/share/locale/oc/LC_MESSAGES
Installing po-locations/or/LC_MESSAGES/libgweather-4.0-locations.mo to /pkgs/libgweather/usr/share/locale/or/LC_MESSAGES
Installing po-locations/pa/LC_MESSAGES/libgweather-4.0-locations.mo to /pkgs/libgweather/usr/share/locale/pa/LC_MESSAGES
Installing po-locations/pl/LC_MESSAGES/libgweather-4.0-locations.mo to /pkgs/libgweather/usr/share/locale/pl/LC_MESSAGES
Installing po-locations/pt_BR/LC_MESSAGES/libgweather-4.0-locations.mo to /pkgs/libgweather/usr/share/locale/pt_BR/LC_MESSAGES
Installing po-locations/pt/LC_MESSAGES/libgweather-4.0-locations.mo to /pkgs/libgweather/usr/share/locale/pt/LC_MESSAGES
Installing po-locations/ro/LC_MESSAGES/libgweather-4.0-locations.mo to /pkgs/libgweather/usr/share/locale/ro/LC_MESSAGES
Installing po-locations/ru/LC_MESSAGES/libgweather-4.0-locations.mo to /pkgs/libgweather/usr/share/locale/ru/LC_MESSAGES
Installing po-locations/rw/LC_MESSAGES/libgweather-4.0-locations.mo to /pkgs/libgweather/usr/share/locale/rw/LC_MESSAGES
Installing po-locations/si/LC_MESSAGES/libgweather-4.0-locations.mo to /pkgs/libgweather/usr/share/locale/si/LC_MESSAGES
Installing po-locations/sk/LC_MESSAGES/libgweather-4.0-locations.mo to /pkgs/libgweather/usr/share/locale/sk/LC_MESSAGES
Installing po-locations/sl/LC_MESSAGES/libgweather-4.0-locations.mo to /pkgs/libgweather/usr/share/locale/sl/LC_MESSAGES
Installing po-locations/sq/LC_MESSAGES/libgweather-4.0-locations.mo to /pkgs/libgweather/usr/share/locale/sq/LC_MESSAGES
Installing po-locations/sr@latin/LC_MESSAGES/libgweather-4.0-locations.mo to /pkgs/libgweather/usr/share/locale/sr@latin/LC_MESSAGES
Installing po-locations/sr/LC_MESSAGES/libgweather-4.0-locations.mo to /pkgs/libgweather/usr/share/locale/sr/LC_MESSAGES
Installing po-locations/sv/LC_MESSAGES/libgweather-4.0-locations.mo to /pkgs/libgweather/usr/share/locale/sv/LC_MESSAGES
Installing po-locations/ta/LC_MESSAGES/libgweather-4.0-locations.mo to /pkgs/libgweather/usr/share/locale/ta/LC_MESSAGES
Installing po-locations/te/LC_MESSAGES/libgweather-4.0-locations.mo to /pkgs/libgweather/usr/share/locale/te/LC_MESSAGES
Installing po-locations/th/LC_MESSAGES/libgweather-4.0-locations.mo to /pkgs/libgweather/usr/share/locale/th/LC_MESSAGES
Installing po-locations/tr/LC_MESSAGES/libgweather-4.0-locations.mo to /pkgs/libgweather/usr/share/locale/tr/LC_MESSAGES
Installing po-locations/ug/LC_MESSAGES/libgweather-4.0-locations.mo to /pkgs/libgweather/usr/share/locale/ug/LC_MESSAGES
Installing po-locations/uk/LC_MESSAGES/libgweather-4.0-locations.mo to /pkgs/libgweather/usr/share/locale/uk/LC_MESSAGES
Installing po-locations/vi/LC_MESSAGES/libgweather-4.0-locations.mo to /pkgs/libgweather/usr/share/locale/vi/LC_MESSAGES
Installing po-locations/zh_CN/LC_MESSAGES/libgweather-4.0-locations.mo to /pkgs/libgweather/usr/share/locale/zh_CN/LC_MESSAGES
Installing po-locations/zh_HK/LC_MESSAGES/libgweather-4.0-locations.mo to /pkgs/libgweather/usr/share/locale/zh_HK/LC_MESSAGES
Installing po-locations/zh_TW/LC_MESSAGES/libgweather-4.0-locations.mo to /pkgs/libgweather/usr/share/locale/zh_TW/LC_MESSAGES
Installing /blfs/builds/libgweather-4.4.4/libgweather/gweather-info.h to /pkgs/libgweather/usr/include/libgweather-4.0/libgweather
Installing /blfs/builds/libgweather-4.4.4/libgweather/gweather-location.h to /pkgs/libgweather/usr/include/libgweather-4.0/libgweather
Installing /blfs/builds/libgweather-4.4.4/libgweather/gweather-enums.h to /pkgs/libgweather/usr/include/libgweather-4.0/libgweather
Installing /blfs/builds/libgweather-4.4.4/libgweather/gweather.h to /pkgs/libgweather/usr/include/libgweather-4.0/libgweather
Installing /blfs/builds/libgweather-4.4.4/data/Locations.xml to /pkgs/libgweather/usr/share/libgweather-4
Installing /blfs/builds/libgweather-4.4.4/data/locations.dtd to /pkgs/libgweather/usr/share/libgweather-4
Installing /blfs/builds/libgweather-4.4.4/schemas/org.gnome.GWeather4.gschema.xml to /pkgs/libgweather/usr/share/glib-2.0/schemas
Installing /blfs/builds/libgweather-4.4.4/build/libgweather/gweather-version.h to /pkgs/libgweather/usr/include/libgweather-4.0/libgweather
Installing /blfs/builds/libgweather-4.4.4/build/meson-private/gweather4.deps to /pkgs/libgweather/usr/share/vala/vapi
Installing /blfs/builds/libgweather-4.4.4/build/meson-private/gweather4.pc to /pkgs/libgweather/usr/lib/pkgconfig
Installing symlink pointing to libgweather-4.so.0.400.4 to /pkgs/libgweather/usr/lib/libgweather-4.so.0
Installing symlink pointing to libgweather-4.so.0 to /pkgs/libgweather/usr/lib/libgweather-4.so
Skipping custom install script because DESTDIR is set '/usr/bin/glib-compile-schemas /usr/share/glib-2.0/schemas'
libgweather/
libgweather/usr/
libgweather/usr/share/
libgweather/usr/share/vala/
libgweather/usr/share/vala/vapi/
libgweather/usr/share/vala/vapi/gweather4.vapi
libgweather/usr/share/vala/vapi/gweather4.deps
libgweather/usr/share/glib-2.0/
libgweather/usr/share/glib-2.0/schemas/
libgweather/usr/share/glib-2.0/schemas/org.gnome.GWeather4.enums.xml
libgweather/usr/share/glib-2.0/schemas/org.gnome.GWeather4.gschema.xml
libgweather/usr/share/locale/
libgweather/usr/share/locale/mg/
libgweather/usr/share/locale/mg/LC_MESSAGES/
libgweather/usr/share/locale/mg/LC_MESSAGES/libgweather-4.0-locations.mo
libgweather/usr/share/locale/mg/LC_MESSAGES/libgweather-4.0.mo
libgweather/usr/share/locale/zh_HK/
libgweather/usr/share/locale/zh_HK/LC_MESSAGES/
libgweather/usr/share/locale/zh_HK/LC_MESSAGES/libgweather-4.0-locations.mo
libgweather/usr/share/locale/zh_HK/LC_MESSAGES/libgweather-4.0.mo
libgweather/usr/share/locale/be/
libgweather/usr/share/locale/be/LC_MESSAGES/
libgweather/usr/share/locale/be/LC_MESSAGES/libgweather-4.0-locations.mo
libgweather/usr/share/locale/be/LC_MESSAGES/libgweather-4.0.mo
libgweather/usr/share/locale/af/
libgweather/usr/share/locale/af/LC_MESSAGES/
libgweather/usr/share/locale/af/LC_MESSAGES/libgweather-4.0.mo
libgweather/usr/share/locale/ca/
libgweather/usr/share/locale/ca/LC_MESSAGES/
libgweather/usr/share/locale/ca/LC_MESSAGES/libgweather-4.0-locations.mo
libgweather/usr/share/locale/ca/LC_MESSAGES/libgweather-4.0.mo
libgweather/usr/share/locale/eu/
libgweather/usr/share/locale/eu/LC_MESSAGES/
libgweather/usr/share/locale/eu/LC_MESSAGES/libgweather-4.0-locations.mo
libgweather/usr/share/locale/eu/LC_MESSAGES/libgweather-4.0.mo
libgweather/usr/share/locale/en_GB/
libgweather/usr/share/locale/en_GB/LC_MESSAGES/
libgweather/usr/share/locale/en_GB/LC_MESSAGES/libgweather-4.0-locations.mo
libgweather/usr/share/locale/en_GB/LC_MESSAGES/libgweather-4.0.mo
libgweather/usr/share/locale/uk/
libgweather/usr/share/locale/uk/LC_MESSAGES/
libgweather/usr/share/locale/uk/LC_MESSAGES/libgweather-4.0-locations.mo
libgweather/usr/share/locale/uk/LC_MESSAGES/libgweather-4.0.mo
libgweather/usr/share/locale/be@latin/
libgweather/usr/share/locale/be@latin/LC_MESSAGES/
libgweather/usr/share/locale/be@latin/LC_MESSAGES/libgweather-4.0-locations.mo
libgweather/usr/share/locale/be@latin/LC_MESSAGES/libgweather-4.0.mo
libgweather/usr/share/locale/it/
libgweather/usr/share/locale/it/LC_MESSAGES/
libgweather/usr/share/locale/it/LC_MESSAGES/libgweather-4.0-locations.mo
libgweather/usr/share/locale/it/LC_MESSAGES/libgweather-4.0.mo
libgweather/usr/share/locale/ug/
libgweather/usr/share/locale/ug/LC_MESSAGES/
libgweather/usr/share/locale/ug/LC_MESSAGES/libgweather-4.0-locations.mo
libgweather/usr/share/locale/ug/LC_MESSAGES/libgweather-4.0.mo
libgweather/usr/share/locale/he/
libgweather/usr/share/locale/he/LC_MESSAGES/
libgweather/usr/share/locale/he/LC_MESSAGES/libgweather-4.0-locations.mo
libgweather/usr/share/locale/he/LC_MESSAGES/libgweather-4.0.mo
libgweather/usr/share/locale/es_ES/
libgweather/usr/share/locale/es_ES/LC_MESSAGES/
libgweather/usr/share/locale/es_ES/LC_MESSAGES/libgweather-4.0.mo
libgweather/usr/share/locale/de/
libgweather/usr/share/locale/de/LC_MESSAGES/
libgweather/usr/share/locale/de/LC_MESSAGES/libgweather-4.0-locations.mo
libgweather/usr/share/locale/de/LC_MESSAGES/libgweather-4.0.mo
libgweather/usr/share/locale/pt/
libgweather/usr/share/locale/pt/LC_MESSAGES/
libgweather/usr/share/locale/pt/LC_MESSAGES/libgweather-4.0-locations.mo
libgweather/usr/share/locale/pt/LC_MESSAGES/libgweather-4.0.mo
libgweather/usr/share/locale/kk/
libgweather/usr/share/locale/kk/LC_MESSAGES/
libgweather/usr/share/locale/kk/LC_MESSAGES/libgweather-4.0-locations.mo
libgweather/usr/share/locale/kk/LC_MESSAGES/libgweather-4.0.mo
libgweather/usr/share/locale/ky/
libgweather/usr/share/locale/ky/LC_MESSAGES/
libgweather/usr/share/locale/ky/LC_MESSAGES/libgweather-4.0-locations.mo
libgweather/usr/share/locale/ky/LC_MESSAGES/libgweather-4.0.mo
libgweather/usr/share/locale/ast/
libgweather/usr/share/locale/ast/LC_MESSAGES/
libgweather/usr/share/locale/ast/LC_MESSAGES/libgweather-4.0-locations.mo
libgweather/usr/share/locale/ast/LC_MESSAGES/libgweather-4.0.mo
libgweather/usr/share/locale/es_VE/
libgweather/usr/share/locale/es_VE/LC_MESSAGES/
libgweather/usr/share/locale/es_VE/LC_MESSAGES/libgweather-4.0.mo
libgweather/usr/share/locale/es_UY/
libgweather/usr/share/locale/es_UY/LC_MESSAGES/
libgweather/usr/share/locale/es_UY/LC_MESSAGES/libgweather-4.0.mo
libgweather/usr/share/locale/wa/
libgweather/usr/share/locale/wa/LC_MESSAGES/
libgweather/usr/share/locale/wa/LC_MESSAGES/libgweather-4.0.mo
libgweather/usr/share/locale/es/
libgweather/usr/share/locale/es/LC_MESSAGES/
libgweather/usr/share/locale/es/LC_MESSAGES/libgweather-4.0-locations.mo
libgweather/usr/share/locale/es/LC_MESSAGES/libgweather-4.0.mo
libgweather/usr/share/locale/vi/
libgweather/usr/share/locale/vi/LC_MESSAGES/
libgweather/usr/share/locale/vi/LC_MESSAGES/libgweather-4.0-locations.mo
libgweather/usr/share/locale/vi/LC_MESSAGES/libgweather-4.0.mo
libgweather/usr/share/locale/fur/
libgweather/usr/share/locale/fur/LC_MESSAGES/
libgweather/usr/share/locale/fur/LC_MESSAGES/libgweather-4.0-locations.mo
libgweather/usr/share/locale/fur/LC_MESSAGES/libgweather-4.0.mo
libgweather/usr/share/locale/ne/
libgweather/usr/share/locale/ne/LC_MESSAGES/
libgweather/usr/share/locale/ne/LC_MESSAGES/libgweather-4.0-locations.mo
libgweather/usr/share/locale/ne/LC_MESSAGES/libgweather-4.0.mo
libgweather/usr/share/locale/bs/
libgweather/usr/share/locale/bs/LC_MESSAGES/
libgweather/usr/share/locale/bs/LC_MESSAGES/libgweather-4.0-locations.mo
libgweather/usr/share/locale/bs/LC_MESSAGES/libgweather-4.0.mo
libgweather/usr/share/locale/mk/
libgweather/usr/share/locale/mk/LC_MESSAGES/
libgweather/usr/share/locale/mk/LC_MESSAGES/libgweather-4.0-locations.mo
libgweather/usr/share/locale/mk/LC_MESSAGES/libgweather-4.0.mo
libgweather/usr/share/locale/da/
libgweather/usr/share/locale/da/LC_MESSAGES/
libgweather/usr/share/locale/da/LC_MESSAGES/libgweather-4.0-locations.mo
libgweather/usr/share/locale/da/LC_MESSAGES/libgweather-4.0.mo
libgweather/usr/share/locale/zh_CN/
libgweather/usr/share/locale/zh_CN/LC_MESSAGES/
libgweather/usr/share/locale/zh_CN/LC_MESSAGES/libgweather-4.0-locations.mo
libgweather/usr/share/locale/zh_CN/LC_MESSAGES/libgweather-4.0.mo
libgweather/usr/share/locale/ml/
libgweather/usr/share/locale/ml/LC_MESSAGES/
libgweather/usr/share/locale/ml/LC_MESSAGES/libgweather-4.0-locations.mo
libgweather/usr/share/locale/ml/LC_MESSAGES/libgweather-4.0.mo
libgweather/usr/share/locale/es_PE/
libgweather/usr/share/locale/es_PE/LC_MESSAGES/
libgweather/usr/share/locale/es_PE/LC_MESSAGES/libgweather-4.0.mo
libgweather/usr/share/locale/ko/
libgweather/usr/share/locale/ko/LC_MESSAGES/
libgweather/usr/share/locale/ko/LC_MESSAGES/libgweather-4.0-locations.mo
libgweather/usr/share/locale/ko/LC_MESSAGES/libgweather-4.0.mo
libgweather/usr/share/locale/pa/
libgweather/usr/share/locale/pa/LC_MESSAGES/
libgweather/usr/share/locale/pa/LC_MESSAGES/libgweather-4.0-locations.mo
libgweather/usr/share/locale/pa/LC_MESSAGES/libgweather-4.0.mo
libgweather/usr/share/locale/or/
libgweather/usr/share/locale/or/LC_MESSAGES/
libgweather/usr/share/locale/or/LC_MESSAGES/libgweather-4.0-locations.mo
libgweather/usr/share/locale/or/LC_MESSAGES/libgweather-4.0.mo
libgweather/usr/share/locale/ta/
libgweather/usr/share/locale/ta/LC_MESSAGES/
libgweather/usr/share/locale/ta/LC_MESSAGES/libgweather-4.0-locations.mo
libgweather/usr/share/locale/ta/LC_MESSAGES/libgweather-4.0.mo
libgweather/usr/share/locale/kab/
libgweather/usr/share/locale/kab/LC_MESSAGES/
libgweather/usr/share/locale/kab/LC_MESSAGES/libgweather-4.0.mo
libgweather/usr/share/locale/mai/
libgweather/usr/share/locale/mai/LC_MESSAGES/
libgweather/usr/share/locale/mai/LC_MESSAGES/libgweather-4.0-locations.mo
libgweather/usr/share/locale/mai/LC_MESSAGES/libgweather-4.0.mo
libgweather/usr/share/locale/es_HN/
libgweather/usr/share/locale/es_HN/LC_MESSAGES/
libgweather/usr/share/locale/es_HN/LC_MESSAGES/libgweather-4.0.mo
libgweather/usr/share/locale/es_CO/
libgweather/usr/share/locale/es_CO/LC_MESSAGES/
libgweather/usr/share/locale/es_CO/LC_MESSAGES/libgweather-4.0.mo
libgweather/usr/share/locale/nb/
libgweather/usr/share/locale/nb/LC_MESSAGES/
libgweather/usr/share/locale/nb/LC_MESSAGES/libgweather-4.0-locations.mo
libgweather/usr/share/locale/nb/LC_MESSAGES/libgweather-4.0.mo
libgweather/usr/share/locale/hr/
libgweather/usr/share/locale/hr/LC_MESSAGES/
libgweather/usr/share/locale/hr/LC_MESSAGES/libgweather-4.0-locations.mo
libgweather/usr/share/locale/hr/LC_MESSAGES/libgweather-4.0.mo
libgweather/usr/share/locale/sr/
libgweather/usr/share/locale/sr/LC_MESSAGES/
libgweather/usr/share/locale/sr/LC_MESSAGES/libgweather-4.0-locations.mo
libgweather/usr/share/locale/sr/LC_MESSAGES/libgweather-4.0.mo
libgweather/usr/share/locale/pt_BR/
libgweather/usr/share/locale/pt_BR/LC_MESSAGES/
libgweather/usr/share/locale/pt_BR/LC_MESSAGES/libgweather-4.0-locations.mo
libgweather/usr/share/locale/pt_BR/LC_MESSAGES/libgweather-4.0.mo
libgweather/usr/share/locale/am/
libgweather/usr/share/locale/am/LC_MESSAGES/
libgweather/usr/share/locale/am/LC_MESSAGES/libgweather-4.0.mo
libgweather/usr/share/locale/nn/
libgweather/usr/share/locale/nn/LC_MESSAGES/
libgweather/usr/share/locale/nn/LC_MESSAGES/libgweather-4.0-locations.mo
libgweather/usr/share/locale/nn/LC_MESSAGES/libgweather-4.0.mo
libgweather/usr/share/locale/gd/
libgweather/usr/share/locale/gd/LC_MESSAGES/
libgweather/usr/share/locale/gd/LC_MESSAGES/libgweather-4.0-locations.mo
libgweather/usr/share/locale/gd/LC_MESSAGES/libgweather-4.0.mo
libgweather/usr/share/locale/tr/
libgweather/usr/share/locale/tr/LC_MESSAGES/
libgweather/usr/share/locale/tr/LC_MESSAGES/libgweather-4.0-locations.mo
libgweather/usr/share/locale/tr/LC_MESSAGES/libgweather-4.0.mo
libgweather/usr/share/locale/ca@valencia/
libgweather/usr/share/locale/ca@valencia/LC_MESSAGES/
libgweather/usr/share/locale/ca@valencia/LC_MESSAGES/libgweather-4.0-locations.mo
libgweather/usr/share/locale/ca@valencia/LC_MESSAGES/libgweather-4.0.mo
libgweather/usr/share/locale/fa/
libgweather/usr/share/locale/fa/LC_MESSAGES/
libgweather/usr/share/locale/fa/LC_MESSAGES/libgweather-4.0-locations.mo
libgweather/usr/share/locale/fa/LC_MESSAGES/libgweather-4.0.mo
libgweather/usr/share/locale/bn_IN/
libgweather/usr/share/locale/bn_IN/LC_MESSAGES/
libgweather/usr/share/locale/bn_IN/LC_MESSAGES/libgweather-4.0-locations.mo
libgweather/usr/share/locale/bn_IN/LC_MESSAGES/libgweather-4.0.mo
libgweather/usr/share/locale/sk/
libgweather/usr/share/locale/sk/LC_MESSAGES/
libgweather/usr/share/locale/sk/LC_MESSAGES/libgweather-4.0-locations.mo
libgweather/usr/share/locale/sk/LC_MESSAGES/libgweather-4.0.mo
libgweather/usr/share/locale/br/
libgweather/usr/share/locale/br/LC_MESSAGES/
libgweather/usr/share/locale/br/LC_MESSAGES/libgweather-4.0-locations.mo
libgweather/usr/share/locale/br/LC_MESSAGES/libgweather-4.0.mo
libgweather/usr/share/locale/es_NI/
libgweather/usr/share/locale/es_NI/LC_MESSAGES/
libgweather/usr/share/locale/es_NI/LC_MESSAGES/libgweather-4.0.mo
libgweather/usr/share/locale/hi/
libgweather/usr/share/locale/hi/LC_MESSAGES/
libgweather/usr/share/locale/hi/LC_MESSAGES/libgweather-4.0-locations.mo
libgweather/usr/share/locale/hi/LC_MESSAGES/libgweather-4.0.mo
libgweather/usr/share/locale/et/
libgweather/usr/share/locale/et/LC_MESSAGES/
libgweather/usr/share/locale/et/LC_MESSAGES/libgweather-4.0-locations.mo
libgweather/usr/share/locale/et/LC_MESSAGES/libgweather-4.0.mo
libgweather/usr/share/locale/az/
libgweather/usr/share/locale/az/LC_MESSAGES/
libgweather/usr/share/locale/az/LC_MESSAGES/libgweather-4.0-locations.mo
libgweather/usr/share/locale/az/LC_MESSAGES/libgweather-4.0.mo
libgweather/usr/share/locale/ms/
libgweather/usr/share/locale/ms/LC_MESSAGES/
libgweather/usr/share/locale/ms/LC_MESSAGES/libgweather-4.0-locations.mo
libgweather/usr/share/locale/ms/LC_MESSAGES/libgweather-4.0.mo
libgweather/usr/share/locale/sq/
libgweather/usr/share/locale/sq/LC_MESSAGES/
libgweather/usr/share/locale/sq/LC_MESSAGES/libgweather-4.0-locations.mo
libgweather/usr/share/locale/sq/LC_MESSAGES/libgweather-4.0.mo
libgweather/usr/share/locale/crh/
libgweather/usr/share/locale/crh/LC_MESSAGES/
libgweather/usr/share/locale/crh/LC_MESSAGES/libgweather-4.0-locations.mo
libgweather/usr/share/locale/crh/LC_MESSAGES/libgweather-4.0.mo
libgweather/usr/share/locale/nds/
libgweather/usr/share/locale/nds/LC_MESSAGES/
libgweather/usr/share/locale/nds/LC_MESSAGES/libgweather-4.0-locations.mo
libgweather/usr/share/locale/te/
libgweather/usr/share/locale/te/LC_MESSAGES/
libgweather/usr/share/locale/te/LC_MESSAGES/libgweather-4.0-locations.mo
libgweather/usr/share/locale/te/LC_MESSAGES/libgweather-4.0.mo
libgweather/usr/share/locale/ga/
libgweather/usr/share/locale/ga/LC_MESSAGES/
libgweather/usr/share/locale/ga/LC_MESSAGES/libgweather-4.0-locations.mo
libgweather/usr/share/locale/ga/LC_MESSAGES/libgweather-4.0.mo
libgweather/usr/share/locale/gl/
libgweather/usr/share/locale/gl/LC_MESSAGES/
libgweather/usr/share/locale/gl/LC_MESSAGES/libgweather-4.0-locations.mo
libgweather/usr/share/locale/gl/LC_MESSAGES/libgweather-4.0.mo
libgweather/usr/share/locale/pl/
libgweather/usr/share/locale/pl/LC_MESSAGES/
libgweather/usr/share/locale/pl/LC_MESSAGES/libgweather-4.0-locations.mo
libgweather/usr/share/locale/pl/LC_MESSAGES/libgweather-4.0.mo
libgweather/usr/share/locale/sl/
libgweather/usr/share/locale/sl/LC_MESSAGES/
libgweather/usr/share/locale/sl/LC_MESSAGES/libgweather-4.0-locations.mo
libgweather/usr/share/locale/sl/LC_MESSAGES/libgweather-4.0.mo
libgweather/usr/share/locale/fi/
libgweather/usr/share/locale/fi/LC_MESSAGES/
libgweather/usr/share/locale/fi/LC_MESSAGES/libgweather-4.0-locations.mo
libgweather/usr/share/locale/fi/LC_MESSAGES/libgweather-4.0.mo
libgweather/usr/share/locale/is/
libgweather/usr/share/locale/is/LC_MESSAGES/
libgweather/usr/share/locale/is/LC_MESSAGES/libgweather-4.0-locations.mo
libgweather/usr/share/locale/is/LC_MESSAGES/libgweather-4.0.mo
libgweather/usr/share/locale/es_MX/
libgweather/usr/share/locale/es_MX/LC_MESSAGES/
libgweather/usr/share/locale/es_MX/LC_MESSAGES/libgweather-4.0.mo
libgweather/usr/share/locale/ar/
libgweather/usr/share/locale/ar/LC_MESSAGES/
libgweather/usr/share/locale/ar/LC_MESSAGES/libgweather-4.0-locations.mo
libgweather/usr/share/locale/ar/LC_MESSAGES/libgweather-4.0.mo
libgweather/usr/share/locale/hy/
libgweather/usr/share/locale/hy/LC_MESSAGES/
libgweather/usr/share/locale/hy/LC_MESSAGES/libgweather-4.0.mo
libgweather/usr/share/locale/zh_TW/
libgweather/usr/share/locale/zh_TW/LC_MESSAGES/
libgweather/usr/share/locale/zh_TW/LC_MESSAGES/libgweather-4.0-locations.mo
libgweather/usr/share/locale/zh_TW/LC_MESSAGES/libgweather-4.0.mo
libgweather/usr/share/locale/nl/
libgweather/usr/share/locale/nl/LC_MESSAGES/
libgweather/usr/share/locale/nl/LC_MESSAGES/libgweather-4.0-locations.mo
libgweather/usr/share/locale/nl/LC_MESSAGES/libgweather-4.0.mo
libgweather/usr/share/locale/oc/
libgweather/usr/share/locale/oc/LC_MESSAGES/
libgweather/usr/share/locale/oc/LC_MESSAGES/libgweather-4.0-locations.mo
libgweather/usr/share/locale/oc/LC_MESSAGES/libgweather-4.0.mo
libgweather/usr/share/locale/ka/
libgweather/usr/share/locale/ka/LC_MESSAGES/
libgweather/usr/share/locale/ka/LC_MESSAGES/libgweather-4.0-locations.mo
libgweather/usr/share/locale/ka/LC_MESSAGES/libgweather-4.0.mo
libgweather/usr/share/locale/as/
libgweather/usr/share/locale/as/LC_MESSAGES/
libgweather/usr/share/locale/as/LC_MESSAGES/libgweather-4.0-locations.mo
libgweather/usr/share/locale/as/LC_MESSAGES/libgweather-4.0.mo
libgweather/usr/share/locale/fr/
libgweather/usr/share/locale/fr/LC_MESSAGES/
libgweather/usr/share/locale/fr/LC_MESSAGES/libgweather-4.0-locations.mo
libgweather/usr/share/locale/fr/LC_MESSAGES/libgweather-4.0.mo
libgweather/usr/share/locale/dz/
libgweather/usr/share/locale/dz/LC_MESSAGES/
libgweather/usr/share/locale/dz/LC_MESSAGES/libgweather-4.0-locations.mo
libgweather/usr/share/locale/dz/LC_MESSAGES/libgweather-4.0.mo
libgweather/usr/share/locale/en@shaw/
libgweather/usr/share/locale/en@shaw/LC_MESSAGES/
libgweather/usr/share/locale/en@shaw/LC_MESSAGES/libgweather-4.0-locations.mo
libgweather/usr/share/locale/en@shaw/LC_MESSAGES/libgweather-4.0.mo
libgweather/usr/share/locale/rw/
libgweather/usr/share/locale/rw/LC_MESSAGES/
libgweather/usr/share/locale/rw/LC_MESSAGES/libgweather-4.0-locations.mo
libgweather/usr/share/locale/rw/LC_MESSAGES/libgweather-4.0.mo
libgweather/usr/share/locale/si/
libgweather/usr/share/locale/si/LC_MESSAGES/
libgweather/usr/share/locale/si/LC_MESSAGES/libgweather-4.0-locations.mo
libgweather/usr/share/locale/si/LC_MESSAGES/libgweather-4.0.mo
libgweather/usr/share/locale/sr@latin/
libgweather/usr/share/locale/sr@latin/LC_MESSAGES/
libgweather/usr/share/locale/sr@latin/LC_MESSAGES/libgweather-4.0-locations.mo
libgweather/usr/share/locale/sr@latin/LC_MESSAGES/libgweather-4.0.mo
libgweather/usr/share/locale/es_CL/
libgweather/usr/share/locale/es_CL/LC_MESSAGES/
libgweather/usr/share/locale/es_CL/LC_MESSAGES/libgweather-4.0.mo
libgweather/usr/share/locale/mr/
libgweather/usr/share/locale/mr/LC_MESSAGES/
libgweather/usr/share/locale/mr/LC_MESSAGES/libgweather-4.0-locations.mo
libgweather/usr/share/locale/mr/LC_MESSAGES/libgweather-4.0.mo
libgweather/usr/share/locale/ku/
libgweather/usr/share/locale/ku/LC_MESSAGES/
libgweather/usr/share/locale/ku/LC_MESSAGES/libgweather-4.0-locations.mo
libgweather/usr/share/locale/ku/LC_MESSAGES/libgweather-4.0.mo
libgweather/usr/share/locale/eo/
libgweather/usr/share/locale/eo/LC_MESSAGES/
libgweather/usr/share/locale/eo/LC_MESSAGES/libgweather-4.0-locations.mo
libgweather/usr/share/locale/eo/LC_MESSAGES/libgweather-4.0.mo
libgweather/usr/share/locale/ro/
libgweather/usr/share/locale/ro/LC_MESSAGES/
libgweather/usr/share/locale/ro/LC_MESSAGES/libgweather-4.0-locations.mo
libgweather/usr/share/locale/ro/LC_MESSAGES/libgweather-4.0.mo
libgweather/usr/share/locale/mn/
libgweather/usr/share/locale/mn/LC_MESSAGES/
libgweather/usr/share/locale/mn/LC_MESSAGES/libgweather-4.0-locations.mo
libgweather/usr/share/locale/mn/LC_MESSAGES/libgweather-4.0.mo
libgweather/usr/share/locale/cy/
libgweather/usr/share/locale/cy/LC_MESSAGES/
libgweather/usr/share/locale/cy/LC_MESSAGES/libgweather-4.0-locations.mo
libgweather/usr/share/locale/cy/LC_MESSAGES/libgweather-4.0.mo
libgweather/usr/share/locale/es_PA/
libgweather/usr/share/locale/es_PA/LC_MESSAGES/
libgweather/usr/share/locale/es_PA/LC_MESSAGES/libgweather-4.0.mo
libgweather/usr/share/locale/lt/
libgweather/usr/share/locale/lt/LC_MESSAGES/
libgweather/usr/share/locale/lt/LC_MESSAGES/libgweather-4.0-locations.mo
libgweather/usr/share/locale/lt/LC_MESSAGES/libgweather-4.0.mo
libgweather/usr/share/locale/cs/
libgweather/usr/share/locale/cs/LC_MESSAGES/
libgweather/usr/share/locale/cs/LC_MESSAGES/libgweather-4.0-locations.mo
libgweather/usr/share/locale/cs/LC_MESSAGES/libgweather-4.0.mo
libgweather/usr/share/locale/sv/
libgweather/usr/share/locale/sv/LC_MESSAGES/
libgweather/usr/share/locale/sv/LC_MESSAGES/libgweather-4.0-locations.mo
libgweather/usr/share/locale/sv/LC_MESSAGES/libgweather-4.0.mo
libgweather/usr/share/locale/es_EC/
libgweather/usr/share/locale/es_EC/LC_MESSAGES/
libgweather/usr/share/locale/es_EC/LC_MESSAGES/libgweather-4.0.mo
libgweather/usr/share/locale/es_DO/
libgweather/usr/share/locale/es_DO/LC_MESSAGES/
libgweather/usr/share/locale/es_DO/LC_MESSAGES/libgweather-4.0.mo
libgweather/usr/share/locale/bn/
libgweather/usr/share/locale/bn/LC_MESSAGES/
libgweather/usr/share/locale/bn/LC_MESSAGES/libgweather-4.0-locations.mo
libgweather/usr/share/locale/bn/LC_MESSAGES/libgweather-4.0.mo
libgweather/usr/share/locale/gu/
libgweather/usr/share/locale/gu/LC_MESSAGES/
libgweather/usr/share/locale/gu/LC_MESSAGES/libgweather-4.0-locations.mo
libgweather/usr/share/locale/gu/LC_MESSAGES/libgweather-4.0.mo
libgweather/usr/share/locale/el/
libgweather/usr/share/locale/el/LC_MESSAGES/
libgweather/usr/share/locale/el/LC_MESSAGES/libgweather-4.0-locations.mo
libgweather/usr/share/locale/el/LC_MESSAGES/libgweather-4.0.mo
libgweather/usr/share/locale/es_GT/
libgweather/usr/share/locale/es_GT/LC_MESSAGES/
libgweather/usr/share/locale/es_GT/LC_MESSAGES/libgweather-4.0.mo
libgweather/usr/share/locale/xh/
libgweather/usr/share/locale/xh/LC_MESSAGES/
libgweather/usr/share/locale/xh/LC_MESSAGES/libgweather-4.0.mo
libgweather/usr/share/locale/ang/
libgweather/usr/share/locale/ang/LC_MESSAGES/
libgweather/usr/share/locale/ang/LC_MESSAGES/libgweather-4.0-locations.mo
libgweather/usr/share/locale/ja/
libgweather/usr/share/locale/ja/LC_MESSAGES/
libgweather/usr/share/locale/ja/LC_MESSAGES/libgweather-4.0-locations.mo
libgweather/usr/share/locale/ja/LC_MESSAGES/libgweather-4.0.mo
libgweather/usr/share/locale/id/
libgweather/usr/share/locale/id/LC_MESSAGES/
libgweather/usr/share/locale/id/LC_MESSAGES/libgweather-4.0-locations.mo
libgweather/usr/share/locale/id/LC_MESSAGES/libgweather-4.0.mo
libgweather/usr/share/locale/hu/
libgweather/usr/share/locale/hu/LC_MESSAGES/
libgweather/usr/share/locale/hu/LC_MESSAGES/libgweather-4.0-locations.mo
libgweather/usr/share/locale/hu/LC_MESSAGES/libgweather-4.0.mo
libgweather/usr/share/locale/bg/
libgweather/usr/share/locale/bg/LC_MESSAGES/
libgweather/usr/share/locale/bg/LC_MESSAGES/libgweather-4.0-locations.mo
libgweather/usr/share/locale/bg/LC_MESSAGES/libgweather-4.0.mo
libgweather/usr/share/locale/ru/
libgweather/usr/share/locale/ru/LC_MESSAGES/
libgweather/usr/share/locale/ru/LC_MESSAGES/libgweather-4.0-locations.mo
libgweather/usr/share/locale/ru/LC_MESSAGES/libgweather-4.0.mo
libgweather/usr/share/locale/lv/
libgweather/usr/share/locale/lv/LC_MESSAGES/
libgweather/usr/share/locale/lv/LC_MESSAGES/libgweather-4.0-locations.mo
libgweather/usr/share/locale/lv/LC_MESSAGES/libgweather-4.0.mo
libgweather/usr/share/locale/es_SV/
libgweather/usr/share/locale/es_SV/LC_MESSAGES/
libgweather/usr/share/locale/es_SV/LC_MESSAGES/libgweather-4.0.mo
libgweather/usr/share/locale/kn/
libgweather/usr/share/locale/kn/LC_MESSAGES/
libgweather/usr/share/locale/kn/LC_MESSAGES/libgweather-4.0-locations.mo
libgweather/usr/share/locale/kn/LC_MESSAGES/libgweather-4.0.mo
libgweather/usr/share/locale/ab/
libgweather/usr/share/locale/ab/LC_MESSAGES/
libgweather/usr/share/locale/ab/LC_MESSAGES/libgweather-4.0.mo
libgweather/usr/share/locale/es_CR/
libgweather/usr/share/locale/es_CR/LC_MESSAGES/
libgweather/usr/share/locale/es_CR/LC_MESSAGES/libgweather-4.0.mo
libgweather/usr/share/locale/es_AR/
libgweather/usr/share/locale/es_AR/LC_MESSAGES/
libgweather/usr/share/locale/es_AR/LC_MESSAGES/libgweather-4.0.mo
libgweather/usr/share/locale/th/
libgweather/usr/share/locale/th/LC_MESSAGES/
libgweather/usr/share/locale/th/LC_MESSAGES/libgweather-4.0-locations.mo
libgweather/usr/share/locale/th/LC_MESSAGES/libgweather-4.0.mo
libgweather/usr/share/locale/en_CA/
libgweather/usr/share/locale/en_CA/LC_MESSAGES/
libgweather/usr/share/locale/en_CA/LC_MESSAGES/libgweather-4.0-locations.mo
libgweather/usr/share/locale/en_CA/LC_MESSAGES/libgweather-4.0.mo
libgweather/usr/share/locale/es_PR/
libgweather/usr/share/locale/es_PR/LC_MESSAGES/
libgweather/usr/share/locale/es_PR/LC_MESSAGES/libgweather-4.0.mo
libgweather/usr/share/libgweather-4/
libgweather/usr/share/libgweather-4/Locations.xml
libgweather/usr/share/libgweather-4/locations.dtd
libgweather/usr/share/gir-1.0/
libgweather/usr/share/gir-1.0/GWeather-4.0.gir
libgweather/usr/share/doc/
libgweather/usr/share/doc/libgweather-4.0/
libgweather/usr/share/doc/libgweather-4.0/enum.SpeedUnit.html
libgweather/usr/share/doc/libgweather-4.0/method.Location.free_timezones.html
libgweather/usr/share/doc/libgweather-4.0/SourceCodePro-Semibold.ttf.woff
libgweather/usr/share/doc/libgweather-4.0/RedHatText-Medium.woff2
libgweather/usr/share/doc/libgweather-4.0/method.Location.get_distance.html
libgweather/usr/share/doc/libgweather-4.0/method.Info.get_upcoming_moonphases.html
libgweather/usr/share/doc/libgweather-4.0/method.Info.get_sunset.html
libgweather/usr/share/doc/libgweather-4.0/method.Location.deserialize.html
libgweather/usr/share/doc/libgweather-4.0/method.Info.get_dew.html
libgweather/usr/share/doc/libgweather-4.0/type_func.WindDirection.to_string_full.html
libgweather/usr/share/doc/libgweather-4.0/type_func.Sky.to_string.html
libgweather/usr/share/doc/libgweather-4.0/enum.Sky.html
libgweather/usr/share/doc/libgweather-4.0/method.Info.get_visibility.html
libgweather/usr/share/doc/libgweather-4.0/RedHatText-Medium.woff
libgweather/usr/share/doc/libgweather-4.0/RedHatText-Regular.woff2
libgweather/usr/share/doc/libgweather-4.0/method.Info.get_value_update.html
libgweather/usr/share/doc/libgweather-4.0/property.Info.contact-info.html
libgweather/usr/share/doc/libgweather-4.0/method.Location.get_english_name.html
libgweather/usr/share/doc/libgweather-4.0/RedHatText-Regular.woff
libgweather/usr/share/doc/libgweather-4.0/method.Info.get_update.html
libgweather/usr/share/doc/libgweather-4.0/method.Info.get_sunrise.html
libgweather/usr/share/doc/libgweather-4.0/enum.TemperatureUnit.html
libgweather/usr/share/doc/libgweather-4.0/method.Location.has_coords.html
libgweather/usr/share/doc/libgweather-4.0/method.Info.get_forecast_list.html
libgweather/usr/share/doc/libgweather-4.0/method.Info.get_value_sunrise.html
libgweather/usr/share/doc/libgweather-4.0/search.js
libgweather/usr/share/doc/libgweather-4.0/method.Location.find_by_station_code.html
libgweather/usr/share/doc/libgweather-4.0/index.html
libgweather/usr/share/doc/libgweather-4.0/method.Info.get_temp_min.html
libgweather/usr/share/doc/libgweather-4.0/method.Info.get_weather_summary.html
libgweather/usr/share/doc/libgweather-4.0/SourceCodePro-It.ttf.woff
libgweather/usr/share/doc/libgweather-4.0/method.Info.get_temp_max.html
libgweather/usr/share/doc/libgweather-4.0/migrating-3to4.html
libgweather/usr/share/doc/libgweather-4.0/method.Location.find_nearest_city_full.html
libgweather/usr/share/doc/libgweather-4.0/signal.Info.updated.html
libgweather/usr/share/doc/libgweather-4.0/method.Info.get_contact_info.html
libgweather/usr/share/doc/libgweather-4.0/method.Info.set_enabled_providers.html
libgweather/usr/share/doc/libgweather-4.0/RedHatDisplay-Regular.woff2
libgweather/usr/share/doc/libgweather-4.0/RedHatDisplay-Italic.woff2
libgweather/usr/share/doc/libgweather-4.0/type_func.SpeedUnit.to_string.html
libgweather/usr/share/doc/libgweather-4.0/method.Location.get_level.html
libgweather/usr/share/doc/libgweather-4.0/style.css
libgweather/usr/share/doc/libgweather-4.0/method.Info.get_value_visibility.html
libgweather/usr/share/doc/libgweather-4.0/method.Location.detect_nearest_city.html
libgweather/usr/share/doc/libgweather-4.0/method.Location.get_code.html
libgweather/usr/share/doc/libgweather-4.0/method.Info.get_value_temp_max.html
libgweather/usr/share/doc/libgweather-4.0/method.Info.get_value_pressure.html
libgweather/usr/share/doc/libgweather-4.0/type_func.LocationLevel.to_string.html
libgweather/usr/share/doc/libgweather-4.0/type_func.Sky.to_string_full.html
libgweather/usr/share/doc/libgweather-4.0/RedHatDisplay-BlackItalic.woff2
libgweather/usr/share/doc/libgweather-4.0/method.Location.equal.html
libgweather/usr/share/doc/libgweather-4.0/ctor.Location.new_detached.html
libgweather/usr/share/doc/libgweather-4.0/method.Info.get_sky.html
libgweather/usr/share/doc/libgweather-4.0/main.js
libgweather/usr/share/doc/libgweather-4.0/method.Location.get_timezone.html
libgweather/usr/share/doc/libgweather-4.0/method.Info.get_icon_name.html
libgweather/usr/share/doc/libgweather-4.0/ctor.Info.new.html
libgweather/usr/share/doc/libgweather-4.0/method.Info.next_sun_event.html
libgweather/usr/share/doc/libgweather-4.0/alias.MoonPhase.html
libgweather/usr/share/doc/libgweather-4.0/method.Info.get_value_conditions.html
libgweather/usr/share/doc/libgweather-4.0/type_func.WindDirection.to_string.html
libgweather/usr/share/doc/libgweather-4.0/class.Info.html
libgweather/usr/share/doc/libgweather-4.0/method.Conditions.to_string_full.html
libgweather/usr/share/doc/libgweather-4.0/method.Info.set_location.html
libgweather/usr/share/doc/libgweather-4.0/method.Info.get_temp.html
libgweather/usr/share/doc/libgweather-4.0/enum.PressureUnit.html
libgweather/usr/share/doc/libgweather-4.0/method.Info.get_value_temp_min.html
libgweather/usr/share/doc/libgweather-4.0/solarized-light.css
libgweather/usr/share/doc/libgweather-4.0/RedHatText-Bold.woff
libgweather/usr/share/doc/libgweather-4.0/RedHatText-Bold.woff2
libgweather/usr/share/doc/libgweather-4.0/RedHatText-BoldItalic.woff2
libgweather/usr/share/doc/libgweather-4.0/method.Info.get_value_sky.html
libgweather/usr/share/doc/libgweather-4.0/enum.LocationLevel.html
libgweather/usr/share/doc/libgweather-4.0/fzy.js
libgweather/usr/share/doc/libgweather-4.0/alias.MoonLatitude.html
libgweather/usr/share/doc/libgweather-4.0/method.Info.set_application_id.html
libgweather/usr/share/doc/libgweather-4.0/method.Location.get_coords.html
libgweather/usr/share/doc/libgweather-4.0/SourceCodePro-Regular.ttf.woff
libgweather/usr/share/doc/libgweather-4.0/RedHatText-BoldItalic.woff
libgweather/usr/share/doc/libgweather-4.0/callback.FilterFunc.html
libgweather/usr/share/doc/libgweather-4.0/type_func.Info.store_cache.html
libgweather/usr/share/doc/libgweather-4.0/type_func.Location.detect_nearest_city_finish.html
libgweather/usr/share/doc/libgweather-4.0/method.Info.get_temp_summary.html
libgweather/usr/share/doc/libgweather-4.0/RedHatDisplay-Italic.woff
libgweather/usr/share/doc/libgweather-4.0/RedHatText-MediumItalic.woff2
libgweather/usr/share/doc/libgweather-4.0/class.Location.html
libgweather/usr/share/doc/libgweather-4.0/RedHatDisplay-Medium.woff
libgweather/usr/share/doc/libgweather-4.0/method.Location.find_by_country_code.html
libgweather/usr/share/doc/libgweather-4.0/classes_hierarchy.html
libgweather/usr/share/doc/libgweather-4.0/method.Info.network_error.html
libgweather/usr/share/doc/libgweather-4.0/RedHatDisplay-Black.woff2
libgweather/usr/share/doc/libgweather-4.0/RedHatDisplay-BoldItalic.woff2
libgweather/usr/share/doc/libgweather-4.0/method.Info.get_location_name.html
libgweather/usr/share/doc/libgweather-4.0/enum.ConditionQualifier.html
libgweather/usr/share/doc/libgweather-4.0/RedHatDisplay-MediumItalic.woff
libgweather/usr/share/doc/libgweather-4.0/RedHatDisplay-BlackItalic.woff
libgweather/usr/share/doc/libgweather-4.0/flags.Provider.html
libgweather/usr/share/doc/libgweather-4.0/RedHatDisplay-Medium.woff2
libgweather/usr/share/doc/libgweather-4.0/RedHatText-Italic.woff
libgweather/usr/share/doc/libgweather-4.0/method.Location.get_parent.html
libgweather/usr/share/doc/libgweather-4.0/RedHatDisplay-Black.woff
libgweather/usr/share/doc/libgweather-4.0/adding-locations.html
libgweather/usr/share/doc/libgweather-4.0/method.Info.update.html
libgweather/usr/share/doc/libgweather-4.0/method.Info.get_humidity.html
libgweather/usr/share/doc/libgweather-4.0/go-up-symbolic.png
libgweather/usr/share/doc/libgweather-4.0/method.Info.get_conditions.html
libgweather/usr/share/doc/libgweather-4.0/method.Info.get_value_dew.html
libgweather/usr/share/doc/libgweather-4.0/type_func.Location.get_world.html
libgweather/usr/share/doc/libgweather-4.0/method.Info.get_pressure.html
libgweather/usr/share/doc/libgweather-4.0/method.Info.get_value_wind.html
libgweather/usr/share/doc/libgweather-4.0/index.json
libgweather/usr/share/doc/libgweather-4.0/RedHatDisplay-Regular.woff
libgweather/usr/share/doc/libgweather-4.0/method.Location.get_country_name.html
libgweather/usr/share/doc/libgweather-4.0/property.Info.application-id.html
libgweather/usr/share/doc/libgweather-4.0/method.Info.get_value_apparent.html
libgweather/usr/share/doc/libgweather-4.0/method.Info.is_daytime.html
libgweather/usr/share/doc/libgweather-4.0/method.Info.get_value_temp.html
libgweather/usr/share/doc/libgweather-4.0/solarized-dark.css
libgweather/usr/share/doc/libgweather-4.0/method.Location.find_nearest_city.html
libgweather/usr/share/doc/libgweather-4.0/method.Location.get_sort_name.html
libgweather/usr/share/doc/libgweather-4.0/method.Info.get_apparent.html
libgweather/usr/share/doc/libgweather-4.0/type_func.TemperatureUnit.to_real.html
libgweather/usr/share/doc/libgweather-4.0/method.Info.get_enabled_providers.html
libgweather/usr/share/doc/libgweather-4.0/RedHatDisplay-MediumItalic.woff2
libgweather/usr/share/doc/libgweather-4.0/opensearch.xml
libgweather/usr/share/doc/libgweather-4.0/libgweather-logo.svg
libgweather/usr/share/doc/libgweather-4.0/method.Location.get_country.html
libgweather/usr/share/doc/libgweather-4.0/method.Location.get_name.html
libgweather/usr/share/doc/libgweather-4.0/enum.DistanceUnit.html
libgweather/usr/share/doc/libgweather-4.0/RedHatDisplay-BoldItalic.woff
libgweather/usr/share/doc/libgweather-4.0/method.Conditions.to_string.html
libgweather/usr/share/doc/libgweather-4.0/property.Info.enabled-providers.html
libgweather/usr/share/doc/libgweather-4.0/method.Info.get_application_id.html
libgweather/usr/share/doc/libgweather-4.0/RedHatText-MediumItalic.woff
libgweather/usr/share/doc/libgweather-4.0/method.Info.get_attribution.html
libgweather/usr/share/doc/libgweather-4.0/method.Info.get_wind.html
libgweather/usr/share/doc/libgweather-4.0/method.Info.abort.html
libgweather/usr/share/doc/libgweather-4.0/method.Location.next_child.html
libgweather/usr/share/doc/libgweather-4.0/method.Info.get_value_moonphase.html
libgweather/usr/share/doc/libgweather-4.0/method.Info.is_valid.html
libgweather/usr/share/doc/libgweather-4.0/RedHatDisplay-Bold.woff2
libgweather/usr/share/doc/libgweather-4.0/flags.FormatOptions.html
libgweather/usr/share/doc/libgweather-4.0/method.Location.get_english_sort_name.html
libgweather/usr/share/doc/libgweather-4.0/method.Info.set_contact_info.html
libgweather/usr/share/doc/libgweather-4.0/fonts.css
libgweather/usr/share/doc/libgweather-4.0/enum.WindDirection.html
libgweather/usr/share/doc/libgweather-4.0/urlmap.js
libgweather/usr/share/doc/libgweather-4.0/struct.Conditions.html
libgweather/usr/share/doc/libgweather-4.0/method.Location.get_city_name.html
libgweather/usr/share/doc/libgweather-4.0/RedHatDisplay-Bold.woff
libgweather/usr/share/doc/libgweather-4.0/RedHatText-Italic.woff2
libgweather/usr/share/doc/libgweather-4.0/libgweather-4.0.devhelp2
libgweather/usr/share/doc/libgweather-4.0/method.Info.get_value_sunset.html
libgweather/usr/share/doc/libgweather-4.0/method.Info.get_symbolic_icon_name.html
libgweather/usr/share/doc/libgweather-4.0/property.Info.location.html
libgweather/usr/share/doc/libgweather-4.0/method.Location.has_timezone.html
libgweather/usr/share/doc/libgweather-4.0/enum.ConditionPhenomenon.html
libgweather/usr/share/doc/libgweather-4.0/method.Location.get_timezones.html
libgweather/usr/share/doc/libgweather-4.0/method.Location.serialize.html
libgweather/usr/share/doc/libgweather-4.0/method.Location.get_timezone_str.html
libgweather/usr/share/doc/libgweather-4.0/method.Info.get_location.html
libgweather/usr/lib/
libgweather/usr/lib/libgweather-4.so.0.400.4
libgweather/usr/lib/girepository-1.0/
libgweather/usr/lib/girepository-1.0/GWeather-4.0.typelib
libgweather/usr/lib/pkgconfig/
libgweather/usr/lib/pkgconfig/gweather4.pc
libgweather/usr/lib/libgweather-4/
libgweather/usr/lib/libgweather-4/Locations.bin
libgweather/usr/lib/libgweather-4.so.0
libgweather/usr/lib/libgweather-4.so
libgweather/usr/include/
libgweather/usr/include/libgweather-4.0/
libgweather/usr/include/libgweather-4.0/libgweather/
libgweather/usr/include/libgweather-4.0/libgweather/gweather-location.h
libgweather/usr/include/libgweather-4.0/libgweather/gweather.h
libgweather/usr/include/libgweather-4.0/libgweather/gweather-enum-types.h
libgweather/usr/include/libgweather-4.0/libgweather/gweather-info.h
libgweather/usr/include/libgweather-4.0/libgweather/gweather-enums.h
libgweather/usr/include/libgweather-4.0/libgweather/gweather-version.h
libgweather/version
libgweather/depends
libgweather/postinst
