--2026-04-09 09:16:35--  https://ffmpeg.org/releases/ffmpeg-8.1.tar.xz
Resolving ffmpeg.org (ffmpeg.org)... 79.124.17.100
Connecting to ffmpeg.org (ffmpeg.org)|79.124.17.100|:443... connected.
HTTP request sent, awaiting response... 200 OK
Length: 11702216 (11M) [application/x-xz]
Saving to: ‘ffmpeg-8.1.tar.xz’

     0K .......... .......... .......... .......... ..........  0%  213K 53s
    50K .......... .......... .......... .......... ..........  0%  433K 40s
   100K .......... .......... .......... .......... ..........  1% 11.3M 27s
   150K .......... .......... .......... .......... ..........  1%  433K 26s
   200K .......... .......... .......... .......... ..........  2% 1.54M 22s
   250K .......... .......... .......... .......... ..........  2%  590K 22s
   300K .......... .......... .......... .......... ..........  3% 14.2M 19s
   350K .......... .......... .......... .......... ..........  3% 1.68M 17s
   400K .......... .......... .......... .......... ..........  3%  575K 17s
   450K .......... .......... .......... .......... ..........  4% 38.6M 15s
   500K .......... .......... .......... .......... ..........  4%  464K 16s
   550K .......... .......... .......... .......... ..........  5% 16.8M 15s
   600K .......... .......... .......... .......... ..........  5% 12.0M 14s
   650K .......... .......... .......... .......... ..........  6% 1.74M 13s
   700K .......... .......... .......... .......... ..........  6% 40.7M 12s
   750K .......... .......... .......... .......... ..........  7%  603K 12s
   800K .......... .......... .......... .......... ..........  7% 14.4M 12s
   850K .......... .......... .......... .......... ..........  7% 11.9M 11s
   900K .......... .......... .......... .......... ..........  8% 1.74M 11s
   950K .......... .......... .......... .......... ..........  8%  622K 11s
  1000K .......... .......... .......... .......... ..........  9% 44.7M 10s
  1050K .......... .......... .......... .......... ..........  9%  237M 10s
  1100K .......... .......... .......... .......... .......... 10%  285M 9s
  1150K .......... .......... .......... .......... .......... 10% 24.7M 9s
  1200K .......... .......... .......... .......... .......... 10% 82.6M 9s
  1250K .......... .......... .......... .......... .......... 11%  128M 8s
  1300K .......... .......... .......... .......... .......... 11% 16.9M 8s
  1350K .......... .......... .......... .......... .......... 12% 1.73M 8s
  1400K .......... .......... .......... .......... .......... 12%  184M 7s
  1450K .......... .......... .......... .......... .......... 13%  596K 8s
  1500K .......... .......... .......... .......... .......... 13%  141M 7s
  1550K .......... .......... .......... .......... .......... 14% 58.6M 7s
  1600K .......... .......... .......... .......... .......... 14% 45.2M 7s
  1650K .......... .......... .......... .......... .......... 14% 30.5M 7s
  1700K .......... .......... .......... .......... .......... 15% 98.1M 6s
  1750K .......... .......... .......... .......... .......... 15%  112M 6s
  1800K .......... .......... .......... .......... .......... 16%  105M 6s
  1850K .......... .......... .......... .......... .......... 16% 1.83M 6s
  1900K .......... .......... .......... .......... .......... 17%  651K 6s
  1950K .......... .......... .......... .......... .......... 17% 6.05M 6s
  2000K .......... .......... .......... .......... .......... 17% 27.9M 6s
  2050K .......... .......... .......... .......... .......... 18% 44.1M 6s
  2100K .......... .......... .......... .......... .......... 18% 41.9M 6s
  2150K .......... .......... .......... .......... .......... 19% 72.4M 5s
  2200K .......... .......... .......... .......... .......... 19%  268M 5s
  2250K .......... .......... .......... .......... .......... 20%  257M 5s
  2300K .......... .......... .......... .......... .......... 20%  263M 5s
  2350K .......... .......... .......... .......... .......... 21%  234M 5s
  2400K .......... .......... .......... .......... .......... 21%  202M 5s
  2450K .......... .......... .......... .......... .......... 21%  121M 5s
  2500K .......... .......... .......... .......... .......... 22%  130M 5s
  2550K .......... .......... .......... .......... .......... 22%  119M 4s
  2600K .......... .......... .......... .......... .......... 23%  112M 4s
  2650K .......... .......... .......... .......... .......... 23%  123M 4s
  2700K .......... .......... .......... .......... .......... 24%  101M 4s
  2750K .......... .......... .......... .......... .......... 24% 2.14M 4s
  2800K .......... .......... .......... .......... .......... 24%  622K 4s
  2850K .......... .......... .......... .......... .......... 25% 6.45M 4s
  2900K .......... .......... .......... .......... .......... 25% 96.5M 4s
  2950K .......... .......... .......... .......... .......... 26%  127M 4s
  3000K .......... .......... .......... .......... .......... 26% 15.7M 4s
  3050K .......... .......... .......... .......... .......... 27% 92.1M 4s
  3100K .......... .......... .......... .......... .......... 27%  129M 4s
  3150K .......... .......... .......... .......... .......... 28%  108M 4s
  3200K .......... .......... .......... .......... .......... 28% 67.6M 4s
  3250K .......... .......... .......... .......... .......... 28%  120M 3s
  3300K .......... .......... .......... .......... .......... 29%  161M 3s
  3350K .......... .......... .......... .......... .......... 29% 90.4M 3s
  3400K .......... .......... .......... .......... .......... 30% 69.6M 3s
  3450K .......... .......... .......... .......... .......... 30% 58.0M 3s
  3500K .......... .......... .......... .......... .......... 31% 65.1M 3s
  3550K .......... .......... .......... .......... .......... 31% 89.2M 3s
  3600K .......... .......... .......... .......... .......... 31% 97.0M 3s
  3650K .......... .......... .......... .......... .......... 32% 2.79M 3s
  3700K .......... .......... .......... .......... .......... 32%  654K 3s
  3750K .......... .......... .......... .......... .......... 33% 14.1M 3s
  3800K .......... .......... .......... .......... .......... 33% 12.1M 3s
  3850K .......... .......... .......... .......... .......... 34% 12.7M 3s
  3900K .......... .......... .......... .......... .......... 34%  110M 3s
  3950K .......... .......... .......... .......... .......... 35%  118M 3s
  4000K .......... .......... .......... .......... .......... 35% 92.2M 3s
  4050K .......... .......... .......... .......... .......... 35%  115M 3s
  4100K .......... .......... .......... .......... .......... 36%  132M 3s
  4150K .......... .......... .......... .......... .......... 36% 24.7M 3s
  4200K .......... .......... .......... .......... .......... 37%  116M 3s
  4250K .......... .......... .......... .......... .......... 37%  113M 3s
  4300K .......... .......... .......... .......... .......... 38%  115M 2s
  4350K .......... .......... .......... .......... .......... 38%  105M 2s
  4400K .......... .......... .......... .......... .......... 38% 92.7M 2s
  4450K .......... .......... .......... .......... .......... 39%  117M 2s
  4500K .......... .......... .......... .......... .......... 39% 46.0M 2s
  4550K .......... .......... .......... .......... .......... 40%  113M 2s
  4600K .......... .......... .......... .......... .......... 40%  116M 2s
  4650K .......... .......... .......... .......... .......... 41%  116M 2s
  4700K .......... .......... .......... .......... .......... 41%  114M 2s
  4750K .......... .......... .......... .......... .......... 42%  114M 2s
  4800K .......... .......... .......... .......... .......... 42% 93.3M 2s
  4850K .......... .......... .......... .......... .......... 42%  116M 2s
  4900K .......... .......... .......... .......... .......... 43%  101M 2s
  4950K .......... .......... .......... .......... .......... 43%  128M 2s
  5000K .......... .......... .......... .......... .......... 44%  112M 2s
  5050K .......... .......... .......... .......... .......... 44%  117M 2s
  5100K .......... .......... .......... .......... .......... 45%  129M 2s
  5150K .......... .......... .......... .......... .......... 45%  116M 2s
  5200K .......... .......... .......... .......... .......... 45% 81.9M 2s
  5250K .......... .......... .......... .......... .......... 46%  118M 2s
  5300K .......... .......... .......... .......... .......... 46%  113M 2s
  5350K .......... .......... .......... .......... .......... 47% 5.55M 2s
  5400K .......... .......... .......... .......... .......... 47%  623K 2s
  5450K .......... .......... .......... .......... .......... 48% 11.5M 2s
  5500K .......... .......... .......... .......... .......... 48%  179M 2s
  5550K .......... .......... .......... .......... .......... 49% 13.2M 2s
  5600K .......... .......... .......... .......... .......... 49% 12.3M 2s
  5650K .......... .......... .......... .......... .......... 49% 12.4M 2s
  5700K .......... .......... .......... .......... .......... 50%  106M 2s
  5750K .......... .......... .......... .......... .......... 50%  114M 2s
  5800K .......... .......... .......... .......... .......... 51%  110M 2s
  5850K .......... .......... .......... .......... .......... 51%  117M 2s
  5900K .......... .......... .......... .......... .......... 52% 24.2M 2s
  5950K .......... .......... .......... .......... .......... 52%  101M 1s
  6000K .......... .......... .......... .......... .......... 52% 81.2M 1s
  6050K .......... .......... .......... .......... .......... 53%  107M 1s
  6100K .......... .......... .......... .......... .......... 53% 95.7M 1s
  6150K .......... .......... .......... .......... .......... 54%  149M 1s
  6200K .......... .......... .......... .......... .......... 54%  100M 1s
  6250K .......... .......... .......... .......... .......... 55%  100M 1s
  6300K .......... .......... .......... .......... .......... 55% 53.7M 1s
  6350K .......... .......... .......... .......... .......... 56% 94.4M 1s
  6400K .......... .......... .......... .......... .......... 56% 96.9M 1s
  6450K .......... .......... .......... .......... .......... 56%  108M 1s
  6500K .......... .......... .......... .......... .......... 57% 93.3M 1s
  6550K .......... .......... .......... .......... .......... 57%  151M 1s
  6600K .......... .......... .......... .......... .......... 58%  111M 1s
  6650K .......... .......... .......... .......... .......... 58%  157M 1s
  6700K .......... .......... .......... .......... .......... 59% 98.2M 1s
  6750K .......... .......... .......... .......... .......... 59%  109M 1s
  6800K .......... .......... .......... .......... .......... 59% 92.9M 1s
  6850K .......... .......... .......... .......... .......... 60% 98.9M 1s
  6900K .......... .......... .......... .......... .......... 60%  156M 1s
  6950K .......... .......... .......... .......... .......... 61%  110M 1s
  7000K .......... .......... .......... .......... .......... 61% 96.5M 1s
  7050K .......... .......... .......... .......... .......... 62%  157M 1s
  7100K .......... .......... .......... .......... .......... 62% 9.18M 1s
  7150K .......... .......... .......... .......... .......... 63%  621K 1s
  7200K .......... .......... .......... .......... .......... 63% 10.2M 1s
  7250K .......... .......... .......... .......... .......... 63% 41.4M 1s
  7300K .......... .......... .......... .......... .......... 64% 43.8M 1s
  7350K .......... .......... .......... .......... .......... 64% 43.5M 1s
  7400K .......... .......... .......... .......... .......... 65% 40.4M 1s
  7450K .......... .......... .......... .......... .......... 65% 39.3M 1s
  7500K .......... .......... .......... .......... .......... 66% 40.6M 1s
  7550K .......... .......... .......... .......... .......... 66% 40.3M 1s
  7600K .......... .......... .......... .......... .......... 66% 33.9M 1s
  7650K .......... .......... .......... .......... .......... 67% 43.9M 1s
  7700K .......... .......... .......... .......... .......... 67% 38.5M 1s
  7750K .......... .......... .......... .......... .......... 68% 46.8M 1s
  7800K .......... .......... .......... .......... .......... 68%  287M 1s
  7850K .......... .......... .......... .......... .......... 69%  287M 1s
  7900K .......... .......... .......... .......... .......... 69%  290M 1s
  7950K .......... .......... .......... .......... .......... 70%  286M 1s
  8000K .......... .......... .......... .......... .......... 70% 45.9M 1s
  8050K .......... .......... .......... .......... .......... 70%  110M 1s
  8100K .......... .......... .......... .......... .......... 71%  127M 1s
  8150K .......... .......... .......... .......... .......... 71%  101M 1s
  8200K .......... .......... .......... .......... .......... 72%  164M 1s
  8250K .......... .......... .......... .......... .......... 72%  108M 1s
  8300K .......... .......... .......... .......... .......... 73%  160M 1s
  8350K .......... .......... .......... .......... .......... 73% 98.2M 1s
  8400K .......... .......... .......... .......... .......... 73% 69.5M 1s
  8450K .......... .......... .......... .......... .......... 74%  153M 1s
  8500K .......... .......... .......... .......... .......... 74% 66.8M 1s
  8550K .......... .......... .......... .......... .......... 75% 93.2M 1s
  8600K .......... .......... .......... .......... .......... 75% 95.9M 1s
  8650K .......... .......... .......... .......... .......... 76%  152M 1s
  8700K .......... .......... .......... .......... .......... 76%  111M 1s
  8750K .......... .......... .......... .......... .......... 77% 95.8M 1s
  8800K .......... .......... .......... .......... .......... 77% 94.5M 1s
  8850K .......... .......... .......... .......... .......... 77% 98.9M 1s
  8900K .......... .......... .......... .......... .......... 78%  152M 0s
  8950K .......... .......... .......... .......... .......... 78%  104M 0s
  9000K .......... .......... .......... .......... .......... 79%  143M 0s
  9050K .......... .......... .......... .......... .......... 79%  108M 0s
  9100K .......... .......... .......... .......... .......... 80%  104M 0s
  9150K .......... .......... .......... .......... .......... 80%  162M 0s
  9200K .......... .......... .......... .......... .......... 80% 69.7M 0s
  9250K .......... .......... .......... .......... .......... 81% 96.7M 0s
  9300K .......... .......... .......... .......... .......... 81%  153M 0s
  9350K .......... .......... .......... .......... .......... 82% 69.0M 0s
  9400K .......... .......... .......... .......... .......... 82% 76.3M 0s
  9450K .......... .......... .......... .......... .......... 83%  122M 0s
  9500K .......... .......... .......... .......... .......... 83% 91.1M 0s
  9550K .......... .......... .......... .......... .......... 84% 96.8M 0s
  9600K .......... .......... .......... .......... .......... 84% 63.2M 0s
  9650K .......... .......... .......... .......... .......... 84%  153M 0s
  9700K .......... .......... .......... .......... .......... 85%  110M 0s
  9750K .......... .......... .......... .......... .......... 85% 58.7M 0s
  9800K .......... .......... .......... .......... .......... 86% 42.3M 0s
  9850K .......... .......... .......... .......... .......... 86% 38.2M 0s
  9900K .......... .......... .......... .......... .......... 87% 29.8M 0s
  9950K .......... .......... .......... .......... .......... 87% 33.2M 0s
 10000K .......... .......... .......... .......... .......... 87% 21.4M 0s
 10050K .......... .......... .......... .......... .......... 88% 43.9M 0s
 10100K .......... .......... .......... .......... .......... 88% 38.1M 0s
 10150K .......... .......... .......... .......... .......... 89% 33.9M 0s
 10200K .......... .......... .......... .......... .......... 89% 21.4M 0s
 10250K .......... .......... .......... .......... .......... 90% 30.8M 0s
 10300K .......... .......... .......... .......... .......... 90% 34.7M 0s
 10350K .......... .......... .......... .......... .......... 91% 36.2M 0s
 10400K .......... .......... .......... .......... .......... 91% 25.8M 0s
 10450K .......... .......... .......... .......... .......... 91% 38.4M 0s
 10500K .......... .......... .......... .......... .......... 92% 13.4M 0s
 10550K .......... .......... .......... .......... .......... 92% 34.5M 0s
 10600K .......... .......... .......... .......... .......... 93%  889K 0s
 10650K .......... .......... .......... .......... .......... 93% 11.0M 0s
 10700K .......... .......... .......... .......... .......... 94%  125M 0s
 10750K .......... .......... .......... .......... .......... 94%  134M 0s
 10800K .......... .......... .......... .......... .......... 94% 13.5M 0s
 10850K .......... .......... .......... .......... .......... 95%  119M 0s
 10900K .......... .......... .......... .......... .......... 95%  129M 0s
 10950K .......... .......... .......... .......... .......... 96%  112M 0s
 11000K .......... .......... .......... .......... .......... 96% 24.9M 0s
 11050K .......... .......... .......... .......... .......... 97% 12.2M 0s
 11100K .......... .......... .......... .......... .......... 97% 11.1M 0s
 11150K .......... .......... .......... .......... .......... 98%  116M 0s
 11200K .......... .......... .......... .......... .......... 98% 21.3M 0s
 11250K .......... .......... .......... .......... .......... 98% 33.9M 0s
 11300K .......... .......... .......... .......... .......... 99% 34.0M 0s
 11350K .......... .......... .......... .......... .......... 99% 36.7M 0s
 11400K .......... .......... .......                         100% 32.6M=1.9s

2026-04-09 09:16:37 (5.91 MB/s) - ‘ffmpeg-8.1.tar.xz’ saved [11702216/11702216]

--2026-04-09 09:16:37--  https://raw.githubusercontent.com/Tucana-Linux/pkgs-extra-files/refs/heads/main/ffmpeg/lfs-chromium-method.patch
Resolving raw.githubusercontent.com (raw.githubusercontent.com)... 185.199.108.133, 185.199.111.133, 185.199.110.133, ...
Connecting to raw.githubusercontent.com (raw.githubusercontent.com)|185.199.108.133|:443... connected.
HTTP request sent, awaiting response... 200 OK
Length: 1650 (1.6K) [text/plain]
Saving to: ‘lfs-chromium-method.patch’

     0K .                                                     100% 7.38M=0s

2026-04-09 09:16:37 (7.38 MB/s) - ‘lfs-chromium-method.patch’ saved [1650/1650]

ffmpeg-8.1/
ffmpeg-8.1/Makefile
ffmpeg-8.1/libavcodec/
ffmpeg-8.1/libavcodec/roqvideo.h
ffmpeg-8.1/libavcodec/txd.c
ffmpeg-8.1/libavcodec/h264dsp_template.c
ffmpeg-8.1/libavcodec/v4l2_context.c
ffmpeg-8.1/libavcodec/png_parser.c
ffmpeg-8.1/libavcodec/dxva2.c
ffmpeg-8.1/libavcodec/qcelpdata.h
ffmpeg-8.1/libavcodec/adx.c
ffmpeg-8.1/libavcodec/aacps_fixed.c
ffmpeg-8.1/libavcodec/amrnbdata.h
ffmpeg-8.1/libavcodec/lossless_videoencdsp.c
ffmpeg-8.1/libavcodec/snappy.c
ffmpeg-8.1/libavcodec/cfhdencdsp.c
ffmpeg-8.1/libavcodec/pcx.c
ffmpeg-8.1/libavcodec/dv_profile_internal.h
ffmpeg-8.1/libavcodec/vulkan_av1.c
ffmpeg-8.1/libavcodec/alac_data.h
ffmpeg-8.1/libavcodec/dcadct.c
ffmpeg-8.1/libavcodec/pcm-dvdenc.c
ffmpeg-8.1/libavcodec/ttadsp.h
ffmpeg-8.1/libavcodec/libopenh264dec.c
ffmpeg-8.1/libavcodec/screenpresso.c
ffmpeg-8.1/libavcodec/ilbcdec.c
ffmpeg-8.1/libavcodec/mathtables.c
ffmpeg-8.1/libavcodec/float2half.c
ffmpeg-8.1/libavcodec/mjpegenc_common.c
ffmpeg-8.1/libavcodec/dv_tablegen.h
ffmpeg-8.1/libavcodec/webvttenc.c
ffmpeg-8.1/libavcodec/h264_slice.c
ffmpeg-8.1/libavcodec/gsmdec_template.c
ffmpeg-8.1/libavcodec/cri.c
ffmpeg-8.1/libavcodec/atsc_a53.h
ffmpeg-8.1/libavcodec/atrac3plusdec.c
ffmpeg-8.1/libavcodec/hwaccels.h
ffmpeg-8.1/libavcodec/to_upper4.c
ffmpeg-8.1/libavcodec/h261data.c
ffmpeg-8.1/libavcodec/diracdec.c
ffmpeg-8.1/libavcodec/mjpegenc_huffman.h
ffmpeg-8.1/libavcodec/speedhqenc.c
ffmpeg-8.1/libavcodec/aptxenc.c
ffmpeg-8.1/libavcodec/nvenc.c
ffmpeg-8.1/libavcodec/cbs_h264_syntax_template.c
ffmpeg-8.1/libavcodec/dca.h
ffmpeg-8.1/libavcodec/h264_levels.h
ffmpeg-8.1/libavcodec/h264_mb.c
ffmpeg-8.1/libavcodec/dovi_rpu.c
ffmpeg-8.1/libavcodec/mjpeg_parser.c
ffmpeg-8.1/libavcodec/mss2.c
ffmpeg-8.1/libavcodec/microdvddec.c
ffmpeg-8.1/libavcodec/cfhddsp.c
ffmpeg-8.1/libavcodec/aptx.h
ffmpeg-8.1/libavcodec/ac3dec_data.h
ffmpeg-8.1/libavcodec/prosumer.c
ffmpeg-8.1/libavcodec/vc1data.c
ffmpeg-8.1/libavcodec/vc1_pred.h
ffmpeg-8.1/libavcodec/rle.c
ffmpeg-8.1/libavcodec/ffv1enc_vulkan.c
ffmpeg-8.1/libavcodec/frwu.c
ffmpeg-8.1/libavcodec/apv_parser.c
ffmpeg-8.1/libavcodec/ac3dec.c
ffmpeg-8.1/libavcodec/fitsdec.c
ffmpeg-8.1/libavcodec/vc1_mc.c
ffmpeg-8.1/libavcodec/hqxdsp.c
ffmpeg-8.1/libavcodec/dxa.c
ffmpeg-8.1/libavcodec/v4l2_m2m.c
ffmpeg-8.1/libavcodec/elsdec.c
ffmpeg-8.1/libavcodec/mpegaudio_tablegen.c
ffmpeg-8.1/libavcodec/snow_dwt.h
ffmpeg-8.1/libavcodec/sinewin.c
ffmpeg-8.1/libavcodec/sbcenc.c
ffmpeg-8.1/libavcodec/flac.c
ffmpeg-8.1/libavcodec/vp9dsp.c
ffmpeg-8.1/libavcodec/mjpeg.h
ffmpeg-8.1/libavcodec/msmpeg4data.c
ffmpeg-8.1/libavcodec/gif_parser.c
ffmpeg-8.1/libavcodec/paf.h
ffmpeg-8.1/libavcodec/decode.h
ffmpeg-8.1/libavcodec/sinewin_tablegen.c
ffmpeg-8.1/libavcodec/vp3dsp.c
ffmpeg-8.1/libavcodec/vulkan_encode_av1.c
ffmpeg-8.1/libavcodec/evc.h
ffmpeg-8.1/libavcodec/huffman.c
ffmpeg-8.1/libavcodec/fmvc.c
ffmpeg-8.1/libavcodec/msmpeg4dec.c
ffmpeg-8.1/libavcodec/mqc.c
ffmpeg-8.1/libavcodec/libwebpenc.c
ffmpeg-8.1/libavcodec/vaapi_encode_av1.c
ffmpeg-8.1/libavcodec/dnxuc_parser.c
ffmpeg-8.1/libavcodec/hw_base_encode_h265.c
ffmpeg-8.1/libavcodec/srtdec.c
ffmpeg-8.1/libavcodec/flvenc.h
ffmpeg-8.1/libavcodec/s302m.c
ffmpeg-8.1/libavcodec/dvaudio.h
ffmpeg-8.1/libavcodec/cpia.c
ffmpeg-8.1/libavcodec/indeo4.c
ffmpeg-8.1/libavcodec/sga.c
ffmpeg-8.1/libavcodec/dcadec.h
ffmpeg-8.1/libavcodec/canopus.c
ffmpeg-8.1/libavcodec/flvenc.c
ffmpeg-8.1/libavcodec/vp9lpf.c
ffmpeg-8.1/libavcodec/pnmdec.c
ffmpeg-8.1/libavcodec/threadprogress.c
ffmpeg-8.1/libavcodec/mlp_parse.c
ffmpeg-8.1/libavcodec/dvdsub.c
ffmpeg-8.1/libavcodec/libopenh264.h
ffmpeg-8.1/libavcodec/mpeg4videodsp.h
ffmpeg-8.1/libavcodec/msrledec.c
ffmpeg-8.1/libavcodec/jpegls.h
ffmpeg-8.1/libavcodec/mpeg4videodata.h
ffmpeg-8.1/libavcodec/Makefile
ffmpeg-8.1/libavcodec/cbs_h2645.h
ffmpeg-8.1/libavcodec/flacenc.c
ffmpeg-8.1/libavcodec/hq_common.c
ffmpeg-8.1/libavcodec/cbs_apv.h
ffmpeg-8.1/libavcodec/twinvq_data.h
ffmpeg-8.1/libavcodec/rv60vlcs.h
ffmpeg-8.1/libavcodec/riscv/
ffmpeg-8.1/libavcodec/riscv/aacpsdsp_init.c
ffmpeg-8.1/libavcodec/riscv/Makefile
ffmpeg-8.1/libavcodec/riscv/ac3dsp_rvb.S
ffmpeg-8.1/libavcodec/riscv/h264idct_rvv.S
ffmpeg-8.1/libavcodec/riscv/mpegvideo_rvv.S
ffmpeg-8.1/libavcodec/riscv/vc1dsp_rvi.S
ffmpeg-8.1/libavcodec/riscv/g722dsp_rvv.S
ffmpeg-8.1/libavcodec/riscv/vp9dsp_init.c
ffmpeg-8.1/libavcodec/riscv/hevcdsp_init.c
ffmpeg-8.1/libavcodec/riscv/h264qpel_rvv.S
ffmpeg-8.1/libavcodec/riscv/llvidencdsp_rvb.S
ffmpeg-8.1/libavcodec/riscv/h264addpx_rvv.S
ffmpeg-8.1/libavcodec/riscv/vp8dsp_init.c
ffmpeg-8.1/libavcodec/riscv/aacpsdsp_rvv.S
ffmpeg-8.1/libavcodec/riscv/ac3dsp_rvvb.S
ffmpeg-8.1/libavcodec/riscv/audiodsp_rvv.S
ffmpeg-8.1/libavcodec/riscv/rv34dsp_init.c
ffmpeg-8.1/libavcodec/riscv/vvc/
ffmpeg-8.1/libavcodec/riscv/vvc/Makefile
ffmpeg-8.1/libavcodec/riscv/vvc/dsp_init.c
ffmpeg-8.1/libavcodec/riscv/vvc/mc_rvv.S
ffmpeg-8.1/libavcodec/riscv/vvc/sad_rvv.S
ffmpeg-8.1/libavcodec/riscv/llviddsp_rvv.S
ffmpeg-8.1/libavcodec/riscv/h264dsp_rvv.S
ffmpeg-8.1/libavcodec/riscv/blockdsp_rvv.S
ffmpeg-8.1/libavcodec/riscv/jpeg2000dsp_init.c
ffmpeg-8.1/libavcodec/riscv/alacdsp_init.c
ffmpeg-8.1/libavcodec/riscv/vp9_intra_rvv.S
ffmpeg-8.1/libavcodec/riscv/bswapdsp_rvvb.S
ffmpeg-8.1/libavcodec/riscv/vp9dsp.h
ffmpeg-8.1/libavcodec/riscv/bswapdsp_rvv.S
ffmpeg-8.1/libavcodec/riscv/g722dsp_init.c
ffmpeg-8.1/libavcodec/riscv/svqenc_init.c
ffmpeg-8.1/libavcodec/riscv/rv40dsp_init.c
ffmpeg-8.1/libavcodec/riscv/cpu_common.c
ffmpeg-8.1/libavcodec/riscv/huffyuvdsp_init.c
ffmpeg-8.1/libavcodec/riscv/ac3dsp_init.c
ffmpeg-8.1/libavcodec/riscv/videodsp_init.c
ffmpeg-8.1/libavcodec/riscv/me_cmp_init.c
ffmpeg-8.1/libavcodec/riscv/rv40dsp_rvv.S
ffmpeg-8.1/libavcodec/riscv/vc1dsp_rvv.S
ffmpeg-8.1/libavcodec/riscv/h264_mc_chroma.S
ffmpeg-8.1/libavcodec/riscv/takdsp_init.c
ffmpeg-8.1/libavcodec/riscv/me_cmp_rvv.S
ffmpeg-8.1/libavcodec/riscv/audiodsp_init.c
ffmpeg-8.1/libavcodec/riscv/h264idct_dequant_rvv.S
ffmpeg-8.1/libavcodec/riscv/fmtconvert_init.c
ffmpeg-8.1/libavcodec/riscv/h26x/
ffmpeg-8.1/libavcodec/riscv/h26x/asm.S
ffmpeg-8.1/libavcodec/riscv/h26x/h2656dsp.h
ffmpeg-8.1/libavcodec/riscv/h26x/h2656_inter_rvv.S
ffmpeg-8.1/libavcodec/riscv/pixblockdsp_rvi.S
ffmpeg-8.1/libavcodec/riscv/llauddsp_rvv.S
ffmpeg-8.1/libavcodec/riscv/pixblockdsp_init.c
ffmpeg-8.1/libavcodec/riscv/flacdsp_rvv.S
ffmpeg-8.1/libavcodec/riscv/jpeg2000dsp_rvv.S
ffmpeg-8.1/libavcodec/riscv/h264dsp_init.c
ffmpeg-8.1/libavcodec/riscv/h263dsp_init.c
ffmpeg-8.1/libavcodec/riscv/startcode_rvb.S
ffmpeg-8.1/libavcodec/riscv/videodsp.S
ffmpeg-8.1/libavcodec/riscv/rv34dsp_rvv.S
ffmpeg-8.1/libavcodec/riscv/vorbisdsp_init.c
ffmpeg-8.1/libavcodec/riscv/bswapdsp_rvb.S
ffmpeg-8.1/libavcodec/riscv/vp8dsp.h
ffmpeg-8.1/libavcodec/riscv/vp9_mc_rvv.S
ffmpeg-8.1/libavcodec/riscv/blockdsp_init.c
ffmpeg-8.1/libavcodec/riscv/pixblockdsp_rvv.S
ffmpeg-8.1/libavcodec/riscv/llviddsp_init.c
ffmpeg-8.1/libavcodec/riscv/idctdsp_rvv.S
ffmpeg-8.1/libavcodec/riscv/lpc_rvv.S
ffmpeg-8.1/libavcodec/riscv/vp7dsp_init.c
ffmpeg-8.1/libavcodec/riscv/sbrdsp_init.c
ffmpeg-8.1/libavcodec/riscv/h264_chroma_init_riscv.c
ffmpeg-8.1/libavcodec/riscv/vp9_mc_rvi.S
ffmpeg-8.1/libavcodec/riscv/takdsp_rvv.S
ffmpeg-8.1/libavcodec/riscv/svqenc_rvv.S
ffmpeg-8.1/libavcodec/riscv/exrdsp_init.c
ffmpeg-8.1/libavcodec/riscv/mpegvideoencdsp_rvv.S
ffmpeg-8.1/libavcodec/riscv/huffyuvdsp_rvv.S
ffmpeg-8.1/libavcodec/riscv/vc1dsp_init.c
ffmpeg-8.1/libavcodec/riscv/fmtconvert_rvv.S
ffmpeg-8.1/libavcodec/riscv/bswapdsp_init.c
ffmpeg-8.1/libavcodec/riscv/alacdsp_rvv.S
ffmpeg-8.1/libavcodec/riscv/fixed_vtype.S
ffmpeg-8.1/libavcodec/riscv/opusdsp_init.c
ffmpeg-8.1/libavcodec/riscv/startcode_rvv.S
ffmpeg-8.1/libavcodec/riscv/llvidencdsp_init.c
ffmpeg-8.1/libavcodec/riscv/mpegvideoencdsp_init.c
ffmpeg-8.1/libavcodec/riscv/exrdsp_rvv.S
ffmpeg-8.1/libavcodec/riscv/llauddsp_init.c
ffmpeg-8.1/libavcodec/riscv/vp7dsp_rvv.S
ffmpeg-8.1/libavcodec/riscv/opusdsp_rvv.S
ffmpeg-8.1/libavcodec/riscv/mpegvideo_init.c
ffmpeg-8.1/libavcodec/riscv/h263dsp_rvv.S
ffmpeg-8.1/libavcodec/riscv/ac3dsp_rvv.S
ffmpeg-8.1/libavcodec/riscv/sbrdsp_rvv.S
ffmpeg-8.1/libavcodec/riscv/aacencdsp_rvv.S
ffmpeg-8.1/libavcodec/riscv/llvidencdsp_rvv.S
ffmpeg-8.1/libavcodec/riscv/mathops.h
ffmpeg-8.1/libavcodec/riscv/utvideodsp_init.c
ffmpeg-8.1/libavcodec/riscv/lpc_init.c
ffmpeg-8.1/libavcodec/riscv/vorbisdsp_rvv.S
ffmpeg-8.1/libavcodec/riscv/idctdsp_init.c
ffmpeg-8.1/libavcodec/riscv/aacencdsp_init.c
ffmpeg-8.1/libavcodec/riscv/h264qpel_init.c
ffmpeg-8.1/libavcodec/riscv/vp8dsp_rvv.S
ffmpeg-8.1/libavcodec/riscv/flacdsp_init.c
ffmpeg-8.1/libavcodec/riscv/utvideodsp_rvv.S
ffmpeg-8.1/libavcodec/riscv/vp8dsp_rvi.S
ffmpeg-8.1/libavcodec/internal.h
ffmpeg-8.1/libavcodec/dpcm.c
ffmpeg-8.1/libavcodec/bitstream.h
ffmpeg-8.1/libavcodec/mpeg12.h
ffmpeg-8.1/libavcodec/aliaspixdec.c
ffmpeg-8.1/libavcodec/mpegaudiodec_fixed.c
ffmpeg-8.1/libavcodec/cbrt_tablegen_template.c
ffmpeg-8.1/libavcodec/jfdctint.c
ffmpeg-8.1/libavcodec/flacencdsp.c
ffmpeg-8.1/libavcodec/mss4.c
ffmpeg-8.1/libavcodec/bmvaudio.c
ffmpeg-8.1/libavcodec/h263_parser.c
ffmpeg-8.1/libavcodec/cbrt_data_fixed.c
ffmpeg-8.1/libavcodec/rv34dsp.c
ffmpeg-8.1/libavcodec/vp56dsp.h
ffmpeg-8.1/libavcodec/ulti.c
ffmpeg-8.1/libavcodec/profiles.h
ffmpeg-8.1/libavcodec/nvenc_hevc.c
ffmpeg-8.1/libavcodec/mpegvideo_enc.c
ffmpeg-8.1/libavcodec/g728_template.c
ffmpeg-8.1/libavcodec/wmv2dsp.c
ffmpeg-8.1/libavcodec/dv.h
ffmpeg-8.1/libavcodec/ffwavesynth.c
ffmpeg-8.1/libavcodec/flacdsp_template.c
ffmpeg-8.1/libavcodec/mpc8huff.h
ffmpeg-8.1/libavcodec/scpr.h
ffmpeg-8.1/libavcodec/h265_profile_level.h
ffmpeg-8.1/libavcodec/options.c
ffmpeg-8.1/libavcodec/rpza.c
ffmpeg-8.1/libavcodec/msmpeg4dec.h
ffmpeg-8.1/libavcodec/mpegvideo_motion.c
ffmpeg-8.1/libavcodec/frame_thread_encoder.c
ffmpeg-8.1/libavcodec/aura.c
ffmpeg-8.1/libavcodec/mpeg4audio.h
ffmpeg-8.1/libavcodec/yop.c
ffmpeg-8.1/libavcodec/cbs_h264.c
ffmpeg-8.1/libavcodec/sbcdec_data.h
ffmpeg-8.1/libavcodec/cfhdenc.c
ffmpeg-8.1/libavcodec/smc.c
ffmpeg-8.1/libavcodec/asvdec.c
ffmpeg-8.1/libavcodec/rscc.c
ffmpeg-8.1/libavcodec/vc1acdata.h
ffmpeg-8.1/libavcodec/rv10dec.h
ffmpeg-8.1/libavcodec/imm5.c
ffmpeg-8.1/libavcodec/wmavoice.c
ffmpeg-8.1/libavcodec/version.c
ffmpeg-8.1/libavcodec/apac.c
ffmpeg-8.1/libavcodec/ptx.c
ffmpeg-8.1/libavcodec/libcodec2.c
ffmpeg-8.1/libavcodec/mvcdec.c
ffmpeg-8.1/libavcodec/d3d12va_vc1.c
ffmpeg-8.1/libavcodec/clearvideodata.h
ffmpeg-8.1/libavcodec/dctref.h
ffmpeg-8.1/libavcodec/sbcdsp_data.h
ffmpeg-8.1/libavcodec/qoienc.c
ffmpeg-8.1/libavcodec/h264_sei.h
ffmpeg-8.1/libavcodec/latm_parser.c
ffmpeg-8.1/libavcodec/copy_block.h
ffmpeg-8.1/libavcodec/mpeg4video.c
ffmpeg-8.1/libavcodec/vulkan_encode_h265.c
ffmpeg-8.1/libavcodec/wmv2data.h
ffmpeg-8.1/libavcodec/msrleenc.c
ffmpeg-8.1/libavcodec/d3d11va.h
ffmpeg-8.1/libavcodec/rasc.c
ffmpeg-8.1/libavcodec/avdct.c
ffmpeg-8.1/libavcodec/svq1enc.c
ffmpeg-8.1/libavcodec/msvideo1enc.c
ffmpeg-8.1/libavcodec/sheervideo.c
ffmpeg-8.1/libavcodec/cbs_vp9.h
ffmpeg-8.1/libavcodec/indeo4data.h
ffmpeg-8.1/libavcodec/vp9mvs.c
ffmpeg-8.1/libavcodec/dpxenc.c
ffmpeg-8.1/libavcodec/vc1dsp.h
ffmpeg-8.1/libavcodec/apv_dsp.h
ffmpeg-8.1/libavcodec/audiotoolboxenc.c
ffmpeg-8.1/libavcodec/mlp_parse.h
ffmpeg-8.1/libavcodec/d3d12va_hevc.c
ffmpeg-8.1/libavcodec/cavsdata.c
ffmpeg-8.1/libavcodec/hcom.c
ffmpeg-8.1/libavcodec/sei.h
ffmpeg-8.1/libavcodec/vp9_mc_template.c
ffmpeg-8.1/libavcodec/interplayacm.c
ffmpeg-8.1/libavcodec/neon/
ffmpeg-8.1/libavcodec/neon/Makefile
ffmpeg-8.1/libavcodec/neon/mpegvideo.c
ffmpeg-8.1/libavcodec/c93.c
ffmpeg-8.1/libavcodec/sinewin.h
ffmpeg-8.1/libavcodec/mjpegbdec.c
ffmpeg-8.1/libavcodec/mpeg4videodsp.c
ffmpeg-8.1/libavcodec/pthread_frame.c
ffmpeg-8.1/libavcodec/mpc7.c
ffmpeg-8.1/libavcodec/pnm.c
ffmpeg-8.1/libavcodec/ansi.c
ffmpeg-8.1/libavcodec/mv30.c
ffmpeg-8.1/libavcodec/dcadata.h
ffmpeg-8.1/libavcodec/libcelt_dec.c
ffmpeg-8.1/libavcodec/qsv.c
ffmpeg-8.1/libavcodec/iff.c
ffmpeg-8.1/libavcodec/vc1_parser.c
ffmpeg-8.1/libavcodec/ffjni.h
ffmpeg-8.1/libavcodec/jvdec.c
ffmpeg-8.1/libavcodec/targa.c
ffmpeg-8.1/libavcodec/bytestream.h
ffmpeg-8.1/libavcodec/flacencdsp.h
ffmpeg-8.1/libavcodec/vp8_parser.c
ffmpeg-8.1/libavcodec/cbs_vp9.c
ffmpeg-8.1/libavcodec/vulkan_encode_h264.c
ffmpeg-8.1/libavcodec/osq.c
ffmpeg-8.1/libavcodec/wma_freqs.c
ffmpeg-8.1/libavcodec/lcevc.h
ffmpeg-8.1/libavcodec/wavpack.h
ffmpeg-8.1/libavcodec/mpegaudiodec_common_tablegen.c
ffmpeg-8.1/libavcodec/snow.h
ffmpeg-8.1/libavcodec/golomb.c
ffmpeg-8.1/libavcodec/cdtoons.c
ffmpeg-8.1/libavcodec/lzw.c
ffmpeg-8.1/libavcodec/roqvideoenc.c
ffmpeg-8.1/libavcodec/evc_parse.c
ffmpeg-8.1/libavcodec/dca_exss.h
ffmpeg-8.1/libavcodec/vc1.h
ffmpeg-8.1/libavcodec/vp9.c
ffmpeg-8.1/libavcodec/mpegutils.c
ffmpeg-8.1/libavcodec/g723_1_parser.c
ffmpeg-8.1/libavcodec/packet.c
ffmpeg-8.1/libavcodec/mpegaudiodec_common_tablegen.h
ffmpeg-8.1/libavcodec/d3d12va_decode.h
ffmpeg-8.1/libavcodec/jpegxs_parser.c
ffmpeg-8.1/libavcodec/h274.h
ffmpeg-8.1/libavcodec/wmalosslessdec.c
ffmpeg-8.1/libavcodec/vp6dsp.c
ffmpeg-8.1/libavcodec/lzf.c
ffmpeg-8.1/libavcodec/qsvenc_hevc.c
ffmpeg-8.1/libavcodec/jacosub.h
ffmpeg-8.1/libavcodec/mpeg4audio_sample_rates.c
ffmpeg-8.1/libavcodec/atrac3plus_data.h
ffmpeg-8.1/libavcodec/mpl2dec.c
ffmpeg-8.1/libavcodec/xfaceenc.c
ffmpeg-8.1/libavcodec/av1.h
ffmpeg-8.1/libavcodec/adts_header.c
ffmpeg-8.1/libavcodec/dca_exss.c
ffmpeg-8.1/libavcodec/qsvenc.h
ffmpeg-8.1/libavcodec/mpegaudiodsp.c
ffmpeg-8.1/libavcodec/mpc8.c
ffmpeg-8.1/libavcodec/cfhd.h
ffmpeg-8.1/libavcodec/vaapi_encode.h
ffmpeg-8.1/libavcodec/vlc.c
ffmpeg-8.1/libavcodec/ra288.h
ffmpeg-8.1/libavcodec/jpeg2000dwt.h
ffmpeg-8.1/libavcodec/avcodec.c
ffmpeg-8.1/libavcodec/h264_picture.c
ffmpeg-8.1/libavcodec/libopenh264.c
ffmpeg-8.1/libavcodec/cbrt_tablegen.h
ffmpeg-8.1/libavcodec/bmp.h
ffmpeg-8.1/libavcodec/svq1dec.c
ffmpeg-8.1/libavcodec/libaribb24.c
ffmpeg-8.1/libavcodec/vorbisenc.c
ffmpeg-8.1/libavcodec/encode.h
ffmpeg-8.1/libavcodec/atrac9tab.h
ffmpeg-8.1/libavcodec/apv.h
ffmpeg-8.1/libavcodec/h263dec.h
ffmpeg-8.1/libavcodec/raw.c
ffmpeg-8.1/libavcodec/libaomenc.c
ffmpeg-8.1/libavcodec/adpcm.c
ffmpeg-8.1/libavcodec/h2645data.c
ffmpeg-8.1/libavcodec/sbcdsp.c
ffmpeg-8.1/libavcodec/jfdctfst.c
ffmpeg-8.1/libavcodec/wrapped_avframe.c
ffmpeg-8.1/libavcodec/h264_parser.c
ffmpeg-8.1/libavcodec/hpeldsp.h
ffmpeg-8.1/libavcodec/h2645data.h
ffmpeg-8.1/libavcodec/eamad.c
ffmpeg-8.1/libavcodec/speedhqenc.h
ffmpeg-8.1/libavcodec/codec_id.h
ffmpeg-8.1/libavcodec/h261enc.c
ffmpeg-8.1/libavcodec/cbs_h266_syntax_template.c
ffmpeg-8.1/libavcodec/dxva2_vp9.c
ffmpeg-8.1/libavcodec/hca_data.h
ffmpeg-8.1/libavcodec/pel_template.c
ffmpeg-8.1/libavcodec/startcode.h
ffmpeg-8.1/libavcodec/rka.c
ffmpeg-8.1/libavcodec/alacdsp.h
ffmpeg-8.1/libavcodec/av1_parse.c
ffmpeg-8.1/libavcodec/h263.c
ffmpeg-8.1/libavcodec/hw_base_encode.c
ffmpeg-8.1/libavcodec/huffyuvencdsp.h
ffmpeg-8.1/libavcodec/h264_parse.c
ffmpeg-8.1/libavcodec/g723_1.c
ffmpeg-8.1/libavcodec/mpegaudiotabs.c
ffmpeg-8.1/libavcodec/kmvc.c
ffmpeg-8.1/libavcodec/pgxdec.c
ffmpeg-8.1/libavcodec/d3d12va_vp9.c
ffmpeg-8.1/libavcodec/dynamic_hdr_vivid.c
ffmpeg-8.1/libavcodec/vdpau.c
ffmpeg-8.1/libavcodec/huffyuvencdsp.c
ffmpeg-8.1/libavcodec/ac3_parser.c
ffmpeg-8.1/libavcodec/mediacodec_sw_buffer.c
ffmpeg-8.1/libavcodec/dovi_rpu.h
ffmpeg-8.1/libavcodec/vaapi_vc1.c
ffmpeg-8.1/libavcodec/to_upper4.h
ffmpeg-8.1/libavcodec/ohdec.c
ffmpeg-8.1/libavcodec/dv_profile.h
ffmpeg-8.1/libavcodec/ac3_channel_layout_tab.h
ffmpeg-8.1/libavcodec/twinvq.h
ffmpeg-8.1/libavcodec/utvideodsp.h
ffmpeg-8.1/libavcodec/sp5x.h
ffmpeg-8.1/libavcodec/indeo5data.h
ffmpeg-8.1/libavcodec/mpegaudiotab.h
ffmpeg-8.1/libavcodec/h264_parse.h
ffmpeg-8.1/libavcodec/imgconvert.c
ffmpeg-8.1/libavcodec/rv40data.h
ffmpeg-8.1/libavcodec/libxavs.c
ffmpeg-8.1/libavcodec/cbs_vp8.c
ffmpeg-8.1/libavcodec/bgmc.h
ffmpeg-8.1/libavcodec/mpeg12enc.h
ffmpeg-8.1/libavcodec/atsc_a53.c
ffmpeg-8.1/libavcodec/nvdec_vc1.c
ffmpeg-8.1/libavcodec/aandcttab.h
ffmpeg-8.1/libavcodec/vp9.h
ffmpeg-8.1/libavcodec/g722.h
ffmpeg-8.1/libavcodec/vulkan_h264.c
ffmpeg-8.1/libavcodec/dirac_parser.c
ffmpeg-8.1/libavcodec/videodsp.h
ffmpeg-8.1/libavcodec/intrax8dsp.c
ffmpeg-8.1/libavcodec/defs.h
ffmpeg-8.1/libavcodec/gsmdec_data.h
ffmpeg-8.1/libavcodec/amrwbdec.c
ffmpeg-8.1/libavcodec/mjpegdec.c
ffmpeg-8.1/libavcodec/cbs_lcevc.h
ffmpeg-8.1/libavcodec/hashtable.h
ffmpeg-8.1/libavcodec/eac3enc.h
ffmpeg-8.1/libavcodec/binkdsp.c
ffmpeg-8.1/libavcodec/j2kenc.c
ffmpeg-8.1/libavcodec/vc1data.h
ffmpeg-8.1/libavcodec/ivi_dsp.h
ffmpeg-8.1/libavcodec/ac3enc_fixed.c
ffmpeg-8.1/libavcodec/libsvtjpegxsdec.c
ffmpeg-8.1/libavcodec/progressframe.h
ffmpeg-8.1/libavcodec/libilbc.c
ffmpeg-8.1/libavcodec/dds.c
ffmpeg-8.1/libavcodec/vc1_pred.c
ffmpeg-8.1/libavcodec/vp56.h
ffmpeg-8.1/libavcodec/lagarithrac.h
ffmpeg-8.1/libavcodec/cbrt_tablegen_common.c
ffmpeg-8.1/libavcodec/msp2dec.c
ffmpeg-8.1/libavcodec/float_scalarproduct.c
ffmpeg-8.1/libavcodec/aacsbr.h
ffmpeg-8.1/libavcodec/g722dec.c
ffmpeg-8.1/libavcodec/tiff_common.c
ffmpeg-8.1/libavcodec/dcadsp.c
ffmpeg-8.1/libavcodec/lclenc.c
ffmpeg-8.1/libavcodec/xfacedec.c
ffmpeg-8.1/libavcodec/vvc/
ffmpeg-8.1/libavcodec/vvc/thread.c
ffmpeg-8.1/libavcodec/vvc/Makefile
ffmpeg-8.1/libavcodec/vvc/filter_template.c
ffmpeg-8.1/libavcodec/vvc/sei.h
ffmpeg-8.1/libavcodec/vvc/intra.c
ffmpeg-8.1/libavcodec/vvc/dsp_template.c
ffmpeg-8.1/libavcodec/vvc/filter.c
ffmpeg-8.1/libavcodec/vvc/inter.h
ffmpeg-8.1/libavcodec/vvc/itx_1d.h
ffmpeg-8.1/libavcodec/vvc/data.c
ffmpeg-8.1/libavcodec/vvc/itx_1d.c
ffmpeg-8.1/libavcodec/vvc/dsp.c
ffmpeg-8.1/libavcodec/vvc/ctu.c
ffmpeg-8.1/libavcodec/vvc/cabac.h
ffmpeg-8.1/libavcodec/vvc/dec.h
ffmpeg-8.1/libavcodec/vvc/mvs.h
ffmpeg-8.1/libavcodec/vvc/cabac.c
ffmpeg-8.1/libavcodec/vvc/dsp.h
ffmpeg-8.1/libavcodec/vvc/ps.h
ffmpeg-8.1/libavcodec/vvc/intra_utils.c
ffmpeg-8.1/libavcodec/vvc/thread.h
ffmpeg-8.1/libavcodec/vvc/refs.h
ffmpeg-8.1/libavcodec/vvc/intra_template.c
ffmpeg-8.1/libavcodec/vvc/sei.c
ffmpeg-8.1/libavcodec/vvc/filter.h
ffmpeg-8.1/libavcodec/vvc/intra.h
ffmpeg-8.1/libavcodec/vvc/mvs.c
ffmpeg-8.1/libavcodec/vvc/ctu.h
ffmpeg-8.1/libavcodec/vvc/refs.c
ffmpeg-8.1/libavcodec/vvc/ps.c
ffmpeg-8.1/libavcodec/vvc/inter.c
ffmpeg-8.1/libavcodec/vvc/data.h
ffmpeg-8.1/libavcodec/vvc/inter_template.c
ffmpeg-8.1/libavcodec/vvc/dec.c
ffmpeg-8.1/libavcodec/avs2_parser.c
ffmpeg-8.1/libavcodec/cfhddsp.h
ffmpeg-8.1/libavcodec/dctref.c
ffmpeg-8.1/libavcodec/v210enc.c
ffmpeg-8.1/libavcodec/bsf_internal.h
ffmpeg-8.1/libavcodec/av1_parser.c
ffmpeg-8.1/libavcodec/libxeve.c
ffmpeg-8.1/libavcodec/wmv2dec.c
ffmpeg-8.1/libavcodec/bsf.c
ffmpeg-8.1/libavcodec/eaidct.h
ffmpeg-8.1/libavcodec/adpcmenc.c
ffmpeg-8.1/libavcodec/xxan.c
ffmpeg-8.1/libavcodec/lossless_videodsp.h
ffmpeg-8.1/libavcodec/dvdsubdec.c
ffmpeg-8.1/libavcodec/cfhddata.c
ffmpeg-8.1/libavcodec/aacenc_tns.h
ffmpeg-8.1/libavcodec/vorbis_parser_internal.h
ffmpeg-8.1/libavcodec/dca_core.c
ffmpeg-8.1/libavcodec/aacsbr_fixed.c
ffmpeg-8.1/libavcodec/vaapi_h264.c
ffmpeg-8.1/libavcodec/bswapdsp.c
ffmpeg-8.1/libavcodec/me_cmp.c
ffmpeg-8.1/libavcodec/misc4.c
ffmpeg-8.1/libavcodec/snowdec.c
ffmpeg-8.1/libavcodec/aac_parser.c
ffmpeg-8.1/libavcodec/binkdata.h
ffmpeg-8.1/libavcodec/qoadec.c
ffmpeg-8.1/libavcodec/huffyuvdsp.h
ffmpeg-8.1/libavcodec/qdrw.c
ffmpeg-8.1/libavcodec/libxvid.c
ffmpeg-8.1/libavcodec/lcevc_parse.h
ffmpeg-8.1/libavcodec/evrcdec.c
ffmpeg-8.1/libavcodec/mlpdsp.h
ffmpeg-8.1/libavcodec/mpegaudiodsp_float.c
ffmpeg-8.1/libavcodec/libfdk-aacenc.c
ffmpeg-8.1/libavcodec/atrac.h
ffmpeg-8.1/libavcodec/qdm2_tablegen.c
ffmpeg-8.1/libavcodec/nvenc_h264.c
ffmpeg-8.1/libavcodec/libgsmdec.c
ffmpeg-8.1/libavcodec/mpeg4audio_sample_rates.h
ffmpeg-8.1/libavcodec/libvo-amrwbenc.c
ffmpeg-8.1/libavcodec/mpegaudiodecheader.c
ffmpeg-8.1/libavcodec/utvideoenc.c
ffmpeg-8.1/libavcodec/mpegvideodec.h
ffmpeg-8.1/libavcodec/gemdec.c
ffmpeg-8.1/libavcodec/vmixdec.c
ffmpeg-8.1/libavcodec/msgsmdec.c
ffmpeg-8.1/libavcodec/a64tables.h
ffmpeg-8.1/libavcodec/nvdec_mpeg4.c
ffmpeg-8.1/libavcodec/hapdec.c
ffmpeg-8.1/libavcodec/bmpenc.c
ffmpeg-8.1/libavcodec/mediacodec.h
ffmpeg-8.1/libavcodec/bmp.c
ffmpeg-8.1/libavcodec/assenc.c
ffmpeg-8.1/libavcodec/ylc.c
ffmpeg-8.1/libavcodec/diractab.h
ffmpeg-8.1/libavcodec/cbs.h
ffmpeg-8.1/libavcodec/vulkan/
ffmpeg-8.1/libavcodec/vulkan/Makefile
ffmpeg-8.1/libavcodec/vulkan/prores_raw_idct.comp.glsl
ffmpeg-8.1/libavcodec/vulkan/ffv1_dec_setup.comp.glsl
ffmpeg-8.1/libavcodec/vulkan/ffv1_dec_golomb.comp.glsl
ffmpeg-8.1/libavcodec/vulkan/ffv1_dec_rgb_golomb.comp.glsl
ffmpeg-8.1/libavcodec/vulkan/prores_ks_trellis_node.comp.glsl
ffmpeg-8.1/libavcodec/vulkan/dct.glsl
ffmpeg-8.1/libavcodec/vulkan/ffv1_enc_rgb.comp.glsl
ffmpeg-8.1/libavcodec/vulkan/prores_raw_decode.comp.glsl
ffmpeg-8.1/libavcodec/vulkan/dpx_unpack.comp.glsl
ffmpeg-8.1/libavcodec/vulkan/rangecoder.glsl
ffmpeg-8.1/libavcodec/vulkan/ffv1_enc_reset_golomb.comp.glsl
ffmpeg-8.1/libavcodec/vulkan/ffv1_enc_rct_search.comp.glsl
ffmpeg-8.1/libavcodec/vulkan/ffv1_enc_golomb.comp.glsl
ffmpeg-8.1/libavcodec/vulkan/ffv1_dec_reset_golomb.comp.glsl
ffmpeg-8.1/libavcodec/vulkan/ffv1_enc.comp.glsl
ffmpeg-8.1/libavcodec/vulkan/common.glsl
ffmpeg-8.1/libavcodec/vulkan/prores_ks_estimate_slice.comp.glsl
ffmpeg-8.1/libavcodec/vulkan/ffv1_dec_reset.comp.glsl
ffmpeg-8.1/libavcodec/vulkan/ffv1_enc_reset.comp.glsl
ffmpeg-8.1/libavcodec/vulkan/ffv1_common.glsl
ffmpeg-8.1/libavcodec/vulkan/prores_ks_alpha_data.comp.glsl
ffmpeg-8.1/libavcodec/vulkan/ffv1_vlc.glsl
ffmpeg-8.1/libavcodec/vulkan/ffv1_enc_setup.comp.glsl
ffmpeg-8.1/libavcodec/vulkan/ffv1_dec_rgb.comp.glsl
ffmpeg-8.1/libavcodec/vulkan/dpx_copy.comp.glsl
ffmpeg-8.1/libavcodec/vulkan/prores_vld.comp.glsl
ffmpeg-8.1/libavcodec/vulkan/prores_ks_slice_data.comp.glsl
ffmpeg-8.1/libavcodec/vulkan/prores_ks_encode_slice.comp.glsl
ffmpeg-8.1/libavcodec/vulkan/prores_idct.comp.glsl
ffmpeg-8.1/libavcodec/vulkan/ffv1_enc_rgb_golomb.comp.glsl
ffmpeg-8.1/libavcodec/vulkan/ffv1_dec.comp.glsl
ffmpeg-8.1/libavcodec/alac.c
ffmpeg-8.1/libavcodec/ffv1enc_template.c
ffmpeg-8.1/libavcodec/vaapi_encode_vp8.c
ffmpeg-8.1/libavcodec/celp_filters.c
ffmpeg-8.1/libavcodec/h261_parser.c
ffmpeg-8.1/libavcodec/evc_ps.c
ffmpeg-8.1/libavcodec/mediacodec_surface.h
ffmpeg-8.1/libavcodec/sbc.c
ffmpeg-8.1/libavcodec/motionpixels_tablegen.c
ffmpeg-8.1/libavcodec/adxdec.c
ffmpeg-8.1/libavcodec/vp8.h
ffmpeg-8.1/libavcodec/hw_base_encode_h264.h
ffmpeg-8.1/libavcodec/mxpegdec.c
ffmpeg-8.1/libavcodec/ass.h
ffmpeg-8.1/libavcodec/ffv1_parser.c
ffmpeg-8.1/libavcodec/sbrdsp_template.c
ffmpeg-8.1/libavcodec/vaapi_vp9.c
ffmpeg-8.1/libavcodec/gif.h
ffmpeg-8.1/libavcodec/motion_est.h
ffmpeg-8.1/libavcodec/mpegaudiodata.h
ffmpeg-8.1/libavcodec/aaccoder_twoloop.h
ffmpeg-8.1/libavcodec/huffyuv.h
ffmpeg-8.1/libavcodec/fits.h
ffmpeg-8.1/libavcodec/pnm.h
ffmpeg-8.1/libavcodec/ftr.c
ffmpeg-8.1/libavcodec/vp3data.h
ffmpeg-8.1/libavcodec/apv_entropy.c
ffmpeg-8.1/libavcodec/dvdsub_parser.c
ffmpeg-8.1/libavcodec/d3d12va_av1.c
ffmpeg-8.1/libavcodec/wmadec.c
ffmpeg-8.1/libavcodec/ffv1_template.c
ffmpeg-8.1/libavcodec/opus/
ffmpeg-8.1/libavcodec/opus/celt.h
ffmpeg-8.1/libavcodec/opus/Makefile
ffmpeg-8.1/libavcodec/opus/enc_utils.h
ffmpeg-8.1/libavcodec/opus/celt.c
ffmpeg-8.1/libavcodec/opus/enc.c
ffmpeg-8.1/libavcodec/opus/tab.c
ffmpeg-8.1/libavcodec/opus/enc_psy.h
ffmpeg-8.1/libavcodec/opus/tab.h
ffmpeg-8.1/libavcodec/opus/parser.c
ffmpeg-8.1/libavcodec/opus/rc.c
ffmpeg-8.1/libavcodec/opus/frame_duration_tab.c
ffmpeg-8.1/libavcodec/opus/enc_psy.c
ffmpeg-8.1/libavcodec/opus/dsp.c
ffmpeg-8.1/libavcodec/opus/rc.h
ffmpeg-8.1/libavcodec/opus/dsp.h
ffmpeg-8.1/libavcodec/opus/silk.h
ffmpeg-8.1/libavcodec/opus/dec_celt.c
ffmpeg-8.1/libavcodec/opus/silk.c
ffmpeg-8.1/libavcodec/opus/parse.h
ffmpeg-8.1/libavcodec/opus/opus.h
ffmpeg-8.1/libavcodec/opus/enc.h
ffmpeg-8.1/libavcodec/opus/parse.c
ffmpeg-8.1/libavcodec/opus/dec.c
ffmpeg-8.1/libavcodec/opus/pvq.c
ffmpeg-8.1/libavcodec/opus/pvq.h
ffmpeg-8.1/libavcodec/mpeg_er.h
ffmpeg-8.1/libavcodec/vc1dec.c
ffmpeg-8.1/libavcodec/aic.c
ffmpeg-8.1/libavcodec/texturedsp.h
ffmpeg-8.1/libavcodec/cfhd.c
ffmpeg-8.1/libavcodec/aacenc_is.c
ffmpeg-8.1/libavcodec/proresdec.c
ffmpeg-8.1/libavcodec/mlpenc.c
ffmpeg-8.1/libavcodec/cook_parser.c
ffmpeg-8.1/libavcodec/msgsmdec.h
ffmpeg-8.1/libavcodec/pgssubdec.c
ffmpeg-8.1/libavcodec/huffyuvdsp.c
ffmpeg-8.1/libavcodec/jpegtables.c
ffmpeg-8.1/libavcodec/svq3.c
ffmpeg-8.1/libavcodec/gsm_parser.c
ffmpeg-8.1/libavcodec/atrac3.c
ffmpeg-8.1/libavcodec/tak.h
ffmpeg-8.1/libavcodec/avs2.c
ffmpeg-8.1/libavcodec/h264dsp.c
ffmpeg-8.1/libavcodec/takdsp.c
ffmpeg-8.1/libavcodec/sonic.c
ffmpeg-8.1/libavcodec/vulkan_encode.c
ffmpeg-8.1/libavcodec/h264dec.c
ffmpeg-8.1/libavcodec/rpzaenc.c
ffmpeg-8.1/libavcodec/tak_parser.c
ffmpeg-8.1/libavcodec/libx265.c
ffmpeg-8.1/libavcodec/mpegaudiodsp_data.c
ffmpeg-8.1/libavcodec/qdm2data.h
ffmpeg-8.1/libavcodec/qsv_api.c
ffmpeg-8.1/libavcodec/dxva2.h
ffmpeg-8.1/libavcodec/kbdwin.c
ffmpeg-8.1/libavcodec/cbs_sei_syntax_template.c
ffmpeg-8.1/libavcodec/ra144enc.c
ffmpeg-8.1/libavcodec/hq_hqadsp.h
ffmpeg-8.1/libavcodec/d3d12va_encode.c
ffmpeg-8.1/libavcodec/vdpau_hevc.c
ffmpeg-8.1/libavcodec/mvha.c
ffmpeg-8.1/libavcodec/v410dec.c
ffmpeg-8.1/libavcodec/sinewin_fixed_tablegen.h
ffmpeg-8.1/libavcodec/vqavideo.c
ffmpeg-8.1/libavcodec/amfenc.h
ffmpeg-8.1/libavcodec/aacenc.c
ffmpeg-8.1/libavcodec/dvbsubdec.c
ffmpeg-8.1/libavcodec/sunrastenc.c
ffmpeg-8.1/libavcodec/rv30.c
ffmpeg-8.1/libavcodec/bink.c
ffmpeg-8.1/libavcodec/vima.c
ffmpeg-8.1/libavcodec/tiff.h
ffmpeg-8.1/libavcodec/amfenc_hevc.c
ffmpeg-8.1/libavcodec/nvenc.h
ffmpeg-8.1/libavcodec/pnmenc.c
ffmpeg-8.1/libavcodec/decode_bsf.h
ffmpeg-8.1/libavcodec/dct.h
ffmpeg-8.1/libavcodec/leb.h
ffmpeg-8.1/libavcodec/mediacodec_wrapper.h
ffmpeg-8.1/libavcodec/h2645_vui.h
ffmpeg-8.1/libavcodec/g722dsp.h
ffmpeg-8.1/libavcodec/vp9dsp.h
ffmpeg-8.1/libavcodec/aacsbr_template.c
ffmpeg-8.1/libavcodec/vp5data.h
ffmpeg-8.1/libavcodec/assdec.c
ffmpeg-8.1/libavcodec/synth_filter.h
ffmpeg-8.1/libavcodec/xbmdec.c
ffmpeg-8.1/libavcodec/intrax8huf.h
ffmpeg-8.1/libavcodec/png.h
ffmpeg-8.1/libavcodec/jpeg2000_parser.c
ffmpeg-8.1/libavcodec/libmpeghdec.c
ffmpeg-8.1/libavcodec/av1_parse.h
ffmpeg-8.1/libavcodec/ac3tab.h
ffmpeg-8.1/libavcodec/libvorbisenc.c
ffmpeg-8.1/libavcodec/bonk.c
ffmpeg-8.1/libavcodec/s302menc.c
ffmpeg-8.1/libavcodec/h264idct_template.c
ffmpeg-8.1/libavcodec/bitstream_template.h
ffmpeg-8.1/libavcodec/avs2.h
ffmpeg-8.1/libavcodec/vaapi_encode_h265.c
ffmpeg-8.1/libavcodec/mpegvideo.c
ffmpeg-8.1/libavcodec/jpeg2000dsp.h
ffmpeg-8.1/libavcodec/lagarithrac.c
ffmpeg-8.1/libavcodec/dirac.c
ffmpeg-8.1/libavcodec/sinewin_fixed_tablegen.c
ffmpeg-8.1/libavcodec/on2avc.c
ffmpeg-8.1/libavcodec/xface.c
ffmpeg-8.1/libavcodec/ituh263dec.c
ffmpeg-8.1/libavcodec/libvorbisdec.c
ffmpeg-8.1/libavcodec/mpc.c
ffmpeg-8.1/libavcodec/zlib_wrapper.h
ffmpeg-8.1/libavcodec/misc4_parser.c
ffmpeg-8.1/libavcodec/null.c
ffmpeg-8.1/libavcodec/truemotion1data.h
ffmpeg-8.1/libavcodec/ac3enc.c
ffmpeg-8.1/libavcodec/aacsbr.c
ffmpeg-8.1/libavcodec/vdpau_vp9.c
ffmpeg-8.1/libavcodec/pafvideo.c
ffmpeg-8.1/libavcodec/vdpau.h
ffmpeg-8.1/libavcodec/mdec.c
ffmpeg-8.1/libavcodec/jpegls.c
ffmpeg-8.1/libavcodec/hdrdec.c
ffmpeg-8.1/libavcodec/vaapi_hevc.c
ffmpeg-8.1/libavcodec/hq_common.h
ffmpeg-8.1/libavcodec/version.h
ffmpeg-8.1/libavcodec/jacosubdec.c
ffmpeg-8.1/libavcodec/lcl.h
ffmpeg-8.1/libavcodec/parser.c
ffmpeg-8.1/libavcodec/x86/
ffmpeg-8.1/libavcodec/x86/ac3dsp.asm
ffmpeg-8.1/libavcodec/x86/rv34dsp.asm
ffmpeg-8.1/libavcodec/x86/h264_idct.asm
ffmpeg-8.1/libavcodec/x86/h264chroma_init.c
ffmpeg-8.1/libavcodec/x86/sbcdsp_init.c
ffmpeg-8.1/libavcodec/x86/vc1dsp_loopfilter.asm
ffmpeg-8.1/libavcodec/x86/aacpsdsp_init.c
ffmpeg-8.1/libavcodec/x86/Makefile
ffmpeg-8.1/libavcodec/x86/cfhdencdsp_init.c
ffmpeg-8.1/libavcodec/x86/qpeldsp_init.c
ffmpeg-8.1/libavcodec/x86/vp9dsp_init.c
ffmpeg-8.1/libavcodec/x86/vp9itxfm.asm
ffmpeg-8.1/libavcodec/x86/vc1dsp.h
ffmpeg-8.1/libavcodec/x86/mlpdsp_init.c
ffmpeg-8.1/libavcodec/x86/mpeg4videodsp.c
ffmpeg-8.1/libavcodec/x86/h264_intrapred_init.c
ffmpeg-8.1/libavcodec/x86/ac3dsp_downmix.asm
ffmpeg-8.1/libavcodec/x86/dct32.asm
ffmpeg-8.1/libavcodec/x86/imdct36.asm
ffmpeg-8.1/libavcodec/x86/h263_loopfilter.asm
ffmpeg-8.1/libavcodec/x86/vp9itxfm_template.asm
ffmpeg-8.1/libavcodec/x86/qpel.asm
ffmpeg-8.1/libavcodec/x86/h264_idct_10bit.asm
ffmpeg-8.1/libavcodec/x86/lossless_videoencdsp.asm
ffmpeg-8.1/libavcodec/x86/celt_pvq_search.asm
ffmpeg-8.1/libavcodec/x86/mpegaudiodsp.c
ffmpeg-8.1/libavcodec/x86/dirac_dwt.asm
ffmpeg-8.1/libavcodec/x86/pngdsp.asm
ffmpeg-8.1/libavcodec/x86/lossless_videodsp_init.c
ffmpeg-8.1/libavcodec/x86/takdsp.asm
ffmpeg-8.1/libavcodec/x86/v210-init.c
ffmpeg-8.1/libavcodec/x86/hpeldsp.h
ffmpeg-8.1/libavcodec/x86/vp8dsp_init.c
ffmpeg-8.1/libavcodec/x86/h264_chromamc.asm
ffmpeg-8.1/libavcodec/x86/h264_intrapred.asm
ffmpeg-8.1/libavcodec/x86/dnxhdenc_init.c
ffmpeg-8.1/libavcodec/x86/qpeldsp.asm
ffmpeg-8.1/libavcodec/x86/h264_qpel_8bit.asm
ffmpeg-8.1/libavcodec/x86/mpegvideoenc.c
ffmpeg-8.1/libavcodec/x86/rv34dsp_init.c
ffmpeg-8.1/libavcodec/x86/vvc/
ffmpeg-8.1/libavcodec/x86/vvc/alf.asm
ffmpeg-8.1/libavcodec/x86/vvc/Makefile
ffmpeg-8.1/libavcodec/x86/vvc/sao_10bit.asm
ffmpeg-8.1/libavcodec/x86/vvc/mc.asm
ffmpeg-8.1/libavcodec/x86/vvc/dsp_init.c
ffmpeg-8.1/libavcodec/x86/vvc/of.asm
ffmpeg-8.1/libavcodec/x86/vvc/dmvr.asm
ffmpeg-8.1/libavcodec/x86/vvc/sao.asm
ffmpeg-8.1/libavcodec/x86/vvc/sad.asm
ffmpeg-8.1/libavcodec/x86/jpeg2000dsp.asm
ffmpeg-8.1/libavcodec/x86/dirac_dwt_init.c
ffmpeg-8.1/libavcodec/x86/fdctdsp_init.c
ffmpeg-8.1/libavcodec/x86/vp3dsp.asm
ffmpeg-8.1/libavcodec/x86/vp8dsp.asm
ffmpeg-8.1/libavcodec/x86/jpeg2000dsp_init.c
ffmpeg-8.1/libavcodec/x86/cavsidct.asm
ffmpeg-8.1/libavcodec/x86/qpel.h
ffmpeg-8.1/libavcodec/x86/vp6dsp_init.c
ffmpeg-8.1/libavcodec/x86/alacdsp_init.c
ffmpeg-8.1/libavcodec/x86/vc1dsp_mmx.c
ffmpeg-8.1/libavcodec/x86/vp8dsp_loopfilter.asm
ffmpeg-8.1/libavcodec/x86/mpegvideoencdsp.asm
ffmpeg-8.1/libavcodec/x86/svq1enc_init.c
ffmpeg-8.1/libavcodec/x86/g722dsp_init.c
ffmpeg-8.1/libavcodec/x86/w64xmmtest.c
ffmpeg-8.1/libavcodec/x86/mpegvideo.c
ffmpeg-8.1/libavcodec/x86/constants.c
ffmpeg-8.1/libavcodec/x86/fmtconvert.asm
ffmpeg-8.1/libavcodec/x86/cavs_qpel.asm
ffmpeg-8.1/libavcodec/x86/rv40dsp_init.c
ffmpeg-8.1/libavcodec/x86/v210.asm
ffmpeg-8.1/libavcodec/x86/svq1enc.asm
ffmpeg-8.1/libavcodec/x86/sbrdsp.asm
ffmpeg-8.1/libavcodec/x86/bswapdsp.asm
ffmpeg-8.1/libavcodec/x86/vp9dsp_init_10bpp.c
ffmpeg-8.1/libavcodec/x86/vp9itxfm_avx2.asm
ffmpeg-8.1/libavcodec/x86/lpc.asm
ffmpeg-8.1/libavcodec/x86/h264_weight_10bit.asm
ffmpeg-8.1/libavcodec/x86/apv_dsp_init.c
ffmpeg-8.1/libavcodec/x86/cfhddsp_init.c
ffmpeg-8.1/libavcodec/x86/huffyuvdsp_init.c
ffmpeg-8.1/libavcodec/x86/simple_idct.h
ffmpeg-8.1/libavcodec/x86/vp9dsp_init_16bpp.c
ffmpeg-8.1/libavcodec/x86/ac3dsp_init.c
ffmpeg-8.1/libavcodec/x86/videodsp_init.c
ffmpeg-8.1/libavcodec/x86/me_cmp_init.c
ffmpeg-8.1/libavcodec/x86/ttadsp.asm
ffmpeg-8.1/libavcodec/x86/huffyuvencdsp.asm
ffmpeg-8.1/libavcodec/x86/mpegvideoenc_template.c
ffmpeg-8.1/libavcodec/x86/audiodsp.asm
ffmpeg-8.1/libavcodec/x86/vpx_arith.h
ffmpeg-8.1/libavcodec/x86/lossless_videodsp.asm
ffmpeg-8.1/libavcodec/x86/vp9lpf.asm
ffmpeg-8.1/libavcodec/x86/cabac.h
ffmpeg-8.1/libavcodec/x86/takdsp_init.c
ffmpeg-8.1/libavcodec/x86/hpeldsp_init.c
ffmpeg-8.1/libavcodec/x86/v210enc.asm
ffmpeg-8.1/libavcodec/x86/sbcdsp.asm
ffmpeg-8.1/libavcodec/x86/diracdsp.asm
ffmpeg-8.1/libavcodec/x86/fdct.h
ffmpeg-8.1/libavcodec/x86/audiodsp_init.c
ffmpeg-8.1/libavcodec/x86/cfhddsp.asm
ffmpeg-8.1/libavcodec/x86/xvididct_init.c
ffmpeg-8.1/libavcodec/x86/dcadsp_init.c
ffmpeg-8.1/libavcodec/x86/hevc/
ffmpeg-8.1/libavcodec/x86/hevc/Makefile
ffmpeg-8.1/libavcodec/x86/hevc/sao_10bit.asm
ffmpeg-8.1/libavcodec/x86/hevc/deblock.asm
ffmpeg-8.1/libavcodec/x86/hevc/mc.asm
ffmpeg-8.1/libavcodec/x86/hevc/dsp_init.c
ffmpeg-8.1/libavcodec/x86/hevc/dsp.h
ffmpeg-8.1/libavcodec/x86/hevc/add_res.asm
ffmpeg-8.1/libavcodec/x86/hevc/sao.asm
ffmpeg-8.1/libavcodec/x86/hevc/dequant.asm
ffmpeg-8.1/libavcodec/x86/hevc/idct.asm
ffmpeg-8.1/libavcodec/x86/h264_intrapred_10bit.asm
ffmpeg-8.1/libavcodec/x86/fmtconvert_init.c
ffmpeg-8.1/libavcodec/x86/h26x/
ffmpeg-8.1/libavcodec/x86/h26x/h2656_inter.asm
ffmpeg-8.1/libavcodec/x86/h26x/h2656_sao_10bit.asm
ffmpeg-8.1/libavcodec/x86/h26x/h2656dsp.c
ffmpeg-8.1/libavcodec/x86/h26x/h2656dsp.h
ffmpeg-8.1/libavcodec/x86/h26x/h2656_sao.asm
ffmpeg-8.1/libavcodec/x86/h264_deblock.asm
ffmpeg-8.1/libavcodec/x86/alacdsp.asm
ffmpeg-8.1/libavcodec/x86/vp9itxfm_16bpp_avx512.asm
ffmpeg-8.1/libavcodec/x86/vp9mc_16bpp.asm
ffmpeg-8.1/libavcodec/x86/fpel.asm
ffmpeg-8.1/libavcodec/x86/g722dsp.asm
ffmpeg-8.1/libavcodec/x86/vp9dsp_init.h
ffmpeg-8.1/libavcodec/x86/flac_dsp_gpl.asm
ffmpeg-8.1/libavcodec/x86/mlpdsp.asm
ffmpeg-8.1/libavcodec/x86/pixblockdsp_init.c
ffmpeg-8.1/libavcodec/x86/flacencdsp_init.c
ffmpeg-8.1/libavcodec/x86/vp9dsp_init_16bpp_template.c
ffmpeg-8.1/libavcodec/x86/xvididct.h
ffmpeg-8.1/libavcodec/x86/h264_deblock_10bit.asm
ffmpeg-8.1/libavcodec/x86/dnxhdenc.asm
ffmpeg-8.1/libavcodec/x86/vp3dsp_init.c
ffmpeg-8.1/libavcodec/x86/idctdsp.h
ffmpeg-8.1/libavcodec/x86/lossless_audiodsp_init.c
ffmpeg-8.1/libavcodec/x86/h264dsp_init.c
ffmpeg-8.1/libavcodec/x86/h263dsp_init.c
ffmpeg-8.1/libavcodec/x86/simple_idct10_template.asm
ffmpeg-8.1/libavcodec/x86/ttadsp_init.c
ffmpeg-8.1/libavcodec/x86/vp9dsp_init_12bpp.c
ffmpeg-8.1/libavcodec/x86/vp9lpf_16bpp.asm
ffmpeg-8.1/libavcodec/x86/vorbisdsp_init.c
ffmpeg-8.1/libavcodec/x86/rv40dsp.asm
ffmpeg-8.1/libavcodec/x86/vp9mc.asm
ffmpeg-8.1/libavcodec/x86/ttaencdsp_init.c
ffmpeg-8.1/libavcodec/x86/opusdsp.asm
ffmpeg-8.1/libavcodec/x86/constants.h
ffmpeg-8.1/libavcodec/x86/huffyuvdsp.asm
ffmpeg-8.1/libavcodec/x86/h264_weight.asm
ffmpeg-8.1/libavcodec/x86/idctdsp.asm
ffmpeg-8.1/libavcodec/x86/blockdsp_init.c
ffmpeg-8.1/libavcodec/x86/pixblockdsp.asm
ffmpeg-8.1/libavcodec/x86/vorbisdsp.asm
ffmpeg-8.1/libavcodec/x86/pngdsp_init.c
ffmpeg-8.1/libavcodec/x86/me_cmp.asm
ffmpeg-8.1/libavcodec/x86/utvideodsp.asm
ffmpeg-8.1/libavcodec/x86/sbrdsp_init.c
ffmpeg-8.1/libavcodec/x86/aacencdsp.asm
ffmpeg-8.1/libavcodec/x86/proresdsp.asm
ffmpeg-8.1/libavcodec/x86/lossless_audiodsp.asm
ffmpeg-8.1/libavcodec/x86/synth_filter.asm
ffmpeg-8.1/libavcodec/x86/exrdsp_init.c
ffmpeg-8.1/libavcodec/x86/simple_idct10.asm
ffmpeg-8.1/libavcodec/x86/dcadsp.asm
ffmpeg-8.1/libavcodec/x86/hpeldsp.asm
ffmpeg-8.1/libavcodec/x86/huffyuvencdsp_init.c
ffmpeg-8.1/libavcodec/x86/proresdsp_init.c
ffmpeg-8.1/libavcodec/x86/vc1dsp_init.c
ffmpeg-8.1/libavcodec/x86/bswapdsp_init.c
ffmpeg-8.1/libavcodec/x86/xvididct.asm
ffmpeg-8.1/libavcodec/x86/snowdsp.c
ffmpeg-8.1/libavcodec/x86/aacpsdsp.asm
ffmpeg-8.1/libavcodec/x86/opusdsp_init.c
ffmpeg-8.1/libavcodec/x86/mpegvideoencdsp_init.c
ffmpeg-8.1/libavcodec/x86/vp9intrapred_16bpp.asm
ffmpeg-8.1/libavcodec/x86/synth_filter_init.c
ffmpeg-8.1/libavcodec/x86/huffyuvdsp_template.asm
ffmpeg-8.1/libavcodec/x86/h264_chromamc_10bit.asm
ffmpeg-8.1/libavcodec/x86/videodsp.asm
ffmpeg-8.1/libavcodec/x86/exrdsp.asm
ffmpeg-8.1/libavcodec/x86/cfhdencdsp.asm
ffmpeg-8.1/libavcodec/x86/fdct.c
ffmpeg-8.1/libavcodec/x86/h264_qpel.c
ffmpeg-8.1/libavcodec/x86/flacdsp.asm
ffmpeg-8.1/libavcodec/x86/vp9intrapred.asm
ffmpeg-8.1/libavcodec/x86/h264_cabac.c
ffmpeg-8.1/libavcodec/x86/mathops.h
ffmpeg-8.1/libavcodec/x86/utvideodsp_init.c
ffmpeg-8.1/libavcodec/x86/lpc_init.c
ffmpeg-8.1/libavcodec/x86/ttaencdsp.asm
ffmpeg-8.1/libavcodec/x86/simple_idct.asm
ffmpeg-8.1/libavcodec/x86/vp6dsp.asm
ffmpeg-8.1/libavcodec/x86/v210enc_init.c
ffmpeg-8.1/libavcodec/x86/blockdsp.asm
ffmpeg-8.1/libavcodec/x86/fpel.h
ffmpeg-8.1/libavcodec/x86/idctdsp_init.c
ffmpeg-8.1/libavcodec/x86/aacencdsp_init.c
ffmpeg-8.1/libavcodec/x86/lossless_videoencdsp_init.c
ffmpeg-8.1/libavcodec/x86/celt_pvq_init.c
ffmpeg-8.1/libavcodec/x86/h264_qpel_10bit.asm
ffmpeg-8.1/libavcodec/x86/vp9itxfm_avx512.asm
ffmpeg-8.1/libavcodec/x86/flacdsp_init.c
ffmpeg-8.1/libavcodec/x86/cavsdsp.c
ffmpeg-8.1/libavcodec/x86/diracdsp_init.c
ffmpeg-8.1/libavcodec/x86/apv_dsp.asm
ffmpeg-8.1/libavcodec/x86/vc1dsp_mc.asm
ffmpeg-8.1/libavcodec/x86/vp9itxfm_16bpp.asm
ffmpeg-8.1/libavcodec/flac_parser.c
ffmpeg-8.1/libavcodec/flacdsp_lpc_template.c
ffmpeg-8.1/libavcodec/ipu_parser.c
ffmpeg-8.1/libavcodec/parsers.c
ffmpeg-8.1/libavcodec/mpegaudio.c
ffmpeg-8.1/libavcodec/imx.c
ffmpeg-8.1/libavcodec/cga_data.h
ffmpeg-8.1/libavcodec/diracdsp.c
ffmpeg-8.1/libavcodec/v4l2_m2m.h
ffmpeg-8.1/libavcodec/cbs_apv_syntax_template.c
ffmpeg-8.1/libavcodec/blockdsp.c
ffmpeg-8.1/libavcodec/diractab.c
ffmpeg-8.1/libavcodec/amfdec.h
ffmpeg-8.1/libavcodec/vaapi_vp8.c
ffmpeg-8.1/libavcodec/ivi.h
ffmpeg-8.1/libavcodec/dvdata.c
ffmpeg-8.1/libavcodec/bethsoftvideo.c
ffmpeg-8.1/libavcodec/sipr_parser.c
ffmpeg-8.1/libavcodec/dfpwmdec.c
ffmpeg-8.1/libavcodec/libvvenc.c
ffmpeg-8.1/libavcodec/pixels.h
ffmpeg-8.1/libavcodec/xwddec.c
ffmpeg-8.1/libavcodec/aacenc.h
ffmpeg-8.1/libavcodec/mpeg4data.h
ffmpeg-8.1/libavcodec/wma_common.h
ffmpeg-8.1/libavcodec/libwebpenc_common.h
ffmpeg-8.1/libavcodec/aaccoder_trellis.h
ffmpeg-8.1/libavcodec/mpeg12dec.c
ffmpeg-8.1/libavcodec/dca_sample_rate_tab.h
ffmpeg-8.1/libavcodec/aacpsdata.c
ffmpeg-8.1/libavcodec/tdsc.c
ffmpeg-8.1/libavcodec/fraps.c
ffmpeg-8.1/libavcodec/pcm-blurayenc.c
ffmpeg-8.1/libavcodec/svq1.c
ffmpeg-8.1/libavcodec/cngdec.c
ffmpeg-8.1/libavcodec/ffv1_parse.c
ffmpeg-8.1/libavcodec/dnxhd_parser.c
ffmpeg-8.1/libavcodec/flacdsp.c
ffmpeg-8.1/libavcodec/atrac9dec.c
ffmpeg-8.1/libavcodec/libvpxenc.c
ffmpeg-8.1/libavcodec/vaapi_decode.h
ffmpeg-8.1/libavcodec/hw_base_encode_h265.h
ffmpeg-8.1/libavcodec/golomb.h
ffmpeg-8.1/libavcodec/adpcm_data.c
ffmpeg-8.1/libavcodec/qsvenc_vp9.c
ffmpeg-8.1/libavcodec/cbs_h2645.c
ffmpeg-8.1/libavcodec/vvc.h
ffmpeg-8.1/libavcodec/proresenc_kostya_common.h
ffmpeg-8.1/libavcodec/packet_internal.h
ffmpeg-8.1/libavcodec/midivid.c
ffmpeg-8.1/libavcodec/bitstream.c
ffmpeg-8.1/libavcodec/ituh263enc.c
ffmpeg-8.1/libavcodec/leaddec.c
ffmpeg-8.1/libavcodec/atrac3plus.h
ffmpeg-8.1/libavcodec/psd.c
ffmpeg-8.1/libavcodec/ffv1dec.c
ffmpeg-8.1/libavcodec/rtjpeg.h
ffmpeg-8.1/libavcodec/vaapi_mpeg2.c
ffmpeg-8.1/libavcodec/vble.c
ffmpeg-8.1/libavcodec/h264idct.h
ffmpeg-8.1/libavcodec/vmnc.c
ffmpeg-8.1/libavcodec/dvbtxt.h
ffmpeg-8.1/libavcodec/error_resilience.h
ffmpeg-8.1/libavcodec/vorbis.h
ffmpeg-8.1/libavcodec/cbs_sei.h
ffmpeg-8.1/libavcodec/celp_math.h
ffmpeg-8.1/libavcodec/v210dec_init.h
ffmpeg-8.1/libavcodec/lcevcdec.c
ffmpeg-8.1/libavcodec/lagarith.c
ffmpeg-8.1/libavcodec/libxavs2.c
ffmpeg-8.1/libavcodec/rv34_parser.c
ffmpeg-8.1/libavcodec/sgienc.c
ffmpeg-8.1/libavcodec/ass.c
ffmpeg-8.1/libavcodec/mpc7data.h
ffmpeg-8.1/libavcodec/vp8dsp.c
ffmpeg-8.1/libavcodec/h2645_sei.c
ffmpeg-8.1/libavcodec/pngdec.c
ffmpeg-8.1/libavcodec/cbs_internal.h
ffmpeg-8.1/libavcodec/vaapi_encode_h264.c
ffmpeg-8.1/libavcodec/wavpackdata.c
ffmpeg-8.1/libavcodec/dvdata.h
ffmpeg-8.1/libavcodec/dsicinaudio.c
ffmpeg-8.1/libavcodec/speexdata.h
ffmpeg-8.1/libavcodec/rv60dsp.h
ffmpeg-8.1/libavcodec/eatgq.c
ffmpeg-8.1/libavcodec/libtheoraenc.c
ffmpeg-8.1/libavcodec/atrac3plus.c
ffmpeg-8.1/libavcodec/dnxhddec.c
ffmpeg-8.1/libavcodec/libxevd.c
ffmpeg-8.1/libavcodec/qpeldsp.h
ffmpeg-8.1/libavcodec/brenderpix.c
ffmpeg-8.1/libavcodec/atrac3data.h
ffmpeg-8.1/libavcodec/cbs_mpeg2_syntax_template.c
ffmpeg-8.1/libavcodec/h263dsp.c
ffmpeg-8.1/libavcodec/a64colors.h
ffmpeg-8.1/libavcodec/cga_data.c
ffmpeg-8.1/libavcodec/h264pred.h
ffmpeg-8.1/libavcodec/motionpixels_tablegen.h
ffmpeg-8.1/libavcodec/jpeg2000htdec.c
ffmpeg-8.1/libavcodec/aacenc_tns.c
ffmpeg-8.1/libavcodec/rv20enc.c
ffmpeg-8.1/libavcodec/wma.h
ffmpeg-8.1/libavcodec/dirac_vlc.h
ffmpeg-8.1/libavcodec/lsp.h
ffmpeg-8.1/libavcodec/srtenc.c
ffmpeg-8.1/libavcodec/vc1dsp.c
ffmpeg-8.1/libavcodec/jfdctint_template.c
ffmpeg-8.1/libavcodec/h265_profile_level.c
ffmpeg-8.1/libavcodec/reverse.c
ffmpeg-8.1/libavcodec/mpegvideoenc.h
ffmpeg-8.1/libavcodec/dynamic_hdr_vivid.h
ffmpeg-8.1/libavcodec/h264pred_template.c
ffmpeg-8.1/libavcodec/cbs_av1_syntax_template.c
ffmpeg-8.1/libavcodec/rv40.c
ffmpeg-8.1/libavcodec/vlc.h
ffmpeg-8.1/libavcodec/indeo5.c
ffmpeg-8.1/libavcodec/acelp_pitch_delay.c
ffmpeg-8.1/libavcodec/jpeg2000dec.c
ffmpeg-8.1/libavcodec/leaddata.h
ffmpeg-8.1/libavcodec/012v.c
ffmpeg-8.1/libavcodec/svq1enc_cb.h
ffmpeg-8.1/libavcodec/ttadata.h
ffmpeg-8.1/libavcodec/vp9prob.c
ffmpeg-8.1/libavcodec/hwaccel_internal.h
ffmpeg-8.1/libavcodec/vp3dsp.h
ffmpeg-8.1/libavcodec/videotoolbox.c
ffmpeg-8.1/libavcodec/dxva2_vc1.c
ffmpeg-8.1/libavcodec/kbdwin.h
ffmpeg-8.1/libavcodec/agm.c
ffmpeg-8.1/libavcodec/ffjni.c
ffmpeg-8.1/libavcodec/aac/
ffmpeg-8.1/libavcodec/aac/aacdec_float_prediction.h
ffmpeg-8.1/libavcodec/aac/Makefile
ffmpeg-8.1/libavcodec/aac/aacdec_float.c
ffmpeg-8.1/libavcodec/aac/aacdec_proc_template.c
ffmpeg-8.1/libavcodec/aac/aacdec_latm.h
ffmpeg-8.1/libavcodec/aac/aacdec_lpd.h
ffmpeg-8.1/libavcodec/aac/aacdec_float_coupling.h
ffmpeg-8.1/libavcodec/aac/aacdec_dsp_template.c
ffmpeg-8.1/libavcodec/aac/aacdec_usac.c
ffmpeg-8.1/libavcodec/aac/aacdec_fixed.c
ffmpeg-8.1/libavcodec/aac/aacdec_usac.h
ffmpeg-8.1/libavcodec/aac/aacdec_tab.h
ffmpeg-8.1/libavcodec/aac/aacdec.h
ffmpeg-8.1/libavcodec/aac/aacdec_fixed_dequant.h
ffmpeg-8.1/libavcodec/aac/aacdec_tab.c
ffmpeg-8.1/libavcodec/aac/aacdec_ac.h
ffmpeg-8.1/libavcodec/aac/aacdec_lpd.c
ffmpeg-8.1/libavcodec/aac/aacdec_usac_mps212.h
ffmpeg-8.1/libavcodec/aac/aacdec_fixed_prediction.h
ffmpeg-8.1/libavcodec/aac/aacdec_usac_mps212.c
ffmpeg-8.1/libavcodec/aac/aacdec_ac.c
ffmpeg-8.1/libavcodec/aac/aacdec_fixed_coupling.h
ffmpeg-8.1/libavcodec/aac/aacdec.c
ffmpeg-8.1/libavcodec/qoidec.c
ffmpeg-8.1/libavcodec/simple_idct.h
ffmpeg-8.1/libavcodec/vc1_common.h
ffmpeg-8.1/libavcodec/rv60dec.c
ffmpeg-8.1/libavcodec/pcm_tablegen.h
ffmpeg-8.1/libavcodec/h264data.h
ffmpeg-8.1/libavcodec/cbs_h264.h
ffmpeg-8.1/libavcodec/dcamath.h
ffmpeg-8.1/libavcodec/lcevc_parser.c
ffmpeg-8.1/libavcodec/executor.h
ffmpeg-8.1/libavcodec/hq_hqa.c
ffmpeg-8.1/libavcodec/roqvideodec.c
ffmpeg-8.1/libavcodec/dxv.h
ffmpeg-8.1/libavcodec/bintext.c
ffmpeg-8.1/libavcodec/mediacodec_sw_buffer.h
ffmpeg-8.1/libavcodec/vp5.c
ffmpeg-8.1/libavcodec/mpeg12.c
ffmpeg-8.1/libavcodec/fmtconvert.c
ffmpeg-8.1/libavcodec/rv34.h
ffmpeg-8.1/libavcodec/h264_mb_template.c
ffmpeg-8.1/libavcodec/cbs_mpeg2.h
ffmpeg-8.1/libavcodec/dvdec.c
ffmpeg-8.1/libavcodec/mobiclip.c
ffmpeg-8.1/libavcodec/mpeg4video_parser.c
ffmpeg-8.1/libavcodec/v4l2_fmt.h
ffmpeg-8.1/libavcodec/jpegxl_parse.h
ffmpeg-8.1/libavcodec/wmv2enc.c
ffmpeg-8.1/libavcodec/vvc_parser.c
ffmpeg-8.1/libavcodec/libsvtav1.c
ffmpeg-8.1/libavcodec/mpegvideodata.h
ffmpeg-8.1/libavcodec/sinewin_tablegen.h
ffmpeg-8.1/libavcodec/amfdec.c
ffmpeg-8.1/libavcodec/vp8data.c
ffmpeg-8.1/libavcodec/aacenc_utils.h
ffmpeg-8.1/libavcodec/amfenc.c
ffmpeg-8.1/libavcodec/vorbisdsp.h
ffmpeg-8.1/libavcodec/file_open.c
ffmpeg-8.1/libavcodec/parser_internal.h
ffmpeg-8.1/libavcodec/alacdsp.c
ffmpeg-8.1/libavcodec/celp_filters.h
ffmpeg-8.1/libavcodec/cookdata.h
ffmpeg-8.1/libavcodec/flvdec.c
ffmpeg-8.1/libavcodec/cbs_jpeg_syntax_template.c
ffmpeg-8.1/libavcodec/truemotion2rt.c
ffmpeg-8.1/libavcodec/hdrenc.c
ffmpeg-8.1/libavcodec/vp9dsp_8bpp.c
ffmpeg-8.1/libavcodec/8svx.c
ffmpeg-8.1/libavcodec/ac3dec_data.c
ffmpeg-8.1/libavcodec/mediacodec_surface.c
ffmpeg-8.1/libavcodec/ac3enc_template.c
ffmpeg-8.1/libavcodec/xbmenc.c
ffmpeg-8.1/libavcodec/vp8.c
ffmpeg-8.1/libavcodec/nvdec_av1.c
ffmpeg-8.1/libavcodec/dirac_dwt.h
ffmpeg-8.1/libavcodec/nvdec.h
ffmpeg-8.1/libavcodec/h263data.h
ffmpeg-8.1/libavcodec/wmv2dsp.h
ffmpeg-8.1/libavcodec/dirac_dwt.c
ffmpeg-8.1/libavcodec/rl.h
ffmpeg-8.1/libavcodec/binkaudio.c
ffmpeg-8.1/libavcodec/ass_split.h
ffmpeg-8.1/libavcodec/h264_loopfilter.c
ffmpeg-8.1/libavcodec/libopenjpegenc.c
ffmpeg-8.1/libavcodec/xwd_parser.c
ffmpeg-8.1/libavcodec/flashsvenc.c
ffmpeg-8.1/libavcodec/aandcttab.c
ffmpeg-8.1/libavcodec/ahx_parser.c
ffmpeg-8.1/libavcodec/xan.c
ffmpeg-8.1/libavcodec/h261dec.c
ffmpeg-8.1/libavcodec/dcaenc.c
ffmpeg-8.1/libavcodec/targa_y216dec.c
ffmpeg-8.1/libavcodec/mpeg4videodefs.h
ffmpeg-8.1/libavcodec/atrac1.c
ffmpeg-8.1/libavcodec/eatgv.c
ffmpeg-8.1/libavcodec/mmvideo.c
ffmpeg-8.1/libavcodec/libvpxdec.c
ffmpeg-8.1/libavcodec/bitpacked_enc.c
ffmpeg-8.1/libavcodec/ffv1dec_template.c
ffmpeg-8.1/libavcodec/wmv2data.c
ffmpeg-8.1/libavcodec/celp_math.c
ffmpeg-8.1/libavcodec/vulkan_video.c
ffmpeg-8.1/libavcodec/aacpsdsp_template.c
ffmpeg-8.1/libavcodec/avcodec.h
ffmpeg-8.1/libavcodec/cabac.h
ffmpeg-8.1/libavcodec/ffv1enc.h
ffmpeg-8.1/libavcodec/evc_parse.h
ffmpeg-8.1/libavcodec/zmbvenc.c
ffmpeg-8.1/libavcodec/sbcdsp.h
ffmpeg-8.1/libavcodec/motion_est_template.c
ffmpeg-8.1/libavcodec/mss34dsp.c
ffmpeg-8.1/libavcodec/smpte_436m_internal.h
ffmpeg-8.1/libavcodec/webp.c
ffmpeg-8.1/libavcodec/exr.c
ffmpeg-8.1/libavcodec/motion_est.c
ffmpeg-8.1/libavcodec/mpcdata.h
ffmpeg-8.1/libavcodec/g723_1.h
ffmpeg-8.1/libavcodec/proresdec.h
ffmpeg-8.1/libavcodec/cbs_h265.c
ffmpeg-8.1/libavcodec/rv10enc.c
ffmpeg-8.1/libavcodec/qdm2.c
ffmpeg-8.1/libavcodec/atrac3plusdsp.c
ffmpeg-8.1/libavcodec/ttaenc.c
ffmpeg-8.1/libavcodec/h264pred.c
ffmpeg-8.1/libavcodec/hpeldsp.c
ffmpeg-8.1/libavcodec/ilbcdata.h
ffmpeg-8.1/libavcodec/ftr_parser.c
ffmpeg-8.1/libavcodec/utils.c
ffmpeg-8.1/libavcodec/eac3enc.c
ffmpeg-8.1/libavcodec/h263data.c
ffmpeg-8.1/libavcodec/svq1_cb.h
ffmpeg-8.1/libavcodec/libsvtjpegxsenc.c
ffmpeg-8.1/libavcodec/qoi_parser.c
ffmpeg-8.1/libavcodec/ralfdata.h
ffmpeg-8.1/libavcodec/exrdsp.c
ffmpeg-8.1/libavcodec/metasound_twinvq_data.h
ffmpeg-8.1/libavcodec/dxva2_hevc.c
ffmpeg-8.1/libavcodec/nellymoser.c
ffmpeg-8.1/libavcodec/ralf.c
ffmpeg-8.1/libavcodec/aacps_common.c
ffmpeg-8.1/libavcodec/h263dec.c
ffmpeg-8.1/libavcodec/mpeg12framerate.c
ffmpeg-8.1/libavcodec/msvideo1.c
ffmpeg-8.1/libavcodec/dcaadpcm.h
ffmpeg-8.1/libavcodec/v408enc.c
ffmpeg-8.1/libavcodec/av1dec.h
ffmpeg-8.1/libavcodec/qpeldsp.c
ffmpeg-8.1/libavcodec/dnxhdenc.h
ffmpeg-8.1/libavcodec/mss34dsp.h
ffmpeg-8.1/libavcodec/mlp.c
ffmpeg-8.1/libavcodec/mpegvideo.h
ffmpeg-8.1/libavcodec/mpeg4audio_copy_pce.h
ffmpeg-8.1/libavcodec/vp56.c
ffmpeg-8.1/libavcodec/hevc/
ffmpeg-8.1/libavcodec/hevc/Makefile
ffmpeg-8.1/libavcodec/hevc/sei.h
ffmpeg-8.1/libavcodec/hevc/pred.c
ffmpeg-8.1/libavcodec/hevc/hevc.h
ffmpeg-8.1/libavcodec/hevc/dsp_template.c
ffmpeg-8.1/libavcodec/hevc/filter.c
ffmpeg-8.1/libavcodec/hevc/parser.c
ffmpeg-8.1/libavcodec/hevc/hevcdec.h
ffmpeg-8.1/libavcodec/hevc/data.c
ffmpeg-8.1/libavcodec/hevc/dsp.c
ffmpeg-8.1/libavcodec/hevc/ps_enc.c
ffmpeg-8.1/libavcodec/hevc/cabac.c
ffmpeg-8.1/libavcodec/hevc/dsp.h
ffmpeg-8.1/libavcodec/hevc/ps.h
ffmpeg-8.1/libavcodec/hevc/pred.h
ffmpeg-8.1/libavcodec/hevc/pred_template.c
ffmpeg-8.1/libavcodec/hevc/sei.c
ffmpeg-8.1/libavcodec/hevc/hevcdec.c
ffmpeg-8.1/libavcodec/hevc/parse.h
ffmpeg-8.1/libavcodec/hevc/mvs.c
ffmpeg-8.1/libavcodec/hevc/refs.c
ffmpeg-8.1/libavcodec/hevc/parse.c
ffmpeg-8.1/libavcodec/hevc/ps.c
ffmpeg-8.1/libavcodec/hevc/data.h
ffmpeg-8.1/libavcodec/rv30data.h
ffmpeg-8.1/libavcodec/truemotion2.c
ffmpeg-8.1/libavcodec/flashsv.c
ffmpeg-8.1/libavcodec/codec.h
ffmpeg-8.1/libavcodec/v210_template.c
ffmpeg-8.1/libavcodec/vorbis_data.c
ffmpeg-8.1/libavcodec/aasc.c
ffmpeg-8.1/libavcodec/aom_film_grain.c
ffmpeg-8.1/libavcodec/yuv4enc.c
ffmpeg-8.1/libavcodec/rv30dsp.c
ffmpeg-8.1/libavcodec/h26x/
ffmpeg-8.1/libavcodec/h26x/h2656_deblock_template.c
ffmpeg-8.1/libavcodec/h26x/h2656_inter_template.c
ffmpeg-8.1/libavcodec/h26x/h2656_sao_template.c
ffmpeg-8.1/libavcodec/pafaudio.c
ffmpeg-8.1/libavcodec/scpr3.h
ffmpeg-8.1/libavcodec/cbs_lcevc_syntax_template.c
ffmpeg-8.1/libavcodec/truespeech.c
ffmpeg-8.1/libavcodec/cbs_apv.c
ffmpeg-8.1/libavcodec/xwd.h
ffmpeg-8.1/libavcodec/aliaspixenc.c
ffmpeg-8.1/libavcodec/dca_lbr.h
ffmpeg-8.1/libavcodec/hw_base_encode.h
ffmpeg-8.1/libavcodec/cbs_bsf.h
ffmpeg-8.1/libavcodec/eacmv.c
ffmpeg-8.1/libavcodec/mpegaudioenc.c
ffmpeg-8.1/libavcodec/vp9_parser.c
ffmpeg-8.1/libavcodec/m101.c
ffmpeg-8.1/libavcodec/nvdec_vp8.c
ffmpeg-8.1/libavcodec/flacdsp.h
ffmpeg-8.1/libavcodec/on2avcdata.h
ffmpeg-8.1/libavcodec/mediacodecenc.c
ffmpeg-8.1/libavcodec/htmlsubtitles.h
ffmpeg-8.1/libavcodec/asvenc.c
ffmpeg-8.1/libavcodec/ttadata.c
ffmpeg-8.1/libavcodec/sp5xdec.c
ffmpeg-8.1/libavcodec/rkmppdec.c
ffmpeg-8.1/libavcodec/cabac.c
ffmpeg-8.1/libavcodec/ac3dsp.c
ffmpeg-8.1/libavcodec/put_bits.h
ffmpeg-8.1/libavcodec/cbs_mpeg2.c
ffmpeg-8.1/libavcodec/dsicinvideo.c
ffmpeg-8.1/libavcodec/d3d12va_h264.c
ffmpeg-8.1/libavcodec/faandct.h
ffmpeg-8.1/libavcodec/audio_frame_queue.c
ffmpeg-8.1/libavcodec/thread.h
ffmpeg-8.1/libavcodec/pdvdec.c
ffmpeg-8.1/libavcodec/mpegaudiodec_template.c
ffmpeg-8.1/libavcodec/svq1_vlc.h
ffmpeg-8.1/libavcodec/flac.h
ffmpeg-8.1/libavcodec/audiotoolboxdec.c
ffmpeg-8.1/libavcodec/r210enc.c
ffmpeg-8.1/libavcodec/xface.h
ffmpeg-8.1/libavcodec/exif.c
ffmpeg-8.1/libavcodec/threadframe.h
ffmpeg-8.1/libavcodec/ra144.h
ffmpeg-8.1/libavcodec/utvideo.h
ffmpeg-8.1/libavcodec/rtv1.c
ffmpeg-8.1/libavcodec/rawdec.c
ffmpeg-8.1/libavcodec/intrax8dsp.h
ffmpeg-8.1/libavcodec/pngdsp.h
ffmpeg-8.1/libavcodec/msmpeg4.c
ffmpeg-8.1/libavcodec/aacenc_quantization.h
ffmpeg-8.1/libavcodec/aom_film_grain_template.c
ffmpeg-8.1/libavcodec/mpc.h
ffmpeg-8.1/libavcodec/vc1.c
ffmpeg-8.1/libavcodec/elsdec.h
ffmpeg-8.1/libavcodec/ac3.h
ffmpeg-8.1/libavcodec/jpeg2000dec.h
ffmpeg-8.1/libavcodec/vorbisdec.c
ffmpeg-8.1/libavcodec/h2645_vui.c
ffmpeg-8.1/libavcodec/cabac_functions.h
ffmpeg-8.1/libavcodec/textdec.c
ffmpeg-8.1/libavcodec/cbs_lcevc.c
ffmpeg-8.1/libavcodec/mqcdec.c
ffmpeg-8.1/libavcodec/dsd.h
ffmpeg-8.1/libavcodec/vb.c
ffmpeg-8.1/libavcodec/rv34data.h
ffmpeg-8.1/libavcodec/wcmv.c
ffmpeg-8.1/libavcodec/exif_internal.h
ffmpeg-8.1/libavcodec/aaccoder.c
ffmpeg-8.1/libavcodec/vp9shared.h
ffmpeg-8.1/libavcodec/g728data.h
ffmpeg-8.1/libavcodec/vulkan_video.h
ffmpeg-8.1/libavcodec/ppc/
ffmpeg-8.1/libavcodec/ppc/lossless_videodsp_altivec.c
ffmpeg-8.1/libavcodec/ppc/hpeldsp_altivec.h
ffmpeg-8.1/libavcodec/ppc/h264chroma_init.c
ffmpeg-8.1/libavcodec/ppc/Makefile
ffmpeg-8.1/libavcodec/ppc/mpeg4videodsp.c
ffmpeg-8.1/libavcodec/ppc/fmtconvert_altivec.c
ffmpeg-8.1/libavcodec/ppc/svq1enc_altivec.c
ffmpeg-8.1/libavcodec/ppc/vorbisdsp_altivec.c
ffmpeg-8.1/libavcodec/ppc/me_cmp.c
ffmpeg-8.1/libavcodec/ppc/hevcdsp.c
ffmpeg-8.1/libavcodec/ppc/h264dsp.c
ffmpeg-8.1/libavcodec/ppc/hevcdsp_template.c
ffmpeg-8.1/libavcodec/ppc/blockdsp.c
ffmpeg-8.1/libavcodec/ppc/asm.S
ffmpeg-8.1/libavcodec/ppc/fdct.h
ffmpeg-8.1/libavcodec/ppc/vp8dsp_altivec.c
ffmpeg-8.1/libavcodec/ppc/vc1dsp_altivec.c
ffmpeg-8.1/libavcodec/ppc/mpegvideo_altivec.c
ffmpeg-8.1/libavcodec/ppc/fdctdsp.c
ffmpeg-8.1/libavcodec/ppc/h264qpel.c
ffmpeg-8.1/libavcodec/ppc/pixblockdsp.c
ffmpeg-8.1/libavcodec/ppc/hpeldsp_altivec.c
ffmpeg-8.1/libavcodec/ppc/vp3dsp_altivec.c
ffmpeg-8.1/libavcodec/ppc/videodsp.c
ffmpeg-8.1/libavcodec/ppc/h264chroma_template.c
ffmpeg-8.1/libavcodec/ppc/mpegvideoencdsp.c
ffmpeg-8.1/libavcodec/ppc/idctdsp.c
ffmpeg-8.1/libavcodec/ppc/mathops.h
ffmpeg-8.1/libavcodec/ppc/audiodsp.c
ffmpeg-8.1/libavcodec/ppc/h264qpel_template.c
ffmpeg-8.1/libavcodec/ppc/mpegaudiodsp_altivec.c
ffmpeg-8.1/libavcodec/wmaprodec.c
ffmpeg-8.1/libavcodec/zmbv.c
ffmpeg-8.1/libavcodec/bfi.c
ffmpeg-8.1/libavcodec/dv.c
ffmpeg-8.1/libavcodec/adpcm.h
ffmpeg-8.1/libavcodec/dca.c
ffmpeg-8.1/libavcodec/dcadata.c
ffmpeg-8.1/libavcodec/profiles.c
ffmpeg-8.1/libavcodec/dxva2_internal.h
ffmpeg-8.1/libavcodec/xl.c
ffmpeg-8.1/libavcodec/webp_parser.c
ffmpeg-8.1/libavcodec/aacps_tablegen.h
ffmpeg-8.1/libavcodec/vorbis_parser.c
ffmpeg-8.1/libavcodec/qsvenc_h264.c
ffmpeg-8.1/libavcodec/libdavs2.c
ffmpeg-8.1/libavcodec/rv34vlc.h
ffmpeg-8.1/libavcodec/cbs_h266.h
ffmpeg-8.1/libavcodec/d3d11va.c
ffmpeg-8.1/libavcodec/mpegvideo_unquantize.h
ffmpeg-8.1/libavcodec/ass_split.c
ffmpeg-8.1/libavcodec/ac3.c
ffmpeg-8.1/libavcodec/sanm.c
ffmpeg-8.1/libavcodec/dxva2_av1.c
ffmpeg-8.1/libavcodec/h261enc.h
ffmpeg-8.1/libavcodec/rangecoder.h
ffmpeg-8.1/libavcodec/dcahuff.c
ffmpeg-8.1/libavcodec/huffman.h
ffmpeg-8.1/libavcodec/mf_utils.h
ffmpeg-8.1/libavcodec/rv34.c
ffmpeg-8.1/libavcodec/mpeg12data.h
ffmpeg-8.1/libavcodec/libjxl.c
ffmpeg-8.1/libavcodec/arm/
ffmpeg-8.1/libavcodec/arm/asm-offsets.h
ffmpeg-8.1/libavcodec/arm/audiodsp_init_arm.c
ffmpeg-8.1/libavcodec/arm/rv40dsp_init_arm.c
ffmpeg-8.1/libavcodec/arm/int_neon.S
ffmpeg-8.1/libavcodec/arm/dca.h
ffmpeg-8.1/libavcodec/arm/rv40dsp_neon.S
ffmpeg-8.1/libavcodec/arm/fmtconvert_neon.S
ffmpeg-8.1/libavcodec/arm/hpeldsp_arm.S
ffmpeg-8.1/libavcodec/arm/vorbisdsp_neon.S
ffmpeg-8.1/libavcodec/arm/Makefile
ffmpeg-8.1/libavcodec/arm/hpeldsp_armv6.S
ffmpeg-8.1/libavcodec/arm/vp9dsp_init_10bpp_arm.c
ffmpeg-8.1/libavcodec/arm/hpeldsp_init_armv6.c
ffmpeg-8.1/libavcodec/arm/hevcdsp_qpel_neon.S
ffmpeg-8.1/libavcodec/arm/videodsp_init_arm.c
ffmpeg-8.1/libavcodec/arm/vc1dsp.h
ffmpeg-8.1/libavcodec/arm/vorbisdsp_init_arm.c
ffmpeg-8.1/libavcodec/arm/vp8_armv6.S
ffmpeg-8.1/libavcodec/arm/vp3dsp_init_arm.c
ffmpeg-8.1/libavcodec/arm/h264dsp_init_arm.c
ffmpeg-8.1/libavcodec/arm/vp8dsp_init_armv6.c
ffmpeg-8.1/libavcodec/arm/mlpdsp_init_arm.c
ffmpeg-8.1/libavcodec/arm/mpegvideo_armv5te.c
ffmpeg-8.1/libavcodec/arm/sbcdsp_armv6.S
ffmpeg-8.1/libavcodec/arm/blockdsp_neon.S
ffmpeg-8.1/libavcodec/arm/synth_filter_init_arm.c
ffmpeg-8.1/libavcodec/arm/startcode.h
ffmpeg-8.1/libavcodec/arm/idctdsp_arm.h
ffmpeg-8.1/libavcodec/arm/mpegvideo_armv5te_s.S
ffmpeg-8.1/libavcodec/arm/vp9dsp_init_arm.c
ffmpeg-8.1/libavcodec/arm/synth_filter_vfp.S
ffmpeg-8.1/libavcodec/arm/vp9lpf_16bpp_neon.S
ffmpeg-8.1/libavcodec/arm/ac3dsp_neon.S
ffmpeg-8.1/libavcodec/arm/h264idct_neon.S
ffmpeg-8.1/libavcodec/arm/pixblockdsp_armv6.S
ffmpeg-8.1/libavcodec/arm/ac3dsp_init_arm.c
ffmpeg-8.1/libavcodec/arm/vp9mc_16bpp_neon.S
ffmpeg-8.1/libavcodec/arm/rv34dsp_init_arm.c
ffmpeg-8.1/libavcodec/arm/vp8.h
ffmpeg-8.1/libavcodec/arm/vp8dsp_armv6.S
ffmpeg-8.1/libavcodec/arm/ac3dsp_armv6.S
ffmpeg-8.1/libavcodec/arm/simple_idct_neon.S
ffmpeg-8.1/libavcodec/arm/startcode_armv6.S
ffmpeg-8.1/libavcodec/arm/hevcdsp_sao_neon.S
ffmpeg-8.1/libavcodec/arm/h264qpel_init_arm.c
ffmpeg-8.1/libavcodec/arm/me_cmp_armv6.S
ffmpeg-8.1/libavcodec/arm/aacpsdsp_init_arm.c
ffmpeg-8.1/libavcodec/arm/idct.h
ffmpeg-8.1/libavcodec/arm/hpeldsp_init_arm.c
ffmpeg-8.1/libavcodec/arm/audiodsp_arm.h
ffmpeg-8.1/libavcodec/arm/sbcdsp_neon.S
ffmpeg-8.1/libavcodec/arm/idctdsp_init_neon.c
ffmpeg-8.1/libavcodec/arm/lossless_audiodsp_init_arm.c
ffmpeg-8.1/libavcodec/arm/simple_idct_arm.S
ffmpeg-8.1/libavcodec/arm/simple_idct_armv5te.S
ffmpeg-8.1/libavcodec/arm/idctdsp_init_armv5te.c
ffmpeg-8.1/libavcodec/arm/lossless_audiodsp_neon.S
ffmpeg-8.1/libavcodec/arm/mpegaudiodsp_fixed_armv6.S
ffmpeg-8.1/libavcodec/arm/mlpdsp_armv5te.S
ffmpeg-8.1/libavcodec/arm/vc1dsp_neon.S
ffmpeg-8.1/libavcodec/arm/mpegvideoencdsp_init_arm.c
ffmpeg-8.1/libavcodec/arm/neontest.c
ffmpeg-8.1/libavcodec/arm/vpx_arith.h
ffmpeg-8.1/libavcodec/arm/idctdsp_neon.S
ffmpeg-8.1/libavcodec/arm/cabac.h
ffmpeg-8.1/libavcodec/arm/hevcdsp_idct_neon.S
ffmpeg-8.1/libavcodec/arm/me_cmp_init_arm.c
ffmpeg-8.1/libavcodec/arm/sbcdsp_init_arm.c
ffmpeg-8.1/libavcodec/arm/mpegvideo_arm.h
ffmpeg-8.1/libavcodec/arm/vp9dsp_init.h
ffmpeg-8.1/libavcodec/arm/mpegvideo_arm.c
ffmpeg-8.1/libavcodec/arm/mlpdsp_armv6.S
ffmpeg-8.1/libavcodec/arm/flacdsp_init_arm.c
ffmpeg-8.1/libavcodec/arm/vp8dsp_neon.S
ffmpeg-8.1/libavcodec/arm/fmtconvert_vfp.S
ffmpeg-8.1/libavcodec/arm/g722dsp_init_arm.c
ffmpeg-8.1/libavcodec/arm/h264pred_init_arm.c
ffmpeg-8.1/libavcodec/arm/h264qpel_neon.S
ffmpeg-8.1/libavcodec/arm/vp9itxfm_neon.S
ffmpeg-8.1/libavcodec/arm/mpegvideoencdsp_armv6.S
ffmpeg-8.1/libavcodec/arm/jrevdct_arm.S
ffmpeg-8.1/libavcodec/arm/g722dsp_neon.S
ffmpeg-8.1/libavcodec/arm/vp9dsp_init_16bpp_arm_template.c
ffmpeg-8.1/libavcodec/arm/vp9lpf_neon.S
ffmpeg-8.1/libavcodec/arm/rv34dsp_neon.S
ffmpeg-8.1/libavcodec/arm/vp9mc_neon.S
ffmpeg-8.1/libavcodec/arm/vp8dsp.h
ffmpeg-8.1/libavcodec/arm/h264pred_neon.S
ffmpeg-8.1/libavcodec/arm/ac3dsp_arm.S
ffmpeg-8.1/libavcodec/arm/mpegaudiodsp_init_arm.c
ffmpeg-8.1/libavcodec/arm/vp8dsp_init_neon.c
ffmpeg-8.1/libavcodec/arm/idctdsp_init_arm.c
ffmpeg-8.1/libavcodec/arm/hevcdsp_init_arm.c
ffmpeg-8.1/libavcodec/arm/hpeldsp_neon.S
ffmpeg-8.1/libavcodec/arm/vp8dsp_init_arm.c
ffmpeg-8.1/libavcodec/arm/sbrdsp_neon.S
ffmpeg-8.1/libavcodec/arm/vc1dsp_init_neon.c
ffmpeg-8.1/libavcodec/arm/vp9dsp_init_12bpp_arm.c
ffmpeg-8.1/libavcodec/arm/sbrdsp_init_arm.c
ffmpeg-8.1/libavcodec/arm/synth_filter_neon.S
ffmpeg-8.1/libavcodec/arm/hevcdsp_init_neon.c
ffmpeg-8.1/libavcodec/arm/audiodsp_init_neon.c
ffmpeg-8.1/libavcodec/arm/aac.h
ffmpeg-8.1/libavcodec/arm/hpeldsp_init_neon.c
ffmpeg-8.1/libavcodec/arm/videodsp_armv5te.S
ffmpeg-8.1/libavcodec/arm/vp3dsp_neon.S
ffmpeg-8.1/libavcodec/arm/hevcdsp_arm.h
ffmpeg-8.1/libavcodec/arm/h264dsp_neon.S
ffmpeg-8.1/libavcodec/arm/mpegvideo_neon.S
ffmpeg-8.1/libavcodec/arm/h264chroma_init_arm.c
ffmpeg-8.1/libavcodec/arm/idctdsp_init_armv6.c
ffmpeg-8.1/libavcodec/arm/simple_idct_armv6.S
ffmpeg-8.1/libavcodec/arm/vp9itxfm_16bpp_neon.S
ffmpeg-8.1/libavcodec/arm/hevcdsp_deblock_neon.S
ffmpeg-8.1/libavcodec/arm/fmtconvert_init_arm.c
ffmpeg-8.1/libavcodec/arm/flacdsp_arm.S
ffmpeg-8.1/libavcodec/arm/hpeldsp_arm.h
ffmpeg-8.1/libavcodec/arm/aacpsdsp_neon.S
ffmpeg-8.1/libavcodec/arm/blockdsp_arm.h
ffmpeg-8.1/libavcodec/arm/vc1dsp_init_arm.c
ffmpeg-8.1/libavcodec/arm/blockdsp_init_arm.c
ffmpeg-8.1/libavcodec/arm/audiodsp_neon.S
ffmpeg-8.1/libavcodec/arm/idctdsp_arm.S
ffmpeg-8.1/libavcodec/arm/videodsp_arm.h
ffmpeg-8.1/libavcodec/arm/videodsp_init_armv5te.c
ffmpeg-8.1/libavcodec/arm/pixblockdsp_init_arm.c
ffmpeg-8.1/libavcodec/arm/mathops.h
ffmpeg-8.1/libavcodec/arm/blockdsp_init_neon.c
ffmpeg-8.1/libavcodec/arm/neon.S
ffmpeg-8.1/libavcodec/arm/pixblockdsp_neon.S
ffmpeg-8.1/libavcodec/arm/idctdsp_armv6.S
ffmpeg-8.1/libavcodec/arm/h264cmc_neon.S
ffmpeg-8.1/libavcodec/faanidct.c
ffmpeg-8.1/libavcodec/jpeglsdec.h
ffmpeg-8.1/libavcodec/dcadec.c
ffmpeg-8.1/libavcodec/sgi.h
ffmpeg-8.1/libavcodec/nvenc_av1.c
ffmpeg-8.1/libavcodec/proresenc_kostya_vulkan.c
ffmpeg-8.1/libavcodec/decode.c
ffmpeg-8.1/libavcodec/targa.h
ffmpeg-8.1/libavcodec/nvdec_vp9.c
ffmpeg-8.1/libavcodec/h264chroma.c
ffmpeg-8.1/libavcodec/roqaudioenc.c
ffmpeg-8.1/libavcodec/apv_decode.h
ffmpeg-8.1/libavcodec/adx.h
ffmpeg-8.1/libavcodec/mpeg4videoenc.c
ffmpeg-8.1/libavcodec/vaapi_hevc.h
ffmpeg-8.1/libavcodec/bsf/
ffmpeg-8.1/libavcodec/bsf/setts.c
ffmpeg-8.1/libavcodec/bsf/pcm_rechunk.c
ffmpeg-8.1/libavcodec/bsf/dovi_rpu.c
ffmpeg-8.1/libavcodec/bsf/Makefile
ffmpeg-8.1/libavcodec/bsf/lcevc_metadata.c
ffmpeg-8.1/libavcodec/bsf/eac3_core.c
ffmpeg-8.1/libavcodec/bsf/aac_adtstoasc.c
ffmpeg-8.1/libavcodec/bsf/hapqa_extract.c
ffmpeg-8.1/libavcodec/bsf/av1_metadata.c
ffmpeg-8.1/libavcodec/bsf/imx_dump_header.c
ffmpeg-8.1/libavcodec/bsf/pgs_frame_merge.c
ffmpeg-8.1/libavcodec/bsf/chomp.c
ffmpeg-8.1/libavcodec/bsf/dca_core.c
ffmpeg-8.1/libavcodec/bsf/truehd_core.c
ffmpeg-8.1/libavcodec/bsf/dump_extradata.c
ffmpeg-8.1/libavcodec/bsf/hevc_mp4toannexb.c
ffmpeg-8.1/libavcodec/bsf/filter_units.c
ffmpeg-8.1/libavcodec/bsf/vp9_superframe_split.c
ffmpeg-8.1/libavcodec/bsf/ahx_to_mp2.c
ffmpeg-8.1/libavcodec/bsf/prores_metadata.c
ffmpeg-8.1/libavcodec/bsf/null.c
ffmpeg-8.1/libavcodec/bsf/vvc_mp4toannexb.c
ffmpeg-8.1/libavcodec/bsf/mjpeg2jpeg.c
ffmpeg-8.1/libavcodec/bsf/h266_metadata.c
ffmpeg-8.1/libavcodec/bsf/vp9_superframe.c
ffmpeg-8.1/libavcodec/bsf/h264_redundant_pps.c
ffmpeg-8.1/libavcodec/bsf/vp9_metadata.c
ffmpeg-8.1/libavcodec/bsf/mpeg4_unpack_bframes.c
ffmpeg-8.1/libavcodec/bsf/opus_metadata.c
ffmpeg-8.1/libavcodec/bsf/h264_mp4toannexb.c
ffmpeg-8.1/libavcodec/bsf/media100_to_mjpegb.c
ffmpeg-8.1/libavcodec/bsf/mjpega_dump_header.c
ffmpeg-8.1/libavcodec/bsf/noise.c
ffmpeg-8.1/libavcodec/bsf/apv_metadata.c
ffmpeg-8.1/libavcodec/bsf/mpeg2_metadata.c
ffmpeg-8.1/libavcodec/bsf/trace_headers.c
ffmpeg-8.1/libavcodec/bsf/movsub.c
ffmpeg-8.1/libavcodec/bsf/av1_frame_split.c
ffmpeg-8.1/libavcodec/bsf/dv_error_marker.c
ffmpeg-8.1/libavcodec/bsf/remove_extradata.c
ffmpeg-8.1/libavcodec/bsf/av1_frame_merge.c
ffmpeg-8.1/libavcodec/bsf/evc_frame_merge.c
ffmpeg-8.1/libavcodec/bsf/extract_extradata.c
ffmpeg-8.1/libavcodec/bsf/h265_metadata.c
ffmpeg-8.1/libavcodec/bsf/h264_metadata.c
ffmpeg-8.1/libavcodec/bsf/eia608_to_smpte436m.c
ffmpeg-8.1/libavcodec/bsf/smpte436m_to_eia608.c
ffmpeg-8.1/libavcodec/bsf/vp9_raw_reorder.c
ffmpeg-8.1/libavcodec/bsf/dts2pts.c
ffmpeg-8.1/libavcodec/bsf/showinfo.c
ffmpeg-8.1/libavcodec/hqxdsp.h
ffmpeg-8.1/libavcodec/xvididct.h
ffmpeg-8.1/libavcodec/pictordec.c
ffmpeg-8.1/libavcodec/g726.c
ffmpeg-8.1/libavcodec/argo.c
ffmpeg-8.1/libavcodec/dpx.c
ffmpeg-8.1/libavcodec/bitpacked_dec.c
ffmpeg-8.1/libavcodec/imcdata.h
ffmpeg-8.1/libavcodec/dolby_e_parser.c
ffmpeg-8.1/libavcodec/avs3.h
ffmpeg-8.1/libavcodec/xpmdec.c
ffmpeg-8.1/libavcodec/vulkan_encode.h
ffmpeg-8.1/libavcodec/g729postfilter.h
ffmpeg-8.1/libavcodec/liboapvenc.c
ffmpeg-8.1/libavcodec/utvideodec.c
ffmpeg-8.1/libavcodec/vaapi_decode.c
ffmpeg-8.1/libavcodec/atrac.c
ffmpeg-8.1/libavcodec/y41pdec.c
ffmpeg-8.1/libavcodec/vp6.c
ffmpeg-8.1/libavcodec/vp9recon.c
ffmpeg-8.1/libavcodec/v410enc.c
ffmpeg-8.1/libavcodec/amr.h
ffmpeg-8.1/libavcodec/snow_dwt.c
ffmpeg-8.1/libavcodec/tpeldsp.c
ffmpeg-8.1/libavcodec/mjpegenc_huffman.c
ffmpeg-8.1/libavcodec/ratecontrol.c
ffmpeg-8.1/libavcodec/nvdec_hevc.c
ffmpeg-8.1/libavcodec/dca_xll.c
ffmpeg-8.1/libavcodec/h274.c
ffmpeg-8.1/libavcodec/cavsdsp.h
ffmpeg-8.1/libavcodec/mlp_parser.c
ffmpeg-8.1/libavcodec/videotoolbox_av1.c
ffmpeg-8.1/libavcodec/nellymoserenc.c
ffmpeg-8.1/libavcodec/vbn.h
ffmpeg-8.1/libavcodec/dxva2_mpeg2.c
ffmpeg-8.1/libavcodec/bitstream_filters.c
ffmpeg-8.1/libavcodec/xsubenc.c
ffmpeg-8.1/libavcodec/huffyuv.c
ffmpeg-8.1/libavcodec/avuienc.c
ffmpeg-8.1/libavcodec/vp4data.h
ffmpeg-8.1/libavcodec/wavarc.c
ffmpeg-8.1/libavcodec/idctdsp.h
ffmpeg-8.1/libavcodec/h2645_sei.h
ffmpeg-8.1/libavcodec/roqvideo.c
ffmpeg-8.1/libavcodec/vaapi_mjpeg.c
ffmpeg-8.1/libavcodec/vp8data.h
ffmpeg-8.1/libavcodec/libwebpenc_common.c
ffmpeg-8.1/libavcodec/elbg.h
ffmpeg-8.1/libavcodec/wbmpdec.c
ffmpeg-8.1/libavcodec/vp9dsp_template.c
ffmpeg-8.1/libavcodec/ffv1_vulkan.h
ffmpeg-8.1/libavcodec/sipr16kdata.h
ffmpeg-8.1/libavcodec/frame_thread_encoder.h
ffmpeg-8.1/libavcodec/indeo2data.h
ffmpeg-8.1/libavcodec/av1_levels.c
ffmpeg-8.1/libavcodec/libvpx.h
ffmpeg-8.1/libavcodec/tiff_data.h
ffmpeg-8.1/libavcodec/amrwbdata.h
ffmpeg-8.1/libavcodec/cyuv.c
ffmpeg-8.1/libavcodec/escape124.c
ffmpeg-8.1/libavcodec/dca_core.h
ffmpeg-8.1/libavcodec/vc2enc_dwt.c
ffmpeg-8.1/libavcodec/ttadsp.c
ffmpeg-8.1/libavcodec/h2645_parse.c
ffmpeg-8.1/libavcodec/tiffenc.c
ffmpeg-8.1/libavcodec/qsv_internal.h
ffmpeg-8.1/libavcodec/ohenc.c
ffmpeg-8.1/libavcodec/exrdsp.h
ffmpeg-8.1/libavcodec/dvdsubenc.c
ffmpeg-8.1/libavcodec/ac3dec_float.c
ffmpeg-8.1/libavcodec/pcxenc.c
ffmpeg-8.1/libavcodec/libmp3lame.c
ffmpeg-8.1/libavcodec/dstdec.c
ffmpeg-8.1/libavcodec/cinepak.c
ffmpeg-8.1/libavcodec/aacpsdsp_float.c
ffmpeg-8.1/libavcodec/diracdsp.h
ffmpeg-8.1/libavcodec/vulkan_decode.h
ffmpeg-8.1/libavcodec/lscrdec.c
ffmpeg-8.1/libavcodec/cbrt_tablegen.c
ffmpeg-8.1/libavcodec/fdctdsp.h
ffmpeg-8.1/libavcodec/mf_utils.c
ffmpeg-8.1/libavcodec/libjxldec.c
ffmpeg-8.1/libavcodec/4xm.c
ffmpeg-8.1/libavcodec/acelp_filters.h
ffmpeg-8.1/libavcodec/h264_ps.c
ffmpeg-8.1/libavcodec/videodsp_template.c
ffmpeg-8.1/libavcodec/wma_common.c
ffmpeg-8.1/libavcodec/bmp_parser.c
ffmpeg-8.1/libavcodec/aactab.h
ffmpeg-8.1/libavcodec/mss12.h
ffmpeg-8.1/libavcodec/libopus.h
ffmpeg-8.1/libavcodec/qcelpdec.c
ffmpeg-8.1/libavcodec/dct32_float.c
ffmpeg-8.1/libavcodec/rv60data.h
ffmpeg-8.1/libavcodec/hdr_parser.c
ffmpeg-8.1/libavcodec/mediacodec_wrapper.c
ffmpeg-8.1/libavcodec/dvbsubenc.c
ffmpeg-8.1/libavcodec/dolby_e.h
ffmpeg-8.1/libavcodec/mss3.c
ffmpeg-8.1/libavcodec/cuviddec.c
ffmpeg-8.1/libavcodec/libopusenc.c
ffmpeg-8.1/libavcodec/dpx.h
ffmpeg-8.1/libavcodec/sbrdsp.h
ffmpeg-8.1/libavcodec/alsdec.c
ffmpeg-8.1/libavcodec/vulkan_prores_raw.c
ffmpeg-8.1/libavcodec/msmpeg4.h
ffmpeg-8.1/libavcodec/lpc.h
ffmpeg-8.1/libavcodec/sunrast.c
ffmpeg-8.1/libavcodec/hqxvlc.h
ffmpeg-8.1/libavcodec/aacps_tablegen_template.c
ffmpeg-8.1/libavcodec/canopus.h
ffmpeg-8.1/libavcodec/aacenctab.c
ffmpeg-8.1/libavcodec/libuavs3d.c
ffmpeg-8.1/libavcodec/psymodel.h
ffmpeg-8.1/libavcodec/packet.h
ffmpeg-8.1/libavcodec/msmpeg4_vc1_data.c
ffmpeg-8.1/libavcodec/mss12.c
ffmpeg-8.1/libavcodec/mediacodecdec.c
ffmpeg-8.1/libavcodec/metasound.c
ffmpeg-8.1/libavcodec/libavcodec.v
ffmpeg-8.1/libavcodec/texturedsp_template.c
ffmpeg-8.1/libavcodec/dxvenc.c
ffmpeg-8.1/libavcodec/fitsenc.c
ffmpeg-8.1/libavcodec/jni.c
ffmpeg-8.1/libavcodec/libdav1d.c
ffmpeg-8.1/libavcodec/vp5dsp.c
ffmpeg-8.1/libavcodec/mwsc.c
ffmpeg-8.1/libavcodec/vp9dec.h
ffmpeg-8.1/libavcodec/fmtconvert.h
ffmpeg-8.1/libavcodec/h264_mvpred.h
ffmpeg-8.1/libavcodec/prores_raw.h
ffmpeg-8.1/libavcodec/bgmc.c
ffmpeg-8.1/libavcodec/smpte_436m.h
ffmpeg-8.1/libavcodec/raw_pix_fmt_tags.h
ffmpeg-8.1/libavcodec/mpegutils.h
ffmpeg-8.1/libavcodec/metasound_data.h
ffmpeg-8.1/libavcodec/vulkan_prores.c
ffmpeg-8.1/libavcodec/mlpdec.c
ffmpeg-8.1/libavcodec/av1dec.c
ffmpeg-8.1/libavcodec/dxva2_h264.c
ffmpeg-8.1/libavcodec/alacenc.c
ffmpeg-8.1/libavcodec/videotoolbox.h
ffmpeg-8.1/libavcodec/lzw.h
ffmpeg-8.1/libavcodec/libx264.c
ffmpeg-8.1/libavcodec/h264chroma.h
ffmpeg-8.1/libavcodec/h263enc.h
ffmpeg-8.1/libavcodec/dca_xll.h
ffmpeg-8.1/libavcodec/dcadsp.h
ffmpeg-8.1/libavcodec/rle.h
ffmpeg-8.1/libavcodec/mlp.h
ffmpeg-8.1/libavcodec/mpegaudio_tablegen.h
ffmpeg-8.1/libavcodec/siren.c
ffmpeg-8.1/libavcodec/dirac.h
ffmpeg-8.1/libavcodec/g729_parser.c
ffmpeg-8.1/libavcodec/yuv4dec.c
ffmpeg-8.1/libavcodec/vulkan_hevc.c
ffmpeg-8.1/libavcodec/faxcompr.h
ffmpeg-8.1/libavcodec/jpeg2000.h
ffmpeg-8.1/libavcodec/nellymoserdec.c
ffmpeg-8.1/libavcodec/h264qpel.h
ffmpeg-8.1/libavcodec/rv20enc.h
ffmpeg-8.1/libavcodec/g723_1enc.c
ffmpeg-8.1/libavcodec/loco.c
ffmpeg-8.1/libavcodec/jpeg2000dsp.c
ffmpeg-8.1/libavcodec/wmadata.h
ffmpeg-8.1/libavcodec/mpegaudiodata.c
ffmpeg-8.1/libavcodec/qoi.h
ffmpeg-8.1/libavcodec/ulti_cb.h
ffmpeg-8.1/libavcodec/mpegaudiodsp_template.c
ffmpeg-8.1/libavcodec/cook.c
ffmpeg-8.1/libavcodec/vulkan.c
ffmpeg-8.1/libavcodec/codec_par.c
ffmpeg-8.1/libavcodec/raw.h
ffmpeg-8.1/libavcodec/wmv2.h
ffmpeg-8.1/libavcodec/d3d12va_encode_h264.c
ffmpeg-8.1/libavcodec/sipr16k.c
ffmpeg-8.1/libavcodec/dss_sp.c
ffmpeg-8.1/libavcodec/v4l2_m2m_dec.c
ffmpeg-8.1/libavcodec/sgirledec.c
ffmpeg-8.1/libavcodec/gsmdec.c
ffmpeg-8.1/libavcodec/cllc.c
ffmpeg-8.1/libavcodec/indeo3.c
ffmpeg-8.1/libavcodec/tests/
ffmpeg-8.1/libavcodec/tests/golomb.c
ffmpeg-8.1/libavcodec/tests/avcodec.c
ffmpeg-8.1/libavcodec/tests/bitstream_le.c
ffmpeg-8.1/libavcodec/tests/apv.c
ffmpeg-8.1/libavcodec/tests/x86/
ffmpeg-8.1/libavcodec/tests/x86/dct.c
ffmpeg-8.1/libavcodec/tests/avpacket.c
ffmpeg-8.1/libavcodec/tests/celp_math.c
ffmpeg-8.1/libavcodec/tests/mpeg12framerate.c
ffmpeg-8.1/libavcodec/tests/motion.c
ffmpeg-8.1/libavcodec/tests/cabac.c
ffmpeg-8.1/libavcodec/tests/ppc/
ffmpeg-8.1/libavcodec/tests/ppc/dct.c
ffmpeg-8.1/libavcodec/tests/arm/
ffmpeg-8.1/libavcodec/tests/arm/dct.c
ffmpeg-8.1/libavcodec/tests/mjpegenc_huffman.c
ffmpeg-8.1/libavcodec/tests/av1_levels.c
ffmpeg-8.1/libavcodec/tests/bitstream_be.c
ffmpeg-8.1/libavcodec/tests/dct.c
ffmpeg-8.1/libavcodec/tests/snowenc.c
ffmpeg-8.1/libavcodec/tests/hashtable.c
ffmpeg-8.1/libavcodec/tests/h265_levels.c
ffmpeg-8.1/libavcodec/tests/h264_levels.c
ffmpeg-8.1/libavcodec/tests/aarch64/
ffmpeg-8.1/libavcodec/tests/aarch64/dct.c
ffmpeg-8.1/libavcodec/tests/codec_desc.c
ffmpeg-8.1/libavcodec/tests/mathops.c
ffmpeg-8.1/libavcodec/tests/jpeg2000dwt.c
ffmpeg-8.1/libavcodec/tests/htmlsubtitles.c
ffmpeg-8.1/libavcodec/tests/rangecoder.c
ffmpeg-8.1/libavcodec/tests/bitstream_template.c
ffmpeg-8.1/libavcodec/dca_sample_rate_tab.c
ffmpeg-8.1/libavcodec/intelh263dec.c
ffmpeg-8.1/libavcodec/ac3dec_fixed.c
ffmpeg-8.1/libavcodec/qsv.h
ffmpeg-8.1/libavcodec/vaapi_encode_mjpeg.c
ffmpeg-8.1/libavcodec/vp8dsp.h
ffmpeg-8.1/libavcodec/rv60dsp.c
ffmpeg-8.1/libavcodec/vp9block.c
ffmpeg-8.1/libavcodec/pixlet.c
ffmpeg-8.1/libavcodec/rl.c
ffmpeg-8.1/libavcodec/pcm-dvd.c
ffmpeg-8.1/libavcodec/rv40vlc2.h
ffmpeg-8.1/libavcodec/adts_parser.h
ffmpeg-8.1/libavcodec/dv_internal.h
ffmpeg-8.1/libavcodec/pngdsp.c
ffmpeg-8.1/libavcodec/aacenctab.h
ffmpeg-8.1/libavcodec/samidec.c
ffmpeg-8.1/libavcodec/eac3dec.c
ffmpeg-8.1/libavcodec/vqcdec.c
ffmpeg-8.1/libavcodec/ffv1.c
ffmpeg-8.1/libavcodec/hapenc.c
ffmpeg-8.1/libavcodec/tiff.c
ffmpeg-8.1/libavcodec/v308enc.c
ffmpeg-8.1/libavcodec/realtextdec.c
ffmpeg-8.1/libavcodec/xiph.h
ffmpeg-8.1/libavcodec/flacdata.c
ffmpeg-8.1/libavcodec/options_table.h
ffmpeg-8.1/libavcodec/av1_levels.h
ffmpeg-8.1/libavcodec/aacenc_is.h
ffmpeg-8.1/libavcodec/hnm4video.c
ffmpeg-8.1/libavcodec/wasm/
ffmpeg-8.1/libavcodec/wasm/hevc/
ffmpeg-8.1/libavcodec/wasm/hevc/Makefile
ffmpeg-8.1/libavcodec/wasm/hevc/sao.h
ffmpeg-8.1/libavcodec/wasm/hevc/idct.c
ffmpeg-8.1/libavcodec/wasm/hevc/idct.h
ffmpeg-8.1/libavcodec/wasm/hevc/dsp_init.c
ffmpeg-8.1/libavcodec/wasm/hevc/sao.c
ffmpeg-8.1/libavcodec/vbndec.c
ffmpeg-8.1/libavcodec/indeo2.c
ffmpeg-8.1/libavcodec/g722.c
ffmpeg-8.1/libavcodec/dolby_e.c
ffmpeg-8.1/libavcodec/vulkan_ffv1.c
ffmpeg-8.1/libavcodec/aacsbrdata.h
ffmpeg-8.1/libavcodec/mpc8data.h
ffmpeg-8.1/libavcodec/pamenc.c
ffmpeg-8.1/libavcodec/rv10.c
ffmpeg-8.1/libavcodec/svq1encdsp.h
ffmpeg-8.1/libavcodec/cbrt_fixed_tablegen.c
ffmpeg-8.1/libavcodec/dolby_e_parse.c
ffmpeg-8.1/libavcodec/pcm-bluray.c
ffmpeg-8.1/libavcodec/gsm.h
ffmpeg-8.1/libavcodec/vaapi_mpeg4.c
ffmpeg-8.1/libavcodec/unary.h
ffmpeg-8.1/libavcodec/bmvvideo.c
ffmpeg-8.1/libavcodec/sunrast.h
ffmpeg-8.1/libavcodec/fdctdsp.c
ffmpeg-8.1/libavcodec/ohcodec.c
ffmpeg-8.1/libavcodec/mlz.h
ffmpeg-8.1/libavcodec/twinvq.c
ffmpeg-8.1/libavcodec/vbnenc.c
ffmpeg-8.1/libavcodec/png.c
ffmpeg-8.1/libavcodec/snowenc.c
ffmpeg-8.1/libavcodec/lpc.c
ffmpeg-8.1/libavcodec/flac_parse.h
ffmpeg-8.1/libavcodec/cavsdec.c
ffmpeg-8.1/libavcodec/mpegvideodata.c
ffmpeg-8.1/libavcodec/libaom.c
ffmpeg-8.1/libavcodec/d3d12va_encode_hevc.c
ffmpeg-8.1/libavcodec/dct32_template.c
ffmpeg-8.1/libavcodec/mpegaudio_parser.c
ffmpeg-8.1/libavcodec/hw_base_encode_h264.c
ffmpeg-8.1/libavcodec/vorbis_data.h
ffmpeg-8.1/libavcodec/mpeg_er.c
ffmpeg-8.1/libavcodec/dvenc.c
ffmpeg-8.1/libavcodec/nvdec_h264.c
ffmpeg-8.1/libavcodec/vaapi_encode_vp9.c
ffmpeg-8.1/libavcodec/version_major.h
ffmpeg-8.1/libavcodec/vp9dsp_10bpp.c
ffmpeg-8.1/libavcodec/rtjpeg.c
ffmpeg-8.1/libavcodec/lzf.h
ffmpeg-8.1/libavcodec/elbg.c
ffmpeg-8.1/libavcodec/cavs_parser.c
ffmpeg-8.1/libavcodec/mpegaudiodsp_fixed.c
ffmpeg-8.1/libavcodec/amr_parser.c
ffmpeg-8.1/libavcodec/mqc.h
ffmpeg-8.1/libavcodec/adts_parser.c
ffmpeg-8.1/libavcodec/exrenc.c
ffmpeg-8.1/libavcodec/vp56data.c
ffmpeg-8.1/libavcodec/vorbisdsp.c
ffmpeg-8.1/libavcodec/itut35.h
ffmpeg-8.1/libavcodec/atrac1data.h
ffmpeg-8.1/libavcodec/tpeldsp.h
ffmpeg-8.1/libavcodec/asv.c
ffmpeg-8.1/libavcodec/h264qpel.c
ffmpeg-8.1/libavcodec/dnxhdenc.c
ffmpeg-8.1/libavcodec/huffyuvenc.c
ffmpeg-8.1/libavcodec/cbs_sei.c
ffmpeg-8.1/libavcodec/librsvgdec.c
ffmpeg-8.1/libavcodec/hashtable.c
ffmpeg-8.1/libavcodec/mpeg4audio.c
ffmpeg-8.1/libavcodec/tmv.c
ffmpeg-8.1/libavcodec/dnxhddata.c
ffmpeg-8.1/libavcodec/cbs_av1.c
ffmpeg-8.1/libavcodec/rv40dsp.c
ffmpeg-8.1/libavcodec/tableprint.h
ffmpeg-8.1/libavcodec/clearvideo.c
ffmpeg-8.1/libavcodec/qsvenc_mpeg2.c
ffmpeg-8.1/libavcodec/qdmc.c
ffmpeg-8.1/libavcodec/scpr3.c
ffmpeg-8.1/libavcodec/huffyuvdec.c
ffmpeg-8.1/libavcodec/alac_data.c
ffmpeg-8.1/libavcodec/wmavoice_data.h
ffmpeg-8.1/libavcodec/msrledec.h
ffmpeg-8.1/libavcodec/libjxlenc.c
ffmpeg-8.1/libavcodec/sipr.c
ffmpeg-8.1/libavcodec/lossless_videodsp.c
ffmpeg-8.1/libavcodec/flacdec.c
ffmpeg-8.1/libavcodec/h264dec.h
ffmpeg-8.1/libavcodec/wma_freqs.h
ffmpeg-8.1/libavcodec/snow.c
ffmpeg-8.1/libavcodec/qsvdec.c
ffmpeg-8.1/libavcodec/avs.c
ffmpeg-8.1/libavcodec/cavs.c
ffmpeg-8.1/libavcodec/tiertexseqv.c
ffmpeg-8.1/libavcodec/vpx_rac.c
ffmpeg-8.1/libavcodec/ffv1_vulkan.c
ffmpeg-8.1/libavcodec/acelp_filters.c
ffmpeg-8.1/libavcodec/mjpegdec_common.c
ffmpeg-8.1/libavcodec/proresenc_kostya_common.c
ffmpeg-8.1/libavcodec/ivi.c
ffmpeg-8.1/libavcodec/rl2.c
ffmpeg-8.1/libavcodec/v4l2_context.h
ffmpeg-8.1/libavcodec/msmpeg4enc.c
ffmpeg-8.1/libavcodec/libzvbi-teletextdec.c
ffmpeg-8.1/libavcodec/aptxdec.c
ffmpeg-8.1/libavcodec/dv_profile.c
ffmpeg-8.1/libavcodec/vdpau_internal.h
ffmpeg-8.1/libavcodec/lcevcdec.h
ffmpeg-8.1/libavcodec/tak.c
ffmpeg-8.1/libavcodec/h264.h
ffmpeg-8.1/libavcodec/eaidct.c
ffmpeg-8.1/libavcodec/parser.h
ffmpeg-8.1/libavcodec/y41penc.c
ffmpeg-8.1/libavcodec/aacps_tablegen.c
ffmpeg-8.1/libavcodec/aptx.c
ffmpeg-8.1/libavcodec/threadprogress.h
ffmpeg-8.1/libavcodec/mpeg4videoenc.h
ffmpeg-8.1/libavcodec/sbcdec.c
ffmpeg-8.1/libavcodec/rectangle.h
ffmpeg-8.1/libavcodec/tscc.c
ffmpeg-8.1/libavcodec/adpcm_data.h
ffmpeg-8.1/libavcodec/proresenc_kostya.c
ffmpeg-8.1/libavcodec/apng.h
ffmpeg-8.1/libavcodec/h261.h
ffmpeg-8.1/libavcodec/hqx.c
ffmpeg-8.1/libavcodec/fits.c
ffmpeg-8.1/libavcodec/xwdenc.c
ffmpeg-8.1/libavcodec/ra288.c
ffmpeg-8.1/libavcodec/blockdsp.h
ffmpeg-8.1/libavcodec/indeo3data.h
ffmpeg-8.1/libavcodec/h264_cavlc.c
ffmpeg-8.1/libavcodec/half2float.c
ffmpeg-8.1/libavcodec/pixblockdsp.c
ffmpeg-8.1/libavcodec/truemotion1.c
ffmpeg-8.1/libavcodec/vc2enc_dwt.h
ffmpeg-8.1/libavcodec/dfa.c
ffmpeg-8.1/libavcodec/cbs.c
ffmpeg-8.1/libavcodec/pngenc.c
ffmpeg-8.1/libavcodec/h264_levels.c
ffmpeg-8.1/libavcodec/vp6data.h
ffmpeg-8.1/libavcodec/vp56data.h
ffmpeg-8.1/libavcodec/mpeg12data.c
ffmpeg-8.1/libavcodec/ratecontrol.h
ffmpeg-8.1/libavcodec/flicvideo.c
ffmpeg-8.1/libavcodec/idcinvideo.c
ffmpeg-8.1/libavcodec/mpegpicture.h
ffmpeg-8.1/libavcodec/proresdsp.c
ffmpeg-8.1/libavcodec/mpegaudiodec_float.c
ffmpeg-8.1/libavcodec/gdv.c
ffmpeg-8.1/libavcodec/g2meet.c
ffmpeg-8.1/libavcodec/g729data.h
ffmpeg-8.1/libavcodec/aac.h
ffmpeg-8.1/libavcodec/libaribcaption.c
ffmpeg-8.1/libavcodec/wavpackenc.h
ffmpeg-8.1/libavcodec/smpte_436m.c
ffmpeg-8.1/libavcodec/lsp.c
ffmpeg-8.1/libavcodec/g729dec.c
ffmpeg-8.1/libavcodec/dca_lbr.c
ffmpeg-8.1/libavcodec/me_cmp.h
ffmpeg-8.1/libavcodec/videotoolbox_vp9.c
ffmpeg-8.1/libavcodec/cbs_jpeg.c
ffmpeg-8.1/libavcodec/tableprint_vlc.h
ffmpeg-8.1/libavcodec/libaomdec.c
ffmpeg-8.1/libavcodec/amrnbdec.c
ffmpeg-8.1/libavcodec/vp3_parser.c
ffmpeg-8.1/libavcodec/jpegxl_parse.c
ffmpeg-8.1/libavcodec/allcodecs.c
ffmpeg-8.1/libavcodec/avdct.h
ffmpeg-8.1/libavcodec/omx.c
ffmpeg-8.1/libavcodec/h264dsp.h
ffmpeg-8.1/libavcodec/flashsv2enc.c
ffmpeg-8.1/libavcodec/vdpau_mpeg4.c
ffmpeg-8.1/libavcodec/aac_ac3_parser.h
ffmpeg-8.1/libavcodec/cngenc.c
ffmpeg-8.1/libavcodec/get_buffer.c
ffmpeg-8.1/libavcodec/rkmppenc.c
ffmpeg-8.1/libavcodec/lossless_audiodsp.h
ffmpeg-8.1/libavcodec/wavpack.c
ffmpeg-8.1/libavcodec/jpeg2000.c
ffmpeg-8.1/libavcodec/qpel_template.c
ffmpeg-8.1/libavcodec/ac3_parser_internal.h
ffmpeg-8.1/libavcodec/tiff_common.h
ffmpeg-8.1/libavcodec/xvididct.c
ffmpeg-8.1/libavcodec/lossless_audiodsp.c
ffmpeg-8.1/libavcodec/avs3_parser.c
ffmpeg-8.1/libavcodec/dvd_nav_parser.c
ffmpeg-8.1/libavcodec/jrevdct.c
ffmpeg-8.1/libavcodec/proresdata.h
ffmpeg-8.1/libavcodec/aacencdsp.h
ffmpeg-8.1/libavcodec/prores_parser.c
ffmpeg-8.1/libavcodec/dct32_fixed.c
ffmpeg-8.1/libavcodec/libtwolame.c
ffmpeg-8.1/libavcodec/mjpegdec.h
ffmpeg-8.1/libavcodec/cavs.h
ffmpeg-8.1/libavcodec/8bps.c
ffmpeg-8.1/libavcodec/cbs_av1.h
ffmpeg-8.1/libavcodec/g728dec.c
ffmpeg-8.1/libavcodec/on2avcdata.c
ffmpeg-8.1/libavcodec/aactab.c
ffmpeg-8.1/libavcodec/pcm.c
ffmpeg-8.1/libavcodec/wma.c
ffmpeg-8.1/libavcodec/rnd_avg.h
ffmpeg-8.1/libavcodec/vmdvideo.c
ffmpeg-8.1/libavcodec/wbmpenc.c
ffmpeg-8.1/libavcodec/bethsoftvideo.h
ffmpeg-8.1/libavcodec/ac3_channel_layout_tab.c
ffmpeg-8.1/libavcodec/bswapdsp.h
ffmpeg-8.1/libavcodec/mfenc.c
ffmpeg-8.1/libavcodec/movtextdec.c
ffmpeg-8.1/libavcodec/proresenc_anatoliy.c
ffmpeg-8.1/libavcodec/vulkan_dpx.c
ffmpeg-8.1/libavcodec/mpeg4videodec.c
ffmpeg-8.1/libavcodec/dcaadpcm.c
ffmpeg-8.1/libavcodec/vp3.c
ffmpeg-8.1/libavcodec/binkdsp.h
ffmpeg-8.1/libavcodec/hcadec.c
ffmpeg-8.1/libavcodec/cljrenc.c
ffmpeg-8.1/libavcodec/mpegvideo_dec.c
ffmpeg-8.1/libavcodec/libaom.h
ffmpeg-8.1/libavcodec/mpeg12vlc.h
ffmpeg-8.1/libavcodec/pthread.c
ffmpeg-8.1/libavcodec/librav1e.c
ffmpeg-8.1/libavcodec/evc_parser.c
ffmpeg-8.1/libavcodec/vc1_vlc_data.h
ffmpeg-8.1/libavcodec/dnxhddata.h
ffmpeg-8.1/libavcodec/magicyuv.c
ffmpeg-8.1/libavcodec/mpeg12dec.h
ffmpeg-8.1/libavcodec/mmaldec.c
ffmpeg-8.1/libavcodec/cdxl.c
ffmpeg-8.1/libavcodec/aacps_float.c
ffmpeg-8.1/libavcodec/sheervideodata.h
ffmpeg-8.1/libavcodec/flvdec.h
ffmpeg-8.1/libavcodec/jpegquanttables.h
ffmpeg-8.1/libavcodec/libkvazaar.c
ffmpeg-8.1/libavcodec/hap.h
ffmpeg-8.1/libavcodec/cljrdec.c
ffmpeg-8.1/libavcodec/mpegvideo_unquantize.c
ffmpeg-8.1/libavcodec/mediacodecdec_common.h
ffmpeg-8.1/libavcodec/speedhq.c
ffmpeg-8.1/libavcodec/cbrt_data.h
ffmpeg-8.1/libavcodec/get_bits.h
ffmpeg-8.1/libavcodec/interplayvideo.c
ffmpeg-8.1/libavcodec/cbs_jpeg.h
ffmpeg-8.1/libavcodec/nvdec.c
ffmpeg-8.1/libavcodec/nvdec_mpeg12.c
ffmpeg-8.1/libavcodec/sipr.h
ffmpeg-8.1/libavcodec/vt_internal.h
ffmpeg-8.1/libavcodec/snowdata.h
ffmpeg-8.1/libavcodec/faanidct.h
ffmpeg-8.1/libavcodec/v408dec.c
ffmpeg-8.1/libavcodec/jpegxs.h
ffmpeg-8.1/libavcodec/msmpeg4enc.h
ffmpeg-8.1/libavcodec/cbs_bsf.c
ffmpeg-8.1/libavcodec/ws-snd1.c
ffmpeg-8.1/libavcodec/qsvenc_av1.c
ffmpeg-8.1/libavcodec/synth_filter.c
ffmpeg-8.1/libavcodec/jni.h
ffmpeg-8.1/libavcodec/cdgraphics.c
ffmpeg-8.1/libavcodec/dca_syncwords.h
ffmpeg-8.1/libavcodec/vorbis_enc_data.h
ffmpeg-8.1/libavcodec/dirac_arith.c
ffmpeg-8.1/libavcodec/h264_sei.c
ffmpeg-8.1/libavcodec/codec_internal.h
ffmpeg-8.1/libavcodec/codec_desc.h
ffmpeg-8.1/libavcodec/v4l2_buffers.h
ffmpeg-8.1/libavcodec/xma_parser.c
ffmpeg-8.1/libavcodec/scpr.c
ffmpeg-8.1/libavcodec/truespeech_data.h
ffmpeg-8.1/libavcodec/acelp_vectors.h
ffmpeg-8.1/libavcodec/vcr1.c
ffmpeg-8.1/libavcodec/dv_tablegen.c
ffmpeg-8.1/libavcodec/mpeg4video.h
ffmpeg-8.1/libavcodec/avcodecres.rc
ffmpeg-8.1/libavcodec/cbs_h266.c
ffmpeg-8.1/libavcodec/hq_hqadata.h
ffmpeg-8.1/libavcodec/amfenc_av1.c
ffmpeg-8.1/libavcodec/dcahuff.h
ffmpeg-8.1/libavcodec/qsvenc_jpeg.c
ffmpeg-8.1/libavcodec/mace.c
ffmpeg-8.1/libavcodec/mpegaudiodec_common.c
ffmpeg-8.1/libavcodec/libjxl.h
ffmpeg-8.1/libavcodec/anm.c
ffmpeg-8.1/libavcodec/h2645_parse.h
ffmpeg-8.1/libavcodec/aac_defines.h
ffmpeg-8.1/libavcodec/ac3enc_float.c
ffmpeg-8.1/libavcodec/dpx_parser.c
ffmpeg-8.1/libavcodec/aacpsy.c
ffmpeg-8.1/libavcodec/v210x.c
ffmpeg-8.1/libavcodec/aarch64/
ffmpeg-8.1/libavcodec/aarch64/fmtconvert_neon.S
ffmpeg-8.1/libavcodec/aarch64/vorbisdsp_neon.S
ffmpeg-8.1/libavcodec/aarch64/Makefile
ffmpeg-8.1/libavcodec/aarch64/sbrdsp_init_aarch64.c
ffmpeg-8.1/libavcodec/aarch64/vp9dsp_init_16bpp_aarch64_template.c
ffmpeg-8.1/libavcodec/aarch64/h264dsp_init_aarch64.c
ffmpeg-8.1/libavcodec/aarch64/huffyuvdsp_neon.S
ffmpeg-8.1/libavcodec/aarch64/vp9lpf_16bpp_neon.S
ffmpeg-8.1/libavcodec/aarch64/h264pred_init.c
ffmpeg-8.1/libavcodec/aarch64/vvc/
ffmpeg-8.1/libavcodec/aarch64/vvc/alf_template.c
ffmpeg-8.1/libavcodec/aarch64/vvc/Makefile
ffmpeg-8.1/libavcodec/aarch64/vvc/alf.S
ffmpeg-8.1/libavcodec/aarch64/vvc/inter.S
ffmpeg-8.1/libavcodec/aarch64/vvc/dsp_init.c
ffmpeg-8.1/libavcodec/aarch64/vvc/sad.S
ffmpeg-8.1/libavcodec/aarch64/vvc/inter_sme2.S
ffmpeg-8.1/libavcodec/aarch64/ac3dsp_neon.S
ffmpeg-8.1/libavcodec/aarch64/h264idct_neon.S
ffmpeg-8.1/libavcodec/aarch64/vp9mc_16bpp_neon.S
ffmpeg-8.1/libavcodec/aarch64/simple_idct_neon.S
ffmpeg-8.1/libavcodec/aarch64/fdctdsp_init_aarch64.c
ffmpeg-8.1/libavcodec/aarch64/idct.h
ffmpeg-8.1/libavcodec/aarch64/me_cmp_neon.S
ffmpeg-8.1/libavcodec/aarch64/vc1dsp_neon.S
ffmpeg-8.1/libavcodec/aarch64/hpeldsp_init_aarch64.c
ffmpeg-8.1/libavcodec/aarch64/mpegvideoencdsp_neon.S
ffmpeg-8.1/libavcodec/aarch64/vp9mc_aarch64.S
ffmpeg-8.1/libavcodec/aarch64/videodsp_init.c
ffmpeg-8.1/libavcodec/aarch64/neontest.c
ffmpeg-8.1/libavcodec/aarch64/vp9dsp_init_12bpp_aarch64.c
ffmpeg-8.1/libavcodec/aarch64/me_cmp_init_aarch64.c
ffmpeg-8.1/libavcodec/aarch64/idctdsp_neon.S
ffmpeg-8.1/libavcodec/aarch64/cabac.h
ffmpeg-8.1/libavcodec/aarch64/hevcdsp_idct_neon.S
ffmpeg-8.1/libavcodec/aarch64/fdct.h
ffmpeg-8.1/libavcodec/aarch64/fmtconvert_init.c
ffmpeg-8.1/libavcodec/aarch64/hevcdsp_init_aarch64.c
ffmpeg-8.1/libavcodec/aarch64/h26x/
ffmpeg-8.1/libavcodec/aarch64/h26x/qpel_neon.S
ffmpeg-8.1/libavcodec/aarch64/h26x/epel_neon.S
ffmpeg-8.1/libavcodec/aarch64/h26x/dsp.h
ffmpeg-8.1/libavcodec/aarch64/h26x/sao_neon.S
ffmpeg-8.1/libavcodec/aarch64/vp9dsp_init.h
ffmpeg-8.1/libavcodec/aarch64/opusdsp_neon.S
ffmpeg-8.1/libavcodec/aarch64/vp8dsp_neon.S
ffmpeg-8.1/libavcodec/aarch64/h264qpel_neon.S
ffmpeg-8.1/libavcodec/aarch64/vp9itxfm_neon.S
ffmpeg-8.1/libavcodec/aarch64/idctdsp_init_aarch64.c
ffmpeg-8.1/libavcodec/aarch64/h264chroma_init_aarch64.c
ffmpeg-8.1/libavcodec/aarch64/vc1dsp_init_aarch64.c
ffmpeg-8.1/libavcodec/aarch64/vp9lpf_neon.S
ffmpeg-8.1/libavcodec/aarch64/videodsp.S
ffmpeg-8.1/libavcodec/aarch64/aacencdsp_neon.S
ffmpeg-8.1/libavcodec/aarch64/vp9mc_neon.S
ffmpeg-8.1/libavcodec/aarch64/vorbisdsp_init.c
ffmpeg-8.1/libavcodec/aarch64/vp8dsp.h
ffmpeg-8.1/libavcodec/aarch64/h264pred_neon.S
ffmpeg-8.1/libavcodec/aarch64/pngdsp_init.c
ffmpeg-8.1/libavcodec/aarch64/rv40dsp_init_aarch64.c
ffmpeg-8.1/libavcodec/aarch64/hpeldsp_neon.S
ffmpeg-8.1/libavcodec/aarch64/sbrdsp_neon.S
ffmpeg-8.1/libavcodec/aarch64/vp9dsp_init_aarch64.c
ffmpeg-8.1/libavcodec/aarch64/synth_filter_neon.S
ffmpeg-8.1/libavcodec/aarch64/ac3dsp_init_aarch64.c
ffmpeg-8.1/libavcodec/aarch64/pngdsp_neon.S
ffmpeg-8.1/libavcodec/aarch64/h264qpel_init_aarch64.c
ffmpeg-8.1/libavcodec/aarch64/mpegaudiodsp_init.c
ffmpeg-8.1/libavcodec/aarch64/h264dsp_neon.S
ffmpeg-8.1/libavcodec/aarch64/aacpsdsp_init_aarch64.c
ffmpeg-8.1/libavcodec/aarch64/hevcdsp_dequant_neon.S
ffmpeg-8.1/libavcodec/aarch64/huffyuvdsp_init_aarch64.c
ffmpeg-8.1/libavcodec/aarch64/opusdsp_init.c
ffmpeg-8.1/libavcodec/aarch64/vp9itxfm_16bpp_neon.S
ffmpeg-8.1/libavcodec/aarch64/hevcdsp_deblock_neon.S
ffmpeg-8.1/libavcodec/aarch64/mpegvideoencdsp_init.c
ffmpeg-8.1/libavcodec/aarch64/synth_filter_init.c
ffmpeg-8.1/libavcodec/aarch64/aacpsdsp_neon.S
ffmpeg-8.1/libavcodec/aarch64/pixblockdsp_init_aarch64.c
ffmpeg-8.1/libavcodec/aarch64/vp9dsp_init_10bpp_aarch64.c
ffmpeg-8.1/libavcodec/aarch64/neon.S
ffmpeg-8.1/libavcodec/aarch64/pixblockdsp_neon.S
ffmpeg-8.1/libavcodec/aarch64/mpegaudiodsp_neon.S
ffmpeg-8.1/libavcodec/aarch64/aacencdsp_init.c
ffmpeg-8.1/libavcodec/aarch64/h264cmc_neon.S
ffmpeg-8.1/libavcodec/aarch64/vp8dsp_init_aarch64.c
ffmpeg-8.1/libavcodec/aarch64/fdctdsp_neon.S
ffmpeg-8.1/libavcodec/aacpsdsp.h
ffmpeg-8.1/libavcodec/cbs_vp9_syntax_template.c
ffmpeg-8.1/libavcodec/pixblockdsp.h
ffmpeg-8.1/libavcodec/imm4.c
ffmpeg-8.1/libavcodec/libopus.c
ffmpeg-8.1/libavcodec/v210dec.h
ffmpeg-8.1/libavcodec/mpegaudiodsp.h
ffmpeg-8.1/libavcodec/bit_depth_template.c
ffmpeg-8.1/libavcodec/libopencore-amr.c
ffmpeg-8.1/libavcodec/h261.c
ffmpeg-8.1/libavcodec/simple_idct_template.c
ffmpeg-8.1/libavcodec/magicyuvenc.c
ffmpeg-8.1/libavcodec/smcenc.c
ffmpeg-8.1/libavcodec/shorten.c
ffmpeg-8.1/libavcodec/subviewerdec.c
ffmpeg-8.1/libavcodec/sbc_parser.c
ffmpeg-8.1/libavcodec/d3d12va_encode.h
ffmpeg-8.1/libavcodec/put_golomb.h
ffmpeg-8.1/libavcodec/mpegaudiodecheader.h
ffmpeg-8.1/libavcodec/qdm2_tablegen.h
ffmpeg-8.1/libavcodec/takdec.c
ffmpeg-8.1/libavcodec/dirac_arith.h
ffmpeg-8.1/libavcodec/intrax8.c
ffmpeg-8.1/libavcodec/zlib_wrapper.c
ffmpeg-8.1/libavcodec/a64multienc.c
ffmpeg-8.1/libavcodec/rawenc.c
ffmpeg-8.1/libavcodec/encode.c
ffmpeg-8.1/libavcodec/hq_hqadsp.c
ffmpeg-8.1/libavcodec/libwebpenc_animencoder.c
ffmpeg-8.1/libavcodec/aacps.c
ffmpeg-8.1/libavcodec/loongarch/
ffmpeg-8.1/libavcodec/loongarch/vc1dsp_loongarch.h
ffmpeg-8.1/libavcodec/loongarch/h264qpel_init_loongarch.c
ffmpeg-8.1/libavcodec/loongarch/hevc_mc_bi_lsx.c
ffmpeg-8.1/libavcodec/loongarch/Makefile
ffmpeg-8.1/libavcodec/loongarch/h264idct.S
ffmpeg-8.1/libavcodec/loongarch/hpeldsp_init_loongarch.c
ffmpeg-8.1/libavcodec/loongarch/vp8dsp_init_loongarch.c
ffmpeg-8.1/libavcodec/loongarch/vp9dsp_init_loongarch.c
ffmpeg-8.1/libavcodec/loongarch/hevc_idct.S
ffmpeg-8.1/libavcodec/loongarch/h264_intrapred_loongarch.h
ffmpeg-8.1/libavcodec/loongarch/h264dsp.S
ffmpeg-8.1/libavcodec/loongarch/idctdsp_init_loongarch.c
ffmpeg-8.1/libavcodec/loongarch/vp8dsp_loongarch.h
ffmpeg-8.1/libavcodec/loongarch/videodsp_init.c
ffmpeg-8.1/libavcodec/loongarch/hevc_mc.S
ffmpeg-8.1/libavcodec/loongarch/hevc_idct_lsx.c
ffmpeg-8.1/libavcodec/loongarch/vp8_mc_lsx.c
ffmpeg-8.1/libavcodec/loongarch/h264qpel_loongarch.h
ffmpeg-8.1/libavcodec/loongarch/cabac.h
ffmpeg-8.1/libavcodec/loongarch/hevc_mc_uni_lsx.c
ffmpeg-8.1/libavcodec/loongarch/vc1dsp_init_loongarch.c
ffmpeg-8.1/libavcodec/loongarch/hpeldsp_lasx.c
ffmpeg-8.1/libavcodec/loongarch/vp9_mc_lsx.c
ffmpeg-8.1/libavcodec/loongarch/vc1dsp_lasx.c
ffmpeg-8.1/libavcodec/loongarch/vp9_lpf_lsx.c
ffmpeg-8.1/libavcodec/loongarch/idctdsp_lasx.c
ffmpeg-8.1/libavcodec/loongarch/hevcdsp_lsx.h
ffmpeg-8.1/libavcodec/loongarch/h264qpel_lsx.c
ffmpeg-8.1/libavcodec/loongarch/h264qpel_lasx.c
ffmpeg-8.1/libavcodec/loongarch/h264intrapred.S
ffmpeg-8.1/libavcodec/loongarch/h264dsp_loongarch.h
ffmpeg-8.1/libavcodec/loongarch/h264_intrapred_init_loongarch.c
ffmpeg-8.1/libavcodec/loongarch/vp9_intra_lsx.c
ffmpeg-8.1/libavcodec/loongarch/h264idct_loongarch.c
ffmpeg-8.1/libavcodec/loongarch/vp9_idct_lsx.c
ffmpeg-8.1/libavcodec/loongarch/hevcdsp_init_loongarch.c
ffmpeg-8.1/libavcodec/loongarch/h264chroma.S
ffmpeg-8.1/libavcodec/loongarch/hpeldsp_lasx.h
ffmpeg-8.1/libavcodec/loongarch/h264qpel.S
ffmpeg-8.1/libavcodec/loongarch/loongson_asm.S
ffmpeg-8.1/libavcodec/loongarch/hevcdsp_lasx.h
ffmpeg-8.1/libavcodec/loongarch/h264chroma_init_loongarch.c
ffmpeg-8.1/libavcodec/loongarch/hevcdsp_lsx.c
ffmpeg-8.1/libavcodec/loongarch/h264_deblock_lasx.c
ffmpeg-8.1/libavcodec/loongarch/simple_idct_lasx.c
ffmpeg-8.1/libavcodec/loongarch/vp9dsp_loongarch.h
ffmpeg-8.1/libavcodec/loongarch/hevc_mc_uniw_lsx.c
ffmpeg-8.1/libavcodec/loongarch/hevc_lpf_sao_lsx.c
ffmpeg-8.1/libavcodec/loongarch/vp8_lpf_lsx.c
ffmpeg-8.1/libavcodec/loongarch/h264dsp_init_loongarch.c
ffmpeg-8.1/libavcodec/loongarch/h264dsp_lasx.c
ffmpeg-8.1/libavcodec/loongarch/idctdsp_loongarch.h
ffmpeg-8.1/libavcodec/loongarch/h264_cabac.c
ffmpeg-8.1/libavcodec/loongarch/hevc_add_res.S
ffmpeg-8.1/libavcodec/loongarch/h264chroma_loongarch.h
ffmpeg-8.1/libavcodec/dovi_rpuenc.c
ffmpeg-8.1/libavcodec/videodsp.c
ffmpeg-8.1/libavcodec/h264chroma_template.c
ffmpeg-8.1/libavcodec/msmpeg4data.h
ffmpeg-8.1/libavcodec/fflcms2.c
ffmpeg-8.1/libavcodec/nuv.c
ffmpeg-8.1/libavcodec/ffv1.h
ffmpeg-8.1/libavcodec/aac_ac3_parser.c
ffmpeg-8.1/libavcodec/lossless_videoencdsp.h
ffmpeg-8.1/libavcodec/vulkan_vp9.c
ffmpeg-8.1/libavcodec/d3d12va_encode_av1.c
ffmpeg-8.1/libavcodec/liblc3dec.c
ffmpeg-8.1/libavcodec/vmdaudio.c
ffmpeg-8.1/libavcodec/texturedspenc.c
ffmpeg-8.1/libavcodec/mpegaudiotabs.h
ffmpeg-8.1/libavcodec/h263.h
ffmpeg-8.1/libavcodec/h264addpx_template.c
ffmpeg-8.1/libavcodec/vdpau_h264.c
ffmpeg-8.1/libavcodec/cbs_h265_syntax_template.c
ffmpeg-8.1/libavcodec/adxenc.c
ffmpeg-8.1/libavcodec/g729.h
ffmpeg-8.1/libavcodec/libfdk-aacdec.c
ffmpeg-8.1/libavcodec/jpegquanttables.c
ffmpeg-8.1/libavcodec/vaapi_encode.c
ffmpeg-8.1/libavcodec/d3d12va_decode.c
ffmpeg-8.1/libavcodec/speedhqdec.c
ffmpeg-8.1/libavcodec/cbs_vp8_syntax_template.c
ffmpeg-8.1/libavcodec/vdpau_mpeg12.c
ffmpeg-8.1/libavcodec/vulkan_decode.c
ffmpeg-8.1/libavcodec/avrndec.c
ffmpeg-8.1/libavcodec/codec_desc.c
ffmpeg-8.1/libavcodec/mlpdsp.c
ffmpeg-8.1/libavcodec/exif.h
ffmpeg-8.1/libavcodec/adx_parser.c
ffmpeg-8.1/libavcodec/arbc.c
ffmpeg-8.1/libavcodec/mss2dsp.c
ffmpeg-8.1/libavcodec/aom_film_grain.h
ffmpeg-8.1/libavcodec/apv_decode.c
ffmpeg-8.1/libavcodec/v4l2_buffers.c
ffmpeg-8.1/libavcodec/vdpau_av1.c
ffmpeg-8.1/libavcodec/svq1.h
ffmpeg-8.1/libavcodec/sbrdsp_fixed.c
ffmpeg-8.1/libavcodec/h264_refs.c
ffmpeg-8.1/libavcodec/wmaenc.c
ffmpeg-8.1/libavcodec/dirac_dwt_template.c
ffmpeg-8.1/libavcodec/acelp_vectors.c
ffmpeg-8.1/libavcodec/proresdata.c
ffmpeg-8.1/libavcodec/evrcdata.h
ffmpeg-8.1/libavcodec/aacenc_quantization_misc.h
ffmpeg-8.1/libavcodec/mss2dsp.h
ffmpeg-8.1/libavcodec/mimic.c
ffmpeg-8.1/libavcodec/mpegvideoencdsp.c
ffmpeg-8.1/libavcodec/nvdec_mjpeg.c
ffmpeg-8.1/libavcodec/wavpackenc.c
ffmpeg-8.1/libavcodec/photocd.c
ffmpeg-8.1/libavcodec/ttmlenc.h
ffmpeg-8.1/libavcodec/ra144dec.c
ffmpeg-8.1/libavcodec/mscc.c
ffmpeg-8.1/libavcodec/nellymoser.h
ffmpeg-8.1/libavcodec/h264_direct.c
ffmpeg-8.1/libavcodec/vp89_rac.h
ffmpeg-8.1/libavcodec/sbc.h
ffmpeg-8.1/libavcodec/cbrt_data.c
ffmpeg-8.1/libavcodec/prores_raw.c
ffmpeg-8.1/libavcodec/hwconfig.h
ffmpeg-8.1/libavcodec/pnm_parser.c
ffmpeg-8.1/libavcodec/mqcenc.c
ffmpeg-8.1/libavcodec/snappy.h
ffmpeg-8.1/libavcodec/ttaencdsp.c
ffmpeg-8.1/libavcodec/cbs_vp8.h
ffmpeg-8.1/libavcodec/log2_tab.c
ffmpeg-8.1/libavcodec/lpc_functions.h
ffmpeg-8.1/libavcodec/ac3enc.h
ffmpeg-8.1/libavcodec/v210enc.h
ffmpeg-8.1/libavcodec/vdpau_vc1.c
ffmpeg-8.1/libavcodec/idctdsp.c
ffmpeg-8.1/libavcodec/v308dec.c
ffmpeg-8.1/libavcodec/jpeg2000dwt.c
ffmpeg-8.1/libavcodec/htmlsubtitles.c
ffmpeg-8.1/libavcodec/takdsp.h
ffmpeg-8.1/libavcodec/faxcompr.c
ffmpeg-8.1/libavcodec/lzwenc.c
ffmpeg-8.1/libavcodec/apedec.c
ffmpeg-8.1/libavcodec/vc1_block.c
ffmpeg-8.1/libavcodec/startcode.c
ffmpeg-8.1/libavcodec/cri_parser.c
ffmpeg-8.1/libavcodec/gifdec.c
ffmpeg-8.1/libavcodec/apv_dsp.c
ffmpeg-8.1/libavcodec/adts_header.h
ffmpeg-8.1/libavcodec/error_resilience.c
ffmpeg-8.1/libavcodec/dsd.c
ffmpeg-8.1/libavcodec/mpegpicture.c
ffmpeg-8.1/libavcodec/tta.c
ffmpeg-8.1/libavcodec/dcadct.h
ffmpeg-8.1/libavcodec/libopusdec.c
ffmpeg-8.1/libavcodec/targaenc.c
ffmpeg-8.1/libavcodec/jpegxl_parser.c
ffmpeg-8.1/libavcodec/vaapi_encode_mpeg2.c
ffmpeg-8.1/libavcodec/vp9data.c
ffmpeg-8.1/libavcodec/jpegxl.h
ffmpeg-8.1/libavcodec/ffv1enc.c
ffmpeg-8.1/libavcodec/speedhq.h
ffmpeg-8.1/libavcodec/videotoolboxenc.c
ffmpeg-8.1/libavcodec/mpegvideoencdsp.h
ffmpeg-8.1/libavcodec/qtrleenc.c
ffmpeg-8.1/libavcodec/vpx_rac.h
ffmpeg-8.1/libavcodec/eatqi.c
ffmpeg-8.1/libavcodec/kgv1dec.c
ffmpeg-8.1/libavcodec/aacps_fixed_tablegen.c
ffmpeg-8.1/libavcodec/dvbsub_parser.c
ffmpeg-8.1/libavcodec/executor.c
ffmpeg-8.1/libavcodec/qpeg.c
ffmpeg-8.1/libavcodec/gif.c
ffmpeg-8.1/libavcodec/ohcodec.h
ffmpeg-8.1/libavcodec/mpeg12enc.c
ffmpeg-8.1/libavcodec/fic.c
ffmpeg-8.1/libavcodec/jpeglsdec.c
ffmpeg-8.1/libavcodec/bsf.h
ffmpeg-8.1/libavcodec/dvaudio_parser.c
ffmpeg-8.1/libavcodec/twinvqdec.c
ffmpeg-8.1/libavcodec/ivi_dsp.c
ffmpeg-8.1/libavcodec/xsubdec.c
ffmpeg-8.1/libavcodec/dxv.c
ffmpeg-8.1/libavcodec/jpeg2000htdec.h
ffmpeg-8.1/libavcodec/simple_idct.c
ffmpeg-8.1/libavcodec/audio_frame_queue.h
ffmpeg-8.1/libavcodec/dca_parser.c
ffmpeg-8.1/libavcodec/motionpixels.c
ffmpeg-8.1/libavcodec/dvdsub.h
ffmpeg-8.1/libavcodec/faandct.c
ffmpeg-8.1/libavcodec/prores_raw_parser.c
ffmpeg-8.1/libavcodec/ac3defs.h
ffmpeg-8.1/libavcodec/qtrle.c
ffmpeg-8.1/libavcodec/vp9data.h
ffmpeg-8.1/libavcodec/vc1_loopfilter.c
ffmpeg-8.1/libavcodec/ac3tab.c
ffmpeg-8.1/libavcodec/sgidec.c
ffmpeg-8.1/libavcodec/rangecoder.c
ffmpeg-8.1/libavcodec/fflcms2.h
ffmpeg-8.1/libavcodec/sbr.h
ffmpeg-8.1/libavcodec/pthread_internal.h
ffmpeg-8.1/libavcodec/libspeexenc.c
ffmpeg-8.1/libavcodec/xbm_parser.c
ffmpeg-8.1/libavcodec/gsmdec_data.c
ffmpeg-8.1/libavcodec/ac3dec.h
ffmpeg-8.1/libavcodec/mss1.c
ffmpeg-8.1/libavcodec/speexdec.c
ffmpeg-8.1/libavcodec/ac3dsp.h
ffmpeg-8.1/libavcodec/jpegtables.h
ffmpeg-8.1/libavcodec/dct32.h
ffmpeg-8.1/libavcodec/pcm_tablegen.c
ffmpeg-8.1/libavcodec/h264_cabac.c
ffmpeg-8.1/libavcodec/ac3_parser.h
ffmpeg-8.1/libavcodec/h264_mc_template.c
ffmpeg-8.1/libavcodec/cinepakenc.c
ffmpeg-8.1/libavcodec/mlz.c
ffmpeg-8.1/libavcodec/mpeg4videodec.h
ffmpeg-8.1/libavcodec/tscc2.c
ffmpeg-8.1/libavcodec/proresdsp.h
ffmpeg-8.1/libavcodec/mpegvideo_parser.c
ffmpeg-8.1/libavcodec/webvttdec.c
ffmpeg-8.1/libavcodec/vaapi_av1.c
ffmpeg-8.1/libavcodec/h264_ps.h
ffmpeg-8.1/libavcodec/hpel_template.c
ffmpeg-8.1/libavcodec/wmv2dec.h
ffmpeg-8.1/libavcodec/v4l2_m2m_enc.c
ffmpeg-8.1/libavcodec/aacpsdsp_fixed.c
ffmpeg-8.1/libavcodec/movtextenc.c
ffmpeg-8.1/libavcodec/v210enc_init.h
ffmpeg-8.1/libavcodec/mathops.h
ffmpeg-8.1/libavcodec/qsvenc.c
ffmpeg-8.1/libavcodec/lcldec.c
ffmpeg-8.1/libavcodec/dfpwmenc.c
ffmpeg-8.1/libavcodec/vc2enc.c
ffmpeg-8.1/libavcodec/mpegaudio.h
ffmpeg-8.1/libavcodec/d3d12va_mpeg2.c
ffmpeg-8.1/libavcodec/ttaencdsp.h
ffmpeg-8.1/libavcodec/evc_ps.h
ffmpeg-8.1/libavcodec/hap.c
ffmpeg-8.1/libavcodec/g729postfilter.c
ffmpeg-8.1/libavcodec/libshine.c
ffmpeg-8.1/libavcodec/xiph.c
ffmpeg-8.1/libavcodec/ccaption_dec.c
ffmpeg-8.1/libavcodec/r210dec.c
ffmpeg-8.1/libavcodec/codec_par.h
ffmpeg-8.1/libavcodec/dxtory.c
ffmpeg-8.1/libavcodec/bintext.h
ffmpeg-8.1/libavcodec/wnv1.c
ffmpeg-8.1/libavcodec/mediacodec.c
ffmpeg-8.1/libavcodec/acelp_pitch_delay.h
ffmpeg-8.1/libavcodec/vaapi_vvc.c
ffmpeg-8.1/libavcodec/intrax8.h
ffmpeg-8.1/libavcodec/v210dec.c
ffmpeg-8.1/libavcodec/smacker.c
ffmpeg-8.1/libavcodec/flacdata.h
ffmpeg-8.1/libavcodec/fastaudio.c
ffmpeg-8.1/libavcodec/dovi_rpudec.c
ffmpeg-8.1/libavcodec/g722dsp.c
ffmpeg-8.1/libavcodec/mjpegenc_common.h
ffmpeg-8.1/libavcodec/mediacodecdec_common.c
ffmpeg-8.1/libavcodec/cscd.c
ffmpeg-8.1/libavcodec/asv.h
ffmpeg-8.1/libavcodec/audiodsp.c
ffmpeg-8.1/libavcodec/h263dsp.h
ffmpeg-8.1/libavcodec/texturedsp.c
ffmpeg-8.1/libavcodec/msrle.c
ffmpeg-8.1/libavcodec/v4l2_fmt.c
ffmpeg-8.1/libavcodec/dvaudiodec.c
ffmpeg-8.1/libavcodec/msmpeg4_vc1_data.h
ffmpeg-8.1/libavcodec/sbrdsp.c
ffmpeg-8.1/libavcodec/h264qpel_template.c
ffmpeg-8.1/libavcodec/vorbis.c
ffmpeg-8.1/libavcodec/escape130.c
ffmpeg-8.1/libavcodec/imc.c
ffmpeg-8.1/libavcodec/g722enc.c
ffmpeg-8.1/libavcodec/liblc3enc.c
ffmpeg-8.1/libavcodec/zerocodec.c
ffmpeg-8.1/libavcodec/eac3_data.h
ffmpeg-8.1/libavcodec/h264idct.c
ffmpeg-8.1/libavcodec/jpegtabs.h
ffmpeg-8.1/libavcodec/dirac_vlc.c
ffmpeg-8.1/libavcodec/avcodec_internal.h
ffmpeg-8.1/libavcodec/dcaenc.h
ffmpeg-8.1/libavcodec/timecode_internal.c
ffmpeg-8.1/libavcodec/eac3_data.c
ffmpeg-8.1/libavcodec/psymodel.c
ffmpeg-8.1/libavcodec/codec2utils.h
ffmpeg-8.1/libavcodec/rv34dsp.h
ffmpeg-8.1/libavcodec/ra144.c
ffmpeg-8.1/libavcodec/dsddec.c
ffmpeg-8.1/libavcodec/mjpegenc.c
ffmpeg-8.1/libavcodec/g723_1dec.c
ffmpeg-8.1/libavcodec/jpeglsenc.c
ffmpeg-8.1/libavcodec/ttmlenc.c
ffmpeg-8.1/libavcodec/utvideodsp.c
ffmpeg-8.1/libavcodec/ljpegenc.c
ffmpeg-8.1/libavcodec/avuidec.c
ffmpeg-8.1/libavcodec/notchlc.c
ffmpeg-8.1/libavcodec/vp9dsp_12bpp.c
ffmpeg-8.1/libavcodec/libspeexdec.c
ffmpeg-8.1/libavcodec/siprdata.h
ffmpeg-8.1/libavcodec/vorbis_parser.h
ffmpeg-8.1/libavcodec/mjpegenc.h
ffmpeg-8.1/libavcodec/h264data.c
ffmpeg-8.1/libavcodec/cavsdsp.c
ffmpeg-8.1/libavcodec/amfenc_h264.c
ffmpeg-8.1/libavcodec/cfhdencdsp.h
ffmpeg-8.1/libavcodec/cbs_h265.h
ffmpeg-8.1/libavcodec/libopenh264enc.c
ffmpeg-8.1/libavcodec/aacps_fixed_tablegen.h
ffmpeg-8.1/libavcodec/pthread_slice.c
ffmpeg-8.1/libavcodec/libgsmenc.c
ffmpeg-8.1/libavcodec/audiodsp.h
ffmpeg-8.1/libavcodec/aacps.h
ffmpeg-8.1/libavcodec/wmaprodata.h
ffmpeg-8.1/libavcodec/tscc2data.h
ffmpeg-8.1/libavcodec/mips/
ffmpeg-8.1/libavcodec/mips/xvididct_mips.h
ffmpeg-8.1/libavcodec/mips/simple_idct_msa.c
ffmpeg-8.1/libavcodec/mips/wmv2dsp_init_mips.c
ffmpeg-8.1/libavcodec/mips/vp3dsp_init_mips.c
ffmpeg-8.1/libavcodec/mips/Makefile
ffmpeg-8.1/libavcodec/mips/h264dsp_msa.c
ffmpeg-8.1/libavcodec/mips/xvididct_init_mips.c
ffmpeg-8.1/libavcodec/mips/idctdsp_mmi.c
ffmpeg-8.1/libavcodec/mips/mpegvideoencdsp_init_mips.c
ffmpeg-8.1/libavcodec/mips/vp9_mc_mmi.c
ffmpeg-8.1/libavcodec/mips/me_cmp_msa.c
ffmpeg-8.1/libavcodec/mips/mpegvideo_mips.h
ffmpeg-8.1/libavcodec/mips/pixblockdsp_msa.c
ffmpeg-8.1/libavcodec/mips/vp3dsp_idct_msa.c
ffmpeg-8.1/libavcodec/mips/hevc_idct_msa.c
ffmpeg-8.1/libavcodec/mips/idctdsp_mips.h
ffmpeg-8.1/libavcodec/mips/h263dsp_init_mips.c
ffmpeg-8.1/libavcodec/mips/h264chroma_mmi.c
ffmpeg-8.1/libavcodec/mips/hpeldsp_msa.c
ffmpeg-8.1/libavcodec/mips/xvid_idct_mmi.c
ffmpeg-8.1/libavcodec/mips/pixblockdsp_mips.h
ffmpeg-8.1/libavcodec/mips/hevcdsp_init_mips.c
ffmpeg-8.1/libavcodec/mips/idctdsp_msa.c
ffmpeg-8.1/libavcodec/mips/blockdsp_mmi.c
ffmpeg-8.1/libavcodec/mips/h264chroma_msa.c
ffmpeg-8.1/libavcodec/mips/amrwbdec_mips.h
ffmpeg-8.1/libavcodec/mips/mpegvideo_msa.c
ffmpeg-8.1/libavcodec/mips/h264qpel_msa.c
ffmpeg-8.1/libavcodec/mips/hpeldsp_init_mips.c
ffmpeg-8.1/libavcodec/mips/blockdsp_init_mips.c
ffmpeg-8.1/libavcodec/mips/h264qpel_mmi.c
ffmpeg-8.1/libavcodec/mips/mpegvideo_mmi.c
ffmpeg-8.1/libavcodec/mips/vp9_intra_msa.c
ffmpeg-8.1/libavcodec/mips/acelp_filters_mips.c
ffmpeg-8.1/libavcodec/mips/me_cmp_init_mips.c
ffmpeg-8.1/libavcodec/mips/h264qpel_init_mips.c
ffmpeg-8.1/libavcodec/mips/pixblockdsp_init_mips.c
ffmpeg-8.1/libavcodec/mips/hevcdsp_mips.h
ffmpeg-8.1/libavcodec/mips/me_cmp_mips.h
ffmpeg-8.1/libavcodec/mips/vp3dsp_idct_mmi.c
ffmpeg-8.1/libavcodec/mips/h264dsp_init_mips.c
ffmpeg-8.1/libavcodec/mips/constants.c
ffmpeg-8.1/libavcodec/mips/hevc_mc_uniw_msa.c
ffmpeg-8.1/libavcodec/mips/h264pred_msa.c
ffmpeg-8.1/libavcodec/mips/lsp_mips.h
ffmpeg-8.1/libavcodec/mips/vp9_idct_msa.c
ffmpeg-8.1/libavcodec/mips/hevcdsp_mmi.c
ffmpeg-8.1/libavcodec/mips/vp8_idct_msa.c
ffmpeg-8.1/libavcodec/mips/hevcpred_init_mips.c
ffmpeg-8.1/libavcodec/mips/videodsp_init.c
ffmpeg-8.1/libavcodec/mips/vc1dsp_mmi.c
ffmpeg-8.1/libavcodec/mips/pixblockdsp_mmi.c
ffmpeg-8.1/libavcodec/mips/hpeldsp_mips.h
ffmpeg-8.1/libavcodec/mips/h264pred_mips.h
ffmpeg-8.1/libavcodec/mips/cabac.h
ffmpeg-8.1/libavcodec/mips/vp9_mc_msa.c
ffmpeg-8.1/libavcodec/mips/blockdsp_mips.h
ffmpeg-8.1/libavcodec/mips/acelp_vectors_mips.c
ffmpeg-8.1/libavcodec/mips/vc1dsp_mips.h
ffmpeg-8.1/libavcodec/mips/compute_antialias_float.h
ffmpeg-8.1/libavcodec/mips/wmv2dsp_mips.h
ffmpeg-8.1/libavcodec/mips/vp8dsp_init_mips.c
ffmpeg-8.1/libavcodec/mips/vc1dsp_init_mips.c
ffmpeg-8.1/libavcodec/mips/mpegvideoencdsp_msa.c
ffmpeg-8.1/libavcodec/mips/hevcdsp_msa.c
ffmpeg-8.1/libavcodec/mips/ac3dsp_mips.c
ffmpeg-8.1/libavcodec/mips/wmv2dsp_mmi.c
ffmpeg-8.1/libavcodec/mips/vp9_lpf_msa.c
ffmpeg-8.1/libavcodec/mips/h264chroma_init_mips.c
ffmpeg-8.1/libavcodec/mips/compute_antialias_fixed.h
ffmpeg-8.1/libavcodec/mips/vp9dsp_init_mips.c
ffmpeg-8.1/libavcodec/mips/hevcpred_mips.h
ffmpeg-8.1/libavcodec/mips/h264dsp_mmi.c
ffmpeg-8.1/libavcodec/mips/vp8dsp_mips.h
ffmpeg-8.1/libavcodec/mips/constants.h
ffmpeg-8.1/libavcodec/mips/h263dsp_mips.h
ffmpeg-8.1/libavcodec/mips/mpegaudiodsp_mips_fixed.c
ffmpeg-8.1/libavcodec/mips/amrwbdec_mips.c
ffmpeg-8.1/libavcodec/mips/hevc_mc_bi_msa.c
ffmpeg-8.1/libavcodec/mips/h264dsp_mips.h
ffmpeg-8.1/libavcodec/mips/fmtconvert_mips.c
ffmpeg-8.1/libavcodec/mips/simple_idct_mmi.c
ffmpeg-8.1/libavcodec/mips/hevc_macros_msa.h
ffmpeg-8.1/libavcodec/mips/h264idct_msa.c
ffmpeg-8.1/libavcodec/mips/h264pred_mmi.c
ffmpeg-8.1/libavcodec/mips/hpeldsp_mmi.c
ffmpeg-8.1/libavcodec/mips/mpegvideo_init_mips.c
ffmpeg-8.1/libavcodec/mips/blockdsp_msa.c
ffmpeg-8.1/libavcodec/mips/h264chroma_mips.h
ffmpeg-8.1/libavcodec/mips/h264pred_init_mips.c
ffmpeg-8.1/libavcodec/mips/mpegaudiodsp_mips_float.c
ffmpeg-8.1/libavcodec/mips/vp8_mc_msa.c
ffmpeg-8.1/libavcodec/mips/idctdsp_init_mips.c
ffmpeg-8.1/libavcodec/mips/qpeldsp_mips.h
ffmpeg-8.1/libavcodec/mips/celp_math_mips.c
ffmpeg-8.1/libavcodec/mips/hevc_mc_uni_msa.c
ffmpeg-8.1/libavcodec/mips/celp_filters_mips.c
ffmpeg-8.1/libavcodec/mips/qpeldsp_init_mips.c
ffmpeg-8.1/libavcodec/mips/h263dsp_msa.c
ffmpeg-8.1/libavcodec/mips/hevc_mc_biw_msa.c
ffmpeg-8.1/libavcodec/mips/vc1dsp_msa.c
ffmpeg-8.1/libavcodec/mips/vp8dsp_mmi.c
ffmpeg-8.1/libavcodec/mips/qpeldsp_msa.c
ffmpeg-8.1/libavcodec/mips/mathops.h
ffmpeg-8.1/libavcodec/mips/hevcpred_msa.c
ffmpeg-8.1/libavcodec/mips/vp3dsp_mips.h
ffmpeg-8.1/libavcodec/mips/h264_deblock_msa.c
ffmpeg-8.1/libavcodec/mips/vp9dsp_mips.h
ffmpeg-8.1/libavcodec/mips/vp8_lpf_msa.c
ffmpeg-8.1/libavcodec/mips/mpegvideoencdsp_mmi.c
ffmpeg-8.1/libavcodec/mips/hevc_lpf_sao_msa.c
ffmpeg-8.1/COPYING.LGPLv2.1
ffmpeg-8.1/libswscale/
ffmpeg-8.1/libswscale/ops_tmpl_float.c
ffmpeg-8.1/libswscale/Makefile
ffmpeg-8.1/libswscale/riscv/
ffmpeg-8.1/libswscale/riscv/Makefile
ffmpeg-8.1/libswscale/riscv/swscale.c
ffmpeg-8.1/libswscale/riscv/cpu_common.c
ffmpeg-8.1/libswscale/riscv/rgb2rgb_rvb.S
ffmpeg-8.1/libswscale/riscv/input_rvv.S
ffmpeg-8.1/libswscale/riscv/rgb2rgb.c
ffmpeg-8.1/libswscale/riscv/rgb2rgb_rvv.S
ffmpeg-8.1/libswscale/riscv/range_rvv.S
ffmpeg-8.1/libswscale/ops_backend.h
ffmpeg-8.1/libswscale/options.c
ffmpeg-8.1/libswscale/version.c
ffmpeg-8.1/libswscale/input.c
ffmpeg-8.1/libswscale/format.h
ffmpeg-8.1/libswscale/ops_dispatch.h
ffmpeg-8.1/libswscale/output.c
ffmpeg-8.1/libswscale/cms.h
ffmpeg-8.1/libswscale/format.c
ffmpeg-8.1/libswscale/hscale_fast_bilinear.c
ffmpeg-8.1/libswscale/ops_dispatch.c
ffmpeg-8.1/libswscale/swscale_internal.h
ffmpeg-8.1/libswscale/yuv2rgb.c
ffmpeg-8.1/libswscale/bayer_template.c
ffmpeg-8.1/libswscale/rgb2rgb.h
ffmpeg-8.1/libswscale/graph.h
ffmpeg-8.1/libswscale/vulkan/
ffmpeg-8.1/libswscale/vulkan/Makefile
ffmpeg-8.1/libswscale/vulkan/ops.h
ffmpeg-8.1/libswscale/vulkan/ops.c
ffmpeg-8.1/libswscale/vulkan/vulkan_glslang.c
ffmpeg-8.1/libswscale/vulkan/vulkan.c
ffmpeg-8.1/libswscale/vulkan/vulkan_shaderc.c
ffmpeg-8.1/libswscale/swscale.c
ffmpeg-8.1/libswscale/csputils.c
ffmpeg-8.1/libswscale/graph.c
ffmpeg-8.1/libswscale/rgb2rgb_template.c
ffmpeg-8.1/libswscale/version.h
ffmpeg-8.1/libswscale/x86/
ffmpeg-8.1/libswscale/x86/Makefile
ffmpeg-8.1/libswscale/x86/ops_common.asm
ffmpeg-8.1/libswscale/x86/ops_float.asm
ffmpeg-8.1/libswscale/x86/yuv2rgb.c
ffmpeg-8.1/libswscale/x86/yuv2yuvX.asm
ffmpeg-8.1/libswscale/x86/swscale.c
ffmpeg-8.1/libswscale/x86/w64xmmtest.c
ffmpeg-8.1/libswscale/x86/ops.c
ffmpeg-8.1/libswscale/x86/ops_int.asm
ffmpeg-8.1/libswscale/x86/rgb2rgb.c
ffmpeg-8.1/libswscale/x86/input.asm
ffmpeg-8.1/libswscale/x86/range_convert.asm
ffmpeg-8.1/libswscale/x86/hscale_fast_bilinear_simd.c
ffmpeg-8.1/libswscale/x86/scale_avx2.asm
ffmpeg-8.1/libswscale/x86/rgb_2_rgb.asm
ffmpeg-8.1/libswscale/x86/swscale_template.c
ffmpeg-8.1/libswscale/x86/yuv_2_rgb.asm
ffmpeg-8.1/libswscale/x86/scale.asm
ffmpeg-8.1/libswscale/x86/output.asm
ffmpeg-8.1/libswscale/ops_chain.h
ffmpeg-8.1/libswscale/ops.h
ffmpeg-8.1/libswscale/ops.c
ffmpeg-8.1/libswscale/ops_optimizer.c
ffmpeg-8.1/libswscale/swscale.h
ffmpeg-8.1/libswscale/lut3d.c
ffmpeg-8.1/libswscale/utils.c
ffmpeg-8.1/libswscale/ops_tmpl_int.c
ffmpeg-8.1/libswscale/rgb2rgb.c
ffmpeg-8.1/libswscale/gamma.c
ffmpeg-8.1/libswscale/ppc/
ffmpeg-8.1/libswscale/ppc/Makefile
ffmpeg-8.1/libswscale/ppc/yuv2rgb_altivec.h
ffmpeg-8.1/libswscale/ppc/swscale_ppc_template.c
ffmpeg-8.1/libswscale/ppc/yuv2yuv_altivec.c
ffmpeg-8.1/libswscale/ppc/swscale_vsx.c
ffmpeg-8.1/libswscale/ppc/swscale_altivec.c
ffmpeg-8.1/libswscale/ppc/yuv2rgb_altivec.c
ffmpeg-8.1/libswscale/arm/
ffmpeg-8.1/libswscale/arm/Makefile
ffmpeg-8.1/libswscale/arm/swscale.c
ffmpeg-8.1/libswscale/arm/yuv2rgb_neon.S
ffmpeg-8.1/libswscale/arm/output.S
ffmpeg-8.1/libswscale/arm/rgb2yuv_neon_16.S
ffmpeg-8.1/libswscale/arm/rgb2yuv_neon_common.S
ffmpeg-8.1/libswscale/arm/rgb2yuv_neon_32.S
ffmpeg-8.1/libswscale/arm/swscale_unscaled.c
ffmpeg-8.1/libswscale/arm/hscale.S
ffmpeg-8.1/libswscale/vscale.c
ffmpeg-8.1/libswscale/hscale.c
ffmpeg-8.1/libswscale/cms.c
ffmpeg-8.1/libswscale/ops_memcpy.c
ffmpeg-8.1/libswscale/libswscale.v
ffmpeg-8.1/libswscale/tests/
ffmpeg-8.1/libswscale/tests/pixdesc_query.c
ffmpeg-8.1/libswscale/tests/sws_ops.c
ffmpeg-8.1/libswscale/tests/swscale.c
ffmpeg-8.1/libswscale/tests/colorspace.c
ffmpeg-8.1/libswscale/tests/floatimg_cmp.c
ffmpeg-8.1/libswscale/version_major.h
ffmpeg-8.1/libswscale/ops_chain.c
ffmpeg-8.1/libswscale/csputils.h
ffmpeg-8.1/libswscale/alphablend.c
ffmpeg-8.1/libswscale/half2float.c
ffmpeg-8.1/libswscale/ops_backend.c
ffmpeg-8.1/libswscale/aarch64/
ffmpeg-8.1/libswscale/aarch64/asm-offsets.h
ffmpeg-8.1/libswscale/aarch64/Makefile
ffmpeg-8.1/libswscale/aarch64/swscale.c
ffmpeg-8.1/libswscale/aarch64/yuv2rgb_neon.S
ffmpeg-8.1/libswscale/aarch64/output.S
ffmpeg-8.1/libswscale/aarch64/input.S
ffmpeg-8.1/libswscale/aarch64/rgb2rgb.c
ffmpeg-8.1/libswscale/aarch64/range_convert_neon.S
ffmpeg-8.1/libswscale/aarch64/xyz2rgb_neon.S
ffmpeg-8.1/libswscale/aarch64/swscale_unscaled_neon.S
ffmpeg-8.1/libswscale/aarch64/swscale_unscaled.c
ffmpeg-8.1/libswscale/aarch64/rgb2rgb_neon.S
ffmpeg-8.1/libswscale/aarch64/hscale.S
ffmpeg-8.1/libswscale/slice.c
ffmpeg-8.1/libswscale/ops_internal.h
ffmpeg-8.1/libswscale/loongarch/
ffmpeg-8.1/libswscale/loongarch/input_lasx.c
ffmpeg-8.1/libswscale/loongarch/input_lsx.c
ffmpeg-8.1/libswscale/loongarch/swscale_lasx.c
ffmpeg-8.1/libswscale/loongarch/Makefile
ffmpeg-8.1/libswscale/loongarch/output_lsx.c
ffmpeg-8.1/libswscale/loongarch/rgb2rgb_lasx.c
ffmpeg-8.1/libswscale/loongarch/swscale_lsx.c
ffmpeg-8.1/libswscale/loongarch/output.S
ffmpeg-8.1/libswscale/loongarch/input.S
ffmpeg-8.1/libswscale/loongarch/yuv2rgb_lasx.c
ffmpeg-8.1/libswscale/loongarch/swscale_init_loongarch.c
ffmpeg-8.1/libswscale/loongarch/swscale_loongarch.h
ffmpeg-8.1/libswscale/loongarch/yuv2rgb_lsx.c
ffmpeg-8.1/libswscale/loongarch/output_lasx.c
ffmpeg-8.1/libswscale/loongarch/swscale.S
ffmpeg-8.1/libswscale/swscale_unscaled.c
ffmpeg-8.1/libswscale/log2_tab.c
ffmpeg-8.1/libswscale/swscaleres.rc
ffmpeg-8.1/libswscale/lut3d.h
ffmpeg-8.1/libswscale/ops_tmpl_common.c
ffmpeg-8.1/configure
ffmpeg-8.1/libavfilter/
ffmpeg-8.1/libavfilter/vf_pp7.h
ffmpeg-8.1/libavfilter/vf_field.c
ffmpeg-8.1/libavfilter/vf_readeia608.c
ffmpeg-8.1/libavfilter/vf_displace.c
ffmpeg-8.1/libavfilter/limiter.h
ffmpeg-8.1/libavfilter/vf_bwdif.c
ffmpeg-8.1/libavfilter/af_stereowiden.c
ffmpeg-8.1/libavfilter/vf_lensfun.c
ffmpeg-8.1/libavfilter/vf_mergeplanes.c
ffmpeg-8.1/libavfilter/vf_separatefields.c
ffmpeg-8.1/libavfilter/vf_geq.c
ffmpeg-8.1/libavfilter/psnr.c
ffmpeg-8.1/libavfilter/vf_owdenoise.c
ffmpeg-8.1/libavfilter/f_interleave.c
ffmpeg-8.1/libavfilter/vf_fsync.c
ffmpeg-8.1/libavfilter/dnn_filter_common.c
ffmpeg-8.1/libavfilter/af_vibrato.c
ffmpeg-8.1/libavfilter/af_apulsator.c
ffmpeg-8.1/libavfilter/vsrc_testsrc.c
ffmpeg-8.1/libavfilter/af_dialoguenhance.c
ffmpeg-8.1/libavfilter/vsrc_gradients.c
ffmpeg-8.1/libavfilter/video.h
ffmpeg-8.1/libavfilter/vf_deinterlace_vaapi.c
ffmpeg-8.1/libavfilter/removegrain.h
ffmpeg-8.1/libavfilter/vf_convolution.c
ffmpeg-8.1/libavfilter/af_headphone.c
ffmpeg-8.1/libavfilter/vf_guided.c
ffmpeg-8.1/libavfilter/vf_signalstats.c
ffmpeg-8.1/libavfilter/vf_noise.h
ffmpeg-8.1/libavfilter/vf_hwdownload.c
ffmpeg-8.1/libavfilter/vf_procamp_vaapi.c
ffmpeg-8.1/libavfilter/edge_template.c
ffmpeg-8.1/libavfilter/vf_thumbnail.c
ffmpeg-8.1/libavfilter/Makefile
ffmpeg-8.1/libavfilter/af_speechnorm.c
ffmpeg-8.1/libavfilter/vf_phase.c
ffmpeg-8.1/libavfilter/riscv/
ffmpeg-8.1/libavfilter/riscv/Makefile
ffmpeg-8.1/libavfilter/riscv/af_afir_init.c
ffmpeg-8.1/libavfilter/riscv/cpu_common.c
ffmpeg-8.1/libavfilter/riscv/vf_blackdetect_rvv.S
ffmpeg-8.1/libavfilter/riscv/af_afir_rvv.S
ffmpeg-8.1/libavfilter/riscv/vf_blackdetect_init.c
ffmpeg-8.1/libavfilter/f_graphmonitor.c
ffmpeg-8.1/libavfilter/vf_ssim360.c
ffmpeg-8.1/libavfilter/vf_hwupload_cuda.c
ffmpeg-8.1/libavfilter/vf_smartblur.c
ffmpeg-8.1/libavfilter/af_compensationdelay.c
ffmpeg-8.1/libavfilter/vf_tonemap_vaapi.c
ffmpeg-8.1/libavfilter/vf_gblur_init.h
ffmpeg-8.1/libavfilter/vf_colortemperature.c
ffmpeg-8.1/libavfilter/af_chorus.c
ffmpeg-8.1/libavfilter/vf_quirc.c
ffmpeg-8.1/libavfilter/generate_wave_table.c
ffmpeg-8.1/libavfilter/af_virtualbass.c
ffmpeg-8.1/libavfilter/vf_hwmap.c
ffmpeg-8.1/libavfilter/af_amix.c
ffmpeg-8.1/libavfilter/version.c
ffmpeg-8.1/libavfilter/vf_perspective.c
ffmpeg-8.1/libavfilter/vf_hwupload.c
ffmpeg-8.1/libavfilter/adynamicequalizer_template.c
ffmpeg-8.1/libavfilter/vulkan_filter.c
ffmpeg-8.1/libavfilter/af_silencedetect.c
ffmpeg-8.1/libavfilter/vf_drawbox_vaapi.c
ffmpeg-8.1/libavfilter/vf_format.c
ffmpeg-8.1/libavfilter/avf_showcwt.c
ffmpeg-8.1/libavfilter/af_asupercut.c
ffmpeg-8.1/libavfilter/vf_transpose_npp.c
ffmpeg-8.1/libavfilter/vf_floodfill.c
ffmpeg-8.1/libavfilter/vf_hue.c
ffmpeg-8.1/libavfilter/asrc_anoisesrc.c
ffmpeg-8.1/libavfilter/af_firequalizer.c
ffmpeg-8.1/libavfilter/transform.c
ffmpeg-8.1/libavfilter/af_adeclick.c
ffmpeg-8.1/libavfilter/vsrc_testsrc_vulkan.c
ffmpeg-8.1/libavfilter/af_alimiter.c
ffmpeg-8.1/libavfilter/vf_bbox.c
ffmpeg-8.1/libavfilter/vf_colormatrix.c
ffmpeg-8.1/libavfilter/vf_sab.c
ffmpeg-8.1/libavfilter/af_acopy.c
ffmpeg-8.1/libavfilter/af_adynamicsmooth.c
ffmpeg-8.1/libavfilter/bbox.c
ffmpeg-8.1/libavfilter/af_bs2b.c
ffmpeg-8.1/libavfilter/af_haas.c
ffmpeg-8.1/libavfilter/af_tremolo.c
ffmpeg-8.1/libavfilter/framepool.c
ffmpeg-8.1/libavfilter/vf_mestimate.c
ffmpeg-8.1/libavfilter/avf_showspectrum.c
ffmpeg-8.1/libavfilter/af_sofalizer.c
ffmpeg-8.1/libavfilter/bwdifdsp.c
ffmpeg-8.1/libavfilter/vf_freezedetect.c
ffmpeg-8.1/libavfilter/vf_hysteresis.c
ffmpeg-8.1/libavfilter/vf_stack_vaapi.c
ffmpeg-8.1/libavfilter/motion_estimation.c
ffmpeg-8.1/libavfilter/vf_estdif.c
ffmpeg-8.1/libavfilter/vf_il.c
ffmpeg-8.1/libavfilter/vf_chromakey_cuda.cu
ffmpeg-8.1/libavfilter/f_loop.c
ffmpeg-8.1/libavfilter/af_loudnorm.c
ffmpeg-8.1/libavfilter/vf_unsharp_opencl.c
ffmpeg-8.1/libavfilter/vf_codecview.c
ffmpeg-8.1/libavfilter/dialoguenhance_template.c
ffmpeg-8.1/libavfilter/vf_sharpen_npp.c
ffmpeg-8.1/libavfilter/f_perms.c
ffmpeg-8.1/libavfilter/vf_deflicker.c
ffmpeg-8.1/libavfilter/vf_overlay_qsv.c
ffmpeg-8.1/libavfilter/vf_xbr.c
ffmpeg-8.1/libavfilter/f_zmq.c
ffmpeg-8.1/libavfilter/v360.h
ffmpeg-8.1/libavfilter/vf_overlay.h
ffmpeg-8.1/libavfilter/vf_removegrain.c
ffmpeg-8.1/libavfilter/avf_concat.c
ffmpeg-8.1/libavfilter/f_sidedata.c
ffmpeg-8.1/libavfilter/vf_aspect.c
ffmpeg-8.1/libavfilter/stack_internal.h
ffmpeg-8.1/libavfilter/qsvvpp.c
ffmpeg-8.1/libavfilter/vf_untile.c
ffmpeg-8.1/libavfilter/vf_zoompan.c
ffmpeg-8.1/libavfilter/vf_vidstabtransform.c
ffmpeg-8.1/libavfilter/palette.h
ffmpeg-8.1/libavfilter/palette.c
ffmpeg-8.1/libavfilter/vf_midequalizer.c
ffmpeg-8.1/libavfilter/af_afftdn.c
ffmpeg-8.1/libavfilter/vf_identity.c
ffmpeg-8.1/libavfilter/vf_stack.c
ffmpeg-8.1/libavfilter/qp_table.h
ffmpeg-8.1/libavfilter/vf_pullup.c
ffmpeg-8.1/libavfilter/vf_fade.c
ffmpeg-8.1/libavfilter/vf_colorkey_opencl.c
ffmpeg-8.1/libavfilter/formats.h
ffmpeg-8.1/libavfilter/aap_template.c
ffmpeg-8.1/libavfilter/vf_pullup.h
ffmpeg-8.1/libavfilter/tinterlace.h
ffmpeg-8.1/libavfilter/vf_convolution_opencl.c
ffmpeg-8.1/libavfilter/vidstabutils.c
ffmpeg-8.1/libavfilter/vf_framestep.c
ffmpeg-8.1/libavfilter/vf_scroll.c
ffmpeg-8.1/libavfilter/framesync.c
ffmpeg-8.1/libavfilter/vf_vfrdet.c
ffmpeg-8.1/libavfilter/vf_blackdetect.h
ffmpeg-8.1/libavfilter/vf_threshold_init.h
ffmpeg-8.1/libavfilter/vf_chromanr.c
ffmpeg-8.1/libavfilter/vulkan/
ffmpeg-8.1/libavfilter/vulkan/bwdif.comp.glsl
ffmpeg-8.1/libavfilter/vulkan/Makefile
ffmpeg-8.1/libavfilter/vulkan/avgblur.comp.glsl
ffmpeg-8.1/libavfilter/vulkan/debayer.comp.glsl
ffmpeg-8.1/libavfilter/vf_rotate.c
ffmpeg-8.1/libavfilter/af_atempo.c
ffmpeg-8.1/libavfilter/vf_maskfun.c
ffmpeg-8.1/libavfilter/vf_exposure.c
ffmpeg-8.1/libavfilter/vf_hsvkey.c
ffmpeg-8.1/libavfilter/vf_coreimage.m
ffmpeg-8.1/libavfilter/af_aexciter.c
ffmpeg-8.1/libavfilter/vf_dblur.c
ffmpeg-8.1/libavfilter/vf_hflip.c
ffmpeg-8.1/libavfilter/generate_wave_table.h
ffmpeg-8.1/libavfilter/colorspacedsp_template.c
ffmpeg-8.1/libavfilter/vf_drawtext.c
ffmpeg-8.1/libavfilter/vf_xpsnr.c
ffmpeg-8.1/libavfilter/vf_fieldmatch.c
ffmpeg-8.1/libavfilter/af_adrc.c
ffmpeg-8.1/libavfilter/vf_uspp.c
ffmpeg-8.1/libavfilter/af_replaygain.c
ffmpeg-8.1/libavfilter/vf_vmafmotion.c
ffmpeg-8.1/libavfilter/af_superequalizer.c
ffmpeg-8.1/libavfilter/avfiltergraph.c
ffmpeg-8.1/libavfilter/framepool.h
ffmpeg-8.1/libavfilter/af_sidechaincompress.c
ffmpeg-8.1/libavfilter/vf_yadif_cuda.cu
ffmpeg-8.1/libavfilter/vf_ssim.c
ffmpeg-8.1/libavfilter/af_apad.c
ffmpeg-8.1/libavfilter/vf_scale_cuda.cu
ffmpeg-8.1/libavfilter/signature.h
ffmpeg-8.1/libavfilter/cuda/
ffmpeg-8.1/libavfilter/cuda/load_helper.c
ffmpeg-8.1/libavfilter/cuda/vector_helpers.cuh
ffmpeg-8.1/libavfilter/cuda/load_helper.h
ffmpeg-8.1/libavfilter/vf_overlay_opencl.c
ffmpeg-8.1/libavfilter/vf_cover_rect.c
ffmpeg-8.1/libavfilter/vf_fieldhint.c
ffmpeg-8.1/libavfilter/xpsnr.h
ffmpeg-8.1/libavfilter/af_afwtdn.c
ffmpeg-8.1/libavfilter/vf_entropy.c
ffmpeg-8.1/libavfilter/vf_transpose_opencl.c
ffmpeg-8.1/libavfilter/vf_eq.c
ffmpeg-8.1/libavfilter/colorspace.h
ffmpeg-8.1/libavfilter/af_surround.c
ffmpeg-8.1/libavfilter/vsink_nullsink.c
ffmpeg-8.1/libavfilter/af_adenorm.c
ffmpeg-8.1/libavfilter/metal/
ffmpeg-8.1/libavfilter/metal/utils.h
ffmpeg-8.1/libavfilter/metal/vf_yadif_videotoolbox.metal
ffmpeg-8.1/libavfilter/metal/utils.m
ffmpeg-8.1/libavfilter/vf_blend_init.h
ffmpeg-8.1/libavfilter/vf_nlmeans.h
ffmpeg-8.1/libavfilter/vf_pad_cuda.c
ffmpeg-8.1/libavfilter/vf_colorkey.c
ffmpeg-8.1/libavfilter/vf_limiter.c
ffmpeg-8.1/libavfilter/transpose.h
ffmpeg-8.1/libavfilter/vf_pixdesctest.c
ffmpeg-8.1/libavfilter/avf_ahistogram.c
ffmpeg-8.1/libavfilter/vf_pad_vaapi.c
ffmpeg-8.1/libavfilter/version.h
ffmpeg-8.1/libavfilter/vf_derain.c
ffmpeg-8.1/libavfilter/x86/
ffmpeg-8.1/libavfilter/x86/scene_sad_init.c
ffmpeg-8.1/libavfilter/x86/vf_ssim_init.c
ffmpeg-8.1/libavfilter/x86/vf_idetdsp.asm
ffmpeg-8.1/libavfilter/x86/Makefile
ffmpeg-8.1/libavfilter/x86/vf_pp7.asm
ffmpeg-8.1/libavfilter/x86/vf_transpose_init.c
ffmpeg-8.1/libavfilter/x86/vf_ssim.asm
ffmpeg-8.1/libavfilter/x86/af_afir.asm
ffmpeg-8.1/libavfilter/x86/vf_lut3d.asm
ffmpeg-8.1/libavfilter/x86/vf_eq_init.c
ffmpeg-8.1/libavfilter/x86/vf_convolution.asm
ffmpeg-8.1/libavfilter/x86/vf_atadenoise.asm
ffmpeg-8.1/libavfilter/x86/avf_showcqt_init.c
ffmpeg-8.1/libavfilter/x86/vf_framerate.asm
ffmpeg-8.1/libavfilter/x86/vf_blackdetect.asm
ffmpeg-8.1/libavfilter/x86/af_afir_init.c
ffmpeg-8.1/libavfilter/x86/vf_nlmeans.asm
ffmpeg-8.1/libavfilter/x86/vf_maskedmerge.asm
ffmpeg-8.1/libavfilter/x86/avf_showcqt.asm
ffmpeg-8.1/libavfilter/x86/vf_limiter.asm
ffmpeg-8.1/libavfilter/x86/colorspacedsp.asm
ffmpeg-8.1/libavfilter/x86/vf_yadif_init.c
ffmpeg-8.1/libavfilter/x86/vf_gblur.asm
ffmpeg-8.1/libavfilter/x86/vf_fspp_init.c
ffmpeg-8.1/libavfilter/x86/vf_stereo3d.asm
ffmpeg-8.1/libavfilter/x86/vf_bwdif_init.c
ffmpeg-8.1/libavfilter/x86/vf_threshold.asm
ffmpeg-8.1/libavfilter/x86/vf_eq.asm
ffmpeg-8.1/libavfilter/x86/vf_gradfun_init.c
ffmpeg-8.1/libavfilter/x86/colorspacedsp_init.c
ffmpeg-8.1/libavfilter/x86/af_anlmdn_init.c
ffmpeg-8.1/libavfilter/x86/vf_v360.asm
ffmpeg-8.1/libavfilter/x86/vf_transpose.asm
ffmpeg-8.1/libavfilter/x86/vf_hflip_init.c
ffmpeg-8.1/libavfilter/x86/vf_gblur_init.c
ffmpeg-8.1/libavfilter/x86/vf_yadif.asm
ffmpeg-8.1/libavfilter/x86/vf_pp7_init.c
ffmpeg-8.1/libavfilter/x86/vf_blend_init.c
ffmpeg-8.1/libavfilter/x86/vf_noise.c
ffmpeg-8.1/libavfilter/x86/vf_colordetect.asm
ffmpeg-8.1/libavfilter/x86/vf_convolution_init.c
ffmpeg-8.1/libavfilter/x86/vf_hqdn3d_init.c
ffmpeg-8.1/libavfilter/x86/vf_atadenoise_init.c
ffmpeg-8.1/libavfilter/x86/vf_maskedclamp_init.c
ffmpeg-8.1/libavfilter/x86/vf_hflip.asm
ffmpeg-8.1/libavfilter/x86/vf_v360_init.c
ffmpeg-8.1/libavfilter/x86/vf_pullup_init.c
ffmpeg-8.1/libavfilter/x86/vf_maskedmerge_init.c
ffmpeg-8.1/libavfilter/x86/vf_overlay_init.c
ffmpeg-8.1/libavfilter/x86/vf_gradfun.asm
ffmpeg-8.1/libavfilter/x86/vf_hqdn3d.asm
ffmpeg-8.1/libavfilter/x86/vf_pullup.asm
ffmpeg-8.1/libavfilter/x86/vf_idetdsp_init.c
ffmpeg-8.1/libavfilter/x86/vf_overlay.asm
ffmpeg-8.1/libavfilter/x86/vf_w3fdif.asm
ffmpeg-8.1/libavfilter/x86/scene_sad.asm
ffmpeg-8.1/libavfilter/x86/vf_threshold_init.c
ffmpeg-8.1/libavfilter/x86/vf_spp.c
ffmpeg-8.1/libavfilter/x86/af_volume_init.c
ffmpeg-8.1/libavfilter/x86/vf_removegrain_init.c
ffmpeg-8.1/libavfilter/x86/yadif-10.asm
ffmpeg-8.1/libavfilter/x86/vf_psnr.asm
ffmpeg-8.1/libavfilter/x86/vf_lut3d_init.c
ffmpeg-8.1/libavfilter/x86/vf_interlace.asm
ffmpeg-8.1/libavfilter/x86/vf_blend.asm
ffmpeg-8.1/libavfilter/x86/vf_maskedclamp.asm
ffmpeg-8.1/libavfilter/x86/af_volume.asm
ffmpeg-8.1/libavfilter/x86/vf_stereo3d_init.c
ffmpeg-8.1/libavfilter/x86/vf_framerate_init.c
ffmpeg-8.1/libavfilter/x86/vf_tinterlace_init.c
ffmpeg-8.1/libavfilter/x86/vf_bwdif.asm
ffmpeg-8.1/libavfilter/x86/vf_blackdetect_init.c
ffmpeg-8.1/libavfilter/x86/vf_nlmeans_init.c
ffmpeg-8.1/libavfilter/x86/vf_psnr_init.c
ffmpeg-8.1/libavfilter/x86/af_anlmdn.asm
ffmpeg-8.1/libavfilter/x86/vf_removegrain.asm
ffmpeg-8.1/libavfilter/x86/vf_limiter_init.c
ffmpeg-8.1/libavfilter/x86/vf_w3fdif_init.c
ffmpeg-8.1/libavfilter/x86/f_ebur128_init.c
ffmpeg-8.1/libavfilter/x86/vf_fspp.asm
ffmpeg-8.1/libavfilter/x86/f_ebur128.asm
ffmpeg-8.1/libavfilter/x86/vf_colordetect_init.c
ffmpeg-8.1/libavfilter/x86/yadif-16.asm
ffmpeg-8.1/libavfilter/vf_xfade_vulkan.c
ffmpeg-8.1/libavfilter/vf_v360.c
ffmpeg-8.1/libavfilter/avf_a3dscope.c
ffmpeg-8.1/libavfilter/vsrc_mptestsrc.c
ffmpeg-8.1/libavfilter/vf_mix.c
ffmpeg-8.1/libavfilter/libavfilter.v
ffmpeg-8.1/libavfilter/af_asr.c
ffmpeg-8.1/libavfilter/setpts.c
ffmpeg-8.1/libavfilter/vf_detelecine.c
ffmpeg-8.1/libavfilter/af_amultiply.c
ffmpeg-8.1/libavfilter/af_aphaser.c
ffmpeg-8.1/libavfilter/gblur.h
ffmpeg-8.1/libavfilter/vf_colorchannelmixer.c
ffmpeg-8.1/libavfilter/vf_tonemap.c
ffmpeg-8.1/libavfilter/bufferqueue.h
ffmpeg-8.1/libavfilter/vf_colorbalance.c
ffmpeg-8.1/libavfilter/vf_libplacebo.c
ffmpeg-8.1/libavfilter/vf_scale_d3d12.c
ffmpeg-8.1/libavfilter/af_channelmap.c
ffmpeg-8.1/libavfilter/vf_bilateral.c
ffmpeg-8.1/libavfilter/vf_colordetect.c
ffmpeg-8.1/libavfilter/avf_abitscope.c
ffmpeg-8.1/libavfilter/vf_iccdetect.c
ffmpeg-8.1/libavfilter/af_afftfilt.c
ffmpeg-8.1/libavfilter/vf_psnr.c
ffmpeg-8.1/libavfilter/af_agate.c
ffmpeg-8.1/libavfilter/avf_showfreqs.c
ffmpeg-8.1/libavfilter/vf_super2xsai.c
ffmpeg-8.1/libavfilter/vf_lagfun.c
ffmpeg-8.1/libavfilter/allfilters.c
ffmpeg-8.1/libavfilter/blend_modes.c
ffmpeg-8.1/libavfilter/maskedmerge.h
ffmpeg-8.1/libavfilter/vf_histeq.c
ffmpeg-8.1/libavfilter/vf_tiltandshift.c
ffmpeg-8.1/libavfilter/vf_paletteuse.c
ffmpeg-8.1/libavfilter/threshold.h
ffmpeg-8.1/libavfilter/vf_kerndeint.c
ffmpeg-8.1/libavfilter/f_latency.c
ffmpeg-8.1/libavfilter/vf_remap_opencl.c
ffmpeg-8.1/libavfilter/avf_showcqt.h
ffmpeg-8.1/libavfilter/vsrc_gfxcapture.h
ffmpeg-8.1/libavfilter/vf_transpose_vulkan.c
ffmpeg-8.1/libavfilter/vf_dnn_classify.c
ffmpeg-8.1/libavfilter/vf_idetdsp.c
ffmpeg-8.1/libavfilter/vsrc_sierpinski.c
ffmpeg-8.1/libavfilter/vf_hqdn3d.h
ffmpeg-8.1/libavfilter/vf_thumbnail_cuda.cu
ffmpeg-8.1/libavfilter/vf_vpp_amf.c
ffmpeg-8.1/libavfilter/vf_vif.c
ffmpeg-8.1/libavfilter/af_anequalizer.c
ffmpeg-8.1/libavfilter/vf_random.c
ffmpeg-8.1/libavfilter/vf_stereo3d.c
ffmpeg-8.1/libavfilter/af_stereotools.c
ffmpeg-8.1/libavfilter/f_reverse.c
ffmpeg-8.1/libavfilter/vf_fillborders.c
ffmpeg-8.1/libavfilter/af_atilt.c
ffmpeg-8.1/libavfilter/vulkan_glslang.c
ffmpeg-8.1/libavfilter/vf_copy.c
ffmpeg-8.1/libavfilter/af_biquads.c
ffmpeg-8.1/libavfilter/vf_avgblur_opencl.c
ffmpeg-8.1/libavfilter/vf_maskedminmax.c
ffmpeg-8.1/libavfilter/vf_overlay_vaapi.c
ffmpeg-8.1/libavfilter/avf_avectorscope.c
ffmpeg-8.1/libavfilter/file_open.c
ffmpeg-8.1/libavfilter/af_aformat.c
ffmpeg-8.1/libavfilter/vf_iccgen.c
ffmpeg-8.1/libavfilter/qrencode.c
ffmpeg-8.1/libavfilter/af_crystalizer.c
ffmpeg-8.1/libavfilter/vf_scale_d3d11.c
ffmpeg-8.1/libavfilter/colorspacedsp.c
ffmpeg-8.1/libavfilter/vf_telecine.c
ffmpeg-8.1/libavfilter/af_whisper.c
ffmpeg-8.1/libavfilter/af_aemphasis.c
ffmpeg-8.1/libavfilter/settb.c
ffmpeg-8.1/libavfilter/vf_deblock.c
ffmpeg-8.1/libavfilter/colorspace.c
ffmpeg-8.1/libavfilter/vf_tile.c
ffmpeg-8.1/libavfilter/vf_minterpolate.c
ffmpeg-8.1/libavfilter/framerate.h
ffmpeg-8.1/libavfilter/af_crossfeed.c
ffmpeg-8.1/libavfilter/vf_dedot.c
ffmpeg-8.1/libavfilter/vf_datascope.c
ffmpeg-8.1/libavfilter/convolution.h
ffmpeg-8.1/libavfilter/vf_interlace_vulkan.c
ffmpeg-8.1/libavfilter/vf_frei0r.c
ffmpeg-8.1/libavfilter/vf_xfade_opencl.c
ffmpeg-8.1/libavfilter/vf_ccrepack.c
ffmpeg-8.1/libavfilter/vf_libvmaf.c
ffmpeg-8.1/libavfilter/vf_avgblur_vulkan.c
ffmpeg-8.1/libavfilter/filters.h
ffmpeg-8.1/libavfilter/ebur128.h
ffmpeg-8.1/libavfilter/f_segment.c
ffmpeg-8.1/libavfilter/af_rubberband.c
ffmpeg-8.1/libavfilter/opencl/
ffmpeg-8.1/libavfilter/opencl/colorkey.cl
ffmpeg-8.1/libavfilter/opencl/neighbor.cl
ffmpeg-8.1/libavfilter/opencl/nlmeans.cl
ffmpeg-8.1/libavfilter/opencl/pad.cl
ffmpeg-8.1/libavfilter/opencl/unsharp.cl
ffmpeg-8.1/libavfilter/opencl/deshake.cl
ffmpeg-8.1/libavfilter/opencl/convolution.cl
ffmpeg-8.1/libavfilter/opencl/avgblur.cl
ffmpeg-8.1/libavfilter/opencl/overlay.cl
ffmpeg-8.1/libavfilter/opencl/transpose.cl
ffmpeg-8.1/libavfilter/opencl/xfade.cl
ffmpeg-8.1/libavfilter/opencl/colorspace_common.cl
ffmpeg-8.1/libavfilter/opencl/remap.cl
ffmpeg-8.1/libavfilter/opencl/tonemap.cl
ffmpeg-8.1/libavfilter/vf_atadenoise.c
ffmpeg-8.1/libavfilter/vf_grayworld.c
ffmpeg-8.1/libavfilter/bwdifdsp.h
ffmpeg-8.1/libavfilter/af_aspectralstats.c
ffmpeg-8.1/libavfilter/vf_scale_vulkan.c
ffmpeg-8.1/libavfilter/vf_median.c
ffmpeg-8.1/libavfilter/vf_boxblur.c
ffmpeg-8.1/libavfilter/vf_opencolorio.c
ffmpeg-8.1/libavfilter/asrc_hilbert.c
ffmpeg-8.1/libavfilter/vf_deshake_opencl.c
ffmpeg-8.1/libavfilter/vf_qp.c
ffmpeg-8.1/libavfilter/avfilter.c
ffmpeg-8.1/libavfilter/vf_colorspace.c
ffmpeg-8.1/libavfilter/af_adecorrelate.c
ffmpeg-8.1/libavfilter/af_asetrate.c
ffmpeg-8.1/libavfilter/asrc_anullsrc.c
ffmpeg-8.1/libavfilter/vf_mestimate_d3d12.c
ffmpeg-8.1/libavfilter/vf_nnedi.c
ffmpeg-8.1/libavfilter/vf_null.c
ffmpeg-8.1/libavfilter/vf_repeatfields.c
ffmpeg-8.1/libavfilter/vf_removelogo.c
ffmpeg-8.1/libavfilter/vf_signature.c
ffmpeg-8.1/libavfilter/vf_dejudder.c
ffmpeg-8.1/libavfilter/vf_subtitles.c
ffmpeg-8.1/libavfilter/vf_yaepblur.c
ffmpeg-8.1/libavfilter/vf_multiply.c
ffmpeg-8.1/libavfilter/vsrc_ddagrab.c
ffmpeg-8.1/libavfilter/vf_bwdif_cuda.cu
ffmpeg-8.1/libavfilter/vf_lut.c
ffmpeg-8.1/libavfilter/vf_feedback.c
ffmpeg-8.1/libavfilter/median_template.c
ffmpeg-8.1/libavfilter/stereo3d.h
ffmpeg-8.1/libavfilter/vf_premultiply.c
ffmpeg-8.1/libavfilter/af_anlms.c
ffmpeg-8.1/libavfilter/vf_lenscorrection.c
ffmpeg-8.1/libavfilter/vf_chromaber_vulkan.c
ffmpeg-8.1/libavfilter/colorspacedsp.h
ffmpeg-8.1/libavfilter/f_ebur128.h
ffmpeg-8.1/libavfilter/vf_gblur_vulkan.c
ffmpeg-8.1/libavfilter/vf_blend.c
ffmpeg-8.1/libavfilter/vf_varblur.c
ffmpeg-8.1/libavfilter/vf_tpad.c
ffmpeg-8.1/libavfilter/vsrc_perlin.c
ffmpeg-8.1/libavfilter/vf_overlay_cuda.cu
ffmpeg-8.1/libavfilter/vf_sr_amf.c
ffmpeg-8.1/libavfilter/aeval.c
ffmpeg-8.1/libavfilter/vf_idetdsp.h
ffmpeg-8.1/libavfilter/perlin.c
ffmpeg-8.1/libavfilter/vf_eq.h
ffmpeg-8.1/libavfilter/vf_noise.c
ffmpeg-8.1/libavfilter/framequeue.h
ffmpeg-8.1/libavfilter/vf_morpho.c
ffmpeg-8.1/libavfilter/vf_unsharp.c
ffmpeg-8.1/libavfilter/f_sendcmd.c
ffmpeg-8.1/libavfilter/af_adelay.c
ffmpeg-8.1/libavfilter/af_volume.h
ffmpeg-8.1/libavfilter/vf_fps.c
ffmpeg-8.1/libavfilter/vf_find_rect.c
ffmpeg-8.1/libavfilter/vf_pixelize.c
ffmpeg-8.1/libavfilter/vf_addroi.c
ffmpeg-8.1/libavfilter/vf_bwdif_cuda.c
ffmpeg-8.1/libavfilter/vf_dnn_processing.c
ffmpeg-8.1/libavfilter/f_ebur128.c
ffmpeg-8.1/libavfilter/af_mcompand.c
ffmpeg-8.1/libavfilter/vf_idet.c
ffmpeg-8.1/libavfilter/lswsutils.c
ffmpeg-8.1/libavfilter/af_acontrast.c
ffmpeg-8.1/libavfilter/perlin.h
ffmpeg-8.1/libavfilter/vf_convolve.c
ffmpeg-8.1/libavfilter/vf_sr.c
ffmpeg-8.1/libavfilter/vf_dctdnoiz.c
ffmpeg-8.1/libavfilter/vsrc_cellauto.c
ffmpeg-8.1/libavfilter/psnr.h
ffmpeg-8.1/libavfilter/asrc_flite.c
ffmpeg-8.1/libavfilter/formats.c
ffmpeg-8.1/libavfilter/hermite.h
ffmpeg-8.1/libavfilter/af_ladspa.c
ffmpeg-8.1/libavfilter/textutils.c
ffmpeg-8.1/libavfilter/scene_sad.c
ffmpeg-8.1/libavfilter/boxblur.c
ffmpeg-8.1/libavfilter/graphparser.c
ffmpeg-8.1/libavfilter/vf_mcdeint.c
ffmpeg-8.1/libavfilter/median.h
ffmpeg-8.1/libavfilter/vf_cropdetect.c
ffmpeg-8.1/libavfilter/bbox.h
ffmpeg-8.1/libavfilter/af_channelsplit.c
ffmpeg-8.1/libavfilter/af_aresample.c
ffmpeg-8.1/libavfilter/vf_tonemap_opencl.c
ffmpeg-8.1/libavfilter/vf_lumakey.c
ffmpeg-8.1/libavfilter/colorspacedsp_yuv2yuv_template.c
ffmpeg-8.1/libavfilter/vf_framepack.c
ffmpeg-8.1/libavfilter/af_amerge.c
ffmpeg-8.1/libavfilter/vf_deband.c
ffmpeg-8.1/libavfilter/vf_alphamerge.c
ffmpeg-8.1/libavfilter/f_cue.c
ffmpeg-8.1/libavfilter/asink_anullsink.c
ffmpeg-8.1/libavfilter/vf_scale_npp.c
ffmpeg-8.1/libavfilter/vsrc_mandelbrot.c
ffmpeg-8.1/libavfilter/af_asdr.c
ffmpeg-8.1/libavfilter/vf_neighbor.c
ffmpeg-8.1/libavfilter/silenceremove_template.c
ffmpeg-8.1/libavfilter/asrc_afirsrc.c
ffmpeg-8.1/libavfilter/vf_shufflepixels.c
ffmpeg-8.1/libavfilter/vf_deshake.c
ffmpeg-8.1/libavfilter/vf_drawbox.c
ffmpeg-8.1/libavfilter/af_aecho.c
ffmpeg-8.1/libavfilter/af_dynaudnorm.c
ffmpeg-8.1/libavfilter/vf_pad_opencl.c
ffmpeg-8.1/libavfilter/vf_elbg.c
ffmpeg-8.1/libavfilter/vf_thumbnail_cuda.c
ffmpeg-8.1/libavfilter/vf_scale_cuda.h
ffmpeg-8.1/libavfilter/trim.c
ffmpeg-8.1/libavfilter/framequeue.c
ffmpeg-8.1/libavfilter/vf_waveform.c
ffmpeg-8.1/libavfilter/vsrc_gfxcapture_winrt.hpp
ffmpeg-8.1/libavfilter/vf_xmedian.c
ffmpeg-8.1/libavfilter/af_afirdsp.h
ffmpeg-8.1/libavfilter/vsrc_gfxcapture_winrt.cpp
ffmpeg-8.1/libavfilter/af_volumedetect.c
ffmpeg-8.1/libavfilter/vf_colorize.c
ffmpeg-8.1/libavfilter/yadif_common.c
ffmpeg-8.1/libavfilter/yadif.h
ffmpeg-8.1/libavfilter/buffersrc.c
ffmpeg-8.1/libavfilter/vf_swaprect.c
ffmpeg-8.1/libavfilter/vsrc_gfxcapture.c
ffmpeg-8.1/libavfilter/ocio_wrapper.hpp
ffmpeg-8.1/libavfilter/vf_framerate.c
ffmpeg-8.1/libavfilter/avfilter_internal.h
ffmpeg-8.1/libavfilter/af_acrusher.c
ffmpeg-8.1/libavfilter/vf_w3fdif.c
ffmpeg-8.1/libavfilter/avf_aphasemeter.c
ffmpeg-8.1/libavfilter/vf_scdet_vulkan.c
ffmpeg-8.1/libavfilter/avf_showvolume.c
ffmpeg-8.1/libavfilter/buffersink.h
ffmpeg-8.1/libavfilter/vf_fspp.c
ffmpeg-8.1/libavfilter/src_avsynctest.c
ffmpeg-8.1/libavfilter/dnn_interface.h
ffmpeg-8.1/libavfilter/vf_remap.c
ffmpeg-8.1/libavfilter/vf_chromakey_cuda.c
ffmpeg-8.1/libavfilter/vulkan.c
ffmpeg-8.1/libavfilter/edge_common.c
ffmpeg-8.1/libavfilter/tests/
ffmpeg-8.1/libavfilter/tests/drawvg.c
ffmpeg-8.1/libavfilter/tests/formats.c
ffmpeg-8.1/libavfilter/tests/filtfmts.c
ffmpeg-8.1/libavfilter/tests/drawutils.c
ffmpeg-8.1/libavfilter/tests/integral.c
ffmpeg-8.1/libavfilter/vf_fsppdsp.h
ffmpeg-8.1/libavfilter/af_pan.c
ffmpeg-8.1/libavfilter/vf_lcevc.c
ffmpeg-8.1/libavfilter/vf_lut3d.c
ffmpeg-8.1/libavfilter/af_earwax.c
ffmpeg-8.1/libavfilter/af_anull.c
ffmpeg-8.1/libavfilter/vf_vflip.c
ffmpeg-8.1/libavfilter/vf_shuffleplanes.c
ffmpeg-8.1/libavfilter/audio.c
ffmpeg-8.1/libavfilter/scene_sad.h
ffmpeg-8.1/libavfilter/af_apsyclip.c
ffmpeg-8.1/libavfilter/drawutils.c
ffmpeg-8.1/libavfilter/boxblur.h
ffmpeg-8.1/libavfilter/vf_vibrance.c
ffmpeg-8.1/libavfilter/vf_pp7.c
ffmpeg-8.1/libavfilter/af_ashowinfo.c
ffmpeg-8.1/libavfilter/vsrc_life.c
ffmpeg-8.1/libavfilter/vf_blurdetect.c
ffmpeg-8.1/libavfilter/vf_program_opencl.c
ffmpeg-8.1/libavfilter/version_major.h
ffmpeg-8.1/libavfilter/vf_colorspace_cuda.c
ffmpeg-8.1/libavfilter/scale_eval.h
ffmpeg-8.1/libavfilter/vf_gradfun.c
ffmpeg-8.1/libavfilter/maskedclamp.h
ffmpeg-8.1/libavfilter/vf_monochrome.c
ffmpeg-8.1/libavfilter/af_flanger.c
ffmpeg-8.1/libavfilter/f_bench.c
ffmpeg-8.1/libavfilter/drawutils.h
ffmpeg-8.1/libavfilter/dnn/
ffmpeg-8.1/libavfilter/dnn/Makefile
ffmpeg-8.1/libavfilter/dnn/dnn_io_proc.c
ffmpeg-8.1/libavfilter/dnn/safe_queue.c
ffmpeg-8.1/libavfilter/dnn/dnn_backend_torch.cpp
ffmpeg-8.1/libavfilter/dnn/dnn_backend_openvino.c
ffmpeg-8.1/libavfilter/dnn/dnn_interface.c
ffmpeg-8.1/libavfilter/dnn/dnn_io_proc.h
ffmpeg-8.1/libavfilter/dnn/queue.h
ffmpeg-8.1/libavfilter/dnn/safe_queue.h
ffmpeg-8.1/libavfilter/dnn/dnn_backend_common.c
ffmpeg-8.1/libavfilter/dnn/queue.c
ffmpeg-8.1/libavfilter/dnn/dnn_backend_tf.c
ffmpeg-8.1/libavfilter/dnn/dnn_backend_common.h
ffmpeg-8.1/libavfilter/vf_weave.c
ffmpeg-8.1/libavfilter/vf_decimate.c
ffmpeg-8.1/libavfilter/f_select.c
ffmpeg-8.1/libavfilter/lavfutils.h
ffmpeg-8.1/libavfilter/opencl_source.h
ffmpeg-8.1/libavfilter/af_silenceremove.c
ffmpeg-8.1/libavfilter/vf_colorcontrast.c
ffmpeg-8.1/libavfilter/vf_dnn_detect.c
ffmpeg-8.1/libavfilter/af_dcshift.c
ffmpeg-8.1/libavfilter/vf_freezeframes.c
ffmpeg-8.1/libavfilter/vf_hqdn3d.c
ffmpeg-8.1/libavfilter/f_streamselect.c
ffmpeg-8.1/libavfilter/vf_showpalette.c
ffmpeg-8.1/libavfilter/vf_spp.c
ffmpeg-8.1/libavfilter/scale_eval.c
ffmpeg-8.1/libavfilter/vf_siti.c
ffmpeg-8.1/libavfilter/vf_showinfo.c
ffmpeg-8.1/libavfilter/f_metadata.c
ffmpeg-8.1/libavfilter/vf_colorconstancy.c
ffmpeg-8.1/libavfilter/dnn_filter_common.h
ffmpeg-8.1/libavfilter/vf_bilateral_cuda.c
ffmpeg-8.1/libavfilter/vf_avgblur.c
ffmpeg-8.1/libavfilter/vf_nlmeans_vulkan.c
ffmpeg-8.1/libavfilter/vf_chromashift.c
ffmpeg-8.1/libavfilter/vf_amf_common.c
ffmpeg-8.1/libavfilter/vf_huesaturation.c
ffmpeg-8.1/libavfilter/transform.h
ffmpeg-8.1/libavfilter/stack_internal.c
ffmpeg-8.1/libavfilter/textutils.h
ffmpeg-8.1/libavfilter/af_anlmdndsp.h
ffmpeg-8.1/libavfilter/opencl.c
ffmpeg-8.1/libavfilter/vf_amf_common.h
ffmpeg-8.1/libavfilter/af_aap.c
ffmpeg-8.1/libavfilter/vf_epx.c
ffmpeg-8.1/libavfilter/af_asetnsamples.c
ffmpeg-8.1/libavfilter/blend.h
ffmpeg-8.1/libavfilter/af_afreqshift.c
ffmpeg-8.1/libavfilter/f_realtime.c
ffmpeg-8.1/libavfilter/split.c
ffmpeg-8.1/libavfilter/vf_edgedetect.c
ffmpeg-8.1/libavfilter/vf_overlay_vulkan.c
ffmpeg-8.1/libavfilter/lswsutils.h
ffmpeg-8.1/libavfilter/edge_common.h
ffmpeg-8.1/libavfilter/vf_transpose.c
ffmpeg-8.1/libavfilter/colorchannelmixer_template.c
ffmpeg-8.1/libavfilter/vf_vaguedenoiser.c
ffmpeg-8.1/libavfilter/vaapi_vpp.h
ffmpeg-8.1/libavfilter/vf_nlmeans_opencl.c
ffmpeg-8.1/libavfilter/ocio_wrapper.cpp
ffmpeg-8.1/libavfilter/vf_transpose_vaapi.c
ffmpeg-8.1/libavfilter/af_hdcd.c
ffmpeg-8.1/libavfilter/vf_overlay.c
ffmpeg-8.1/libavfilter/vf_hflip_init.h
ffmpeg-8.1/libavfilter/vf_threshold.c
ffmpeg-8.1/libavfilter/vf_maskedclamp.c
ffmpeg-8.1/libavfilter/vf_bitplanenoise.c
ffmpeg-8.1/libavfilter/af_adynamicequalizer.c
ffmpeg-8.1/libavfilter/vf_blackframe.c
ffmpeg-8.1/libavfilter/vf_tinterlace.c
ffmpeg-8.1/libavfilter/pthread.c
ffmpeg-8.1/libavfilter/vf_negate.c
ffmpeg-8.1/libavfilter/vaapi_vpp.c
ffmpeg-8.1/libavfilter/vsrc_amf.c
ffmpeg-8.1/libavfilter/video.c
ffmpeg-8.1/libavfilter/vf_vectorscope.c
ffmpeg-8.1/libavfilter/af_astats.c
ffmpeg-8.1/libavfilter/vf_maskedthreshold.c
ffmpeg-8.1/libavfilter/vf_cas.c
ffmpeg-8.1/libavfilter/vf_gblur.c
ffmpeg-8.1/libavfilter/vf_nlmeans_init.h
ffmpeg-8.1/libavfilter/vidstabutils.h
ffmpeg-8.1/libavfilter/vf_crop.c
ffmpeg-8.1/libavfilter/vf_colorlevels.c
ffmpeg-8.1/libavfilter/vf_tmidequalizer.c
ffmpeg-8.1/libavfilter/vf_palettegen.c
ffmpeg-8.1/libavfilter/asrc_sine.c
ffmpeg-8.1/libavfilter/vf_colorcorrect.c
ffmpeg-8.1/libavfilter/vf_chromakey.c
ffmpeg-8.1/libavfilter/vf_amplify.c
ffmpeg-8.1/libavfilter/vf_swapuv.c
ffmpeg-8.1/libavfilter/vf_stack_qsv.c
ffmpeg-8.1/libavfilter/framesync.h
ffmpeg-8.1/libavfilter/af_asoftclip.c
ffmpeg-8.1/libavfilter/graphdump.c
ffmpeg-8.1/libavfilter/af_afir.c
ffmpeg-8.1/libavfilter/vf_fftfilt.c
ffmpeg-8.1/libavfilter/af_compand.c
ffmpeg-8.1/libavfilter/aarch64/
ffmpeg-8.1/libavfilter/aarch64/Makefile
ffmpeg-8.1/libavfilter/aarch64/vf_bwdif_init_aarch64.c
ffmpeg-8.1/libavfilter/aarch64/vf_bwdif_neon.S
ffmpeg-8.1/libavfilter/aarch64/vf_colordetect_neon.S
ffmpeg-8.1/libavfilter/aarch64/vf_nlmeans_neon.S
ffmpeg-8.1/libavfilter/aarch64/vf_nlmeans_init.c
ffmpeg-8.1/libavfilter/aarch64/vf_colordetect_init.c
ffmpeg-8.1/libavfilter/vf_yadif_videotoolbox.m
ffmpeg-8.1/libavfilter/af_afade.c
ffmpeg-8.1/libavfilter/signature_lookup.c
ffmpeg-8.1/libavfilter/vf_normalize.c
ffmpeg-8.1/libavfilter/vf_colorspace_cuda.cu
ffmpeg-8.1/libavfilter/vf_bilateral_cuda.cu
ffmpeg-8.1/libavfilter/af_lv2.c
ffmpeg-8.1/libavfilter/vf_ciescope.c
ffmpeg-8.1/libavfilter/vf_xfade.c
ffmpeg-8.1/libavfilter/vf_limitdiff.c
ffmpeg-8.1/libavfilter/vf_pad_cuda.cu
ffmpeg-8.1/libavfilter/af_asubboost.c
ffmpeg-8.1/libavfilter/asrc_sinc.c
ffmpeg-8.1/libavfilter/vf_scale_cuda.c
ffmpeg-8.1/libavfilter/vf_vignette.c
ffmpeg-8.1/libavfilter/qsvvpp.h
ffmpeg-8.1/libavfilter/fflcms2.c
ffmpeg-8.1/libavfilter/window_func.h
ffmpeg-8.1/libavfilter/af_arnndn.c
ffmpeg-8.1/libavfilter/phase_template.c
ffmpeg-8.1/libavfilter/vf_hqx.c
ffmpeg-8.1/libavfilter/vf_maskedmerge.c
ffmpeg-8.1/libavfilter/vf_yadif_cuda.c
ffmpeg-8.1/libavfilter/opencl.h
ffmpeg-8.1/libavfilter/vf_overlay_cuda.c
ffmpeg-8.1/libavfilter/vf_misc_vaapi.c
ffmpeg-8.1/libavfilter/vf_blend_vulkan.c
ffmpeg-8.1/libavfilter/ccfifo.h
ffmpeg-8.1/libavfilter/vulkan_filter.h
ffmpeg-8.1/libavfilter/vf_readvitc.c
ffmpeg-8.1/libavfilter/vf_transpose_vt.c
ffmpeg-8.1/libavfilter/vf_bwdif_vulkan.c
ffmpeg-8.1/libavfilter/audio.h
ffmpeg-8.1/libavfilter/afir_template.c
ffmpeg-8.1/libavfilter/vf_ocr.c
ffmpeg-8.1/libavfilter/vf_histogram.c
ffmpeg-8.1/libavfilter/af_arls.c
ffmpeg-8.1/libavfilter/vf_fftdnoiz.c
ffmpeg-8.1/libavfilter/vf_lut2.c
ffmpeg-8.1/libavfilter/vf_libopencv.c
ffmpeg-8.1/libavfilter/log2_tab.c
ffmpeg-8.1/libavfilter/lavfutils.c
ffmpeg-8.1/libavfilter/vf_delogo.c
ffmpeg-8.1/libavfilter/vf_nlmeans.c
ffmpeg-8.1/libavfilter/asrc_afdelaysrc.c
ffmpeg-8.1/libavfilter/vf_scale_vt.c
ffmpeg-8.1/libavfilter/af_volume.c
ffmpeg-8.1/libavfilter/vf_bm3d.c
ffmpeg-8.1/libavfilter/qp_table.c
ffmpeg-8.1/libavfilter/vf_vpp_qsv.c
ffmpeg-8.1/libavfilter/vf_neighbor_opencl.c
ffmpeg-8.1/libavfilter/ebur128.c
ffmpeg-8.1/libavfilter/arls_template.c
ffmpeg-8.1/libavfilter/vf_curves.c
ffmpeg-8.1/libavfilter/vf_blockdetect.c
ffmpeg-8.1/libavfilter/vf_deinterlace_d3d12.c
ffmpeg-8.1/libavfilter/w3fdif.h
ffmpeg-8.1/libavfilter/af_aderivative.c
ffmpeg-8.1/libavfilter/vf_spp.h
ffmpeg-8.1/libavfilter/af_aiir.c
ffmpeg-8.1/libavfilter/src_movie.c
ffmpeg-8.1/libavfilter/af_drmeter.c
ffmpeg-8.1/libavfilter/af_axcorrelate.c
ffmpeg-8.1/libavfilter/lut3d.h
ffmpeg-8.1/libavfilter/f_drawgraph.c
ffmpeg-8.1/libavfilter/vf_fsppdsp.c
ffmpeg-8.1/libavfilter/fflcms2.h
ffmpeg-8.1/libavfilter/atadenoise.h
ffmpeg-8.1/libavfilter/vf_vidstabdetect.c
ffmpeg-8.1/libavfilter/vf_flip_vulkan.c
ffmpeg-8.1/libavfilter/ssim.h
ffmpeg-8.1/libavfilter/vf_photosensitivity.c
ffmpeg-8.1/libavfilter/af_acrossover.c
ffmpeg-8.1/libavfilter/avf_showspatial.c
ffmpeg-8.1/libavfilter/vf_pseudocolor.c
ffmpeg-8.1/libavfilter/buffersink.c
ffmpeg-8.1/libavfilter/vf_colordetectdsp.h
ffmpeg-8.1/libavfilter/ccfifo.c
ffmpeg-8.1/libavfilter/vf_despill.c
ffmpeg-8.1/libavfilter/vsrc_ddagrab_shaders.h
ffmpeg-8.1/libavfilter/hflip.h
ffmpeg-8.1/libavfilter/vf_shear.c
ffmpeg-8.1/libavfilter/vf_mpdecimate.c
ffmpeg-8.1/libavfilter/vf_yadif.c
ffmpeg-8.1/libavfilter/vf_blackdetect.c
ffmpeg-8.1/libavfilter/avfilter.h
ffmpeg-8.1/libavfilter/af_join.c
ffmpeg-8.1/libavfilter/vf_blackdetect_vulkan.c
ffmpeg-8.1/libavfilter/avf_showcqt.c
ffmpeg-8.1/libavfilter/avf_showwaves.c
ffmpeg-8.1/libavfilter/vf_scale_vaapi.c
ffmpeg-8.1/libavfilter/vf_scdet.c
ffmpeg-8.1/libavfilter/vf_pad.c
ffmpeg-8.1/libavfilter/vf_shuffleframes.c
ffmpeg-8.1/libavfilter/vf_drawvg.c
ffmpeg-8.1/libavfilter/vf_fieldorder.c
ffmpeg-8.1/libavfilter/vf_backgroundkey.c
ffmpeg-8.1/libavfilter/af_deesser.c
ffmpeg-8.1/libavfilter/vf_zscale.c
ffmpeg-8.1/libavfilter/gradfun.h
ffmpeg-8.1/libavfilter/preserve_color.h
ffmpeg-8.1/libavfilter/vsrc_gfxcapture_shader.h
ffmpeg-8.1/libavfilter/vmaf_motion.h
ffmpeg-8.1/libavfilter/motion_estimation.h
ffmpeg-8.1/libavfilter/af_anlmdn.c
ffmpeg-8.1/libavfilter/vf_colormap.c
ffmpeg-8.1/libavfilter/vf_extractplanes.c
ffmpeg-8.1/libavfilter/vf_selectivecolor.c
ffmpeg-8.1/libavfilter/vaf_spectrumsynth.c
ffmpeg-8.1/libavfilter/anlms_template.c
ffmpeg-8.1/libavfilter/vf_corr.c
ffmpeg-8.1/libavfilter/vf_setparams.c
ffmpeg-8.1/libavfilter/avfilterres.rc
ffmpeg-8.1/libavfilter/vf_scale.c
ffmpeg-8.1/libavfilter/vulkan_shaderc.c
ffmpeg-8.1/libavfilter/buffersrc.h
ffmpeg-8.1/libavfilter/af_extrastereo.c
ffmpeg-8.1/MAINTAINERS
ffmpeg-8.1/RELEASE
ffmpeg-8.1/libavutil/
ffmpeg-8.1/libavutil/parseutils.h
ffmpeg-8.1/libavutil/float2half.c
ffmpeg-8.1/libavutil/pixelutils.h
ffmpeg-8.1/libavutil/blowfish.c
ffmpeg-8.1/libavutil/hwcontext_drm.c
ffmpeg-8.1/libavutil/hwcontext_oh.h
ffmpeg-8.1/libavutil/hwcontext_stub.c
ffmpeg-8.1/libavutil/file.c
ffmpeg-8.1/libavutil/hmac.c
ffmpeg-8.1/libavutil/error.h
ffmpeg-8.1/libavutil/timestamp.h
ffmpeg-8.1/libavutil/threadmessage.c
ffmpeg-8.1/libavutil/Makefile
ffmpeg-8.1/libavutil/avassert.h
ffmpeg-8.1/libavutil/threadmessage.h
ffmpeg-8.1/libavutil/riscv/
ffmpeg-8.1/libavutil/riscv/lls_init.c
ffmpeg-8.1/libavutil/riscv/Makefile
ffmpeg-8.1/libavutil/riscv/float_dsp_init.c
ffmpeg-8.1/libavutil/riscv/lls_rvv.S
ffmpeg-8.1/libavutil/riscv/float_dsp_rvv.S
ffmpeg-8.1/libavutil/riscv/intmath.h
ffmpeg-8.1/libavutil/riscv/cpu_common.c
ffmpeg-8.1/libavutil/riscv/asm.S
ffmpeg-8.1/libavutil/riscv/fixed_dsp_rvv.S
ffmpeg-8.1/libavutil/riscv/cpu.h
ffmpeg-8.1/libavutil/riscv/bswap.h
ffmpeg-8.1/libavutil/riscv/bswap_rvb.S
ffmpeg-8.1/libavutil/riscv/cpu.c
ffmpeg-8.1/libavutil/riscv/fixed_dsp_init.c
ffmpeg-8.1/libavutil/internal.h
ffmpeg-8.1/libavutil/lzo.h
ffmpeg-8.1/libavutil/cast5.h
ffmpeg-8.1/libavutil/encryption_info.h
ffmpeg-8.1/libavutil/hash.c
ffmpeg-8.1/libavutil/time.c
ffmpeg-8.1/libavutil/version.c
ffmpeg-8.1/libavutil/ripemd.h
ffmpeg-8.1/libavutil/hwcontext_videotoolbox.h
ffmpeg-8.1/libavutil/hwcontext_vulkan.c
ffmpeg-8.1/libavutil/vulkan_functions.h
ffmpeg-8.1/libavutil/xtea.h
ffmpeg-8.1/libavutil/channel_layout.h
ffmpeg-8.1/libavutil/cast5.c
ffmpeg-8.1/libavutil/mem.h
ffmpeg-8.1/libavutil/lfg.c
ffmpeg-8.1/libavutil/side_data.h
ffmpeg-8.1/libavutil/reverse.h
ffmpeg-8.1/libavutil/sha512.c
ffmpeg-8.1/libavutil/wchar_filename.h
ffmpeg-8.1/libavutil/uuid.c
ffmpeg-8.1/libavutil/dovi_meta.c
ffmpeg-8.1/libavutil/time.h
ffmpeg-8.1/libavutil/hash.h
ffmpeg-8.1/libavutil/timecode.c
ffmpeg-8.1/libavutil/md5.h
ffmpeg-8.1/libavutil/twofish.c
ffmpeg-8.1/libavutil/sfc64.h
ffmpeg-8.1/libavutil/fixed_dsp.c
ffmpeg-8.1/libavutil/tx_float.c
ffmpeg-8.1/libavutil/pca.c
ffmpeg-8.1/libavutil/buffer_internal.h
ffmpeg-8.1/libavutil/murmur3.c
ffmpeg-8.1/libavutil/lls.h
ffmpeg-8.1/libavutil/float_dsp.c
ffmpeg-8.1/libavutil/float_scalarproduct.c
ffmpeg-8.1/libavutil/hwcontext_drm.h
ffmpeg-8.1/libavutil/detection_bbox.h
ffmpeg-8.1/libavutil/side_data.c
ffmpeg-8.1/libavutil/cpu_internal.h
ffmpeg-8.1/libavutil/tx_int32.c
ffmpeg-8.1/libavutil/lfg.h
ffmpeg-8.1/libavutil/iamf.h
ffmpeg-8.1/libavutil/mastering_display_metadata.c
ffmpeg-8.1/libavutil/pca.h
ffmpeg-8.1/libavutil/intmath.c
ffmpeg-8.1/libavutil/video_hint.h
ffmpeg-8.1/libavutil/timecode.h
ffmpeg-8.1/libavutil/hwcontext_qsv.c
ffmpeg-8.1/libavutil/file_open.h
ffmpeg-8.1/libavutil/mem_internal.h
ffmpeg-8.1/libavutil/slicethread.c
ffmpeg-8.1/libavutil/lzo.c
ffmpeg-8.1/libavutil/hwcontext_d3d12va.h
ffmpeg-8.1/libavutil/hwcontext_d3d12va_internal.h
ffmpeg-8.1/libavutil/hwcontext_amf.c
ffmpeg-8.1/libavutil/ffmath.h
ffmpeg-8.1/libavutil/base64.h
ffmpeg-8.1/libavutil/replaygain.h
ffmpeg-8.1/libavutil/hwcontext_vaapi.c
ffmpeg-8.1/libavutil/frame.h
ffmpeg-8.1/libavutil/colorspace.h
ffmpeg-8.1/libavutil/hwcontext_vdpau.c
ffmpeg-8.1/libavutil/lls.c
ffmpeg-8.1/libavutil/half2float.h
ffmpeg-8.1/libavutil/version.h
ffmpeg-8.1/libavutil/x86/
ffmpeg-8.1/libavutil/x86/pixelutils.h
ffmpeg-8.1/libavutil/x86/emms.asm
ffmpeg-8.1/libavutil/x86/x86inc.asm
ffmpeg-8.1/libavutil/x86/lls_init.c
ffmpeg-8.1/libavutil/x86/Makefile
ffmpeg-8.1/libavutil/x86/x86util.asm
ffmpeg-8.1/libavutil/x86/asm.h
ffmpeg-8.1/libavutil/x86/imgutils_init.c
ffmpeg-8.1/libavutil/x86/cpuid.asm
ffmpeg-8.1/libavutil/x86/float_dsp_init.c
ffmpeg-8.1/libavutil/x86/intmath.h
ffmpeg-8.1/libavutil/x86/w64xmmtest.h
ffmpeg-8.1/libavutil/x86/timer.h
ffmpeg-8.1/libavutil/x86/fixed_dsp.asm
ffmpeg-8.1/libavutil/x86/tx_float.asm
ffmpeg-8.1/libavutil/x86/intreadwrite.h
ffmpeg-8.1/libavutil/x86/cpu.h
ffmpeg-8.1/libavutil/x86/crc.asm
ffmpeg-8.1/libavutil/x86/pixelutils_init.c
ffmpeg-8.1/libavutil/x86/bswap.h
ffmpeg-8.1/libavutil/x86/lls.asm
ffmpeg-8.1/libavutil/x86/imgutils.asm
ffmpeg-8.1/libavutil/x86/crc.h
ffmpeg-8.1/libavutil/x86/cpu.c
ffmpeg-8.1/libavutil/x86/float_dsp.asm
ffmpeg-8.1/libavutil/x86/tx_float_init.c
ffmpeg-8.1/libavutil/x86/aes_init.c
ffmpeg-8.1/libavutil/x86/pixelutils.asm
ffmpeg-8.1/libavutil/x86/fixed_dsp_init.c
ffmpeg-8.1/libavutil/x86/aes.asm
ffmpeg-8.1/libavutil/intmath.h
ffmpeg-8.1/libavutil/refstruct.h
ffmpeg-8.1/libavutil/hwcontext_d3d11va.h
ffmpeg-8.1/libavutil/aes_ctr.c
ffmpeg-8.1/libavutil/channel_layout.c
ffmpeg-8.1/libavutil/hwcontext_cuda.h
ffmpeg-8.1/libavutil/audio_fifo.h
ffmpeg-8.1/libavutil/error.c
ffmpeg-8.1/libavutil/tree.c
ffmpeg-8.1/libavutil/common.h
ffmpeg-8.1/libavutil/adler32.h
ffmpeg-8.1/libavutil/libavutil.v
ffmpeg-8.1/libavutil/xtea.c
ffmpeg-8.1/libavutil/timer.h
ffmpeg-8.1/libavutil/bprint.h
ffmpeg-8.1/libavutil/dict.c
ffmpeg-8.1/libavutil/reverse.c
ffmpeg-8.1/libavutil/log.h
ffmpeg-8.1/libavutil/random_seed.c
ffmpeg-8.1/libavutil/avstring.c
ffmpeg-8.1/libavutil/softfloat_ieee754.h
ffmpeg-8.1/libavutil/file.h
ffmpeg-8.1/libavutil/executor.h
ffmpeg-8.1/libavutil/imgutils.c
ffmpeg-8.1/libavutil/vulkan_glslang.c
ffmpeg-8.1/libavutil/hwcontext_d3d12va.c
ffmpeg-8.1/libavutil/file_open.c
ffmpeg-8.1/libavutil/opt.h
ffmpeg-8.1/libavutil/samplefmt.h
ffmpeg-8.1/libavutil/avutil.h
ffmpeg-8.1/libavutil/tx.h
ffmpeg-8.1/libavutil/hdr_dynamic_metadata.h
ffmpeg-8.1/libavutil/hdr_dynamic_vivid_metadata.h
ffmpeg-8.1/libavutil/tablegen.h
ffmpeg-8.1/libavutil/eval.h
ffmpeg-8.1/libavutil/imgutils_internal.h
ffmpeg-8.1/libavutil/camellia.c
ffmpeg-8.1/libavutil/des.c
ffmpeg-8.1/libavutil/fifo.h
ffmpeg-8.1/libavutil/utils.c
ffmpeg-8.1/libavutil/uuid.h
ffmpeg-8.1/libavutil/ambient_viewing_environment.c
ffmpeg-8.1/libavutil/hwcontext_internal.h
ffmpeg-8.1/libavutil/downmix_info.h
ffmpeg-8.1/libavutil/tx_double.c
ffmpeg-8.1/libavutil/macros.h
ffmpeg-8.1/libavutil/stereo3d.h
ffmpeg-8.1/libavutil/intreadwrite.h
ffmpeg-8.1/libavutil/thread.h
ffmpeg-8.1/libavutil/vulkan.h
ffmpeg-8.1/libavutil/film_grain_params.h
ffmpeg-8.1/libavutil/macos_kperf.c
ffmpeg-8.1/libavutil/mathematics.c
ffmpeg-8.1/libavutil/macos_kperf.h
ffmpeg-8.1/libavutil/cpu.h
ffmpeg-8.1/libavutil/csp.c
ffmpeg-8.1/libavutil/tx.c
ffmpeg-8.1/libavutil/hwcontext_opencl.c
ffmpeg-8.1/libavutil/base64.c
ffmpeg-8.1/libavutil/vulkan_spirv.h
ffmpeg-8.1/libavutil/ppc/
ffmpeg-8.1/libavutil/ppc/Makefile
ffmpeg-8.1/libavutil/ppc/float_dsp_init.c
ffmpeg-8.1/libavutil/ppc/float_dsp_altivec.c
ffmpeg-8.1/libavutil/ppc/float_dsp_altivec.h
ffmpeg-8.1/libavutil/ppc/timer.h
ffmpeg-8.1/libavutil/ppc/intreadwrite.h
ffmpeg-8.1/libavutil/ppc/float_dsp_vsx.h
ffmpeg-8.1/libavutil/ppc/cpu.h
ffmpeg-8.1/libavutil/ppc/float_dsp_vsx.c
ffmpeg-8.1/libavutil/ppc/cpu.c
ffmpeg-8.1/libavutil/ppc/util_altivec.h
ffmpeg-8.1/libavutil/dovi_meta.h
ffmpeg-8.1/libavutil/vulkan_loader.h
ffmpeg-8.1/libavutil/hwcontext_mediacodec.c
ffmpeg-8.1/libavutil/arm/
ffmpeg-8.1/libavutil/arm/Makefile
ffmpeg-8.1/libavutil/arm/float_dsp_init_neon.c
ffmpeg-8.1/libavutil/arm/float_dsp_vfp.S
ffmpeg-8.1/libavutil/arm/float_dsp_arm.h
ffmpeg-8.1/libavutil/arm/intmath.h
ffmpeg-8.1/libavutil/arm/timer.h
ffmpeg-8.1/libavutil/arm/asm.S
ffmpeg-8.1/libavutil/arm/float_dsp_init_vfp.c
ffmpeg-8.1/libavutil/arm/float_dsp_neon.S
ffmpeg-8.1/libavutil/arm/cpu.h
ffmpeg-8.1/libavutil/arm/neontest.h
ffmpeg-8.1/libavutil/arm/bswap.h
ffmpeg-8.1/libavutil/arm/float_dsp_init_arm.c
ffmpeg-8.1/libavutil/arm/cpu.c
ffmpeg-8.1/libavutil/float_dsp.h
ffmpeg-8.1/libavutil/integer.h
ffmpeg-8.1/libavutil/sha.c
ffmpeg-8.1/libavutil/objc.h
ffmpeg-8.1/libavutil/softfloat.h
ffmpeg-8.1/libavutil/hwcontext_dxva2.h
ffmpeg-8.1/libavutil/pixdesc.c
ffmpeg-8.1/libavutil/hwcontext_cuda_internal.h
ffmpeg-8.1/libavutil/video_hint.c
ffmpeg-8.1/libavutil/log.c
ffmpeg-8.1/libavutil/ambient_viewing_environment.h
ffmpeg-8.1/libavutil/rc4.c
ffmpeg-8.1/libavutil/murmur3.h
ffmpeg-8.1/libavutil/detection_bbox.c
ffmpeg-8.1/libavutil/xga_font_data.c
ffmpeg-8.1/libavutil/adler32.c
ffmpeg-8.1/libavutil/fixed_dsp.h
ffmpeg-8.1/libavutil/frame.c
ffmpeg-8.1/libavutil/intfloat.h
ffmpeg-8.1/libavutil/hwcontext.h
ffmpeg-8.1/libavutil/tx_priv.h
ffmpeg-8.1/libavutil/hwcontext.c
ffmpeg-8.1/libavutil/hmac.h
ffmpeg-8.1/libavutil/vulkan.c
ffmpeg-8.1/libavutil/hwcontext_vaapi.h
ffmpeg-8.1/libavutil/tests/
ffmpeg-8.1/libavutil/tests/blowfish.c
ffmpeg-8.1/libavutil/tests/file.c
ffmpeg-8.1/libavutil/tests/hmac.c
ffmpeg-8.1/libavutil/tests/hash.c
ffmpeg-8.1/libavutil/tests/cast5.c
ffmpeg-8.1/libavutil/tests/utf8.c
ffmpeg-8.1/libavutil/tests/lfg.c
ffmpeg-8.1/libavutil/tests/sha512.c
ffmpeg-8.1/libavutil/tests/uuid.c
ffmpeg-8.1/libavutil/tests/twofish.c
ffmpeg-8.1/libavutil/tests/pca.c
ffmpeg-8.1/libavutil/tests/murmur3.c
ffmpeg-8.1/libavutil/tests/pixfmt_best.c
ffmpeg-8.1/libavutil/tests/softfloat.c
ffmpeg-8.1/libavutil/tests/lzo.c
ffmpeg-8.1/libavutil/tests/lls.c
ffmpeg-8.1/libavutil/tests/aes_ctr.c
ffmpeg-8.1/libavutil/tests/channel_layout.c
ffmpeg-8.1/libavutil/tests/error.c
ffmpeg-8.1/libavutil/tests/tree.c
ffmpeg-8.1/libavutil/tests/xtea.c
ffmpeg-8.1/libavutil/tests/dict.c
ffmpeg-8.1/libavutil/tests/random_seed.c
ffmpeg-8.1/libavutil/tests/avstring.c
ffmpeg-8.1/libavutil/tests/hwdevice.c
ffmpeg-8.1/libavutil/tests/imgutils.c
ffmpeg-8.1/libavutil/tests/side_data_array.c
ffmpeg-8.1/libavutil/tests/camellia.c
ffmpeg-8.1/libavutil/tests/des.c
ffmpeg-8.1/libavutil/tests/base64.c
ffmpeg-8.1/libavutil/tests/sha.c
ffmpeg-8.1/libavutil/tests/pixdesc.c
ffmpeg-8.1/libavutil/tests/log.c
ffmpeg-8.1/libavutil/tests/adler32.c
ffmpeg-8.1/libavutil/tests/parseutils.c
ffmpeg-8.1/libavutil/tests/md5.c
ffmpeg-8.1/libavutil/tests/rational.c
ffmpeg-8.1/libavutil/tests/color_utils.c
ffmpeg-8.1/libavutil/tests/pixelutils.c
ffmpeg-8.1/libavutil/tests/integer.c
ffmpeg-8.1/libavutil/tests/cpu_init.c
ffmpeg-8.1/libavutil/tests/tea.c
ffmpeg-8.1/libavutil/tests/ripemd.c
ffmpeg-8.1/libavutil/tests/fifo.c
ffmpeg-8.1/libavutil/tests/cpu.c
ffmpeg-8.1/libavutil/tests/bprint.c
ffmpeg-8.1/libavutil/tests/display.c
ffmpeg-8.1/libavutil/tests/encryption_info.c
ffmpeg-8.1/libavutil/tests/audio_fifo.c
ffmpeg-8.1/libavutil/tests/aes.c
ffmpeg-8.1/libavutil/tests/crc.c
ffmpeg-8.1/libavutil/tests/eval.c
ffmpeg-8.1/libavutil/tests/opt.c
ffmpeg-8.1/libavutil/parseutils.c
ffmpeg-8.1/libavutil/bswap.h
ffmpeg-8.1/libavutil/mem.c
ffmpeg-8.1/libavutil/wasm/
ffmpeg-8.1/libavutil/wasm/Makefile
ffmpeg-8.1/libavutil/wasm/cpu.c
ffmpeg-8.1/libavutil/hwcontext_d3d11va.c
ffmpeg-8.1/libavutil/libm.h
ffmpeg-8.1/libavutil/aes.h
ffmpeg-8.1/libavutil/md5.c
ffmpeg-8.1/libavutil/rational.h
ffmpeg-8.1/libavutil/sha512.h
ffmpeg-8.1/libavutil/rational.c
ffmpeg-8.1/libavutil/attributes.h
ffmpeg-8.1/libavutil/pixelutils.c
ffmpeg-8.1/libavutil/buffer.h
ffmpeg-8.1/libavutil/hwcontext_amf.h
ffmpeg-8.1/libavutil/downmix_info.c
ffmpeg-8.1/libavutil/version_major.h
ffmpeg-8.1/libavutil/container_fifo.c
ffmpeg-8.1/libavutil/camellia.h
ffmpeg-8.1/libavutil/hwcontext_qsv.h
ffmpeg-8.1/libavutil/float2half.h
ffmpeg-8.1/libavutil/hwcontext_amf_internal.h
ffmpeg-8.1/libavutil/film_grain_params.c
ffmpeg-8.1/libavutil/integer.c
ffmpeg-8.1/libavutil/hwcontext_videotoolbox.c
ffmpeg-8.1/libavutil/hwcontext_cuda.c
ffmpeg-8.1/libavutil/zlib_utils.h
ffmpeg-8.1/libavutil/getenv_utf8.h
ffmpeg-8.1/libavutil/avstring.h
ffmpeg-8.1/libavutil/hwcontext_vulkan.h
ffmpeg-8.1/libavutil/sha.h
ffmpeg-8.1/libavutil/timecode_internal.h
ffmpeg-8.1/libavutil/mastering_display_metadata.h
ffmpeg-8.1/libavutil/crc.h
ffmpeg-8.1/libavutil/twofish.h
ffmpeg-8.1/libavutil/random_seed.h
ffmpeg-8.1/libavutil/time_internal.h
ffmpeg-8.1/libavutil/half2float.c
ffmpeg-8.1/libavutil/video_enc_params.c
ffmpeg-8.1/libavutil/aes_ctr.h
ffmpeg-8.1/libavutil/display.h
ffmpeg-8.1/libavutil/avutilres.rc
ffmpeg-8.1/libavutil/blowfish.h
ffmpeg-8.1/libavutil/pixfmt.h
ffmpeg-8.1/libavutil/tdrdi.c
ffmpeg-8.1/libavutil/tea.c
ffmpeg-8.1/libavutil/dynarray.h
ffmpeg-8.1/libavutil/ripemd.c
ffmpeg-8.1/libavutil/container_fifo.h
ffmpeg-8.1/libavutil/timestamp.c
ffmpeg-8.1/libavutil/des.h
ffmpeg-8.1/libavutil/pixdesc.h
ffmpeg-8.1/libavutil/fifo.c
ffmpeg-8.1/libavutil/cpu.c
ffmpeg-8.1/libavutil/cuda_check.h
ffmpeg-8.1/libavutil/tx_template.c
ffmpeg-8.1/libavutil/motion_vector.h
ffmpeg-8.1/libavutil/samplefmt.c
ffmpeg-8.1/libavutil/tree.h
ffmpeg-8.1/libavutil/bprint.c
ffmpeg-8.1/libavutil/aarch64/
ffmpeg-8.1/libavutil/aarch64/Makefile
ffmpeg-8.1/libavutil/aarch64/float_dsp_init.c
ffmpeg-8.1/libavutil/aarch64/cpu_sme.S
ffmpeg-8.1/libavutil/aarch64/timer.h
ffmpeg-8.1/libavutil/aarch64/asm.S
ffmpeg-8.1/libavutil/aarch64/cpu_sve.S
ffmpeg-8.1/libavutil/aarch64/intreadwrite.h
ffmpeg-8.1/libavutil/aarch64/float_dsp_neon.S
ffmpeg-8.1/libavutil/aarch64/cpu.h
ffmpeg-8.1/libavutil/aarch64/neontest.h
ffmpeg-8.1/libavutil/aarch64/tx_float_neon.S
ffmpeg-8.1/libavutil/aarch64/crc.h
ffmpeg-8.1/libavutil/aarch64/cpu.c
ffmpeg-8.1/libavutil/aarch64/tx_float_init.c
ffmpeg-8.1/libavutil/aarch64/crc.S
ffmpeg-8.1/libavutil/rc4.h
ffmpeg-8.1/libavutil/avsscanf.c
ffmpeg-8.1/libavutil/hwcontext_mediacodec.h
ffmpeg-8.1/libavutil/softfloat_tables.h
ffmpeg-8.1/libavutil/loongarch/
ffmpeg-8.1/libavutil/loongarch/Makefile
ffmpeg-8.1/libavutil/loongarch/timer.h
ffmpeg-8.1/libavutil/loongarch/cpu.h
ffmpeg-8.1/libavutil/loongarch/cpu.c
ffmpeg-8.1/libavutil/loongarch/loongson_intrinsics.h
ffmpeg-8.1/libavutil/tea.h
ffmpeg-8.1/libavutil/hwcontext_opencl.h
ffmpeg-8.1/libavutil/hwcontext_vdpau.h
ffmpeg-8.1/libavutil/tdrdi.h
ffmpeg-8.1/libavutil/display.c
ffmpeg-8.1/libavutil/hwcontext_oh.c
ffmpeg-8.1/libavutil/encryption_info.c
ffmpeg-8.1/libavutil/hdr_dynamic_vivid_metadata.c
ffmpeg-8.1/libavutil/dict.h
ffmpeg-8.1/libavutil/audio_fifo.c
ffmpeg-8.1/libavutil/log2_tab.c
ffmpeg-8.1/libavutil/refstruct.c
ffmpeg-8.1/libavutil/stereo3d.c
ffmpeg-8.1/libavutil/aes.c
ffmpeg-8.1/libavutil/imgutils.h
ffmpeg-8.1/libavutil/csp.h
ffmpeg-8.1/libavutil/executor.c
ffmpeg-8.1/libavutil/crc.c
ffmpeg-8.1/libavutil/hwcontext_dxva2.c
ffmpeg-8.1/libavutil/spherical.h
ffmpeg-8.1/libavutil/eval.c
ffmpeg-8.1/libavutil/hdr_dynamic_metadata.c
ffmpeg-8.1/libavutil/video_enc_params.h
ffmpeg-8.1/libavutil/qsort.h
ffmpeg-8.1/libavutil/opt.c
ffmpeg-8.1/libavutil/xga_font_data.h
ffmpeg-8.1/libavutil/attributes_internal.h
ffmpeg-8.1/libavutil/mathematics.h
ffmpeg-8.1/libavutil/emms.h
ffmpeg-8.1/libavutil/slicethread.h
ffmpeg-8.1/libavutil/aes_internal.h
ffmpeg-8.1/libavutil/spherical.c
ffmpeg-8.1/libavutil/buffer.c
ffmpeg-8.1/libavutil/timecode_internal.c
ffmpeg-8.1/libavutil/vulkan_shaderc.c
ffmpeg-8.1/libavutil/iamf.c
ffmpeg-8.1/libavutil/mips/
ffmpeg-8.1/libavutil/mips/Makefile
ffmpeg-8.1/libavutil/mips/mmiutils.h
ffmpeg-8.1/libavutil/mips/generic_macros_msa.h
ffmpeg-8.1/libavutil/mips/intreadwrite.h
ffmpeg-8.1/libavutil/mips/cpu.h
ffmpeg-8.1/libavutil/mips/cpu.c
ffmpeg-8.1/libavutil/mips/float_dsp_mips.c
ffmpeg-8.1/libavutil/mips/libm_mips.h
ffmpeg-8.1/libavutil/mips/asmdefs.h
ffmpeg-8.1/.mailmap
ffmpeg-8.1/INSTALL.md
ffmpeg-8.1/libavdevice/
ffmpeg-8.1/libavdevice/v4l2.c
ffmpeg-8.1/libavdevice/avdevice.h
ffmpeg-8.1/libavdevice/Makefile
ffmpeg-8.1/libavdevice/riscv/
ffmpeg-8.1/libavdevice/riscv/Makefile
ffmpeg-8.1/libavdevice/riscv/cpu_common.c
ffmpeg-8.1/libavdevice/internal.h
ffmpeg-8.1/libavdevice/fbdev_enc.c
ffmpeg-8.1/libavdevice/avdeviceres.rc
ffmpeg-8.1/libavdevice/dshow_capture.h
ffmpeg-8.1/libavdevice/version.c
ffmpeg-8.1/libavdevice/iec61883.c
ffmpeg-8.1/libavdevice/fbdev_common.c
ffmpeg-8.1/libavdevice/decklink_dec_c.c
ffmpeg-8.1/libavdevice/decklink_dec.cpp
ffmpeg-8.1/libavdevice/alldevices.c
ffmpeg-8.1/libavdevice/audiotoolbox.m
ffmpeg-8.1/libavdevice/oss_dec.c
ffmpeg-8.1/libavdevice/decklink_common.cpp
ffmpeg-8.1/libavdevice/decklink_dec.h
ffmpeg-8.1/libavdevice/pulse_audio_enc.c
ffmpeg-8.1/libavdevice/libavdevice.v
ffmpeg-8.1/libavdevice/oss.c
ffmpeg-8.1/libavdevice/decklink_common_c.h
ffmpeg-8.1/libavdevice/kmsgrab.c
ffmpeg-8.1/libavdevice/openal-dec.c
ffmpeg-8.1/libavdevice/version.h
ffmpeg-8.1/libavdevice/gdigrab.c
ffmpeg-8.1/libavdevice/avdevice.c
ffmpeg-8.1/libavdevice/dshow_filter.c
ffmpeg-8.1/libavdevice/alsa.h
ffmpeg-8.1/libavdevice/reverse.c
ffmpeg-8.1/libavdevice/v4l2-common.h
ffmpeg-8.1/libavdevice/pulse_audio_common.h
ffmpeg-8.1/libavdevice/timefilter.c
ffmpeg-8.1/libavdevice/dshow_enumpins.c
ffmpeg-8.1/libavdevice/file_open.c
ffmpeg-8.1/libavdevice/decklink_enc.h
ffmpeg-8.1/libavdevice/oss.h
ffmpeg-8.1/libavdevice/dshow_crossbar.c
ffmpeg-8.1/libavdevice/utils.c
ffmpeg-8.1/libavdevice/v4l2enc.c
ffmpeg-8.1/libavdevice/decklink_common.h
ffmpeg-8.1/libavdevice/android_camera.c
ffmpeg-8.1/libavdevice/sndio.c
ffmpeg-8.1/libavdevice/sndio.h
ffmpeg-8.1/libavdevice/decklink_enc.cpp
ffmpeg-8.1/libavdevice/vfwcap.c
ffmpeg-8.1/libavdevice/libdc1394.c
ffmpeg-8.1/libavdevice/libcdio.c
ffmpeg-8.1/libavdevice/sndio_dec.c
ffmpeg-8.1/libavdevice/dshow_enummediatypes.c
ffmpeg-8.1/libavdevice/jack.c
ffmpeg-8.1/libavdevice/lavfi.c
ffmpeg-8.1/libavdevice/oss_enc.c
ffmpeg-8.1/libavdevice/decklink_enc_c.c
ffmpeg-8.1/libavdevice/tests/
ffmpeg-8.1/libavdevice/tests/timefilter.c
ffmpeg-8.1/libavdevice/pulse_audio_common.c
ffmpeg-8.1/libavdevice/version_major.h
ffmpeg-8.1/libavdevice/dshow_pin.c
ffmpeg-8.1/libavdevice/v4l2-common.c
ffmpeg-8.1/libavdevice/alsa_dec.c
ffmpeg-8.1/libavdevice/xcbgrab.c
ffmpeg-8.1/libavdevice/dshow.c
ffmpeg-8.1/libavdevice/fbdev_dec.c
ffmpeg-8.1/libavdevice/caca.c
ffmpeg-8.1/libavdevice/avfoundation.m
ffmpeg-8.1/libavdevice/pulse_audio_dec.c
ffmpeg-8.1/libavdevice/fbdev_common.h
ffmpeg-8.1/libavdevice/dshow_common.c
ffmpeg-8.1/libavdevice/alsa.c
ffmpeg-8.1/libavdevice/sndio_enc.c
ffmpeg-8.1/libavdevice/ccfifo.c
ffmpeg-8.1/libavdevice/timefilter.h
ffmpeg-8.1/libavdevice/xv.c
ffmpeg-8.1/libavdevice/alsa_enc.c
ffmpeg-8.1/tools/
ffmpeg-8.1/tools/murge
ffmpeg-8.1/tools/sofa2wavs.c
ffmpeg-8.1/tools/target_dec_fuzzer.c
ffmpeg-8.1/tools/target_dem_fuzzer.c
ffmpeg-8.1/tools/Makefile
ffmpeg-8.1/tools/trasher.c
ffmpeg-8.1/tools/target_enc_fuzzer.c
ffmpeg-8.1/tools/target_swr_fuzzer.c
ffmpeg-8.1/tools/graph2dot.c
ffmpeg-8.1/tools/fourcc2pixfmt.c
ffmpeg-8.1/tools/enc_recon_frame_test.c
ffmpeg-8.1/tools/target_dec_fate.list
ffmpeg-8.1/tools/target_sws_fuzzer.c
ffmpeg-8.1/tools/ffeval.c
ffmpeg-8.1/tools/source2c
ffmpeg-8.1/tools/bisect-create
ffmpeg-8.1/tools/seek_print.c
ffmpeg-8.1/tools/qt-faststart.c
ffmpeg-8.1/tools/decode_simple.h
ffmpeg-8.1/tools/venc_data_dump.c
ffmpeg-8.1/tools/crypto_bench.c
ffmpeg-8.1/tools/plotframes
ffmpeg-8.1/tools/zmqsend.c
ffmpeg-8.1/tools/compare-cvelists.sh
ffmpeg-8.1/tools/target_bsf_fuzzer.c
ffmpeg-8.1/tools/probetest.c
ffmpeg-8.1/tools/uncoded_frame.c
ffmpeg-8.1/tools/decode_simple.c
ffmpeg-8.1/tools/normalize.py
ffmpeg-8.1/tools/patcheck
ffmpeg-8.1/tools/merge-all-source-plugins
ffmpeg-8.1/tools/scale_slice_test.c
ffmpeg-8.1/tools/ffescape.c
ffmpeg-8.1/tools/zmqshell.py
ffmpeg-8.1/tools/aviocat.c
ffmpeg-8.1/tools/clean-diff
ffmpeg-8.1/tools/ismindex.c
ffmpeg-8.1/tools/check_arm_indent.sh
ffmpeg-8.1/tools/indent_arm_assembly.pl
ffmpeg-8.1/tools/missing_codec_desc
ffmpeg-8.1/tools/bookmarklets.html
ffmpeg-8.1/tools/ffhash.c
ffmpeg-8.1/tools/loudnorm.rb
ffmpeg-8.1/tools/enum_options.c
ffmpeg-8.1/tools/dvd2concat
ffmpeg-8.1/tools/cws2fws.c
ffmpeg-8.1/tools/source-plugins.txt
ffmpeg-8.1/tools/make_chlayout_test
ffmpeg-8.1/tools/general_assembly.pl
ffmpeg-8.1/tools/gen-rc
ffmpeg-8.1/tools/unwrap-diff
ffmpeg-8.1/tools/target_dec_fate.sh
ffmpeg-8.1/tools/coverity.c
ffmpeg-8.1/tools/pktdumper.c
ffmpeg-8.1/tools/python/
ffmpeg-8.1/tools/python/tf_sess_config.py
ffmpeg-8.1/tools/sidxindex.c
ffmpeg-8.1/tools/yuvcmp.c
ffmpeg-8.1/libswresample/
ffmpeg-8.1/libswresample/rematrix.c
ffmpeg-8.1/libswresample/Makefile
ffmpeg-8.1/libswresample/options.c
ffmpeg-8.1/libswresample/version.c
ffmpeg-8.1/libswresample/audioconvert.c
ffmpeg-8.1/libswresample/dither_template.c
ffmpeg-8.1/libswresample/libswresample.v
ffmpeg-8.1/libswresample/swresample_frame.c
ffmpeg-8.1/libswresample/resample_dsp.c
ffmpeg-8.1/libswresample/swresampleres.rc
ffmpeg-8.1/libswresample/version.h
ffmpeg-8.1/libswresample/x86/
ffmpeg-8.1/libswresample/x86/Makefile
ffmpeg-8.1/libswresample/x86/audio_convert.asm
ffmpeg-8.1/libswresample/x86/w64xmmtest.c
ffmpeg-8.1/libswresample/x86/resample.asm
ffmpeg-8.1/libswresample/x86/audio_convert_init.c
ffmpeg-8.1/libswresample/x86/rematrix.asm
ffmpeg-8.1/libswresample/x86/rematrix_init.c
ffmpeg-8.1/libswresample/x86/resample_init.c
ffmpeg-8.1/libswresample/noise_shaping_data.c
ffmpeg-8.1/libswresample/arm/
ffmpeg-8.1/libswresample/arm/Makefile
ffmpeg-8.1/libswresample/arm/audio_convert_neon.S
ffmpeg-8.1/libswresample/arm/neontest.c
ffmpeg-8.1/libswresample/arm/audio_convert_init.c
ffmpeg-8.1/libswresample/arm/resample.S
ffmpeg-8.1/libswresample/arm/resample_init.c
ffmpeg-8.1/libswresample/resample.c
ffmpeg-8.1/libswresample/tests/
ffmpeg-8.1/libswresample/tests/swresample.c
ffmpeg-8.1/libswresample/swresample_internal.h
ffmpeg-8.1/libswresample/swresample.c
ffmpeg-8.1/libswresample/version_major.h
ffmpeg-8.1/libswresample/resample.h
ffmpeg-8.1/libswresample/soxr_resample.c
ffmpeg-8.1/libswresample/rematrix_template.c
ffmpeg-8.1/libswresample/resample_template.c
ffmpeg-8.1/libswresample/aarch64/
ffmpeg-8.1/libswresample/aarch64/Makefile
ffmpeg-8.1/libswresample/aarch64/audio_convert_neon.S
ffmpeg-8.1/libswresample/aarch64/neontest.c
ffmpeg-8.1/libswresample/aarch64/audio_convert_init.c
ffmpeg-8.1/libswresample/aarch64/resample.S
ffmpeg-8.1/libswresample/aarch64/resample_init.c
ffmpeg-8.1/libswresample/swresample.h
ffmpeg-8.1/libswresample/log2_tab.c
ffmpeg-8.1/libswresample/dither.c
ffmpeg-8.1/libswresample/audioconvert.h
ffmpeg-8.1/libavformat/
ffmpeg-8.1/libavformat/txd.c
ffmpeg-8.1/libavformat/hls_sample_encryption.c
ffmpeg-8.1/libavformat/ingenientdec.c
ffmpeg-8.1/libavformat/hlsplaylist.h
ffmpeg-8.1/libavformat/filmstripdec.c
ffmpeg-8.1/libavformat/url.h
ffmpeg-8.1/libavformat/movenc.h
ffmpeg-8.1/libavformat/rmdec.c
ffmpeg-8.1/libavformat/oggenc.c
ffmpeg-8.1/libavformat/webvttenc.c
ffmpeg-8.1/libavformat/to_upper4.c
ffmpeg-8.1/libavformat/diracdec.c
ffmpeg-8.1/libavformat/ty.c
ffmpeg-8.1/libavformat/mux.c
ffmpeg-8.1/libavformat/matroskadec.c
ffmpeg-8.1/libavformat/mov_chan.h
ffmpeg-8.1/libavformat/apetag.h
ffmpeg-8.1/libavformat/sctp.c
ffmpeg-8.1/libavformat/av1.c
ffmpeg-8.1/libavformat/spdifdec.c
ffmpeg-8.1/libavformat/caf.h
ffmpeg-8.1/libavformat/microdvddec.c
ffmpeg-8.1/libavformat/wvedec.c
ffmpeg-8.1/libavformat/ac3dec.c
ffmpeg-8.1/libavformat/fitsdec.c
ffmpeg-8.1/libavformat/dxa.c
ffmpeg-8.1/libavformat/mpegts.h
ffmpeg-8.1/libavformat/vag.c
ffmpeg-8.1/libavformat/file.c
ffmpeg-8.1/libavformat/mspdec.c
ffmpeg-8.1/libavformat/flacenc.h
ffmpeg-8.1/libavformat/evc.h
ffmpeg-8.1/libavformat/tcp.c
ffmpeg-8.1/libavformat/nspdec.c
ffmpeg-8.1/libavformat/srtdec.c
ffmpeg-8.1/libavformat/boadec.c
ffmpeg-8.1/libavformat/sga.c
ffmpeg-8.1/libavformat/flvenc.c
ffmpeg-8.1/libavformat/rtpenc_mpegts.c
ffmpeg-8.1/libavformat/siff.c
ffmpeg-8.1/libavformat/img2_alias_pix.c
ffmpeg-8.1/libavformat/evc.c
ffmpeg-8.1/libavformat/serdec.c
ffmpeg-8.1/libavformat/rtpenc_jpeg.c
ffmpeg-8.1/libavformat/Makefile
ffmpeg-8.1/libavformat/urldecode.c
ffmpeg-8.1/libavformat/nistspheredec.c
ffmpeg-8.1/libavformat/flacenc.c
ffmpeg-8.1/libavformat/acedec.c
ffmpeg-8.1/libavformat/riscv/
ffmpeg-8.1/libavformat/riscv/Makefile
ffmpeg-8.1/libavformat/riscv/cpu_common.c
ffmpeg-8.1/libavformat/internal.h
ffmpeg-8.1/libavformat/libsmbclient.c
ffmpeg-8.1/libavformat/voc_packet.c
ffmpeg-8.1/libavformat/lrc.c
ffmpeg-8.1/libavformat/ads.c
ffmpeg-8.1/libavformat/srtp.c
ffmpeg-8.1/libavformat/mux.h
ffmpeg-8.1/libavformat/aaxdec.c
ffmpeg-8.1/libavformat/bluray.c
ffmpeg-8.1/libavformat/riffenc.c
ffmpeg-8.1/libavformat/dv.h
ffmpeg-8.1/libavformat/vc1testenc.c
ffmpeg-8.1/libavformat/rtspcodes.h
ffmpeg-8.1/libavformat/options.c
ffmpeg-8.1/libavformat/rtpdec_opus.c
ffmpeg-8.1/libavformat/wady.c
ffmpeg-8.1/libavformat/yop.c
ffmpeg-8.1/libavformat/rtpenc_chain.c
ffmpeg-8.1/libavformat/rtpdec_av1.c
ffmpeg-8.1/libavformat/version.c
ffmpeg-8.1/libavformat/msf.c
ffmpeg-8.1/libavformat/apac.c
ffmpeg-8.1/libavformat/rtpenc_h263_rfc2190.c
ffmpeg-8.1/libavformat/crcenc.c
ffmpeg-8.1/libavformat/webm_chunk.c
ffmpeg-8.1/libavformat/derf.c
ffmpeg-8.1/libavformat/rtp_av1.h
ffmpeg-8.1/libavformat/mpegvideodec.c
ffmpeg-8.1/libavformat/vocenc.c
ffmpeg-8.1/libavformat/avlanguage.h
ffmpeg-8.1/libavformat/rangecoder_dec.c
ffmpeg-8.1/libavformat/avs3dec.c
ffmpeg-8.1/libavformat/rtpdec_vp9.c
ffmpeg-8.1/libavformat/lvfdec.c
ffmpeg-8.1/libavformat/xa.c
ffmpeg-8.1/libavformat/yuv4mpeg.h
ffmpeg-8.1/libavformat/hcom.c
ffmpeg-8.1/libavformat/wavdec.c
ffmpeg-8.1/libavformat/c93.c
ffmpeg-8.1/libavformat/rtpproto.h
ffmpeg-8.1/libavformat/replaygain.c
ffmpeg-8.1/libavformat/libzmq.c
ffmpeg-8.1/libavformat/iff.c
ffmpeg-8.1/libavformat/mpegtsenc.c
ffmpeg-8.1/libavformat/voc.h
ffmpeg-8.1/libavformat/jvdec.c
ffmpeg-8.1/libavformat/rtpenc_h263.c
ffmpeg-8.1/libavformat/hls.c
ffmpeg-8.1/libavformat/format.c
ffmpeg-8.1/libavformat/mods.c
ffmpeg-8.1/libavformat/osq.c
ffmpeg-8.1/libavformat/cdg.c
ffmpeg-8.1/libavformat/mms.h
ffmpeg-8.1/libavformat/flac_picture.c
ffmpeg-8.1/libavformat/img2.c
ffmpeg-8.1/libavformat/evcdec.c
ffmpeg-8.1/libavformat/nullenc.c
ffmpeg-8.1/libavformat/mpeg4audio_sample_rates.c
ffmpeg-8.1/libavformat/rtpenc_vc2hq.c
ffmpeg-8.1/libavformat/smush.c
ffmpeg-8.1/libavformat/mpl2dec.c
ffmpeg-8.1/libavformat/av1.h
ffmpeg-8.1/libavformat/iamf_writer.c
ffmpeg-8.1/libavformat/mpegenc.c
ffmpeg-8.1/libavformat/mpc8.c
ffmpeg-8.1/libavformat/rtpdec_svq3.c
ffmpeg-8.1/libavformat/asfdec_f.c
ffmpeg-8.1/libavformat/ivfenc.c
ffmpeg-8.1/libavformat/apv.h
ffmpeg-8.1/libavformat/icecast.c
ffmpeg-8.1/libavformat/iamfdec.c
ffmpeg-8.1/libavformat/mux_utils.c
ffmpeg-8.1/libavformat/segment.c
ffmpeg-8.1/libavformat/avformat_internal.h
ffmpeg-8.1/libavformat/ircam.c
ffmpeg-8.1/libavformat/smoothstreamingenc.c
ffmpeg-8.1/libavformat/uncodedframecrcenc.c
ffmpeg-8.1/libavformat/rtpdec_vp8.c
ffmpeg-8.1/libavformat/avr.c
ffmpeg-8.1/libavformat/rka.c
ffmpeg-8.1/libavformat/pmpdec.c
ffmpeg-8.1/libavformat/g723_1.c
ffmpeg-8.1/libavformat/mpegaudiotabs.c
ffmpeg-8.1/libavformat/nal.h
ffmpeg-8.1/libavformat/omadec.c
ffmpeg-8.1/libavformat/dvdvideodec.c
ffmpeg-8.1/libavformat/m4vdec.c
ffmpeg-8.1/libavformat/dss.c
ffmpeg-8.1/libavformat/rtpenc.h
ffmpeg-8.1/libavformat/asfenc.c
ffmpeg-8.1/libavformat/asfcrypt.h
ffmpeg-8.1/libavformat/imf_cpl.c
ffmpeg-8.1/libavformat/hevc.h
ffmpeg-8.1/libavformat/apetag.c
ffmpeg-8.1/libavformat/s337m.c
ffmpeg-8.1/libavformat/soxenc.c
ffmpeg-8.1/libavformat/apvenc.c
ffmpeg-8.1/libavformat/dcstr.c
ffmpeg-8.1/libavformat/wtv.h
ffmpeg-8.1/libavformat/mp3enc.c
ffmpeg-8.1/libavformat/rso.h
ffmpeg-8.1/libavformat/vvc.c
ffmpeg-8.1/libavformat/apv.c
ffmpeg-8.1/libavformat/rtpdec_h264.c
ffmpeg-8.1/libavformat/lc3.c
ffmpeg-8.1/libavformat/movenccenc.h
ffmpeg-8.1/libavformat/ip.h
ffmpeg-8.1/libavformat/mmf.c
ffmpeg-8.1/libavformat/apngenc.c
ffmpeg-8.1/libavformat/rtpdec_mpeg12.c
ffmpeg-8.1/libavformat/iamf_parse.c
ffmpeg-8.1/libavformat/wvenc.c
ffmpeg-8.1/libavformat/dashdec.c
ffmpeg-8.1/libavformat/imfdec.c
ffmpeg-8.1/libavformat/amr.c
ffmpeg-8.1/libavformat/tee_common.c
ffmpeg-8.1/libavformat/md5proto.c
ffmpeg-8.1/libavformat/avidec.c
ffmpeg-8.1/libavformat/allformats.c
ffmpeg-8.1/libavformat/subtitles.h
ffmpeg-8.1/libavformat/qoadec.c
ffmpeg-8.1/libavformat/rawvideodec.c
ffmpeg-8.1/libavformat/movenchint.c
ffmpeg-8.1/libavformat/rtmpproto.c
ffmpeg-8.1/libavformat/iamf.h
ffmpeg-8.1/libavformat/mxf.h
ffmpeg-8.1/libavformat/xmv.c
ffmpeg-8.1/libavformat/assenc.c
ffmpeg-8.1/libavformat/oggparseopus.c
ffmpeg-8.1/libavformat/cbs.h
ffmpeg-8.1/libavformat/mvdec.c
ffmpeg-8.1/libavformat/cavsvideodec.c
ffmpeg-8.1/libavformat/adxdec.c
ffmpeg-8.1/libavformat/rtpdec.c
ffmpeg-8.1/libavformat/amvenc.c
ffmpeg-8.1/libavformat/imf.h
ffmpeg-8.1/libavformat/unix.c
ffmpeg-8.1/libavformat/isom.c
ffmpeg-8.1/libavformat/mpjpegdec.c
ffmpeg-8.1/libavformat/rtpdec_jpeg.c
ffmpeg-8.1/libavformat/flacenc_header.c
ffmpeg-8.1/libavformat/vplayerdec.c
ffmpeg-8.1/libavformat/wc3movie.c
ffmpeg-8.1/libavformat/vorbiscomment.c
ffmpeg-8.1/libavformat/pvfdec.c
ffmpeg-8.1/libavformat/tls.c
ffmpeg-8.1/libavformat/vc1dec.c
ffmpeg-8.1/libavformat/oggdec.c
ffmpeg-8.1/libavformat/fsb.c
ffmpeg-8.1/libavformat/golomb_tab.c
ffmpeg-8.1/libavformat/ircamdec.c
ffmpeg-8.1/libavformat/avi.h
ffmpeg-8.1/libavformat/ac4enc.c
ffmpeg-8.1/libavformat/jpegtables.c
ffmpeg-8.1/libavformat/httpauth.c
ffmpeg-8.1/libavformat/oggparseogm.c
ffmpeg-8.1/libavformat/h264dec.c
ffmpeg-8.1/libavformat/rtmpcrypt.c
ffmpeg-8.1/libavformat/flv.h
ffmpeg-8.1/libavformat/kvag.c
ffmpeg-8.1/libavformat/tee_common.h
ffmpeg-8.1/libavformat/rtpdec_ac3.c
ffmpeg-8.1/libavformat/srtpproto.c
ffmpeg-8.1/libavformat/vivo.c
ffmpeg-8.1/libavformat/bink.c
ffmpeg-8.1/libavformat/w64.h
ffmpeg-8.1/libavformat/yuv4mpegenc.c
ffmpeg-8.1/libavformat/musx.c
ffmpeg-8.1/libavformat/iamf_reader.h
ffmpeg-8.1/libavformat/mpeg.h
ffmpeg-8.1/libavformat/nut.h
ffmpeg-8.1/libavformat/rtmppkt.c
ffmpeg-8.1/libavformat/swf.h
ffmpeg-8.1/libavformat/webmdashenc.c
ffmpeg-8.1/libavformat/assdec.c
ffmpeg-8.1/libavformat/astenc.c
ffmpeg-8.1/libavformat/mxg.c
ffmpeg-8.1/libavformat/pcmdec.c
ffmpeg-8.1/libavformat/srtp.h
ffmpeg-8.1/libavformat/rtpenc.c
ffmpeg-8.1/libavformat/chromaprint.c
ffmpeg-8.1/libavformat/bonk.c
ffmpeg-8.1/libavformat/replaygain.h
ffmpeg-8.1/libavformat/gxfenc.c
ffmpeg-8.1/libavformat/matroska.c
ffmpeg-8.1/libavformat/rm.c
ffmpeg-8.1/libavformat/rtpdec_h261.c
ffmpeg-8.1/libavformat/mpc.c
ffmpeg-8.1/libavformat/hlsenc.c
ffmpeg-8.1/libavformat/rmsipr.h
ffmpeg-8.1/libavformat/voc.c
ffmpeg-8.1/libavformat/apm.c
ffmpeg-8.1/libavformat/riffdec.c
ffmpeg-8.1/libavformat/pjsdec.c
ffmpeg-8.1/libavformat/dovi_isom.c
ffmpeg-8.1/libavformat/vvcdec.c
ffmpeg-8.1/libavformat/rtpenc_rfc4175.c
ffmpeg-8.1/libavformat/version.h
ffmpeg-8.1/libavformat/jacosubdec.c
ffmpeg-8.1/libavformat/movenc_ttml.c
ffmpeg-8.1/libavformat/sox.h
ffmpeg-8.1/libavformat/rtpproto.c
ffmpeg-8.1/libavformat/imx.c
ffmpeg-8.1/libavformat/mpsubdec.c
ffmpeg-8.1/libavformat/ffmetadec.c
ffmpeg-8.1/libavformat/rtpdec_rfc4175.c
ffmpeg-8.1/libavformat/img2.h
ffmpeg-8.1/libavformat/svs.c
ffmpeg-8.1/libavformat/rtsp.h
ffmpeg-8.1/libavformat/data_uri.c
ffmpeg-8.1/libavformat/dfpwmdec.c
ffmpeg-8.1/libavformat/id3v2.h
ffmpeg-8.1/libavformat/mov.c
ffmpeg-8.1/libavformat/oggparsevorbis.c
ffmpeg-8.1/libavformat/jpegxl_anim_dec.c
ffmpeg-8.1/libavformat/hdsenc.c
ffmpeg-8.1/libavformat/whip.c
ffmpeg-8.1/libavformat/rtpdec_amr.c
ffmpeg-8.1/libavformat/avisynth.c
ffmpeg-8.1/libavformat/vvc.h
ffmpeg-8.1/libavformat/codecstring.c
ffmpeg-8.1/libavformat/dvdclut.h
ffmpeg-8.1/libavformat/sdsdec.c
ffmpeg-8.1/libavformat/tls_libtls.c
ffmpeg-8.1/libavformat/gopher.c
ffmpeg-8.1/libavformat/a64.c
ffmpeg-8.1/libavformat/dsicin.c
ffmpeg-8.1/libavformat/avformat.c
ffmpeg-8.1/libavformat/dsfdec.c
ffmpeg-8.1/libavformat/webpenc.c
ffmpeg-8.1/libavformat/swf.c
ffmpeg-8.1/libavformat/microdvdenc.c
ffmpeg-8.1/libavformat/spdif.h
ffmpeg-8.1/libavformat/xwma.c
ffmpeg-8.1/libavformat/dnxhddec.c
ffmpeg-8.1/libavformat/rdt.c
ffmpeg-8.1/libavformat/ilbc.c
ffmpeg-8.1/libavformat/rtpenc_vp8.c
ffmpeg-8.1/libavformat/cafdec.c
ffmpeg-8.1/libavformat/tiertexseq.c
ffmpeg-8.1/libavformat/rtpdec_ilbc.c
ffmpeg-8.1/libavformat/ffmeta.h
ffmpeg-8.1/libavformat/srtenc.c
ffmpeg-8.1/libavformat/iamf_reader.c
ffmpeg-8.1/libavformat/ivfdec.c
ffmpeg-8.1/libavformat/smjpeg.h
ffmpeg-8.1/libavformat/rtpenc_xiph.c
ffmpeg-8.1/libavformat/nutdec.c
ffmpeg-8.1/libavformat/rcwtdec.c
ffmpeg-8.1/libavformat/ffjni.c
ffmpeg-8.1/libavformat/librist.c
ffmpeg-8.1/libavformat/gxf.c
ffmpeg-8.1/libavformat/avformat.h
ffmpeg-8.1/libavformat/mm.c
ffmpeg-8.1/libavformat/bintext.c
ffmpeg-8.1/libavformat/avienc.c
ffmpeg-8.1/libavformat/subtitles.c
ffmpeg-8.1/libavformat/oggparsedirac.c
ffmpeg-8.1/libavformat/wavenc.c
ffmpeg-8.1/libavformat/file_open.c
ffmpeg-8.1/libavformat/flvdec.c
ffmpeg-8.1/libavformat/w64.c
ffmpeg-8.1/libavformat/rso.c
ffmpeg-8.1/libavformat/rtpdec_mpeg4.c
ffmpeg-8.1/libavformat/hxvs.c
ffmpeg-8.1/libavformat/qtpalette.h
ffmpeg-8.1/libavformat/yuv4mpegdec.c
ffmpeg-8.1/libavformat/mtaf.c
ffmpeg-8.1/libavformat/h261dec.c
ffmpeg-8.1/libavformat/ircamenc.c
ffmpeg-8.1/libavformat/rtpdec_vc2hq.c
ffmpeg-8.1/libavformat/argo_asf.c
ffmpeg-8.1/libavformat/stldec.c
ffmpeg-8.1/libavformat/id3v1.c
ffmpeg-8.1/libavformat/sol.c
ffmpeg-8.1/libavformat/mccenc.c
ffmpeg-8.1/libavformat/avio.c
ffmpeg-8.1/libavformat/supenc.c
ffmpeg-8.1/libavformat/lafdec.c
ffmpeg-8.1/libavformat/ttaenc.c
ffmpeg-8.1/libavformat/rsodec.c
ffmpeg-8.1/libavformat/sauce.h
ffmpeg-8.1/libavformat/utils.c
ffmpeg-8.1/libavformat/oggdec.h
ffmpeg-8.1/libavformat/wtvenc.c
ffmpeg-8.1/libavformat/wtv_common.c
ffmpeg-8.1/libavformat/paf.c
ffmpeg-8.1/libavformat/sdp.c
ffmpeg-8.1/libavformat/seek.c
ffmpeg-8.1/libavformat/bethsoftvid.c
ffmpeg-8.1/libavformat/h263dec.c
ffmpeg-8.1/libavformat/rtpdec_qt.c
ffmpeg-8.1/libavformat/hevc.c
ffmpeg-8.1/libavformat/libgme.c
ffmpeg-8.1/libavformat/mp3dec.c
ffmpeg-8.1/libavformat/ast.c
ffmpeg-8.1/libavformat/img2_brender_pix.c
ffmpeg-8.1/libavformat/matroska.h
ffmpeg-8.1/libavformat/wtvdec.c
ffmpeg-8.1/libavformat/cbs_apv.c
ffmpeg-8.1/libavformat/filmstripenc.c
ffmpeg-8.1/libavformat/qtpalette.c
ffmpeg-8.1/libavformat/lrcenc.c
ffmpeg-8.1/libavformat/xmd.c
ffmpeg-8.1/libavformat/oggparsespeex.c
ffmpeg-8.1/libavformat/sccdec.c
ffmpeg-8.1/libavformat/avformatres.rc
ffmpeg-8.1/libavformat/librtmp.c
ffmpeg-8.1/libavformat/sdns.c
ffmpeg-8.1/libavformat/concatdec.c
ffmpeg-8.1/libavformat/dovi_isom.h
ffmpeg-8.1/libavformat/ape.c
ffmpeg-8.1/libavformat/pdvdec.c
ffmpeg-8.1/libavformat/smjpegenc.c
ffmpeg-8.1/libavformat/oggparsevp8.c
ffmpeg-8.1/libavformat/rtpenc_mpv.c
ffmpeg-8.1/libavformat/rtp.h
ffmpeg-8.1/libavformat/rtpenc_h264_hevc.c
ffmpeg-8.1/libavformat/rawdec.c
ffmpeg-8.1/libavformat/nut.c
ffmpeg-8.1/libavformat/hls_sample_encryption.h
ffmpeg-8.1/libavformat/wv.h
ffmpeg-8.1/libavformat/rtpenc_chain.h
ffmpeg-8.1/libavformat/aadec.c
ffmpeg-8.1/libavformat/iamfenc.c
ffmpeg-8.1/libavformat/svag.c
ffmpeg-8.1/libavformat/hlsplaylist.c
ffmpeg-8.1/libavformat/swfenc.c
ffmpeg-8.1/libavformat/subviewer1dec.c
ffmpeg-8.1/libavformat/metadata.h
ffmpeg-8.1/libavformat/3dostr.c
ffmpeg-8.1/libavformat/bfi.c
ffmpeg-8.1/libavformat/dv.c
ffmpeg-8.1/libavformat/rtpdec_dv.c
ffmpeg-8.1/libavformat/ipudec.c
ffmpeg-8.1/libavformat/argo_asf.h
ffmpeg-8.1/libavformat/mpegts.c
ffmpeg-8.1/libavformat/vpcc.c
ffmpeg-8.1/libavformat/cinedec.c
ffmpeg-8.1/libavformat/rtpdec.h
ffmpeg-8.1/libavformat/omaenc.c
ffmpeg-8.1/libavformat/tls_openssl.c
ffmpeg-8.1/libavformat/icodec.c
ffmpeg-8.1/libavformat/idroqdec.c
ffmpeg-8.1/libavformat/rsd.c
ffmpeg-8.1/libavformat/ifv.c
ffmpeg-8.1/libavformat/g726.c
ffmpeg-8.1/libavformat/asf.h
ffmpeg-8.1/libavformat/isom.h
ffmpeg-8.1/libavformat/smjpegdec.c
ffmpeg-8.1/libavformat/sdr2.c
ffmpeg-8.1/libavformat/rtmpdh.h
ffmpeg-8.1/libavformat/pcmenc.c
ffmpeg-8.1/libavformat/sauce.c
ffmpeg-8.1/libavformat/r3d.c
ffmpeg-8.1/libavformat/astdec.c
ffmpeg-8.1/libavformat/demux_utils.c
ffmpeg-8.1/libavformat/dtshddec.c
ffmpeg-8.1/libavformat/avs2dec.c
ffmpeg-8.1/libavformat/wvdec.c
ffmpeg-8.1/libavformat/mov_chan.c
ffmpeg-8.1/libavformat/protocols.c
ffmpeg-8.1/libavformat/wsddec.c
ffmpeg-8.1/libavformat/wavarc.c
ffmpeg-8.1/libavformat/tls_schannel.c
ffmpeg-8.1/libavformat/rtp.c
ffmpeg-8.1/libavformat/crypto.c
ffmpeg-8.1/libavformat/mlvdec.c
ffmpeg-8.1/libavformat/vpcc.h
ffmpeg-8.1/libavformat/rtpdec_mpegts.c
ffmpeg-8.1/libavformat/lrc.h
ffmpeg-8.1/libavformat/tty.c
ffmpeg-8.1/libavformat/rtpdec_xiph.c
ffmpeg-8.1/libavformat/aeaenc.c
ffmpeg-8.1/libavformat/libmodplug.c
ffmpeg-8.1/libavformat/4xm.c
ffmpeg-8.1/libavformat/thp.c
ffmpeg-8.1/libavformat/rtpenc_amr.c
ffmpeg-8.1/libavformat/ip.c
ffmpeg-8.1/libavformat/westwood_audenc.c
ffmpeg-8.1/libavformat/rdt.h
ffmpeg-8.1/libavformat/aviobuf.c
ffmpeg-8.1/libavformat/xvag.c
ffmpeg-8.1/libavformat/oggparseskeleton.c
ffmpeg-8.1/libavformat/rtpdec_qcelp.c
ffmpeg-8.1/libavformat/nutenc.c
ffmpeg-8.1/libavformat/hca.c
ffmpeg-8.1/libavformat/asfdec_o.c
ffmpeg-8.1/libavformat/adp.c
ffmpeg-8.1/libavformat/tls_securetransport.c
ffmpeg-8.1/libavformat/electronicarts.c
ffmpeg-8.1/libavformat/au.c
ffmpeg-8.1/libavformat/fitsenc.c
ffmpeg-8.1/libavformat/aeadec.c
ffmpeg-8.1/libavformat/riff.c
ffmpeg-8.1/libavformat/mj2kdec.c
ffmpeg-8.1/libavformat/westwood_aud.c
ffmpeg-8.1/libavformat/id3v2enc.c
ffmpeg-8.1/libavformat/spdif.c
ffmpeg-8.1/libavformat/mlpdec.c
ffmpeg-8.1/libavformat/av1dec.c
ffmpeg-8.1/libavformat/mkvtimestamp_v2.c
ffmpeg-8.1/libavformat/mmst.c
ffmpeg-8.1/libavformat/libsrt.c
ffmpeg-8.1/libavformat/dump.c
ffmpeg-8.1/libavformat/icoenc.c
ffmpeg-8.1/libavformat/lrcdec.c
ffmpeg-8.1/libavformat/pva.c
ffmpeg-8.1/libavformat/sapdec.c
ffmpeg-8.1/libavformat/mms.c
ffmpeg-8.1/libavformat/gsmdec.c
ffmpeg-8.1/libavformat/avc.c
ffmpeg-8.1/libavformat/tests/
ffmpeg-8.1/libavformat/tests/srtp.c
ffmpeg-8.1/libavformat/tests/noproxy.c
ffmpeg-8.1/libavformat/tests/imf.c
ffmpeg-8.1/libavformat/tests/fifo_muxer.c
ffmpeg-8.1/libavformat/tests/seek.c
ffmpeg-8.1/libavformat/tests/movenc.c
ffmpeg-8.1/libavformat/tests/url.c
ffmpeg-8.1/libavformat/tests/seek_utils.c
ffmpeg-8.1/libavformat/tests/rtmpdh.c
ffmpeg-8.1/libavformat/dca_sample_rate_tab.c
ffmpeg-8.1/libavformat/isom_tags.c
ffmpeg-8.1/libavformat/prompeg.c
ffmpeg-8.1/libavformat/rtmpdigest.c
ffmpeg-8.1/libavformat/sccenc.c
ffmpeg-8.1/libavformat/samidec.c
ffmpeg-8.1/libavformat/ast.h
ffmpeg-8.1/libavformat/mccdec.c
ffmpeg-8.1/libavformat/asf.c
ffmpeg-8.1/libavformat/mxfenc.c
ffmpeg-8.1/libavformat/dauddec.c
ffmpeg-8.1/libavformat/realtextdec.c
ffmpeg-8.1/libavformat/options_table.h
ffmpeg-8.1/libavformat/g722.c
ffmpeg-8.1/libavformat/concat.c
ffmpeg-8.1/libavformat/riff.h
ffmpeg-8.1/libavformat/hevcdec.c
ffmpeg-8.1/libavformat/rtpdec_qdm2.c
ffmpeg-8.1/libavformat/rpl.c
ffmpeg-8.1/libavformat/sdxdec.c
ffmpeg-8.1/libavformat/framehash.c
ffmpeg-8.1/libavformat/bit.c
ffmpeg-8.1/libavformat/apvdec.c
ffmpeg-8.1/libavformat/dvenc.c
ffmpeg-8.1/libavformat/oggparsecelt.c
ffmpeg-8.1/libavformat/avio.h
ffmpeg-8.1/libavformat/version_major.h
ffmpeg-8.1/libavformat/iamf_writer.h
ffmpeg-8.1/libavformat/iv8.c
ffmpeg-8.1/libavformat/westwood_vqa.c
ffmpeg-8.1/libavformat/aiff.c
ffmpeg-8.1/libavformat/rtsp.c
ffmpeg-8.1/libavformat/alp.c
ffmpeg-8.1/libavformat/udp.c
ffmpeg-8.1/libavformat/segafilmenc.c
ffmpeg-8.1/libavformat/os_support.c
ffmpeg-8.1/libavformat/ftp.c
ffmpeg-8.1/libavformat/tmv.c
ffmpeg-8.1/libavformat/mtv.c
ffmpeg-8.1/libavformat/cbs_av1.c
ffmpeg-8.1/libavformat/tls_mbedtls.c
ffmpeg-8.1/libavformat/rtpdec_formats.h
ffmpeg-8.1/libavformat/mvi.c
ffmpeg-8.1/libavformat/loasdec.c
ffmpeg-8.1/libavformat/flacdec.c
ffmpeg-8.1/libavformat/rtpdec_h263_rfc2190.c
ffmpeg-8.1/libavformat/movenccenc.c
ffmpeg-8.1/libavformat/avs.c
ffmpeg-8.1/libavformat/swfdec.c
ffmpeg-8.1/libavformat/rl2.c
ffmpeg-8.1/libavformat/apngdec.c
ffmpeg-8.1/libavformat/aptxdec.c
ffmpeg-8.1/libavformat/oggparseflac.c
ffmpeg-8.1/libavformat/spdifenc.c
ffmpeg-8.1/libavformat/network.h
ffmpeg-8.1/libavformat/shortendec.c
ffmpeg-8.1/libavformat/act.c
ffmpeg-8.1/libavformat/libssh.c
ffmpeg-8.1/libavformat/sbcdec.c
ffmpeg-8.1/libavformat/flic.c
ffmpeg-8.1/libavformat/aiffdec.c
ffmpeg-8.1/libavformat/soxdec.c
ffmpeg-8.1/libavformat/dvbsub.c
ffmpeg-8.1/libavformat/cafenc.c
ffmpeg-8.1/libavformat/dfa.c
ffmpeg-8.1/libavformat/rtpdec_asf.c
ffmpeg-8.1/libavformat/cbs.c
ffmpeg-8.1/libavformat/moflex.c
ffmpeg-8.1/libavformat/argo_cvg.c
ffmpeg-8.1/libavformat/dvbtxt.c
ffmpeg-8.1/libavformat/iamf_parse.h
ffmpeg-8.1/libavformat/rtpdec_mpa_robust.c
ffmpeg-8.1/libavformat/gdv.c
ffmpeg-8.1/libavformat/demux.h
ffmpeg-8.1/libavformat/genh.c
ffmpeg-8.1/libavformat/async.c
ffmpeg-8.1/libavformat/g729dec.c
ffmpeg-8.1/libavformat/oma.h
ffmpeg-8.1/libavformat/movenc.c
ffmpeg-8.1/libavformat/jpegxl_parse.c
ffmpeg-8.1/libavformat/hnm.c
ffmpeg-8.1/libavformat/lxfdec.c
ffmpeg-8.1/libavformat/aqtitledec.c
ffmpeg-8.1/libavformat/id3v1.h
ffmpeg-8.1/libavformat/dash.h
ffmpeg-8.1/libavformat/brstm.c
ffmpeg-8.1/libavformat/rtmppkt.h
ffmpeg-8.1/libavformat/idroqenc.c
ffmpeg-8.1/libavformat/g728dec.c
ffmpeg-8.1/libavformat/dhav.c
ffmpeg-8.1/libavformat/hashenc.c
ffmpeg-8.1/libavformat/pcm.c
ffmpeg-8.1/libavformat/dashenc.c
ffmpeg-8.1/libavformat/ircam.h
ffmpeg-8.1/libavformat/tedcaptionsdec.c
ffmpeg-8.1/libavformat/wv.c
ffmpeg-8.1/libavformat/ac3_channel_layout_tab.c
ffmpeg-8.1/libavformat/libavformat.v
ffmpeg-8.1/libavformat/asf_tags.c
ffmpeg-8.1/libavformat/ncdec.c
ffmpeg-8.1/libavformat/urldecode.h
ffmpeg-8.1/libavformat/aixdec.c
ffmpeg-8.1/libavformat/oma.c
ffmpeg-8.1/libavformat/vapoursynth.c
ffmpeg-8.1/libavformat/cache.c
ffmpeg-8.1/libavformat/mpjpeg.c
ffmpeg-8.1/libavformat/ac4dec.c
ffmpeg-8.1/libavformat/fifo.c
ffmpeg-8.1/libavformat/qcp.c
ffmpeg-8.1/libavformat/cdxl.c
ffmpeg-8.1/libavformat/psxstr.c
ffmpeg-8.1/libavformat/argo_brp.c
ffmpeg-8.1/libavformat/rawenc.h
ffmpeg-8.1/libavformat/rtmpcrypt.h
ffmpeg-8.1/libavformat/msnwc_tcp.c
ffmpeg-8.1/libavformat/codec2.c
ffmpeg-8.1/libavformat/rtmphttp.c
ffmpeg-8.1/libavformat/http.c
ffmpeg-8.1/libavformat/tls_gnutls.c
ffmpeg-8.1/libavformat/rtmp.h
ffmpeg-8.1/libavformat/mxf.c
ffmpeg-8.1/libavformat/rtpdec_h263.c
ffmpeg-8.1/libavformat/afc.c
ffmpeg-8.1/libavformat/daudenc.c
ffmpeg-8.1/libavformat/avlanguage.c
ffmpeg-8.1/libavformat/framecrcenc.c
ffmpeg-8.1/libavformat/ffmetaenc.c
ffmpeg-8.1/libavformat/os_support.h
ffmpeg-8.1/libavformat/adtsenc.c
ffmpeg-8.1/libavformat/acm.c
ffmpeg-8.1/libavformat/tls.h
ffmpeg-8.1/libavformat/anm.c
ffmpeg-8.1/libavformat/libopenmpt.c
ffmpeg-8.1/libavformat/rtpdec_hevc.c
ffmpeg-8.1/libavformat/mpeg.c
ffmpeg-8.1/libavformat/sierravmd.c
ffmpeg-8.1/libavformat/opus_frame_duration_tab.c
ffmpeg-8.1/libavformat/rmenc.c
ffmpeg-8.1/libavformat/subviewerdec.c
ffmpeg-8.1/libavformat/tee.c
ffmpeg-8.1/libavformat/takdec.c
ffmpeg-8.1/libavformat/teeproto.c
ffmpeg-8.1/libavformat/rawenc.c
ffmpeg-8.1/libavformat/rtpdec_latm.c
ffmpeg-8.1/libavformat/rtpenc_h261.c
ffmpeg-8.1/libavformat/url.c
ffmpeg-8.1/libavformat/epafdec.c
ffmpeg-8.1/libavformat/httpauth.h
ffmpeg-8.1/libavformat/network.c
ffmpeg-8.1/libavformat/vorbiscomment.h
ffmpeg-8.1/libavformat/nuv.c
ffmpeg-8.1/libavformat/aiff.h
ffmpeg-8.1/libavformat/oggparsetheora.c
ffmpeg-8.1/libavformat/apc.c
ffmpeg-8.1/libavformat/pcm.h
ffmpeg-8.1/libavformat/latmenc.c
ffmpeg-8.1/libavformat/segafilm.c
ffmpeg-8.1/libavformat/vqf.c
ffmpeg-8.1/libavformat/asfcrypt.c
ffmpeg-8.1/libavformat/vpk.c
ffmpeg-8.1/libavformat/smjpeg.c
ffmpeg-8.1/libavformat/avio_internal.h
ffmpeg-8.1/libavformat/http.h
ffmpeg-8.1/libavformat/iss.c
ffmpeg-8.1/libavformat/supdec.c
ffmpeg-8.1/libavformat/vocdec.c
ffmpeg-8.1/libavformat/ttmlenc.h
ffmpeg-8.1/libavformat/demux.c
ffmpeg-8.1/libavformat/rtpenc_latm.c
ffmpeg-8.1/libavformat/rawdec.h
ffmpeg-8.1/libavformat/log2_tab.c
ffmpeg-8.1/libavformat/lmlm4.c
ffmpeg-8.1/libavformat/movenc_ttml.h
ffmpeg-8.1/libavformat/img2enc.c
ffmpeg-8.1/libavformat/ipfsgateway.c
ffmpeg-8.1/libavformat/gifdec.c
ffmpeg-8.1/libavformat/mxfdec.c
ffmpeg-8.1/libavformat/flac_picture.h
ffmpeg-8.1/libavformat/aacdec.c
ffmpeg-8.1/libavformat/id3v2.c
ffmpeg-8.1/libavformat/caf.c
ffmpeg-8.1/libavformat/tta.c
ffmpeg-8.1/libavformat/dtsdec.c
ffmpeg-8.1/libavformat/subfile.c
ffmpeg-8.1/libavformat/gif.c
ffmpeg-8.1/libavformat/aiffenc.c
ffmpeg-8.1/libavformat/rawutils.h
ffmpeg-8.1/libavformat/rtpenc_aac.c
ffmpeg-8.1/libavformat/rtmpdh.c
ffmpeg-8.1/libavformat/binka.c
ffmpeg-8.1/libavformat/mca.c
ffmpeg-8.1/libavformat/rmsipr.c
ffmpeg-8.1/libavformat/rtspenc.c
ffmpeg-8.1/libavformat/nsvdec.c
ffmpeg-8.1/libavformat/rtpenc_vp9.c
ffmpeg-8.1/libavformat/nal.c
ffmpeg-8.1/libavformat/sbgdec.c
ffmpeg-8.1/libavformat/usmdec.c
ffmpeg-8.1/libavformat/rawutils.c
ffmpeg-8.1/libavformat/mov_esds.c
ffmpeg-8.1/libavformat/metadata.c
ffmpeg-8.1/libavformat/vividas.c
ffmpeg-8.1/libavformat/dvdclut.c
ffmpeg-8.1/libavformat/mgsts.c
ffmpeg-8.1/libavformat/rsoenc.c
ffmpeg-8.1/libavformat/vc1test.c
ffmpeg-8.1/libavformat/rtpenc_av1.c
ffmpeg-8.1/libavformat/webvttdec.c
ffmpeg-8.1/libavformat/bmv.c
ffmpeg-8.1/libavformat/rtpdec_g726.c
ffmpeg-8.1/libavformat/rcwtenc.c
ffmpeg-8.1/libavformat/dash.c
ffmpeg-8.1/libavformat/redspark.c
ffmpeg-8.1/libavformat/smacker.c
ffmpeg-8.1/libavformat/fwse.c
ffmpeg-8.1/libavformat/avc.h
ffmpeg-8.1/libavformat/rtspdec.c
ffmpeg-8.1/libavformat/frmdec.c
ffmpeg-8.1/libavformat/eacdata.c
ffmpeg-8.1/libavformat/gxf.h
ffmpeg-8.1/libavformat/sapenc.c
ffmpeg-8.1/libavformat/jacosubenc.c
ffmpeg-8.1/libavformat/rm.h
ffmpeg-8.1/libavformat/mmsh.c
ffmpeg-8.1/libavformat/scd.c
ffmpeg-8.1/libavformat/ipmovie.c
ffmpeg-8.1/libavformat/ttmlenc.c
ffmpeg-8.1/libavformat/img2dec.c
ffmpeg-8.1/libavformat/libamqp.c
ffmpeg-8.1/libavformat/pp_bnk.c
ffmpeg-8.1/libavformat/matroskaenc.c
ffmpeg-8.1/libavformat/luodatdec.c
ffmpeg-8.1/libavformat/iamf.c
ffmpeg-8.1/libavformat/idcin.c
ffmpeg-8.1/RELEASE_NOTES
ffmpeg-8.1/compat/
ffmpeg-8.1/compat/android/
ffmpeg-8.1/compat/android/binder.c
ffmpeg-8.1/compat/android/binder.h
ffmpeg-8.1/compat/va_copy.h
ffmpeg-8.1/compat/os2threads.h
ffmpeg-8.1/compat/solaris/
ffmpeg-8.1/compat/solaris/make_sunver.pl
ffmpeg-8.1/compat/msvcrt/
ffmpeg-8.1/compat/msvcrt/snprintf.h
ffmpeg-8.1/compat/msvcrt/snprintf.c
ffmpeg-8.1/compat/stdbit/
ffmpeg-8.1/compat/stdbit/stdbit.h
ffmpeg-8.1/compat/float/
ffmpeg-8.1/compat/float/float.h
ffmpeg-8.1/compat/float/limits.h
ffmpeg-8.1/compat/cuda/
ffmpeg-8.1/compat/cuda/cuda_runtime.h
ffmpeg-8.1/compat/cuda/dynlink_loader.h
ffmpeg-8.1/compat/dispatch_semaphore/
ffmpeg-8.1/compat/dispatch_semaphore/semaphore.h
ffmpeg-8.1/compat/djgpp/
ffmpeg-8.1/compat/djgpp/math.h
ffmpeg-8.1/compat/djgpp/math.c
ffmpeg-8.1/compat/w32pthreads.h
ffmpeg-8.1/compat/atomics/
ffmpeg-8.1/compat/atomics/dummy/
ffmpeg-8.1/compat/atomics/dummy/stdatomic.h
ffmpeg-8.1/compat/atomics/win32/
ffmpeg-8.1/compat/atomics/win32/stdatomic.h
ffmpeg-8.1/compat/w32dlfcn.h
ffmpeg-8.1/compat/windows/
ffmpeg-8.1/compat/windows/mslink
ffmpeg-8.1/compat/windows/makedef
ffmpeg-8.1/compat/windows/mswindres
ffmpeg-8.1/compat/strtod.c
ffmpeg-8.1/compat/aix/
ffmpeg-8.1/compat/aix/math.h
ffmpeg-8.1/compat/getopt.c
ffmpeg-8.1/VERSION
ffmpeg-8.1/COPYING.GPLv2
ffmpeg-8.1/COPYING.LGPLv3
ffmpeg-8.1/Changelog
ffmpeg-8.1/FUNDING.json
ffmpeg-8.1/COPYING.GPLv3
ffmpeg-8.1/doc/
ffmpeg-8.1/doc/tablegen.txt
ffmpeg-8.1/doc/faq.texi
ffmpeg-8.1/doc/metadata.texi
ffmpeg-8.1/doc/fate_config.sh.template
ffmpeg-8.1/doc/decoders.texi
ffmpeg-8.1/doc/Makefile
ffmpeg-8.1/doc/formats.texi
ffmpeg-8.1/doc/fftools-common-opts.texi
ffmpeg-8.1/doc/protocols.texi
ffmpeg-8.1/doc/encoders.texi
ffmpeg-8.1/doc/ffmpeg.txt
ffmpeg-8.1/doc/platform.texi
ffmpeg-8.1/doc/lexicon
ffmpeg-8.1/doc/ffmpeg-scaler.texi
ffmpeg-8.1/doc/muxers.texi
ffmpeg-8.1/doc/build_system.txt
ffmpeg-8.1/doc/git-howto.texi
ffmpeg-8.1/doc/transforms.md
ffmpeg-8.1/doc/Doxyfile
ffmpeg-8.1/doc/libavutil.texi
ffmpeg-8.1/doc/examples/
ffmpeg-8.1/doc/examples/mux.c
ffmpeg-8.1/doc/examples/Makefile
ffmpeg-8.1/doc/examples/Makefile.example
ffmpeg-8.1/doc/examples/transcode_aac.c
ffmpeg-8.1/doc/examples/scale_video.c
ffmpeg-8.1/doc/examples/qsv_decode.c
ffmpeg-8.1/doc/examples/qsv_transcode.c
ffmpeg-8.1/doc/examples/avio_http_serve_files.c
ffmpeg-8.1/doc/examples/extract_mvs.c
ffmpeg-8.1/doc/examples/decode_filter_video.c
ffmpeg-8.1/doc/examples/hw_decode.c
ffmpeg-8.1/doc/examples/avio_read_callback.c
ffmpeg-8.1/doc/examples/decode_audio.c
ffmpeg-8.1/doc/examples/demux_decode.c
ffmpeg-8.1/doc/examples/resample_audio.c
ffmpeg-8.1/doc/examples/avio_list_dir.c
ffmpeg-8.1/doc/examples/decode_video.c
ffmpeg-8.1/doc/examples/README
ffmpeg-8.1/doc/examples/transcode.c
ffmpeg-8.1/doc/examples/remux.c
ffmpeg-8.1/doc/examples/vaapi_transcode.c
ffmpeg-8.1/doc/examples/vaapi_encode.c
ffmpeg-8.1/doc/examples/encode_audio.c
ffmpeg-8.1/doc/examples/show_metadata.c
ffmpeg-8.1/doc/examples/encode_video.c
ffmpeg-8.1/doc/examples/decode_filter_audio.c
ffmpeg-8.1/doc/examples/filter_audio.c
ffmpeg-8.1/doc/ffmpeg-utils.texi
ffmpeg-8.1/doc/swscale-v2.txt
ffmpeg-8.1/doc/libswresample.texi
ffmpeg-8.1/doc/t2h.init
ffmpeg-8.1/doc/drawvg-reference.texi
ffmpeg-8.1/doc/libavdevice.texi
ffmpeg-8.1/doc/devices.texi
ffmpeg-8.1/doc/bootstrap.min.css
ffmpeg-8.1/doc/issue_tracker.txt
ffmpeg-8.1/doc/scaler.texi
ffmpeg-8.1/doc/community.texi
ffmpeg-8.1/doc/print_options.c
ffmpeg-8.1/doc/mips.txt
ffmpeg-8.1/doc/APIchanges
ffmpeg-8.1/doc/fate.texi
ffmpeg-8.1/doc/swscale.txt
ffmpeg-8.1/doc/indevs.texi
ffmpeg-8.1/doc/swresample.txt
ffmpeg-8.1/doc/developer.texi
ffmpeg-8.1/doc/htmlxref.cnf
ffmpeg-8.1/doc/mailing-list-faq.texi
ffmpeg-8.1/doc/snow.txt
ffmpeg-8.1/doc/texidep.pl
ffmpeg-8.1/doc/doxy-wrapper.sh
ffmpeg-8.1/doc/errno.txt
ffmpeg-8.1/doc/general_contents.texi
ffmpeg-8.1/doc/ffmpeg-devices.texi
ffmpeg-8.1/doc/patchwork
ffmpeg-8.1/doc/writing_filters.txt
ffmpeg-8.1/doc/utils.texi
ffmpeg-8.1/doc/libavcodec.texi
ffmpeg-8.1/doc/ffmpeg-codecs.texi
ffmpeg-8.1/doc/libavformat.texi
ffmpeg-8.1/doc/doxy/
ffmpeg-8.1/doc/default.css
ffmpeg-8.1/doc/multithreading.txt
ffmpeg-8.1/doc/libavfilter.texi
ffmpeg-8.1/doc/ffmpeg-bitstream-filters.texi
ffmpeg-8.1/doc/codecs.texi
ffmpeg-8.1/doc/texi2pod.pl
ffmpeg-8.1/doc/ffmpeg-filters.texi
ffmpeg-8.1/doc/ffmpeg.texi
ffmpeg-8.1/doc/infra.txt
ffmpeg-8.1/doc/rate_distortion.txt
ffmpeg-8.1/doc/demuxers.texi
ffmpeg-8.1/doc/ffmpeg-protocols.texi
ffmpeg-8.1/doc/ffmpeg-formats.texi
ffmpeg-8.1/doc/t2h.pm
ffmpeg-8.1/doc/filters.texi
ffmpeg-8.1/doc/ffplay.texi
ffmpeg-8.1/doc/style.min.css
ffmpeg-8.1/doc/ffmpeg-resampler.texi
ffmpeg-8.1/doc/libswscale.texi
ffmpeg-8.1/doc/general.texi
ffmpeg-8.1/doc/optimization.txt
ffmpeg-8.1/doc/outdevs.texi
ffmpeg-8.1/doc/bitstream_filters.texi
ffmpeg-8.1/doc/nut.texi
ffmpeg-8.1/doc/filter_design.txt
ffmpeg-8.1/doc/ffprobe.texi
ffmpeg-8.1/doc/ffprobe.xsd
ffmpeg-8.1/doc/authors.texi
ffmpeg-8.1/doc/resampler.texi
ffmpeg-8.1/doc/undefined.txt
ffmpeg-8.1/tests/
ffmpeg-8.1/tests/Makefile
ffmpeg-8.1/tests/copycooker.sh
ffmpeg-8.1/tests/videogen.c
ffmpeg-8.1/tests/test.ffmeta
ffmpeg-8.1/tests/fate-run.sh
ffmpeg-8.1/tests/audiomatch.c
ffmpeg-8.1/tests/rotozoom.c
ffmpeg-8.1/tests/tiny_ssim.c
ffmpeg-8.1/tests/maps/
ffmpeg-8.1/tests/maps/fsync-up
ffmpeg-8.1/tests/maps/fsync-down
ffmpeg-8.1/tests/refcmp-metadata.awk
ffmpeg-8.1/tests/ref/
ffmpeg-8.1/tests/ref/lavf-fate/
ffmpeg-8.1/tests/ref/lavf-fate/h264.mp4
ffmpeg-8.1/tests/ref/lavf-fate/apv.mp4
ffmpeg-8.1/tests/ref/lavf-fate/vp8.ogg
ffmpeg-8.1/tests/ref/lavf-fate/hevc.flv
ffmpeg-8.1/tests/ref/lavf-fate/vvc.mkv
ffmpeg-8.1/tests/ref/lavf-fate/hevc.mp4
ffmpeg-8.1/tests/ref/lavf-fate/evc.mp4
ffmpeg-8.1/tests/ref/lavf-fate/vvc.mp4
ffmpeg-8.1/tests/ref/lavf-fate/mv_hevc.mov
ffmpeg-8.1/tests/ref/lavf-fate/vp3.ogg
ffmpeg-8.1/tests/ref/lavf-fate/cram.avi
ffmpeg-8.1/tests/ref/lavf-fate/latm
ffmpeg-8.1/tests/ref/lavf-fate/av1.mkv
ffmpeg-8.1/tests/ref/lavf-fate/mp3
ffmpeg-8.1/tests/ref/lavf-fate/av1.mp4
ffmpeg-8.1/tests/ref/lavf-fate/qtrle_mace6.mov
ffmpeg-8.1/tests/ref/fate/
ffmpeg-8.1/tests/ref/fate/apv-422-10
ffmpeg-8.1/tests/ref/fate/mov-neg-firstpts-discard-frames
ffmpeg-8.1/tests/ref/fate/h264-conformance-caba3_sva_b
ffmpeg-8.1/tests/ref/fate/hevc-conformance-RPS_D_ericsson_6
ffmpeg-8.1/tests/ref/fate/matroska-vp8-alpha-remux
ffmpeg-8.1/tests/ref/fate/matroska-h264-remux
ffmpeg-8.1/tests/ref/fate/h264-conformance-frext-hcafr2_hhi_a
ffmpeg-8.1/tests/ref/fate/jpg-rgb-baseline
ffmpeg-8.1/tests/ref/fate/channel_layout
ffmpeg-8.1/tests/ref/fate/vvc-conformance-TILE_A_2
ffmpeg-8.1/tests/ref/fate/dca-xll_51_16_192_768_0
ffmpeg-8.1/tests/ref/fate/filter-shuffleplanes-dup-luma
ffmpeg-8.1/tests/ref/fate/iamf-ambisonic_1-projection-demux
ffmpeg-8.1/tests/ref/fate/utvideo_yuv420_gradient
ffmpeg-8.1/tests/ref/fate/hevc-conformance-AMP_D_Hisilicon
ffmpeg-8.1/tests/ref/fate/dfa8
ffmpeg-8.1/tests/ref/fate/tiff-fax-g3
ffmpeg-8.1/tests/ref/fate/utvideoenc_yuv444_median
ffmpeg-8.1/tests/ref/fate/vp9-03-size-210x226
ffmpeg-8.1/tests/ref/fate/sub-sami
ffmpeg-8.1/tests/ref/fate/cdxl-ham6
ffmpeg-8.1/tests/ref/fate/bmp-32bit-mask
ffmpeg-8.1/tests/ref/fate/hevc-conformance-RPS_A_docomo_4
ffmpeg-8.1/tests/ref/fate/qpeg
ffmpeg-8.1/tests/ref/fate/sub-microdvd
ffmpeg-8.1/tests/ref/fate/paf-demux
ffmpeg-8.1/tests/ref/fate/mov-heic-demux-still-image-multiple-items
ffmpeg-8.1/tests/ref/fate/filter-pixdesc-p216be
ffmpeg-8.1/tests/ref/fate/mov-neg-firstpts-discard
ffmpeg-8.1/tests/ref/fate/hevc-conformance-DELTAQP_B_SONY_3
ffmpeg-8.1/tests/ref/fate/iff-ilbm
ffmpeg-8.1/tests/ref/fate/brstm
ffmpeg-8.1/tests/ref/fate/tiff-zip-rgbf32le
ffmpeg-8.1/tests/ref/fate/audiomatch-afconvert-44100-stereo-he2-adts
ffmpeg-8.1/tests/ref/fate/d-eavp6-demux
ffmpeg-8.1/tests/ref/fate/loco-yuy2
ffmpeg-8.1/tests/ref/fate/h264-conformance-canl1_sony_e
ffmpeg-8.1/tests/ref/fate/dxv-dxt1
ffmpeg-8.1/tests/ref/fate/filter-trim-mixed
ffmpeg-8.1/tests/ref/fate/lossless-meridianaudio
ffmpeg-8.1/tests/ref/fate/adpcm-ima-cunning-single
ffmpeg-8.1/tests/ref/fate/pcm_dvd-24-5.1-48000
ffmpeg-8.1/tests/ref/fate/vp9-03-size-224x202
ffmpeg-8.1/tests/ref/fate/hls-init-time
ffmpeg-8.1/tests/ref/fate/lead-yuv420p-half
ffmpeg-8.1/tests/ref/fate/targa-conformance-UTC16
ffmpeg-8.1/tests/ref/fate/h264_mp4toannexb_ticket5927
ffmpeg-8.1/tests/ref/fate/dds-dxt5-ycocg
ffmpeg-8.1/tests/ref/fate/w64
ffmpeg-8.1/tests/ref/fate/h264-conformance-cvmapaqp3_sony_e
ffmpeg-8.1/tests/ref/fate/filter-atrim-mixed
ffmpeg-8.1/tests/ref/fate/hevc-conformance-ipcm_E_NEC_2
ffmpeg-8.1/tests/ref/fate/cdgraphics
ffmpeg-8.1/tests/ref/fate/qt-ima4-mono
ffmpeg-8.1/tests/ref/fate/flv-add_keyframe_index
ffmpeg-8.1/tests/ref/fate/mxf-demux
ffmpeg-8.1/tests/ref/fate/apng-dispose-previous
ffmpeg-8.1/tests/ref/fate/audiomatch-nero-16000-mono-lc-m4a
ffmpeg-8.1/tests/ref/fate/exr-rgb-tile-pxr24-half-float-l1
ffmpeg-8.1/tests/ref/fate/vp9-02-size-10x34
ffmpeg-8.1/tests/ref/fate/vp9-02-size-16x34
ffmpeg-8.1/tests/ref/fate/speedhq-422
ffmpeg-8.1/tests/ref/fate/hevc-conformance-SLIST_B_Sony_8
ffmpeg-8.1/tests/ref/fate/cbs-hevc-HRD_A_Fujitsu_2
ffmpeg-8.1/tests/ref/fate/hevc-conformance-TSKIP_A_MS_3
ffmpeg-8.1/tests/ref/fate/dds-dxt5-xgbr
ffmpeg-8.1/tests/ref/fate/interplay-mve-8bit
ffmpeg-8.1/tests/ref/fate/filter-interlace
ffmpeg-8.1/tests/ref/fate/adts-id3v2-demux
ffmpeg-8.1/tests/ref/fate/vp9-03-size-200x198
ffmpeg-8.1/tests/ref/fate/hevc-conformance-STRUCT_B_Samsung_6
ffmpeg-8.1/tests/ref/fate/filter-colorbalance
ffmpeg-8.1/tests/ref/fate/exr-rgb-scanline-float-piz-48x32
ffmpeg-8.1/tests/ref/fate/hevc-conformance-SLICES_A_Rovi_3
ffmpeg-8.1/tests/ref/fate/utvideoenc_yuv420_left
ffmpeg-8.1/tests/ref/fate/filter-pixdesc-gbrp9le
ffmpeg-8.1/tests/ref/fate/utvideoenc_yuv422_left
ffmpeg-8.1/tests/ref/fate/adts-id3v2-two-tags-demux
ffmpeg-8.1/tests/ref/fate/vp8-test-vector-009
ffmpeg-8.1/tests/ref/fate/hevc-conformance-WPP_E_ericsson_MAIN_2
ffmpeg-8.1/tests/ref/fate/hevc-conformance-SAO_D_Samsung_4
ffmpeg-8.1/tests/ref/fate/exr-rgba-zip16-16x32-flag4
ffmpeg-8.1/tests/ref/fate/filter-stereo3d-sbsl-abr
ffmpeg-8.1/tests/ref/fate/filter-pixdesc-gray10be
ffmpeg-8.1/tests/ref/fate/dds-dx10-bc1a
ffmpeg-8.1/tests/ref/fate/adpcm-thp
ffmpeg-8.1/tests/ref/fate/hevc-conformance-IPRED_B_Nokia_3
ffmpeg-8.1/tests/ref/fate/sub-ass-to-ass-transcode
ffmpeg-8.1/tests/ref/fate/filter-fps-down
ffmpeg-8.1/tests/ref/fate/audiomatch-dolby-44100-stereo-he2-mp4
ffmpeg-8.1/tests/ref/fate/adpcm-ima-apc
ffmpeg-8.1/tests/ref/fate/adpcm-ima-cunning-trunc-t1
ffmpeg-8.1/tests/ref/fate/vp9-03-size-224x224
ffmpeg-8.1/tests/ref/fate/vp9-00-quantizer-33
ffmpeg-8.1/tests/ref/fate/cbs-mpeg2-sony-ct3
ffmpeg-8.1/tests/ref/fate/nc-demux
ffmpeg-8.1/tests/ref/fate/filter-pixdesc-p412be
ffmpeg-8.1/tests/ref/fate/filter-pixdesc-yuva444p9le
ffmpeg-8.1/tests/ref/fate/mov-mp4-iamf-7_1_4-video-last
ffmpeg-8.1/tests/ref/fate/filter-pixdesc-yuv411p
ffmpeg-8.1/tests/ref/fate/jpegls-ilv1-rst
ffmpeg-8.1/tests/ref/fate/psd-ya16
ffmpeg-8.1/tests/ref/fate/filter-aselect
ffmpeg-8.1/tests/ref/fate/h264-conformance-ba1_ft_c
ffmpeg-8.1/tests/ref/fate/vp9-02-size-64x34
ffmpeg-8.1/tests/ref/fate/audiomatch-afconvert-16000-stereo-lc-adts
ffmpeg-8.1/tests/ref/fate/filter-pixdesc-gbrap10be
ffmpeg-8.1/tests/ref/fate/h264-conformance-sharp_mp_field_1_b
ffmpeg-8.1/tests/ref/fate/force_key_frames-source-drop
ffmpeg-8.1/tests/ref/fate/vp9p3-20-12bit-yuv440
ffmpeg-8.1/tests/ref/fate/hevc-conformance-RQT_D_HHI_4
ffmpeg-8.1/tests/ref/fate/mov-bbi-elst-starts-b
ffmpeg-8.1/tests/ref/fate/filter-pixdesc-y210le
ffmpeg-8.1/tests/ref/fate/vp9-00-quantizer-07
ffmpeg-8.1/tests/ref/fate/dds-xrgb
ffmpeg-8.1/tests/ref/fate/amrwb-remux
ffmpeg-8.1/tests/ref/fate/h264-conformance-capcmnl1_sand_e
ffmpeg-8.1/tests/ref/fate/filter-pixdesc-yuv422p14le
ffmpeg-8.1/tests/ref/fate/dds-dxt1-normalmap
ffmpeg-8.1/tests/ref/fate/ffmpeg-fix_sub_duration_heartbeat
ffmpeg-8.1/tests/ref/fate/vp9-03-size-208x210
ffmpeg-8.1/tests/ref/fate/ffprobe_xsd
ffmpeg-8.1/tests/ref/fate/png-icc
ffmpeg-8.1/tests/ref/fate/audiomatch-afconvert-44100-stereo-lc-adts
ffmpeg-8.1/tests/ref/fate/crc
ffmpeg-8.1/tests/ref/fate/dds-dx10-bc1
ffmpeg-8.1/tests/ref/fate/dfa5
ffmpeg-8.1/tests/ref/fate/vvc-conformance-FIELD_A_4
ffmpeg-8.1/tests/ref/fate/dca-xll_71_24_48_768_1-dmix_2
ffmpeg-8.1/tests/ref/fate/vp9-02-size-64x08
ffmpeg-8.1/tests/ref/fate/oma-atrac3-remux
ffmpeg-8.1/tests/ref/fate/pcm_dvd-24-1-48000
ffmpeg-8.1/tests/ref/fate/cbs-av1-av1-1-b8-04-cdfupdate
ffmpeg-8.1/tests/ref/fate/vp9-10-show-existing-frame2
ffmpeg-8.1/tests/ref/fate/sub-microdvd-remux
ffmpeg-8.1/tests/ref/fate/audiomatch-afconvert-44100-stereo-he-m4a
ffmpeg-8.1/tests/ref/fate/adpcm-vima
ffmpeg-8.1/tests/ref/fate/ea-tgq
ffmpeg-8.1/tests/ref/fate/filter-frei0r-filter
ffmpeg-8.1/tests/ref/fate/utvideo_rgb_left
ffmpeg-8.1/tests/ref/fate/adts-id3v1-demux
ffmpeg-8.1/tests/ref/fate/h264-conformance-canlma2_sony_c
ffmpeg-8.1/tests/ref/fate/sws-yuv-range
ffmpeg-8.1/tests/ref/fate/mlv-demux
ffmpeg-8.1/tests/ref/fate/zmbv-16bit
ffmpeg-8.1/tests/ref/fate/hevc-mv-nuh-layer-id
ffmpeg-8.1/tests/ref/fate/cbs-vvc-PHSH_B_1
ffmpeg-8.1/tests/ref/fate/sws-ops-list
ffmpeg-8.1/tests/ref/fate/utvideo_rgb_int_median
ffmpeg-8.1/tests/ref/fate/exr-rgba-scanline-float-half-b44a-13x9-l1
ffmpeg-8.1/tests/ref/fate/hevc-paramchange-yuv420p-yuv420p10
ffmpeg-8.1/tests/ref/fate/jpg-rgb-2
ffmpeg-8.1/tests/ref/fate/filter-metadata-silencedetect
ffmpeg-8.1/tests/ref/fate/exr-rgb-scanline-half-piz-color
ffmpeg-8.1/tests/ref/fate/sgi-rgba
ffmpeg-8.1/tests/ref/fate/hevc-cabac-tudepth
ffmpeg-8.1/tests/ref/fate/sgi-rgb24
ffmpeg-8.1/tests/ref/fate/h264-conformance-cvpcmnl1_sva_c
ffmpeg-8.1/tests/ref/fate/filter-overlay_gbrp_gbrap
ffmpeg-8.1/tests/ref/fate/exr-rgb-scanline-rle-half-float-l1
ffmpeg-8.1/tests/ref/fate/hevc-conformance-WP_A_MAIN10_Toshiba_3
ffmpeg-8.1/tests/ref/fate/hevc-conformance-RPLM_B_qualcomm_4
ffmpeg-8.1/tests/ref/fate/hevc-conformance-ipcm_A_NEC_3
ffmpeg-8.1/tests/ref/fate/hevc-conformance-TMVP_A_MS_3
ffmpeg-8.1/tests/ref/fate/cbs-hevc-PICSIZE_B_Bossen_1
ffmpeg-8.1/tests/ref/fate/mov-mp4-iamf-7_1_4-video-first
ffmpeg-8.1/tests/ref/fate/filter-pixdesc-yuv420p
ffmpeg-8.1/tests/ref/fate/brenderpix-defpal
ffmpeg-8.1/tests/ref/fate/filter-pan-mono1
ffmpeg-8.1/tests/ref/fate/vp8-size-change
ffmpeg-8.1/tests/ref/fate/filter-pixdesc-gray16le
ffmpeg-8.1/tests/ref/fate/sub-scc-remux
ffmpeg-8.1/tests/ref/fate/vp9-00-quantizer-26
ffmpeg-8.1/tests/ref/fate/filter-afade-hsin
ffmpeg-8.1/tests/ref/fate/h264-conformance-frext-hpcvflnl_bcrm_a
ffmpeg-8.1/tests/ref/fate/filter-pixdesc-ayuv64be
ffmpeg-8.1/tests/ref/fate/filter-stereo3d-sbsl-agmc
ffmpeg-8.1/tests/ref/fate/lagarith-rgb32
ffmpeg-8.1/tests/ref/fate/exr-slice-raw
ffmpeg-8.1/tests/ref/fate/ansi256
ffmpeg-8.1/tests/ref/fate/apng-dispose-background
ffmpeg-8.1/tests/ref/fate/filter-waveform_uv
ffmpeg-8.1/tests/ref/fate/dds-rgtc2s
ffmpeg-8.1/tests/ref/fate/vp9-02-size-10x66
ffmpeg-8.1/tests/ref/fate/filter-pixdesc-yuva420p9le
ffmpeg-8.1/tests/ref/fate/filter-untile-yuv422p
ffmpeg-8.1/tests/ref/fate/filter-pixdesc-0rgb
ffmpeg-8.1/tests/ref/fate/mpeg4-packed
ffmpeg-8.1/tests/ref/fate/filter-edgedetect
ffmpeg-8.1/tests/ref/fate/av1-annexb-demux
ffmpeg-8.1/tests/ref/fate/filter-concat
ffmpeg-8.1/tests/ref/fate/wav-ac3
ffmpeg-8.1/tests/ref/fate/filter-stereo3d-abr-ml
ffmpeg-8.1/tests/ref/fate/rawvideo-rgb-demux
ffmpeg-8.1/tests/ref/fate/hevc-conformance-PMERGE_E_TI_3
ffmpeg-8.1/tests/ref/fate/filter-idet
ffmpeg-8.1/tests/ref/fate/segafilm-s8-remux
ffmpeg-8.1/tests/ref/fate/tmv
ffmpeg-8.1/tests/ref/fate/exr-rgb-scanline-half-piz-bw
ffmpeg-8.1/tests/ref/fate/filter-pixdesc-yuva444p
ffmpeg-8.1/tests/ref/fate/h264-conformance-sharp_mp_paff_1r2
ffmpeg-8.1/tests/ref/fate/mov-mp4-chapters
ffmpeg-8.1/tests/ref/fate/jxl-multiframe-permuted-toc
ffmpeg-8.1/tests/ref/fate/fraps-v1
ffmpeg-8.1/tests/ref/fate/filter-concat-vfr
ffmpeg-8.1/tests/ref/fate/filter-anequalizer
ffmpeg-8.1/tests/ref/fate/filter-gradfun
ffmpeg-8.1/tests/ref/fate/gifenc-bgr4_byte
ffmpeg-8.1/tests/ref/fate/mov-mp4-iamf-stereo
ffmpeg-8.1/tests/ref/fate/filter-unsharp-yuv420p10
ffmpeg-8.1/tests/ref/fate/hevc-conformance-IPCM_B_RExt_NEC
ffmpeg-8.1/tests/ref/fate/filter-pixdesc-yuva444p9be
ffmpeg-8.1/tests/ref/fate/filter-pixdesc-rgba64le
ffmpeg-8.1/tests/ref/fate/hevc-mv-ltr
ffmpeg-8.1/tests/ref/fate/iscc
ffmpeg-8.1/tests/ref/fate/dca-xll_51_16_192_768_1-dmix_2
ffmpeg-8.1/tests/ref/fate/cbs-av1-av1-1-b8-06-mfmv
ffmpeg-8.1/tests/ref/fate/hevc-hdr10-plus-metadata
ffmpeg-8.1/tests/ref/fate/vp5
ffmpeg-8.1/tests/ref/fate/012v
ffmpeg-8.1/tests/ref/fate/matroska-dovi-write-config8
ffmpeg-8.1/tests/ref/fate/wavpack-lossy-16bit
ffmpeg-8.1/tests/ref/fate/imf-cpl-with-repeat
ffmpeg-8.1/tests/ref/fate/h264-attachment-631
ffmpeg-8.1/tests/ref/fate/nistsphere-demux
ffmpeg-8.1/tests/ref/fate/hevc-conformance-LS_B_ORANGE_4
ffmpeg-8.1/tests/ref/fate/filter-stereo3d-al-sbsl
ffmpeg-8.1/tests/ref/fate/dfa1
ffmpeg-8.1/tests/ref/fate/audiomatch-afconvert-44100-stereo-he2-m4a
ffmpeg-8.1/tests/ref/fate/mxf-opatom-user-comments
ffmpeg-8.1/tests/ref/fate/h264-bsf-redundant-pps-side-data2
ffmpeg-8.1/tests/ref/fate/filter-removegrain-mode-00
ffmpeg-8.1/tests/ref/fate/vp9-01-sharpness-4
ffmpeg-8.1/tests/ref/fate/vp9-00-quantizer-34
ffmpeg-8.1/tests/ref/fate/rl2
ffmpeg-8.1/tests/ref/fate/vp9-00-quantizer-19
ffmpeg-8.1/tests/ref/fate/cbs-vvc-SCALING_A_1
ffmpeg-8.1/tests/ref/fate/oma-atrac3p-remux
ffmpeg-8.1/tests/ref/fate/filter-refcmp-xpsnr-yuv
ffmpeg-8.1/tests/ref/fate/h264-conformance-frext-brcm_freh11
ffmpeg-8.1/tests/ref/fate/vp9-00-quantizer-23
ffmpeg-8.1/tests/ref/fate/filter-pixdesc-bgr555be
ffmpeg-8.1/tests/ref/fate/sub-cc
ffmpeg-8.1/tests/ref/fate/filter-overlay_yuv422_yuva422
ffmpeg-8.1/tests/ref/fate/filter-pixfmts-pad
ffmpeg-8.1/tests/ref/fate/jpg-rgb-1
ffmpeg-8.1/tests/ref/fate/hevc-conformance-WP_MAIN10_B_Toshiba_3
ffmpeg-8.1/tests/ref/fate/prores-gray
ffmpeg-8.1/tests/ref/fate/hevc-conformance-AMP_B_Samsung_4
ffmpeg-8.1/tests/ref/fate/creatureshock-avs
ffmpeg-8.1/tests/ref/fate/filter-median
ffmpeg-8.1/tests/ref/fate/h264-conformance-cawp1_toshiba_e
ffmpeg-8.1/tests/ref/fate/vp9-03-size-196x208
ffmpeg-8.1/tests/ref/fate/filter-removegrain-mode-21
ffmpeg-8.1/tests/ref/fate/hevc-conformance-QMATRIX_A_RExt_Sony_1
ffmpeg-8.1/tests/ref/fate/cbs-av1-av1-1-b8-03-sizeup
ffmpeg-8.1/tests/ref/fate/exr-rgba-scanline-float-half-b44a-13x9-l2
ffmpeg-8.1/tests/ref/fate/rv60-512x512
ffmpeg-8.1/tests/ref/fate/h264-bsf-mp4toannexb
ffmpeg-8.1/tests/ref/fate/mxf-metadata-source-ref2
ffmpeg-8.1/tests/ref/fate/cljr
ffmpeg-8.1/tests/ref/fate/timefilter
ffmpeg-8.1/tests/ref/fate/hapqa-extract-snappy1-to-hapq
ffmpeg-8.1/tests/ref/fate/wavpack-channels-monofloat
ffmpeg-8.1/tests/ref/fate/hevc-conformance-AMP_A_Samsung_6
ffmpeg-8.1/tests/ref/fate/vvc-conformance-SCALING_A_1
ffmpeg-8.1/tests/ref/fate/canopus-hq_hqa-inter
ffmpeg-8.1/tests/ref/fate/dds-dxt1a
ffmpeg-8.1/tests/ref/fate/filter-drawvg-video
ffmpeg-8.1/tests/ref/fate/h264-interlace-crop
ffmpeg-8.1/tests/ref/fate/cbs-hevc-CONFWIN_A_Sony_1
ffmpeg-8.1/tests/ref/fate/filter-fade
ffmpeg-8.1/tests/ref/fate/gaplessenc-pcm-to-mov-aac
ffmpeg-8.1/tests/ref/fate/wavpack-channels-monoint
ffmpeg-8.1/tests/ref/fate/side_data_array
ffmpeg-8.1/tests/ref/fate/h264-bsf-redundant-pps-annexb
ffmpeg-8.1/tests/ref/fate/hevc-conformance-DSLICE_A_HHI_5
ffmpeg-8.1/tests/ref/fate/lossless-tta
ffmpeg-8.1/tests/ref/fate/blowfish
ffmpeg-8.1/tests/ref/fate/sha
ffmpeg-8.1/tests/ref/fate/tscc2-avi
ffmpeg-8.1/tests/ref/fate/filter-scale-premultiply
ffmpeg-8.1/tests/ref/fate/jpeg2000dec-ds0_ht_01_b11
ffmpeg-8.1/tests/ref/fate/h264-conformance-mv1_brcm_d
ffmpeg-8.1/tests/ref/fate/h264-conformance-canl3_sva_b
ffmpeg-8.1/tests/ref/fate/fitsdec-multi
ffmpeg-8.1/tests/ref/fate/h264-conformance-frext-freh12_b
ffmpeg-8.1/tests/ref/fate/vp9-03-size-196x226
ffmpeg-8.1/tests/ref/fate/mxf-remux-applehdr10
ffmpeg-8.1/tests/ref/fate/libx264-hdr10
ffmpeg-8.1/tests/ref/fate/bmp-4bit
ffmpeg-8.1/tests/ref/fate/hevc-conformance-DSLICE_C_HHI_5
ffmpeg-8.1/tests/ref/fate/wavpack-lossless-12bit
ffmpeg-8.1/tests/ref/fate/hevc-conformance-SLPPLP_A_VIDYO_1
ffmpeg-8.1/tests/ref/fate/prores-422_lt
ffmpeg-8.1/tests/ref/fate/matroska-alac-remux
ffmpeg-8.1/tests/ref/fate/hevc-conformance-PPS_A_qualcomm_7
ffmpeg-8.1/tests/ref/fate/hevc-conformance-WPP_A_ericsson_MAIN_2
ffmpeg-8.1/tests/ref/fate/utvideo_yuv422_left
ffmpeg-8.1/tests/ref/fate/vp9-02-size-08x18
ffmpeg-8.1/tests/ref/fate/filter-crop_scale
ffmpeg-8.1/tests/ref/fate/h264-conformance-frext-pph422i3_panasonic_a
ffmpeg-8.1/tests/ref/fate/h264-conformance-frext-hpcamapalq_bcrm_b
ffmpeg-8.1/tests/ref/fate/spdif-eac3
ffmpeg-8.1/tests/ref/fate/utvideo_yuv420_median
ffmpeg-8.1/tests/ref/fate/filter-palettegen-2
ffmpeg-8.1/tests/ref/fate/qtrle-8bit
ffmpeg-8.1/tests/ref/fate/psd-rgbxx
ffmpeg-8.1/tests/ref/fate/filter-pixdesc-gray10msbbe
ffmpeg-8.1/tests/ref/fate/wavpack-speed-default
ffmpeg-8.1/tests/ref/fate/filter-ep2x
ffmpeg-8.1/tests/ref/fate/h264-conformance-ba2_sony_f
ffmpeg-8.1/tests/ref/fate/concat-demuxer-simple1-lavf-mxf_d10
ffmpeg-8.1/tests/ref/fate/adpcm-ima-cunning-trunc-t2-track1
ffmpeg-8.1/tests/ref/fate/jpegls-7bpc
ffmpeg-8.1/tests/ref/fate/matroska-hdr10-plus-remux
ffmpeg-8.1/tests/ref/fate/filter-pixdesc-yuv420p14be
ffmpeg-8.1/tests/ref/fate/hevc-conformance-Main_422_10_B_RExt_Sony_1
ffmpeg-8.1/tests/ref/fate/filter-pp7
ffmpeg-8.1/tests/ref/fate/hevc-conformance-BUMPING_A_ericsson_1
ffmpeg-8.1/tests/ref/fate/wavpack-falsestereo
ffmpeg-8.1/tests/ref/fate/cbs-hevc-NUT_A_ericsson_5
ffmpeg-8.1/tests/ref/fate/filter-yadif-mode1
ffmpeg-8.1/tests/ref/fate/filter-asegment-timestamps-absolute
ffmpeg-8.1/tests/ref/fate/h264-conformance-sharp_mp_paff_2r
ffmpeg-8.1/tests/ref/fate/cbs-hevc-CAINIT_H_SHARP_3
ffmpeg-8.1/tests/ref/fate/hevc-conformance-RQT_G_HHI_4
ffmpeg-8.1/tests/ref/fate/vp9-00-quantizer-04
ffmpeg-8.1/tests/ref/fate/adpcm-ima-cunning-track1
ffmpeg-8.1/tests/ref/fate/audiomatch-faac-16000-stereo-lc-m4a
ffmpeg-8.1/tests/ref/fate/filter-removegrain-mode-09
ffmpeg-8.1/tests/ref/fate/filter-pixdesc-rgb8
ffmpeg-8.1/tests/ref/fate/vp9-03-size-198x208
ffmpeg-8.1/tests/ref/fate/apng-osample
ffmpeg-8.1/tests/ref/fate/dxtory
ffmpeg-8.1/tests/ref/fate/h264-conformance-mr2_mw_a
ffmpeg-8.1/tests/ref/fate/ra3-144
ffmpeg-8.1/tests/ref/fate/cbs-av1-av1-1-b8-23-film_grain-50
ffmpeg-8.1/tests/ref/fate/filter-overlay_yuv422p10
ffmpeg-8.1/tests/ref/fate/filter-pixfmts-lut
ffmpeg-8.1/tests/ref/fate/sub-subviewer
ffmpeg-8.1/tests/ref/fate/filter-pixdesc-yuva420p9be
ffmpeg-8.1/tests/ref/fate/filter-fps-up
ffmpeg-8.1/tests/ref/fate/matroska-ogg-opus-remux
ffmpeg-8.1/tests/ref/fate/filter-pixdesc-rgb565be
ffmpeg-8.1/tests/ref/fate/exr-rgb-scanline-half-b44-13x9
ffmpeg-8.1/tests/ref/fate/png-rgba64
ffmpeg-8.1/tests/ref/fate/vp9-00-quantizer-49
ffmpeg-8.1/tests/ref/fate/filter-select
ffmpeg-8.1/tests/ref/fate/h264-lossless
ffmpeg-8.1/tests/ref/fate/exr-rgb-tile-half-float-b44-12x8-l2
ffmpeg-8.1/tests/ref/fate/matroska-crop
ffmpeg-8.1/tests/ref/fate/filter-hq4x
ffmpeg-8.1/tests/ref/fate/vp9-00-quantizer-46
ffmpeg-8.1/tests/ref/fate/matroska-zlib-decompression
ffmpeg-8.1/tests/ref/fate/filter-paletteuse-nodither
ffmpeg-8.1/tests/ref/fate/filter-pixdesc-p410be
ffmpeg-8.1/tests/ref/fate/matroska-flac-channel-mapping
ffmpeg-8.1/tests/ref/fate/h264-conformance-cvbs3_sony_c
ffmpeg-8.1/tests/ref/fate/cbs-hevc-CAINIT_E_SHARP_3
ffmpeg-8.1/tests/ref/fate/vvc-conformance-POC_A_1
ffmpeg-8.1/tests/ref/fate/h264-conformance-frext-pph422i4_panasonic_a
ffmpeg-8.1/tests/ref/fate/filter-showpalette
ffmpeg-8.1/tests/ref/fate/dca-xll
ffmpeg-8.1/tests/ref/fate/filter-smptebars
ffmpeg-8.1/tests/ref/fate/h264-direct-bff
ffmpeg-8.1/tests/ref/fate/filter-pixdesc-yuv420p10be
ffmpeg-8.1/tests/ref/fate/caf-amr_nb-remux
ffmpeg-8.1/tests/ref/fate/filter-vectorscope_xy
ffmpeg-8.1/tests/ref/fate/filter-pixdesc-gbrap12le
ffmpeg-8.1/tests/ref/fate/vvc-conformance-STILL_B_1
ffmpeg-8.1/tests/ref/fate/filter-pixdesc-yuva422p9le
ffmpeg-8.1/tests/ref/fate/dds-dxt5-ycocg-scaled
ffmpeg-8.1/tests/ref/fate/iamf-ambisonic_1
ffmpeg-8.1/tests/ref/fate/matroska-spherical-mono-remux
ffmpeg-8.1/tests/ref/fate/hevc-conformance-PS_A_VIDYO_3
ffmpeg-8.1/tests/ref/fate/filter-pixdesc-rgb4_byte
ffmpeg-8.1/tests/ref/fate/vvc-conformance-WP_A_3
ffmpeg-8.1/tests/ref/fate/mov-frag-overlap
ffmpeg-8.1/tests/ref/fate/wavpack-lossless-dsd
ffmpeg-8.1/tests/ref/fate/h264-conformance-frext-hpcanl_brcm_c
ffmpeg-8.1/tests/ref/fate/lossless-wma24-1
ffmpeg-8.1/tests/ref/fate/hevc-two-first-slice
ffmpeg-8.1/tests/ref/fate/audiomatch-afconvert-16000-mono-he-m4a
ffmpeg-8.1/tests/ref/fate/filter-pixfmts-hflip
ffmpeg-8.1/tests/ref/fate/cbs-apv-profile_422-10
ffmpeg-8.1/tests/ref/fate/filter-pixdesc-yuv444p16be
ffmpeg-8.1/tests/ref/fate/dds-pal
ffmpeg-8.1/tests/ref/fate/cbs-vvc-RAP_A_1
ffmpeg-8.1/tests/ref/fate/cbs-vvc-BOUNDARY_A_3
ffmpeg-8.1/tests/ref/fate/mpeg4-als-conformance-02
ffmpeg-8.1/tests/ref/fate/ogg-opus-chained-meta.txt
ffmpeg-8.1/tests/ref/fate/hevc-conformance-CIP_C_Panasonic_2
ffmpeg-8.1/tests/ref/fate/avid-interlaced
ffmpeg-8.1/tests/ref/fate/filter-spp
ffmpeg-8.1/tests/ref/fate/mxf-missing-index-demux
ffmpeg-8.1/tests/ref/fate/filter-negate
ffmpeg-8.1/tests/ref/fate/vp9-00-quantizer-52
ffmpeg-8.1/tests/ref/fate/bmp-15bit
ffmpeg-8.1/tests/ref/fate/filter-metadata-freezedetect
ffmpeg-8.1/tests/ref/fate/vp9-02-size-66x32
ffmpeg-8.1/tests/ref/fate/hevc-conformance-RQT_F_HHI_4
ffmpeg-8.1/tests/ref/fate/h264-conformance-mr1_mw_a
ffmpeg-8.1/tests/ref/fate/mss2-region
ffmpeg-8.1/tests/ref/fate/hevc-conformance-CAINIT_H_SHARP_3
ffmpeg-8.1/tests/ref/fate/h264-conformance-cvnlfi1_sony_c
ffmpeg-8.1/tests/ref/fate/fitsdec-ext_data_min_max
ffmpeg-8.1/tests/ref/fate/libx264-simple
ffmpeg-8.1/tests/ref/fate/bmp-24bit
ffmpeg-8.1/tests/ref/fate/adpcm-4xm
ffmpeg-8.1/tests/ref/fate/cvid-partial
ffmpeg-8.1/tests/ref/fate/binsub-mksenc
ffmpeg-8.1/tests/ref/fate/vp9-10-show-existing-frame
ffmpeg-8.1/tests/ref/fate/h264-conformance-capm3_sony_d
ffmpeg-8.1/tests/ref/fate/vp9-00-quantizer-35
ffmpeg-8.1/tests/ref/fate/filter-fps
ffmpeg-8.1/tests/ref/fate/h264-encparams
ffmpeg-8.1/tests/ref/fate/cbs-vp9-vp90-2-05-resize
ffmpeg-8.1/tests/ref/fate/filter-removegrain-mode-22
ffmpeg-8.1/tests/ref/fate/sub-movtext
ffmpeg-8.1/tests/ref/fate/filter-hls-append
ffmpeg-8.1/tests/ref/fate/tiff-fax-g3s
ffmpeg-8.1/tests/ref/fate/filter-vflip_crop
ffmpeg-8.1/tests/ref/fate/dca-xll_51_24_48_768-dmix_2
ffmpeg-8.1/tests/ref/fate/filter-pixfmts-field
ffmpeg-8.1/tests/ref/fate/vp9-00-quantizer-47
ffmpeg-8.1/tests/ref/fate/canopus-cllc-rgb
ffmpeg-8.1/tests/ref/fate/bink-video-f
ffmpeg-8.1/tests/ref/fate/filter-pixdesc-nv12
ffmpeg-8.1/tests/ref/fate/filter-pixdesc-nv16
ffmpeg-8.1/tests/ref/fate/utvideo_rgba_median
ffmpeg-8.1/tests/ref/fate/audiomatch-afconvert-44100-mono-lc-adts
ffmpeg-8.1/tests/ref/fate/hevc-conformance-WPP_HIGH_TP_444_8BIT_RExt_Apple_2
ffmpeg-8.1/tests/ref/fate/h264-bsf-redundant-pps-mov
ffmpeg-8.1/tests/ref/fate/vvc-conformance-SPS_B_1
ffmpeg-8.1/tests/ref/fate/h264-conformance-frext-brcm_freh5
ffmpeg-8.1/tests/ref/fate/exr-rgb-tile-half-piz-dw-large
ffmpeg-8.1/tests/ref/fate/cbs-h264-CVNLFI1_Sony_C
ffmpeg-8.1/tests/ref/fate/filter-meta-4560-rotate0
ffmpeg-8.1/tests/ref/fate/hevc-conformance-DBLK_E_VIXS_2
ffmpeg-8.1/tests/ref/fate/filter-pixdesc-xv30le
ffmpeg-8.1/tests/ref/fate/filter-pixdesc-yuvj440p
ffmpeg-8.1/tests/ref/fate/wc3movie-xan
ffmpeg-8.1/tests/ref/fate/exr-rgb-scanline-half-zip-dw-outside
ffmpeg-8.1/tests/ref/fate/d-cinema-demux
ffmpeg-8.1/tests/ref/fate/audiomatch-nero-44100-mono-he-m4a
ffmpeg-8.1/tests/ref/fate/exr-rgb-tile-zip1-half-float-l2
ffmpeg-8.1/tests/ref/fate/exr-rgb-scanline-none-negative-red
ffmpeg-8.1/tests/ref/fate/hevc-conformance-DBLK_A_MAIN10_VIXS_3
ffmpeg-8.1/tests/ref/fate/vp9-00-quantizer-11
ffmpeg-8.1/tests/ref/fate/iamf-7_1_4
ffmpeg-8.1/tests/ref/fate/vp9-00-quantizer-32
ffmpeg-8.1/tests/ref/fate/mpc7-demux
ffmpeg-8.1/tests/ref/fate/audiomatch-afconvert-44100-stereo-he-adts
ffmpeg-8.1/tests/ref/fate/ffmpeg-filter_colorkey
ffmpeg-8.1/tests/ref/fate/xtea
ffmpeg-8.1/tests/ref/fate/lossless-monkeysaudio-legacy
ffmpeg-8.1/tests/ref/fate/rpza
ffmpeg-8.1/tests/ref/fate/gapless-mp3
ffmpeg-8.1/tests/ref/fate/tiff-lzw-rgbf32le
ffmpeg-8.1/tests/ref/fate/vp6a
ffmpeg-8.1/tests/ref/fate/pict
ffmpeg-8.1/tests/ref/fate/wavpack-lossless-float
ffmpeg-8.1/tests/ref/fate/hevc-conformance-MAXBINS_C_TI_4
ffmpeg-8.1/tests/ref/fate/jpg-rgb-progressive
ffmpeg-8.1/tests/ref/fate/filter-pixdesc-p410le
ffmpeg-8.1/tests/ref/fate/concat-demuxer-simple2-lavf-ts
ffmpeg-8.1/tests/ref/fate/filter-pixdesc-yuv422p14be
ffmpeg-8.1/tests/ref/fate/utvideoenc_rgb_median
ffmpeg-8.1/tests/ref/fate/mov-spherical-mono
ffmpeg-8.1/tests/ref/fate/utvideoenc_yuv420_median
ffmpeg-8.1/tests/ref/fate/hevc-conformance-DBLK_F_VIXS_2
ffmpeg-8.1/tests/ref/fate/oggopus-demux
ffmpeg-8.1/tests/ref/fate/adts-demux
ffmpeg-8.1/tests/ref/fate/h264-conformance-frext-hi422fr10_sony_b
ffmpeg-8.1/tests/ref/fate/filter-pixdesc-yuv420p12be
ffmpeg-8.1/tests/ref/fate/filter-thumbnail
ffmpeg-8.1/tests/ref/fate/filter-codecview
ffmpeg-8.1/tests/ref/fate/r210
ffmpeg-8.1/tests/ref/fate/hevc-conformance-ipcm_C_NEC_3
ffmpeg-8.1/tests/ref/fate/webm-dash-manifest
ffmpeg-8.1/tests/ref/fate/fmvc-type1
ffmpeg-8.1/tests/ref/fate/spdif-dca-master-core-remux
ffmpeg-8.1/tests/ref/fate/rscc-8bit
ffmpeg-8.1/tests/ref/fate/sub-srt-badsyntax
ffmpeg-8.1/tests/ref/fate/mov-heic-demux-clap-irot-imir
ffmpeg-8.1/tests/ref/fate/audiomatch-dolby-44100-mono-lc-mp4
ffmpeg-8.1/tests/ref/fate/filter-pixdesc-rgb444be
ffmpeg-8.1/tests/ref/fate/dfa6
ffmpeg-8.1/tests/ref/fate/libaom-hdr10-plus
ffmpeg-8.1/tests/ref/fate/filter-pixdesc-yuva444p10le
ffmpeg-8.1/tests/ref/fate/cbs-hevc-RPS_A_docomo_4
ffmpeg-8.1/tests/ref/fate/copy-trac2211-avi
ffmpeg-8.1/tests/ref/fate/filter-pixdesc-gray12msble
ffmpeg-8.1/tests/ref/fate/filter-pixdesc-nv20be
ffmpeg-8.1/tests/ref/fate/filter-metadata-scenedetect
ffmpeg-8.1/tests/ref/fate/hevc-pir
ffmpeg-8.1/tests/ref/fate/hevc-conformance-CIP_A_Panasonic_3
ffmpeg-8.1/tests/ref/fate/fitsdec-bitpix-64
ffmpeg-8.1/tests/ref/fate/nuv-rtjpeg
ffmpeg-8.1/tests/ref/fate/filter-pixdesc-p016le
ffmpeg-8.1/tests/ref/fate/vp9-03-size-200x224
ffmpeg-8.1/tests/ref/fate/filter-atrim-duration
ffmpeg-8.1/tests/ref/fate/cdxl-demux
ffmpeg-8.1/tests/ref/fate/hevc-conformance-AMP_B_Samsung_6
ffmpeg-8.1/tests/ref/fate/mov-heic-demux-still-image-iovl
ffmpeg-8.1/tests/ref/fate/hevc-conformance-WPP_C_ericsson_MAIN_2
ffmpeg-8.1/tests/ref/fate/vvc-conformance-WPP_A_3
ffmpeg-8.1/tests/ref/fate/qoa-278
ffmpeg-8.1/tests/ref/fate/filter-removegrain-mode-23
ffmpeg-8.1/tests/ref/fate/fraps-v3
ffmpeg-8.1/tests/ref/fate/ffmpeg-streamloop-transcode-av
ffmpeg-8.1/tests/ref/fate/vp9-03-size-196x200
ffmpeg-8.1/tests/ref/fate/filter-framepack-tab
ffmpeg-8.1/tests/ref/fate/dfa2
ffmpeg-8.1/tests/ref/fate/filter-stereotools
ffmpeg-8.1/tests/ref/fate/audiomatch-afconvert-16000-stereo-he2-m4a
ffmpeg-8.1/tests/ref/fate/filter-fps-start-fill
ffmpeg-8.1/tests/ref/fate/adpcm-ima-dk3
ffmpeg-8.1/tests/ref/fate/hevc-conformance-SAO_C_Samsung_4
ffmpeg-8.1/tests/ref/fate/vvc-conformance-SUBPIC_A_3
ffmpeg-8.1/tests/ref/fate/dict
ffmpeg-8.1/tests/ref/fate/targa-conformance-CTC32
ffmpeg-8.1/tests/ref/fate/mxf-multiple-components-demux
ffmpeg-8.1/tests/ref/fate/h264-conformance-frext-hpcalq_brcm_b
ffmpeg-8.1/tests/ref/fate/random_seed
ffmpeg-8.1/tests/ref/fate/filter-fsync-down
ffmpeg-8.1/tests/ref/fate/spdif-mp3-remux
ffmpeg-8.1/tests/ref/fate/dca-xll_51_24_48_768-dmix_6
ffmpeg-8.1/tests/ref/fate/vp9-00-quantizer-29
ffmpeg-8.1/tests/ref/fate/vp9-00-quantizer-05
ffmpeg-8.1/tests/ref/fate/hevc-monochrome-crop
ffmpeg-8.1/tests/ref/fate/matroska-prores-zlib
ffmpeg-8.1/tests/ref/fate/filter-pixdesc-abgr
ffmpeg-8.1/tests/ref/fate/canopus-hqx422
ffmpeg-8.1/tests/ref/fate/cbs-vvc-APSMULT_A_4
ffmpeg-8.1/tests/ref/fate/exr-rgb-tile-raw-half-float-l2
ffmpeg-8.1/tests/ref/fate/cbs-vvc-HRD_A_3
ffmpeg-8.1/tests/ref/fate/dnxhr-prefix2
ffmpeg-8.1/tests/ref/fate/filter-w3fdif-simple
ffmpeg-8.1/tests/ref/fate/vp9-00-quantizer-62
ffmpeg-8.1/tests/ref/fate/filter-colormatrix2
ffmpeg-8.1/tests/ref/fate/vp9-00-quantizer-02
ffmpeg-8.1/tests/ref/fate/audiomatch-dolby-44100-stereo-he-mp4
ffmpeg-8.1/tests/ref/fate/mov-avif-demux-still-image-multiple-items
ffmpeg-8.1/tests/ref/fate/prores-422_proxy
ffmpeg-8.1/tests/ref/fate/msmpeg4v1
ffmpeg-8.1/tests/ref/fate/gif-deal
ffmpeg-8.1/tests/ref/fate/filter-metadata-signalstats-yuv420p
ffmpeg-8.1/tests/ref/fate/filter-alphaextract_alphamerge_yuv
ffmpeg-8.1/tests/ref/fate/cbs-h264-CVBS3_Sony_C
ffmpeg-8.1/tests/ref/fate/dxv3-yg10
ffmpeg-8.1/tests/ref/fate/mov-mp4-fragmented-ttml-dfxp
ffmpeg-8.1/tests/ref/fate/sub-jacosub-remux
ffmpeg-8.1/tests/ref/fate/sha512
ffmpeg-8.1/tests/ref/fate/filter-pixdesc-yuv444p10be
ffmpeg-8.1/tests/ref/fate/cbs-vvc-SAO_A_3
ffmpeg-8.1/tests/ref/fate/filter-refcmp-psnr-rgb
ffmpeg-8.1/tests/ref/fate/hls-fmp4_ac3
ffmpeg-8.1/tests/ref/fate/hevc-conformance-TSCL_B_VIDYO_4
ffmpeg-8.1/tests/ref/fate/audiomatch-quicktime7-44100-stereo-lc-mp4
ffmpeg-8.1/tests/ref/fate/filter-removegrain-mode-01
ffmpeg-8.1/tests/ref/fate/filter-pixdesc-gbrap
ffmpeg-8.1/tests/ref/fate/filter-setdar
ffmpeg-8.1/tests/ref/fate/exr-rgb-tile-float-raw-150x130
ffmpeg-8.1/tests/ref/fate/ts-opus-demux
ffmpeg-8.1/tests/ref/fate/base64
ffmpeg-8.1/tests/ref/fate/filter-removegrain-mode-20
ffmpeg-8.1/tests/ref/fate/cbs-vvc-CodingToolsSets_A_2
ffmpeg-8.1/tests/ref/fate/xvid-idct
ffmpeg-8.1/tests/ref/fate/dca-xll_71_24_48_768_1
ffmpeg-8.1/tests/ref/fate/hevc-conformance-RPLM_A_qualcomm_4
ffmpeg-8.1/tests/ref/fate/caf-pcm_s24le-remux
ffmpeg-8.1/tests/ref/fate/smacker-video
ffmpeg-8.1/tests/ref/fate/filter-overlay_yuv444_yuva444
ffmpeg-8.1/tests/ref/fate/vp8-test-vector-011
ffmpeg-8.1/tests/ref/fate/iamf-5_1-demux
ffmpeg-8.1/tests/ref/fate/filter-pixdesc-bgr48le
ffmpeg-8.1/tests/ref/fate/filter-pixdesc-yuvj422p
ffmpeg-8.1/tests/ref/fate/audiomatch-faac-16000-mono-lc-adts
ffmpeg-8.1/tests/ref/fate/audiomatch-nero-16000-stereo-he-m4a
ffmpeg-8.1/tests/ref/fate/h264-conformance-frext-frext3_panasonic_d
ffmpeg-8.1/tests/ref/fate/filter-colorlevels
ffmpeg-8.1/tests/ref/fate/vp9-00-quantizer-44
ffmpeg-8.1/tests/ref/fate/vp8-test-vector-016
ffmpeg-8.1/tests/ref/fate/dca-xll_71_24_96_768-dmix_2
ffmpeg-8.1/tests/ref/fate/hevc-conformance-TUSIZE_A_Samsung_1
ffmpeg-8.1/tests/ref/fate/filter-fps-down-round-up
ffmpeg-8.1/tests/ref/fate/filter-tiltandshift
ffmpeg-8.1/tests/ref/fate/hevc-conformance-AMP_A_Samsung_4
ffmpeg-8.1/tests/ref/fate/h264-conformance-banm_mw_d
ffmpeg-8.1/tests/ref/fate/filter-pixdesc-gbrp9be
ffmpeg-8.1/tests/ref/fate/mxf-reel_name
ffmpeg-8.1/tests/ref/fate/aasc
ffmpeg-8.1/tests/ref/fate/mov-mime-codecstring
ffmpeg-8.1/tests/ref/fate/dca-xll_51_24_48_none
ffmpeg-8.1/tests/ref/fate/mov-invalid-elst-entry-count
ffmpeg-8.1/tests/ref/fate/filter-yuvtestsrc-ayuv64
ffmpeg-8.1/tests/ref/fate/mov-guess-delay-2
ffmpeg-8.1/tests/ref/fate/brenderpix-24
ffmpeg-8.1/tests/ref/fate/matroska-non-rotation-displaymatrix
ffmpeg-8.1/tests/ref/fate/lossless-monkeysaudio-399
ffmpeg-8.1/tests/ref/fate/filter-4xbr
ffmpeg-8.1/tests/ref/fate/segafilm-adx-remux
ffmpeg-8.1/tests/ref/fate/cbs-h264-discard-bidir
ffmpeg-8.1/tests/ref/fate/mpeg4-resolution-change-up-up
ffmpeg-8.1/tests/ref/fate/dds-pal-ati
ffmpeg-8.1/tests/ref/fate/hevc-hdr-vivid-metadata
ffmpeg-8.1/tests/ref/fate/filter-untile
ffmpeg-8.1/tests/ref/fate/hevc-dv-rpu
ffmpeg-8.1/tests/ref/fate/filter-pixdesc-yuva444p16le
ffmpeg-8.1/tests/ref/fate/sub-charenc
ffmpeg-8.1/tests/ref/fate/audio_fifo
ffmpeg-8.1/tests/ref/fate/vp9-02-size-10x64
ffmpeg-8.1/tests/ref/fate/filter-hq2x
ffmpeg-8.1/tests/ref/fate/audiomatch-faac-44100-stereo-lc-adts
ffmpeg-8.1/tests/ref/fate/h264-conformance-cabaci3_sony_b
ffmpeg-8.1/tests/ref/fate/vp9-01-sharpness-7
ffmpeg-8.1/tests/ref/fate/matroska-dvbsub-remux
ffmpeg-8.1/tests/ref/fate/cbs-av1-av1-1-b8-22-svc-L1T2
ffmpeg-8.1/tests/ref/fate/unknown_layout-pcm
ffmpeg-8.1/tests/ref/fate/targa-top-to-bottom
ffmpeg-8.1/tests/ref/fate/rv20-1239
ffmpeg-8.1/tests/ref/fate/sub-dvb
ffmpeg-8.1/tests/ref/fate/vvc-output-ref
ffmpeg-8.1/tests/ref/fate/exr-rgb-scanline-float-zip-dw-large
ffmpeg-8.1/tests/ref/fate/sub-jacosub
ffmpeg-8.1/tests/ref/fate/dnxhr-prefix3
ffmpeg-8.1/tests/ref/fate/vvc-conformance-AUD_A_3
ffmpeg-8.1/tests/ref/fate/pva-demux
ffmpeg-8.1/tests/ref/fate/vcr1
ffmpeg-8.1/tests/ref/fate/filter-hstack
ffmpeg-8.1/tests/ref/fate/vp9-00-quantizer-40
ffmpeg-8.1/tests/ref/fate/h264-conformance-ba_mw_d
ffmpeg-8.1/tests/ref/fate/vp8-test-vector-008
ffmpeg-8.1/tests/ref/fate/mov-neg-firstpts-discard-vorbis
ffmpeg-8.1/tests/ref/fate/qt-mac3-stereo
ffmpeg-8.1/tests/ref/fate/pixfmt_best
ffmpeg-8.1/tests/ref/fate/vvc-conformance-BUMP_A_2
ffmpeg-8.1/tests/ref/fate/exr-rgb-tile-zip1-half-float-l1
ffmpeg-8.1/tests/ref/fate/filter-waveform_envelope
ffmpeg-8.1/tests/ref/fate/vp9-02-size-34x18
ffmpeg-8.1/tests/ref/fate/dca-xll_51_16_192_768_1-dmix_6
ffmpeg-8.1/tests/ref/fate/vp9-02-size-10x10
ffmpeg-8.1/tests/ref/fate/filter-pixdesc-gbrpf32le
ffmpeg-8.1/tests/ref/fate/bmp-1bit
ffmpeg-8.1/tests/ref/fate/hevc-conformance-NUT_A_ericsson_5
ffmpeg-8.1/tests/ref/fate/hxvs-demux
ffmpeg-8.1/tests/ref/fate/filter-stereo3d-sbsl-aybc
ffmpeg-8.1/tests/ref/fate/h264-conformance-cvpcmnl2_sva_c
ffmpeg-8.1/tests/ref/fate/qcp-demux
ffmpeg-8.1/tests/ref/fate/mpegps-remuxed-pcm-demux
ffmpeg-8.1/tests/ref/fate/h264-conformance-mps_mw_a
ffmpeg-8.1/tests/ref/fate/mv-mvc1
ffmpeg-8.1/tests/ref/fate/filter-pixfmts-rotate
ffmpeg-8.1/tests/ref/fate/vp9-03-size-196x210
ffmpeg-8.1/tests/ref/fate/time_base
ffmpeg-8.1/tests/ref/fate/jxl-anim-demux-newton
ffmpeg-8.1/tests/ref/fate/filter-yuvtestsrc-v30xle
ffmpeg-8.1/tests/ref/fate/webp-rgba-lossless
ffmpeg-8.1/tests/ref/fate/vorbis-1833-chapters
ffmpeg-8.1/tests/ref/fate/filter-pixdesc-gbrapf32le
ffmpeg-8.1/tests/ref/fate/dfa4
ffmpeg-8.1/tests/ref/fate/bmp-8bit-os2
ffmpeg-8.1/tests/ref/fate/hevc-conformance-PICSIZE_C_Bossen_1
ffmpeg-8.1/tests/ref/fate/h264-conformance-frext-frext4_panasonic_a
ffmpeg-8.1/tests/ref/fate/vbn-dxt5
ffmpeg-8.1/tests/ref/fate/sunraster-1bit-rle
ffmpeg-8.1/tests/ref/fate/filter-select-alternate
ffmpeg-8.1/tests/ref/fate/lagarith-rgb24
ffmpeg-8.1/tests/ref/fate/mov-elist-starts-ctts-2ndsample
ffmpeg-8.1/tests/ref/fate/cvid-grayscale
ffmpeg-8.1/tests/ref/fate/dds-dx10-bc2
ffmpeg-8.1/tests/ref/fate/filter-metadata-readvitc-def
ffmpeg-8.1/tests/ref/fate/hevc-conformance-WPP_D_ericsson_MAIN10_2
ffmpeg-8.1/tests/ref/fate/filter-pixdesc-nv20le
ffmpeg-8.1/tests/ref/fate/xvid-custom-matrix
ffmpeg-8.1/tests/ref/fate/g2m4
ffmpeg-8.1/tests/ref/fate/filter-edgedetect-colormix
ffmpeg-8.1/tests/ref/fate/tiff-uncompressed-rgbf32le
ffmpeg-8.1/tests/ref/fate/vp9p1-04-yuv422
ffmpeg-8.1/tests/ref/fate/dca-xll_x96_51_24_96_1509-dmix_6
ffmpeg-8.1/tests/ref/fate/wavpack-lossy-24bit
ffmpeg-8.1/tests/ref/fate/msrle-8bit
ffmpeg-8.1/tests/ref/fate/filter-stereo3d-sbsl-aybd
ffmpeg-8.1/tests/ref/fate/4xm-2
ffmpeg-8.1/tests/ref/fate/filter-stereo3d-sbsl-arcd
ffmpeg-8.1/tests/ref/fate/g726-encode-5bit
ffmpeg-8.1/tests/ref/fate/cbs-hevc-discard-nonkey
ffmpeg-8.1/tests/ref/fate/filter-stereo3d-sbsl-arcg
ffmpeg-8.1/tests/ref/fate/filter-yuvtestsrc-xv36
ffmpeg-8.1/tests/ref/fate/lagarith-yv12
ffmpeg-8.1/tests/ref/fate/ffmpeg-input-r
ffmpeg-8.1/tests/ref/fate/filter-pixdesc-yuva422p16be
ffmpeg-8.1/tests/ref/fate/filter-feedback-yadif
ffmpeg-8.1/tests/ref/fate/pcm_dvd-16-5.1-48000
ffmpeg-8.1/tests/ref/fate/source
ffmpeg-8.1/tests/ref/fate/mov-1elist-1ctts
ffmpeg-8.1/tests/ref/fate/hevc-conformance-SAO_E_Canon_4
ffmpeg-8.1/tests/ref/fate/adpcm-afc
ffmpeg-8.1/tests/ref/fate/audiomatch-nero-44100-mono-lc-m4a
ffmpeg-8.1/tests/ref/fate/indeo3-1
ffmpeg-8.1/tests/ref/fate/cbs-vvc-APSLMCS_D_1
ffmpeg-8.1/tests/ref/fate/filter-framerate-12bit-up
ffmpeg-8.1/tests/ref/fate/filter-pixdesc-ya16be
ffmpeg-8.1/tests/ref/fate/gifenc-rgb8
ffmpeg-8.1/tests/ref/fate/8bps
ffmpeg-8.1/tests/ref/fate/vvc-conformance-IBC_B_Tencent_2
ffmpeg-8.1/tests/ref/fate/vp9-03-size-202x224
ffmpeg-8.1/tests/ref/fate/adpcm-ima-alp-mono
ffmpeg-8.1/tests/ref/fate/cbs-hevc-TILES_B_Cisco_1
ffmpeg-8.1/tests/ref/fate/cbs-vvc-TILE_A_2
ffmpeg-8.1/tests/ref/fate/vp9-00-quantizer-09
ffmpeg-8.1/tests/ref/fate/id3v2-utf16-bom
ffmpeg-8.1/tests/ref/fate/vp9-02-size-34x08
ffmpeg-8.1/tests/ref/fate/filter-mergeplanes
ffmpeg-8.1/tests/ref/fate/matroska-pgs-remux
ffmpeg-8.1/tests/ref/fate/qt-mac6-stereo
ffmpeg-8.1/tests/ref/fate/exr-rgb-tile-uint32-piz-dw-large
ffmpeg-8.1/tests/ref/fate/filter-removegrain-mode-03
ffmpeg-8.1/tests/ref/fate/adpcm-ima-dk4
ffmpeg-8.1/tests/ref/fate/opt
ffmpeg-8.1/tests/ref/fate/filter-setsar
ffmpeg-8.1/tests/ref/fate/vp9-03-size-224x200
ffmpeg-8.1/tests/ref/fate/filter-pixdesc-bgr444be
ffmpeg-8.1/tests/ref/fate/exr-rgba-scanline-float-half-b44-13x9-l2
ffmpeg-8.1/tests/ref/fate/iff-pcm
ffmpeg-8.1/tests/ref/fate/filter-paletteuse-bayer
ffmpeg-8.1/tests/ref/fate/magicyuv-rgb
ffmpeg-8.1/tests/ref/fate/filter-fps-start-drop
ffmpeg-8.1/tests/ref/fate/h264-conformance-mr4_tandberg_c
ffmpeg-8.1/tests/ref/fate/filter-removegrain-mode-19
ffmpeg-8.1/tests/ref/fate/vp9-03-size-210x202
ffmpeg-8.1/tests/ref/fate/audiomatch-square-mp3
ffmpeg-8.1/tests/ref/fate/copy-trac3074
ffmpeg-8.1/tests/ref/fate/filter-testsrc2-rgba
ffmpeg-8.1/tests/ref/fate/txd-16bpp
ffmpeg-8.1/tests/ref/fate/vp9-02-size-64x16
ffmpeg-8.1/tests/ref/fate/h264-conformance-cavlc_mot_fld0_full_b
ffmpeg-8.1/tests/ref/fate/jpegls-5bpc
ffmpeg-8.1/tests/ref/fate/m4v
ffmpeg-8.1/tests/ref/fate/filter-asetrate
ffmpeg-8.1/tests/ref/fate/filter-crop_vflip
ffmpeg-8.1/tests/ref/fate/adpcm-ima-cunning-trunc-t2-track0
ffmpeg-8.1/tests/ref/fate/wavpack-cuesheet-tags
ffmpeg-8.1/tests/ref/fate/bmp-15bit-mask
ffmpeg-8.1/tests/ref/fate/ralf
ffmpeg-8.1/tests/ref/fate/dds-rgba
ffmpeg-8.1/tests/ref/fate/h264-conformance-cama1_vtc_c
ffmpeg-8.1/tests/ref/fate/vp9p3-20-10bit-yuv422
ffmpeg-8.1/tests/ref/fate/murmur3
ffmpeg-8.1/tests/ref/fate/filter-yuvtestsrc-yuv444p12
ffmpeg-8.1/tests/ref/fate/filter-yuvtestsrc-nv24
ffmpeg-8.1/tests/ref/fate/mpeg4-als-conformance-00
ffmpeg-8.1/tests/ref/fate/h264-conformance-frext-pph422i5_panasonic_a
ffmpeg-8.1/tests/ref/fate/filter-pixdesc-bgra64le
ffmpeg-8.1/tests/ref/fate/vbn-dxt1
ffmpeg-8.1/tests/ref/fate/hevc-conformance-NoOutPrior_A_Qualcomm_1
ffmpeg-8.1/tests/ref/fate/hmac
ffmpeg-8.1/tests/ref/fate/vmnc-16bit
ffmpeg-8.1/tests/ref/fate/lossless-tak
ffmpeg-8.1/tests/ref/fate/gif-disposal-restore
ffmpeg-8.1/tests/ref/fate/wavpack-speed-high
ffmpeg-8.1/tests/ref/fate/segment-adts-to-mkv-header-001
ffmpeg-8.1/tests/ref/fate/vp9-00-quantizer-63
ffmpeg-8.1/tests/ref/fate/filter-vectorscope_gray
ffmpeg-8.1/tests/ref/fate/filter-overlay_yuv444
ffmpeg-8.1/tests/ref/fate/mdec-v3
ffmpeg-8.1/tests/ref/fate/vp9-03-size-224x208
ffmpeg-8.1/tests/ref/fate/xmv-demux
ffmpeg-8.1/tests/ref/fate/exr-rgb-tile-zip-half-float-l1
ffmpeg-8.1/tests/ref/fate/hevc-conformance-MERGE_E_TI_3
ffmpeg-8.1/tests/ref/fate/exif-image-tiff
ffmpeg-8.1/tests/ref/fate/filter-frei0r-filter-unaligned
ffmpeg-8.1/tests/ref/fate/mov-frag-encrypted
ffmpeg-8.1/tests/ref/fate/filter-pixdesc-ayuv
ffmpeg-8.1/tests/ref/fate/hevc-conformance-MVHEVCS_A
ffmpeg-8.1/tests/ref/fate/adpcm-ima-iss
ffmpeg-8.1/tests/ref/fate/hap-chunk
ffmpeg-8.1/tests/ref/fate/jpeg2000dec-p0_14
ffmpeg-8.1/tests/ref/fate/dca-xll_71_24_48_768_0
ffmpeg-8.1/tests/ref/fate/mss2-pals
ffmpeg-8.1/tests/ref/fate/cbs-h264-FM1_BT_B
ffmpeg-8.1/tests/ref/fate/oma-demux
ffmpeg-8.1/tests/ref/fate/filter-pixdesc-p210le
ffmpeg-8.1/tests/ref/fate/cbs-vp9-vp90-2-06-bilinear
ffmpeg-8.1/tests/ref/fate/vp9-03-size-208x226
ffmpeg-8.1/tests/ref/fate/filter-overlay_yuva444_yuva444
ffmpeg-8.1/tests/ref/fate/filter-rgbtestsrc
ffmpeg-8.1/tests/ref/fate/filter-yuvtestsrc-yuv444p
ffmpeg-8.1/tests/ref/fate/exr-rgba-multiscanline-half-b44
ffmpeg-8.1/tests/ref/fate/sub-vplayer
ffmpeg-8.1/tests/ref/fate/sub-subripenc
ffmpeg-8.1/tests/ref/fate/h264-conformance-mr6_bt_b
ffmpeg-8.1/tests/ref/fate/filter-pixdesc-gbrp10msbbe
ffmpeg-8.1/tests/ref/fate/filter-pixdesc-y216le
ffmpeg-8.1/tests/ref/fate/zmbv-32bit
ffmpeg-8.1/tests/ref/fate/h264-conformance-frext-pph10i5_panasonic_a
ffmpeg-8.1/tests/ref/fate/jpg-exif-autorotate
ffmpeg-8.1/tests/ref/fate/lead-yuv420p
ffmpeg-8.1/tests/ref/fate/bmp-32bit
ffmpeg-8.1/tests/ref/fate/sub-webvttenc
ffmpeg-8.1/tests/ref/fate/vp60-interlace2
ffmpeg-8.1/tests/ref/fate/filter-pixdesc-gray10le
ffmpeg-8.1/tests/ref/fate/h264-conformance-cama3_sand_e
ffmpeg-8.1/tests/ref/fate/hevc-conformance-SAO_G_Canon_3
ffmpeg-8.1/tests/ref/fate/filter-pixdesc-yuva420p16le
ffmpeg-8.1/tests/ref/fate/filter-separatefields
ffmpeg-8.1/tests/ref/fate/bprint
ffmpeg-8.1/tests/ref/fate/filter-overlay_yuv420_yuva420
ffmpeg-8.1/tests/ref/fate/fraps-v2
ffmpeg-8.1/tests/ref/fate/filter-pixdesc-gray9be
ffmpeg-8.1/tests/ref/fate/vp4
ffmpeg-8.1/tests/ref/fate/vp9-00-quantizer-54
ffmpeg-8.1/tests/ref/fate/vp9-02-size-64x10
ffmpeg-8.1/tests/ref/fate/asf-repldata
ffmpeg-8.1/tests/ref/fate/h264-reinit-small_420_8-to-large_444_10
ffmpeg-8.1/tests/ref/fate/h264-conformance-frext-hpcv_brcm_a
ffmpeg-8.1/tests/ref/fate/unknown_layout-ac3
ffmpeg-8.1/tests/ref/fate/vp8-test-vector-013
ffmpeg-8.1/tests/ref/fate/exr-rgb-scanline-pxr24-half-float-l1
ffmpeg-8.1/tests/ref/fate/vp9-02-size-32x66
ffmpeg-8.1/tests/ref/fate/filter-yuvtestsrc-ayuv
ffmpeg-8.1/tests/ref/fate/filter-tiltandshift-410
ffmpeg-8.1/tests/ref/fate/hevc-conformance-CONFWIN_A_Sony_1
ffmpeg-8.1/tests/ref/fate/hash
ffmpeg-8.1/tests/ref/fate/qoa-152
ffmpeg-8.1/tests/ref/fate/fraps-v4
ffmpeg-8.1/tests/ref/fate/mov-tenc-only-encrypted-kid
ffmpeg-8.1/tests/ref/fate/filter-pixdesc-rgb48be
ffmpeg-8.1/tests/ref/fate/png-ya8
ffmpeg-8.1/tests/ref/fate/utvideo_yuv422_median
ffmpeg-8.1/tests/ref/fate/vp8-test-vector-014
ffmpeg-8.1/tests/ref/fate/sunraster-8bit-rle
ffmpeg-8.1/tests/ref/fate/dfa10
ffmpeg-8.1/tests/ref/fate/filter-pixdesc-rgba64be
ffmpeg-8.1/tests/ref/fate/filter-pixdesc-nv42
ffmpeg-8.1/tests/ref/fate/vp9-00-quantizer-10
ffmpeg-8.1/tests/ref/fate/hevc-conformance-SLPPLP_A_VIDYO_2
ffmpeg-8.1/tests/ref/fate/svq1-headerswap
ffmpeg-8.1/tests/ref/fate/filter-shuffleplanes-swapuv
ffmpeg-8.1/tests/ref/fate/cbs-vvc-SLICES_A_3
ffmpeg-8.1/tests/ref/fate/hevc-conformance-FILLER_A_Sony_1
ffmpeg-8.1/tests/ref/fate/dds-ya
ffmpeg-8.1/tests/ref/fate/filter-lavd-testsrc
ffmpeg-8.1/tests/ref/fate/mov-avif-demux-still-image-1-item
ffmpeg-8.1/tests/ref/fate/dnxhr-prefix4
ffmpeg-8.1/tests/ref/fate/filter-pixdesc-yuv440p10be
ffmpeg-8.1/tests/ref/fate/dca-xll_51_24_48_none-dmix_6
ffmpeg-8.1/tests/ref/fate/kgv1
ffmpeg-8.1/tests/ref/fate/png-rgba
ffmpeg-8.1/tests/ref/fate/audiomatch-faac-16000-mono-lc-m4a
ffmpeg-8.1/tests/ref/fate/audiomatch-nero-16000-stereo-he2-m4a
ffmpeg-8.1/tests/ref/fate/mszh
ffmpeg-8.1/tests/ref/fate/vp9-00-quantizer-20
ffmpeg-8.1/tests/ref/fate/vp9-01-sharpness-2
ffmpeg-8.1/tests/ref/fate/vp9-00-quantizer-58
ffmpeg-8.1/tests/ref/fate/matroska-prores-header-insertion-bz2
ffmpeg-8.1/tests/ref/fate/vp9-02-size-32x64
ffmpeg-8.1/tests/ref/fate/canopus-cllc-yuy2-noblock
ffmpeg-8.1/tests/ref/fate/filter-acrossfade
ffmpeg-8.1/tests/ref/fate/flic-af12
ffmpeg-8.1/tests/ref/fate/mimic
ffmpeg-8.1/tests/ref/fate/ffmpeg-attached_pics
ffmpeg-8.1/tests/ref/fate/media100
ffmpeg-8.1/tests/ref/fate/audiomatch-nero-44100-stereo-lc-m4a
ffmpeg-8.1/tests/ref/fate/imgutils
ffmpeg-8.1/tests/ref/fate/ptx
ffmpeg-8.1/tests/ref/fate/copy-trac4914
ffmpeg-8.1/tests/ref/fate/wavpack-clipping
ffmpeg-8.1/tests/ref/fate/url
ffmpeg-8.1/tests/ref/fate/filter-pixdesc-bgr565le
ffmpeg-8.1/tests/ref/fate/filter-amerge
ffmpeg-8.1/tests/ref/fate/filter-overlay_yuv422
ffmpeg-8.1/tests/ref/fate/mkv
ffmpeg-8.1/tests/ref/fate/filter-vflip_vflip
ffmpeg-8.1/tests/ref/fate/sgi-rgba64-rle
ffmpeg-8.1/tests/ref/fate/hevc-conformance-CAINIT_D_SHARP_3
ffmpeg-8.1/tests/ref/fate/h264-conformance-frext-freh1_b
ffmpeg-8.1/tests/ref/fate/filter-apad
ffmpeg-8.1/tests/ref/fate/dds-rgb16
ffmpeg-8.1/tests/ref/fate/exr-rgb-scanline-half-piz-dw-t08
ffmpeg-8.1/tests/ref/fate/h264-conformance-frext-hpcvnl_brcm_a
ffmpeg-8.1/tests/ref/fate/async
ffmpeg-8.1/tests/ref/fate/vp9-00-quantizer-24
ffmpeg-8.1/tests/ref/fate/hevc-conformance-OPFLAG_B_Qualcomm_1
ffmpeg-8.1/tests/ref/fate/h264-conformance-sva_cl1_e
ffmpeg-8.1/tests/ref/fate/deluxepaint-anm
ffmpeg-8.1/tests/ref/fate/magicyuv-y400i
ffmpeg-8.1/tests/ref/fate/jpeg2000dec-p0_12
ffmpeg-8.1/tests/ref/fate/vp9-02-size-18x64
ffmpeg-8.1/tests/ref/fate/g723_1-dec-5
ffmpeg-8.1/tests/ref/fate/nsv-demux
ffmpeg-8.1/tests/ref/fate/adpcm-sanyo-3bit
ffmpeg-8.1/tests/ref/fate/adpcm-ima-cunning-track0
ffmpeg-8.1/tests/ref/fate/vp6a-skip_alpha
ffmpeg-8.1/tests/ref/fate/audiomatch-afconvert-16000-stereo-he2-adts
ffmpeg-8.1/tests/ref/fate/exr-rgb-scanline-zip1-half-float-l1-zero-offsets
ffmpeg-8.1/tests/ref/fate/rtmpdh
ffmpeg-8.1/tests/ref/fate/g723_1-dec-1
ffmpeg-8.1/tests/ref/fate/adpcm-ea-1
ffmpeg-8.1/tests/ref/fate/tscc2-mov
ffmpeg-8.1/tests/ref/fate/vp9-00-quantizer-60
ffmpeg-8.1/tests/ref/fate/filter-removegrain-mode-08
ffmpeg-8.1/tests/ref/fate/vp9-2pass-akiyo
ffmpeg-8.1/tests/ref/fate/cbs-hevc-discard-nonref
ffmpeg-8.1/tests/ref/fate/filter-pixdesc-ya16le
ffmpeg-8.1/tests/ref/fate/dxv3-dxt1
ffmpeg-8.1/tests/ref/fate/sgi-rgba-rle
ffmpeg-8.1/tests/ref/fate/cbs-hevc-ipcm_E_NEC_2
ffmpeg-8.1/tests/ref/fate/filter-pixdesc-p416be
ffmpeg-8.1/tests/ref/fate/h264-bsf-mp4toannexb-new-extradata
ffmpeg-8.1/tests/ref/fate/exr-rgb-tile-half-float-b44-12x8-l1
ffmpeg-8.1/tests/ref/fate/audiomatch-faac-44100-stereo-lc-m4a
ffmpeg-8.1/tests/ref/fate/jxs-concat-demux
ffmpeg-8.1/tests/ref/fate/h264-conformance-cvfc1_sony_c
ffmpeg-8.1/tests/ref/fate/vmnc-32bit
ffmpeg-8.1/tests/ref/fate/vp9-02-size-16x64
ffmpeg-8.1/tests/ref/fate/mxf-user-comments
ffmpeg-8.1/tests/ref/fate/sub-srt
ffmpeg-8.1/tests/ref/fate/sub-mpsub-frames
ffmpeg-8.1/tests/ref/fate/filter-overlay_yuv420p10
ffmpeg-8.1/tests/ref/fate/dds-dx10-bc3
ffmpeg-8.1/tests/ref/fate/filter-pixdesc-gray10msble
ffmpeg-8.1/tests/ref/fate/exr-rgb-tile-pxr24-half-float-l2
ffmpeg-8.1/tests/ref/fate/vp9-03-size-210x196
ffmpeg-8.1/tests/ref/fate/filter-pixdesc-yuv444p12msble
ffmpeg-8.1/tests/ref/fate/h264-conformance-frext-hpcvmolq_brcm_b
ffmpeg-8.1/tests/ref/fate/mpeg4-als-conformance-03
ffmpeg-8.1/tests/ref/fate/avid-meridian
ffmpeg-8.1/tests/ref/fate/dds-dxt5-rxbg
ffmpeg-8.1/tests/ref/fate/cbs-vvc-DCI_A_3
ffmpeg-8.1/tests/ref/fate/h264-conformance-midr_mw_d
ffmpeg-8.1/tests/ref/fate/screenpresso-24bit
ffmpeg-8.1/tests/ref/fate/adpcm-ima-ssi-stereo
ffmpeg-8.1/tests/ref/fate/qtrle-16bit
ffmpeg-8.1/tests/ref/fate/dds-dx10-bc5
ffmpeg-8.1/tests/ref/fate/pcm_dvd-16-5.1-96000
ffmpeg-8.1/tests/ref/fate/hap1
ffmpeg-8.1/tests/ref/fate/mov-mp4-iamf-5_1_4
ffmpeg-8.1/tests/ref/fate/vp9-00-quantizer-27
ffmpeg-8.1/tests/ref/fate/filter-pixdesc-yuva420p10le
ffmpeg-8.1/tests/ref/fate/filter-overlay_yuva422_yuva422
ffmpeg-8.1/tests/ref/fate/h264-conformance-ci1_ft_b
ffmpeg-8.1/tests/ref/fate/webm-dash-manifest-live-bandwidth
ffmpeg-8.1/tests/ref/fate/filter-tile
ffmpeg-8.1/tests/ref/fate/screenpresso-16bit
ffmpeg-8.1/tests/ref/fate/filter-pan-downmix2
ffmpeg-8.1/tests/ref/fate/copy-psp
ffmpeg-8.1/tests/ref/fate/vp9-02-size-66x16
ffmpeg-8.1/tests/ref/fate/ts-small-demux
ffmpeg-8.1/tests/ref/fate/h264-extreme-plane-pred
ffmpeg-8.1/tests/ref/fate/mjpegb
ffmpeg-8.1/tests/ref/fate/filter-rgbtestsrc-rgba
ffmpeg-8.1/tests/ref/fate/qt-alaw-stereo
ffmpeg-8.1/tests/ref/fate/fitsenc-gbrp16be
ffmpeg-8.1/tests/ref/fate/adpcm-creative
ffmpeg-8.1/tests/ref/fate/vp9-02-size-18x66
ffmpeg-8.1/tests/ref/fate/cbs-vp9-vp90-2-10-show-existing-frame
ffmpeg-8.1/tests/ref/fate/h264-xavc-4389
ffmpeg-8.1/tests/ref/fate/filter-pixdesc-yuv444p9be
ffmpeg-8.1/tests/ref/fate/fifo
ffmpeg-8.1/tests/ref/fate/filter-feedback-hflip
ffmpeg-8.1/tests/ref/fate/hevc-conformance-VPSID_A_VIDYO_1
ffmpeg-8.1/tests/ref/fate/mov-tenc-only-encrypted
ffmpeg-8.1/tests/ref/fate/cyuv
ffmpeg-8.1/tests/ref/fate/hevc-conformance-IPRED_C_Mitsubishi_3
ffmpeg-8.1/tests/ref/fate/filter-pixdesc-yuv444p16le
ffmpeg-8.1/tests/ref/fate/mpegts-probe-pmt-merge
ffmpeg-8.1/tests/ref/fate/cbs-h264-discard-nonintra
ffmpeg-8.1/tests/ref/fate/dds-dxt5-rxgb
ffmpeg-8.1/tests/ref/fate/hevc-conformance-MERGE_B_TI_3
ffmpeg-8.1/tests/ref/fate/filter-pixelize-min
ffmpeg-8.1/tests/ref/fate/mov-mp4-pcm
ffmpeg-8.1/tests/ref/fate/filter-pixdesc-yuv422p12le
ffmpeg-8.1/tests/ref/fate/sub-srt-rrn-remux
ffmpeg-8.1/tests/ref/fate/h264-conformance-frext-hpca_brcm_c
ffmpeg-8.1/tests/ref/fate/h264-conformance-frext-pph10i1_panasonic_a
ffmpeg-8.1/tests/ref/fate/filter-pixfmts-super2xsai
ffmpeg-8.1/tests/ref/fate/filter-asetnsamples-pad
ffmpeg-8.1/tests/ref/fate/gifenc-bgr8
ffmpeg-8.1/tests/ref/fate/filter-pixdesc-gbrp12msbbe
ffmpeg-8.1/tests/ref/fate/filter-crystalizer
ffmpeg-8.1/tests/ref/fate/vp9-03-size-202x202
ffmpeg-8.1/tests/ref/fate/psd-lena-256c
ffmpeg-8.1/tests/ref/fate/sunraster-8bit-raw
ffmpeg-8.1/tests/ref/fate/utvideoenc_rgb_left
ffmpeg-8.1/tests/ref/fate/mov-mp4-with-mov-in24-ver
ffmpeg-8.1/tests/ref/fate/lfg
ffmpeg-8.1/tests/ref/fate/filter-pixdesc-gbrpf32be
ffmpeg-8.1/tests/ref/fate/cbs-mpeg2-tcela-6
ffmpeg-8.1/tests/ref/fate/dpxparser
ffmpeg-8.1/tests/ref/fate/fitsdec-gray
ffmpeg-8.1/tests/ref/fate/psd-lena-rgb-rle-127x127-8b
ffmpeg-8.1/tests/ref/fate/hevc-conformance-RAP_A_docomo_4
ffmpeg-8.1/tests/ref/fate/vp9-02-size-66x10
ffmpeg-8.1/tests/ref/fate/filter-refcmp-ssim-yuv
ffmpeg-8.1/tests/ref/fate/v410dec
ffmpeg-8.1/tests/ref/fate/adpcm-ea-r3
ffmpeg-8.1/tests/ref/fate/dca-xll_x96_51_24_96_1509
ffmpeg-8.1/tests/ref/fate/mpeg4-als-conformance-01
ffmpeg-8.1/tests/ref/fate/vp9-03-size-210x224
ffmpeg-8.1/tests/ref/fate/truemotion2rt-high
ffmpeg-8.1/tests/ref/fate/filter-rgbtestsrc-gbrp
ffmpeg-8.1/tests/ref/fate/lagarith-ticket4119-cfr
ffmpeg-8.1/tests/ref/fate/vvc-conformance-APSMULT_A_4
ffmpeg-8.1/tests/ref/fate/gif-color
ffmpeg-8.1/tests/ref/fate/on2avc
ffmpeg-8.1/tests/ref/fate/psd-rgba
ffmpeg-8.1/tests/ref/fate/h264-conformance-cawp5_toshiba_e
ffmpeg-8.1/tests/ref/fate/pmp-demux
ffmpeg-8.1/tests/ref/fate/filter-metadata-signalstats-yuv420p10
ffmpeg-8.1/tests/ref/fate/vp9-00-quantizer-42
ffmpeg-8.1/tests/ref/fate/h264-conformance-frext-brcm_freh9
ffmpeg-8.1/tests/ref/fate/filter-pixdesc-vuyx
ffmpeg-8.1/tests/ref/fate/dds-rgb555
ffmpeg-8.1/tests/ref/fate/vp9-02-size-34x32
ffmpeg-8.1/tests/ref/fate/exr-slice-pxr24
ffmpeg-8.1/tests/ref/fate/filter-pixdesc-gbrap14le
ffmpeg-8.1/tests/ref/fate/fraps-v0
ffmpeg-8.1/tests/ref/fate/webm-dash-manifest-unaligned-video-streams
ffmpeg-8.1/tests/ref/fate/vp9-00-quantizer-28
ffmpeg-8.1/tests/ref/fate/filter-yuvtestsrc-vyu444
ffmpeg-8.1/tests/ref/fate/mov-displaymatrix
ffmpeg-8.1/tests/ref/fate/h264-conformance-mr2_tandberg_e
ffmpeg-8.1/tests/ref/fate/cbs-vp9-vp90-2-tiling-pedestrian
ffmpeg-8.1/tests/ref/fate/ffmpeg-error-rate-pass
ffmpeg-8.1/tests/ref/fate/xwma-demux
ffmpeg-8.1/tests/ref/fate/lagarith-yuy2
ffmpeg-8.1/tests/ref/fate/exr-rgba-scanline-float-half-b44-12x8-l1
ffmpeg-8.1/tests/ref/fate/filter-amerge-mode
ffmpeg-8.1/tests/ref/fate/filter-pixdesc-yuv422p10be
ffmpeg-8.1/tests/ref/fate/sgi-rgb48
ffmpeg-8.1/tests/ref/fate/copy-trac236
ffmpeg-8.1/tests/ref/fate/filter-pixdesc-yuva444p10be
ffmpeg-8.1/tests/ref/fate/copy-shortest2
ffmpeg-8.1/tests/ref/fate/vp9-01-sharpness-3
ffmpeg-8.1/tests/ref/fate/h264_mp4toannexb_ticket2991
ffmpeg-8.1/tests/ref/fate/gifenc-rgb4_byte
ffmpeg-8.1/tests/ref/fate/filter-pixdesc-p010le
ffmpeg-8.1/tests/ref/fate/dds-dxt3
ffmpeg-8.1/tests/ref/fate/filter-ep3x
ffmpeg-8.1/tests/ref/fate/mov-heic-demux-still-image-multiple-thumb
ffmpeg-8.1/tests/ref/fate/exr-rgb-scanline-raw-half-float-l1
ffmpeg-8.1/tests/ref/fate/utvideo_yuv422_int_gradient
ffmpeg-8.1/tests/ref/fate/filter-pixdesc-xv48le
ffmpeg-8.1/tests/ref/fate/sub-ttmlenc
ffmpeg-8.1/tests/ref/fate/dpcm-xan
ffmpeg-8.1/tests/ref/fate/vp9-00-quantizer-22
ffmpeg-8.1/tests/ref/fate/filter-pan-stereo2
ffmpeg-8.1/tests/ref/fate/mv-sgirle
ffmpeg-8.1/tests/ref/fate/hevc-conformance-AMVP_C_Samsung_4
ffmpeg-8.1/tests/ref/fate/filter-pal75bars
ffmpeg-8.1/tests/ref/fate/matroska-wavpack-missing-codecprivate
ffmpeg-8.1/tests/ref/fate/filter-waveform_row
ffmpeg-8.1/tests/ref/fate/png-ya16
ffmpeg-8.1/tests/ref/fate/vc1_sa10143
ffmpeg-8.1/tests/ref/fate/mov-1elist-noctts
ffmpeg-8.1/tests/ref/fate/svq3-2
ffmpeg-8.1/tests/ref/fate/exr-rgb-scanline-b44-uint32
ffmpeg-8.1/tests/ref/fate/lagarith-ticket4119-vfr
ffmpeg-8.1/tests/ref/fate/xbm11
ffmpeg-8.1/tests/ref/fate/vp9-00-quantizer-39
ffmpeg-8.1/tests/ref/fate/vp9-09-lf_deltas
ffmpeg-8.1/tests/ref/fate/h264-conformance-ci_mw_d
ffmpeg-8.1/tests/ref/fate/pcm_u8-mono
ffmpeg-8.1/tests/ref/fate/filter-overlay_yuv420
ffmpeg-8.1/tests/ref/fate/h264-conformance-aud_mw_e
ffmpeg-8.1/tests/ref/fate/filter-pan-mono2
ffmpeg-8.1/tests/ref/fate/dfa9
ffmpeg-8.1/tests/ref/fate/exr-rgb-tile-half-raw-12x8
ffmpeg-8.1/tests/ref/fate/filter-pan-stereo1
ffmpeg-8.1/tests/ref/fate/filter-metadata-ebur128
ffmpeg-8.1/tests/ref/fate/filter-yuvtestsrc-p410
ffmpeg-8.1/tests/ref/fate/cbs-h264-SVA_Base_B
ffmpeg-8.1/tests/ref/fate/cbs-hevc-discard-bidir
ffmpeg-8.1/tests/ref/fate/targa-conformance-UCM8
ffmpeg-8.1/tests/ref/fate/qt-ima4-stereo
ffmpeg-8.1/tests/ref/fate/iv8-demux
ffmpeg-8.1/tests/ref/fate/filter-pixfmts-il
ffmpeg-8.1/tests/ref/fate/vp9-03-size-224x210
ffmpeg-8.1/tests/ref/fate/png-rgb24
ffmpeg-8.1/tests/ref/fate/audiomatch-nero-16000-stereo-lc-m4a
ffmpeg-8.1/tests/ref/fate/audiomatch-dolby-44100-stereo-lc-mp4
ffmpeg-8.1/tests/ref/fate/cbs-av1-switch_frame
ffmpeg-8.1/tests/ref/fate/filter-delogo
ffmpeg-8.1/tests/ref/fate/hevc-conformance-MAXBINS_A_TI_4
ffmpeg-8.1/tests/ref/fate/vp9-02-size-64x64
ffmpeg-8.1/tests/ref/fate/vp9-03-size-198x210
ffmpeg-8.1/tests/ref/fate/vp9p1-04-yuv444
ffmpeg-8.1/tests/ref/fate/psd-lena-127x127-rgb24
ffmpeg-8.1/tests/ref/fate/filter-colorbalance-gbrap
ffmpeg-8.1/tests/ref/fate/hevc-conformance-ENTP_C_Qualcomm_1
ffmpeg-8.1/tests/ref/fate/armovie-escape124
ffmpeg-8.1/tests/ref/fate/hevc-conformance-MERGE_C_TI_3
ffmpeg-8.1/tests/ref/fate/filter-anullsink
ffmpeg-8.1/tests/ref/fate/exr-rgb-tile-rle-half-float-l1
ffmpeg-8.1/tests/ref/fate/exr-rgba-scanline-float-half-b44-13x9-l1
ffmpeg-8.1/tests/ref/fate/hevc-conformance-DBLK_D_VIXS_2
ffmpeg-8.1/tests/ref/fate/ea-tgv-1
ffmpeg-8.1/tests/ref/fate/ffprobe_csv
ffmpeg-8.1/tests/ref/fate/filter-scalechroma
ffmpeg-8.1/tests/ref/fate/filter-2xbr
ffmpeg-8.1/tests/ref/fate/cbs-hevc-STRUCT_A_Samsung_5
ffmpeg-8.1/tests/ref/fate/vp9-parallelmode-akiyo
ffmpeg-8.1/tests/ref/fate/dcinema-encode
ffmpeg-8.1/tests/ref/fate/h264-extradata-reload
ffmpeg-8.1/tests/ref/fate/dnxhr-parse
ffmpeg-8.1/tests/ref/fate/vp9-01-sharpness-1
ffmpeg-8.1/tests/ref/fate/targa-conformance-UBW8
ffmpeg-8.1/tests/ref/fate/mov-frag-encrypted-kid
ffmpeg-8.1/tests/ref/fate/filter-colorlevels-16
ffmpeg-8.1/tests/ref/fate/vp8-sign-bias
ffmpeg-8.1/tests/ref/fate/vvc-conformance-RPR_A_4
ffmpeg-8.1/tests/ref/fate/cbs-av1-seq_hdr_op_param_info
ffmpeg-8.1/tests/ref/fate/dds-dxt5-normalmap
ffmpeg-8.1/tests/ref/fate/hap5
ffmpeg-8.1/tests/ref/fate/filter-channelsplit
ffmpeg-8.1/tests/ref/fate/vp9-00-quantizer-13
ffmpeg-8.1/tests/ref/fate/h264-conformance-frext-brcm_freh4
ffmpeg-8.1/tests/ref/fate/vp9-00-quantizer-18
ffmpeg-8.1/tests/ref/fate/dds-y
ffmpeg-8.1/tests/ref/fate/spdif-mp2-remux
ffmpeg-8.1/tests/ref/fate/ffprobe_json
ffmpeg-8.1/tests/ref/fate/filter-pixdesc-bgra
ffmpeg-8.1/tests/ref/fate/vp9-encparams
ffmpeg-8.1/tests/ref/fate/vp9-03-size-208x200
ffmpeg-8.1/tests/ref/fate/sub-pgs-remux
ffmpeg-8.1/tests/ref/fate/filter-trim-time
ffmpeg-8.1/tests/ref/fate/hevc-paired-fields
ffmpeg-8.1/tests/ref/fate/hevc-conformance-SLIST_C_Sony_3
ffmpeg-8.1/tests/ref/fate/h264-conformance-basqp1_sony_c
ffmpeg-8.1/tests/ref/fate/filter-pixfmts-kerndeint
ffmpeg-8.1/tests/ref/fate/g726-encode-4bit
ffmpeg-8.1/tests/ref/fate/matroska-flac-extradata-update
ffmpeg-8.1/tests/ref/fate/ffmpeg-streamloop-copy
ffmpeg-8.1/tests/ref/fate/hevc-conformance-MAXBINS_B_TI_4
ffmpeg-8.1/tests/ref/fate/hevc-conformance-PICSIZE_D_Bossen_1
ffmpeg-8.1/tests/ref/fate/filter-removegrain-mode-10
ffmpeg-8.1/tests/ref/fate/eval
ffmpeg-8.1/tests/ref/fate/vp9-03-size-200x196
ffmpeg-8.1/tests/ref/fate/hevc-conformance-RPS_C_ericsson_5
ffmpeg-8.1/tests/ref/fate/dds-argb-aexp
ffmpeg-8.1/tests/ref/fate/h264-conformance-caba1_sva_b
ffmpeg-8.1/tests/ref/fate/adpcm-ima_wav-stereo
ffmpeg-8.1/tests/ref/fate/flic-af11-palette-change
ffmpeg-8.1/tests/ref/fate/exr-rgb-scanline-b44-half-float-12x8-l2
ffmpeg-8.1/tests/ref/fate/ogg-flac-chained-meta.txt
ffmpeg-8.1/tests/ref/fate/filter-pixdesc-yuv444p9le
ffmpeg-8.1/tests/ref/fate/h264-conformance-nrf_mw_e
ffmpeg-8.1/tests/ref/fate/vp9-03-size-226x198
ffmpeg-8.1/tests/ref/fate/mov-3elist-encrypted-kid
ffmpeg-8.1/tests/ref/fate/filter-stereo3d-sbsl-abl
ffmpeg-8.1/tests/ref/fate/filter-afade-esin
ffmpeg-8.1/tests/ref/fate/matroska-pgs-remux-durations
ffmpeg-8.1/tests/ref/fate/h264-conformance-capa1_toshiba_b
ffmpeg-8.1/tests/ref/fate/h264-conformance-nlmq2_jvc_c
ffmpeg-8.1/tests/ref/fate/mpeg2-field-enc
ffmpeg-8.1/tests/ref/fate/adpcm-ima-oki
ffmpeg-8.1/tests/ref/fate/adpcm-argo-stereo
ffmpeg-8.1/tests/ref/fate/filter-metadata-readvitc-thr
ffmpeg-8.1/tests/ref/fate/filter-pixdesc-x2bgr10le
ffmpeg-8.1/tests/ref/fate/exr-rgb-scanline-pxr24-float-half-l1
ffmpeg-8.1/tests/ref/fate/sws-pixdesc-query
ffmpeg-8.1/tests/ref/fate/h264-conformance-nl2_sony_h
ffmpeg-8.1/tests/ref/fate/hevc-conformance-RQT_C_HHI_4
ffmpeg-8.1/tests/ref/fate/cbs-hevc-WPP_F_ericsson_MAIN_2
ffmpeg-8.1/tests/ref/fate/matroska-opus-remux
ffmpeg-8.1/tests/ref/fate/filter-pixdesc-xv36le
ffmpeg-8.1/tests/ref/fate/vp9-00-quantizer-00
ffmpeg-8.1/tests/ref/fate/adpcm-ima-ssi-mono
ffmpeg-8.1/tests/ref/fate/ffmpeg-fix_sub_duration
ffmpeg-8.1/tests/ref/fate/h264-conformance-camanl1_toshiba_b
ffmpeg-8.1/tests/ref/fate/iamf-stereo
ffmpeg-8.1/tests/ref/fate/filter-silenceremove
ffmpeg-8.1/tests/ref/fate/adpcm-ima-amv
ffmpeg-8.1/tests/ref/fate/dss-lp
ffmpeg-8.1/tests/ref/fate/autorotate
ffmpeg-8.1/tests/ref/fate/filter-stereo3d-sbsl-sbsr
ffmpeg-8.1/tests/ref/fate/hevc-conformance-AMVP_C_Samsung_6
ffmpeg-8.1/tests/ref/fate/h264-invalid-ref-mod
ffmpeg-8.1/tests/ref/fate/vp8-test-vector-002
ffmpeg-8.1/tests/ref/fate/vc1-ism
ffmpeg-8.1/tests/ref/fate/vp9-03-size-208x224
ffmpeg-8.1/tests/ref/fate/concat-demuxer-simple1-lavf-mxf
ffmpeg-8.1/tests/ref/fate/mss2-rgb555s
ffmpeg-8.1/tests/ref/fate/vp8-test-vector-010
ffmpeg-8.1/tests/ref/fate/mpeg4-resolution-change-down-up
ffmpeg-8.1/tests/ref/fate/filter-metadata-cropdetect2
ffmpeg-8.1/tests/ref/fate/h264-conformance-mr1_bt_a
ffmpeg-8.1/tests/ref/fate/filter-adelay
ffmpeg-8.1/tests/ref/fate/prores-probe
ffmpeg-8.1/tests/ref/fate/h264-conformance-frext-frext1_panasonic_c
ffmpeg-8.1/tests/ref/fate/cbs-av1-decode_model
ffmpeg-8.1/tests/ref/fate/webp-rgb-lossless
ffmpeg-8.1/tests/ref/fate/ra-144
ffmpeg-8.1/tests/ref/fate/pngparser
ffmpeg-8.1/tests/ref/fate/jpeg2000dec-p0_10
ffmpeg-8.1/tests/ref/fate/vp9-00-quantizer-45
ffmpeg-8.1/tests/ref/fate/dxv3enc-dxt1
ffmpeg-8.1/tests/ref/fate/hevc-conformance-STRUCT_A_Samsung_5
ffmpeg-8.1/tests/ref/fate/spdif-eac3-remux
ffmpeg-8.1/tests/ref/fate/vp9-02-size-08x66
ffmpeg-8.1/tests/ref/fate/sub-srt-empty-events
ffmpeg-8.1/tests/ref/fate/filter-trim-frame
ffmpeg-8.1/tests/ref/fate/ffmpeg-bsf-input
ffmpeg-8.1/tests/ref/fate/adpcm-ea-2
ffmpeg-8.1/tests/ref/fate/filter-pixdesc-yuv440p10le
ffmpeg-8.1/tests/ref/fate/filter-pixdesc-y212le
ffmpeg-8.1/tests/ref/fate/ffmpeg-loopback-decoding
ffmpeg-8.1/tests/ref/fate/mxf-probe-d10
ffmpeg-8.1/tests/ref/fate/cbs-av1-av1-1-b8-22-svc-L2T2
ffmpeg-8.1/tests/ref/fate/dds-dxt5-rgxb
ffmpeg-8.1/tests/ref/fate/filter-removegrain-mode-18
ffmpeg-8.1/tests/ref/fate/cavs-demux
ffmpeg-8.1/tests/ref/fate/h264-dts_5frames
ffmpeg-8.1/tests/ref/fate/hevc-conformance-MERGE_G_HHI_4
ffmpeg-8.1/tests/ref/fate/g726-encode-3bit
ffmpeg-8.1/tests/ref/fate/filter-refcmp-psnr-yuv
ffmpeg-8.1/tests/ref/fate/pixelutils
ffmpeg-8.1/tests/ref/fate/wtv-demux
ffmpeg-8.1/tests/ref/fate/movenc
ffmpeg-8.1/tests/ref/fate/dds-dxt5-aexp
ffmpeg-8.1/tests/ref/fate/cfhd-1
ffmpeg-8.1/tests/ref/fate/h264-conformance-cabast3_sony_e
ffmpeg-8.1/tests/ref/fate/vp9p3-20-10bit-yuv440
ffmpeg-8.1/tests/ref/fate/audiomatch-afconvert-44100-mono-he-adts
ffmpeg-8.1/tests/ref/fate/cover-art-flac-remux
ffmpeg-8.1/tests/ref/fate/cbs-h264-sei-1
ffmpeg-8.1/tests/ref/fate/vvc-conformance-APSLMCS_D_1
ffmpeg-8.1/tests/ref/fate/mxf-probe-dv25
ffmpeg-8.1/tests/ref/fate/sws-yuv-colorspace
ffmpeg-8.1/tests/ref/fate/hls-segment-single
ffmpeg-8.1/tests/ref/fate/dca-xll_51_24_48_none-dmix_2
ffmpeg-8.1/tests/ref/fate/wavpack-lossless-8bit
ffmpeg-8.1/tests/ref/fate/g723_1-dec-4
ffmpeg-8.1/tests/ref/fate/h264-conformance-nl3_sva_e
ffmpeg-8.1/tests/ref/fate/h264-conformance-frext-freh2_b
ffmpeg-8.1/tests/ref/fate/vp9-02-size-08x64
ffmpeg-8.1/tests/ref/fate/hevc-conformance-ADJUST_IPRED_ANGLE_A_RExt_Mitsubishi_1
ffmpeg-8.1/tests/ref/fate/vp9-03-size-200x200
ffmpeg-8.1/tests/ref/fate/dds-rgb1555
ffmpeg-8.1/tests/ref/fate/filter-hqdn3d
ffmpeg-8.1/tests/ref/fate/filter-overlay
ffmpeg-8.1/tests/ref/fate/dds-dxt1
ffmpeg-8.1/tests/ref/fate/api-h264
ffmpeg-8.1/tests/ref/fate/hevc-conformance-SAO_D_Samsung_5
ffmpeg-8.1/tests/ref/fate/filter-pixdesc-nv24
ffmpeg-8.1/tests/ref/fate/mpeg2-ticket186
ffmpeg-8.1/tests/ref/fate/filter-hq3x
ffmpeg-8.1/tests/ref/fate/hevc-conformance-MVEDGE_A_qualcomm_3
ffmpeg-8.1/tests/ref/fate/cbs-vp9-vp92-2-20-10bit-yuv420
ffmpeg-8.1/tests/ref/fate/filter-pixdesc-yuva420p10be
ffmpeg-8.1/tests/ref/fate/idroq-video-encode
ffmpeg-8.1/tests/ref/fate/filter-pixdesc-gbrp12msble
ffmpeg-8.1/tests/ref/fate/wavpack-lossy-8bit
ffmpeg-8.1/tests/ref/fate/apng-clock
ffmpeg-8.1/tests/ref/fate/psd-duo-tone-color
ffmpeg-8.1/tests/ref/fate/sgi-rgba64
ffmpeg-8.1/tests/ref/fate/filter-pixdesc-gbrp16be
ffmpeg-8.1/tests/ref/fate/h264-conformance-cvmp_mot_fld_l30_b
ffmpeg-8.1/tests/ref/fate/fitsdec-blank_bitpix32
ffmpeg-8.1/tests/ref/fate/sub-mcc-remux-eia608
ffmpeg-8.1/tests/ref/fate/filter-pixdesc-gray9le
ffmpeg-8.1/tests/ref/fate/filter-hqdn3d-sample
ffmpeg-8.1/tests/ref/fate/exr-rgb-tile-pxr24-float-half-l1
ffmpeg-8.1/tests/ref/fate/brenderpix-intpal
ffmpeg-8.1/tests/ref/fate/mxf-metadata-source-ref1
ffmpeg-8.1/tests/ref/fate/hevc-conformance-AMVP_B_MTK_4
ffmpeg-8.1/tests/ref/fate/h264-conformance-sva_fm1_e
ffmpeg-8.1/tests/ref/fate/vvc-conformance-CodingToolsSets_A_2
ffmpeg-8.1/tests/ref/fate/filter-pixdesc-yuv420p16be
ffmpeg-8.1/tests/ref/fate/lossless-shorten
ffmpeg-8.1/tests/ref/fate/matroska-spherical-mono
ffmpeg-8.1/tests/ref/fate/filter-pixdesc-yuv444p
ffmpeg-8.1/tests/ref/fate/h264-conformance-frext-brcm_freh3
ffmpeg-8.1/tests/ref/fate/h264-conformance-frext-hcafr3_hhi_a
ffmpeg-8.1/tests/ref/fate/hevc-conformance-AMP_F_Hisilicon_3
ffmpeg-8.1/tests/ref/fate/filter-pixdesc-rgb444le
ffmpeg-8.1/tests/ref/fate/filter-pixdesc-bgr4_byte
ffmpeg-8.1/tests/ref/fate/magicyuv-rgba
ffmpeg-8.1/tests/ref/fate/vp9-00-quantizer-51
ffmpeg-8.1/tests/ref/fate/h264-conformance-sva_nl1_b
ffmpeg-8.1/tests/ref/fate/enhanced-flv-hevc
ffmpeg-8.1/tests/ref/fate/dnxhd-mbaff
ffmpeg-8.1/tests/ref/fate/webp-rgb-lossless-palette-predictor
ffmpeg-8.1/tests/ref/fate/cbs-vp9-vp91-2-04-yuv444
ffmpeg-8.1/tests/ref/fate/h264-conformance-mr7_bt_b
ffmpeg-8.1/tests/ref/fate/cbs-av1-av1-1-b8-05-mv
ffmpeg-8.1/tests/ref/fate/hevc-conformance-MVHEVCS_B
ffmpeg-8.1/tests/ref/fate/vp9-02-size-16x08
ffmpeg-8.1/tests/ref/fate/h264-conformance-frext-hcamff1_hhi_b
ffmpeg-8.1/tests/ref/fate/h264-conformance-frext-bcrm_freh10
ffmpeg-8.1/tests/ref/fate/filter-pixdesc-yuv410p
ffmpeg-8.1/tests/ref/fate/dca-xll_71_24_96_768-dmix_6
ffmpeg-8.1/tests/ref/fate/adpcm-ea-r1
ffmpeg-8.1/tests/ref/fate/zlib
ffmpeg-8.1/tests/ref/fate/mov-1elist-ends-last-bframe
ffmpeg-8.1/tests/ref/fate/spdif-dca-core-bswap
ffmpeg-8.1/tests/ref/fate/sgi-gray8-rle
ffmpeg-8.1/tests/ref/fate/utvideoenc_yuv422_none
ffmpeg-8.1/tests/ref/fate/wavpack-speed-vhigh
ffmpeg-8.1/tests/ref/fate/nuv-rtjpeg-fh
ffmpeg-8.1/tests/ref/fate/vp9-02-size-18x34
ffmpeg-8.1/tests/ref/fate/filter-pixdesc-nv21
ffmpeg-8.1/tests/ref/fate/binsub-movtextenc
ffmpeg-8.1/tests/ref/fate/exr-y-tile-zip-half-12x8
ffmpeg-8.1/tests/ref/fate/dca-xll_71_24_48_768_0-dmix_2
ffmpeg-8.1/tests/ref/fate/filter-hue3
ffmpeg-8.1/tests/ref/fate/vp9-03-size-202x210
ffmpeg-8.1/tests/ref/fate/vp9-02-size-32x32
ffmpeg-8.1/tests/ref/fate/fitsdec-gbrap16be
ffmpeg-8.1/tests/ref/fate/psd-rgb24
ffmpeg-8.1/tests/ref/fate/vp9-03-size-198x226
ffmpeg-8.1/tests/ref/fate/vp9-03-size-198x224
ffmpeg-8.1/tests/ref/fate/bmp-rle8
ffmpeg-8.1/tests/ref/fate/spdif-dca-master
ffmpeg-8.1/tests/ref/fate/4xm-1
ffmpeg-8.1/tests/ref/fate/dds-rgb24
ffmpeg-8.1/tests/ref/fate/vp9-02-size-08x08
ffmpeg-8.1/tests/ref/fate/sub-textenc
ffmpeg-8.1/tests/ref/fate/fmvc-type2
ffmpeg-8.1/tests/ref/fate/bink-video-i
ffmpeg-8.1/tests/ref/fate/vp9-02-size-18x08
ffmpeg-8.1/tests/ref/fate/speedhq-422-singlefield
ffmpeg-8.1/tests/ref/fate/vble
ffmpeg-8.1/tests/ref/fate/sub-srt-madness-timeshift
ffmpeg-8.1/tests/ref/fate/filter-pixfmts-tinterlace_pad
ffmpeg-8.1/tests/ref/fate/filter-pixdesc-yuvj420p
ffmpeg-8.1/tests/ref/fate/filter-pixdesc-argb
ffmpeg-8.1/tests/ref/fate/filter-pixdesc-yuyv422
ffmpeg-8.1/tests/ref/fate/truemotion2rt-low
ffmpeg-8.1/tests/ref/fate/filter-scale500
ffmpeg-8.1/tests/ref/fate/vp9-02-size-32x10
ffmpeg-8.1/tests/ref/fate/hevc-conformance-HRD_A_Fujitsu_2
ffmpeg-8.1/tests/ref/fate/rawvideo-yuv-demux
ffmpeg-8.1/tests/ref/fate/vc1test_smm0005
ffmpeg-8.1/tests/ref/fate/webm-av1-extradata-update
ffmpeg-8.1/tests/ref/fate/filter-extrastereo
ffmpeg-8.1/tests/ref/fate/h264-conformance-cabac_mot_frm0_full
ffmpeg-8.1/tests/ref/fate/mov-3elist
ffmpeg-8.1/tests/ref/fate/cbs-h264-CVFC1_Sony_C
ffmpeg-8.1/tests/ref/fate/h264-conformance-frext-frext02_jvc_c
ffmpeg-8.1/tests/ref/fate/hevc-conformance-DELTAQP_A_BRCM_4
ffmpeg-8.1/tests/ref/fate/vvc-conformance-SAO_A_3
ffmpeg-8.1/tests/ref/fate/jpg-12bpp
ffmpeg-8.1/tests/ref/fate/filter-pixfmts-vflip
ffmpeg-8.1/tests/ref/fate/cbs-h264-AUD_MW_E
ffmpeg-8.1/tests/ref/fate/cbs-av1-av1-1-b8-02-allintra
ffmpeg-8.1/tests/ref/fate/utvideo_rgba_left
ffmpeg-8.1/tests/ref/fate/h264-conformance-ba3_sva_c
ffmpeg-8.1/tests/ref/fate/filter-unsharp
ffmpeg-8.1/tests/ref/fate/hevc-conformance-PICSIZE_A_Bossen_1
ffmpeg-8.1/tests/ref/fate/matroska-dovi-write-config7
ffmpeg-8.1/tests/ref/fate/filter-vectorscope_color4
ffmpeg-8.1/tests/ref/fate/vc1_sa10091
ffmpeg-8.1/tests/ref/fate/vp9-02-size-16x10
ffmpeg-8.1/tests/ref/fate/vp9-02-size-32x18
ffmpeg-8.1/tests/ref/fate/filter-pixdesc-ayuv64le
ffmpeg-8.1/tests/ref/fate/mss2-wmv
ffmpeg-8.1/tests/ref/fate/prores-alpha_skip
ffmpeg-8.1/tests/ref/fate/h264-conformance-slice2_field_aurora4
ffmpeg-8.1/tests/ref/fate/hevc-conformance-DBLK_G_VIXS_2
ffmpeg-8.1/tests/ref/fate/filter-pixdesc-yuva422p10be
ffmpeg-8.1/tests/ref/fate/lossless-alac
ffmpeg-8.1/tests/ref/fate/exr-rgb-scanline-zip-half-0x0-0xFFFF
ffmpeg-8.1/tests/ref/fate/iff-fibonacci
ffmpeg-8.1/tests/ref/fate/mpeg4-bsf-unpack-bframes
ffmpeg-8.1/tests/ref/fate/hevc-conformance-WPP_F_ericsson_MAIN10_2
ffmpeg-8.1/tests/ref/fate/hevc-conformance-AMP_E_Hisilicon
ffmpeg-8.1/tests/ref/fate/adpcm-ea-r2
ffmpeg-8.1/tests/ref/fate/cbs-vvc-SUBPIC_A_3
ffmpeg-8.1/tests/ref/fate/lossless-wma
ffmpeg-8.1/tests/ref/fate/vp9-05-resize
ffmpeg-8.1/tests/ref/fate/webm-dash-chapters
ffmpeg-8.1/tests/ref/fate/sgi-gray8
ffmpeg-8.1/tests/ref/fate/hevc-conformance-MERGE_A_TI_3
ffmpeg-8.1/tests/ref/fate/cbs-vvc-VPS_A_3
ffmpeg-8.1/tests/ref/fate/prores-transparency
ffmpeg-8.1/tests/ref/fate/filter-allrgb
ffmpeg-8.1/tests/ref/fate/truemotion2rt-mid
ffmpeg-8.1/tests/ref/fate/vb
ffmpeg-8.1/tests/ref/fate/filter-pan-upmix1
ffmpeg-8.1/tests/ref/fate/filter-vflip
ffmpeg-8.1/tests/ref/fate/vp9-02-size-32x34
ffmpeg-8.1/tests/ref/fate/hevc-conformance-WPP_B_ericsson_MAIN_2
ffmpeg-8.1/tests/ref/fate/h264-conformance-cvmaqp3_sony_d
ffmpeg-8.1/tests/ref/fate/filter-pixdesc-gbrp10be
ffmpeg-8.1/tests/ref/fate/jxl-anim-demux-icos4d
ffmpeg-8.1/tests/ref/fate/sunraster-8bit_gray-raw
ffmpeg-8.1/tests/ref/fate/h264-skip-nointra
ffmpeg-8.1/tests/ref/fate/fits-demux
ffmpeg-8.1/tests/ref/fate/g723_1-dec-8
ffmpeg-8.1/tests/ref/fate/rgb24-mkv
ffmpeg-8.1/tests/ref/fate/filter-pixdesc-vuya
ffmpeg-8.1/tests/ref/fate/hevc-afd-tc-sei
ffmpeg-8.1/tests/ref/fate/segafilm-rawvideo-mux
ffmpeg-8.1/tests/ref/fate/svq3-watermark
ffmpeg-8.1/tests/ref/fate/gif-demux
ffmpeg-8.1/tests/ref/fate/h264-conformance-frext-freh6
ffmpeg-8.1/tests/ref/fate/g726-encode-2bit
ffmpeg-8.1/tests/ref/fate/ac3-fixed-encode-2
ffmpeg-8.1/tests/ref/fate/filter-pixdesc-rgb0
ffmpeg-8.1/tests/ref/fate/lscr
ffmpeg-8.1/tests/ref/fate/adpcm_ms-stereo
ffmpeg-8.1/tests/ref/fate/h264-conformance-frext-hcafr4_hhi_a
ffmpeg-8.1/tests/ref/fate/h264-conformance-frext-hpcaflnl_bcrm_c
ffmpeg-8.1/tests/ref/fate/filter-pixdesc-bgr444le
ffmpeg-8.1/tests/ref/fate/flic-magiccarpet
ffmpeg-8.1/tests/ref/fate/mss2-pal
ffmpeg-8.1/tests/ref/fate/jpg-exif-noautorotate
ffmpeg-8.1/tests/ref/fate/hevc-conformance-RPS_E_qualcomm_5
ffmpeg-8.1/tests/ref/fate/hevc-conformance-LTRPSPS_A_Qualcomm_1
ffmpeg-8.1/tests/ref/fate/enhanced-flv-multitrack
ffmpeg-8.1/tests/ref/fate/mov-mp4-iamf-ambisonic_1
ffmpeg-8.1/tests/ref/fate/filter-transpose
ffmpeg-8.1/tests/ref/fate/filter-removegrain-mode-12
ffmpeg-8.1/tests/ref/fate/mov-mp4-disposition-mpegts-remux
ffmpeg-8.1/tests/ref/fate/ea-tqi
ffmpeg-8.1/tests/ref/fate/filter-pixdesc-p012be
ffmpeg-8.1/tests/ref/fate/brenderpix-565
ffmpeg-8.1/tests/ref/fate/md5
ffmpeg-8.1/tests/ref/fate/audiomatch-dolby-44100-mono-he-mp4
ffmpeg-8.1/tests/ref/fate/jpg-exif-rotation-override
ffmpeg-8.1/tests/ref/fate/qt-alaw-mono
ffmpeg-8.1/tests/ref/fate/magicyuv-y444
ffmpeg-8.1/tests/ref/fate/filter-hue1
ffmpeg-8.1/tests/ref/fate/vp9p3-20-12bit-yuv444
ffmpeg-8.1/tests/ref/fate/h264-twofields-packet
ffmpeg-8.1/tests/ref/fate/filter-pan-stereo3
ffmpeg-8.1/tests/ref/fate/filter-drawbox
ffmpeg-8.1/tests/ref/fate/filter-pixdesc-gbrp16le
ffmpeg-8.1/tests/ref/fate/filter-pan-upmix2
ffmpeg-8.1/tests/ref/fate/smjpeg-demux
ffmpeg-8.1/tests/ref/fate/h264-conformance-frext-pph10i7_panasonic_a
ffmpeg-8.1/tests/ref/fate/lagarith-ticket4119-pass
ffmpeg-8.1/tests/ref/fate/tiff-lzw-rgbaf32le
ffmpeg-8.1/tests/ref/fate/filter-pixdesc-rgba
ffmpeg-8.1/tests/ref/fate/fifo-muxer-tst
ffmpeg-8.1/tests/ref/fate/filter-pixfmts-pullup
ffmpeg-8.1/tests/ref/fate/enhanced-flv-av1
ffmpeg-8.1/tests/ref/fate/filter-pixdesc-yuva422p12be
ffmpeg-8.1/tests/ref/fate/adtstoasc_ticket3715
ffmpeg-8.1/tests/ref/fate/utvideoenc_rgba_left
ffmpeg-8.1/tests/ref/fate/filter-metadata-avf-aphase-meter-mono
ffmpeg-8.1/tests/ref/fate/zmbv-8bit
ffmpeg-8.1/tests/ref/fate/hevc-conformance-SAO_C_Samsung_5
ffmpeg-8.1/tests/ref/fate/vc1_sa00040
ffmpeg-8.1/tests/ref/fate/audiomatch-afconvert-44100-stereo-lc-m4a
ffmpeg-8.1/tests/ref/fate/mov-stream-shorter-than-movie
ffmpeg-8.1/tests/ref/fate/vp9-16-intra-only
ffmpeg-8.1/tests/ref/fate/dds-rgtc2u
ffmpeg-8.1/tests/ref/fate/h264-conformance-frext-hcafr1_hhi_c
ffmpeg-8.1/tests/ref/fate/vp9-trac4359
ffmpeg-8.1/tests/ref/fate/mov-mp4-ttml-dfxp
ffmpeg-8.1/tests/ref/fate/psd-lena-rgba-rle-128x128-8b
ffmpeg-8.1/tests/ref/fate/vp9-02-size-18x10
ffmpeg-8.1/tests/ref/fate/sub-mpl2
ffmpeg-8.1/tests/ref/fate/filter-overlay_yuva420_yuva420
ffmpeg-8.1/tests/ref/fate/fitsenc-gbrp
ffmpeg-8.1/tests/ref/fate/dxa-scummvm
ffmpeg-8.1/tests/ref/fate/cbs-mpeg2-hhi_burst_422_short
ffmpeg-8.1/tests/ref/fate/filter-smptehdbars
ffmpeg-8.1/tests/ref/fate/exr-rgb-scanline-rle-half-float-l2
ffmpeg-8.1/tests/ref/fate/pictor
ffmpeg-8.1/tests/ref/fate/filter-pixdesc-gray
ffmpeg-8.1/tests/ref/fate/cyberia-c93
ffmpeg-8.1/tests/ref/fate/dxv-dxt5
ffmpeg-8.1/tests/ref/fate/rscc-32bit
ffmpeg-8.1/tests/ref/fate/gapless-mp3-side-data
ffmpeg-8.1/tests/ref/fate/wavpack-lossy-float
ffmpeg-8.1/tests/ref/fate/filter-bwdif10
ffmpeg-8.1/tests/ref/fate/audiomatch-afconvert-16000-mono-he-adts
ffmpeg-8.1/tests/ref/fate/filter-pixdesc-monob
ffmpeg-8.1/tests/ref/fate/filter-curves
ffmpeg-8.1/tests/ref/fate/concat-demuxer-extended-lavf-mxf_d10
ffmpeg-8.1/tests/ref/fate/jpg-rgb-3
ffmpeg-8.1/tests/ref/fate/color_utils
ffmpeg-8.1/tests/ref/fate/ea-mad
ffmpeg-8.1/tests/ref/fate/zerocodec
ffmpeg-8.1/tests/ref/fate/filter-pixfmts-transpose
ffmpeg-8.1/tests/ref/fate/mov-mp4-pcm-float
ffmpeg-8.1/tests/ref/fate/s337m-demux
ffmpeg-8.1/tests/ref/fate/aac-autobsf-adtstoasc
ffmpeg-8.1/tests/ref/fate/filter-pixdesc-gbrp14be
ffmpeg-8.1/tests/ref/fate/ulti
ffmpeg-8.1/tests/ref/fate/h264-conformance-cabac_mot_picaff0_full
ffmpeg-8.1/tests/ref/fate/filter-pixdesc-gray16be
ffmpeg-8.1/tests/ref/fate/png-frame-metadata
ffmpeg-8.1/tests/ref/fate/dds-yuyv
ffmpeg-8.1/tests/ref/fate/sub-mcc-remux
ffmpeg-8.1/tests/ref/fate/mts2
ffmpeg-8.1/tests/ref/fate/msvideo1-8bit
ffmpeg-8.1/tests/ref/fate/lmlm4-demux
ffmpeg-8.1/tests/ref/fate/concat-demuxer-extended-lavf-mxf
ffmpeg-8.1/tests/ref/fate/mpeg4-als-conformance-09
ffmpeg-8.1/tests/ref/fate/filter-framepack-lines
ffmpeg-8.1/tests/ref/fate/ripemd
ffmpeg-8.1/tests/ref/fate/sub-lrc-remux
ffmpeg-8.1/tests/ref/fate/filter-null
ffmpeg-8.1/tests/ref/fate/aptx-hd
ffmpeg-8.1/tests/ref/fate/cbs-av1-av1-1-b8-03-sizedown
ffmpeg-8.1/tests/ref/fate/bethsoft-vid
ffmpeg-8.1/tests/ref/fate/sgi-gray16-rle
ffmpeg-8.1/tests/ref/fate/cbs-h264-discard-nonkey
ffmpeg-8.1/tests/ref/fate/h264-conformance-cvnlfi2_sony_h
ffmpeg-8.1/tests/ref/fate/vp9-02-size-08x32
ffmpeg-8.1/tests/ref/fate/hevc-conformance-PMERGE_A_TI_3
ffmpeg-8.1/tests/ref/fate/adpcm-ima-ea-sead
ffmpeg-8.1/tests/ref/fate/filter-bwdif-mode1
ffmpeg-8.1/tests/ref/fate/vp9p2-20-10bit-yuv420
ffmpeg-8.1/tests/ref/fate/mov-mp3-demux
ffmpeg-8.1/tests/ref/fate/aa-demux
ffmpeg-8.1/tests/ref/fate/adpcm-creative-8-2bit
ffmpeg-8.1/tests/ref/fate/rscc-16bit
ffmpeg-8.1/tests/ref/fate/vp9-02-size-34x64
ffmpeg-8.1/tests/ref/fate/qtrle-32bit
ffmpeg-8.1/tests/ref/fate/vp8-test-vector-007
ffmpeg-8.1/tests/ref/fate/filter-pixelize-max
ffmpeg-8.1/tests/ref/fate/hevc-extradata-reload
ffmpeg-8.1/tests/ref/fate/fitsenc-gray
ffmpeg-8.1/tests/ref/fate/force_key_frames
ffmpeg-8.1/tests/ref/fate/h264-conformance-frext-hi422fr1_sony_a
ffmpeg-8.1/tests/ref/fate/h264_mp4toannexb_ticket5927_2
ffmpeg-8.1/tests/ref/fate/filter-trim-duration
ffmpeg-8.1/tests/ref/fate/filter-pixdesc-p210be
ffmpeg-8.1/tests/ref/fate/audiomatch-afconvert-16000-mono-lc-adts
ffmpeg-8.1/tests/ref/fate/cscd
ffmpeg-8.1/tests/ref/fate/cbs-vvc-SPS_B_1
ffmpeg-8.1/tests/ref/fate/iff-demux
ffmpeg-8.1/tests/ref/fate/redcode-demux
ffmpeg-8.1/tests/ref/fate/mdec
ffmpeg-8.1/tests/ref/fate/jpg-rgb-221
ffmpeg-8.1/tests/ref/fate/vp9-00-quantizer-25
ffmpeg-8.1/tests/ref/fate/hevc-conformance-SLIST_D_Sony_9
ffmpeg-8.1/tests/ref/fate/filter-pixdesc-yuva420p16be
ffmpeg-8.1/tests/ref/fate/mov-3elist-encrypted
ffmpeg-8.1/tests/ref/fate/maxis-xa
ffmpeg-8.1/tests/ref/fate/wavpack-lossless-16bit
ffmpeg-8.1/tests/ref/fate/aliaspix-gray
ffmpeg-8.1/tests/ref/fate/h264-conformance-camaci3_sony_c
ffmpeg-8.1/tests/ref/fate/h264-conformance-mr8_bt_b
ffmpeg-8.1/tests/ref/fate/rv30
ffmpeg-8.1/tests/ref/fate/filter-pixdesc-p412le
ffmpeg-8.1/tests/ref/fate/vp8-test-vector-012
ffmpeg-8.1/tests/ref/fate/ffmpeg-filter_complex
ffmpeg-8.1/tests/ref/fate/h264-conformance-cacqp3_sony_d
ffmpeg-8.1/tests/ref/fate/amrnb-remux
ffmpeg-8.1/tests/ref/fate/vp61
ffmpeg-8.1/tests/ref/fate/ffmpeg-heif-merge
ffmpeg-8.1/tests/ref/fate/h264-bsf-dts2pts
ffmpeg-8.1/tests/ref/fate/vp9-02-size-10x18
ffmpeg-8.1/tests/ref/fate/mov-ibi-elst-starts-b
ffmpeg-8.1/tests/ref/fate/sub-lrc-ms-remux
ffmpeg-8.1/tests/ref/fate/vp9-00-quantizer-17
ffmpeg-8.1/tests/ref/fate/segafilm-cinepak-mux
ffmpeg-8.1/tests/ref/fate/filter-stereo3d-sbsl-arbg
ffmpeg-8.1/tests/ref/fate/dss-sp
ffmpeg-8.1/tests/ref/fate/exr-rgb-scanline-pxr24-uint32
ffmpeg-8.1/tests/ref/fate/mov-guess-delay-3
ffmpeg-8.1/tests/ref/fate/jpegls-3bpc
ffmpeg-8.1/tests/ref/fate/filter-pixdesc-yuv420p10le
ffmpeg-8.1/tests/ref/fate/filter-crazychannels
ffmpeg-8.1/tests/ref/fate/indeo3-2
ffmpeg-8.1/tests/ref/fate/hapqa-snappy1-127x71
ffmpeg-8.1/tests/ref/fate/adpcm-creative-8-4bit
ffmpeg-8.1/tests/ref/fate/vp9-03-size-202x208
ffmpeg-8.1/tests/ref/fate/filter-pixdesc-bgr48be
ffmpeg-8.1/tests/ref/fate/filter-telecine
ffmpeg-8.1/tests/ref/fate/dca-xll_51_16_192_768_1
ffmpeg-8.1/tests/ref/fate/h264-crop-to-container
ffmpeg-8.1/tests/ref/fate/ffmpeg-lavfi
ffmpeg-8.1/tests/ref/fate/fic-avi-skip_cursor
ffmpeg-8.1/tests/ref/fate/ffmpeg-filter-in-eof
ffmpeg-8.1/tests/ref/fate/h264-conformance-frext-pph10i2_panasonic_a
ffmpeg-8.1/tests/ref/fate/dpx-probe
ffmpeg-8.1/tests/ref/fate/hevc-conformance-PERSIST_RPARAM_A_RExt_Sony_1
ffmpeg-8.1/tests/ref/fate/cbs-vvc-STILL_B_1
ffmpeg-8.1/tests/ref/fate/filter-overlay_rgb
ffmpeg-8.1/tests/ref/fate/g2m2
ffmpeg-8.1/tests/ref/fate/jxl-small-ext-box
ffmpeg-8.1/tests/ref/fate/filter-fps-down-round-down
ffmpeg-8.1/tests/ref/fate/vp9-03-size-210x210
ffmpeg-8.1/tests/ref/fate/exr-rgb-scanline-float-b44
ffmpeg-8.1/tests/ref/fate/vp9-01-sharpness-6
ffmpeg-8.1/tests/ref/fate/srtp
ffmpeg-8.1/tests/ref/fate/dds-rgtc1s
ffmpeg-8.1/tests/ref/fate/adpcm-sanyo-4bit
ffmpeg-8.1/tests/ref/fate/psd-ya8
ffmpeg-8.1/tests/ref/fate/exr-rgb-scanline-raw-half-float-l2
ffmpeg-8.1/tests/ref/fate/h264-conformance-cvwp5_toshiba_e
ffmpeg-8.1/tests/ref/fate/ea-cdata
ffmpeg-8.1/tests/ref/fate/filter-framepack-sbs
ffmpeg-8.1/tests/ref/fate/cover-art-mp3-id3v2-remux
ffmpeg-8.1/tests/ref/fate/filter-pixdesc-gbrap12be
ffmpeg-8.1/tests/ref/fate/tscc-32bit
ffmpeg-8.1/tests/ref/fate/canopus-hq_hqa-hqa
ffmpeg-8.1/tests/ref/fate/h264-conformance-frext-pph422i6_panasonic_a
ffmpeg-8.1/tests/ref/fate/armovie-escape130
ffmpeg-8.1/tests/ref/fate/hevc-conformance-MVCLIP_A_qualcomm_3
ffmpeg-8.1/tests/ref/fate/filter-stereo3d-sbsl-agmh
ffmpeg-8.1/tests/ref/fate/filter-mcdeint-medium
ffmpeg-8.1/tests/ref/fate/m4v-cfr
ffmpeg-8.1/tests/ref/fate/ffprobe_flat
ffmpeg-8.1/tests/ref/fate/hevc-conformance-DBLK_A_SONY_3
ffmpeg-8.1/tests/ref/fate/sunraster-24bit-raw
ffmpeg-8.1/tests/ref/fate/vp9-00-quantizer-06
ffmpeg-8.1/tests/ref/fate/exr-rgba-scanline-float-half-b44-12x8-l2
ffmpeg-8.1/tests/ref/fate/motionpixels
ffmpeg-8.1/tests/ref/fate/h264-conformance-frext-hpcadq_brcm_b
ffmpeg-8.1/tests/ref/fate/utvideo_rgb_int_gradient
ffmpeg-8.1/tests/ref/fate/yop
ffmpeg-8.1/tests/ref/fate/vp9-00-quantizer-03
ffmpeg-8.1/tests/ref/fate/pcm_dvd-16-1-96000
ffmpeg-8.1/tests/ref/fate/filter-stereo3d-ar-abl
ffmpeg-8.1/tests/ref/fate/sub-aqtitle
ffmpeg-8.1/tests/ref/fate/apng-dispose-background2
ffmpeg-8.1/tests/ref/fate/filter-pixdesc-gray14le
ffmpeg-8.1/tests/ref/fate/h264-conformance-frext-pph422i1_panasonic_a
ffmpeg-8.1/tests/ref/fate/audiomatch-faac-44100-mono-lc-adts
ffmpeg-8.1/tests/ref/fate/h264-conformance-canl2_sva_b
ffmpeg-8.1/tests/ref/fate/tiertex-seq
ffmpeg-8.1/tests/ref/fate/vp9-02-size-34x16
ffmpeg-8.1/tests/ref/fate/mv-mvc2
ffmpeg-8.1/tests/ref/fate/dds-dxt4
ffmpeg-8.1/tests/ref/fate/exr-slice-zip1
ffmpeg-8.1/tests/ref/fate/filter-pan-downmix1
ffmpeg-8.1/tests/ref/fate/spdif-truehd
ffmpeg-8.1/tests/ref/fate/ffmpeg-heif-merge-filtergraph
ffmpeg-8.1/tests/ref/fate/vvc-frames-with-ltr
ffmpeg-8.1/tests/ref/fate/bfstm
ffmpeg-8.1/tests/ref/fate/webm-dash-manifest-representations
ffmpeg-8.1/tests/ref/fate/gifenc-gray
ffmpeg-8.1/tests/ref/fate/targa-conformance-CTC16
ffmpeg-8.1/tests/ref/fate/ffmpeg-bsf-remove-r
ffmpeg-8.1/tests/ref/fate/filter-w3fdif-complex
ffmpeg-8.1/tests/ref/fate/vc1_sa00050
ffmpeg-8.1/tests/ref/fate/cfhd-3
ffmpeg-8.1/tests/ref/fate/caf-mace6-remux
ffmpeg-8.1/tests/ref/fate/h264-conformance-cabref3_sand_d
ffmpeg-8.1/tests/ref/fate/vp9-00-quantizer-12
ffmpeg-8.1/tests/ref/fate/qoa-303
ffmpeg-8.1/tests/ref/fate/hevc-conformance-CAINIT_C_SHARP_3
ffmpeg-8.1/tests/ref/fate/h264-conformance-cafi1_sva_c
ffmpeg-8.1/tests/ref/fate/segment-adts-to-mkv-header-000
ffmpeg-8.1/tests/ref/fate/fitsenc-gray16be
ffmpeg-8.1/tests/ref/fate/h264-conformance-mr3_tandberg_b
ffmpeg-8.1/tests/ref/fate/jpg-jfif
ffmpeg-8.1/tests/ref/fate/wavpack-lossless-24bit
ffmpeg-8.1/tests/ref/fate/utvideoenc_yuv444_none
ffmpeg-8.1/tests/ref/fate/mov-heic-demux-still-image-1-item
ffmpeg-8.1/tests/ref/fate/vp9-06-bilinear
ffmpeg-8.1/tests/ref/fate/filter-vectorscope_color2
ffmpeg-8.1/tests/ref/fate/h264-conformance-frext-hpcamolq_brcm_b
ffmpeg-8.1/tests/ref/fate/sub-subviewer1
ffmpeg-8.1/tests/ref/fate/filter-pixdesc-p212le
ffmpeg-8.1/tests/ref/fate/jpeg2000dec-p0_01
ffmpeg-8.1/tests/ref/fate/dpx
ffmpeg-8.1/tests/ref/fate/h264-conformance-hcmp1_hhi_a
ffmpeg-8.1/tests/ref/fate/vp9-03-size-196x196
ffmpeg-8.1/tests/ref/fate/vp9-02-size-34x10
ffmpeg-8.1/tests/ref/fate/vvc-conformance-ACT_A_3
ffmpeg-8.1/tests/ref/fate/truemotion2
ffmpeg-8.1/tests/ref/fate/h264-conformance-frext-frext_mmco4_sony_b
ffmpeg-8.1/tests/ref/fate/dds-rgtc1u
ffmpeg-8.1/tests/ref/fate/wmv3-drm-nodec
ffmpeg-8.1/tests/ref/fate/filter-removegrain-mode-13
ffmpeg-8.1/tests/ref/fate/utvideo_yuv444_709_median
ffmpeg-8.1/tests/ref/fate/hevc-conformance-WPP_B_ericsson_MAIN10_2
ffmpeg-8.1/tests/ref/fate/h264-conformance-caba3_sony_c
ffmpeg-8.1/tests/ref/fate/vp9-segmentation-aq-akiyo
ffmpeg-8.1/tests/ref/fate/adpcm-ea-maxis-xa
ffmpeg-8.1/tests/ref/fate/filter-tpad-clone
ffmpeg-8.1/tests/ref/fate/bmpparser
ffmpeg-8.1/tests/ref/fate/ffmpeg-bsf-remove-e
ffmpeg-8.1/tests/ref/fate/exr-ya-scanline-zip-half-12x8
ffmpeg-8.1/tests/ref/fate/screenpresso-32bit
ffmpeg-8.1/tests/ref/fate/jpg-rgb-4
ffmpeg-8.1/tests/ref/fate/mxf-probe-dnxhd
ffmpeg-8.1/tests/ref/fate/gifenc-pal8
ffmpeg-8.1/tests/ref/fate/filter-asegment-samples-absolute
ffmpeg-8.1/tests/ref/fate/h264-reinit-large_420_8-to-small_420_8
ffmpeg-8.1/tests/ref/fate/webp-rgb-lossy-q80
ffmpeg-8.1/tests/ref/fate/cbs-vvc-AUD_A_3
ffmpeg-8.1/tests/ref/fate/enhanced-flv-vp9
ffmpeg-8.1/tests/ref/fate/vqa-cc
ffmpeg-8.1/tests/ref/fate/vvc-wpp-single-slice-pic
ffmpeg-8.1/tests/ref/fate/mov-aac-2048-priming
ffmpeg-8.1/tests/ref/fate/filter-removegrain-mode-07
ffmpeg-8.1/tests/ref/fate/pixlet-rgb
ffmpeg-8.1/tests/ref/fate/hevc-conformance-CAINIT_B_SHARP_4
ffmpeg-8.1/tests/ref/fate/h264-conformance-cvwp3_toshiba_e
ffmpeg-8.1/tests/ref/fate/psd-lena-rgb-rle-127x127-16b
ffmpeg-8.1/tests/ref/fate/filter-agate
ffmpeg-8.1/tests/ref/fate/filter-pixdesc-bgr565be
ffmpeg-8.1/tests/ref/fate/filter-framerate-down
ffmpeg-8.1/tests/ref/fate/auravision-v2
ffmpeg-8.1/tests/ref/fate/targa-conformance-CBW8
ffmpeg-8.1/tests/ref/fate/jpegls-ilv0-rst
ffmpeg-8.1/tests/ref/fate/hevc-conformance-OPFLAG_C_Qualcomm_1
ffmpeg-8.1/tests/ref/fate/filter-pixdesc-bgr555le
ffmpeg-8.1/tests/ref/fate/spdif-ac3-remux
ffmpeg-8.1/tests/ref/fate/webm-webvtt-remux
ffmpeg-8.1/tests/ref/fate/matroska-mastering-display-metadata
ffmpeg-8.1/tests/ref/fate/atrac-matroska-remux
ffmpeg-8.1/tests/ref/fate/filter-pixdesc-yuv422p16le
ffmpeg-8.1/tests/ref/fate/hapqa-extract-nosnappy-to-hapalphaonly-mov
ffmpeg-8.1/tests/ref/fate/svq3-1
ffmpeg-8.1/tests/ref/fate/filter-removegrain-mode-16
ffmpeg-8.1/tests/ref/fate/audiomatch-square-aac
ffmpeg-8.1/tests/ref/fate/fitsenc-gbrap
ffmpeg-8.1/tests/ref/fate/h264-afd
ffmpeg-8.1/tests/ref/fate/filter-fsync-up
ffmpeg-8.1/tests/ref/fate/hevc-conformance-NoOutPrior_B_Qualcomm_1
ffmpeg-8.1/tests/ref/fate/cbs-hevc-discard-nonintra
ffmpeg-8.1/tests/ref/fate/filter-tpad-add-duration
ffmpeg-8.1/tests/ref/fate/mov-mp4-iamf-7_1_4-video-first-3
ffmpeg-8.1/tests/ref/fate/filter-scale2ref_keep_aspect
ffmpeg-8.1/tests/ref/fate/rv60-72x72
ffmpeg-8.1/tests/ref/fate/vp9-02-size-34x66
ffmpeg-8.1/tests/ref/fate/qt-ulaw-mono
ffmpeg-8.1/tests/ref/fate/imf-cpl-with-audio
ffmpeg-8.1/tests/ref/fate/dirac-low-delay
ffmpeg-8.1/tests/ref/fate/vp9-00-quantizer-14
ffmpeg-8.1/tests/ref/fate/h264-conformance-frext-brcm_freh8
ffmpeg-8.1/tests/ref/fate/filter-pixfmts-fieldorder
ffmpeg-8.1/tests/ref/fate/utvideo_rgba_single_symbol
ffmpeg-8.1/tests/ref/fate/wavpack-lossy-32bit
ffmpeg-8.1/tests/ref/fate/hevc-mv-switch
ffmpeg-8.1/tests/ref/fate/vvc-conformance-CROP_B_4
ffmpeg-8.1/tests/ref/fate/alg-mm
ffmpeg-8.1/tests/ref/fate/sub-webvtt
ffmpeg-8.1/tests/ref/fate/mov-guess-delay-1
ffmpeg-8.1/tests/ref/fate/sunraster-1bit-raw
ffmpeg-8.1/tests/ref/fate/matroska-ms-mode
ffmpeg-8.1/tests/ref/fate/cbs-hevc-WPP_A_ericsson_MAIN_2
ffmpeg-8.1/tests/ref/fate/vp9p3-20-10bit-yuv444
ffmpeg-8.1/tests/ref/fate/h264-conformance-sva_ba1_b
ffmpeg-8.1/tests/ref/fate/h264-conformance-caba1_sony_d
ffmpeg-8.1/tests/ref/fate/filter-dcshift
ffmpeg-8.1/tests/ref/fate/hevc-conformance-WPP_E_ericsson_MAIN10_2
ffmpeg-8.1/tests/ref/fate/filter-rgbtestsrc-x2rgb10le
ffmpeg-8.1/tests/ref/fate/filter-minterpolate-down
ffmpeg-8.1/tests/ref/fate/cbs-vp9-vp90-2-10-show-existing-frame2
ffmpeg-8.1/tests/ref/fate/vp60
ffmpeg-8.1/tests/ref/fate/filter-removegrain-mode-06
ffmpeg-8.1/tests/ref/fate/oggtheora-demux
ffmpeg-8.1/tests/ref/fate/png-gray16
ffmpeg-8.1/tests/ref/fate/utvideo_yuv444_709_gradient
ffmpeg-8.1/tests/ref/fate/magicyuv-y4444i
ffmpeg-8.1/tests/ref/fate/h264-conformance-cavlc_mot_picaff0_full_b
ffmpeg-8.1/tests/ref/fate/filter-stereo3d-sbsl-agmd
ffmpeg-8.1/tests/ref/fate/cbs-h264-discard-nonref
ffmpeg-8.1/tests/ref/fate/dds-dxt5-rbxg
ffmpeg-8.1/tests/ref/fate/png-side-data
ffmpeg-8.1/tests/ref/fate/ast
ffmpeg-8.1/tests/ref/fate/hevc-conformance-WPP_C_ericsson_MAIN10_2
ffmpeg-8.1/tests/ref/fate/id-cin-video
ffmpeg-8.1/tests/ref/fate/mpeg2-ticket6677
ffmpeg-8.1/tests/ref/fate/aic
ffmpeg-8.1/tests/ref/fate/exr-rgb-scanline-zip-half-float-l2
ffmpeg-8.1/tests/ref/fate/enhanced-flv-vvc
ffmpeg-8.1/tests/ref/fate/filter-yuvtestsrc-yuva444p12
ffmpeg-8.1/tests/ref/fate/vp8-test-vector-017
ffmpeg-8.1/tests/ref/fate/vp9-03-size-200x226
ffmpeg-8.1/tests/ref/fate/jpeg2000dec-p0_03
ffmpeg-8.1/tests/ref/fate/png-mdcv
ffmpeg-8.1/tests/ref/fate/sub-pjs
ffmpeg-8.1/tests/ref/fate/pcm_dvd
ffmpeg-8.1/tests/ref/fate/filter-scale200
ffmpeg-8.1/tests/ref/fate/filter-paletteuse-bayer0
ffmpeg-8.1/tests/ref/fate/webp-rgb-lena-lossless
ffmpeg-8.1/tests/ref/fate/h264-conformance-frext-alphaconformanceg
ffmpeg-8.1/tests/ref/fate/filter-refcmp-ssim-rgb
ffmpeg-8.1/tests/ref/fate/mov-heic-demux-still-image-grid
ffmpeg-8.1/tests/ref/fate/filter-pixdesc-gbrap10le
ffmpeg-8.1/tests/ref/fate/vp9-00-quantizer-21
ffmpeg-8.1/tests/ref/fate/dfa7
ffmpeg-8.1/tests/ref/fate/hevc-conformance-SAO_B_MediaTek_5
ffmpeg-8.1/tests/ref/fate/vp9-02-size-16x32
ffmpeg-8.1/tests/ref/fate/cbs-av1-av1-1-b8-22-svc-L2T1
ffmpeg-8.1/tests/ref/fate/exif-image-embedded
ffmpeg-8.1/tests/ref/fate/adpcm-ima-apm-mono
ffmpeg-8.1/tests/ref/fate/filter-removegrain-mode-24
ffmpeg-8.1/tests/ref/fate/h264-conformance-cvma1_toshiba_b
ffmpeg-8.1/tests/ref/fate/filter-histogram-levels
ffmpeg-8.1/tests/ref/fate/vp9-03-size-224x196
ffmpeg-8.1/tests/ref/fate/filter-pixdesc-yuv444p10msble
ffmpeg-8.1/tests/ref/fate/audiomatch-afconvert-16000-stereo-lc-m4a
ffmpeg-8.1/tests/ref/fate/filter-mpdecimate
ffmpeg-8.1/tests/ref/fate/audiomatch-afconvert-16000-stereo-he-adts
ffmpeg-8.1/tests/ref/fate/utvideoenc_yuv420_none
ffmpeg-8.1/tests/ref/fate/filter-bwdif-mode0
ffmpeg-8.1/tests/ref/fate/filter-refcmp-blurdetect-yuv
ffmpeg-8.1/tests/ref/fate/filter-pixdesc-yuv440p12le
ffmpeg-8.1/tests/ref/fate/g723_1-dec-6
ffmpeg-8.1/tests/ref/fate/filter-pixdesc-v30xle
ffmpeg-8.1/tests/ref/fate/cbs-hevc-WP_A_Toshiba_3
ffmpeg-8.1/tests/ref/fate/filter-tiltandshift-444
ffmpeg-8.1/tests/ref/fate/dca-xll_71_24_48_768_0-dmix_6
ffmpeg-8.1/tests/ref/fate/hapqa-snappy16-127x71
ffmpeg-8.1/tests/ref/fate/cbs-vvc-WP_A_3
ffmpeg-8.1/tests/ref/fate/vp6f
ffmpeg-8.1/tests/ref/fate/vp9-00-quantizer-48
ffmpeg-8.1/tests/ref/fate/filter-tblend
ffmpeg-8.1/tests/ref/fate/filter-pixdesc-yuv422p9le
ffmpeg-8.1/tests/ref/fate/vp9-tiling-pedestrian
ffmpeg-8.1/tests/ref/fate/h264-conformance-cvfi2_sony_h
ffmpeg-8.1/tests/ref/fate/h264-conformance-mr9_bt_b
ffmpeg-8.1/tests/ref/fate/h264-conformance-bamq2_jvc_c
ffmpeg-8.1/tests/ref/fate/filter-decimate
ffmpeg-8.1/tests/ref/fate/h264-conformance-cvwp1_toshiba_e
ffmpeg-8.1/tests/ref/fate/filter-pixfmts-null
ffmpeg-8.1/tests/ref/fate/mov-channel-description
ffmpeg-8.1/tests/ref/fate/ws_snd
ffmpeg-8.1/tests/ref/fate/copy-shortest1
ffmpeg-8.1/tests/ref/fate/g723_1-dec-3
ffmpeg-8.1/tests/ref/fate/adpcm-ima-cunning-trunc-t2a-track0
ffmpeg-8.1/tests/ref/fate/pcm_dvd-24-7.1-48000
ffmpeg-8.1/tests/ref/fate/hevc-small422chroma
ffmpeg-8.1/tests/ref/fate/filter-pixdesc-bgr0
ffmpeg-8.1/tests/ref/fate/filter-pan-stereo4
ffmpeg-8.1/tests/ref/fate/gaplessenc-itunes-to-ipod-aac
ffmpeg-8.1/tests/ref/fate/filter-refcmp-xpsnr-rgb
ffmpeg-8.1/tests/ref/fate/vvc-conformance-APSALF_A_2
ffmpeg-8.1/tests/ref/fate/filter-stereo3d-sbsl-arcc
ffmpeg-8.1/tests/ref/fate/filter-pixdesc-p016be
ffmpeg-8.1/tests/ref/fate/filter-testsrc2-yuv444p
ffmpeg-8.1/tests/ref/fate/utvideo_yuv444_709_int_gradient
ffmpeg-8.1/tests/ref/fate/adpcm-xa
ffmpeg-8.1/tests/ref/fate/filter-tpad-add
ffmpeg-8.1/tests/ref/fate/caf-alac-remux
ffmpeg-8.1/tests/ref/fate/h264-intra-refresh-recovery
ffmpeg-8.1/tests/ref/fate/hevc-conformance-WP_B_Toshiba_3
ffmpeg-8.1/tests/ref/fate/utvideo_yuv420_int_gradient
ffmpeg-8.1/tests/ref/fate/h264-conformance-cvwp2_toshiba_e
ffmpeg-8.1/tests/ref/fate/sub2video
ffmpeg-8.1/tests/ref/fate/cbs-vvc-WRAP_A_4
ffmpeg-8.1/tests/ref/fate/exr-rgb-tile-raw-half-float-l1
ffmpeg-8.1/tests/ref/fate/filter-pixdesc-bgr24
ffmpeg-8.1/tests/ref/fate/vp9-02-size-16x66
ffmpeg-8.1/tests/ref/fate/tiff-zip-rgbaf32le
ffmpeg-8.1/tests/ref/fate/hapqa-extract-nosnappy-to-hapq-mov
ffmpeg-8.1/tests/ref/fate/sierra-vmd-audio
ffmpeg-8.1/tests/ref/fate/filter-pixdesc-yuv420p14le
ffmpeg-8.1/tests/ref/fate/gaplessinfo-itunes2
ffmpeg-8.1/tests/ref/fate/sanm
ffmpeg-8.1/tests/ref/fate/sub-mcc-remux-eia608-recode
ffmpeg-8.1/tests/ref/fate/qt-mac3-mono
ffmpeg-8.1/tests/ref/fate/dpcm-idroq
ffmpeg-8.1/tests/ref/fate/filter-mcdeint-fast
ffmpeg-8.1/tests/ref/fate/webp-rgb-lena-lossless-rgb24
ffmpeg-8.1/tests/ref/fate/sierra-vmd-video
ffmpeg-8.1/tests/ref/fate/hevc-conformance-IPCM_A_RExt_NEC
ffmpeg-8.1/tests/ref/fate/caf-demux
ffmpeg-8.1/tests/ref/fate/h264-conformance-cabac_mot_fld0_full
ffmpeg-8.1/tests/ref/fate/pcm_s16le-stereo
ffmpeg-8.1/tests/ref/fate/webm-hdr10-plus-remux
ffmpeg-8.1/tests/ref/fate/cdxl-pal8-small
ffmpeg-8.1/tests/ref/fate/ffprobe_compact
ffmpeg-8.1/tests/ref/fate/delphine-cin-video
ffmpeg-8.1/tests/ref/fate/hevc-conformance-PERSIST_RPARAM_A_RExt_Sony_3
ffmpeg-8.1/tests/ref/fate/vp9-02-size-10x16
ffmpeg-8.1/tests/ref/fate/vp9-00-quantizer-43
ffmpeg-8.1/tests/ref/fate/filter-pixfmts-tinterlace_vlpf
ffmpeg-8.1/tests/ref/fate/audiomatch-nero-44100-stereo-he-m4a
ffmpeg-8.1/tests/ref/fate/pcm_dvd-16-1-48000
ffmpeg-8.1/tests/ref/fate/h264-brokensps-2580
ffmpeg-8.1/tests/ref/fate/audiomatch-afconvert-16000-stereo-he-m4a
ffmpeg-8.1/tests/ref/fate/segment-mp4-to-ts
ffmpeg-8.1/tests/ref/fate/vbn-raw-rgb24
ffmpeg-8.1/tests/ref/fate/sub-scc
ffmpeg-8.1/tests/ref/fate/filter-3xbr
ffmpeg-8.1/tests/ref/fate/matroska-side-data-pref-packet
ffmpeg-8.1/tests/ref/fate/utvideoenc_rgba_median
ffmpeg-8.1/tests/ref/fate/matroska-encoding-delay
ffmpeg-8.1/tests/ref/fate/mpeg4-resolution-change-up-down
ffmpeg-8.1/tests/ref/fate/h264-timecode
ffmpeg-8.1/tests/ref/fate/filter-pixdesc-yuva422p10le
ffmpeg-8.1/tests/ref/fate/jxl-anim-demux-lenna256
ffmpeg-8.1/tests/ref/fate/hevc-conformance-SDH_A_Orange_3
ffmpeg-8.1/tests/ref/fate/filter-asegment-samples-relative
ffmpeg-8.1/tests/ref/fate/truemotion1-24
ffmpeg-8.1/tests/ref/fate/png-icc-parse
ffmpeg-8.1/tests/ref/fate/filter-setpts
ffmpeg-8.1/tests/ref/fate/filter-asegment-timestamps-relative
ffmpeg-8.1/tests/ref/fate/filter-pixdesc-monow
ffmpeg-8.1/tests/ref/fate/vp9-02-size-18x18
ffmpeg-8.1/tests/ref/fate/audiomatch-nero-16000-mono-he-m4a
ffmpeg-8.1/tests/ref/fate/png-rgb48
ffmpeg-8.1/tests/ref/fate/filter-framepack-columns
ffmpeg-8.1/tests/ref/fate/h264-conformance-camp_mot_mbaff_l31
ffmpeg-8.1/tests/ref/fate/filter-lavd-life
ffmpeg-8.1/tests/ref/fate/dxv3-ycg6
ffmpeg-8.1/tests/ref/fate/sws-floatimg-cmp
ffmpeg-8.1/tests/ref/fate/smacker-audio
ffmpeg-8.1/tests/ref/fate/fitsdec-gbrp
ffmpeg-8.1/tests/ref/fate/sub-mpsub
ffmpeg-8.1/tests/ref/fate/matroska-side-data-pref-codec
ffmpeg-8.1/tests/ref/fate/theora-offset
ffmpeg-8.1/tests/ref/fate/spdif-mlp
ffmpeg-8.1/tests/ref/fate/jpeg2000dec-p0_02
ffmpeg-8.1/tests/ref/fate/indeo2-delta
ffmpeg-8.1/tests/ref/fate/vp9-02-size-66x18
ffmpeg-8.1/tests/ref/fate/hevc-conformance-SAO_A_MediaTek_4
ffmpeg-8.1/tests/ref/fate/filter-removegrain-mode-02
ffmpeg-8.1/tests/ref/fate/vp9-00-quantizer-56
ffmpeg-8.1/tests/ref/fate/vp9-02-size-34x34
ffmpeg-8.1/tests/ref/fate/psd-gray16
ffmpeg-8.1/tests/ref/fate/vp9-03-size-202x198
ffmpeg-8.1/tests/ref/fate/filter-pixdesc-yuv422p16be
ffmpeg-8.1/tests/ref/fate/h264-unescaped-extradata
ffmpeg-8.1/tests/ref/fate/api-h264-slice
ffmpeg-8.1/tests/ref/fate/filter-atrim-time
ffmpeg-8.1/tests/ref/fate/h264-conformance-camanl2_toshiba_b
ffmpeg-8.1/tests/ref/fate/vc1_sa20021
ffmpeg-8.1/tests/ref/fate/hevc-alpha
ffmpeg-8.1/tests/ref/fate/film-cvid
ffmpeg-8.1/tests/ref/fate/h264-conformance-canl3_sony_c
ffmpeg-8.1/tests/ref/fate/filter-pixdesc-yuv422p
ffmpeg-8.1/tests/ref/fate/brenderpix-y400a
ffmpeg-8.1/tests/ref/fate/qt-ulaw-stereo
ffmpeg-8.1/tests/ref/fate/filter-lavd-scalenorm
ffmpeg-8.1/tests/ref/fate/ansi
ffmpeg-8.1/tests/ref/fate/corepng
ffmpeg-8.1/tests/ref/fate/sgi-rgb48-rle
ffmpeg-8.1/tests/ref/fate/filter-pixdesc-ya8
ffmpeg-8.1/tests/ref/fate/hevc-conformance-POC_A_Bossen_3
ffmpeg-8.1/tests/ref/fate/hevc-conformance-TSCL_A_VIDYO_5
ffmpeg-8.1/tests/ref/fate/wavpack-speed-fast
ffmpeg-8.1/tests/ref/fate/vp8-test-vector-015
ffmpeg-8.1/tests/ref/fate/filter-pixdesc-yuv444p12msbbe
ffmpeg-8.1/tests/ref/fate/filter-formats
ffmpeg-8.1/tests/ref/fate/filter-pixdesc-yuv444p14be
ffmpeg-8.1/tests/ref/fate/vp31
ffmpeg-8.1/tests/ref/fate/vqf-demux
ffmpeg-8.1/tests/ref/fate/webp-rgba-lossy-q80
ffmpeg-8.1/tests/ref/fate/vvc-conformance-DCI_A_3
ffmpeg-8.1/tests/ref/fate/cbs-vvc-BUMP_A_2
ffmpeg-8.1/tests/ref/fate/g2m3
ffmpeg-8.1/tests/ref/fate/segment-adts-to-mkv-header-002
ffmpeg-8.1/tests/ref/fate/mov-2elist-elist1-ends-bframe
ffmpeg-8.1/tests/ref/fate/filter-aecho
ffmpeg-8.1/tests/ref/fate/filter-hue2
ffmpeg-8.1/tests/ref/fate/vvc-conformance-PHSH_B_1
ffmpeg-8.1/tests/ref/fate/xxan-wc4
ffmpeg-8.1/tests/ref/fate/cvid-palette
ffmpeg-8.1/tests/ref/fate/mov-mp4-extended-atom
ffmpeg-8.1/tests/ref/fate/hevc-conformance-TILES_B_Cisco_1
ffmpeg-8.1/tests/ref/fate/vp9-03-size-198x198
ffmpeg-8.1/tests/ref/fate/h264-ref-pic-mod-overflow
ffmpeg-8.1/tests/ref/fate/copy-trac4914-avi
ffmpeg-8.1/tests/ref/fate/filter-chromashift-wrap
ffmpeg-8.1/tests/ref/fate/bmp-16bit-mask
ffmpeg-8.1/tests/ref/fate/mxf-d10-user-comments
ffmpeg-8.1/tests/ref/fate/qtrle-2bit
ffmpeg-8.1/tests/ref/fate/id3v2-chapters
ffmpeg-8.1/tests/ref/fate/sws-unscaled
ffmpeg-8.1/tests/ref/fate/hevc-conformance-RPS_F_docomo_1
ffmpeg-8.1/tests/ref/fate/loco-rgb
ffmpeg-8.1/tests/ref/fate/mov-440hz-10ms
ffmpeg-8.1/tests/ref/fate/psd-rgba64
ffmpeg-8.1/tests/ref/fate/h264-conformance-frext-pph10i3_panasonic_a
ffmpeg-8.1/tests/ref/fate/vvc-conformance-10b422_L_5
ffmpeg-8.1/tests/ref/fate/h264-conformance-frext-pph10i4_panasonic_a
ffmpeg-8.1/tests/ref/fate/jpeg2000dec-p0_11
ffmpeg-8.1/tests/ref/fate/vp9-00-quantizer-38
ffmpeg-8.1/tests/ref/fate/id3v2-priv-remux
ffmpeg-8.1/tests/ref/fate/adpcm-ms-mono
ffmpeg-8.1/tests/ref/fate/aptx
ffmpeg-8.1/tests/ref/fate/adpcm-ima-smjpeg
ffmpeg-8.1/tests/ref/fate/gsm-toast
ffmpeg-8.1/tests/ref/fate/mov-mp4-multiple-stsd-muxing
ffmpeg-8.1/tests/ref/fate/cdxl-ham8
ffmpeg-8.1/tests/ref/fate/aea-demux
ffmpeg-8.1/tests/ref/fate/vp9-03-size-196x202
ffmpeg-8.1/tests/ref/fate/audiomatch-faac-44100-mono-lc-m4a
ffmpeg-8.1/tests/ref/fate/oggvp8-demux
ffmpeg-8.1/tests/ref/fate/exr-rgb-scanline-uint32-piz-dw-large
ffmpeg-8.1/tests/ref/fate/rgbapng-4816
ffmpeg-8.1/tests/ref/fate/prores-422
ffmpeg-8.1/tests/ref/fate/prores-transparency_skip
ffmpeg-8.1/tests/ref/fate/hevc-conformance-AMVP_A_MTK_4
ffmpeg-8.1/tests/ref/fate/filter-removegrain-mode-17
ffmpeg-8.1/tests/ref/fate/filter-aemphasis-75kf
ffmpeg-8.1/tests/ref/fate/parseutils
ffmpeg-8.1/tests/ref/fate/filter-pixfmts-crop
ffmpeg-8.1/tests/ref/fate/vc1_ilaced_twomv
ffmpeg-8.1/tests/ref/fate/filter-pixdesc-xyz12be
ffmpeg-8.1/tests/ref/fate/filter-pixdesc-gbrp14le
ffmpeg-8.1/tests/ref/fate/utvideo_yuv444_709_int_median
ffmpeg-8.1/tests/ref/fate/flcl1905
ffmpeg-8.1/tests/ref/fate/matroska-mpegts-remux
ffmpeg-8.1/tests/ref/fate/filter-pixdesc-yuv422p9be
ffmpeg-8.1/tests/ref/fate/mts2-xesc
ffmpeg-8.1/tests/ref/fate/h264-conformance-caba2_sva_b
ffmpeg-8.1/tests/ref/fate/exr-rgb-scanline-b44-half-float-12x8-l1
ffmpeg-8.1/tests/ref/fate/imf
ffmpeg-8.1/tests/ref/fate/hevc-conformance-MERGE_D_TI_3
ffmpeg-8.1/tests/ref/fate/vp9-03-size-226x224
ffmpeg-8.1/tests/ref/fate/vp9-03-size-210x198
ffmpeg-8.1/tests/ref/fate/sub-lrc-ms-ms-remux
ffmpeg-8.1/tests/ref/fate/hevc-conformance-RQT_A_HHI_4
ffmpeg-8.1/tests/ref/fate/lossless-wma24-rawtile
ffmpeg-8.1/tests/ref/fate/filter-pixdesc-gbrp10le
ffmpeg-8.1/tests/ref/fate/auravision-v1
ffmpeg-8.1/tests/ref/fate/h264-conformance-sva_nl2_e
ffmpeg-8.1/tests/ref/fate/cbs-vvc-PPS_B_1
ffmpeg-8.1/tests/ref/fate/frwu
ffmpeg-8.1/tests/ref/fate/matroska-move-cues-to-front
ffmpeg-8.1/tests/ref/fate/rscc-24bit
ffmpeg-8.1/tests/ref/fate/ffmpeg-error-rate-fail
ffmpeg-8.1/tests/ref/fate/hapqa-extract-snappy16-to-hapalphaonly
ffmpeg-8.1/tests/ref/fate/hevc-conformance-INITQP_A_Sony_1
ffmpeg-8.1/tests/ref/fate/filter-pixdesc-vyu444
ffmpeg-8.1/tests/ref/fate/filter-hls
ffmpeg-8.1/tests/ref/fate/jpeg2000dec-p0_09
ffmpeg-8.1/tests/ref/fate/psd-rgb48
ffmpeg-8.1/tests/ref/fate/sunraster-24bit-rle
ffmpeg-8.1/tests/ref/fate/filter-afade-iqsin
ffmpeg-8.1/tests/ref/fate/dds-dxt5
ffmpeg-8.1/tests/ref/fate/exr-rgba-scanline-float-half-b44a-12x8-l1
ffmpeg-8.1/tests/ref/fate/cdxl-bitline-ham6
ffmpeg-8.1/tests/ref/fate/filter-aloop
ffmpeg-8.1/tests/ref/fate/matroska-lzo-decompression
ffmpeg-8.1/tests/ref/fate/filter-afade-exp
ffmpeg-8.1/tests/ref/fate/jpeg2000dec-p0_05
ffmpeg-8.1/tests/ref/fate/vp9-02-size-08x34
ffmpeg-8.1/tests/ref/fate/filter-tiltandshift-422
ffmpeg-8.1/tests/ref/fate/vp9-02-size-10x32
ffmpeg-8.1/tests/ref/fate/h264-conformance-cama3_vtc_b
ffmpeg-8.1/tests/ref/fate/cbs-hevc-RPLM_A_qualcomm_4
ffmpeg-8.1/tests/ref/fate/mov-3elist-1ctts
ffmpeg-8.1/tests/ref/fate/vp9p2-20-12bit-yuv420
ffmpeg-8.1/tests/ref/fate/hls-segment-size
ffmpeg-8.1/tests/ref/fate/h264-conformance-capcm1_sand_e
ffmpeg-8.1/tests/ref/fate/exr-rgb-tile-zip-half-float-l2
ffmpeg-8.1/tests/ref/fate/mov-zombie
ffmpeg-8.1/tests/ref/fate/filter-select-buffering
ffmpeg-8.1/tests/ref/fate/adpcm-ima-alp-stereo
ffmpeg-8.1/tests/ref/fate/cbs-hevc-RPS_E_qualcomm_5
ffmpeg-8.1/tests/ref/fate/hevc-conformance-RQT_E_HHI_4
ffmpeg-8.1/tests/ref/fate/wnv1
ffmpeg-8.1/tests/ref/fate/filter-stereo3d-sbsl-argg
ffmpeg-8.1/tests/ref/fate/h264-3386
ffmpeg-8.1/tests/ref/fate/filter-metadata-cropdetect1
ffmpeg-8.1/tests/ref/fate/hevc-conformance-LS_A_Orange_2
ffmpeg-8.1/tests/ref/fate/vp9-03-size-198x196
ffmpeg-8.1/tests/ref/fate/hevc-conformance-RPS_B_qualcomm_5
ffmpeg-8.1/tests/ref/fate/vp9-00-quantizer-55
ffmpeg-8.1/tests/ref/fate/filter-pixdesc-rgb48le
ffmpeg-8.1/tests/ref/fate/indeo2-intra
ffmpeg-8.1/tests/ref/fate/filter-pixdesc-grayf32be
ffmpeg-8.1/tests/ref/fate/roqvideo
ffmpeg-8.1/tests/ref/fate/lagarith-ticket4119
ffmpeg-8.1/tests/ref/fate/h264-conformance-frext-frext01_jvc_d
ffmpeg-8.1/tests/ref/fate/dpcm-interplay
ffmpeg-8.1/tests/ref/fate/force_key_frames-source
ffmpeg-8.1/tests/ref/fate/filter-testsrc2-rgb24
ffmpeg-8.1/tests/ref/fate/spdif-aac-remux
ffmpeg-8.1/tests/ref/fate/h264-conformance-camanl3_sand_e
ffmpeg-8.1/tests/ref/fate/filter-colorbalance-gbrap-16
ffmpeg-8.1/tests/ref/fate/pcm_dvd-16-7.1-48000
ffmpeg-8.1/tests/ref/fate/hevc-conformance-Main_422_10_A_RExt_Sony_1
ffmpeg-8.1/tests/ref/fate/filter-pixfmts-swapuv
ffmpeg-8.1/tests/ref/fate/dds-rgtc2u-xy
ffmpeg-8.1/tests/ref/fate/dca-xll_71_24_48_768_1-dmix_6
ffmpeg-8.1/tests/ref/fate/filter-atrim-samples
ffmpeg-8.1/tests/ref/fate/h264-conformance-cvmanl1_toshiba_b
ffmpeg-8.1/tests/ref/fate/prores-422_hq
ffmpeg-8.1/tests/ref/fate/ffmpeg-bsf-remove-k
ffmpeg-8.1/tests/ref/fate/cbs-h264-BASQP1_Sony_C
ffmpeg-8.1/tests/ref/fate/filter-boxblur
ffmpeg-8.1/tests/ref/fate/h264-conformance-frext-freh7_b
ffmpeg-8.1/tests/ref/fate/indeo5
ffmpeg-8.1/tests/ref/fate/filter-allyuv
ffmpeg-8.1/tests/ref/fate/hevc-conformance-CAINIT_E_SHARP_3
ffmpeg-8.1/tests/ref/fate/mpeg4-resolution-change-down-down
ffmpeg-8.1/tests/ref/fate/mov-mp4-ttml-stpp
ffmpeg-8.1/tests/ref/fate/filter-overlay-dvdsub-2397
ffmpeg-8.1/tests/ref/fate/filter-removegrain-mode-05
ffmpeg-8.1/tests/ref/fate/cbs-h264-CVSE2_Sony_B
ffmpeg-8.1/tests/ref/fate/fitsdec-gbrp16be
ffmpeg-8.1/tests/ref/fate/caf-pcm_s24-remux
ffmpeg-8.1/tests/ref/fate/hapqa-extract-snappy1-to-hapalphaonly
ffmpeg-8.1/tests/ref/fate/hevc-conformance-DSLICE_B_HHI_5
ffmpeg-8.1/tests/ref/fate/mss1-pal
ffmpeg-8.1/tests/ref/fate/vp9-03-size-226x208
ffmpeg-8.1/tests/ref/fate/ts-timed-id3-demux
ffmpeg-8.1/tests/ref/fate/h264-conformance-caqp1_sony_b
ffmpeg-8.1/tests/ref/fate/vp8-test-vector-003
ffmpeg-8.1/tests/ref/fate/vp9-00-quantizer-41
ffmpeg-8.1/tests/ref/fate/filter-colormatrix1
ffmpeg-8.1/tests/ref/fate/filter-pixdesc-yuva422p12le
ffmpeg-8.1/tests/ref/fate/westwood-aud
ffmpeg-8.1/tests/ref/fate/pcm_u8-stereo
ffmpeg-8.1/tests/ref/fate/filter-pixdesc-yuva422p16le
ffmpeg-8.1/tests/ref/fate/filter-stereo3d-sbsl-al
ffmpeg-8.1/tests/ref/fate/cbs-vp9-vp93-2-20-12bit-yuv444
ffmpeg-8.1/tests/ref/fate/dca-xll_xch_61_24_48_768
ffmpeg-8.1/tests/ref/fate/filter-pixdesc-yuv444p12be
ffmpeg-8.1/tests/ref/fate/exr-slice-zip16
ffmpeg-8.1/tests/ref/fate/atrac-aea-remux
ffmpeg-8.1/tests/ref/fate/dca-xll_xch_61_24_48_768-dmix_6
ffmpeg-8.1/tests/ref/fate/filter-pixdesc-yuv420p16le
ffmpeg-8.1/tests/ref/fate/bmv-audio
ffmpeg-8.1/tests/ref/fate/cbs-h264-CABACI3_Sony_B
ffmpeg-8.1/tests/ref/fate/vc1test_smm0015
ffmpeg-8.1/tests/ref/fate/h264-conformance-ls_sva_d
ffmpeg-8.1/tests/ref/fate/cover-art-aiff-id3v2-remux
ffmpeg-8.1/tests/ref/fate/cbs-h264-sp1_bt_a
ffmpeg-8.1/tests/ref/fate/paf-audio
ffmpeg-8.1/tests/ref/fate/hevc-conformance-EXT_A_ericsson_4
ffmpeg-8.1/tests/ref/fate/filter-shuffleframes
ffmpeg-8.1/tests/ref/fate/xbm10
ffmpeg-8.1/tests/ref/fate/dnxhr-prefix5
ffmpeg-8.1/tests/ref/fate/filter-swaprect
ffmpeg-8.1/tests/ref/fate/filter-stereo3d-sbsl-arch
ffmpeg-8.1/tests/ref/fate/filter-pixdesc-yuva444p12le
ffmpeg-8.1/tests/ref/fate/h264-conformance-frext-pph422i2_panasonic_a
ffmpeg-8.1/tests/ref/fate/filter-pixdesc-yvyu422
ffmpeg-8.1/tests/ref/fate/exif-image-jpg
ffmpeg-8.1/tests/ref/fate/h264-conformance-cvcanlma2_sony_c
ffmpeg-8.1/tests/ref/fate/vp7
ffmpeg-8.1/tests/ref/fate/hevc-conformance-MVDL1ZERO_A_docomo_3
ffmpeg-8.1/tests/ref/fate/ffprobe_ini
ffmpeg-8.1/tests/ref/fate/dca-xll_xch_61_24_48_768-dmix_2
ffmpeg-8.1/tests/ref/fate/utvideo_yuv420_int_median
ffmpeg-8.1/tests/ref/fate/svq1
ffmpeg-8.1/tests/ref/fate/filter-afade-log
ffmpeg-8.1/tests/ref/fate/utvideoenc_yuv422_median
ffmpeg-8.1/tests/ref/fate/v410enc
ffmpeg-8.1/tests/ref/fate/vp9-03-size-226x202
ffmpeg-8.1/tests/ref/fate/hevc-bsf-dts2pts-cra
ffmpeg-8.1/tests/ref/fate/bink-demux
ffmpeg-8.1/tests/ref/fate/vp9-03-size-202x226
ffmpeg-8.1/tests/ref/fate/filter-vectorscope_color3
ffmpeg-8.1/tests/ref/fate/vp9-00-quantizer-36
ffmpeg-8.1/tests/ref/fate/sgi-rgb24-rle
ffmpeg-8.1/tests/ref/fate/filter-chorus
ffmpeg-8.1/tests/ref/fate/h264-conformance-frext-frext2_panasonic_b
ffmpeg-8.1/tests/ref/fate/filter-pixdesc-p010be
ffmpeg-8.1/tests/ref/fate/h264-conformance-frext-pph10i6_panasonic_a
ffmpeg-8.1/tests/ref/fate/cbs-vp9-vp90-2-03-deltaq
ffmpeg-8.1/tests/ref/fate/vp9-03-size-198x200
ffmpeg-8.1/tests/ref/fate/filter-testsrc2-yuv420p
ffmpeg-8.1/tests/ref/fate/filter-drawvg-interpreter
ffmpeg-8.1/tests/ref/fate/rsd-demux
ffmpeg-8.1/tests/ref/fate/hevc-conformance-PMERGE_B_TI_3
ffmpeg-8.1/tests/ref/fate/filter-pixdesc-yuv422p12be
ffmpeg-8.1/tests/ref/fate/sp5x
ffmpeg-8.1/tests/ref/fate/kmvc
ffmpeg-8.1/tests/ref/fate/targa-conformance-UTC24
ffmpeg-8.1/tests/ref/fate/webm-dash-manifest-unaligned-audio-streams
ffmpeg-8.1/tests/ref/fate/sub-stl
ffmpeg-8.1/tests/ref/fate/exr-rgb-tile-half-zip
ffmpeg-8.1/tests/ref/fate/mov-read-amve
ffmpeg-8.1/tests/ref/fate/gif-disposal-background
ffmpeg-8.1/tests/ref/fate/bfi
ffmpeg-8.1/tests/ref/fate/exr-rgb-tile-float-raw-12x8
ffmpeg-8.1/tests/ref/fate/vp9-00-quantizer-30
ffmpeg-8.1/tests/ref/fate/dds-alpha8
ffmpeg-8.1/tests/ref/fate/iamf-9_1_6
ffmpeg-8.1/tests/ref/fate/cbs-hevc-PICSIZE_A_Bossen_1
ffmpeg-8.1/tests/ref/fate/wavpack-channels-4.0
ffmpeg-8.1/tests/ref/fate/vp9-02-size-66x34
ffmpeg-8.1/tests/ref/fate/hevc-conformance-RAP_B_Bossen_1
ffmpeg-8.1/tests/ref/fate/exr-rgb-scanline-zip1-half-float-l1
ffmpeg-8.1/tests/ref/fate/filter-framerate-12bit-down
ffmpeg-8.1/tests/ref/fate/lossless-wma24-2
ffmpeg-8.1/tests/ref/fate/filter-pixdesc-gray12le
ffmpeg-8.1/tests/ref/fate/vp9-03-size-226x200
ffmpeg-8.1/tests/ref/fate/hevc-conformance-WPP_A_ericsson_MAIN10_2
ffmpeg-8.1/tests/ref/fate/dnxhr-prefix1
ffmpeg-8.1/tests/ref/fate/adpcm-argo-mono
ffmpeg-8.1/tests/ref/fate/segment-adts-to-mkv-header-all
ffmpeg-8.1/tests/ref/fate/mov-write-amve
ffmpeg-8.1/tests/ref/fate/hevc-conformance-MVHEVCS_F
ffmpeg-8.1/tests/ref/fate/cbs-vp9-vp91-2-04-yuv440
ffmpeg-8.1/tests/ref/fate/vp9-02-size-66x66
ffmpeg-8.1/tests/ref/fate/mov-init-nonkeyframe
ffmpeg-8.1/tests/ref/fate/filter-framerate-up
ffmpeg-8.1/tests/ref/fate/vp9-03-size-198x202
ffmpeg-8.1/tests/ref/fate/g722-encode
ffmpeg-8.1/tests/ref/fate/hevc-conformance-ipcm_D_NEC_3
ffmpeg-8.1/tests/ref/fate/vvc-conformance-SLICES_A_3
ffmpeg-8.1/tests/ref/fate/wavpack-lossless-32bit
ffmpeg-8.1/tests/ref/fate/jv
ffmpeg-8.1/tests/ref/fate/hevc-conformance-MERGE_F_MTK_4
ffmpeg-8.1/tests/ref/fate/exr-rgb-scanline-half-piz-dw-large
ffmpeg-8.1/tests/ref/fate/dca-xll_x96_51_24_96_1509-dmix_2
ffmpeg-8.1/tests/ref/fate/h264-conformance-canl1_toshiba_g
ffmpeg-8.1/tests/ref/fate/gif-gray
ffmpeg-8.1/tests/ref/fate/h264-mixed-nal-coding
ffmpeg-8.1/tests/ref/fate/caf-qdm2-remux
ffmpeg-8.1/tests/ref/fate/paf-video
ffmpeg-8.1/tests/ref/fate/exr-rgb-scanline-half-piz-dw-t01
ffmpeg-8.1/tests/ref/fate/cavs
ffmpeg-8.1/tests/ref/fate/hevc-mv-position
ffmpeg-8.1/tests/ref/fate/jxl-anim-demux-belgium
ffmpeg-8.1/tests/ref/fate/filter-pixdesc-uyva
ffmpeg-8.1/tests/ref/fate/h264-reinit-small_422_9-to-small_420_9
ffmpeg-8.1/tests/ref/fate/dds-monob
ffmpeg-8.1/tests/ref/fate/hevc-conformance-RQT_B_HHI_4
ffmpeg-8.1/tests/ref/fate/h264-conformance-bamq1_jvc_c
ffmpeg-8.1/tests/ref/fate/vvc-conformance-HRD_A_3
ffmpeg-8.1/tests/ref/fate/filter-metadata-avf-aphase-meter-out-of-phase
ffmpeg-8.1/tests/ref/fate/jpeg2000dec-p0_07
ffmpeg-8.1/tests/ref/fate/h264-conformance-canl1_sva_b
ffmpeg-8.1/tests/ref/fate/mov-mp4-fragmented-ttml-stpp
ffmpeg-8.1/tests/ref/fate/spdif-dca-master-core
ffmpeg-8.1/tests/ref/fate/hevc-conformance-ipcm_B_NEC_3
ffmpeg-8.1/tests/ref/fate/bink-video-b
ffmpeg-8.1/tests/ref/fate/filter-pixdesc-gbrap14be
ffmpeg-8.1/tests/ref/fate/jpeg2000dec-p0_16
ffmpeg-8.1/tests/ref/fate/filter-removegrain-mode-14
ffmpeg-8.1/tests/ref/fate/filter-refcmp-siti-yuv
ffmpeg-8.1/tests/ref/fate/gsm-ms
ffmpeg-8.1/tests/ref/fate/dpcm-sierra
ffmpeg-8.1/tests/ref/fate/mjpeg-ticket3229
ffmpeg-8.1/tests/ref/fate/shortest
ffmpeg-8.1/tests/ref/fate/delphine-cin-audio
ffmpeg-8.1/tests/ref/fate/hevc-conformance-CAINIT_G_SHARP_3
ffmpeg-8.1/tests/ref/fate/theora-coeff-level64
ffmpeg-8.1/tests/ref/fate/filter-pixdesc-grayf32le
ffmpeg-8.1/tests/ref/fate/filter-pixdesc-p216le
ffmpeg-8.1/tests/ref/fate/filter-gradfun-sample
ffmpeg-8.1/tests/ref/fate/vp9-03-size-208x202
ffmpeg-8.1/tests/ref/fate/cbs-vvc-WPP_A_3
ffmpeg-8.1/tests/ref/fate/mpegts-probe-latm
ffmpeg-8.1/tests/ref/fate/iamf-ambisonic_1-projection-copy
ffmpeg-8.1/tests/ref/fate/hevc-conformance-OPFLAG_A_Qualcomm_1
ffmpeg-8.1/tests/ref/fate/vp9-00-quantizer-37
ffmpeg-8.1/tests/ref/fate/hevc-skiploopfilter
ffmpeg-8.1/tests/ref/fate/h264-conformance-sharp_mp_field_3_b
ffmpeg-8.1/tests/ref/fate/hevc-conformance-SAO_F_Canon_3
ffmpeg-8.1/tests/ref/fate/psx-str-demux
ffmpeg-8.1/tests/ref/fate/zmbv-15bit
ffmpeg-8.1/tests/ref/fate/filter-metadata-scdet
ffmpeg-8.1/tests/ref/fate/magicyuv-y422i
ffmpeg-8.1/tests/ref/fate/txd-pal8
ffmpeg-8.1/tests/ref/fate/vp9-00-quantizer-16
ffmpeg-8.1/tests/ref/fate/filter-vstack
ffmpeg-8.1/tests/ref/fate/dnxhr-444
ffmpeg-8.1/tests/ref/fate/vp8-test-vector-001
ffmpeg-8.1/tests/ref/fate/indeo4
ffmpeg-8.1/tests/ref/fate/vbn-raw-rgba
ffmpeg-8.1/tests/ref/fate/txd-odd
ffmpeg-8.1/tests/ref/fate/hevc-conformance-ENTP_A_Qualcomm_1
ffmpeg-8.1/tests/ref/fate/sub-realtext
ffmpeg-8.1/tests/ref/fate/cbs-h264-MR1_BT_A
ffmpeg-8.1/tests/ref/fate/filter-pixdesc-rgb555le
ffmpeg-8.1/tests/ref/fate/psd-lena-bitmap
ffmpeg-8.1/tests/ref/fate/filter-pixfmts-fieldmatch
ffmpeg-8.1/tests/ref/fate/vp9-02-size-10x08
ffmpeg-8.1/tests/ref/fate/filter-waveform_column
ffmpeg-8.1/tests/ref/fate/mpeg4-simple-studio-profile
ffmpeg-8.1/tests/ref/fate/png-gray8
ffmpeg-8.1/tests/ref/fate/filter-fps-up-round-down
ffmpeg-8.1/tests/ref/fate/targa-conformance-CCM8
ffmpeg-8.1/tests/ref/fate/h264-conformance-caba3_toshiba_e
ffmpeg-8.1/tests/ref/fate/audiomatch-quicktimeX-44100-stereo-lc-m4a
ffmpeg-8.1/tests/ref/fate/flv-demux
ffmpeg-8.1/tests/ref/fate/filter-pixdesc-gray12msbbe
ffmpeg-8.1/tests/ref/fate/wmv8-x8intra
ffmpeg-8.1/tests/ref/fate/mtv
ffmpeg-8.1/tests/ref/fate/vp9-03-size-224x198
ffmpeg-8.1/tests/ref/fate/hls-fmp4
ffmpeg-8.1/tests/ref/fate/interplay-mve-16bit
ffmpeg-8.1/tests/ref/fate/sub2video_time_limited
ffmpeg-8.1/tests/ref/fate/g723_1-dec-7
ffmpeg-8.1/tests/ref/fate/vp9-02-size-16x18
ffmpeg-8.1/tests/ref/fate/iamf-ambisonic_1-projection
ffmpeg-8.1/tests/ref/fate/filter-weave
ffmpeg-8.1/tests/ref/fate/wavpack-matroskamode
ffmpeg-8.1/tests/ref/fate/limited_input_seek
ffmpeg-8.1/tests/ref/fate/filter-palettegen-1
ffmpeg-8.1/tests/ref/fate/vp9-00-quantizer-50
ffmpeg-8.1/tests/ref/fate/quickdraw
ffmpeg-8.1/tests/ref/fate/filter-pixfmts-tinterlace_cvlpf
ffmpeg-8.1/tests/ref/fate/siff-demux
ffmpeg-8.1/tests/ref/fate/sub-cc-scte20
ffmpeg-8.1/tests/ref/fate/smvjpeg
ffmpeg-8.1/tests/ref/fate/dds-dxt5-xrbg
ffmpeg-8.1/tests/ref/fate/vp9-03-size-210x208
ffmpeg-8.1/tests/ref/fate/dds-dxt5-normalmap-ati
ffmpeg-8.1/tests/ref/fate/filter-pixdesc-yuv444p12le
ffmpeg-8.1/tests/ref/fate/qt-mac6-mono
ffmpeg-8.1/tests/ref/fate/exr-rgb-scanline-half-b44-12x8
ffmpeg-8.1/tests/ref/fate/fic-avi
ffmpeg-8.1/tests/ref/fate/vqc
ffmpeg-8.1/tests/ref/fate/hevc-conformance-IPRED_A_docomo_2
ffmpeg-8.1/tests/ref/fate/hap-alpha-only-snappy-127x71
ffmpeg-8.1/tests/ref/fate/h264-conformance-camasl3_sony_b
ffmpeg-8.1/tests/ref/fate/smc
ffmpeg-8.1/tests/ref/fate/matroska-xiph-lacing
ffmpeg-8.1/tests/ref/fate/vvc-conformance-PPS_B_1
ffmpeg-8.1/tests/ref/fate/dds-dx10-bc4
ffmpeg-8.1/tests/ref/fate/filter-pixdesc-p416le
ffmpeg-8.1/tests/ref/fate/exr-y-scanline-zip-half-12x8
ffmpeg-8.1/tests/ref/fate/dca-xll_51_16_192_768_0-dmix_2
ffmpeg-8.1/tests/ref/fate/adpcm-ima-apm-stereo
ffmpeg-8.1/tests/ref/fate/filter-pixdesc-rgb565le
ffmpeg-8.1/tests/ref/fate/cbs-h264-Sharp_MP_PAFF_1r2
ffmpeg-8.1/tests/ref/fate/exr-rgb-scanline-half-zip-dw-large
ffmpeg-8.1/tests/ref/fate/h264-conformance-cama1_sony_c
ffmpeg-8.1/tests/ref/fate/filter-pixfmts-tinterlace_merge
ffmpeg-8.1/tests/ref/fate/vp9p3-20-12bit-yuv422
ffmpeg-8.1/tests/ref/fate/hevc-conformance-SAO_A_RExt_MediaTek_1
ffmpeg-8.1/tests/ref/fate/filter-pixdesc-gbrp12le
ffmpeg-8.1/tests/ref/fate/vp9-02-size-18x16
ffmpeg-8.1/tests/ref/fate/filter-hue4
ffmpeg-8.1/tests/ref/fate/hapqa-nosnappy-127x71
ffmpeg-8.1/tests/ref/fate/libsvtav1-hdr10
ffmpeg-8.1/tests/ref/fate/mov-elst-ends-betn-b-and-i
ffmpeg-8.1/tests/ref/fate/vcr2
ffmpeg-8.1/tests/ref/fate/dds-xbgr
ffmpeg-8.1/tests/ref/fate/vp9-00-quantizer-61
ffmpeg-8.1/tests/ref/fate/cbs-apv-profile_400-10
ffmpeg-8.1/tests/ref/fate/vp9-03-size-210x200
ffmpeg-8.1/tests/ref/fate/filter-removegrain-mode-15
ffmpeg-8.1/tests/ref/fate/aic-oddsize
ffmpeg-8.1/tests/ref/fate/h264-conformance-canl4_sva_b
ffmpeg-8.1/tests/ref/fate/hapqa-extract-snappy16-to-hapq
ffmpeg-8.1/tests/ref/fate/tscc-15bit
ffmpeg-8.1/tests/ref/fate/dfa3
ffmpeg-8.1/tests/ref/fate/vp9-03-size-200x202
ffmpeg-8.1/tests/ref/fate/filter-pixdesc-x2rgb10le
ffmpeg-8.1/tests/ref/fate/jpeg2000dec-p0_15
ffmpeg-8.1/tests/ref/fate/filter-pixdesc-rgb24
ffmpeg-8.1/tests/ref/fate/g722dec-1
ffmpeg-8.1/tests/ref/fate/filter-overlay_rgba_rgba
ffmpeg-8.1/tests/ref/fate/noproxy
ffmpeg-8.1/tests/ref/fate/vp9-superframe-bsf
ffmpeg-8.1/tests/ref/fate/ffmpeg-heif-merge-mapped
ffmpeg-8.1/tests/ref/fate/vp8-2451
ffmpeg-8.1/tests/ref/fate/bmp-rle4
ffmpeg-8.1/tests/ref/fate/hevc-conformance-PMERGE_C_TI_3
ffmpeg-8.1/tests/ref/fate/force_key_frames-source-dup
ffmpeg-8.1/tests/ref/fate/mov-cover-image
ffmpeg-8.1/tests/ref/fate/vp9-01-sharpness-5
ffmpeg-8.1/tests/ref/fate/vp9-02-size-64x66
ffmpeg-8.1/tests/ref/fate/hevc-conformance-SLIST_A_Sony_4
ffmpeg-8.1/tests/ref/fate/h264-skip-nokey
ffmpeg-8.1/tests/ref/fate/filter-pixdesc-uyvy422
ffmpeg-8.1/tests/ref/fate/qtrle-24bit
ffmpeg-8.1/tests/ref/fate/lead-yuv420p-zero
ffmpeg-8.1/tests/ref/fate/dca-xll_51_16_192_768_0-dmix_6
ffmpeg-8.1/tests/ref/fate/mkv-1242
ffmpeg-8.1/tests/ref/fate/fraps-v5
ffmpeg-8.1/tests/ref/fate/h264-conformance-fi1_sony_e
ffmpeg-8.1/tests/ref/fate/canopus-cllc-argb
ffmpeg-8.1/tests/ref/fate/apv-400-10
ffmpeg-8.1/tests/ref/fate/cbs-vp9-vp90-2-09-lf_deltas
ffmpeg-8.1/tests/ref/fate/exif-image-webp
ffmpeg-8.1/tests/ref/fate/png-int-rgb24
ffmpeg-8.1/tests/ref/fate/hevc-conformance-HRD_A_Fujitsu_3
ffmpeg-8.1/tests/ref/fate/ts-demux
ffmpeg-8.1/tests/ref/fate/filter-phase
ffmpeg-8.1/tests/ref/fate/filter-fieldorder
ffmpeg-8.1/tests/ref/fate/vp9-03-size-196x224
ffmpeg-8.1/tests/ref/fate/enhanced-flv-hevc-hdr10
ffmpeg-8.1/tests/ref/fate/h264-conformance-camp_mot_mbaff_l30
ffmpeg-8.1/tests/ref/fate/cbs-h264-CVMANL1_TOSHIBA_B
ffmpeg-8.1/tests/ref/fate/filter-overlay_gbrap_gbrap
ffmpeg-8.1/tests/ref/fate/bmp-8bit
ffmpeg-8.1/tests/ref/fate/filter-colorbalance-rgba64
ffmpeg-8.1/tests/ref/fate/vp9-02-size-16x16
ffmpeg-8.1/tests/ref/fate/filter-compand
ffmpeg-8.1/tests/ref/fate/wav-chapters
ffmpeg-8.1/tests/ref/fate/vp9-00-quantizer-15
ffmpeg-8.1/tests/ref/fate/dds-dxt5-xgxr
ffmpeg-8.1/tests/ref/fate/vvc-conformance-SUBPIC_C_ERICSSON_1
ffmpeg-8.1/tests/ref/fate/matroska-qt-mode
ffmpeg-8.1/tests/ref/fate/dds-uyvy
ffmpeg-8.1/tests/ref/fate/filter-metadata-cropdetect
ffmpeg-8.1/tests/ref/fate/vp9-03-size-226x196
ffmpeg-8.1/tests/ref/fate/cbs-av1-frames_refs_short_signaling
ffmpeg-8.1/tests/ref/fate/mov-mp4-iamf-7_1_4-video-first-2
ffmpeg-8.1/tests/ref/fate/cdxl-pal8
ffmpeg-8.1/tests/ref/fate/filter-fps-up-round-up
ffmpeg-8.1/tests/ref/fate/filter-pixdesc-gbrap16le
ffmpeg-8.1/tests/ref/fate/h264-conformance-nl1_sony_d
ffmpeg-8.1/tests/ref/fate/filter-pixdesc-p212be
ffmpeg-8.1/tests/ref/fate/sub2video_basic
ffmpeg-8.1/tests/ref/fate/vp9-00-quantizer-01
ffmpeg-8.1/tests/ref/fate/wavpack-zerolsbs
ffmpeg-8.1/tests/ref/fate/targa-conformance-CTC24
ffmpeg-8.1/tests/ref/fate/filter-pixdesc-gbrp
ffmpeg-8.1/tests/ref/fate/hevc-conformance-VPSID_A_VIDYO_2
ffmpeg-8.1/tests/ref/fate/lossless-tta-encrypted
ffmpeg-8.1/tests/ref/fate/vp9-segmentation-sf-akiyo
ffmpeg-8.1/tests/ref/fate/limited_input_seek-copyts
ffmpeg-8.1/tests/ref/fate/dds-ycocg
ffmpeg-8.1/tests/ref/fate/filter-stereo3d-abr-mr
ffmpeg-8.1/tests/ref/fate/force_key_frames-scd_metadata
ffmpeg-8.1/tests/ref/fate/cbs-av1-av1-1-b10-23-film_grain-50
ffmpeg-8.1/tests/ref/fate/exr-rgb-scanline-pxr24-float-12x8
ffmpeg-8.1/tests/ref/fate/vp9-03-size-208x196
ffmpeg-8.1/tests/ref/fate/mpc8-demux
ffmpeg-8.1/tests/ref/fate/mpeg4-als-conformance-05
ffmpeg-8.1/tests/ref/fate/tdsc
ffmpeg-8.1/tests/ref/fate/filter-fps-cfr
ffmpeg-8.1/tests/ref/fate/exr-rgb-scanline-zip1-half-float-l2
ffmpeg-8.1/tests/ref/fate/vp9-03-size-202x200
ffmpeg-8.1/tests/ref/fate/canopus-hqx422a
ffmpeg-8.1/tests/ref/fate/filter-afade-qsin
ffmpeg-8.1/tests/ref/fate/filter-aemphasis-50fm
ffmpeg-8.1/tests/ref/fate/utvideo_rgba_gradient
ffmpeg-8.1/tests/ref/fate/mxpeg
ffmpeg-8.1/tests/ref/fate/adpcm-sanyo-5bit
ffmpeg-8.1/tests/ref/fate/h264-conformance-canl2_sony_e
ffmpeg-8.1/tests/ref/fate/wavpack-cuesheet
ffmpeg-8.1/tests/ref/fate/vp9-02-size-66x64
ffmpeg-8.1/tests/ref/fate/filter-pixdesc-gray14be
ffmpeg-8.1/tests/ref/fate/libavcodec-htmlsubtitles
ffmpeg-8.1/tests/ref/fate/sub-mcc-remux-eia608-bsf
ffmpeg-8.1/tests/ref/fate/h264-conformance-cvmp_mot_frm_l31_b
ffmpeg-8.1/tests/ref/fate/utvideo_yuv422_int_median
ffmpeg-8.1/tests/ref/fate/hevc-bsf-dts2pts-idr-cra
ffmpeg-8.1/tests/ref/fate/dca-xll_71_24_96_768
ffmpeg-8.1/tests/ref/fate/mov-heic-demux-still-image-iovl-2
ffmpeg-8.1/tests/ref/fate/adpcm-creative-8-2.6bit
ffmpeg-8.1/tests/ref/fate/vp9-03-size-208x198
ffmpeg-8.1/tests/ref/fate/h264-conformance-cabastbr3_sony_b
ffmpeg-8.1/tests/ref/fate/h264-conformance-cvma1_sony_d
ffmpeg-8.1/tests/ref/fate/vp9-03-deltaq
ffmpeg-8.1/tests/ref/fate/vp60-interlace1
ffmpeg-8.1/tests/ref/fate/adpcm-ima-cunning-trunc-h2
ffmpeg-8.1/tests/ref/fate/h264-conformance-nlmq1_jvc_c
ffmpeg-8.1/tests/ref/fate/cbs-h264-CVWP1_TOSHIBA_E
ffmpeg-8.1/tests/ref/fate/vp9-02-size-08x16
ffmpeg-8.1/tests/ref/fate/cbs-vvc-POC_A_1
ffmpeg-8.1/tests/ref/fate/h264-conformance-cama2_vtc_b
ffmpeg-8.1/tests/ref/fate/copy-apng
ffmpeg-8.1/tests/ref/fate/filter-rgbtestsrc-gbrp12
ffmpeg-8.1/tests/ref/fate/videoxl
ffmpeg-8.1/tests/ref/fate/gaplessinfo-itunes1
ffmpeg-8.1/tests/ref/fate/filter-alphaextract_alphamerge_rgb
ffmpeg-8.1/tests/ref/fate/h264-missing-frame
ffmpeg-8.1/tests/ref/fate/h264-conformance-canlma3_sony_c
ffmpeg-8.1/tests/ref/fate/filter-select-ffprobe
ffmpeg-8.1/tests/ref/fate/filter-pixdesc-yuv420p9le
ffmpeg-8.1/tests/ref/fate/dnxhr-12bit
ffmpeg-8.1/tests/ref/fate/ea-tgv-2
ffmpeg-8.1/tests/ref/fate/vp9-trac3849
ffmpeg-8.1/tests/ref/fate/h264-conformance-cvmaqp2_sony_g
ffmpeg-8.1/tests/ref/fate/g723_1-dec-2
ffmpeg-8.1/tests/ref/fate/hevc-conformance-PICSIZE_B_Bossen_1
ffmpeg-8.1/tests/ref/fate/filter-pixdesc-bgra64be
ffmpeg-8.1/tests/ref/fate/ffprobe_xml
ffmpeg-8.1/tests/ref/fate/audiomatch-faac-16000-stereo-lc-adts
ffmpeg-8.1/tests/ref/fate/filter-yadif-mode0
ffmpeg-8.1/tests/ref/fate/exr-rgb-scanline-pxr24-float-half-l2
ffmpeg-8.1/tests/ref/fate/filter-pixfmts-scale
ffmpeg-8.1/tests/ref/fate/cbs-hevc-SLPPLP_A_VIDYO_2
ffmpeg-8.1/tests/ref/fate/filter-pixelize-avg
ffmpeg-8.1/tests/ref/fate/ffmpeg-spec-disposition
ffmpeg-8.1/tests/ref/fate/iamf-5_1_4
ffmpeg-8.1/tests/ref/fate/filter-pixdesc-yuv440p
ffmpeg-8.1/tests/ref/fate/filter-pixdesc-yuv420p9be
ffmpeg-8.1/tests/ref/fate/dxv3-dxt5
ffmpeg-8.1/tests/ref/fate/filter-pixdesc-gbrp10msble
ffmpeg-8.1/tests/ref/fate/hls-list-size
ffmpeg-8.1/tests/ref/fate/vp9-00-quantizer-08
ffmpeg-8.1/tests/ref/fate/h264-conformance-ba1_sony_d
ffmpeg-8.1/tests/ref/fate/qtrle-4bit
ffmpeg-8.1/tests/ref/fate/hevc-conformance-CAINIT_F_SHARP_3
ffmpeg-8.1/tests/ref/fate/exr-rgb-scanline-pxr24-half-uint32-13x9
ffmpeg-8.1/tests/ref/fate/exr-rgb-tile-half-zip-dw-outside
ffmpeg-8.1/tests/ref/fate/hevc-conformance-MVHEVCS_E
ffmpeg-8.1/tests/ref/fate/hevc-conformance-WPP_F_ericsson_MAIN_2
ffmpeg-8.1/tests/ref/fate/ea-cmv
ffmpeg-8.1/tests/ref/fate/h264-conformance-frext-hi422fr13_sony_b
ffmpeg-8.1/tests/ref/fate/cbs-vvc-CROP_B_4
ffmpeg-8.1/tests/ref/fate/audiomatch-afconvert-44100-mono-he-m4a
ffmpeg-8.1/tests/ref/fate/hevc-conformance-cip_B_NEC_3
ffmpeg-8.1/tests/ref/fate/vp9-00-quantizer-31
ffmpeg-8.1/tests/ref/fate/vp8-test-vector-005
ffmpeg-8.1/tests/ref/fate/wavpack-channels-5.1
ffmpeg-8.1/tests/ref/fate/filter-paletteuse-sierra2_4a
ffmpeg-8.1/tests/ref/fate/filter-yadif10
ffmpeg-8.1/tests/ref/fate/jpeg2000-dcinema
ffmpeg-8.1/tests/ref/fate/adpcm-ima-rad
ffmpeg-8.1/tests/ref/fate/dca-xll_51_24_48_768
ffmpeg-8.1/tests/ref/fate/filter-codecview-mvs
ffmpeg-8.1/tests/ref/fate/psd-gray8
ffmpeg-8.1/tests/ref/fate/targa-conformance-UTC32
ffmpeg-8.1/tests/ref/fate/mpegts-probe-program
ffmpeg-8.1/tests/ref/fate/filter-pixdesc-yuva422p
ffmpeg-8.1/tests/ref/fate/filter-pixdesc-yuvj411p
ffmpeg-8.1/tests/ref/fate/exr-rgb-scanline-pxr24-half-float-l2
ffmpeg-8.1/tests/ref/fate/avio-direct
ffmpeg-8.1/tests/ref/fate/vp9-03-size-202x196
ffmpeg-8.1/tests/ref/fate/filter-yadif16
ffmpeg-8.1/tests/ref/fate/filter-pixdesc-yuv420p12le
ffmpeg-8.1/tests/ref/fate/sub-ssa-to-ass-remux
ffmpeg-8.1/tests/ref/fate/filter-removegrain-mode-11
ffmpeg-8.1/tests/ref/fate/h264-conformance-cvfi1_sony_d
ffmpeg-8.1/tests/ref/fate/filter-pixdesc-p012le
ffmpeg-8.1/tests/ref/fate/cbs-vvc-OPI_B_3
ffmpeg-8.1/tests/ref/fate/exr-rgba-scanline-float-half-b44a-12x8-l2
ffmpeg-8.1/tests/ref/fate/h264-conformance-cama1_toshiba_b
ffmpeg-8.1/tests/ref/fate/filter-pixdesc-gbrp12be
ffmpeg-8.1/tests/ref/fate/magicyuv-y420
ffmpeg-8.1/tests/ref/fate/thp
ffmpeg-8.1/tests/ref/fate/filter-pixdesc-yuv444p10msbbe
ffmpeg-8.1/tests/ref/fate/filter-refcmp-blockdetect-yuv
ffmpeg-8.1/tests/ref/fate/ffprobe_default
ffmpeg-8.1/tests/ref/fate/pcm_dvd-16-2-48000
ffmpeg-8.1/tests/ref/fate/matroska-avoid-negative-ts
ffmpeg-8.1/tests/ref/fate/hevc-conformance-PMERGE_D_TI_3
ffmpeg-8.1/tests/ref/fate/audiomatch-nero-44100-stereo-he2-m4a
ffmpeg-8.1/tests/ref/fate/filter-chromashift-smear
ffmpeg-8.1/tests/ref/fate/filter-pixdesc-gbrapf32be
ffmpeg-8.1/tests/ref/fate/filter-fps-down-eof-pass
ffmpeg-8.1/tests/ref/fate/filter-yuvtestsrc-xv48
ffmpeg-8.1/tests/ref/fate/sgi-gray16
ffmpeg-8.1/tests/ref/fate/vp9-15-segkey_adpq
ffmpeg-8.1/tests/ref/fate/ffmpeg-setts-bsf
ffmpeg-8.1/tests/ref/fate/h264-conformance-frext-hpcvfl_bcrm_a
ffmpeg-8.1/tests/ref/fate/hapy
ffmpeg-8.1/tests/ref/fate/iamf-stereo-demux
ffmpeg-8.1/tests/ref/fate/rv40
ffmpeg-8.1/tests/ref/fate/hap-alpha-only-nosnappy-128x72
ffmpeg-8.1/tests/ref/fate/jv-demux
ffmpeg-8.1/tests/ref/fate/filter-framepack-frameseq
ffmpeg-8.1/tests/ref/fate/h264-conformance-mr5_tandberg_c
ffmpeg-8.1/tests/ref/fate/audiomatch-afconvert-44100-mono-lc-m4a
ffmpeg-8.1/tests/ref/fate/adpcm-ima-cunning-trunc-t2a-track1
ffmpeg-8.1/tests/ref/fate/tiff-uncompressed-rgbaf32le
ffmpeg-8.1/tests/ref/fate/hevc-conformance-ENTP_B_Qualcomm_1
ffmpeg-8.1/tests/ref/fate/h264-conformance-cvfi1_sva_c
ffmpeg-8.1/tests/ref/fate/filter-pixdesc-xyz12le
ffmpeg-8.1/tests/ref/fate/adpcm-ima-cunning-stereo
ffmpeg-8.1/tests/ref/fate/prores-metadata
ffmpeg-8.1/tests/ref/fate/utvideo_yuv420_left
ffmpeg-8.1/tests/ref/fate/lossless-osq
ffmpeg-8.1/tests/ref/fate/sub-cc-realtime
ffmpeg-8.1/tests/ref/fate/filter-removegrain-mode-04
ffmpeg-8.1/tests/ref/fate/vp9-03-size-208x208
ffmpeg-8.1/tests/ref/fate/filter-pad
ffmpeg-8.1/tests/ref/fate/h264-conformance-cavlc_mot_frm0_full_b
ffmpeg-8.1/tests/ref/fate/hevc-color-reserved
ffmpeg-8.1/tests/ref/fate/wavpack-channels-7.1
ffmpeg-8.1/tests/ref/fate/cbs-hevc-SLIST_D_Sony_9
ffmpeg-8.1/tests/ref/fate/filter-overlay_yuv444p10
ffmpeg-8.1/tests/ref/fate/filter-stereo3d-sbsl-aybh
ffmpeg-8.1/tests/ref/fate/bmv-video
ffmpeg-8.1/tests/ref/fate/avstring
ffmpeg-8.1/tests/ref/fate/tea
ffmpeg-8.1/tests/ref/fate/vp9-03-size-200x210
ffmpeg-8.1/tests/ref/fate/vp9-02-size-64x18
ffmpeg-8.1/tests/ref/fate/vp9-03-size-226x226
ffmpeg-8.1/tests/ref/fate/filter-pixdesc-xv36be
ffmpeg-8.1/tests/ref/fate/filter-rgbtestsrc-gbrap
ffmpeg-8.1/tests/ref/fate/vp9-03-size-196x198
ffmpeg-8.1/tests/ref/fate/filter-yuvtestsrc-yuva444p
ffmpeg-8.1/tests/ref/fate/webm-dash-manifest-live
ffmpeg-8.1/tests/ref/fate/h264-conformance-cvmanl2_toshiba_b
ffmpeg-8.1/tests/ref/fate/mxf-essencegroup-demux
ffmpeg-8.1/tests/ref/fate/mss2-rgb555
ffmpeg-8.1/tests/ref/fate/vp9-03-size-200x208
ffmpeg-8.1/tests/ref/fate/vp9-00-quantizer-59
ffmpeg-8.1/tests/ref/fate/h264-conformance-capama3_sand_f
ffmpeg-8.1/tests/ref/fate/exr-rgb-scanline-zip-half-float-l1
ffmpeg-8.1/tests/ref/fate/redspark-demux
ffmpeg-8.1/tests/ref/fate/hevc-conformance-WP_A_Toshiba_3
ffmpeg-8.1/tests/ref/fate/filter-pixdesc-yuva420p
ffmpeg-8.1/tests/ref/fate/fitsenc-gbrap16be
ffmpeg-8.1/tests/ref/fate/display
ffmpeg-8.1/tests/ref/fate/filter-vectorscope_color
ffmpeg-8.1/tests/ref/fate/filter-colorchannelmixer
ffmpeg-8.1/tests/ref/fate/pcm-planar
ffmpeg-8.1/tests/ref/fate/filter-earwax
ffmpeg-8.1/tests/ref/fate/h264-conformance-frext-hcaff1_hhi_b
ffmpeg-8.1/tests/ref/fate/hevc-conformance-STRUCT_B_Samsung_4
ffmpeg-8.1/tests/ref/fate/dds-argb
ffmpeg-8.1/tests/ref/fate/jpeg2000dec-p0_08
ffmpeg-8.1/tests/ref/fate/cbs-hevc-SLIST_A_Sony_4
ffmpeg-8.1/tests/ref/fate/v210
ffmpeg-8.1/tests/ref/fate/sub-webvtt2
ffmpeg-8.1/tests/ref/fate/iff-byterun1
ffmpeg-8.1/tests/ref/fate/h264-conformance-cvfi2_sva_c
ffmpeg-8.1/tests/ref/fate/vp9-02-size-08x10
ffmpeg-8.1/tests/ref/fate/h264-bsf-redundant-pps-side-data
ffmpeg-8.1/tests/ref/fate/utvideoenc_rgba_none
ffmpeg-8.1/tests/ref/fate/lead-yuv444p
ffmpeg-8.1/tests/ref/fate/bmp-4bit-os2
ffmpeg-8.1/tests/ref/fate/mxf-probe-applehdr10
ffmpeg-8.1/tests/ref/fate/exr-rgb-tile-pxr24-float-half-l2
ffmpeg-8.1/tests/ref/fate/h264-conformance-sharp_mp_field_2_b
ffmpeg-8.1/tests/ref/fate/matroska-stereo_mode
ffmpeg-8.1/tests/ref/fate/qtrle-1bit
ffmpeg-8.1/tests/ref/fate/h264-conformance-cabac_mot_mbaff0_full
ffmpeg-8.1/tests/ref/fate/h264-conformance-cavlc_mot_mbaff0_full_b
ffmpeg-8.1/tests/ref/fate/aliaspix-bgr
ffmpeg-8.1/tests/ref/fate/hevc-conformance-DBLK_C_SONY_3
ffmpeg-8.1/tests/ref/fate/h264-conformance-frext-hpcaq2lq_brcm_b
ffmpeg-8.1/tests/ref/fate/h264-conformance-sva_base_b
ffmpeg-8.1/tests/ref/fate/filter-pixdesc-yuv444p14le
ffmpeg-8.1/tests/ref/fate/filter-stereo3d-sbsl-agmg
ffmpeg-8.1/tests/ref/fate/wmv3-drm-dec
ffmpeg-8.1/tests/ref/fate/vp9-00-quantizer-57
ffmpeg-8.1/tests/ref/fate/adpcm-ima-ea-eacs
ffmpeg-8.1/tests/ref/fate/utvideoenc_yuv444_left
ffmpeg-8.1/tests/ref/fate/filter-pixdesc-gbrap16be
ffmpeg-8.1/tests/ref/fate/vp9-02-size-32x16
ffmpeg-8.1/tests/ref/fate/filter-rgbtestsrc-gbrap12
ffmpeg-8.1/tests/ref/fate/cfhd-2
ffmpeg-8.1/tests/ref/fate/mpeg4-als-conformance-04
ffmpeg-8.1/tests/ref/fate/vp9p1-04-yuv440
ffmpeg-8.1/tests/ref/fate/jpg-icc
ffmpeg-8.1/tests/ref/fate/h264-conformance-frext-pph422i7_panasonic_a
ffmpeg-8.1/tests/ref/fate/cine-demux
ffmpeg-8.1/tests/ref/fate/filter-pixdesc-yuva444p16be
ffmpeg-8.1/tests/ref/fate/filter-pixdesc-0bgr
ffmpeg-8.1/tests/ref/fate/shortest-sub
ffmpeg-8.1/tests/ref/fate/filter-alimiter
ffmpeg-8.1/tests/ref/fate/mxf-probe-j2k
ffmpeg-8.1/tests/ref/fate/dirac
ffmpeg-8.1/tests/ref/fate/h264-conformance-caba2_sony_e
ffmpeg-8.1/tests/ref/fate/jpeg2000dec-p0_04
ffmpeg-8.1/tests/ref/fate/filter-pixdesc-bgr8
ffmpeg-8.1/tests/ref/fate/filter-stereo3d-sbsl-aybg
ffmpeg-8.1/tests/ref/fate/dxa-feeble
ffmpeg-8.1/tests/ref/fate/sub-sami2
ffmpeg-8.1/tests/ref/fate/fitsdec-bitpix-32
ffmpeg-8.1/tests/ref/fate/hevc-conformance-WPP_D_ericsson_MAIN_2
ffmpeg-8.1/tests/ref/fate/h264-conformance-frext-hi422fr6_sony_a
ffmpeg-8.1/tests/ref/fate/truemotion1-15
ffmpeg-8.1/tests/ref/fate/hevc-conformance-CAINIT_A_SHARP_4
ffmpeg-8.1/tests/ref/fate/exr-slice-rle
ffmpeg-8.1/tests/ref/fate/hevc-conformance-TILES_A_Cisco_2
ffmpeg-8.1/tests/ref/fate/spdif-dca-core-remux
ffmpeg-8.1/tests/ref/fate/vp8-test-vector-006
ffmpeg-8.1/tests/ref/fate/amv
ffmpeg-8.1/tests/ref/fate/vp9-02-size-32x08
ffmpeg-8.1/tests/ref/fate/vp9-02-size-64x32
ffmpeg-8.1/tests/ref/fate/adpcm-ima-ws-vqa3
ffmpeg-8.1/tests/ref/fate/dfa11
ffmpeg-8.1/tests/ref/fate/cbs-vvc-APSALF_A_2
ffmpeg-8.1/tests/ref/fate/h264-conformance-cvpa1_toshiba_b
ffmpeg-8.1/tests/ref/fate/bcstm
ffmpeg-8.1/tests/ref/fate/hevc-bsf-dts2pts-idr
ffmpeg-8.1/tests/ref/fate/filter-pixdesc-gray12be
ffmpeg-8.1/tests/ref/fate/filter-pixdesc-yuva422p9be
ffmpeg-8.1/tests/ref/fate/utvideo_rgb_median
ffmpeg-8.1/tests/ref/fate/exr-rgb-b44a-half-negative-4x4
ffmpeg-8.1/tests/ref/fate/filter-minterpolate-up
ffmpeg-8.1/tests/ref/fate/filter-pixfmts-copy
ffmpeg-8.1/tests/ref/fate/cbs-av1-non_uniform_tiling
ffmpeg-8.1/tests/ref/fate/vvc-conformance-WRAP_A_4
ffmpeg-8.1/tests/ref/fate/vp9-00-quantizer-53
ffmpeg-8.1/tests/ref/fate/xface
ffmpeg-8.1/tests/ref/fate/canopus-hq_hqa-hq
ffmpeg-8.1/tests/ref/fate/adpcm-ima-ws
ffmpeg-8.1/tests/ref/fate/filter-pixdesc-rgb555be
ffmpeg-8.1/tests/ref/fate/filter-pixdesc-yuv422p10le
ffmpeg-8.1/tests/ref/fate/adpcm-dtk
ffmpeg-8.1/tests/ref/fate/filter-yuvtestsrc-vuya
ffmpeg-8.1/tests/ref/fate/filter-crop
ffmpeg-8.1/tests/ref/fate/vp8-test-vector-004
ffmpeg-8.1/tests/ref/fate/lossless-rka
ffmpeg-8.1/tests/ref/fate/dds-dxt2
ffmpeg-8.1/tests/ref/fate/vvc-conformance-RAP_A_1
ffmpeg-8.1/tests/ref/fate/filter-pixdesc-xv48be
ffmpeg-8.1/tests/ref/fate/swr-async-firstpts
ffmpeg-8.1/tests/ref/fate/filter-pixfmts-histeq
ffmpeg-8.1/tests/ref/fate/matroska-zero-length-block
ffmpeg-8.1/tests/ref/fate/filter-overlay_rgb_rgba
ffmpeg-8.1/tests/ref/fate/cbs-vp9-vp90-2-segmentation-sf-akiyo
ffmpeg-8.1/tests/ref/fate/h264-reinit-small_420_9-to-small_420_8
ffmpeg-8.1/tests/ref/fate/pcm_dvd-24-2-48000
ffmpeg-8.1/tests/ref/fate/id3v2-priv
ffmpeg-8.1/tests/ref/fate/lagarith-red
ffmpeg-8.1/tests/ref/fate/vp9-02-size-18x32
ffmpeg-8.1/tests/ref/fate/hevc-conformance-PS_B_VIDYO_3
ffmpeg-8.1/tests/ref/fate/h264-conformance-sva_ba2_d
ffmpeg-8.1/tests/ref/fate/filter-asetnsamples-nopad
ffmpeg-8.1/tests/ref/fate/filter-pixdesc-yuva444p12be
ffmpeg-8.1/tests/ref/fate/filter-interlace-complex
ffmpeg-8.1/tests/ref/fate/hevc-conformance-DELTAQP_C_SONY_3
ffmpeg-8.1/tests/ref/fate/h264-conformance-frext-hpcafl_bcrm_c
ffmpeg-8.1/tests/ref/fate/filter-pixdesc-yuvj444p
ffmpeg-8.1/tests/ref/fate/msvideo1-16bit
ffmpeg-8.1/tests/ref/fate/h264-conformance-sl1_sva_b
ffmpeg-8.1/tests/ref/fate/j2k-dwt
ffmpeg-8.1/tests/ref/fate/vp9-03-size-224x226
ffmpeg-8.1/tests/ref/fate/jpegls-2bpc
ffmpeg-8.1/tests/ref/fate/cbs-hevc-LTRPSPS_A_Qualcomm_1
ffmpeg-8.1/tests/ref/fate/ogg-vorbis-chained-meta.txt
ffmpeg-8.1/tests/ref/fate/jpg-rgb-5
ffmpeg-8.1/tests/ref/fate/filter-yuvtestsrc-xv30le
ffmpeg-8.1/tests/ref/fate/vp9-03-size-226x210
ffmpeg-8.1/tests/ref/fate/vp9-02-size-66x08
ffmpeg-8.1/tests/ref/fate/hevc-conformance-DBLK_B_SONY_3
ffmpeg-8.1/tests/ref/fate/pcm_s16be-stereo
ffmpeg-8.1/tests/ref/fate/filter-crop_scale_vflip
ffmpeg-8.1/tests/ref/fate/filter-pal100bars
ffmpeg-8.1/tests/ref/fate/exr-rgb-tile-rle-half-float-l2
ffmpeg-8.1/tests/ref/fate/cbs-vp9-vp90-2-segmentation-aq-akiyo
ffmpeg-8.1/tests/ref/fate/hls-cmfa
ffmpeg-8.1/tests/ref/fate/audiomatch-afconvert-16000-mono-lc-m4a
ffmpeg-8.1/tests/ref/fate/utvideo_yuv422_gradient
ffmpeg-8.1/tests/ref/fate/h264-conformance-hcbp2_hhi_a
ffmpeg-8.1/tests/ref/fate/filter-pixdesc-yuv444p10le
ffmpeg-8.1/tests/ref/fate/prores-alpha
ffmpeg-8.1/tests/ref/fate/hevc-conformance-INITQP_B_Sony_1
ffmpeg-8.1/tests/ref/fate/cbs-vp9-vp93-2-20-10bit-yuv422
ffmpeg-8.1/tests/ref/fate/wavpack-channels-6.1
ffmpeg-8.1/tests/ref/fate/filter-pixdesc-yuv440p12be
ffmpeg-8.1/tests/ref/fate/ffmpeg-filter_complex_audio
ffmpeg-8.1/tests/ref/fate/iamf-5_1-copy
ffmpeg-8.1/tests/ref/fate/utvideoenc_rgb_none
ffmpeg-8.1/tests/ref/pixfmt/
ffmpeg-8.1/tests/ref/pixfmt/nv24-rgb24
ffmpeg-8.1/tests/ref/pixfmt/yuv444p10-xv48le
ffmpeg-8.1/tests/ref/pixfmt/rgb48-yuv440p10be
ffmpeg-8.1/tests/ref/pixfmt/yuv444p12-yuv440p12be
ffmpeg-8.1/tests/ref/pixfmt/gbrp12-yuv420p16le
ffmpeg-8.1/tests/ref/pixfmt/yuv444p10-gbrp10be
ffmpeg-8.1/tests/ref/pixfmt/nv24-gbrp12le
ffmpeg-8.1/tests/ref/pixfmt/yuv444p10-yuv444p10le
ffmpeg-8.1/tests/ref/pixfmt/nv24
ffmpeg-8.1/tests/ref/pixfmt/p410-yuv440p12be
ffmpeg-8.1/tests/ref/pixfmt/yuv444p12-p016le
ffmpeg-8.1/tests/ref/pixfmt/rgb24-p212le
ffmpeg-8.1/tests/ref/pixfmt/rgb48-gbrp16be
ffmpeg-8.1/tests/ref/pixfmt/yuv444p
ffmpeg-8.1/tests/ref/pixfmt/yuv444p10-yuv420p
ffmpeg-8.1/tests/ref/pixfmt/yuv444p-yuv410p
ffmpeg-8.1/tests/ref/pixfmt/nv24-p016be
ffmpeg-8.1/tests/ref/pixfmt/rgb24-nv16
ffmpeg-8.1/tests/ref/pixfmt/yuv444p12-yuv422p12be
ffmpeg-8.1/tests/ref/pixfmt/yuv444p10-yuv422p10be
ffmpeg-8.1/tests/ref/pixfmt/p412-yuvj444p
ffmpeg-8.1/tests/ref/pixfmt/yuv444p-yuv440p10be
ffmpeg-8.1/tests/ref/pixfmt/p412-p012be
ffmpeg-8.1/tests/ref/pixfmt/gbrp-yuv444p12msble
ffmpeg-8.1/tests/ref/pixfmt/rgb24-gray
ffmpeg-8.1/tests/ref/pixfmt/yuv444p10-p416le
ffmpeg-8.1/tests/ref/pixfmt/nv24-p012le
ffmpeg-8.1/tests/ref/pixfmt/yuv444p16-p016le
ffmpeg-8.1/tests/ref/pixfmt/nv16
ffmpeg-8.1/tests/ref/pixfmt/rgb24-yuv440p10be
ffmpeg-8.1/tests/ref/pixfmt/gbrp12-yuv422p16le
ffmpeg-8.1/tests/ref/pixfmt/yuv444p10-p012le
ffmpeg-8.1/tests/ref/pixfmt/p416-gray16le
ffmpeg-8.1/tests/ref/pixfmt/gbrp-p010le
ffmpeg-8.1/tests/ref/pixfmt/p410-y212le
ffmpeg-8.1/tests/ref/pixfmt/p412-yuv444p12be
ffmpeg-8.1/tests/ref/pixfmt/yuv444p-yuv422p10be
ffmpeg-8.1/tests/ref/pixfmt/gbrp16-gbrp16be
ffmpeg-8.1/tests/ref/pixfmt/rgb24-p012le
ffmpeg-8.1/tests/ref/pixfmt/gbrp-p212be
ffmpeg-8.1/tests/ref/pixfmt/p412-yuv420p10be
ffmpeg-8.1/tests/ref/pixfmt/gbrp16-p216be
ffmpeg-8.1/tests/ref/pixfmt/nv24-gray
ffmpeg-8.1/tests/ref/pixfmt/yuv444p12-p012be
ffmpeg-8.1/tests/ref/pixfmt/p410-p016be
ffmpeg-8.1/tests/ref/pixfmt/yuv444p12-monob
ffmpeg-8.1/tests/ref/pixfmt/yuv444p12-nv12
ffmpeg-8.1/tests/ref/pixfmt/yuv444p10-gray10be
ffmpeg-8.1/tests/ref/pixfmt/yuv444p16-p416le
ffmpeg-8.1/tests/ref/pixfmt/gbrp-p212le
ffmpeg-8.1/tests/ref/pixfmt/gbrp10-p016be
ffmpeg-8.1/tests/ref/pixfmt/p410-gbrp10be
ffmpeg-8.1/tests/ref/pixfmt/gbrp12-xyz12le
ffmpeg-8.1/tests/ref/pixfmt/p410-x2bgr10le
ffmpeg-8.1/tests/ref/pixfmt/gbrp12-gray10be
ffmpeg-8.1/tests/ref/pixfmt/yuv444p12-p012le
ffmpeg-8.1/tests/ref/pixfmt/rgb48-uyvy422
ffmpeg-8.1/tests/ref/pixfmt/rgb24-rgb32
ffmpeg-8.1/tests/ref/pixfmt/rgb48-yuv422p12le
ffmpeg-8.1/tests/ref/pixfmt/gbrp12-gbrp12be
ffmpeg-8.1/tests/ref/pixfmt/rgb48-p412be
ffmpeg-8.1/tests/ref/pixfmt/yuv444p-rgb24
ffmpeg-8.1/tests/ref/pixfmt/yuv444p12-y216le
ffmpeg-8.1/tests/ref/pixfmt/gbrp10-nv24
ffmpeg-8.1/tests/ref/pixfmt/nv24-yuv444p12msbbe
ffmpeg-8.1/tests/ref/pixfmt/gbrp-vuyx
ffmpeg-8.1/tests/ref/pixfmt/yuv444p12-xv48be
ffmpeg-8.1/tests/ref/pixfmt/rgb48-yuv444p12msble
ffmpeg-8.1/tests/ref/pixfmt/yuv444p-rgb565
ffmpeg-8.1/tests/ref/pixfmt/gbrp12-gbrp16be
ffmpeg-8.1/tests/ref/pixfmt/p412-xv36le
ffmpeg-8.1/tests/ref/pixfmt/yuv444p-gray12le
ffmpeg-8.1/tests/ref/pixfmt/rgb24-uyvy422
ffmpeg-8.1/tests/ref/pixfmt/p412-bgr24
ffmpeg-8.1/tests/ref/pixfmt/rgb24-p412be
ffmpeg-8.1/tests/ref/pixfmt/gbrp10-yuv440p
ffmpeg-8.1/tests/ref/pixfmt/p410-yuv444p16be
ffmpeg-8.1/tests/ref/pixfmt/gbrp-gbrp16le
ffmpeg-8.1/tests/ref/pixfmt/nv24-yuv444p
ffmpeg-8.1/tests/ref/pixfmt/gbrp-y216le
ffmpeg-8.1/tests/ref/pixfmt/rgb24-xv36be
ffmpeg-8.1/tests/ref/pixfmt/nv24-p416le
ffmpeg-8.1/tests/ref/pixfmt/gbrp12-p010le
ffmpeg-8.1/tests/ref/pixfmt/nv24-yuv444p12le
ffmpeg-8.1/tests/ref/pixfmt/yuv444p12-bgr24
ffmpeg-8.1/tests/ref/pixfmt/gbrp-p216be
ffmpeg-8.1/tests/ref/pixfmt/gbrp10-gray12le
ffmpeg-8.1/tests/ref/pixfmt/gbrp10-yuvj444p
ffmpeg-8.1/tests/ref/pixfmt/p412-gray10le
ffmpeg-8.1/tests/ref/pixfmt/gbrp12-bgr24
ffmpeg-8.1/tests/ref/pixfmt/rgb48-rgb555
ffmpeg-8.1/tests/ref/pixfmt/yuv444p10-yuv422p12le
ffmpeg-8.1/tests/ref/pixfmt/rgb48-rgb565
ffmpeg-8.1/tests/ref/pixfmt/rgb48-y216le
ffmpeg-8.1/tests/ref/pixfmt/gbrp12-yuv440p10be
ffmpeg-8.1/tests/ref/pixfmt/yuv444p10-yuv420p16le
ffmpeg-8.1/tests/ref/pixfmt/gbrp10-p412be
ffmpeg-8.1/tests/ref/pixfmt/gbrp12-yuv444p12msbbe
ffmpeg-8.1/tests/ref/pixfmt/gbrp10-y216le
ffmpeg-8.1/tests/ref/pixfmt/yuv444p12-yuyv422
ffmpeg-8.1/tests/ref/pixfmt/gbrp-yuv444p12be
ffmpeg-8.1/tests/ref/pixfmt/nv24-p410le
ffmpeg-8.1/tests/ref/pixfmt/yuv444p12-gray10le
ffmpeg-8.1/tests/ref/pixfmt/yuv444p10-nv12
ffmpeg-8.1/tests/ref/pixfmt/gbrp10-gray16be
ffmpeg-8.1/tests/ref/pixfmt/rgb24-gray10le
ffmpeg-8.1/tests/ref/pixfmt/yuv444p10-p016le
ffmpeg-8.1/tests/ref/pixfmt/yuv444p10-yuv420p12le
ffmpeg-8.1/tests/ref/pixfmt/gbrp-yuv444p12msbbe
ffmpeg-8.1/tests/ref/pixfmt/rgb24-p216be
ffmpeg-8.1/tests/ref/pixfmt/nv24-gray12le
ffmpeg-8.1/tests/ref/pixfmt/yuv444p-gbrp16be
ffmpeg-8.1/tests/ref/pixfmt/gbrp10-gray10be
ffmpeg-8.1/tests/ref/pixfmt/p416-p416be
ffmpeg-8.1/tests/ref/pixfmt/gbrp-yuv440p10le
ffmpeg-8.1/tests/ref/pixfmt/rgb48-yuv444p12be
ffmpeg-8.1/tests/ref/pixfmt/gbrp12-yuvj420p
ffmpeg-8.1/tests/ref/pixfmt/yuv444p10-yuv420p16be
ffmpeg-8.1/tests/ref/pixfmt/p410-gbrp16le
ffmpeg-8.1/tests/ref/pixfmt/gbrp12-xv48be
ffmpeg-8.1/tests/ref/pixfmt/rgb24-p212be
ffmpeg-8.1/tests/ref/pixfmt/p412-gray16le
ffmpeg-8.1/tests/ref/pixfmt/p412-yuv422p10be
ffmpeg-8.1/tests/ref/pixfmt/rgb48-yuv444p
ffmpeg-8.1/tests/ref/pixfmt/rgb24-y210le
ffmpeg-8.1/tests/ref/pixfmt/yuv444p10-monow
ffmpeg-8.1/tests/ref/pixfmt/gbrp-xv36le
ffmpeg-8.1/tests/ref/pixfmt/p410-xv36le
ffmpeg-8.1/tests/ref/pixfmt/gbrp10-yuv444p10le
ffmpeg-8.1/tests/ref/pixfmt/gbrp10-p010be
ffmpeg-8.1/tests/ref/pixfmt/gbrp-yuv444p16be
ffmpeg-8.1/tests/ref/pixfmt/rgb48-rgb32
ffmpeg-8.1/tests/ref/pixfmt/rgb24-yuv444p10msble
ffmpeg-8.1/tests/ref/pixfmt/yuv444p12-yuv422p16le
ffmpeg-8.1/tests/ref/pixfmt/p412-p410le
ffmpeg-8.1/tests/ref/pixfmt/yuvj444p
ffmpeg-8.1/tests/ref/pixfmt/gbrp-nv24
ffmpeg-8.1/tests/ref/pixfmt/gbrp10-yuv410p
ffmpeg-8.1/tests/ref/pixfmt/yuv444p-yuv420p12le
ffmpeg-8.1/tests/ref/pixfmt/p410-p016le
ffmpeg-8.1/tests/ref/pixfmt/nv24-x2rgb10le
ffmpeg-8.1/tests/ref/pixfmt/gbrp12-p010be
ffmpeg-8.1/tests/ref/pixfmt/gbrp10-yvyu422
ffmpeg-8.1/tests/ref/pixfmt/yuv444p-p212le
ffmpeg-8.1/tests/ref/pixfmt/p412-yuv422p16be
ffmpeg-8.1/tests/ref/pixfmt/yuv444p10-rgb32
ffmpeg-8.1/tests/ref/pixfmt/yuv444p12-vyu444
ffmpeg-8.1/tests/ref/pixfmt/nv24-yuv422p12le
ffmpeg-8.1/tests/ref/pixfmt/yuv444p16-p216le
ffmpeg-8.1/tests/ref/pixfmt/yuv444p12-yuv420p12be
ffmpeg-8.1/tests/ref/pixfmt/rgb24-gray12le
ffmpeg-8.1/tests/ref/pixfmt/gbrp12-yuv420p10le
ffmpeg-8.1/tests/ref/pixfmt/p410-p012be
ffmpeg-8.1/tests/ref/pixfmt/nv24-yuv422p12be
ffmpeg-8.1/tests/ref/pixfmt/nv24-gray16le
ffmpeg-8.1/tests/ref/pixfmt/gbrp10-yuv440p12le
ffmpeg-8.1/tests/ref/pixfmt/p412-yuv411p
ffmpeg-8.1/tests/ref/pixfmt/gbrp12-yuv410p
ffmpeg-8.1/tests/ref/pixfmt/gbrp12-yuv420p12le
ffmpeg-8.1/tests/ref/pixfmt/yuv444p12-p210le
ffmpeg-8.1/tests/ref/pixfmt/rgb48-p016be
ffmpeg-8.1/tests/ref/pixfmt/rgb24-p410be
ffmpeg-8.1/tests/ref/pixfmt/gbrp10-monob
ffmpeg-8.1/tests/ref/pixfmt/gbrp10-yuv440p10le
ffmpeg-8.1/tests/ref/pixfmt/p410-gbrp10le
ffmpeg-8.1/tests/ref/pixfmt/gbrp16-yuv422p16le
ffmpeg-8.1/tests/ref/pixfmt/gbrp16-p216le
ffmpeg-8.1/tests/ref/pixfmt/rgb24-nv12
ffmpeg-8.1/tests/ref/pixfmt/nv24-yuv411p
ffmpeg-8.1/tests/ref/pixfmt/yuv444p12-gbrp16be
ffmpeg-8.1/tests/ref/pixfmt/yuv444p10-gbrp12be
ffmpeg-8.1/tests/ref/pixfmt/yuv444p12-yuv444p
ffmpeg-8.1/tests/ref/pixfmt/gbrp-yuv420p16le
ffmpeg-8.1/tests/ref/pixfmt/rgb48-yuv444p10be
ffmpeg-8.1/tests/ref/pixfmt/gbrp-yuv444p10be
ffmpeg-8.1/tests/ref/pixfmt/rgb48-yvyu422
ffmpeg-8.1/tests/ref/pixfmt/gbrp12-p012le
ffmpeg-8.1/tests/ref/pixfmt/nv24-gray10be
ffmpeg-8.1/tests/ref/pixfmt/rgb24-yuv444p10le
ffmpeg-8.1/tests/ref/pixfmt/yuv444p16-yuv444p16be
ffmpeg-8.1/tests/ref/pixfmt/gbrp12-rgb565
ffmpeg-8.1/tests/ref/pixfmt/p410-gray12le
ffmpeg-8.1/tests/ref/pixfmt/yuv444p12-xv30le
ffmpeg-8.1/tests/ref/pixfmt/gbrp10-p212le
ffmpeg-8.1/tests/ref/pixfmt/yuv444p-p210be
ffmpeg-8.1/tests/ref/pixfmt/nv24-vyu444
ffmpeg-8.1/tests/ref/pixfmt/p412-yuv420p16be
ffmpeg-8.1/tests/ref/pixfmt/yuv444p10-yuv444p12msble
ffmpeg-8.1/tests/ref/pixfmt/rgb48-yuv411p
ffmpeg-8.1/tests/ref/pixfmt/gbrp-x2bgr10le
ffmpeg-8.1/tests/ref/pixfmt/yuv444p12-rgb565
ffmpeg-8.1/tests/ref/pixfmt/vuyx
ffmpeg-8.1/tests/ref/pixfmt/gbrp-rgb24
ffmpeg-8.1/tests/ref/pixfmt/p416-yuv444p16be
ffmpeg-8.1/tests/ref/pixfmt/gbrp10-yuv422p10le
ffmpeg-8.1/tests/ref/pixfmt/rgb24-yuv420p10be
ffmpeg-8.1/tests/ref/pixfmt/p410-gray10le
ffmpeg-8.1/tests/ref/pixfmt/gbrp-yvyu422
ffmpeg-8.1/tests/ref/pixfmt/rgb48-gray
ffmpeg-8.1/tests/ref/pixfmt/nv24-monob
ffmpeg-8.1/tests/ref/pixfmt/gbrp12-yuv422p12le
ffmpeg-8.1/tests/ref/pixfmt/gbrp12-p410be
ffmpeg-8.1/tests/ref/pixfmt/rgb48-p010le
ffmpeg-8.1/tests/ref/pixfmt/gbrp12-yuv422p10le
ffmpeg-8.1/tests/ref/pixfmt/yuv444p-yuv444p10msbbe
ffmpeg-8.1/tests/ref/pixfmt/yuv444p-yuyv422
ffmpeg-8.1/tests/ref/pixfmt/gbrp10-yuv444p
ffmpeg-8.1/tests/ref/pixfmt/yuv444p-yuv422p12be
ffmpeg-8.1/tests/ref/pixfmt/gbrp10-yuv420p10be
ffmpeg-8.1/tests/ref/pixfmt/rgb24-p216le
ffmpeg-8.1/tests/ref/pixfmt/gbrp12-nv24
ffmpeg-8.1/tests/ref/pixfmt/p410-p212le
ffmpeg-8.1/tests/ref/pixfmt/gbrp10-rgb32
ffmpeg-8.1/tests/ref/pixfmt/rgb48-xyz12le
ffmpeg-8.1/tests/ref/pixfmt/nv24-yuv422p
ffmpeg-8.1/tests/ref/pixfmt/yuv444p-vyu444
ffmpeg-8.1/tests/ref/pixfmt/gbrp10-xv36le
ffmpeg-8.1/tests/ref/pixfmt/p410-yuv411p
ffmpeg-8.1/tests/ref/pixfmt/yuv444p12-gray12le
ffmpeg-8.1/tests/ref/pixfmt/yuv444p10-xv36be
ffmpeg-8.1/tests/ref/pixfmt/monow
ffmpeg-8.1/tests/ref/pixfmt/rgb24-yuv420p16le
ffmpeg-8.1/tests/ref/pixfmt/rgb48-nv12
ffmpeg-8.1/tests/ref/pixfmt/nv12
ffmpeg-8.1/tests/ref/pixfmt/gbrp-xv36be
ffmpeg-8.1/tests/ref/pixfmt/p410-yuv444p12msbbe
ffmpeg-8.1/tests/ref/pixfmt/gbrp-yuv422p16le
ffmpeg-8.1/tests/ref/pixfmt/rgb24-p010le
ffmpeg-8.1/tests/ref/pixfmt/gbrp-yuv444p16le
ffmpeg-8.1/tests/ref/pixfmt/gbrp10-p412le
ffmpeg-8.1/tests/ref/pixfmt/gbrp12-yuv444p12le
ffmpeg-8.1/tests/ref/pixfmt/gbrp10-p410be
ffmpeg-8.1/tests/ref/pixfmt/gbrp12-gbrp16le
ffmpeg-8.1/tests/ref/pixfmt/gbrp12-yvyu422
ffmpeg-8.1/tests/ref/pixfmt/p416-rgb48
ffmpeg-8.1/tests/ref/pixfmt/p410-p010be
ffmpeg-8.1/tests/ref/pixfmt/p412-yuv422p12le
ffmpeg-8.1/tests/ref/pixfmt/nv24-yuv444p12msble
ffmpeg-8.1/tests/ref/pixfmt/yuv444p12-rgb555
ffmpeg-8.1/tests/ref/pixfmt/p410-yuv422p12le
ffmpeg-8.1/tests/ref/pixfmt/gbrp-yuv444p10le
ffmpeg-8.1/tests/ref/pixfmt/gbrp16-xv48be
ffmpeg-8.1/tests/ref/pixfmt/p416-yuv422p16be
ffmpeg-8.1/tests/ref/pixfmt/yuv444p10-yuv422p16be
ffmpeg-8.1/tests/ref/pixfmt/yuv444p10-y210le
ffmpeg-8.1/tests/ref/pixfmt/yuv444p16-yuv420p16be
ffmpeg-8.1/tests/ref/pixfmt/rgb555
ffmpeg-8.1/tests/ref/pixfmt/gbrp-uyvy422
ffmpeg-8.1/tests/ref/pixfmt/gbrp-yuv440p
ffmpeg-8.1/tests/ref/pixfmt/gbrp10-y210le
ffmpeg-8.1/tests/ref/pixfmt/nv24-xv48be
ffmpeg-8.1/tests/ref/pixfmt/gbrp10-yuv422p16be
ffmpeg-8.1/tests/ref/pixfmt/p416-p216be
ffmpeg-8.1/tests/ref/pixfmt/gbrp-yuv444p10msble
ffmpeg-8.1/tests/ref/pixfmt/yuv444p-yuv440p12le
ffmpeg-8.1/tests/ref/pixfmt/yuv444p12-yuv420p10be
ffmpeg-8.1/tests/ref/pixfmt/yuv444p12-p216le
ffmpeg-8.1/tests/ref/pixfmt/rgb48-yuv444p12msbbe
ffmpeg-8.1/tests/ref/pixfmt/yuv444p10-vyu444
ffmpeg-8.1/tests/ref/pixfmt/p412-yuyv422
ffmpeg-8.1/tests/ref/pixfmt/gbrp12-yuv444p12msble
ffmpeg-8.1/tests/ref/pixfmt/p410-yuv422p10be
ffmpeg-8.1/tests/ref/pixfmt/yuv444p-yuv422p10le
ffmpeg-8.1/tests/ref/pixfmt/yuv444p10-yuv444p10msbbe
ffmpeg-8.1/tests/ref/pixfmt/nv24-yuvj444p
ffmpeg-8.1/tests/ref/pixfmt/rgb48-gray10be
ffmpeg-8.1/tests/ref/pixfmt/yuv444p12-vuyx
ffmpeg-8.1/tests/ref/pixfmt/gbrp10-gbrp10be
ffmpeg-8.1/tests/ref/pixfmt/gbrp12-yuv411p
ffmpeg-8.1/tests/ref/pixfmt/rgb24-v30xle
ffmpeg-8.1/tests/ref/pixfmt/rgb48-yuv444p10le
ffmpeg-8.1/tests/ref/pixfmt/yuv444p-gbrp16le
ffmpeg-8.1/tests/ref/pixfmt/gbrp12-yuv440p10le
ffmpeg-8.1/tests/ref/pixfmt/yuv444p10-xv36le
ffmpeg-8.1/tests/ref/pixfmt/yuv444p12-yuv444p10le
ffmpeg-8.1/tests/ref/pixfmt/p412-p016le
ffmpeg-8.1/tests/ref/pixfmt/gbrp12-p410le
ffmpeg-8.1/tests/ref/pixfmt/gbrp-yuv420p10le
ffmpeg-8.1/tests/ref/pixfmt/gbrp12-monow
ffmpeg-8.1/tests/ref/pixfmt/rgb24-rgb555
ffmpeg-8.1/tests/ref/pixfmt/p410-nv24
ffmpeg-8.1/tests/ref/pixfmt/yuv444p-gbrp12be
ffmpeg-8.1/tests/ref/pixfmt/yuv444p-p416be
ffmpeg-8.1/tests/ref/pixfmt/p416-p216le
ffmpeg-8.1/tests/ref/pixfmt/yuv444p12-yuv422p
ffmpeg-8.1/tests/ref/pixfmt/yuv444p10-yuv444p10msble
ffmpeg-8.1/tests/ref/pixfmt/rgb48-p216be
ffmpeg-8.1/tests/ref/pixfmt/p410-yuv420p16be
ffmpeg-8.1/tests/ref/pixfmt/yuv420p
ffmpeg-8.1/tests/ref/pixfmt/p410-rgb24
ffmpeg-8.1/tests/ref/pixfmt/p410-nv12
ffmpeg-8.1/tests/ref/pixfmt/p412-yuv422p
ffmpeg-8.1/tests/ref/pixfmt/nv24-yuv420p10le
ffmpeg-8.1/tests/ref/pixfmt/p412-y212le
ffmpeg-8.1/tests/ref/pixfmt/gbrp16-gbrp16le
ffmpeg-8.1/tests/ref/pixfmt/rgb24-yuv422p12be
ffmpeg-8.1/tests/ref/pixfmt/yuv444p-yuv440p12be
ffmpeg-8.1/tests/ref/pixfmt/nv24-gbrp10be
ffmpeg-8.1/tests/ref/pixfmt/p410-nv16
ffmpeg-8.1/tests/ref/pixfmt/gbrp-gbrp16be
ffmpeg-8.1/tests/ref/pixfmt/gbrp12-gray10le
ffmpeg-8.1/tests/ref/pixfmt/rgb48-yuyv422
ffmpeg-8.1/tests/ref/pixfmt/gbrp10-xv36be
ffmpeg-8.1/tests/ref/pixfmt/gbrp-yuv422p16be
ffmpeg-8.1/tests/ref/pixfmt/yuv444p-p216be
ffmpeg-8.1/tests/ref/pixfmt/rgb48-xv36le
ffmpeg-8.1/tests/ref/pixfmt/p412-vyu444
ffmpeg-8.1/tests/ref/pixfmt/yuv444p-rgb555
ffmpeg-8.1/tests/ref/pixfmt/yuv444p16-yuv444p16le
ffmpeg-8.1/tests/ref/pixfmt/gbrp12-yuv444p12be
ffmpeg-8.1/tests/ref/pixfmt/gbrp-p416be
ffmpeg-8.1/tests/ref/pixfmt/yuv444p10-p212be
ffmpeg-8.1/tests/ref/pixfmt/p410-yuv444p10msbbe
ffmpeg-8.1/tests/ref/pixfmt/rgb48-gbrp10le
ffmpeg-8.1/tests/ref/pixfmt/rgb48-v30xle
ffmpeg-8.1/tests/ref/pixfmt/gbrp10-bgr24
ffmpeg-8.1/tests/ref/pixfmt/gbrp10-y212le
ffmpeg-8.1/tests/ref/pixfmt/p412-yuv444p10be
ffmpeg-8.1/tests/ref/pixfmt/gbrp16-yuv420p16be
ffmpeg-8.1/tests/ref/pixfmt/rgb48-xv30le
ffmpeg-8.1/tests/ref/pixfmt/rgb24-yuv444p10msbbe
ffmpeg-8.1/tests/ref/pixfmt/p412-rgb32
ffmpeg-8.1/tests/ref/pixfmt/rgb48-xv36be
ffmpeg-8.1/tests/ref/pixfmt/gbrp10-gray12be
ffmpeg-8.1/tests/ref/pixfmt/rgb48-bgr24
ffmpeg-8.1/tests/ref/pixfmt/yuv440p
ffmpeg-8.1/tests/ref/pixfmt/yuv444p10-xyz12le
ffmpeg-8.1/tests/ref/pixfmt/yuv444p10-yvyu422
ffmpeg-8.1/tests/ref/pixfmt/gbrp16-yuv420p16le
ffmpeg-8.1/tests/ref/pixfmt/gbrp10-gbrp10le
ffmpeg-8.1/tests/ref/pixfmt/p412-gbrp12le
ffmpeg-8.1/tests/ref/pixfmt/rgb24-gbrp16be
ffmpeg-8.1/tests/ref/pixfmt/gbrp10-yuv444p16be
ffmpeg-8.1/tests/ref/pixfmt/p410-rgb555
ffmpeg-8.1/tests/ref/pixfmt/nv24-yuvj420p
ffmpeg-8.1/tests/ref/pixfmt/p412-yuv440p12le
ffmpeg-8.1/tests/ref/pixfmt/rgb24-gbrp12le
ffmpeg-8.1/tests/ref/pixfmt/yuv444p-p210le
ffmpeg-8.1/tests/ref/pixfmt/yuv444p10-gray12le
ffmpeg-8.1/tests/ref/pixfmt/nv24-yuv420p
ffmpeg-8.1/tests/ref/pixfmt/nv24-rgb32
ffmpeg-8.1/tests/ref/pixfmt/p412-gbrp16le
ffmpeg-8.1/tests/ref/pixfmt/yuv444p12-gbrp12be
ffmpeg-8.1/tests/ref/pixfmt/yuv444p10-yuv411p
ffmpeg-8.1/tests/ref/pixfmt/yuv444p-xv36be
ffmpeg-8.1/tests/ref/pixfmt/gbrp-yuv440p12be
ffmpeg-8.1/tests/ref/pixfmt/rgb48-gray12le
ffmpeg-8.1/tests/ref/pixfmt/rgb48-yuv422p12be
ffmpeg-8.1/tests/ref/pixfmt/nv24-p212le
ffmpeg-8.1/tests/ref/pixfmt/yuv444p-gray12be
ffmpeg-8.1/tests/ref/pixfmt/p410-yuv420p10be
ffmpeg-8.1/tests/ref/pixfmt/yuv444p10-y216le
ffmpeg-8.1/tests/ref/pixfmt/p412-nv24
ffmpeg-8.1/tests/ref/pixfmt/yuv444p16-y216le
ffmpeg-8.1/tests/ref/pixfmt/p416-gray16be
ffmpeg-8.1/tests/ref/pixfmt/rgb48-yuv422p10be
ffmpeg-8.1/tests/ref/pixfmt/yuv444p16-xv48le
ffmpeg-8.1/tests/ref/pixfmt/yuv444p12-yuv422p16be
ffmpeg-8.1/tests/ref/pixfmt/gbrp-bgr24
ffmpeg-8.1/tests/ref/pixfmt/rgb48-yuvj444p
ffmpeg-8.1/tests/ref/pixfmt/yuv444p10-p412be
ffmpeg-8.1/tests/ref/pixfmt/p410-gray16be
ffmpeg-8.1/tests/ref/pixfmt/gbrp-yuv422p
ffmpeg-8.1/tests/ref/pixfmt/p410-bgr24
ffmpeg-8.1/tests/ref/pixfmt/yuv444p-gray10be
ffmpeg-8.1/tests/ref/pixfmt/gbrp10-gray10le
ffmpeg-8.1/tests/ref/pixfmt/gbrp10-gbrp16be
ffmpeg-8.1/tests/ref/pixfmt/yuv444p12-p212le
ffmpeg-8.1/tests/ref/pixfmt/yuv444p-yuv444p16le
ffmpeg-8.1/tests/ref/pixfmt/gbrp12-p412be
ffmpeg-8.1/tests/ref/pixfmt/yuv444p-yuv444p16be
ffmpeg-8.1/tests/ref/pixfmt/gbrp12-gray16be
ffmpeg-8.1/tests/ref/pixfmt/rgb24-xv30le
ffmpeg-8.1/tests/ref/pixfmt/nv24-yuv444p16be
ffmpeg-8.1/tests/ref/pixfmt/gbrp12-rgb32
ffmpeg-8.1/tests/ref/pixfmt/rgb24-p416be
ffmpeg-8.1/tests/ref/pixfmt/rgb48-yuv420p10be
ffmpeg-8.1/tests/ref/pixfmt/rgb48-yuv422p
ffmpeg-8.1/tests/ref/pixfmt/p410-p210be
ffmpeg-8.1/tests/ref/pixfmt/yuv444p12-yuv410p
ffmpeg-8.1/tests/ref/pixfmt/yuv444p-yuvj444p
ffmpeg-8.1/tests/ref/pixfmt/rgb24-gray16le
ffmpeg-8.1/tests/ref/pixfmt/rgb24-yuv444p12be
ffmpeg-8.1/tests/ref/pixfmt/nv24-p212be
ffmpeg-8.1/tests/ref/pixfmt/gbrp-yuvj440p
ffmpeg-8.1/tests/ref/pixfmt/rgb24-gray10be
ffmpeg-8.1/tests/ref/pixfmt/gbrp10-yuvj422p
ffmpeg-8.1/tests/ref/pixfmt/p412-xv48be
ffmpeg-8.1/tests/ref/pixfmt/nv24-y210le
ffmpeg-8.1/tests/ref/pixfmt/gbrp12-nv12
ffmpeg-8.1/tests/ref/pixfmt/gbrp12-gray
ffmpeg-8.1/tests/ref/pixfmt/yuv444p-yuv440p10le
ffmpeg-8.1/tests/ref/pixfmt/p410-gray10be
ffmpeg-8.1/tests/ref/pixfmt/p410-yuv444p10be
ffmpeg-8.1/tests/ref/pixfmt/yuv444p10-yuv444p10be
ffmpeg-8.1/tests/ref/pixfmt/yuv444p12-yuv420p16be
ffmpeg-8.1/tests/ref/pixfmt/yuv444p12-xv36be
ffmpeg-8.1/tests/ref/pixfmt/p412-gray10be
ffmpeg-8.1/tests/ref/pixfmt/nv24-rgb48
ffmpeg-8.1/tests/ref/pixfmt/p410-yuvj422p
ffmpeg-8.1/tests/ref/pixfmt/nv24-x2bgr10le
ffmpeg-8.1/tests/ref/pixfmt/yuv444p12-nv24
ffmpeg-8.1/tests/ref/pixfmt/nv24-p012be
ffmpeg-8.1/tests/ref/pixfmt/gbrp-yuv420p16be
ffmpeg-8.1/tests/ref/pixfmt/p412-gbrp10le
ffmpeg-8.1/tests/ref/pixfmt/gbrp-rgb32
ffmpeg-8.1/tests/ref/pixfmt/p410-xv48be
ffmpeg-8.1/tests/ref/pixfmt/yuv444p10-yuv440p
ffmpeg-8.1/tests/ref/pixfmt/rgb24-p016be
ffmpeg-8.1/tests/ref/pixfmt/gbrp-y210le
ffmpeg-8.1/tests/ref/pixfmt/yuv444p16-p416be
ffmpeg-8.1/tests/ref/pixfmt/p412-p210le
ffmpeg-8.1/tests/ref/pixfmt/rgb48-yuv420p
ffmpeg-8.1/tests/ref/pixfmt/p410-yuv422p16be
ffmpeg-8.1/tests/ref/pixfmt/gbrp12-xv36be
ffmpeg-8.1/tests/ref/pixfmt/p410-yuv444p12msble
ffmpeg-8.1/tests/ref/pixfmt/gbrp10-p410le
ffmpeg-8.1/tests/ref/pixfmt/p412-p012le
ffmpeg-8.1/tests/ref/pixfmt/p412-p216be
ffmpeg-8.1/tests/ref/pixfmt/gbrp-p410be
ffmpeg-8.1/tests/ref/pixfmt/gbrp-p412le
ffmpeg-8.1/tests/ref/pixfmt/yuv444p-p010le
ffmpeg-8.1/tests/ref/pixfmt/yuv444p12-p010le
ffmpeg-8.1/tests/ref/pixfmt/yuv444p16-p216be
ffmpeg-8.1/tests/ref/pixfmt/rgb48-p210le
ffmpeg-8.1/tests/ref/pixfmt/yuv444p12-yuv444p12msble
ffmpeg-8.1/tests/ref/pixfmt/rgb48-yuv444p16le
ffmpeg-8.1/tests/ref/pixfmt/yuv444p12-yuv422p10be
ffmpeg-8.1/tests/ref/pixfmt/p410-gbrp12le
ffmpeg-8.1/tests/ref/pixfmt/nv24-yuv420p16le
ffmpeg-8.1/tests/ref/pixfmt/yuv444p10-yuv410p
ffmpeg-8.1/tests/ref/pixfmt/yuv444p-yuv420p10be
ffmpeg-8.1/tests/ref/pixfmt/nv24-p410be
ffmpeg-8.1/tests/ref/pixfmt/rgb24-gray16be
ffmpeg-8.1/tests/ref/pixfmt/yuv444p12-gray10be
ffmpeg-8.1/tests/ref/pixfmt/yuv444p12-yuv420p16le
ffmpeg-8.1/tests/ref/pixfmt/yuv444p12-xv48le
ffmpeg-8.1/tests/ref/pixfmt/yuv444p-v30xle
ffmpeg-8.1/tests/ref/pixfmt/yuv444p12-x2bgr10le
ffmpeg-8.1/tests/ref/pixfmt/yuv444p10-v30xle
ffmpeg-8.1/tests/ref/pixfmt/p410-y210le
ffmpeg-8.1/tests/ref/pixfmt/yuv444p10-rgb555
ffmpeg-8.1/tests/ref/pixfmt/yuv444p12-p016be
ffmpeg-8.1/tests/ref/pixfmt/rgb48-p416le
ffmpeg-8.1/tests/ref/pixfmt/p410-vyu444
ffmpeg-8.1/tests/ref/pixfmt/p412-p016be
ffmpeg-8.1/tests/ref/pixfmt/rgb48-y212le
ffmpeg-8.1/tests/ref/pixfmt/yuv444p10-gray10le
ffmpeg-8.1/tests/ref/pixfmt/nv24-p210le
ffmpeg-8.1/tests/ref/pixfmt/p412-p212be
ffmpeg-8.1/tests/ref/pixfmt/p410-yuv420p12be
ffmpeg-8.1/tests/ref/pixfmt/nv24-y212le
ffmpeg-8.1/tests/ref/pixfmt/yuv444p12-p010be
ffmpeg-8.1/tests/ref/pixfmt/yuv444p12-yuvj422p
ffmpeg-8.1/tests/ref/pixfmt/gbrp-rgb48
ffmpeg-8.1/tests/ref/pixfmt/nv24-yuv410p
ffmpeg-8.1/tests/ref/pixfmt/gbrp-p410le
ffmpeg-8.1/tests/ref/pixfmt/rgb24-gray12be
ffmpeg-8.1/tests/ref/pixfmt/yuv444p10-yuv422p
ffmpeg-8.1/tests/ref/pixfmt/gbrp10-xyz12le
ffmpeg-8.1/tests/ref/pixfmt/yuv444p16-gbrp16be
ffmpeg-8.1/tests/ref/pixfmt/gbrp10-uyvy422
ffmpeg-8.1/tests/ref/pixfmt/gbrp10-gbrp12be
ffmpeg-8.1/tests/ref/pixfmt/rgb24-yuvj440p
ffmpeg-8.1/tests/ref/pixfmt/yuv444p12-yuv411p
ffmpeg-8.1/tests/ref/pixfmt/gbrp-yuv420p12le
ffmpeg-8.1/tests/ref/pixfmt/yuv444p-gray10le
ffmpeg-8.1/tests/ref/pixfmt/p412-gray12be
ffmpeg-8.1/tests/ref/pixfmt/yuv444p12-yvyu422
ffmpeg-8.1/tests/ref/pixfmt/yuv444p10-bgr24
ffmpeg-8.1/tests/ref/pixfmt/yuv444p10-yuv420p10le
ffmpeg-8.1/tests/ref/pixfmt/yuv444p10-gbrp12le
ffmpeg-8.1/tests/ref/pixfmt/rgb24-vyu444
ffmpeg-8.1/tests/ref/pixfmt/yuv444p16-gray16le
ffmpeg-8.1/tests/ref/pixfmt/rgb24-vuyx
ffmpeg-8.1/tests/ref/pixfmt/gbrp16-yuv444p16le
ffmpeg-8.1/tests/ref/pixfmt/rgb48-vyu444
ffmpeg-8.1/tests/ref/pixfmt/gbrp12-monob
ffmpeg-8.1/tests/ref/pixfmt/rgb24-yuv440p12be
ffmpeg-8.1/tests/ref/pixfmt/gbrp12-x2bgr10le
ffmpeg-8.1/tests/ref/pixfmt/rgb48-gbrp12le
ffmpeg-8.1/tests/ref/pixfmt/yuv444p-yuv422p16le
ffmpeg-8.1/tests/ref/pixfmt/p412-vuyx
ffmpeg-8.1/tests/ref/pixfmt/yuv444p10-p016be
ffmpeg-8.1/tests/ref/pixfmt/yuv444p10-rgb48
ffmpeg-8.1/tests/ref/pixfmt/yuv444p12-nv16
ffmpeg-8.1/tests/ref/pixfmt/yuv444p-yuv420p10le
ffmpeg-8.1/tests/ref/pixfmt/gbrp-gbrp12be
ffmpeg-8.1/tests/ref/pixfmt/yuv444p-monow
ffmpeg-8.1/tests/ref/pixfmt/gbrp10-yuv420p10le
ffmpeg-8.1/tests/ref/pixfmt/yuv444p-p012le
ffmpeg-8.1/tests/ref/pixfmt/nv24-bgr24
ffmpeg-8.1/tests/ref/pixfmt/yuv444p-gbrp10le
ffmpeg-8.1/tests/ref/pixfmt/nv24-gbrp10le
ffmpeg-8.1/tests/ref/pixfmt/p412-p216le
ffmpeg-8.1/tests/ref/pixfmt/rgb24-yuv422p10be
ffmpeg-8.1/tests/ref/pixfmt/gbrp12-p412le
ffmpeg-8.1/tests/ref/pixfmt/yuv444p-y210le
ffmpeg-8.1/tests/ref/pixfmt/yuv444p-y216le
ffmpeg-8.1/tests/ref/pixfmt/gbrp-yuv440p10be
ffmpeg-8.1/tests/ref/pixfmt/nv24-p016le
ffmpeg-8.1/tests/ref/pixfmt/gbrp12-rgb24
ffmpeg-8.1/tests/ref/pixfmt/yuv444p-xv48le
ffmpeg-8.1/tests/ref/pixfmt/p416-xv48le
ffmpeg-8.1/tests/ref/pixfmt/p412-yuv444p10msble
ffmpeg-8.1/tests/ref/pixfmt/yuv444p-gray
ffmpeg-8.1/tests/ref/pixfmt/rgb24-p410le
ffmpeg-8.1/tests/ref/pixfmt/rgb48-yuvj440p
ffmpeg-8.1/tests/ref/pixfmt/yuv444p10-yuv422p16le
ffmpeg-8.1/tests/ref/pixfmt/rgb24-yuv420p16be
ffmpeg-8.1/tests/ref/pixfmt/nv24-vuyx
ffmpeg-8.1/tests/ref/pixfmt/gbrp10-p416le
ffmpeg-8.1/tests/ref/pixfmt/p412-yuv444p10le
ffmpeg-8.1/tests/ref/pixfmt/p410-p210le
ffmpeg-8.1/tests/ref/pixfmt/yuv444p12-yuvj444p
ffmpeg-8.1/tests/ref/pixfmt/yuv444p16-p016be
ffmpeg-8.1/tests/ref/pixfmt/p410-gbrp16be
ffmpeg-8.1/tests/ref/pixfmt/p412-p416be
ffmpeg-8.1/tests/ref/pixfmt/gbrp-rgb565
ffmpeg-8.1/tests/ref/pixfmt/gbrp12-p016le
ffmpeg-8.1/tests/ref/pixfmt/nv24-yuv440p
ffmpeg-8.1/tests/ref/pixfmt/yuv444p-xv30le
ffmpeg-8.1/tests/ref/pixfmt/rgb24-p210le
ffmpeg-8.1/tests/ref/pixfmt/yuv444p12-yuv440p10be
ffmpeg-8.1/tests/ref/pixfmt/rgb24-yuvj420p
ffmpeg-8.1/tests/ref/pixfmt/nv24-yuv422p16le
ffmpeg-8.1/tests/ref/pixfmt/nv24-yuv444p10le
ffmpeg-8.1/tests/ref/pixfmt/gbrp10-p016le
ffmpeg-8.1/tests/ref/pixfmt/gbrp-nv12
ffmpeg-8.1/tests/ref/pixfmt/p412-monow
ffmpeg-8.1/tests/ref/pixfmt/rgb24-y216le
ffmpeg-8.1/tests/ref/pixfmt/p410-gray12be
ffmpeg-8.1/tests/ref/pixfmt/gbrp10-yuv440p12be
ffmpeg-8.1/tests/ref/pixfmt/gbrp-gbrp12le
ffmpeg-8.1/tests/ref/pixfmt/rgb48-nv24
ffmpeg-8.1/tests/ref/pixfmt/gbrp10-vyu444
ffmpeg-8.1/tests/ref/pixfmt/rgb24-yuv420p12le
ffmpeg-8.1/tests/ref/pixfmt/gbrp12-gray16le
ffmpeg-8.1/tests/ref/pixfmt/rgb48-xv48be
ffmpeg-8.1/tests/ref/pixfmt/gbrp10-gbrp12le
ffmpeg-8.1/tests/ref/pixfmt/rgb24-rgb24
ffmpeg-8.1/tests/ref/pixfmt/nv24-gbrp16be
ffmpeg-8.1/tests/ref/pixfmt/gray
ffmpeg-8.1/tests/ref/pixfmt/yuv444p-p410be
ffmpeg-8.1/tests/ref/pixfmt/gbrp12-yuv444p16be
ffmpeg-8.1/tests/ref/pixfmt/bgr24
ffmpeg-8.1/tests/ref/pixfmt/gbrp-x2rgb10le
ffmpeg-8.1/tests/ref/pixfmt/rgb24-yuv444p
ffmpeg-8.1/tests/ref/pixfmt/rgb24-yuv410p
ffmpeg-8.1/tests/ref/pixfmt/yuv444p10-x2bgr10le
ffmpeg-8.1/tests/ref/pixfmt/gbrp10-xv48le
ffmpeg-8.1/tests/ref/pixfmt/gbrp10-yuv444p12msbbe
ffmpeg-8.1/tests/ref/pixfmt/rgb48-x2rgb10le
ffmpeg-8.1/tests/ref/pixfmt/rgb24
ffmpeg-8.1/tests/ref/pixfmt/p412-p212le
ffmpeg-8.1/tests/ref/pixfmt/yuv444p10-yuvj440p
ffmpeg-8.1/tests/ref/pixfmt/yuv444p16-xv48be
ffmpeg-8.1/tests/ref/pixfmt/p410-yuv444p10le
ffmpeg-8.1/tests/ref/pixfmt/rgb48-yuv422p16be
ffmpeg-8.1/tests/ref/pixfmt/yuv444p12-p210be
ffmpeg-8.1/tests/ref/pixfmt/rgb48-p012le
ffmpeg-8.1/tests/ref/pixfmt/yuvj422p
ffmpeg-8.1/tests/ref/pixfmt/gbrp10-yuv444p10be
ffmpeg-8.1/tests/ref/pixfmt/yuv444p10-yuv420p12be
ffmpeg-8.1/tests/ref/pixfmt/p416-yuv422p16le
ffmpeg-8.1/tests/ref/pixfmt/yuv444p-yuv444p10be
ffmpeg-8.1/tests/ref/pixfmt/p412-gbrp12be
ffmpeg-8.1/tests/ref/pixfmt/p410-p010le
ffmpeg-8.1/tests/ref/pixfmt/p412-yuv440p10be
ffmpeg-8.1/tests/ref/pixfmt/gbrp-gray12be
ffmpeg-8.1/tests/ref/pixfmt/p412-p010be
ffmpeg-8.1/tests/ref/pixfmt/p410-gbrp12be
ffmpeg-8.1/tests/ref/pixfmt/yuv444p12-xv36le
ffmpeg-8.1/tests/ref/pixfmt/gbrp16-gray16le
ffmpeg-8.1/tests/ref/pixfmt/p410-yvyu422
ffmpeg-8.1/tests/ref/pixfmt/yuv444p-yuv444p10le
ffmpeg-8.1/tests/ref/pixfmt/p412-yuv422p10le
ffmpeg-8.1/tests/ref/pixfmt/rgb48-p416be
ffmpeg-8.1/tests/ref/pixfmt/gbrp12-p212be
ffmpeg-8.1/tests/ref/pixfmt/yuv444p10-p416be
ffmpeg-8.1/tests/ref/pixfmt/gbrp16-yuv444p16be
ffmpeg-8.1/tests/ref/pixfmt/yuv444p12-p410be
ffmpeg-8.1/tests/ref/pixfmt/gbrp12-yuv420p16be
ffmpeg-8.1/tests/ref/pixfmt/nv24-p010le
ffmpeg-8.1/tests/ref/pixfmt/gbrp12-yuv420p12be
ffmpeg-8.1/tests/ref/pixfmt/gbrp10-p012be
ffmpeg-8.1/tests/ref/pixfmt/yuv444p-uyvy422
ffmpeg-8.1/tests/ref/pixfmt/p410-rgb48
ffmpeg-8.1/tests/ref/pixfmt/yuv444p-x2rgb10le
ffmpeg-8.1/tests/ref/pixfmt/p412-yuv444p16be
ffmpeg-8.1/tests/ref/pixfmt/yuv444p-vuyx
ffmpeg-8.1/tests/ref/pixfmt/yuv444p10-uyvy422
ffmpeg-8.1/tests/ref/pixfmt/nv24-p216le
ffmpeg-8.1/tests/ref/pixfmt/yuv444p10-yuvj420p
ffmpeg-8.1/tests/ref/pixfmt/gbrp12-yuv444p10le
ffmpeg-8.1/tests/ref/pixfmt/rgb24-x2bgr10le
ffmpeg-8.1/tests/ref/pixfmt/rgb24-yuvj422p
ffmpeg-8.1/tests/ref/pixfmt/rgb48-nv16
ffmpeg-8.1/tests/ref/pixfmt/yuv444p10-p010be
ffmpeg-8.1/tests/ref/pixfmt/p410-p410le
ffmpeg-8.1/tests/ref/pixfmt/gbrp12-xv36le
ffmpeg-8.1/tests/ref/pixfmt/rgb48-yuv440p
ffmpeg-8.1/tests/ref/pixfmt/rgb24-yuv422p16le
ffmpeg-8.1/tests/ref/pixfmt/yuv444p12-p216be
ffmpeg-8.1/tests/ref/pixfmt/gbrp12-gbrp12le
ffmpeg-8.1/tests/ref/pixfmt/gbrp10-x2rgb10le
ffmpeg-8.1/tests/ref/pixfmt/p410-p212be
ffmpeg-8.1/tests/ref/pixfmt/gbrp10-yuv420p
ffmpeg-8.1/tests/ref/pixfmt/gbrp10-xv30le
ffmpeg-8.1/tests/ref/pixfmt/gbrp12-p012be
ffmpeg-8.1/tests/ref/pixfmt/rgb48-p012be
ffmpeg-8.1/tests/ref/pixfmt/gbrp12-vuyx
ffmpeg-8.1/tests/ref/pixfmt/rgb48-yuv420p16le
ffmpeg-8.1/tests/ref/pixfmt/rgb24-yuv440p12le
ffmpeg-8.1/tests/ref/pixfmt/gbrp10-yuyv422
ffmpeg-8.1/tests/ref/pixfmt/nv24-xv30le
ffmpeg-8.1/tests/ref/pixfmt/nv24-yuv440p10le
ffmpeg-8.1/tests/ref/pixfmt/p412-v30xle
ffmpeg-8.1/tests/ref/pixfmt/nv24-gbrp12be
ffmpeg-8.1/tests/ref/pixfmt/p410-yuv422p
ffmpeg-8.1/tests/ref/pixfmt/nv24-y216le
ffmpeg-8.1/tests/ref/pixfmt/yuv444p-xv48be
ffmpeg-8.1/tests/ref/pixfmt/p410-yuv440p10le
ffmpeg-8.1/tests/ref/pixfmt/rgb24-yuv444p12le
ffmpeg-8.1/tests/ref/pixfmt/p410-p216be
ffmpeg-8.1/tests/ref/pixfmt/gbrp12-yuv420p
ffmpeg-8.1/tests/ref/pixfmt/yuv444p10-xv48be
ffmpeg-8.1/tests/ref/pixfmt/p412-yuv440p12be
ffmpeg-8.1/tests/ref/pixfmt/gbrp10-p010le
ffmpeg-8.1/tests/ref/pixfmt/rgb48-yuv440p10le
ffmpeg-8.1/tests/ref/pixfmt/gbrp10-yuv444p16le
ffmpeg-8.1/tests/ref/pixfmt/gbrp-gray16le
ffmpeg-8.1/tests/ref/pixfmt/p412-rgb555
ffmpeg-8.1/tests/ref/pixfmt/gbrp-gbrp10le
ffmpeg-8.1/tests/ref/pixfmt/yuv444p10-yuyv422
ffmpeg-8.1/tests/ref/pixfmt/xyz12le
ffmpeg-8.1/tests/ref/pixfmt/yuv444p12-yuv440p10le
ffmpeg-8.1/tests/ref/pixfmt/yuv444p10-p410be
ffmpeg-8.1/tests/ref/pixfmt/rgb48-gbrp12be
ffmpeg-8.1/tests/ref/pixfmt/yuv444p12-yuv444p10msbbe
ffmpeg-8.1/tests/ref/pixfmt/yuv444p10-p010le
ffmpeg-8.1/tests/ref/pixfmt/p416-yuv420p16le
ffmpeg-8.1/tests/ref/pixfmt/yuv444p10-yuv440p10be
ffmpeg-8.1/tests/ref/pixfmt/gbrp10-rgb555
ffmpeg-8.1/tests/ref/pixfmt/p410-rgb32
ffmpeg-8.1/tests/ref/pixfmt/rgb48-yuvj420p
ffmpeg-8.1/tests/ref/pixfmt/rgb48-p216le
ffmpeg-8.1/tests/ref/pixfmt/gbrp12-yuv440p12be
ffmpeg-8.1/tests/ref/pixfmt/gbrp-yuv422p12be
ffmpeg-8.1/tests/ref/pixfmt/gbrp-gray12le
ffmpeg-8.1/tests/ref/pixfmt/p412-yuv444p
ffmpeg-8.1/tests/ref/pixfmt/yuv444p10-yuv422p12be
ffmpeg-8.1/tests/ref/pixfmt/rgb24-yuv444p10be
ffmpeg-8.1/tests/ref/pixfmt/rgb24-rgb48
ffmpeg-8.1/tests/ref/pixfmt/rgb24-gbrp12be
ffmpeg-8.1/tests/ref/pixfmt/yuv444p-y212le
ffmpeg-8.1/tests/ref/pixfmt/p410-yuv410p
ffmpeg-8.1/tests/ref/pixfmt/yuv444p10-yuv444p12msbbe
ffmpeg-8.1/tests/ref/pixfmt/gbrp12-yuv444p16le
ffmpeg-8.1/tests/ref/pixfmt/yuv444p-rgb48
ffmpeg-8.1/tests/ref/pixfmt/nv24-yuv440p12le
ffmpeg-8.1/tests/ref/pixfmt/yuv444p10-p210be
ffmpeg-8.1/tests/ref/pixfmt/p416-yuv444p16le
ffmpeg-8.1/tests/ref/pixfmt/yuv444p-p412le
ffmpeg-8.1/tests/ref/pixfmt/gbrp10-v30xle
ffmpeg-8.1/tests/ref/pixfmt/yuv444p-yvyu422
ffmpeg-8.1/tests/ref/pixfmt/p410-yuv444p12le
ffmpeg-8.1/tests/ref/pixfmt/rgb24-p210be
ffmpeg-8.1/tests/ref/pixfmt/p412-p010le
ffmpeg-8.1/tests/ref/pixfmt/gbrp10-yuv422p12le
ffmpeg-8.1/tests/ref/pixfmt/p412-yvyu422
ffmpeg-8.1/tests/ref/pixfmt/p412-p412le
ffmpeg-8.1/tests/ref/pixfmt/gbrp10-yuvj420p
ffmpeg-8.1/tests/ref/pixfmt/gbrp10-yuv420p16le
ffmpeg-8.1/tests/ref/pixfmt/yuv444p-yuv420p16be
ffmpeg-8.1/tests/ref/pixfmt/p410-p412be
ffmpeg-8.1/tests/ref/pixfmt/yuv444p10-yuv420p10be
ffmpeg-8.1/tests/ref/pixfmt/yuv444p12-yuvj440p
ffmpeg-8.1/tests/ref/pixfmt/gbrp-yuvj420p
ffmpeg-8.1/tests/ref/pixfmt/rgb24-p010be
ffmpeg-8.1/tests/ref/pixfmt/p410-vuyx
ffmpeg-8.1/tests/ref/pixfmt/rgb48-p410be
ffmpeg-8.1/tests/ref/pixfmt/rgb48-monow
ffmpeg-8.1/tests/ref/pixfmt/yuv444p10-x2rgb10le
ffmpeg-8.1/tests/ref/pixfmt/yuv444p12-yuv440p12le
ffmpeg-8.1/tests/ref/pixfmt/rgb48-yuv444p12le
ffmpeg-8.1/tests/ref/pixfmt/yuv444p-yuvj422p
ffmpeg-8.1/tests/ref/pixfmt/yuv444p-xyz12le
ffmpeg-8.1/tests/ref/pixfmt/p412-p210be
ffmpeg-8.1/tests/ref/pixfmt/gbrp10-yuv444p12msble
ffmpeg-8.1/tests/ref/pixfmt/gbrp10-p210be
ffmpeg-8.1/tests/ref/pixfmt/yuv444p-yuvj440p
ffmpeg-8.1/tests/ref/pixfmt/yuv444p12-yuv444p12le
ffmpeg-8.1/tests/ref/pixfmt/gbrp-xv30le
ffmpeg-8.1/tests/ref/pixfmt/gbrp12-yuv440p12le
ffmpeg-8.1/tests/ref/pixfmt/gbrp16-rgb48
ffmpeg-8.1/tests/ref/pixfmt/yuv444p12-yuv444p12msbbe
ffmpeg-8.1/tests/ref/pixfmt/yuv444p12-yuv444p10be
ffmpeg-8.1/tests/ref/pixfmt/p412-yuv444p12msble
ffmpeg-8.1/tests/ref/pixfmt/yuv444p12-yuv444p10msble
ffmpeg-8.1/tests/ref/pixfmt/gbrp-vyu444
ffmpeg-8.1/tests/ref/pixfmt/p416-p016le
ffmpeg-8.1/tests/ref/pixfmt/p410-p416be
ffmpeg-8.1/tests/ref/pixfmt/rgb24-p416le
ffmpeg-8.1/tests/ref/pixfmt/yuv444p12-gbrp10be
ffmpeg-8.1/tests/ref/pixfmt/nv24-uyvy422
ffmpeg-8.1/tests/ref/pixfmt/yuv444p10-yuv444p12be
ffmpeg-8.1/tests/ref/pixfmt/gbrp-monow
ffmpeg-8.1/tests/ref/pixfmt/yuv444p10-xv30le
ffmpeg-8.1/tests/ref/pixfmt/nv24-nv12
ffmpeg-8.1/tests/ref/pixfmt/rgb48-yuv420p12be
ffmpeg-8.1/tests/ref/pixfmt/rgb24-nv24
ffmpeg-8.1/tests/ref/pixfmt/yuv444p10-p412le
ffmpeg-8.1/tests/ref/pixfmt/gbrp10-yuvj440p
ffmpeg-8.1/tests/ref/pixfmt/p412-yuv444p12msbbe
ffmpeg-8.1/tests/ref/pixfmt/gbrp-yuv411p
ffmpeg-8.1/tests/ref/pixfmt/yuvj420p
ffmpeg-8.1/tests/ref/pixfmt/rgb24-yuv411p
ffmpeg-8.1/tests/ref/pixfmt/p410-y216le
ffmpeg-8.1/tests/ref/pixfmt/gbrp10-yuv420p12le
ffmpeg-8.1/tests/ref/pixfmt/gbrp10-yuv422p16le
ffmpeg-8.1/tests/ref/pixfmt/yuv444p-gbrp10be
ffmpeg-8.1/tests/ref/pixfmt/rgb24-xv48le
ffmpeg-8.1/tests/ref/pixfmt/p410-p216le
ffmpeg-8.1/tests/ref/pixfmt/yuv410p
ffmpeg-8.1/tests/ref/pixfmt/nv24-yuv444p10msbbe
ffmpeg-8.1/tests/ref/pixfmt/nv24-yuv440p10be
ffmpeg-8.1/tests/ref/pixfmt/nv24-yuv444p10be
ffmpeg-8.1/tests/ref/pixfmt/gbrp-gbrp10be
ffmpeg-8.1/tests/ref/pixfmt/p412-xv36be
ffmpeg-8.1/tests/ref/pixfmt/nv24-rgb565
ffmpeg-8.1/tests/ref/pixfmt/gbrp-yuvj422p
ffmpeg-8.1/tests/ref/pixfmt/rgb24-p412le
ffmpeg-8.1/tests/ref/pixfmt/yuv444p-yuv444p12be
ffmpeg-8.1/tests/ref/pixfmt/gbrp10-yuv444p10msbbe
ffmpeg-8.1/tests/ref/pixfmt/rgb24-yuv420p10le
ffmpeg-8.1/tests/ref/pixfmt/p412-gbrp16be
ffmpeg-8.1/tests/ref/pixfmt/rgb24-monob
ffmpeg-8.1/tests/ref/pixfmt/nv24-yuv420p12le
ffmpeg-8.1/tests/ref/pixfmt/gbrp-yuv420p
ffmpeg-8.1/tests/ref/pixfmt/gbrp-p012be
ffmpeg-8.1/tests/ref/pixfmt/p416-y216le
ffmpeg-8.1/tests/ref/pixfmt/gbrp10-gray16le
ffmpeg-8.1/tests/ref/pixfmt/yuv422p
ffmpeg-8.1/tests/ref/pixfmt/gbrp10-gray
ffmpeg-8.1/tests/ref/pixfmt/yuv444p10-yuv444p12le
ffmpeg-8.1/tests/ref/pixfmt/gbrp12-yuv444p10msbbe
ffmpeg-8.1/tests/ref/pixfmt/rgb24-xyz12le
ffmpeg-8.1/tests/ref/pixfmt/gbrp16-y216le
ffmpeg-8.1/tests/ref/pixfmt/yuv444p-nv24
ffmpeg-8.1/tests/ref/pixfmt/nv24-p412le
ffmpeg-8.1/tests/ref/pixfmt/nv24-xv36le
ffmpeg-8.1/tests/ref/pixfmt/gbrp10-p210le
ffmpeg-8.1/tests/ref/pixfmt/p412-yuv420p10le
ffmpeg-8.1/tests/ref/pixfmt/yuv444p-p216le
ffmpeg-8.1/tests/ref/pixfmt/yuv444p12-gbrp12le
ffmpeg-8.1/tests/ref/pixfmt/yuv444p10-yuv422p10le
ffmpeg-8.1/tests/ref/pixfmt/gbrp10-x2bgr10le
ffmpeg-8.1/tests/ref/pixfmt/p412-rgb565
ffmpeg-8.1/tests/ref/pixfmt/p412-p412be
ffmpeg-8.1/tests/ref/pixfmt/rgb48-yuv444p16be
ffmpeg-8.1/tests/ref/pixfmt/yuv444p16-yuv422p16be
ffmpeg-8.1/tests/ref/pixfmt/nv24-xyz12le
ffmpeg-8.1/tests/ref/pixfmt/gbrp12-yuv422p16be
ffmpeg-8.1/tests/ref/pixfmt/yuv444p10-yuv444p16le
ffmpeg-8.1/tests/ref/pixfmt/yuv444p10-gray
ffmpeg-8.1/tests/ref/pixfmt/nv24-yuvj422p
ffmpeg-8.1/tests/ref/pixfmt/gbrp12-yuv420p10be
ffmpeg-8.1/tests/ref/pixfmt/yuv444p-yuv444p12msbbe
ffmpeg-8.1/tests/ref/pixfmt/p416-yuv420p16be
ffmpeg-8.1/tests/ref/pixfmt/gbrp10-p012le
ffmpeg-8.1/tests/ref/pixfmt/p410-yuvj420p
ffmpeg-8.1/tests/ref/pixfmt/gbrp12-gbrp10be
ffmpeg-8.1/tests/ref/pixfmt/rgb24-rgb565
ffmpeg-8.1/tests/ref/pixfmt/yuv444p10-vuyx
ffmpeg-8.1/tests/ref/pixfmt/gbrp-gray10be
ffmpeg-8.1/tests/ref/pixfmt/gbrp10-p216le
ffmpeg-8.1/tests/ref/pixfmt/p410-monob
ffmpeg-8.1/tests/ref/pixfmt/yuv444p-p010be
ffmpeg-8.1/tests/ref/pixfmt/yuv444p10-nv16
ffmpeg-8.1/tests/ref/pixfmt/p410-xyz12le
ffmpeg-8.1/tests/ref/pixfmt/p412-x2rgb10le
ffmpeg-8.1/tests/ref/pixfmt/yuv444p10-gbrp16be
ffmpeg-8.1/tests/ref/pixfmt/nv24-p216be
ffmpeg-8.1/tests/ref/pixfmt/gbrp12-gbrp10le
ffmpeg-8.1/tests/ref/pixfmt/nv24-yuyv422
ffmpeg-8.1/tests/ref/pixfmt/p412-yuv422p16le
ffmpeg-8.1/tests/ref/pixfmt/yuv444p-rgb32
ffmpeg-8.1/tests/ref/pixfmt/yuv444p-p016be
ffmpeg-8.1/tests/ref/pixfmt/yuv444p12-yuv422p10le
ffmpeg-8.1/tests/ref/pixfmt/yuv444p-yuv411p
ffmpeg-8.1/tests/ref/pixfmt/yuv444p10-rgb565
ffmpeg-8.1/tests/ref/pixfmt/yuv444p12-yuv444p12be
ffmpeg-8.1/tests/ref/pixfmt/gbrp10-monow
ffmpeg-8.1/tests/ref/pixfmt/yuv444p12-yuvj420p
ffmpeg-8.1/tests/ref/pixfmt/gbrp-p010be
ffmpeg-8.1/tests/ref/pixfmt/p410-yuv444p
ffmpeg-8.1/tests/ref/pixfmt/gbrp12-yuv444p10be
ffmpeg-8.1/tests/ref/pixfmt/gbrp10-yuv440p10be
ffmpeg-8.1/tests/ref/pixfmt/yuv444p-p412be
ffmpeg-8.1/tests/ref/pixfmt/p410-p412le
ffmpeg-8.1/tests/ref/pixfmt/p412-xyz12le
ffmpeg-8.1/tests/ref/pixfmt/yuv444p10-gbrp16le
ffmpeg-8.1/tests/ref/pixfmt/rgb48-monob
ffmpeg-8.1/tests/ref/pixfmt/p410-yuv420p12le
ffmpeg-8.1/tests/ref/pixfmt/gbrp-p016le
ffmpeg-8.1/tests/ref/pixfmt/yuv444p12-yuv444p16le
ffmpeg-8.1/tests/ref/pixfmt/yuv444p12-p412le
ffmpeg-8.1/tests/ref/pixfmt/p410-x2rgb10le
ffmpeg-8.1/tests/ref/pixfmt/yuv444p12-rgb24
ffmpeg-8.1/tests/ref/pixfmt/yuv444p10-gray16be
ffmpeg-8.1/tests/ref/pixfmt/yuv444p-nv12
ffmpeg-8.1/tests/ref/pixfmt/p412-gray12le
ffmpeg-8.1/tests/ref/pixfmt/rgb48-p010be
ffmpeg-8.1/tests/ref/pixfmt/rgb24-p016le
ffmpeg-8.1/tests/ref/pixfmt/p410-yuv444p12be
ffmpeg-8.1/tests/ref/pixfmt/yuv444p10-yuv444p16be
ffmpeg-8.1/tests/ref/pixfmt/gbrp10-xv48be
ffmpeg-8.1/tests/ref/pixfmt/yuv444p10-gray12be
ffmpeg-8.1/tests/ref/pixfmt/gbrp-y212le
ffmpeg-8.1/tests/ref/pixfmt/p410-yuv420p16le
ffmpeg-8.1/tests/ref/pixfmt/gbrp-yuv420p12be
ffmpeg-8.1/tests/ref/pixfmt/nv24-p416be
ffmpeg-8.1/tests/ref/pixfmt/rgb48-yuv420p12le
ffmpeg-8.1/tests/ref/pixfmt/gbrp10-yuv422p12be
ffmpeg-8.1/tests/ref/pixfmt/gbrp12-nv16
ffmpeg-8.1/tests/ref/pixfmt/p416-p416le
ffmpeg-8.1/tests/ref/pixfmt/yuv444p10-gray16le
ffmpeg-8.1/tests/ref/pixfmt/rgb24-yuv422p
ffmpeg-8.1/tests/ref/pixfmt/p412-monob
ffmpeg-8.1/tests/ref/pixfmt/gbrp12-yuvj444p
ffmpeg-8.1/tests/ref/pixfmt/gbrp12-xv48le
ffmpeg-8.1/tests/ref/pixfmt/p412-nv16
ffmpeg-8.1/tests/ref/pixfmt/yuv444p10-yuv444p
ffmpeg-8.1/tests/ref/pixfmt/yuv444p10-yuv440p10le
ffmpeg-8.1/tests/ref/pixfmt/nv24-gray10le
ffmpeg-8.1/tests/ref/pixfmt/yuv444p10-p012be
ffmpeg-8.1/tests/ref/pixfmt/rgb48-yuv444p10msble
ffmpeg-8.1/tests/ref/pixfmt/nv24-yuvj440p
ffmpeg-8.1/tests/ref/pixfmt/yuv444p-monob
ffmpeg-8.1/tests/ref/pixfmt/yuv444p-p212be
ffmpeg-8.1/tests/ref/pixfmt/vyu444
ffmpeg-8.1/tests/ref/pixfmt/p416-gbrp16le
ffmpeg-8.1/tests/ref/pixfmt/nv24-xv48le
ffmpeg-8.1/tests/ref/pixfmt/p412-xv30le
ffmpeg-8.1/tests/ref/pixfmt/rgb48-x2bgr10le
ffmpeg-8.1/tests/ref/pixfmt/rgb48-yuv444p10msbbe
ffmpeg-8.1/tests/ref/pixfmt/yuv444p-p012be
ffmpeg-8.1/tests/ref/pixfmt/yvyu422
ffmpeg-8.1/tests/ref/pixfmt/yuv444p12-monow
ffmpeg-8.1/tests/ref/pixfmt/p412-yuvj422p
ffmpeg-8.1/tests/ref/pixfmt/gbrp-p210be
ffmpeg-8.1/tests/ref/pixfmt/monob
ffmpeg-8.1/tests/ref/pixfmt/p412-p410be
ffmpeg-8.1/tests/ref/pixfmt/yuv444p12-x2rgb10le
ffmpeg-8.1/tests/ref/pixfmt/gbrp16-yuv422p16be
ffmpeg-8.1/tests/ref/pixfmt/p412-yuv420p16le
ffmpeg-8.1/tests/ref/pixfmt/rgb24-yuv444p16le
ffmpeg-8.1/tests/ref/pixfmt/yuv444p10-yuvj444p
ffmpeg-8.1/tests/ref/pixfmt/yuv444p12-xyz12le
ffmpeg-8.1/tests/ref/pixfmt/gbrp12-p416be
ffmpeg-8.1/tests/ref/pixfmt/gbrp12-y216le
ffmpeg-8.1/tests/ref/pixfmt/gbrp-nv16
ffmpeg-8.1/tests/ref/pixfmt/p410-p416le
ffmpeg-8.1/tests/ref/pixfmt/gbrp10-rgb565
ffmpeg-8.1/tests/ref/pixfmt/nv24-yuv422p10be
ffmpeg-8.1/tests/ref/pixfmt/p412-y216le
ffmpeg-8.1/tests/ref/pixfmt/yuv444p12-p416be
ffmpeg-8.1/tests/ref/pixfmt/yuv444p12-uyvy422
ffmpeg-8.1/tests/ref/pixfmt/p412-yuv440p10le
ffmpeg-8.1/tests/ref/pixfmt/p412-yuv410p
ffmpeg-8.1/tests/ref/pixfmt/rgb48-yuv422p16le
ffmpeg-8.1/tests/ref/pixfmt/rgb24-yuv422p10le
ffmpeg-8.1/tests/ref/pixfmt/p416-p016be
ffmpeg-8.1/tests/ref/pixfmt/gbrp-v30xle
ffmpeg-8.1/tests/ref/pixfmt/rgb24-yuyv422
ffmpeg-8.1/tests/ref/pixfmt/gbrp12-x2rgb10le
ffmpeg-8.1/tests/ref/pixfmt/gbrp12-gray12be
ffmpeg-8.1/tests/ref/pixfmt/yuv444p-gbrp12le
ffmpeg-8.1/tests/ref/pixfmt/rgb24-xv36le
ffmpeg-8.1/tests/ref/pixfmt/p412-rgb48
ffmpeg-8.1/tests/ref/pixfmt/rgb48-rgb48
ffmpeg-8.1/tests/ref/pixfmt/p410-gray
ffmpeg-8.1/tests/ref/pixfmt/p410-rgb565
ffmpeg-8.1/tests/ref/pixfmt/gbrp10-yuv420p12be
ffmpeg-8.1/tests/ref/pixfmt/rgb48-p016le
ffmpeg-8.1/tests/ref/pixfmt/rgb24-monow
ffmpeg-8.1/tests/ref/pixfmt/p412-p416le
ffmpeg-8.1/tests/ref/pixfmt/yuv444p10-yuv440p12le
ffmpeg-8.1/tests/ref/pixfmt/rgb48-yuv440p12be
ffmpeg-8.1/tests/ref/pixfmt/p410-v30xle
ffmpeg-8.1/tests/ref/pixfmt/gbrp10-yuv444p10msble
ffmpeg-8.1/tests/ref/pixfmt/gbrp-p012le
ffmpeg-8.1/tests/ref/pixfmt/gbrp-p412be
ffmpeg-8.1/tests/ref/pixfmt/p412-x2bgr10le
ffmpeg-8.1/tests/ref/pixfmt/rgb48-y210le
ffmpeg-8.1/tests/ref/pixfmt/nv24-yuv420p16be
ffmpeg-8.1/tests/ref/pixfmt/yuv444p10-yuvj422p
ffmpeg-8.1/tests/ref/pixfmt/yuv444p12-v30xle
ffmpeg-8.1/tests/ref/pixfmt/yuv444p-yuv440p
ffmpeg-8.1/tests/ref/pixfmt/rgb48-yuv440p12le
ffmpeg-8.1/tests/ref/pixfmt/gbrp10-yuv420p16be
ffmpeg-8.1/tests/ref/pixfmt/gbrp10-gbrp16le
ffmpeg-8.1/tests/ref/pixfmt/gbrp12-yuv422p10be
ffmpeg-8.1/tests/ref/pixfmt/rgb48-p412le
ffmpeg-8.1/tests/ref/pixfmt/gbrp12-yuvj422p
ffmpeg-8.1/tests/ref/pixfmt/gbrp12-yuv444p10msble
ffmpeg-8.1/tests/ref/pixfmt/p412-yuv420p12be
ffmpeg-8.1/tests/ref/pixfmt/rgb24-gbrp16le
ffmpeg-8.1/tests/ref/pixfmt/gbrp12-vyu444
ffmpeg-8.1/tests/ref/pixfmt/nv24-nv24
ffmpeg-8.1/tests/ref/pixfmt/yuv444p12-gray12be
ffmpeg-8.1/tests/ref/pixfmt/nv24-p210be
ffmpeg-8.1/tests/ref/pixfmt/gbrp16-gray16be
ffmpeg-8.1/tests/ref/pixfmt/yuv444p12-p410le
ffmpeg-8.1/tests/ref/pixfmt/nv24-yvyu422
ffmpeg-8.1/tests/ref/pixfmt/rgb24-yvyu422
ffmpeg-8.1/tests/ref/pixfmt/rgb48-vuyx
ffmpeg-8.1/tests/ref/pixfmt/p412-y210le
ffmpeg-8.1/tests/ref/pixfmt/p410-yuv440p12le
ffmpeg-8.1/tests/ref/pixfmt/nv24-gbrp16le
ffmpeg-8.1/tests/ref/pixfmt/p412-yuv444p10msbbe
ffmpeg-8.1/tests/ref/pixfmt/p410-yuyv422
ffmpeg-8.1/tests/ref/pixfmt/yuv444p-gray16be
ffmpeg-8.1/tests/ref/pixfmt/p410-yuvj440p
ffmpeg-8.1/tests/ref/pixfmt/nv24-yuv444p10msble
ffmpeg-8.1/tests/ref/pixfmt/p412-gray16be
ffmpeg-8.1/tests/ref/pixfmt/yuv444p-nv16
ffmpeg-8.1/tests/ref/pixfmt/yuv444p-p016le
ffmpeg-8.1/tests/ref/pixfmt/yuv444p-yuv444p12le
ffmpeg-8.1/tests/ref/pixfmt/uyvy422
ffmpeg-8.1/tests/ref/pixfmt/nv24-v30xle
ffmpeg-8.1/tests/ref/pixfmt/gbrp12-y212le
ffmpeg-8.1/tests/ref/pixfmt/gbrp12-xv30le
ffmpeg-8.1/tests/ref/pixfmt/yuv444p-p416le
ffmpeg-8.1/tests/ref/pixfmt/gbrp-monob
ffmpeg-8.1/tests/ref/pixfmt/p412-yuv440p
ffmpeg-8.1/tests/ref/pixfmt/gbrp12-p210be
ffmpeg-8.1/tests/ref/pixfmt/yuv444p12-rgb32
ffmpeg-8.1/tests/ref/pixfmt/rgb48-gbrp16le
ffmpeg-8.1/tests/ref/pixfmt/rgb48-yuv422p10le
ffmpeg-8.1/tests/ref/pixfmt/gbrp12-yuvj440p
ffmpeg-8.1/tests/ref/pixfmt/rgb24-x2rgb10le
ffmpeg-8.1/tests/ref/pixfmt/nv24-xv36be
ffmpeg-8.1/tests/ref/pixfmt/rgb48-gbrp10be
ffmpeg-8.1/tests/ref/pixfmt/rgb48-yuv420p10le
ffmpeg-8.1/tests/ref/pixfmt/gbrp16-p416le
ffmpeg-8.1/tests/ref/pixfmt/gbrp10-nv12
ffmpeg-8.1/tests/ref/pixfmt/rgb48-p212be
ffmpeg-8.1/tests/ref/pixfmt/yuv444p10-p410le
ffmpeg-8.1/tests/ref/pixfmt/p410-p410be
ffmpeg-8.1/tests/ref/pixfmt/p410-yuv440p
ffmpeg-8.1/tests/ref/pixfmt/p412-xv48le
ffmpeg-8.1/tests/ref/pixfmt/gbrp-p210le
ffmpeg-8.1/tests/ref/pixfmt/gbrp12-yuv422p12be
ffmpeg-8.1/tests/ref/pixfmt/p416-xv48be
ffmpeg-8.1/tests/ref/pixfmt/yuv444p12-gbrp16le
ffmpeg-8.1/tests/ref/pixfmt/yuv444p10-nv24
ffmpeg-8.1/tests/ref/pixfmt/rgb24-yuv420p
ffmpeg-8.1/tests/ref/pixfmt/rgb48-gray16be
ffmpeg-8.1/tests/ref/pixfmt/rgb24-xv48be
ffmpeg-8.1/tests/ref/pixfmt/gbrp12-y210le
ffmpeg-8.1/tests/ref/pixfmt/gbrp12-yuv444p
ffmpeg-8.1/tests/ref/pixfmt/p412-nv12
ffmpeg-8.1/tests/ref/pixfmt/rgb24-yuv440p
ffmpeg-8.1/tests/ref/pixfmt/p412-yuv422p12be
ffmpeg-8.1/tests/ref/pixfmt/rgb48-p210be
ffmpeg-8.1/tests/ref/pixfmt/gbrp12-rgb555
ffmpeg-8.1/tests/ref/pixfmt/gbrp12-yuyv422
ffmpeg-8.1/tests/ref/pixfmt/yuv444p-bgr24
ffmpeg-8.1/tests/ref/pixfmt/p410-yuv440p10be
ffmpeg-8.1/tests/ref/pixfmt/yuvj440p
ffmpeg-8.1/tests/ref/pixfmt/rgb24-yuv422p12le
ffmpeg-8.1/tests/ref/pixfmt/yuv444p12-gray16le
ffmpeg-8.1/tests/ref/pixfmt/gbrp12-p216be
ffmpeg-8.1/tests/ref/pixfmt/yuv444p-yuv422p16be
ffmpeg-8.1/tests/ref/pixfmt/rgb48-p212le
ffmpeg-8.1/tests/ref/pixfmt/gbrp-yuyv422
ffmpeg-8.1/tests/ref/pixfmt/yuv444p-yuv422p12le
ffmpeg-8.1/tests/ref/pixfmt/nv24-yuv420p10be
ffmpeg-8.1/tests/ref/pixfmt/gbrp10-yuv422p10be
ffmpeg-8.1/tests/ref/pixfmt/yuv444p-yuv444p
ffmpeg-8.1/tests/ref/pixfmt/rgb48-gray10le
ffmpeg-8.1/tests/ref/pixfmt/gbrp10-nv16
ffmpeg-8.1/tests/ref/pixfmt/yuv411p
ffmpeg-8.1/tests/ref/pixfmt/nv24-yuv444p16le
ffmpeg-8.1/tests/ref/pixfmt/gbrp12-gray12le
ffmpeg-8.1/tests/ref/pixfmt/p412-uyvy422
ffmpeg-8.1/tests/ref/pixfmt/rgb24-yuv444p12msble
ffmpeg-8.1/tests/ref/pixfmt/yuv444p-yuv444p10msble
ffmpeg-8.1/tests/ref/pixfmt/yuv444p12-gbrp10le
ffmpeg-8.1/tests/ref/pixfmt/yuv444p12-yuv444p16be
ffmpeg-8.1/tests/ref/pixfmt/yuv444p10-rgb24
ffmpeg-8.1/tests/ref/pixfmt/p410-gray16le
ffmpeg-8.1/tests/ref/pixfmt/gbrp-p416le
ffmpeg-8.1/tests/ref/pixfmt/gbrp-yuvj444p
ffmpeg-8.1/tests/ref/pixfmt/yuv444p12-rgb48
ffmpeg-8.1/tests/ref/pixfmt/gbrp10-rgb48
ffmpeg-8.1/tests/ref/pixfmt/p410-yuv422p16le
ffmpeg-8.1/tests/ref/pixfmt/p410-p012le
ffmpeg-8.1/tests/ref/pixfmt/nv24-p010be
ffmpeg-8.1/tests/ref/pixfmt/yuv444p12-yuv440p
ffmpeg-8.1/tests/ref/pixfmt/p410-yuv422p10le
ffmpeg-8.1/tests/ref/pixfmt/gbrp12-p210le
ffmpeg-8.1/tests/ref/pixfmt/gbrp-xyz12le
ffmpeg-8.1/tests/ref/pixfmt/gbrp12-uyvy422
ffmpeg-8.1/tests/ref/pixfmt/p410-yuv444p10msble
ffmpeg-8.1/tests/ref/pixfmt/gbrp-gray16be
ffmpeg-8.1/tests/ref/pixfmt/gbrp-yuv444p
ffmpeg-8.1/tests/ref/pixfmt/yuv444p-yuv422p
ffmpeg-8.1/tests/ref/pixfmt/rgb32
ffmpeg-8.1/tests/ref/pixfmt/p410-yuvj444p
ffmpeg-8.1/tests/ref/pixfmt/nv24-yuv422p10le
ffmpeg-8.1/tests/ref/pixfmt/yuv444p16-rgb48
ffmpeg-8.1/tests/ref/pixfmt/yuv444p-xv36le
ffmpeg-8.1/tests/ref/pixfmt/rgb24-p012be
ffmpeg-8.1/tests/ref/pixfmt/rgb48-yuv420p16be
ffmpeg-8.1/tests/ref/pixfmt/p410-xv36be
ffmpeg-8.1/tests/ref/pixfmt/yuv444p16-gbrp16le
ffmpeg-8.1/tests/ref/pixfmt/rgb48-rgb24
ffmpeg-8.1/tests/ref/pixfmt/yuyv422
ffmpeg-8.1/tests/ref/pixfmt/rgb48-p410le
ffmpeg-8.1/tests/ref/pixfmt/gbrp-xv48be
ffmpeg-8.1/tests/ref/pixfmt/gbrp10-yuv422p
ffmpeg-8.1/tests/ref/pixfmt/p410-xv30le
ffmpeg-8.1/tests/ref/pixfmt/yuv444p10-p216be
ffmpeg-8.1/tests/ref/pixfmt/yuv444p12-y210le
ffmpeg-8.1/tests/ref/pixfmt/gbrp-yuv420p10be
ffmpeg-8.1/tests/ref/pixfmt/gbrp16-p016le
ffmpeg-8.1/tests/ref/pixfmt/p412-yuv420p12le
ffmpeg-8.1/tests/ref/pixfmt/gbrp-yuv422p10be
ffmpeg-8.1/tests/ref/pixfmt/gbrp12-rgb48
ffmpeg-8.1/tests/ref/pixfmt/rgb48-gray16le
ffmpeg-8.1/tests/ref/pixfmt/rgb24-yuv444p12msbbe
ffmpeg-8.1/tests/ref/pixfmt/yuv444p10-y212le
ffmpeg-8.1/tests/ref/pixfmt/gbrp12-yuv422p
ffmpeg-8.1/tests/ref/pixfmt/gbrp12-v30xle
ffmpeg-8.1/tests/ref/pixfmt/yuv444p12-p416le
ffmpeg-8.1/tests/ref/pixfmt/p410-yuv420p10le
ffmpeg-8.1/tests/ref/pixfmt/gbrp10-p416be
ffmpeg-8.1/tests/ref/pixfmt/yuv444p12-gray
ffmpeg-8.1/tests/ref/pixfmt/rgb24-yuv422p16be
ffmpeg-8.1/tests/ref/pixfmt/rgb24-bgr24
ffmpeg-8.1/tests/ref/pixfmt/gbrp12-p016be
ffmpeg-8.1/tests/ref/pixfmt/gbrp-p016be
ffmpeg-8.1/tests/ref/pixfmt/yuv444p-yuvj420p
ffmpeg-8.1/tests/ref/pixfmt/gbrp-yuv444p10msbbe
ffmpeg-8.1/tests/ref/pixfmt/p412-yuv420p
ffmpeg-8.1/tests/ref/pixfmt/p416-gbrp16be
ffmpeg-8.1/tests/ref/pixfmt/nv24-yuv440p12be
ffmpeg-8.1/tests/ref/pixfmt/rgb24-yuv420p12be
ffmpeg-8.1/tests/ref/pixfmt/p412-rgb24
ffmpeg-8.1/tests/ref/pixfmt/yuv444p12-p212be
ffmpeg-8.1/tests/ref/pixfmt/gbrp10-p212be
ffmpeg-8.1/tests/ref/pixfmt/nv24-gray16be
ffmpeg-8.1/tests/ref/pixfmt/rgb48-yuv410p
ffmpeg-8.1/tests/ref/pixfmt/rgb24-yuv440p10le
ffmpeg-8.1/tests/ref/pixfmt/p410-yuv420p
ffmpeg-8.1/tests/ref/pixfmt/nv24-rgb555
ffmpeg-8.1/tests/ref/pixfmt/rgb24-gbrp10be
ffmpeg-8.1/tests/ref/pixfmt/p410-xv48le
ffmpeg-8.1/tests/ref/pixfmt/gbrp10-yuv411p
ffmpeg-8.1/tests/ref/pixfmt/p412-yuvj420p
ffmpeg-8.1/tests/ref/pixfmt/p412-yuv444p12le
ffmpeg-8.1/tests/ref/pixfmt/nv24-yuv444p12be
ffmpeg-8.1/tests/ref/pixfmt/yuv444p12-y212le
ffmpeg-8.1/tests/ref/pixfmt/yuv444p12-yuv422p12le
ffmpeg-8.1/tests/ref/pixfmt/yuv444p12-yuv420p10le
ffmpeg-8.1/tests/ref/pixfmt/gbrp-yuv422p12le
ffmpeg-8.1/tests/ref/pixfmt/yuv444p12-yuv420p
ffmpeg-8.1/tests/ref/pixfmt/yuv444p-p410le
ffmpeg-8.1/tests/ref/pixfmt/yuv444p-yuv420p12be
ffmpeg-8.1/tests/ref/pixfmt/gbrp10-yuv444p12be
ffmpeg-8.1/tests/ref/pixfmt/yuv444p-x2bgr10le
ffmpeg-8.1/tests/ref/pixfmt/yuv444p16-gray16be
ffmpeg-8.1/tests/ref/pixfmt/yuv444p10-p212le
ffmpeg-8.1/tests/ref/pixfmt/rgb24-yuvj444p
ffmpeg-8.1/tests/ref/pixfmt/nv24-yuv422p16be
ffmpeg-8.1/tests/ref/pixfmt/rgb24-y212le
ffmpeg-8.1/tests/ref/pixfmt/gbrp16-p416be
ffmpeg-8.1/tests/ref/pixfmt/nv24-yuv420p12be
ffmpeg-8.1/tests/ref/pixfmt/gbrp12-p212le
ffmpeg-8.1/tests/ref/pixfmt/gbrp12-yuv440p
ffmpeg-8.1/tests/ref/pixfmt/p410-uyvy422
ffmpeg-8.1/tests/ref/pixfmt/p412-yuv444p16le
ffmpeg-8.1/tests/ref/pixfmt/gbrp16-p016be
ffmpeg-8.1/tests/ref/pixfmt/yuv444p12-gray16be
ffmpeg-8.1/tests/ref/pixfmt/nv24-gray12be
ffmpeg-8.1/tests/ref/pixfmt/gbrp10-rgb24
ffmpeg-8.1/tests/ref/pixfmt/nv24-nv16
ffmpeg-8.1/tests/ref/pixfmt/rgb48-gray12be
ffmpeg-8.1/tests/ref/pixfmt/yuv444p12-p412be
ffmpeg-8.1/tests/ref/pixfmt/rgb24-gbrp10le
ffmpeg-8.1/tests/ref/pixfmt/gbrp10-yuv444p12le
ffmpeg-8.1/tests/ref/pixfmt/yuv444p-gray16le
ffmpeg-8.1/tests/ref/pixfmt/nv24-p412be
ffmpeg-8.1/tests/ref/pixfmt/gbrp16-xv48le
ffmpeg-8.1/tests/ref/pixfmt/yuv444p16-yuv420p16le
ffmpeg-8.1/tests/ref/pixfmt/yuv444p10-monob
ffmpeg-8.1/tests/ref/pixfmt/p412-gray
ffmpeg-8.1/tests/ref/pixfmt/gbrp12-p416le
ffmpeg-8.1/tests/ref/pixfmt/gbrp-gray10le
ffmpeg-8.1/tests/ref/pixfmt/gbrp12-p216le
ffmpeg-8.1/tests/ref/pixfmt/yuv444p-yuv420p16le
ffmpeg-8.1/tests/ref/pixfmt/p410-monow
ffmpeg-8.1/tests/ref/pixfmt/p412-gbrp10be
ffmpeg-8.1/tests/ref/pixfmt/yuv444p10-p216le
ffmpeg-8.1/tests/ref/pixfmt/nv24-monow
ffmpeg-8.1/tests/ref/pixfmt/gbrp-yuv422p10le
ffmpeg-8.1/tests/ref/pixfmt/p412-yuvj440p
ffmpeg-8.1/tests/ref/pixfmt/rgb48-yuvj422p
ffmpeg-8.1/tests/ref/pixfmt/yuv444p10-p210le
ffmpeg-8.1/tests/ref/pixfmt/gbrp-yuv444p12le
ffmpeg-8.1/tests/ref/pixfmt/gbrp-p216le
ffmpeg-8.1/tests/ref/pixfmt/yuv444p-yuv444p12msble
ffmpeg-8.1/tests/ref/pixfmt/yuv444p10-gbrp10le
ffmpeg-8.1/tests/ref/pixfmt/p410-yuv444p16le
ffmpeg-8.1/tests/ref/pixfmt/yuv444p-yuv420p
ffmpeg-8.1/tests/ref/pixfmt/rgb48-xv48le
ffmpeg-8.1/tests/ref/pixfmt/gbrp10-vuyx
ffmpeg-8.1/tests/ref/pixfmt/gbrp-gray
ffmpeg-8.1/tests/ref/pixfmt/yuv444p12-yuv420p12le
ffmpeg-8.1/tests/ref/pixfmt/gbrp-yuv410p
ffmpeg-8.1/tests/ref/pixfmt/rgb24-yuv444p16be
ffmpeg-8.1/tests/ref/pixfmt/gbrp-xv48le
ffmpeg-8.1/tests/ref/pixfmt/gbrp10-p216be
ffmpeg-8.1/tests/ref/pixfmt/p410-yuv422p12be
ffmpeg-8.1/tests/ref/pixfmt/gbrp-rgb555
ffmpeg-8.1/tests/ref/pixfmt/gbrp-yuv440p12le
ffmpeg-8.1/tests/ref/pixfmt/yuv444p10-yuv440p12be
ffmpeg-8.1/tests/ref/pixfmt/rgb565
ffmpeg-8.1/tests/ref/pixfmt/yuv444p16-yuv422p16le
ffmpeg-8.1/tests/ref/lavf/
ffmpeg-8.1/tests/ref/lavf/qoipipe
ffmpeg-8.1/tests/ref/lavf/mmf
ffmpeg-8.1/tests/ref/lavf/png
ffmpeg-8.1/tests/ref/lavf/w64
ffmpeg-8.1/tests/ref/lavf/xbmpipe
ffmpeg-8.1/tests/ref/lavf/gray16be.png
ffmpeg-8.1/tests/ref/lavf/pgm
ffmpeg-8.1/tests/ref/lavf/wbmp
ffmpeg-8.1/tests/ref/lavf/nut
ffmpeg-8.1/tests/ref/lavf/rgb565be.xwd
ffmpeg-8.1/tests/ref/lavf/bmp
ffmpeg-8.1/tests/ref/lavf/gbrpf32le.pfm
ffmpeg-8.1/tests/ref/lavf/mkv_attachment
ffmpeg-8.1/tests/ref/lavf/peak_only.wav
ffmpeg-8.1/tests/ref/lavf/rgb555be.xwd
ffmpeg-8.1/tests/ref/lavf/avi
ffmpeg-8.1/tests/ref/lavf/gxf
ffmpeg-8.1/tests/ref/lavf/none.gbrpf32le.exr
ffmpeg-8.1/tests/ref/lavf/mov
ffmpeg-8.1/tests/ref/lavf/grayf32le.pfm
ffmpeg-8.1/tests/ref/lavf/mxf_d10
ffmpeg-8.1/tests/ref/lavf/ircam
ffmpeg-8.1/tests/ref/lavf/zip16.grayf32le.exr
ffmpeg-8.1/tests/ref/lavf/asf
ffmpeg-8.1/tests/ref/lavf/rgba.pam
ffmpeg-8.1/tests/ref/lavf/s16.voc
ffmpeg-8.1/tests/ref/lavf/rgb48le_10.dpx
ffmpeg-8.1/tests/ref/lavf/gbrp.fits
ffmpeg-8.1/tests/ref/lavf/drawvg.video
ffmpeg-8.1/tests/ref/lavf/swf
ffmpeg-8.1/tests/ref/lavf/grayf32be.pfm
ffmpeg-8.1/tests/ref/lavf/mka
ffmpeg-8.1/tests/ref/lavf/zip16.gbrapf32le.exr
ffmpeg-8.1/tests/ref/lavf/mkv
ffmpeg-8.1/tests/ref/lavf/zip1.gbrapf32le.exr
ffmpeg-8.1/tests/ref/lavf/gray.xwd
ffmpeg-8.1/tests/ref/lavf/gbrp10le.dpx
ffmpeg-8.1/tests/ref/lavf/gbrp16be.fits
ffmpeg-8.1/tests/ref/lavf/rgb48le.dpx
ffmpeg-8.1/tests/ref/lavf/mov_hybrid_frag
ffmpeg-8.1/tests/ref/lavf/xbm
ffmpeg-8.1/tests/ref/lavf/y4m
ffmpeg-8.1/tests/ref/lavf/mxf
ffmpeg-8.1/tests/ref/lavf/gray16be.pam
ffmpeg-8.1/tests/ref/lavf/voc
ffmpeg-8.1/tests/ref/lavf/rgb8.xwd
ffmpeg-8.1/tests/ref/lavf/peak.wav
ffmpeg-8.1/tests/ref/lavf/mpg
ffmpeg-8.1/tests/ref/lavf/gray.fits
ffmpeg-8.1/tests/ref/lavf/gbrap.fits
ffmpeg-8.1/tests/ref/lavf/flm
ffmpeg-8.1/tests/ref/lavf/ts
ffmpeg-8.1/tests/ref/lavf/caf
ffmpeg-8.1/tests/ref/lavf/sox
ffmpeg-8.1/tests/ref/lavf/mxf_opatom_audio
ffmpeg-8.1/tests/ref/lavf/rm
ffmpeg-8.1/tests/ref/lavf/rle.grayf32le.exr
ffmpeg-8.1/tests/ref/lavf/au
ffmpeg-8.1/tests/ref/lavf/jpg
ffmpeg-8.1/tests/ref/lavf/mxf_ffv1
ffmpeg-8.1/tests/ref/lavf/drawvg.all
ffmpeg-8.1/tests/ref/lavf/rgb48be.pam
ffmpeg-8.1/tests/ref/lavf/tga
ffmpeg-8.1/tests/ref/lavf/gbrp12le.dpx
ffmpeg-8.1/tests/ref/lavf/mp4
ffmpeg-8.1/tests/ref/lavf/rgba64le.dpx
ffmpeg-8.1/tests/ref/lavf/ppmpipe
ffmpeg-8.1/tests/ref/lavf/dpx
ffmpeg-8.1/tests/ref/lavf/wtv
ffmpeg-8.1/tests/ref/lavf/none.grayf32le.exr
ffmpeg-8.1/tests/ref/lavf/none.gbrapf32le.exr
ffmpeg-8.1/tests/ref/lavf/rle.gbrpf32le.exr
ffmpeg-8.1/tests/ref/lavf/zip1.gbrpf32le.exr
ffmpeg-8.1/tests/ref/lavf/wav
ffmpeg-8.1/tests/ref/lavf/ast
ffmpeg-8.1/tests/ref/lavf/pgmpipe
ffmpeg-8.1/tests/ref/lavf/rle.gbrapf32le.exr
ffmpeg-8.1/tests/ref/lavf/monob.pam
ffmpeg-8.1/tests/ref/lavf/apng
ffmpeg-8.1/tests/ref/lavf/rgb48be.png
ffmpeg-8.1/tests/ref/lavf/ismv
ffmpeg-8.1/tests/ref/lavf/zip1.grayf32le.exr
ffmpeg-8.1/tests/ref/lavf/gray16be.fits
ffmpeg-8.1/tests/ref/lavf/dfpwm
ffmpeg-8.1/tests/ref/lavf/mxf_dvcpro50
ffmpeg-8.1/tests/ref/lavf/monow.xwd
ffmpeg-8.1/tests/ref/lavf/tiff
ffmpeg-8.1/tests/ref/lavf/qoi
ffmpeg-8.1/tests/ref/lavf/mxf_opatom
ffmpeg-8.1/tests/ref/lavf/gbrpf32be.pfm
ffmpeg-8.1/tests/ref/lavf/mov_rtphint
ffmpeg-8.1/tests/ref/lavf/flv
ffmpeg-8.1/tests/ref/lavf/al
ffmpeg-8.1/tests/ref/lavf/dv_pal
ffmpeg-8.1/tests/ref/lavf/gxf_pal
ffmpeg-8.1/tests/ref/lavf/ppm
ffmpeg-8.1/tests/ref/lavf/gray.pam
ffmpeg-8.1/tests/ref/lavf/xwdpipe
ffmpeg-8.1/tests/ref/lavf/xwd
ffmpeg-8.1/tests/ref/lavf/rso
ffmpeg-8.1/tests/ref/lavf/apng.png
ffmpeg-8.1/tests/ref/lavf/zip16.gbrpf32le.exr
ffmpeg-8.1/tests/ref/lavf/pam
ffmpeg-8.1/tests/ref/lavf/pcx
ffmpeg-8.1/tests/ref/lavf/wv
ffmpeg-8.1/tests/ref/lavf/pbmpipe
ffmpeg-8.1/tests/ref/lavf/ul
ffmpeg-8.1/tests/ref/lavf/smjpeg
ffmpeg-8.1/tests/ref/lavf/mxf_dvcpro100
ffmpeg-8.1/tests/ref/lavf/dv
ffmpeg-8.1/tests/ref/lavf/rgba.xwd
ffmpeg-8.1/tests/ref/lavf/tta
ffmpeg-8.1/tests/ref/lavf/gbrap16be.fits
ffmpeg-8.1/tests/ref/lavf/gif
ffmpeg-8.1/tests/ref/lavf/dv_ntsc
ffmpeg-8.1/tests/ref/lavf/ogg
ffmpeg-8.1/tests/ref/lavf/gxf_ntsc
ffmpeg-8.1/tests/ref/lavf/sun
ffmpeg-8.1/tests/ref/lavf/mxf_dv25
ffmpeg-8.1/tests/ref/lavf/sgi
ffmpeg-8.1/tests/ref/lavf/rgb4_byte.xwd
ffmpeg-8.1/tests/ref/lavf/aiff
ffmpeg-8.1/tests/ref/vsynth/
ffmpeg-8.1/tests/ref/vsynth/vsynth_lena-dnxhd-1080i-10bit
ffmpeg-8.1/tests/ref/vsynth/vsynth3-dnxhd-720p-hr-lb
ffmpeg-8.1/tests/ref/vsynth/vsynth_lena-mpeg4-qpel
ffmpeg-8.1/tests/ref/vsynth/vsynth2-ffvhuff420p12
ffmpeg-8.1/tests/ref/vsynth/vsynth_lena-dnxhd-hr-sq-mov
ffmpeg-8.1/tests/ref/vsynth/vsynth1-speedhq-422p
ffmpeg-8.1/tests/ref/vsynth/vsynth3-dnxhd-edge3-hr
ffmpeg-8.1/tests/ref/vsynth/vsynth1-mjpeg-422
ffmpeg-8.1/tests/ref/vsynth/vsynth1-dnxhd-720p
ffmpeg-8.1/tests/ref/vsynth/vsynth1-ffv1-v3-yuv444p16
ffmpeg-8.1/tests/ref/vsynth/vsynth_lena-zlib
ffmpeg-8.1/tests/ref/vsynth/vsynth2-yuv
ffmpeg-8.1/tests/ref/vsynth/vsynth2-mjpeg-trell-huffman
ffmpeg-8.1/tests/ref/vsynth/vsynth_lena-ffv1
ffmpeg-8.1/tests/ref/vsynth/vsynth2-vc2-420p
ffmpeg-8.1/tests/ref/vsynth/vsynth2-asv2
ffmpeg-8.1/tests/ref/vsynth/vsynth2-v210
ffmpeg-8.1/tests/ref/vsynth/vsynth1-zlib
ffmpeg-8.1/tests/ref/vsynth/vsynth1-bpp15
ffmpeg-8.1/tests/ref/vsynth/vsynth1-vc2-444p
ffmpeg-8.1/tests/ref/vsynth/vsynth1-amv
ffmpeg-8.1/tests/ref/vsynth/vsynth1-dv
ffmpeg-8.1/tests/ref/vsynth/vsynth3-msrle
ffmpeg-8.1/tests/ref/vsynth/vsynth_lena-roqvideo
ffmpeg-8.1/tests/ref/vsynth/vsynth_lena-wmv2
ffmpeg-8.1/tests/ref/vsynth/vsynth_lena-mpeg4-error
ffmpeg-8.1/tests/ref/vsynth/vsynth_lena-bpp15
ffmpeg-8.1/tests/ref/vsynth/vsynth2-dv-hd
ffmpeg-8.1/tests/ref/vsynth/vsynth_lena-prores_444_int
ffmpeg-8.1/tests/ref/vsynth/vsynth3-jpeg2000-97
ffmpeg-8.1/tests/ref/vsynth/vsynth3-mjpeg-trell
ffmpeg-8.1/tests/ref/vsynth/vsynth_lena-dnxhd-edge3-hr
ffmpeg-8.1/tests/ref/vsynth/vsynth1-dnxhd-edge2-hr
ffmpeg-8.1/tests/ref/vsynth/vsynth1-dnxhd-edge1-hr
ffmpeg-8.1/tests/ref/vsynth/vsynth3-mov-bpp15
ffmpeg-8.1/tests/ref/vsynth/vsynth2-ffv1-v2
ffmpeg-8.1/tests/ref/vsynth/vsynth2-ffvhuff
ffmpeg-8.1/tests/ref/vsynth/vsynth_lena-dnxhd-4k-hr-lb
ffmpeg-8.1/tests/ref/vsynth/vsynth_lena-msrle
ffmpeg-8.1/tests/ref/vsynth/vsynth_lena-mpeg4
ffmpeg-8.1/tests/ref/vsynth/vsynth_lena-msvideo1
ffmpeg-8.1/tests/ref/vsynth/vsynth1-ffvhuff420p12
ffmpeg-8.1/tests/ref/vsynth/vsynth1-ffv1-v3-rgb48
ffmpeg-8.1/tests/ref/vsynth/vsynth_lena-ffv1-v3-rgb48
ffmpeg-8.1/tests/ref/vsynth/vsynth_lena-huffyuv
ffmpeg-8.1/tests/ref/vsynth/vsynth_lena-huffyuvbgr24
ffmpeg-8.1/tests/ref/vsynth/vsynth_lena-dnxhd-1080i-colr
ffmpeg-8.1/tests/ref/vsynth/vsynth_lena-vc2-422p
ffmpeg-8.1/tests/ref/vsynth/vsynth2-dnxhd-720p-hr-lb
ffmpeg-8.1/tests/ref/vsynth/vsynth2-huffyuv
ffmpeg-8.1/tests/ref/vsynth/vsynth3-flashsv
ffmpeg-8.1/tests/ref/vsynth/vsynth_lena-prores
ffmpeg-8.1/tests/ref/vsynth/vsynth_lena-snow-ll
ffmpeg-8.1/tests/ref/vsynth/vsynth1-ffv1
ffmpeg-8.1/tests/ref/vsynth/vsynth2-avui
ffmpeg-8.1/tests/ref/vsynth/vsynth_lena-dnxhd-1080i
ffmpeg-8.1/tests/ref/vsynth/vsynth1-wmv2
ffmpeg-8.1/tests/ref/vsynth/vsynth_lena-yuv4
ffmpeg-8.1/tests/ref/vsynth/vsynth1-mpeg4
ffmpeg-8.1/tests/ref/vsynth/vsynth_lena-qtrle
ffmpeg-8.1/tests/ref/vsynth/vsynth1-msvideo1
ffmpeg-8.1/tests/ref/vsynth/vsynth2-mov-bpp15
ffmpeg-8.1/tests/ref/vsynth/vsynth_lena-mjpeg-trell
ffmpeg-8.1/tests/ref/vsynth/vsynth2-vc2-422p
ffmpeg-8.1/tests/ref/vsynth/vsynth2-wmv2
ffmpeg-8.1/tests/ref/vsynth/vsynth2-h261-trellis
ffmpeg-8.1/tests/ref/vsynth/vsynth1-mov-bgr24
ffmpeg-8.1/tests/ref/vsynth/vsynth1-msrle
ffmpeg-8.1/tests/ref/vsynth/vsynth_lena-v410
ffmpeg-8.1/tests/ref/vsynth/vsynth1-vc2-422p
ffmpeg-8.1/tests/ref/vsynth/vsynth_lena-mpeg2-ilace
ffmpeg-8.1/tests/ref/vsynth/vsynth2-huffyuvbgr24
ffmpeg-8.1/tests/ref/vsynth/vsynth1-rv10
ffmpeg-8.1/tests/ref/vsynth/vsynth_lena-mov-bpp16
ffmpeg-8.1/tests/ref/vsynth/vsynth3-mpeg4-thread
ffmpeg-8.1/tests/ref/vsynth/vsynth2-mpeg4-adv
ffmpeg-8.1/tests/ref/vsynth/vsynth1-dnxhd-edge3-hr
ffmpeg-8.1/tests/ref/vsynth/vsynth3-mpeg4
ffmpeg-8.1/tests/ref/vsynth/vsynth3-r210
ffmpeg-8.1/tests/ref/vsynth/vsynth3-ffv1-v3-yuv420p
ffmpeg-8.1/tests/ref/vsynth/vsynth2-msmpeg4
ffmpeg-8.1/tests/ref/vsynth/vsynth_lena-rv10
ffmpeg-8.1/tests/ref/vsynth/vsynth1-snow-hpel
ffmpeg-8.1/tests/ref/vsynth/vsynth2-mpeg1b
ffmpeg-8.1/tests/ref/vsynth/vsynth2-dnxhd-uhd-hr-sq
ffmpeg-8.1/tests/ref/vsynth/vsynth_lena-avui
ffmpeg-8.1/tests/ref/vsynth/vsynth2-h263-obmc
ffmpeg-8.1/tests/ref/vsynth/vsynth2-ffvhuff444
ffmpeg-8.1/tests/ref/vsynth/vsynth1-dnxhd-1080i-colr
ffmpeg-8.1/tests/ref/vsynth/vsynth2-rv10
ffmpeg-8.1/tests/ref/vsynth/vsynth_lena-ffv1-v3-bgr0
ffmpeg-8.1/tests/ref/vsynth/vsynth3-asv1
ffmpeg-8.1/tests/ref/vsynth/vsynth_lena-vc2-422p12
ffmpeg-8.1/tests/ref/vsynth/vsynth1-bpp1
ffmpeg-8.1/tests/ref/vsynth/vsynth_lena-h261-trellis
ffmpeg-8.1/tests/ref/vsynth/vsynth2-mpeg4-thread
ffmpeg-8.1/tests/ref/vsynth/vsynth3-mpeg2
ffmpeg-8.1/tests/ref/vsynth/vsynth3-mpeg2-thread-ivlc
ffmpeg-8.1/tests/ref/vsynth/vsynth2-rpza
ffmpeg-8.1/tests/ref/vsynth/vsynth3-amv
ffmpeg-8.1/tests/ref/vsynth/vsynth_lena-dv-411
ffmpeg-8.1/tests/ref/vsynth/vsynth1-prores
ffmpeg-8.1/tests/ref/vsynth/vsynth2-ffvhuff444p16
ffmpeg-8.1/tests/ref/vsynth/vsynth3-ffvhuff
ffmpeg-8.1/tests/ref/vsynth/vsynth_lena-y41p
ffmpeg-8.1/tests/ref/vsynth/vsynth1-speedhq-420p
ffmpeg-8.1/tests/ref/vsynth/vsynth3-yuv4
ffmpeg-8.1/tests/ref/vsynth/vsynth_lena-mjpeg-huffman
ffmpeg-8.1/tests/ref/vsynth/vsynth2-mjpeg-huffman
ffmpeg-8.1/tests/ref/vsynth/vsynth1-vc2-420p10
ffmpeg-8.1/tests/ref/vsynth/vsynth2-dv-fhd
ffmpeg-8.1/tests/ref/vsynth/vsynth1-mpeg2-422
ffmpeg-8.1/tests/ref/vsynth/vsynth_lena-jpeg2000-97
ffmpeg-8.1/tests/ref/vsynth/vsynth2-flashsv2
ffmpeg-8.1/tests/ref/vsynth/vsynth2-roqvideo
ffmpeg-8.1/tests/ref/vsynth/vsynth3-ffv1
ffmpeg-8.1/tests/ref/vsynth/vsynth1-mpeg4-qprd
ffmpeg-8.1/tests/ref/vsynth/vsynth1-huffyuv
ffmpeg-8.1/tests/ref/vsynth/vsynth_lena-mpeg4-adv
ffmpeg-8.1/tests/ref/vsynth/vsynth3-ffv1-2pass10
ffmpeg-8.1/tests/ref/vsynth/vsynth3-mpeg2-ivlc-qprd
ffmpeg-8.1/tests/ref/vsynth/vsynth1-cljr
ffmpeg-8.1/tests/ref/vsynth/vsynth1-jpeg2000-gbrp12
ffmpeg-8.1/tests/ref/vsynth/vsynth2-snow-ll
ffmpeg-8.1/tests/ref/vsynth/vsynth_lena-dnxhd-2k-hr-hq
ffmpeg-8.1/tests/ref/vsynth/vsynth1-rpza
ffmpeg-8.1/tests/ref/vsynth/vsynth2-vc2-thaar
ffmpeg-8.1/tests/ref/vsynth/vsynth1-dnxhd-uhd-hr-sq
ffmpeg-8.1/tests/ref/vsynth/vsynth3-ffvhuff420p12
ffmpeg-8.1/tests/ref/vsynth/vsynth_lena-mpeg2
ffmpeg-8.1/tests/ref/vsynth/vsynth1-v308
ffmpeg-8.1/tests/ref/vsynth/vsynth3-dnxhd-hr-lb-mov
ffmpeg-8.1/tests/ref/vsynth/vsynth2-mjpeg
ffmpeg-8.1/tests/ref/vsynth/vsynth_lena-ffv1-v0
ffmpeg-8.1/tests/ref/vsynth/vsynth2-v210-10
ffmpeg-8.1/tests/ref/vsynth/vsynth_lena-r210
ffmpeg-8.1/tests/ref/vsynth/vsynth_lena-flashsv2
ffmpeg-8.1/tests/ref/vsynth/vsynth2-rgb
ffmpeg-8.1/tests/ref/vsynth/vsynth2-prores_ks
ffmpeg-8.1/tests/ref/vsynth/vsynth1-mjpeg-trell
ffmpeg-8.1/tests/ref/vsynth/vsynth2-mjpeg-trell
ffmpeg-8.1/tests/ref/vsynth/vsynth1-magicyuv
ffmpeg-8.1/tests/ref/vsynth/vsynth_lena-jpegls
ffmpeg-8.1/tests/ref/vsynth/vsynth_lena-rpza
ffmpeg-8.1/tests/ref/vsynth/vsynth2-dnxhd-hr-lb-mov
ffmpeg-8.1/tests/ref/vsynth/vsynth_lena-rv20
ffmpeg-8.1/tests/ref/vsynth/vsynth1-ffv1-v3-yuv420p
ffmpeg-8.1/tests/ref/vsynth/vsynth2-mpeg4-qpel
ffmpeg-8.1/tests/ref/vsynth/vsynth1-ffv1-v3-bgr0
ffmpeg-8.1/tests/ref/vsynth/vsynth1-v408
ffmpeg-8.1/tests/ref/vsynth/vsynth_lena-mpeg2-thread
ffmpeg-8.1/tests/ref/vsynth/vsynth_lena-dnxhd-720p-hr-lb
ffmpeg-8.1/tests/ref/vsynth/vsynth3-prores_444_int
ffmpeg-8.1/tests/ref/vsynth/vsynth3-mjpeg-444
ffmpeg-8.1/tests/ref/vsynth/vsynth2-dnxhd-720p-rd
ffmpeg-8.1/tests/ref/vsynth/vsynth_lena-dnxhd-720p-10bit
ffmpeg-8.1/tests/ref/vsynth/vsynth3-mpeg4-adap
ffmpeg-8.1/tests/ref/vsynth/vsynth1-dnxhd-hr-sq-mov
ffmpeg-8.1/tests/ref/vsynth/vsynth3-v408
ffmpeg-8.1/tests/ref/vsynth/vsynth_lena-mpeg1
ffmpeg-8.1/tests/ref/vsynth/vsynth_lena-ffvhuff444
ffmpeg-8.1/tests/ref/vsynth/vsynth_lena-mpeg4-qprd
ffmpeg-8.1/tests/ref/vsynth/vsynth_lena-magicyuv
ffmpeg-8.1/tests/ref/vsynth/vsynth_lena-vc2-444p10
ffmpeg-8.1/tests/ref/vsynth/vsynth3-mpeg4-nsse
ffmpeg-8.1/tests/ref/vsynth/vsynth1-flashsv
ffmpeg-8.1/tests/ref/vsynth/vsynth_lena-ffv1-v3-yuv422p10
ffmpeg-8.1/tests/ref/vsynth/vsynth_lena-prores_444
ffmpeg-8.1/tests/ref/vsynth/vsynth1-ffvhuff422p10left
ffmpeg-8.1/tests/ref/vsynth/vsynth3-v210-10
ffmpeg-8.1/tests/ref/vsynth/vsynth2-msvideo1
ffmpeg-8.1/tests/ref/vsynth/vsynth_lena-mjpeg-422
ffmpeg-8.1/tests/ref/vsynth/vsynth2-cinepak
ffmpeg-8.1/tests/ref/vsynth/vsynth2-mjpeg-444
ffmpeg-8.1/tests/ref/vsynth/vsynth2-speedhq-420p
ffmpeg-8.1/tests/ref/vsynth/vsynth2-vc2-444p12
ffmpeg-8.1/tests/ref/vsynth/vsynth2-magicyuv
ffmpeg-8.1/tests/ref/vsynth/vsynth3-mpeg4-rc
ffmpeg-8.1/tests/ref/vsynth/vsynth1-mjpeg-huffman
ffmpeg-8.1/tests/ref/vsynth/vsynth3-dnxhd-edge2-hr
ffmpeg-8.1/tests/ref/vsynth/vsynth1-jpeg2000-97
ffmpeg-8.1/tests/ref/vsynth/vsynth2-r210
ffmpeg-8.1/tests/ref/vsynth/vsynth1-dnxhd-1080i
ffmpeg-8.1/tests/ref/vsynth/vsynth2-ffvhuff422p10left
ffmpeg-8.1/tests/ref/vsynth/vsynth_lena-mpeg4-nsse
ffmpeg-8.1/tests/ref/vsynth/vsynth3-jpegls
ffmpeg-8.1/tests/ref/vsynth/vsynth_lena-ffv1-2pass10
ffmpeg-8.1/tests/ref/vsynth/vsynth_lena-vc2-420p10
ffmpeg-8.1/tests/ref/vsynth/vsynth_lena-ffv1-2pass
ffmpeg-8.1/tests/ref/vsynth/vsynth3-ffv1-v2
ffmpeg-8.1/tests/ref/vsynth/vsynth_lena-huffyuvbgra
ffmpeg-8.1/tests/ref/vsynth/vsynth2-h263p
ffmpeg-8.1/tests/ref/vsynth/vsynth1-h263
ffmpeg-8.1/tests/ref/vsynth/vsynth1-prores_444_int
ffmpeg-8.1/tests/ref/vsynth/vsynth1-vc2-thaar
ffmpeg-8.1/tests/ref/vsynth/vsynth3-ffv1-v3-rgb48
ffmpeg-8.1/tests/ref/vsynth/vsynth2-xface
ffmpeg-8.1/tests/ref/vsynth/vsynth3-prores_ks
ffmpeg-8.1/tests/ref/vsynth/vsynth_lena-mpeg4-rc
ffmpeg-8.1/tests/ref/vsynth/vsynth1-wmv1
ffmpeg-8.1/tests/ref/vsynth/vsynth1-prores_444
ffmpeg-8.1/tests/ref/vsynth/vsynth_lena-mpeg2-thread-ivlc
ffmpeg-8.1/tests/ref/vsynth/vsynth2-ffv1-v3-yuv444p16
ffmpeg-8.1/tests/ref/vsynth/vsynth2-msrle
ffmpeg-8.1/tests/ref/vsynth/vsynth3-qtrle
ffmpeg-8.1/tests/ref/vsynth/vsynth_lena-prores_ks
ffmpeg-8.1/tests/ref/vsynth/vsynth_lena-smc
ffmpeg-8.1/tests/ref/vsynth/vsynth_lena-dv-fhd
ffmpeg-8.1/tests/ref/vsynth/vsynth_lena-jpeg2000
ffmpeg-8.1/tests/ref/vsynth/vsynth1-mpeg2-ilace
ffmpeg-8.1/tests/ref/vsynth/vsynth1-prores_ks
ffmpeg-8.1/tests/ref/vsynth/vsynth1-mpeg4-nr
ffmpeg-8.1/tests/ref/vsynth/vsynth2-prores_int
ffmpeg-8.1/tests/ref/vsynth/vsynth3-mov-bpp16
ffmpeg-8.1/tests/ref/vsynth/vsynth2-mpeg4-qprd
ffmpeg-8.1/tests/ref/vsynth/vsynth1-dnxhd-4k-hr-lb
ffmpeg-8.1/tests/ref/vsynth/vsynth1-vc2-420p12
ffmpeg-8.1/tests/ref/vsynth/vsynth3-jpeg2000-yuva444p16
ffmpeg-8.1/tests/ref/vsynth/vsynth2-prores_444
ffmpeg-8.1/tests/ref/vsynth/vsynth_lena-mpeg4-thread
ffmpeg-8.1/tests/ref/vsynth/vsynth3-xface
ffmpeg-8.1/tests/ref/vsynth/vsynth1-ffv1-2pass10
ffmpeg-8.1/tests/ref/vsynth/vsynth3-bpp15
ffmpeg-8.1/tests/ref/vsynth/vsynth2-mpeg4-rc
ffmpeg-8.1/tests/ref/vsynth/vsynth_lena-dnxhd-hr-hq-mov
ffmpeg-8.1/tests/ref/vsynth/vsynth1-mpng
ffmpeg-8.1/tests/ref/vsynth/vsynth_lena-dnxhd-edge2-hr
ffmpeg-8.1/tests/ref/vsynth/vsynth1-mjpeg-444
ffmpeg-8.1/tests/ref/vsynth/vsynth1-mpeg4-nsse
ffmpeg-8.1/tests/ref/vsynth/vsynth3-ffvhuff444
ffmpeg-8.1/tests/ref/vsynth/vsynth3-dnxhd-uhd-hr-sq
ffmpeg-8.1/tests/ref/vsynth/vsynth1-qtrle
ffmpeg-8.1/tests/ref/vsynth/vsynth2-asv1
ffmpeg-8.1/tests/ref/vsynth/vsynth2-ffv1-v3-yuv422p10
ffmpeg-8.1/tests/ref/vsynth/vsynth3-mpeg1b
ffmpeg-8.1/tests/ref/vsynth/vsynth1-vc2-444p12
ffmpeg-8.1/tests/ref/vsynth/vsynth3-ljpeg
ffmpeg-8.1/tests/ref/vsynth/vsynth_lena-ffv1-v3-yuv444p16
ffmpeg-8.1/tests/ref/vsynth/vsynth1-v410
ffmpeg-8.1/tests/ref/vsynth/vsynth2-mpeg2-ivlc-qprd
ffmpeg-8.1/tests/ref/vsynth/vsynth3-dnxhd-4k-hr-lb
ffmpeg-8.1/tests/ref/vsynth/vsynth2-snow-hpel
ffmpeg-8.1/tests/ref/vsynth/vsynth1-mjpeg
ffmpeg-8.1/tests/ref/vsynth/vsynth2-v408
ffmpeg-8.1/tests/ref/vsynth/vsynth2-dnxhd-720p-10bit
ffmpeg-8.1/tests/ref/vsynth/vsynth3-ffv1-v0
ffmpeg-8.1/tests/ref/vsynth/vsynth1-y41p
ffmpeg-8.1/tests/ref/vsynth/vsynth1-vc2-t5_3
ffmpeg-8.1/tests/ref/vsynth/vsynth2-jpeg2000
ffmpeg-8.1/tests/ref/vsynth/vsynth3-ffv1-2pass
ffmpeg-8.1/tests/ref/vsynth/vsynth3-dnxhd-hr-hq-mov
ffmpeg-8.1/tests/ref/vsynth/vsynth1-dv-fhd
ffmpeg-8.1/tests/ref/vsynth/vsynth_lena-vc2-444p12
ffmpeg-8.1/tests/ref/vsynth/vsynth2-bpp15
ffmpeg-8.1/tests/ref/vsynth/vsynth_lena-dnxhd-edge1-hr
ffmpeg-8.1/tests/ref/vsynth/vsynth2-dnxhd-4k-hr-lb
ffmpeg-8.1/tests/ref/vsynth/vsynth2-amv
ffmpeg-8.1/tests/ref/vsynth/vsynth1-mov-bpp16
ffmpeg-8.1/tests/ref/vsynth/vsynth3-flashsv2
ffmpeg-8.1/tests/ref/vsynth/vsynth_lena-mjpeg-444
ffmpeg-8.1/tests/ref/vsynth/vsynth_lena-dv
ffmpeg-8.1/tests/ref/vsynth/vsynth3-v210
ffmpeg-8.1/tests/ref/vsynth/vsynth2-h261
ffmpeg-8.1/tests/ref/vsynth/vsynth3-wmv2
ffmpeg-8.1/tests/ref/vsynth/vsynth_lena-mpeg2-idct-int
ffmpeg-8.1/tests/ref/vsynth/vsynth_lena-cljr
ffmpeg-8.1/tests/ref/vsynth/vsynth2-mpeg2-ilace
ffmpeg-8.1/tests/ref/vsynth/vsynth3-mpeg4-qpel
ffmpeg-8.1/tests/ref/vsynth/vsynth_lena-v210
ffmpeg-8.1/tests/ref/vsynth/vsynth1-msmpeg4
ffmpeg-8.1/tests/ref/vsynth/vsynth_lena-vc2-420p12
ffmpeg-8.1/tests/ref/vsynth/vsynth2-ffv1-v3-rgb48
ffmpeg-8.1/tests/ref/vsynth/vsynth3-dnxhd-edge1-hr
ffmpeg-8.1/tests/ref/vsynth/vsynth_lena-mpeg1b
ffmpeg-8.1/tests/ref/vsynth/vsynth_lena-msmpeg4v2
ffmpeg-8.1/tests/ref/vsynth/vsynth3-ffvhuff422p10left
ffmpeg-8.1/tests/ref/vsynth/vsynth1-mov-bpp15
ffmpeg-8.1/tests/ref/vsynth/vsynth2-ffv1
ffmpeg-8.1/tests/ref/vsynth/vsynth2-mpeg4-error
ffmpeg-8.1/tests/ref/vsynth/vsynth2-mpeg2
ffmpeg-8.1/tests/ref/vsynth/vsynth3-bpp1
ffmpeg-8.1/tests/ref/vsynth/vsynth_lena-jpeg2000-yuva444p16
ffmpeg-8.1/tests/ref/vsynth/vsynth2-msmpeg4v2
ffmpeg-8.1/tests/ref/vsynth/vsynth2-snow
ffmpeg-8.1/tests/ref/vsynth/vsynth3-dnxhd-2k-hr-hq
ffmpeg-8.1/tests/ref/vsynth/vsynth_lena-vc2-t5_3
ffmpeg-8.1/tests/ref/vsynth/vsynth1-snow
ffmpeg-8.1/tests/ref/vsynth/vsynth1-mpeg4-thread
ffmpeg-8.1/tests/ref/vsynth/vsynth1-dv-hd
ffmpeg-8.1/tests/ref/vsynth/vsynth2-dnxhd-edge3-hr
ffmpeg-8.1/tests/ref/vsynth/vsynth1-avui
ffmpeg-8.1/tests/ref/vsynth/vsynth1-jpeg2000-yuva444p16
ffmpeg-8.1/tests/ref/vsynth/vsynth3-smc
ffmpeg-8.1/tests/ref/vsynth/vsynth2-huffyuvbgra
ffmpeg-8.1/tests/ref/vsynth/vsynth2-prores
ffmpeg-8.1/tests/ref/vsynth/vsynth1-mpeg2-thread
ffmpeg-8.1/tests/ref/vsynth/vsynth2-ljpeg
ffmpeg-8.1/tests/ref/vsynth/vsynth_lena-ffvhuff422p10left
ffmpeg-8.1/tests/ref/vsynth/vsynth2-bpp1
ffmpeg-8.1/tests/ref/vsynth/vsynth3-ffvhuff444p16
ffmpeg-8.1/tests/ref/vsynth/vsynth1-dv-50
ffmpeg-8.1/tests/ref/vsynth/vsynth2-qtrle
ffmpeg-8.1/tests/ref/vsynth/vsynth2-ffv1-v3-bgr0
ffmpeg-8.1/tests/ref/vsynth/vsynth_lena-v210-10
ffmpeg-8.1/tests/ref/vsynth/vsynth_lena-mjpeg-trell-huffman
ffmpeg-8.1/tests/ref/vsynth/vsynth1-h261-trellis
ffmpeg-8.1/tests/ref/vsynth/vsynth_lena-v308
ffmpeg-8.1/tests/ref/vsynth/vsynth2-v410
ffmpeg-8.1/tests/ref/vsynth/vsynth2-ffv1-v0
ffmpeg-8.1/tests/ref/vsynth/vsynth2-v308
ffmpeg-8.1/tests/ref/vsynth/vsynth1-vc2-422p12
ffmpeg-8.1/tests/ref/vsynth/vsynth_lena-dv-50
ffmpeg-8.1/tests/ref/vsynth/vsynth1-jpeg2000
ffmpeg-8.1/tests/ref/vsynth/vsynth_lena-h263
ffmpeg-8.1/tests/ref/vsynth/vsynth2-qtrlegray
ffmpeg-8.1/tests/ref/vsynth/vsynth_lena-cinepak
ffmpeg-8.1/tests/ref/vsynth/vsynth1-ffvhuff
ffmpeg-8.1/tests/ref/vsynth/vsynth3-msmpeg4
ffmpeg-8.1/tests/ref/vsynth/vsynth3-prores
ffmpeg-8.1/tests/ref/vsynth/vsynth_lena-ffv1-v3-yuv420p
ffmpeg-8.1/tests/ref/vsynth/vsynth_lena-jpeg2000-gbrp12
ffmpeg-8.1/tests/ref/vsynth/vsynth3-huffyuvbgr24
ffmpeg-8.1/tests/ref/vsynth/vsynth2-mov-bpp16
ffmpeg-8.1/tests/ref/vsynth/vsynth_lena-mov-bgr24
ffmpeg-8.1/tests/ref/vsynth/vsynth1-huffyuvbgr24
ffmpeg-8.1/tests/ref/vsynth/vsynth3-huffyuvbgra
ffmpeg-8.1/tests/ref/vsynth/vsynth3-dnxhd-hr-sq-mov
ffmpeg-8.1/tests/ref/vsynth/vsynth2-dnxhd-720p
ffmpeg-8.1/tests/ref/vsynth/vsynth1-v210-10
ffmpeg-8.1/tests/ref/vsynth/vsynth2-jpegls
ffmpeg-8.1/tests/ref/vsynth/vsynth_lena-rgb
ffmpeg-8.1/tests/ref/vsynth/vsynth2-mpng
ffmpeg-8.1/tests/ref/vsynth/vsynth3-v410
ffmpeg-8.1/tests/ref/vsynth/vsynth_lena-dnxhd-720p
ffmpeg-8.1/tests/ref/vsynth/vsynth3-mpeg2-ilace
ffmpeg-8.1/tests/ref/vsynth/vsynth1-dnxhd-720p-10bit
ffmpeg-8.1/tests/ref/vsynth/vsynth3-mpeg1
ffmpeg-8.1/tests/ref/vsynth/vsynth_lena-flv
ffmpeg-8.1/tests/ref/vsynth/vsynth1-mpeg4-qpel
ffmpeg-8.1/tests/ref/vsynth/vsynth2-mpeg4-adap
ffmpeg-8.1/tests/ref/vsynth/vsynth_lena-xface
ffmpeg-8.1/tests/ref/vsynth/vsynth3-dv-hd
ffmpeg-8.1/tests/ref/vsynth/vsynth_lena-speedhq-444p
ffmpeg-8.1/tests/ref/vsynth/vsynth2-speedhq-422p
ffmpeg-8.1/tests/ref/vsynth/vsynth2-speedhq-444p
ffmpeg-8.1/tests/ref/vsynth/vsynth3-ffv1-v3-yuv444p16
ffmpeg-8.1/tests/ref/vsynth/vsynth3-huffyuv
ffmpeg-8.1/tests/ref/vsynth/vsynth2-mpeg4-nsse
ffmpeg-8.1/tests/ref/vsynth/vsynth2-flashsv
ffmpeg-8.1/tests/ref/vsynth/vsynth_lena-amv
ffmpeg-8.1/tests/ref/vsynth/vsynth1-dv-411
ffmpeg-8.1/tests/ref/vsynth/vsynth2-ffv1-v3-yuv420p
ffmpeg-8.1/tests/ref/vsynth/vsynth1-v210
ffmpeg-8.1/tests/ref/vsynth/vsynth1-h263-obmc
ffmpeg-8.1/tests/ref/vsynth/vsynth_lena-mpeg2-422
ffmpeg-8.1/tests/ref/vsynth/vsynth2-vc2-422p12
ffmpeg-8.1/tests/ref/vsynth/vsynth2-jpeg2000-yuva444p16
ffmpeg-8.1/tests/ref/vsynth/vsynth1-mpeg2-idct-int
ffmpeg-8.1/tests/ref/vsynth/vsynth1-ffvhuff444p16
ffmpeg-8.1/tests/ref/vsynth/vsynth_lena-ffv1-v2
ffmpeg-8.1/tests/ref/vsynth/vsynth_lena-asv2
ffmpeg-8.1/tests/ref/vsynth/vsynth1-mjpeg-trell-huffman
ffmpeg-8.1/tests/ref/vsynth/vsynth1-dnxhd-hr-hq-mov
ffmpeg-8.1/tests/ref/vsynth/vsynth_lena-ffvhuff444p16
ffmpeg-8.1/tests/ref/vsynth/vsynth_lena-dv-hd
ffmpeg-8.1/tests/ref/vsynth/vsynth_lena-ffvhuff420p12
ffmpeg-8.1/tests/ref/vsynth/vsynth2-dnxhd-hr-sq-mov
ffmpeg-8.1/tests/ref/vsynth/vsynth2-vc2-420p10
ffmpeg-8.1/tests/ref/vsynth/vsynth2-mpeg2-thread-ivlc
ffmpeg-8.1/tests/ref/vsynth/vsynth3-prores_int
ffmpeg-8.1/tests/ref/vsynth/vsynth1-vc2-422p10
ffmpeg-8.1/tests/ref/vsynth/vsynth1-mpeg2-ivlc-qprd
ffmpeg-8.1/tests/ref/vsynth/vsynth_lena-vc2-422p10
ffmpeg-8.1/tests/ref/vsynth/vsynth1-r210
ffmpeg-8.1/tests/ref/vsynth/vsynth3-mov-bgr24
ffmpeg-8.1/tests/ref/vsynth/vsynth3-mjpeg
ffmpeg-8.1/tests/ref/vsynth/vsynth3-ffv1-v3-bgr0
ffmpeg-8.1/tests/ref/vsynth/vsynth3-msmpeg4v2
ffmpeg-8.1/tests/ref/vsynth/vsynth2-prores_444_int
ffmpeg-8.1/tests/ref/vsynth/vsynth_lena-dnxhd-uhd-hr-sq
ffmpeg-8.1/tests/ref/vsynth/vsynth1-h263p
ffmpeg-8.1/tests/ref/vsynth/vsynth2-dnxhd-1080i-colr
ffmpeg-8.1/tests/ref/vsynth/vsynth2-dnxhd-edge2-hr
ffmpeg-8.1/tests/ref/vsynth/vsynth2-cljr
ffmpeg-8.1/tests/ref/vsynth/vsynth1-ljpeg
ffmpeg-8.1/tests/ref/vsynth/vsynth2-ffv1-2pass
ffmpeg-8.1/tests/ref/vsynth/vsynth2-dv-411
ffmpeg-8.1/tests/ref/vsynth/vsynth3-mpng
ffmpeg-8.1/tests/ref/vsynth/vsynth_lena-wmv1
ffmpeg-8.1/tests/ref/vsynth/vsynth_lena-ffvhuff
ffmpeg-8.1/tests/ref/vsynth/vsynth2-h263
ffmpeg-8.1/tests/ref/vsynth/vsynth_lena-h263-obmc
ffmpeg-8.1/tests/ref/vsynth/vsynth1-rgb
ffmpeg-8.1/tests/ref/vsynth/vsynth_lena-vc2-thaar
ffmpeg-8.1/tests/ref/vsynth/vsynth2-mjpeg-422
ffmpeg-8.1/tests/ref/vsynth/vsynth_lena-mpng
ffmpeg-8.1/tests/ref/vsynth/vsynth1-dnxhd-hr-lb-mov
ffmpeg-8.1/tests/ref/vsynth/vsynth_lena-asv1
ffmpeg-8.1/tests/ref/vsynth/vsynth1-vc2-444p10
ffmpeg-8.1/tests/ref/vsynth/vsynth1-ffvhuff444
ffmpeg-8.1/tests/ref/vsynth/vsynth3-jpeg2000
ffmpeg-8.1/tests/ref/vsynth/vsynth3-ffv1-v3-yuv422p10
ffmpeg-8.1/tests/ref/vsynth/vsynth2-vc2-422p10
ffmpeg-8.1/tests/ref/vsynth/vsynth1-roqvideo
ffmpeg-8.1/tests/ref/vsynth/vsynth2-jpeg2000-97
ffmpeg-8.1/tests/ref/vsynth/vsynth3-mpeg2-thread
ffmpeg-8.1/tests/ref/vsynth/vsynth1-yuv
ffmpeg-8.1/tests/ref/vsynth/vsynth2-svq1
ffmpeg-8.1/tests/ref/vsynth/vsynth2-mpeg1
ffmpeg-8.1/tests/ref/vsynth/vsynth1-dnxhd-720p-hr-lb
ffmpeg-8.1/tests/ref/vsynth/vsynth3-rgb
ffmpeg-8.1/tests/ref/vsynth/vsynth3-yuv
ffmpeg-8.1/tests/ref/vsynth/vsynth1-dnxhd-1080i-10bit
ffmpeg-8.1/tests/ref/vsynth/vsynth3-mpeg4-nr
ffmpeg-8.1/tests/ref/vsynth/vsynth1-ffv1-v0
ffmpeg-8.1/tests/ref/vsynth/vsynth1-mpeg4-adv
ffmpeg-8.1/tests/ref/vsynth/vsynth1-flv
ffmpeg-8.1/tests/ref/vsynth/vsynth2-mpeg4-nr
ffmpeg-8.1/tests/ref/vsynth/vsynth3-mpeg4-qprd
ffmpeg-8.1/tests/ref/vsynth/vsynth2-ffv1-2pass10
ffmpeg-8.1/tests/ref/vsynth/vsynth1-flashsv2
ffmpeg-8.1/tests/ref/vsynth/vsynth3-prores_444
ffmpeg-8.1/tests/ref/vsynth/vsynth1-mpeg4-error
ffmpeg-8.1/tests/ref/vsynth/vsynth1-mpeg2
ffmpeg-8.1/tests/ref/vsynth/vsynth_lena-flashsv
ffmpeg-8.1/tests/ref/vsynth/vsynth1-asv2
ffmpeg-8.1/tests/ref/vsynth/vsynth1-mpeg1b
ffmpeg-8.1/tests/ref/vsynth/vsynth_lena-dnxhd-720p-rd
ffmpeg-8.1/tests/ref/vsynth/vsynth2-jpeg2000-gbrp12
ffmpeg-8.1/tests/ref/vsynth/vsynth1-mpeg2-thread-ivlc
ffmpeg-8.1/tests/ref/vsynth/vsynth2-dnxhd-2k-hr-hq
ffmpeg-8.1/tests/ref/vsynth/vsynth3-dnxhd-1080i-colr
ffmpeg-8.1/tests/ref/vsynth/vsynth1-smc
ffmpeg-8.1/tests/ref/vsynth/vsynth_lena-mpeg4-adap
ffmpeg-8.1/tests/ref/vsynth/vsynth3-mjpeg-trell-huffman
ffmpeg-8.1/tests/ref/vsynth/vsynth2-dnxhd-hr-hq-mov
ffmpeg-8.1/tests/ref/vsynth/vsynth2-zlib
ffmpeg-8.1/tests/ref/vsynth/vsynth_lena-speedhq-422p
ffmpeg-8.1/tests/ref/vsynth/vsynth2-mpeg2-idct-int
ffmpeg-8.1/tests/ref/vsynth/vsynth_lena-mpeg4-nr
ffmpeg-8.1/tests/ref/vsynth/vsynth3-flv
ffmpeg-8.1/tests/ref/vsynth/vsynth2-mpeg2-thread
ffmpeg-8.1/tests/ref/vsynth/vsynth2-smc
ffmpeg-8.1/tests/ref/vsynth/vsynth1-yuv4
ffmpeg-8.1/tests/ref/vsynth/vsynth_lena-dnxhd-hr-lb-mov
ffmpeg-8.1/tests/ref/vsynth/vsynth2-mpeg2-422
ffmpeg-8.1/tests/ref/vsynth/vsynth2-dnxhd-1080i-10bit
ffmpeg-8.1/tests/ref/vsynth/vsynth_lena-mov-bpp15
ffmpeg-8.1/tests/ref/vsynth/vsynth1-dnxhd-2k-hr-hq
ffmpeg-8.1/tests/ref/vsynth/vsynth3-jpeg2000-gbrp12
ffmpeg-8.1/tests/ref/vsynth/vsynth_lena-ljpeg
ffmpeg-8.1/tests/ref/vsynth/vsynth_lena-svq1
ffmpeg-8.1/tests/ref/vsynth/vsynth1-ffv1-2pass
ffmpeg-8.1/tests/ref/vsynth/vsynth2-rv20
ffmpeg-8.1/tests/ref/vsynth/vsynth2-mov-bgr24
ffmpeg-8.1/tests/ref/vsynth/vsynth1-ffv1-v2
ffmpeg-8.1/tests/ref/vsynth/vsynth3-wmv1
ffmpeg-8.1/tests/ref/vsynth/vsynth2-yuv4
ffmpeg-8.1/tests/ref/vsynth/vsynth_lena-bpp1
ffmpeg-8.1/tests/ref/vsynth/vsynth1-cinepak
ffmpeg-8.1/tests/ref/vsynth/vsynth1-mpeg1
ffmpeg-8.1/tests/ref/vsynth/vsynth3-svq1
ffmpeg-8.1/tests/ref/vsynth/vsynth_lena-snow
ffmpeg-8.1/tests/ref/vsynth/vsynth3-mpeg2-idct-int
ffmpeg-8.1/tests/ref/vsynth/vsynth1-qtrlegray
ffmpeg-8.1/tests/ref/vsynth/vsynth2-dv
ffmpeg-8.1/tests/ref/vsynth/vsynth1-huffyuvbgra
ffmpeg-8.1/tests/ref/vsynth/vsynth_lena-mjpeg
ffmpeg-8.1/tests/ref/vsynth/vsynth2-vc2-444p10
ffmpeg-8.1/tests/ref/vsynth/vsynth1-vc2-420p
ffmpeg-8.1/tests/ref/vsynth/vsynth2-dnxhd-1080i
ffmpeg-8.1/tests/ref/vsynth/vsynth2-mpeg4
ffmpeg-8.1/tests/ref/vsynth/vsynth3-mjpeg-422
ffmpeg-8.1/tests/ref/vsynth/vsynth1-mpeg4-adap
ffmpeg-8.1/tests/ref/vsynth/vsynth1-snow-ll
ffmpeg-8.1/tests/ref/vsynth/vsynth_lena-snow-hpel
ffmpeg-8.1/tests/ref/vsynth/vsynth1-speedhq-444p
ffmpeg-8.1/tests/ref/vsynth/vsynth2-dnxhd-edge1-hr
ffmpeg-8.1/tests/ref/vsynth/vsynth3-mjpeg-huffman
ffmpeg-8.1/tests/ref/vsynth/vsynth1-jpegls
ffmpeg-8.1/tests/ref/vsynth/vsynth2-vc2-t5_3
ffmpeg-8.1/tests/ref/vsynth/vsynth1-dnxhd-720p-rd
ffmpeg-8.1/tests/ref/vsynth/vsynth1-ffv1-v3-yuv422p10
ffmpeg-8.1/tests/ref/vsynth/vsynth3-mpeg4-error
ffmpeg-8.1/tests/ref/vsynth/vsynth2-wmv1
ffmpeg-8.1/tests/ref/vsynth/vsynth2-vc2-444p
ffmpeg-8.1/tests/ref/vsynth/vsynth2-vc2-420p12
ffmpeg-8.1/tests/ref/vsynth/vsynth_lena-vc2-444p
ffmpeg-8.1/tests/ref/vsynth/vsynth_lena-speedhq-420p
ffmpeg-8.1/tests/ref/vsynth/vsynth_lena-qtrlegray
ffmpeg-8.1/tests/ref/vsynth/vsynth1-rv20
ffmpeg-8.1/tests/ref/vsynth/vsynth2-flv
ffmpeg-8.1/tests/ref/vsynth/vsynth1-msmpeg4v2
ffmpeg-8.1/tests/ref/vsynth/vsynth1-xface
ffmpeg-8.1/tests/ref/vsynth/vsynth3-v308
ffmpeg-8.1/tests/ref/vsynth/vsynth2-y41p
ffmpeg-8.1/tests/ref/vsynth/vsynth3-mpeg2-422
ffmpeg-8.1/tests/ref/vsynth/vsynth3-dnxhd-1080i-10bit
ffmpeg-8.1/tests/ref/vsynth/vsynth3-cljr
ffmpeg-8.1/tests/ref/vsynth/vsynth_lena-msmpeg4
ffmpeg-8.1/tests/ref/vsynth/vsynth_lena-yuv
ffmpeg-8.1/tests/ref/vsynth/vsynth_lena-vc2-420p
ffmpeg-8.1/tests/ref/vsynth/vsynth1-h261
ffmpeg-8.1/tests/ref/vsynth/vsynth_lena-h261
ffmpeg-8.1/tests/ref/vsynth/vsynth_lena-prores_int
ffmpeg-8.1/tests/ref/vsynth/vsynth1-svq1
ffmpeg-8.1/tests/ref/vsynth/vsynth3-rpza
ffmpeg-8.1/tests/ref/vsynth/vsynth3-magicyuv
ffmpeg-8.1/tests/ref/vsynth/vsynth1-mpeg4-rc
ffmpeg-8.1/tests/ref/vsynth/vsynth2-dv-50
ffmpeg-8.1/tests/ref/vsynth/vsynth1-prores_int
ffmpeg-8.1/tests/ref/vsynth/vsynth_lena-v408
ffmpeg-8.1/tests/ref/vsynth/vsynth_lena-h263p
ffmpeg-8.1/tests/ref/vsynth/vsynth3-mpeg4-adv
ffmpeg-8.1/tests/ref/vsynth/vsynth3-asv2
ffmpeg-8.1/tests/ref/vsynth/vsynth_lena-mpeg2-ivlc-qprd
ffmpeg-8.1/tests/ref/vsynth/vsynth3-dv-fhd
ffmpeg-8.1/tests/ref/vsynth/vsynth3-zlib
ffmpeg-8.1/tests/ref/vsynth/vsynth1-asv1
ffmpeg-8.1/tests/ref/acodec/
ffmpeg-8.1/tests/ref/acodec/pcm-mulaw
ffmpeg-8.1/tests/ref/acodec/pcm-s16le_planar
ffmpeg-8.1/tests/ref/acodec/adpcm-ima_qt
ffmpeg-8.1/tests/ref/acodec/pcm-s16be
ffmpeg-8.1/tests/ref/acodec/pcm-u24le
ffmpeg-8.1/tests/ref/acodec/pcm-s32le
ffmpeg-8.1/tests/ref/acodec/alac
ffmpeg-8.1/tests/ref/acodec/adpcm-argo
ffmpeg-8.1/tests/ref/acodec/pcm-u8
ffmpeg-8.1/tests/ref/acodec/adpcm-swf-trellis
ffmpeg-8.1/tests/ref/acodec/adpcm-yamaha-trellis
ffmpeg-8.1/tests/ref/acodec/adpcm-ima_alp
ffmpeg-8.1/tests/ref/acodec/pcm-s24be
ffmpeg-8.1/tests/ref/acodec/mp2fixed
ffmpeg-8.1/tests/ref/acodec/adpcm-yamaha
ffmpeg-8.1/tests/ref/acodec/s302m
ffmpeg-8.1/tests/ref/acodec/pcm-s32le_planar
ffmpeg-8.1/tests/ref/acodec/adpcm-swf-wav
ffmpeg-8.1/tests/ref/acodec/g723_1
ffmpeg-8.1/tests/ref/acodec/pcm-f32le
ffmpeg-8.1/tests/ref/acodec/pcm-u32be
ffmpeg-8.1/tests/ref/acodec/pcm-s16be_planar
ffmpeg-8.1/tests/ref/acodec/pcm-s8
ffmpeg-8.1/tests/ref/acodec/adpcm-ima_ws
ffmpeg-8.1/tests/ref/acodec/flac
ffmpeg-8.1/tests/ref/acodec/adpcm-adx
ffmpeg-8.1/tests/ref/acodec/pcm-f64le
ffmpeg-8.1/tests/ref/acodec/pcm-s24le_planar
ffmpeg-8.1/tests/ref/acodec/adpcm-swf
ffmpeg-8.1/tests/ref/acodec/pcm-u16be
ffmpeg-8.1/tests/ref/acodec/adpcm-ms-trellis
ffmpeg-8.1/tests/ref/acodec/pcm-u24be
ffmpeg-8.1/tests/ref/acodec/pcm-s16le
ffmpeg-8.1/tests/ref/acodec/pcm-u16le
ffmpeg-8.1/tests/ref/acodec/adpcm-ima_wav-trellis
ffmpeg-8.1/tests/ref/acodec/adpcm-ms
ffmpeg-8.1/tests/ref/acodec/mp2
ffmpeg-8.1/tests/ref/acodec/pcm-u32le
ffmpeg-8.1/tests/ref/acodec/pcm-s32be
ffmpeg-8.1/tests/ref/acodec/pcm-s8_planar
ffmpeg-8.1/tests/ref/acodec/adpcm-ima_wav
ffmpeg-8.1/tests/ref/acodec/roqaudio
ffmpeg-8.1/tests/ref/acodec/adpcm-ima_ssi
ffmpeg-8.1/tests/ref/acodec/flac-exact-rice
ffmpeg-8.1/tests/ref/acodec/pcm-f64be
ffmpeg-8.1/tests/ref/acodec/adpcm-ima_apm
ffmpeg-8.1/tests/ref/acodec/pcm-alaw
ffmpeg-8.1/tests/ref/acodec/pcm-s24le
ffmpeg-8.1/tests/ref/acodec/pcm-f32be
ffmpeg-8.1/tests/ref/acodec/wavpack
ffmpeg-8.1/tests/ref/acodec/tta
ffmpeg-8.1/tests/ref/acodec/adpcm-ima_qt-trellis
ffmpeg-8.1/tests/ref/seek/
ffmpeg-8.1/tests/ref/seek/vsynth_lena-mpeg4-qpel
ffmpeg-8.1/tests/ref/seek/lavf-tga
ffmpeg-8.1/tests/ref/seek/vsynth_lena-ffv1
ffmpeg-8.1/tests/ref/seek/lavf-mxf
ffmpeg-8.1/tests/ref/seek/lavf-mmf
ffmpeg-8.1/tests/ref/seek/mkv-codec-delay
ffmpeg-8.1/tests/ref/seek/vsynth_lena-roqvideo
ffmpeg-8.1/tests/ref/seek/vsynth_lena-wmv2
ffmpeg-8.1/tests/ref/seek/acodec-adpcm-ms-trellis
ffmpeg-8.1/tests/ref/seek/vsynth_lena-mpeg4-error
ffmpeg-8.1/tests/ref/seek/lavf-mxf_opatom_audio
ffmpeg-8.1/tests/ref/seek/acodec-pcm-f32be
ffmpeg-8.1/tests/ref/seek/vsynth_lena-dnxhd-4k-hr-lb
ffmpeg-8.1/tests/ref/seek/acodec-pcm-s24le
ffmpeg-8.1/tests/ref/seek/vsynth_lena-mpeg4
ffmpeg-8.1/tests/ref/seek/lavf-asf
ffmpeg-8.1/tests/ref/seek/acodec-adpcm-ima_wav-trellis
ffmpeg-8.1/tests/ref/seek/vsynth_lena-huffyuv
ffmpeg-8.1/tests/ref/seek/vsynth_lena-snow-ll
ffmpeg-8.1/tests/ref/seek/lavf-ts
ffmpeg-8.1/tests/ref/seek/vsynth_lena-dnxhd-1080i
ffmpeg-8.1/tests/ref/seek/acodec-pcm-s32be
ffmpeg-8.1/tests/ref/seek/acodec-adpcm-swf-trellis
ffmpeg-8.1/tests/ref/seek/vsynth_lena-mpeg2-ilace
ffmpeg-8.1/tests/ref/seek/empty-edit-mp4
ffmpeg-8.1/tests/ref/seek/vsynth_lena-rv10
ffmpeg-8.1/tests/ref/seek/lavf-al
ffmpeg-8.1/tests/ref/seek/vsynth_lena-dv-411
ffmpeg-8.1/tests/ref/seek/lavf-tiff
ffmpeg-8.1/tests/ref/seek/acodec-adpcm-ima_qt
ffmpeg-8.1/tests/ref/seek/acodec-pcm-u8
ffmpeg-8.1/tests/ref/seek/vsynth_lena-mpeg4-adv
ffmpeg-8.1/tests/ref/seek/lavf-mpg
ffmpeg-8.1/tests/ref/seek/lavf-dv
ffmpeg-8.1/tests/ref/seek/acodec-pcm-f64be
ffmpeg-8.1/tests/ref/seek/cache-pipe
ffmpeg-8.1/tests/ref/seek/acodec-pcm-s16be
ffmpeg-8.1/tests/ref/seek/extra-mp4
ffmpeg-8.1/tests/ref/seek/vsynth_lena-jpegls
ffmpeg-8.1/tests/ref/seek/vsynth_lena-rv20
ffmpeg-8.1/tests/ref/seek/vsynth_lena-mpeg2-thread
ffmpeg-8.1/tests/ref/seek/lavf-rm
ffmpeg-8.1/tests/ref/seek/vsynth_lena-mpeg1
ffmpeg-8.1/tests/ref/seek/vsynth_lena-mpeg4-qprd
ffmpeg-8.1/tests/ref/seek/lavf-mxf_d10
ffmpeg-8.1/tests/ref/seek/lavf-bmp
ffmpeg-8.1/tests/ref/seek/lavf-sgi
ffmpeg-8.1/tests/ref/seek/vsynth_lena-mpeg4-nsse
ffmpeg-8.1/tests/ref/seek/acodec-pcm-s16le
ffmpeg-8.1/tests/ref/seek/lavf-ogg
ffmpeg-8.1/tests/ref/seek/vsynth_lena-mpeg4-rc
ffmpeg-8.1/tests/ref/seek/vsynth_lena-mpeg2-thread-ivlc
ffmpeg-8.1/tests/ref/seek/lavf-ppmpipe
ffmpeg-8.1/tests/ref/seek/lavf-mov
ffmpeg-8.1/tests/ref/seek/vsynth_lena-mpeg4-thread
ffmpeg-8.1/tests/ref/seek/acodec-adpcm-yamaha-trellis
ffmpeg-8.1/tests/ref/seek/lavf-pgm
ffmpeg-8.1/tests/ref/seek/lavf-au
ffmpeg-8.1/tests/ref/seek/vsynth_lena-dv
ffmpeg-8.1/tests/ref/seek/vsynth_lena-mpeg2-idct-int
ffmpeg-8.1/tests/ref/seek/acodec-adpcm-ima_qt-trellis
ffmpeg-8.1/tests/ref/seek/vsynth_lena-mpeg1b
ffmpeg-8.1/tests/ref/seek/vsynth_lena-msmpeg4v2
ffmpeg-8.1/tests/ref/seek/lavf-wtv
ffmpeg-8.1/tests/ref/seek/lavf-aiff
ffmpeg-8.1/tests/ref/seek/lavf-mxf_dvcpro50
ffmpeg-8.1/tests/ref/seek/acodec-pcm-s24be
ffmpeg-8.1/tests/ref/seek/lavf-nut
ffmpeg-8.1/tests/ref/seek/lavf-voc
ffmpeg-8.1/tests/ref/seek/lavf-mkv
ffmpeg-8.1/tests/ref/seek/vsynth_lena-dv-50
ffmpeg-8.1/tests/ref/seek/vsynth_lena-h263
ffmpeg-8.1/tests/ref/seek/lavf-pbmpipe
ffmpeg-8.1/tests/ref/seek/vsynth_lena-rgb
ffmpeg-8.1/tests/ref/seek/acodec-alac
ffmpeg-8.1/tests/ref/seek/vsynth_lena-dnxhd-720p
ffmpeg-8.1/tests/ref/seek/vsynth_lena-flv
ffmpeg-8.1/tests/ref/seek/acodec-adpcm-ima_wav
ffmpeg-8.1/tests/ref/seek/acodec-pcm-s32le
ffmpeg-8.1/tests/ref/seek/lavf-avi
ffmpeg-8.1/tests/ref/seek/vsynth_lena-mpeg2-422
ffmpeg-8.1/tests/ref/seek/acodec-pcm-f64le
ffmpeg-8.1/tests/ref/seek/vsynth_lena-asv2
ffmpeg-8.1/tests/ref/seek/lavf-ul
ffmpeg-8.1/tests/ref/seek/lavf-swf
ffmpeg-8.1/tests/ref/seek/vsynth_lena-wmv1
ffmpeg-8.1/tests/ref/seek/lavf-pgmpipe
ffmpeg-8.1/tests/ref/seek/acodec-pcm-f32le
ffmpeg-8.1/tests/ref/seek/test-iibbibb-mp4
ffmpeg-8.1/tests/ref/seek/vsynth_lena-asv1
ffmpeg-8.1/tests/ref/seek/acodec-adpcm-yamaha
ffmpeg-8.1/tests/ref/seek/vsynth_lena-flashsv
ffmpeg-8.1/tests/ref/seek/acodec-pcm-mulaw
ffmpeg-8.1/tests/ref/seek/vsynth_lena-dnxhd-720p-rd
ffmpeg-8.1/tests/ref/seek/lavf-wav
ffmpeg-8.1/tests/ref/seek/vsynth_lena-mpeg4-adap
ffmpeg-8.1/tests/ref/seek/extra-mp3
ffmpeg-8.1/tests/ref/seek/lavf-jpg
ffmpeg-8.1/tests/ref/seek/lavf-gxf
ffmpeg-8.1/tests/ref/seek/vsynth_lena-mpeg4-nr
ffmpeg-8.1/tests/ref/seek/acodec-mp2
ffmpeg-8.1/tests/ref/seek/vsynth_lena-ljpeg
ffmpeg-8.1/tests/ref/seek/lavf-y4m
ffmpeg-8.1/tests/ref/seek/vsynth_lena-svq1
ffmpeg-8.1/tests/ref/seek/lavf-mxf_opatom
ffmpeg-8.1/tests/ref/seek/acodec-pcm-s8
ffmpeg-8.1/tests/ref/seek/acodec-adpcm-swf
ffmpeg-8.1/tests/ref/seek/vsynth_lena-snow
ffmpeg-8.1/tests/ref/seek/vsynth_lena-mjpeg
ffmpeg-8.1/tests/ref/seek/lavf-gif
ffmpeg-8.1/tests/ref/seek/lavf-pcx
ffmpeg-8.1/tests/ref/seek/acodec-pcm-alaw
ffmpeg-8.1/tests/ref/seek/lavf-flv
ffmpeg-8.1/tests/ref/seek/vsynth_lena-msmpeg4
ffmpeg-8.1/tests/ref/seek/vsynth_lena-yuv
ffmpeg-8.1/tests/ref/seek/vsynth_lena-h261
ffmpeg-8.1/tests/ref/seek/lavf-mxf_dv25
ffmpeg-8.1/tests/ref/seek/test-iibbibb-neg-ctts-mp4
ffmpeg-8.1/tests/ref/seek/vsynth_lena-h263p
ffmpeg-8.1/tests/ref/seek/acodec-adpcm-ms
ffmpeg-8.1/tests/ref/seek/vsynth_lena-mpeg2-ivlc-qprd
ffmpeg-8.1/tests/ref/seek/lavf-ppm
ffmpeg-8.1/tests/ref/seek/acodec-flac
ffmpeg-8.1/tests/checkasm/
ffmpeg-8.1/tests/checkasm/vvc_mc.c
ffmpeg-8.1/tests/checkasm/vf_bwdif.c
ffmpeg-8.1/tests/checkasm/vp9dsp.c
ffmpeg-8.1/tests/checkasm/vp3dsp.c
ffmpeg-8.1/tests/checkasm/vf_convolution.c
ffmpeg-8.1/tests/checkasm/Makefile
ffmpeg-8.1/tests/checkasm/riscv/
ffmpeg-8.1/tests/checkasm/riscv/checkasm.S
ffmpeg-8.1/tests/checkasm/rv34dsp.c
ffmpeg-8.1/tests/checkasm/svq1enc.c
ffmpeg-8.1/tests/checkasm/vp6dsp.c
ffmpeg-8.1/tests/checkasm/llviddsp.c
ffmpeg-8.1/tests/checkasm/sw_xyz2rgb.c
ffmpeg-8.1/tests/checkasm/huffyuvencdsp.c
ffmpeg-8.1/tests/checkasm/sw_range_convert.c
ffmpeg-8.1/tests/checkasm/fixed_dsp.c
ffmpeg-8.1/tests/checkasm/float_dsp.c
ffmpeg-8.1/tests/checkasm/dcadsp.c
ffmpeg-8.1/tests/checkasm/v210enc.c
ffmpeg-8.1/tests/checkasm/bswapdsp.c
ffmpeg-8.1/tests/checkasm/checkasm.c
ffmpeg-8.1/tests/checkasm/llauddsp.c
ffmpeg-8.1/tests/checkasm/hevc_idct.c
ffmpeg-8.1/tests/checkasm/vf_hflip.c
ffmpeg-8.1/tests/checkasm/llvidencdsp.c
ffmpeg-8.1/tests/checkasm/huffyuvdsp.c
ffmpeg-8.1/tests/checkasm/h264dsp.c
ffmpeg-8.1/tests/checkasm/takdsp.c
ffmpeg-8.1/tests/checkasm/vf_eq.c
ffmpeg-8.1/tests/checkasm/lls.c
ffmpeg-8.1/tests/checkasm/x86/
ffmpeg-8.1/tests/checkasm/x86/checkasm.asm
ffmpeg-8.1/tests/checkasm/diracdsp.c
ffmpeg-8.1/tests/checkasm/blockdsp.c
ffmpeg-8.1/tests/checkasm/flacdsp.c
ffmpeg-8.1/tests/checkasm/hevc_dequant.c
ffmpeg-8.1/tests/checkasm/sw_scale.c
ffmpeg-8.1/tests/checkasm/sw_yuv2rgb.c
ffmpeg-8.1/tests/checkasm/vf_colordetect.c
ffmpeg-8.1/tests/checkasm/vp8dsp.c
ffmpeg-8.1/tests/checkasm/h263dsp.c
ffmpeg-8.1/tests/checkasm/vc1dsp.c
ffmpeg-8.1/tests/checkasm/aacencdsp.c
ffmpeg-8.1/tests/checkasm/fmtconvert.c
ffmpeg-8.1/tests/checkasm/alacdsp.c
ffmpeg-8.1/tests/checkasm/hevc_pel.c
ffmpeg-8.1/tests/checkasm/h264pred.c
ffmpeg-8.1/tests/checkasm/hpeldsp.c
ffmpeg-8.1/tests/checkasm/exrdsp.c
ffmpeg-8.1/tests/checkasm/vf_colorspace.c
ffmpeg-8.1/tests/checkasm/qpeldsp.c
ffmpeg-8.1/tests/checkasm/hevc_deblock.c
ffmpeg-8.1/tests/checkasm/motion.c
ffmpeg-8.1/tests/checkasm/hevc_sao.c
ffmpeg-8.1/tests/checkasm/ac3dsp.c
ffmpeg-8.1/tests/checkasm/sw_ops.c
ffmpeg-8.1/tests/checkasm/vf_blend.c
ffmpeg-8.1/tests/checkasm/vf_idet.c
ffmpeg-8.1/tests/checkasm/arm/
ffmpeg-8.1/tests/checkasm/arm/checkasm.S
ffmpeg-8.1/tests/checkasm/scene_sad.c
ffmpeg-8.1/tests/checkasm/h264chroma.c
ffmpeg-8.1/tests/checkasm/sw_gbrp.c
ffmpeg-8.1/tests/checkasm/vvc_alf.c
ffmpeg-8.1/tests/checkasm/av_tx.c
ffmpeg-8.1/tests/checkasm/vf_fspp.c
ffmpeg-8.1/tests/checkasm/jpeg2000dsp.c
ffmpeg-8.1/tests/checkasm/opusdsp.c
ffmpeg-8.1/tests/checkasm/fdctdsp.c
ffmpeg-8.1/tests/checkasm/png.c
ffmpeg-8.1/tests/checkasm/lpc.c
ffmpeg-8.1/tests/checkasm/vvc_sao.c
ffmpeg-8.1/tests/checkasm/vorbisdsp.c
ffmpeg-8.1/tests/checkasm/h264qpel.c
ffmpeg-8.1/tests/checkasm/rv40dsp.c
ffmpeg-8.1/tests/checkasm/pixblockdsp.c
ffmpeg-8.1/tests/checkasm/vf_threshold.c
ffmpeg-8.1/tests/checkasm/mpegvideo_unquantize.c
ffmpeg-8.1/tests/checkasm/vf_gblur.c
ffmpeg-8.1/tests/checkasm/synth_filter.c
ffmpeg-8.1/tests/checkasm/hevc_add_res.c
ffmpeg-8.1/tests/checkasm/af_afir.c
ffmpeg-8.1/tests/checkasm/aarch64/
ffmpeg-8.1/tests/checkasm/aarch64/checkasm.S
ffmpeg-8.1/tests/checkasm/videodsp.c
ffmpeg-8.1/tests/checkasm/mpegvideoencdsp.c
ffmpeg-8.1/tests/checkasm/idctdsp.c
ffmpeg-8.1/tests/checkasm/vf_nlmeans.c
ffmpeg-8.1/tests/checkasm/apv_dsp.c
ffmpeg-8.1/tests/checkasm/aes.c
ffmpeg-8.1/tests/checkasm/crc.c
ffmpeg-8.1/tests/checkasm/sw_yuv2yuv.c
ffmpeg-8.1/tests/checkasm/checkasm.h
ffmpeg-8.1/tests/checkasm/vf_blackdetect.c
ffmpeg-8.1/tests/checkasm/aacpsdsp.c
ffmpeg-8.1/tests/checkasm/sw_rgb.c
ffmpeg-8.1/tests/checkasm/v210dec.c
ffmpeg-8.1/tests/checkasm/g722dsp.c
ffmpeg-8.1/tests/checkasm/audiodsp.c
ffmpeg-8.1/tests/checkasm/sbrdsp.c
ffmpeg-8.1/tests/checkasm/utvideodsp.c
ffmpeg-8.1/tests/checkasm/cavsdsp.c
ffmpeg-8.1/tests/audiogen.c
ffmpeg-8.1/tests/simple2.ffconcat
ffmpeg-8.1/tests/utils.c
ffmpeg-8.1/tests/fate/
ffmpeg-8.1/tests/fate/amrnb.mak
ffmpeg-8.1/tests/fate/caf.mak
ffmpeg-8.1/tests/fate/libswresample.mak
ffmpeg-8.1/tests/fate/hap.mak
ffmpeg-8.1/tests/fate/filter-audio.mak
ffmpeg-8.1/tests/fate/probe.mak
ffmpeg-8.1/tests/fate/mxf.mak
ffmpeg-8.1/tests/fate/cbs.mak
ffmpeg-8.1/tests/fate/ogg-flac.mak
ffmpeg-8.1/tests/fate/real.mak
ffmpeg-8.1/tests/fate/vcodec.mak
ffmpeg-8.1/tests/fate/gif.mak
ffmpeg-8.1/tests/fate/segafilm.mak
ffmpeg-8.1/tests/fate/xvid.mak
ffmpeg-8.1/tests/fate/apv.mak
ffmpeg-8.1/tests/fate/vvc.mak
ffmpeg-8.1/tests/fate/lavf-image2pipe.mak
ffmpeg-8.1/tests/fate/acodec.mak
ffmpeg-8.1/tests/fate/iamf.mak
ffmpeg-8.1/tests/fate/h264.mak
ffmpeg-8.1/tests/fate/source-check.sh
ffmpeg-8.1/tests/fate/oma.mak
ffmpeg-8.1/tests/fate/bmp.mak
ffmpeg-8.1/tests/fate/id3v2.mak
ffmpeg-8.1/tests/fate/ffmpeg.mak
ffmpeg-8.1/tests/fate/fits.mak
ffmpeg-8.1/tests/fate/mpeg4.mak
ffmpeg-8.1/tests/fate/spdif.mak
ffmpeg-8.1/tests/fate/video.mak
ffmpeg-8.1/tests/fate/imf.mak
ffmpeg-8.1/tests/fate/exif.mak
ffmpeg-8.1/tests/fate/prores.mak
ffmpeg-8.1/tests/fate/hevc.mak
ffmpeg-8.1/tests/fate/concatdec.mak
ffmpeg-8.1/tests/fate/dfa.mak
ffmpeg-8.1/tests/fate/webm-dash-manifest.mak
ffmpeg-8.1/tests/fate/indeo.mak
ffmpeg-8.1/tests/fate/source.mak
ffmpeg-8.1/tests/fate/libswscale.mak
ffmpeg-8.1/tests/fate/subtitles.mak
ffmpeg-8.1/tests/fate/demux.mak
ffmpeg-8.1/tests/fate/dnxhd.mak
ffmpeg-8.1/tests/fate/mpegps.mak
ffmpeg-8.1/tests/fate/lavf-audio.mak
ffmpeg-8.1/tests/fate/ffprobe.mak
ffmpeg-8.1/tests/fate/lavf-video.mak
ffmpeg-8.1/tests/fate/audio.mak
ffmpeg-8.1/tests/fate/flvenc.mak
ffmpeg-8.1/tests/fate/jpeg2000.mak
ffmpeg-8.1/tests/fate/ac3.mak
ffmpeg-8.1/tests/fate/amrwb.mak
ffmpeg-8.1/tests/fate/segment.mak
ffmpeg-8.1/tests/fate/fifo-muxer.mak
ffmpeg-8.1/tests/fate/wma.mak
ffmpeg-8.1/tests/fate/dca.mak
ffmpeg-8.1/tests/fate/utvideo.mak
ffmpeg-8.1/tests/fate/speedhq.mak
ffmpeg-8.1/tests/fate/truehd.mak
ffmpeg-8.1/tests/fate/api.mak
ffmpeg-8.1/tests/fate/cover-art.mak
ffmpeg-8.1/tests/fate/gapless.mak
ffmpeg-8.1/tests/fate/pixlet.mak
ffmpeg-8.1/tests/fate/flac.mak
ffmpeg-8.1/tests/fate/lossless-video.mak
ffmpeg-8.1/tests/fate/monkeysaudio.mak
ffmpeg-8.1/tests/fate/pcm.mak
ffmpeg-8.1/tests/fate/atrac.mak
ffmpeg-8.1/tests/fate/ogg-opus.mak
ffmpeg-8.1/tests/fate/ea.mak
ffmpeg-8.1/tests/fate/apng.mak
ffmpeg-8.1/tests/fate/image.mak
ffmpeg-8.1/tests/fate/lossless-audio.mak
ffmpeg-8.1/tests/fate/adpcm.mak
ffmpeg-8.1/tests/fate/hw.mak
ffmpeg-8.1/tests/fate/build.mak
ffmpeg-8.1/tests/fate/dvvideo.mak
ffmpeg-8.1/tests/fate/dpcm.mak
ffmpeg-8.1/tests/fate/hlsenc.mak
ffmpeg-8.1/tests/fate/ogg-vorbis.mak
ffmpeg-8.1/tests/fate/alac.mak
ffmpeg-8.1/tests/fate/mpegts.mak
ffmpeg-8.1/tests/fate/screen.mak
ffmpeg-8.1/tests/fate/jxl.mak
ffmpeg-8.1/tests/fate/qtrle.mak
ffmpeg-8.1/tests/fate/mp3.mak
ffmpeg-8.1/tests/fate/lavf-image.mak
ffmpeg-8.1/tests/fate/libavcodec.mak
ffmpeg-8.1/tests/fate/libavutil.mak
ffmpeg-8.1/tests/fate/checkasm.mak
ffmpeg-8.1/tests/fate/qt.mak
ffmpeg-8.1/tests/fate/vpx.mak
ffmpeg-8.1/tests/fate/pixfmt.mak
ffmpeg-8.1/tests/fate/microsoft.mak
ffmpeg-8.1/tests/fate/lavf-container.mak
ffmpeg-8.1/tests/fate/mov.mak
ffmpeg-8.1/tests/fate/seek.mak
ffmpeg-8.1/tests/fate/matroska.mak
ffmpeg-8.1/tests/fate/cdxl.mak
ffmpeg-8.1/tests/fate/aac.mak
ffmpeg-8.1/tests/fate/vbn.mak
ffmpeg-8.1/tests/fate/enc_external.mak
ffmpeg-8.1/tests/fate/libavformat.mak
ffmpeg-8.1/tests/fate/vqf.mak
ffmpeg-8.1/tests/fate/opus.mak
ffmpeg-8.1/tests/fate/mpc.mak
ffmpeg-8.1/tests/fate/voice.mak
ffmpeg-8.1/tests/fate/qoa.mak
ffmpeg-8.1/tests/fate/wavpack.mak
ffmpeg-8.1/tests/fate/libavdevice.mak
ffmpeg-8.1/tests/fate/av1.mak
ffmpeg-8.1/tests/fate/als.mak
ffmpeg-8.1/tests/fate/filter-video.mak
ffmpeg-8.1/tests/fate/vorbis.mak
ffmpeg-8.1/tests/fate/canopus.mak
ffmpeg-8.1/tests/base64.c
ffmpeg-8.1/tests/filtergraphs/
ffmpeg-8.1/tests/filtergraphs/anequalizer
ffmpeg-8.1/tests/filtergraphs/iamf_9_1_6
ffmpeg-8.1/tests/filtergraphs/iamf_7_1_4
ffmpeg-8.1/tests/filtergraphs/scalenorm
ffmpeg-8.1/tests/filtergraphs/mergeplanes
ffmpeg-8.1/tests/filtergraphs/overlay_yuv420p10
ffmpeg-8.1/tests/filtergraphs/iamf_5_1_4
ffmpeg-8.1/tests/filtergraphs/concat-vfr
ffmpeg-8.1/tests/filtergraphs/overlay_yuv422
ffmpeg-8.1/tests/filtergraphs/custom_rematrix
ffmpeg-8.1/tests/filtergraphs/select-alternate
ffmpeg-8.1/tests/filtergraphs/concat
ffmpeg-8.1/tests/filtergraphs/overlay_nv12
ffmpeg-8.1/tests/filtergraphs/setpts
ffmpeg-8.1/tests/filtergraphs/colorkey
ffmpeg-8.1/tests/filtergraphs/mov-mp4-pcm
ffmpeg-8.1/tests/filtergraphs/overlay_yuv422p10
ffmpeg-8.1/tests/filtergraphs/hqdn3d
ffmpeg-8.1/tests/filtergraphs/firequalizer
ffmpeg-8.1/tests/filtergraphs/crazychannels
ffmpeg-8.1/tests/filtergraphs/iamf_ambisonic_1
ffmpeg-8.1/tests/filtergraphs/overlay_yuv420
ffmpeg-8.1/tests/filtergraphs/lavr_mix_output_zero
ffmpeg-8.1/tests/filtergraphs/scale2ref_keep_aspect
ffmpeg-8.1/tests/filtergraphs/gradfun
ffmpeg-8.1/tests/filtergraphs/alphamerge_alphaextract_rgb
ffmpeg-8.1/tests/filtergraphs/compand
ffmpeg-8.1/tests/filtergraphs/mov-channel-description
ffmpeg-8.1/tests/filtergraphs/overlay_yuv444p10
ffmpeg-8.1/tests/filtergraphs/overlay_rgb
ffmpeg-8.1/tests/filtergraphs/vstack
ffmpeg-8.1/tests/filtergraphs/channelmap_one_int
ffmpeg-8.1/tests/filtergraphs/alphamerge_alphaextract_yuv
ffmpeg-8.1/tests/filtergraphs/overlay_nv21
ffmpeg-8.1/tests/filtergraphs/channelmap_one_str
ffmpeg-8.1/tests/filtergraphs/hstack
ffmpeg-8.1/tests/filtergraphs/select-buffering
ffmpeg-8.1/tests/filtergraphs/overlay_yuv444
ffmpeg-8.1/tests/filtergraphs/overlay-dvdsub-2397
ffmpeg-8.1/tests/filtergraphs/overlay
ffmpeg-8.1/tests/tiny_psnr.c
ffmpeg-8.1/tests/api/
ffmpeg-8.1/tests/api/Makefile
ffmpeg-8.1/tests/api/api-flac-test.c
ffmpeg-8.1/tests/api/api-seek-test.c
ffmpeg-8.1/tests/api/api-band-test.c
ffmpeg-8.1/tests/api/api-threadmessage-test.c
ffmpeg-8.1/tests/api/api-h264-test.c
ffmpeg-8.1/tests/api/api-h264-slice-test.c
ffmpeg-8.1/tests/api/api-dump-stream-meta-test.c
ffmpeg-8.1/tests/streamgroups/
ffmpeg-8.1/tests/streamgroups/mix_presentation-ambisonic_1
ffmpeg-8.1/tests/streamgroups/audio_element-7_1_4
ffmpeg-8.1/tests/streamgroups/audio_element-ambisonic_1
ffmpeg-8.1/tests/streamgroups/mix_presentation-9_1_6
ffmpeg-8.1/tests/streamgroups/audio_element-7_1_4-2
ffmpeg-8.1/tests/streamgroups/audio_element-9_1_6
ffmpeg-8.1/tests/streamgroups/mix_presentation-stereo
ffmpeg-8.1/tests/streamgroups/audio_element-ambisonic_1-projection
ffmpeg-8.1/tests/streamgroups/audio_element-5_1_4
ffmpeg-8.1/tests/streamgroups/audio_element-stereo
ffmpeg-8.1/tests/streamgroups/mix_presentation-5_1_4
ffmpeg-8.1/tests/streamgroups/audio_element-9_1_6-stereo
ffmpeg-8.1/tests/streamgroups/mix_presentation-7_1_4
ffmpeg-8.1/tests/fate-valgrind.supp
ffmpeg-8.1/tests/reference.pnm
ffmpeg-8.1/tests/extended.ffconcat
ffmpeg-8.1/tests/simple1.ffconcat
ffmpeg-8.1/tests/fate.sh
ffmpeg-8.1/tests/md5.sh
ffmpeg-8.1/.forgejo/
ffmpeg-8.1/.forgejo/workflows/
ffmpeg-8.1/.forgejo/workflows/test.yml
ffmpeg-8.1/.forgejo/workflows/lint.yml
ffmpeg-8.1/.forgejo/workflows/autolabel.yml
ffmpeg-8.1/.forgejo/ISSUE_TEMPLATE.md
ffmpeg-8.1/.forgejo/pre-commit/
ffmpeg-8.1/.forgejo/pre-commit/ignored-words.txt
ffmpeg-8.1/.forgejo/pre-commit/config.yaml
ffmpeg-8.1/.forgejo/labeler/
ffmpeg-8.1/.forgejo/labeler/labeler.js
ffmpeg-8.1/.forgejo/labeler/labeler.yml
ffmpeg-8.1/.forgejo/CODEOWNERS
ffmpeg-8.1/ffbuild/
ffmpeg-8.1/ffbuild/arch.mak
ffmpeg-8.1/ffbuild/library.mak
ffmpeg-8.1/ffbuild/version.sh
ffmpeg-8.1/ffbuild/pkgconfig_generate.sh
ffmpeg-8.1/ffbuild/bin2c.c
ffmpeg-8.1/ffbuild/common.mak
ffmpeg-8.1/ffbuild/libversion.sh
ffmpeg-8.1/CREDITS
ffmpeg-8.1/presets/
ffmpeg-8.1/presets/libvpx-360p.ffpreset
ffmpeg-8.1/presets/libvpx-720p50_60.ffpreset
ffmpeg-8.1/presets/libvpx-1080p50_60.ffpreset
ffmpeg-8.1/presets/libvpx-720p.ffpreset
ffmpeg-8.1/presets/libvpx-1080p.ffpreset
ffmpeg-8.1/LICENSE.md
ffmpeg-8.1/fftools/
ffmpeg-8.1/fftools/resources/
ffmpeg-8.1/fftools/resources/Makefile
ffmpeg-8.1/fftools/resources/graph.css
ffmpeg-8.1/fftools/resources/resman.h
ffmpeg-8.1/fftools/resources/resman.c
ffmpeg-8.1/fftools/resources/graph.html
ffmpeg-8.1/fftools/ffmpeg_hw.c
ffmpeg-8.1/fftools/cmdutils.c
ffmpeg-8.1/fftools/ffmpeg_dec.c
ffmpeg-8.1/fftools/sync_queue.c
ffmpeg-8.1/fftools/thread_queue.h
ffmpeg-8.1/fftools/Makefile
ffmpeg-8.1/fftools/ffmpeg_sched.h
ffmpeg-8.1/fftools/ffmpeg_mux.c
ffmpeg-8.1/fftools/ffplay_renderer.h
ffmpeg-8.1/fftools/fopen_utf8.h
ffmpeg-8.1/fftools/fftoolsres.rc
ffmpeg-8.1/fftools/sync_queue.h
ffmpeg-8.1/fftools/graph/
ffmpeg-8.1/fftools/graph/graphprint.h
ffmpeg-8.1/fftools/graph/graphprint.c
ffmpeg-8.1/fftools/ffplay_renderer.c
ffmpeg-8.1/fftools/ffprobe.c
ffmpeg-8.1/fftools/textformat/
ffmpeg-8.1/fftools/textformat/tf_json.c
ffmpeg-8.1/fftools/textformat/tf_mermaid.c
ffmpeg-8.1/fftools/textformat/tf_default.c
ffmpeg-8.1/fftools/textformat/tw_avio.c
ffmpeg-8.1/fftools/textformat/avtextformat.h
ffmpeg-8.1/fftools/textformat/tf_mermaid.h
ffmpeg-8.1/fftools/textformat/tf_compact.c
ffmpeg-8.1/fftools/textformat/tf_internal.h
ffmpeg-8.1/fftools/textformat/tf_flat.c
ffmpeg-8.1/fftools/textformat/avtextformat.c
ffmpeg-8.1/fftools/textformat/tf_ini.c
ffmpeg-8.1/fftools/textformat/avtextwriters.h
ffmpeg-8.1/fftools/textformat/tf_xml.c
ffmpeg-8.1/fftools/textformat/tw_buffer.c
ffmpeg-8.1/fftools/textformat/tw_stdout.c
ffmpeg-8.1/fftools/ffmpeg_mux_init.c
ffmpeg-8.1/fftools/ffmpeg_opt.c
ffmpeg-8.1/fftools/ffmpeg.h
ffmpeg-8.1/fftools/ffmpeg_demux.c
ffmpeg-8.1/fftools/thread_queue.c
ffmpeg-8.1/fftools/ffmpeg.c
ffmpeg-8.1/fftools/opt_common.h
ffmpeg-8.1/fftools/ffmpeg_utils.h
ffmpeg-8.1/fftools/ffmpeg_filter.c
ffmpeg-8.1/fftools/opt_common.c
ffmpeg-8.1/fftools/ffmpeg_enc.c
ffmpeg-8.1/fftools/cmdutils.h
ffmpeg-8.1/fftools/fftools.manifest
ffmpeg-8.1/fftools/ffmpeg_mux.h
ffmpeg-8.1/fftools/ffmpeg_sched.c
ffmpeg-8.1/fftools/ffplay.c
ffmpeg-8.1/CONTRIBUTING.md
ffmpeg-8.1/README.md
patching file libavformat/avformat.h
Hunk #1 succeeded at 1178 with fuzz 2 (offset 50 lines).
patching file libavformat/demux_utils.c
Hunk #1 succeeded at 30 (offset 1 line).
ERROR: gnutls not found using pkg-config

If you think configure made a mistake, make sure you are using the latest
version from Git.  If the latest version fails, report the problem to the
ffmpeg-user@ffmpeg.org mailing list or IRC #ffmpeg on irc.libera.chat.
Include the log file "ffbuild/config.log" produced by configure as this will help
solve the problem.
