--2026-02-25 09:39:18--  https://download.gnome.org/sources/libpanel/1.10/libpanel-1.10.4.tar.xz
Resolving download.gnome.org (download.gnome.org)... 152.233.11.105, 79.127.206.234, 79.127.206.207, ...
Connecting to download.gnome.org (download.gnome.org)|152.233.11.105|:443... connected.
HTTP request sent, awaiting response... 200 OK
Length: 169424 (165K) [application/octet-stream]
Saving to: ‘libpanel-1.10.4.tar.xz’

     0K .......... .......... .......... .......... .......... 30% 3.28M 0s
    50K .......... .......... .......... .......... .......... 60% 7.07M 0s
   100K .......... .......... .......... .......... .......... 90% 12.6M 0s
   150K .......... .....                                      100% 86.8M=0.03s

2026-02-25 09:39:18 (6.26 MB/s) - ‘libpanel-1.10.4.tar.xz’ saved [169424/169424]

libpanel-1.10.4/
libpanel-1.10.4/.editorconfig
libpanel-1.10.4/.gitignore
libpanel-1.10.4/.gitlab-ci.yml
libpanel-1.10.4/AUTHORS
libpanel-1.10.4/COPYING
libpanel-1.10.4/NEWS
libpanel-1.10.4/README.md
libpanel-1.10.4/TODO.md
libpanel-1.10.4/data/
libpanel-1.10.4/data/icons/
libpanel-1.10.4/data/icons/hicolor/
libpanel-1.10.4/data/icons/hicolor/meson.build
libpanel-1.10.4/data/icons/hicolor/scalable/
libpanel-1.10.4/data/icons/hicolor/scalable/actions/
libpanel-1.10.4/data/icons/hicolor/scalable/actions/panel-bottom-symbolic.svg
libpanel-1.10.4/data/icons/hicolor/scalable/actions/panel-center-symbolic.svg
libpanel-1.10.4/data/icons/hicolor/scalable/actions/panel-left-symbolic.svg
libpanel-1.10.4/data/icons/hicolor/scalable/actions/panel-modified-symbolic.svg
libpanel-1.10.4/data/icons/hicolor/scalable/actions/panel-right-symbolic.svg
libpanel-1.10.4/data/icons/hicolor/scalable/actions/panel-top-symbolic.svg
libpanel-1.10.4/data/icons/meson.build
libpanel-1.10.4/data/meson.build
libpanel-1.10.4/demo/
libpanel-1.10.4/demo/demo-page.c
libpanel-1.10.4/demo/demo-page.h
libpanel-1.10.4/demo/demo-page.ui
libpanel-1.10.4/demo/demo-workspace.c
libpanel-1.10.4/demo/demo-workspace.h
libpanel-1.10.4/demo/demo-workspace.ui
libpanel-1.10.4/demo/demo.gresource.xml
libpanel-1.10.4/demo/main.c
libpanel-1.10.4/demo/meson.build
libpanel-1.10.4/docs/
libpanel-1.10.4/docs/images/
libpanel-1.10.4/docs/images/omni-bar-dark.png
libpanel-1.10.4/docs/images/omni-bar.png
libpanel-1.10.4/docs/images/theme-selector-dark.png
libpanel-1.10.4/docs/images/theme-selector.png
libpanel-1.10.4/docs/images/toggle-button-dark.png
libpanel-1.10.4/docs/images/toggle-button.png
libpanel-1.10.4/docs/introduction.md
libpanel-1.10.4/docs/libpanel.toml.in
libpanel-1.10.4/docs/meson.build
libpanel-1.10.4/docs/urlmap.js
libpanel-1.10.4/example/
libpanel-1.10.4/example/builder-build-symbolic.svg
libpanel-1.10.4/example/builder-unit-tests-symbolic.svg
libpanel-1.10.4/example/builder-vcs-branch-symbolic.svg
libpanel-1.10.4/example/errors-symbolic.svg
libpanel-1.10.4/example/example-page.c
libpanel-1.10.4/example/example-page.h
libpanel-1.10.4/example/example-window.c
libpanel-1.10.4/example/example-window.h
libpanel-1.10.4/example/example-window.ui
libpanel-1.10.4/example/libpanel-example.gresource.xml
libpanel-1.10.4/example/main.c
libpanel-1.10.4/example/meson.build
libpanel-1.10.4/example/style.css
libpanel-1.10.4/example/warnings-symbolic.svg
libpanel-1.10.4/libpanel.doap
libpanel-1.10.4/meson.build
libpanel-1.10.4/meson_options.txt
libpanel-1.10.4/org.gnome.libpanel.demo.json
libpanel-1.10.4/po/
libpanel-1.10.4/po/LINGUAS
libpanel-1.10.4/po/POTFILES.in
libpanel-1.10.4/po/POTFILES.skip
libpanel-1.10.4/po/ab.po
libpanel-1.10.4/po/be.po
libpanel-1.10.4/po/bg.po
libpanel-1.10.4/po/ca.po
libpanel-1.10.4/po/cs.po
libpanel-1.10.4/po/da.po
libpanel-1.10.4/po/de.po
libpanel-1.10.4/po/el.po
libpanel-1.10.4/po/en_GB.po
libpanel-1.10.4/po/eo.po
libpanel-1.10.4/po/es.po
libpanel-1.10.4/po/eu.po
libpanel-1.10.4/po/fa.po
libpanel-1.10.4/po/fi.po
libpanel-1.10.4/po/fr.po
libpanel-1.10.4/po/fur.po
libpanel-1.10.4/po/gl.po
libpanel-1.10.4/po/he.po
libpanel-1.10.4/po/hi.po
libpanel-1.10.4/po/hr.po
libpanel-1.10.4/po/hu.po
libpanel-1.10.4/po/id.po
libpanel-1.10.4/po/ie.po
libpanel-1.10.4/po/is.po
libpanel-1.10.4/po/it.po
libpanel-1.10.4/po/ka.po
libpanel-1.10.4/po/kab.po
libpanel-1.10.4/po/kk.po
libpanel-1.10.4/po/ko.po
libpanel-1.10.4/po/kw.po
libpanel-1.10.4/po/lt.po
libpanel-1.10.4/po/lv.po
libpanel-1.10.4/po/meson.build
libpanel-1.10.4/po/nb.po
libpanel-1.10.4/po/ne.po
libpanel-1.10.4/po/nl.po
libpanel-1.10.4/po/oc.po
libpanel-1.10.4/po/pa.po
libpanel-1.10.4/po/pl.po
libpanel-1.10.4/po/pt.po
libpanel-1.10.4/po/pt_BR.po
libpanel-1.10.4/po/ro.po
libpanel-1.10.4/po/ru.po
libpanel-1.10.4/po/sk.po
libpanel-1.10.4/po/sl.po
libpanel-1.10.4/po/sr.po
libpanel-1.10.4/po/sv.po
libpanel-1.10.4/po/tr.po
libpanel-1.10.4/po/ug.po
libpanel-1.10.4/po/uk.po
libpanel-1.10.4/po/zh_CN.po
libpanel-1.10.4/po/zh_TW.po
libpanel-1.10.4/src/
libpanel-1.10.4/src/gsettings-mapping.c
libpanel-1.10.4/src/gsettings-mapping.h
libpanel-1.10.4/src/libpanel.gresource.xml
libpanel-1.10.4/src/libpanel.h
libpanel-1.10.4/src/meson.build
libpanel-1.10.4/src/panel-action-group.h
libpanel-1.10.4/src/panel-action-muxer-private.h
libpanel-1.10.4/src/panel-action-muxer.c
libpanel-1.10.4/src/panel-action-muxer.h
libpanel-1.10.4/src/panel-application.c
libpanel-1.10.4/src/panel-application.h
libpanel-1.10.4/src/panel-changes-dialog.c
libpanel-1.10.4/src/panel-changes-dialog.h
libpanel-1.10.4/src/panel-changes-dialog.ui
libpanel-1.10.4/src/panel-dock-child-private.h
libpanel-1.10.4/src/panel-dock-child.c
libpanel-1.10.4/src/panel-dock-private.h
libpanel-1.10.4/src/panel-dock.c
libpanel-1.10.4/src/panel-dock.h
libpanel-1.10.4/src/panel-document-workspace.c
libpanel-1.10.4/src/panel-document-workspace.h
libpanel-1.10.4/src/panel-document-workspace.ui
libpanel-1.10.4/src/panel-drop-controls-private.h
libpanel-1.10.4/src/panel-drop-controls.c
libpanel-1.10.4/src/panel-drop-controls.ui
libpanel-1.10.4/src/panel-frame-header-bar-row-private.h
libpanel-1.10.4/src/panel-frame-header-bar-row.c
libpanel-1.10.4/src/panel-frame-header-bar-row.ui
libpanel-1.10.4/src/panel-frame-header-bar.c
libpanel-1.10.4/src/panel-frame-header-bar.h
libpanel-1.10.4/src/panel-frame-header-bar.ui
libpanel-1.10.4/src/panel-frame-header.c
libpanel-1.10.4/src/panel-frame-header.h
libpanel-1.10.4/src/panel-frame-private.h
libpanel-1.10.4/src/panel-frame-switcher-private.h
libpanel-1.10.4/src/panel-frame-switcher.c
libpanel-1.10.4/src/panel-frame-switcher.h
libpanel-1.10.4/src/panel-frame-tab-bar.c
libpanel-1.10.4/src/panel-frame-tab-bar.h
libpanel-1.10.4/src/panel-frame.c
libpanel-1.10.4/src/panel-frame.h
libpanel-1.10.4/src/panel-frame.ui
libpanel-1.10.4/src/panel-grid-column-private.h
libpanel-1.10.4/src/panel-grid-column.c
libpanel-1.10.4/src/panel-grid-column.h
libpanel-1.10.4/src/panel-grid-private.h
libpanel-1.10.4/src/panel-grid.c
libpanel-1.10.4/src/panel-grid.h
libpanel-1.10.4/src/panel-gsettings-action-group.c
libpanel-1.10.4/src/panel-gsettings-action-group.h
libpanel-1.10.4/src/panel-handle-private.h
libpanel-1.10.4/src/panel-handle.c
libpanel-1.10.4/src/panel-inhibitor-private.h
libpanel-1.10.4/src/panel-inhibitor.c
libpanel-1.10.4/src/panel-inhibitor.h
libpanel-1.10.4/src/panel-init.c
libpanel-1.10.4/src/panel-init.h
libpanel-1.10.4/src/panel-joined-menu-private.h
libpanel-1.10.4/src/panel-joined-menu.c
libpanel-1.10.4/src/panel-layered-settings.c
libpanel-1.10.4/src/panel-layered-settings.h
libpanel-1.10.4/src/panel-marshal.defs
libpanel-1.10.4/src/panel-maximized-controls-private.h
libpanel-1.10.4/src/panel-maximized-controls.c
libpanel-1.10.4/src/panel-menu-manager.c
libpanel-1.10.4/src/panel-menu-manager.h
libpanel-1.10.4/src/panel-omni-bar.c
libpanel-1.10.4/src/panel-omni-bar.h
libpanel-1.10.4/src/panel-paned.c
libpanel-1.10.4/src/panel-paned.h
libpanel-1.10.4/src/panel-position.c
libpanel-1.10.4/src/panel-position.h
libpanel-1.10.4/src/panel-progress-icon-private.h
libpanel-1.10.4/src/panel-progress-icon.c
libpanel-1.10.4/src/panel-resizer-private.h
libpanel-1.10.4/src/panel-resizer.c
libpanel-1.10.4/src/panel-save-delegate.c
libpanel-1.10.4/src/panel-save-delegate.h
libpanel-1.10.4/src/panel-save-dialog-row-private.h
libpanel-1.10.4/src/panel-save-dialog-row.c
libpanel-1.10.4/src/panel-save-dialog-row.ui
libpanel-1.10.4/src/panel-save-dialog.c
libpanel-1.10.4/src/panel-save-dialog.h
libpanel-1.10.4/src/panel-save-dialog.ui
libpanel-1.10.4/src/panel-scaler-private.h
libpanel-1.10.4/src/panel-scaler.c
libpanel-1.10.4/src/panel-session-item-private.h
libpanel-1.10.4/src/panel-session-item.c
libpanel-1.10.4/src/panel-session-item.h
libpanel-1.10.4/src/panel-session.c
libpanel-1.10.4/src/panel-session.h
libpanel-1.10.4/src/panel-settings.c
libpanel-1.10.4/src/panel-settings.h
libpanel-1.10.4/src/panel-statusbar.c
libpanel-1.10.4/src/panel-statusbar.h
libpanel-1.10.4/src/panel-theme-selector.c
libpanel-1.10.4/src/panel-theme-selector.h
libpanel-1.10.4/src/panel-theme-selector.ui
libpanel-1.10.4/src/panel-toggle-button.c
libpanel-1.10.4/src/panel-toggle-button.h
libpanel-1.10.4/src/panel-toggle-button.ui
libpanel-1.10.4/src/panel-types.h
libpanel-1.10.4/src/panel-util-private.h
libpanel-1.10.4/src/panel-version-macros.h
libpanel-1.10.4/src/panel-version.h.in
libpanel-1.10.4/src/panel-widget-private.h
libpanel-1.10.4/src/panel-widget.c
libpanel-1.10.4/src/panel-widget.h
libpanel-1.10.4/src/panel-workbench-private.h
libpanel-1.10.4/src/panel-workbench.c
libpanel-1.10.4/src/panel-workbench.h
libpanel-1.10.4/src/panel-workspace.c
libpanel-1.10.4/src/stylesheet.css
libpanel-1.10.4/subprojects/
libpanel-1.10.4/subprojects/gi-docgen.wrap
libpanel-1.10.4/subprojects/gtk.wrap
libpanel-1.10.4/subprojects/libadwaita.wrap
libpanel-1.10.4/testsuite/
libpanel-1.10.4/testsuite/meson.build
libpanel-1.10.4/testsuite/test-dock.c
libpanel-1.10.4/testsuite/test-dock.ui
libpanel-1.10.4/testsuite/test-paned.c
The Meson build system
Version: 1.10.1
Source dir: /blfs/builds/libpanel-1.10.4
Build dir: /blfs/builds/libpanel-1.10.4/build
Build type: native build
Project name: libpanel
Project version: 1.10.4
C compiler for the host machine: cc (gcc 15.2.0 "cc (GCC) 15.2.0")
C linker for the host machine: cc ld.bfd 2.45
Host machine cpu family: x86_64
Host machine cpu: x86_64
Found pkg-config: YES (/usr/bin/pkg-config) 2.5.1
Run-time dependency gio-2.0 found: YES 2.86.4
Run-time dependency gtk4 found: YES 4.20.3
Run-time dependency libadwaita-1 found: YES 1.8.4
Compiler for C supports arguments -Wcast-align: YES 
Compiler for C supports arguments -Werror=address: YES 
Compiler for C supports arguments -Werror=array-bounds: YES 
Compiler for C supports arguments -Werror=empty-body: YES 
Compiler for C supports arguments -Werror=implicit: YES 
Compiler for C supports arguments -Werror=implicit-function-declaration: YES 
Compiler for C supports arguments -Werror=init-self: YES 
Compiler for C supports arguments -Werror=int-conversion: YES 
Compiler for C supports arguments -Werror=int-to-pointer-cast: YES 
Compiler for C supports arguments -Werror=main: YES 
Compiler for C supports arguments -Werror=misleading-indentation: YES 
Compiler for C supports arguments -Werror=missing-braces: YES 
Compiler for C supports arguments -Werror=missing-include-dirs: YES 
Compiler for C supports arguments -Werror=nonnull: YES 
Compiler for C supports arguments -Werror=overflow: YES 
Compiler for C supports arguments -Werror=parenthesis: NO 
Compiler for C supports arguments -Werror=pointer-arith: YES 
Compiler for C supports arguments -Werror=pointer-to-int-cast: YES 
Compiler for C supports arguments -Werror=return-type: YES 
Compiler for C supports arguments -Werror=sequence-point: YES 
Compiler for C supports arguments -Werror=shadow: YES 
Compiler for C supports arguments -Werror=strict-prototypes: YES 
Compiler for C supports arguments -Werror=trigraphs: YES 
Compiler for C supports arguments -Werror=undef: YES 
Compiler for C supports arguments -Werror=write-strings: YES 
Compiler for C supports arguments -Wformat-nonliteral: YES 
Compiler for C supports arguments -Werror=format-security -Werror=format=2: YES 
Compiler for C supports arguments -Wignored-qualifiers: YES 
Compiler for C supports arguments -Wincompatible-pointer-types: YES 
Compiler for C supports arguments -Wimplicit-function-declaration: YES 
Compiler for C supports arguments -Wlogical-op: YES 
Compiler for C supports arguments -Wmissing-format-attribute: YES 
Compiler for C supports arguments -Wmissing-include-dirs: YES 
Compiler for C supports arguments -Wmissing-noreturn: YES 
Compiler for C supports arguments -Wnested-externs: YES 
Compiler for C supports arguments -Wno-cast-function-type: YES 
Compiler for C supports arguments -Wno-missing-field-initializers: YES 
Compiler for C supports arguments -Wno-sign-compare: YES 
Compiler for C supports arguments -Wno-unused-parameter: YES 
Compiler for C supports arguments -Wno-typedef-redefinition: NO 
Compiler for C supports arguments -Wold-style-definition: YES 
Compiler for C supports arguments -Wpointer-arith: YES 
Compiler for C supports arguments -Wstrict-prototypes: YES 
Compiler for C supports arguments -Wswitch-default: YES 
Compiler for C supports arguments -Wswitch-enum: YES 
Compiler for C supports arguments -Wundef: YES 
Compiler for C supports arguments -Wuninitialized: YES 
Compiler for C supports arguments -Wunused: YES 
Compiler for C supports arguments -fno-strict-aliasing: YES 
Compiler for C supports arguments -fstack-protector-strong: YES 
Compiler for C supports arguments -Wmissing-declarations: YES 
Compiler for C supports arguments -fvisibility=hidden: YES 
Program g-ir-scanner found: YES (/usr/bin/g-ir-scanner)
Compiler for C supports link arguments -Wl,-z,defs: YES 
Compiler for C supports link arguments -Wl,-z,now: YES 
Compiler for C supports link arguments -Wl,-z,relro: YES 
Compiler for C supports link arguments -Wl,-Bsymbolic: YES 
Compiler for C supports link arguments -fno-plt: YES 
Configuring config.h using configuration
Configuring panel-version.h using configuration
Build-time dependency glib-2.0 found: YES 2.86.4
Program /usr/bin/glib-genmarshal found: YES (/usr/bin/glib-genmarshal)
Dependency glib-2.0 found: YES 2.86.4 (cached)
Program /usr/bin/glib-mkenums found: YES (/usr/bin/glib-mkenums)
Dependency glib-2.0 found: YES 2.86.4 (cached)
Program /usr/bin/glib-mkenums found: YES (/usr/bin/glib-mkenums)
Dependency gio-2.0 found: YES 2.86.4 (cached)
Program /usr/bin/glib-compile-resources found: YES (/usr/bin/glib-compile-resources)
Found pkg-config: YES (/usr/bin/pkg-config) 2.5.1
Run-time dependency gobject-introspection-1.0 found: YES 1.86.0
Dependency gobject-introspection-1.0 found: YES 1.86.0 (cached)
Program /usr/bin/g-ir-scanner found: YES (/usr/bin/g-ir-scanner)
Dependency gobject-introspection-1.0 found: YES 1.86.0 (cached)
Program /usr/bin/g-ir-compiler found: YES (/usr/bin/g-ir-compiler)
Program vapigen found: YES (/usr/bin/vapigen)
Dependency gio-2.0 found: YES 2.86.4 (cached)
Program /usr/bin/glib-compile-resources found: YES (/usr/bin/glib-compile-resources)
Run-time dependency gtksourceview-5 found: YES 5.19.0
Dependency gio-2.0 found: YES 2.86.4 (cached)
Program /usr/bin/glib-compile-resources found: YES (/usr/bin/glib-compile-resources)
Program msgfmt found: YES (/usr/bin/msgfmt)
Program msginit found: YES (/usr/bin/msginit)
Program msgmerge found: YES (/usr/bin/msgmerge)
Program xgettext found: YES (/usr/bin/xgettext)
Build-time dependency gi-docgen found: YES 2023.3
Program gi-docgen found: YES (/usr/bin/gi-docgen)
Configuring libpanel.toml using configuration
Program gtk4-update-icon-cache found: YES (/usr/bin/gtk4-update-icon-cache)
Build targets in project: 74

libpanel 1.10.4

  User defined options
    buildtype: release
    prefix   : /usr

Found ninja-1.13.2 at /usr/bin/ninja
[1/127] Generating example/example-resources_h with a custom command
[2/127] Generating example/example-resources_c with a custom command
[3/127] Generating glib marshaller header src/panel-marshal_h
[4/127] Generating demo/panel-resources_c with a custom command
[5/127] Generating demo/panel-resources_h with a custom command
[6/127] Building translation po/ab/LC_MESSAGES/libpanel-ab.mo
[7/127] Building translation po/be/LC_MESSAGES/libpanel-be.mo
[8/127] Building translation po/bg/LC_MESSAGES/libpanel-bg.mo
[9/127] Building translation po/ca/LC_MESSAGES/libpanel-ca.mo
[10/127] Building translation po/da/LC_MESSAGES/libpanel-da.mo
[11/127] Building translation po/el/LC_MESSAGES/libpanel-el.mo
[12/127] Building translation po/en_GB/LC_MESSAGES/libpanel-en_GB.mo
[13/127] Building translation po/cs/LC_MESSAGES/libpanel-cs.mo
[14/127] Building translation po/de/LC_MESSAGES/libpanel-de.mo
[15/127] Building translation po/fa/LC_MESSAGES/libpanel-fa.mo
[16/127] Building translation po/fi/LC_MESSAGES/libpanel-fi.mo
[17/127] Building translation po/fr/LC_MESSAGES/libpanel-fr.mo
[18/127] Building translation po/eo/LC_MESSAGES/libpanel-eo.mo
[19/127] Building translation po/eu/LC_MESSAGES/libpanel-eu.mo
[20/127] Building translation po/es/LC_MESSAGES/libpanel-es.mo
[21/127] Building translation po/fur/LC_MESSAGES/libpanel-fur.mo
[22/127] Building translation po/gl/LC_MESSAGES/libpanel-gl.mo
[23/127] Building translation po/hi/LC_MESSAGES/libpanel-hi.mo
[24/127] Building translation po/hr/LC_MESSAGES/libpanel-hr.mo
[25/127] Building translation po/he/LC_MESSAGES/libpanel-he.mo
[26/127] Building translation po/id/LC_MESSAGES/libpanel-id.mo
[27/127] Building translation po/hu/LC_MESSAGES/libpanel-hu.mo
[28/127] Generating src/panel-resources_c with a custom command
[29/127] Building translation po/ie/LC_MESSAGES/libpanel-ie.mo
[30/127] Building translation po/is/LC_MESSAGES/libpanel-is.mo
[31/127] Building translation po/it/LC_MESSAGES/libpanel-it.mo
[32/127] Building translation po/ka/LC_MESSAGES/libpanel-ka.mo
[33/127] Building translation po/kk/LC_MESSAGES/libpanel-kk.mo
[34/127] Building translation po/ko/LC_MESSAGES/libpanel-ko.mo
[35/127] Building translation po/lt/LC_MESSAGES/libpanel-lt.mo
[36/127] Building translation po/kab/LC_MESSAGES/libpanel-kab.mo
[37/127] Building translation po/kw/LC_MESSAGES/libpanel-kw.mo
[38/127] Building translation po/lv/LC_MESSAGES/libpanel-lv.mo
[39/127] Generating src/panel-resources_h with a custom command
[40/127] Building translation po/ne/LC_MESSAGES/libpanel-ne.mo
[41/127] Building translation po/pl/LC_MESSAGES/libpanel-pl.mo
[42/127] Building translation po/nl/LC_MESSAGES/libpanel-nl.mo
[43/127] Building translation po/oc/LC_MESSAGES/libpanel-oc.mo
[44/127] Building translation po/nb/LC_MESSAGES/libpanel-nb.mo
[45/127] Building translation po/pa/LC_MESSAGES/libpanel-pa.mo
[46/127] Building translation po/pt/LC_MESSAGES/libpanel-pt.mo
[47/127] Building translation po/pt_BR/LC_MESSAGES/libpanel-pt_BR.mo
[48/127] Building translation po/ro/LC_MESSAGES/libpanel-ro.mo
[49/127] Building translation po/sk/LC_MESSAGES/libpanel-sk.mo
[50/127] Building translation po/sl/LC_MESSAGES/libpanel-sl.mo
[51/127] Building translation po/ru/LC_MESSAGES/libpanel-ru.mo
[52/127] Building translation po/sr/LC_MESSAGES/libpanel-sr.mo
[53/127] Building translation po/ug/LC_MESSAGES/libpanel-ug.mo
[54/127] Building translation po/sv/LC_MESSAGES/libpanel-sv.mo
[55/127] Building translation po/tr/LC_MESSAGES/libpanel-tr.mo
[56/127] Building translation po/uk/LC_MESSAGES/libpanel-uk.mo
[57/127] Building translation po/zh_CN/LC_MESSAGES/libpanel-zh_CN.mo
[58/127] Building translation po/zh_TW/LC_MESSAGES/libpanel-zh_TW.mo
[59/127] Generating glib marshaller source src/panel-marshal_c
[60/127] Generating GObject enum file src/panel-enums.h (wrapped by meson because command contains newlines, to capture output)
[61/127] Generating GObject enum file src/panel-enums.c (wrapped by meson because command contains newlines, to capture output)
[62/127] Compiling C object src/libpanel-static-1.a.p/meson-generated_.._panel-enums.c.o
[63/127] Compiling C object src/libpanel-static-1.a.p/meson-generated_.._panel-marshal.c.o
[64/127] Compiling C object src/libpanel-static-1.a.p/meson-generated_.._panel-resources.c.o
[65/127] Compiling C object src/libpanel-static-1.a.p/gsettings-mapping.c.o
[66/127] Compiling C object src/libpanel-static-1.a.p/panel-joined-menu.c.o
[67/127] Compiling C object src/libpanel-static-1.a.p/panel-maximized-controls.c.o
[68/127] Compiling C object src/libpanel-static-1.a.p/panel-scaler.c.o
[69/127] Compiling C object src/libpanel-static-1.a.p/panel-handle.c.o
[70/127] Compiling C object src/libpanel-static-1.a.p/panel-progress-icon.c.o
[71/127] Compiling C object src/libpanel-static-1.a.p/panel-application.c.o
[72/127] Compiling C object src/libpanel-static-1.a.p/panel-frame-header-bar-row.c.o
[73/127] Compiling C object src/libpanel-static-1.a.p/panel-action-muxer.c.o
[74/127] Compiling C object src/libpanel-static-1.a.p/panel-drop-controls.c.o
[75/127] Compiling C object src/libpanel-static-1.a.p/panel-save-dialog-row.c.o
[76/127] Compiling C object src/libpanel-static-1.a.p/panel-resizer.c.o
[77/127] Compiling C object src/libpanel-static-1.a.p/panel-changes-dialog.c.o
[78/127] Compiling C object src/libpanel-static-1.a.p/panel-dock-child.c.o
[79/127] Compiling C object src/libpanel-static-1.a.p/panel-document-workspace.c.o
[80/127] Compiling C object src/libpanel-static-1.a.p/panel-dock.c.o
[81/127] Compiling C object src/libpanel-static-1.a.p/panel-gsettings-action-group.c.o
[82/127] Compiling C object src/libpanel-static-1.a.p/panel-grid-column.c.o
[83/127] Compiling C object src/libpanel-static-1.a.p/panel-inhibitor.c.o
[84/127] Compiling C object src/libpanel-static-1.a.p/panel-frame-header.c.o
[85/127] Compiling C object src/libpanel-static-1.a.p/panel-frame-header-bar.c.o
[86/127] Compiling C object src/libpanel-static-1.a.p/panel-omni-bar.c.o
[87/127] Compiling C object src/libpanel-static-1.a.p/panel-paned.c.o
[88/127] Compiling C object src/libpanel-static-1.a.p/panel-frame-switcher.c.o
[89/127] Compiling C object src/libpanel-static-1.a.p/panel-frame-tab-bar.c.o
[90/127] Compiling C object src/libpanel-static-1.a.p/panel-init.c.o
[91/127] Compiling C object src/libpanel-static-1.a.p/panel-layered-settings.c.o
[92/127] Compiling C object src/libpanel-static-1.a.p/panel-save-dialog.c.o
[93/127] Compiling C object src/libpanel-static-1.a.p/panel-menu-manager.c.o
[94/127] Compiling C object src/libpanel-static-1.a.p/panel-frame.c.o
[95/127] Compiling C object src/libpanel-static-1.a.p/panel-position.c.o
[96/127] Compiling C object src/libpanel-static-1.a.p/panel-session.c.o
[97/127] Compiling C object src/libpanel-static-1.a.p/panel-session-item.c.o
[98/127] Compiling C object example/libpanel-example.p/meson-generated_.._example-resources.c.o
[99/127] Compiling C object src/libpanel-static-1.a.p/panel-grid.c.o
[100/127] Compiling C object demo/libpanel-demo.p/meson-generated_.._panel-resources.c.o
[101/127] Compiling C object src/libpanel-static-1.a.p/panel-save-delegate.c.o
[102/127] Compiling C object src/libpanel-static-1.a.p/panel-settings.c.o
[103/127] Compiling C object src/libpanel-static-1.a.p/panel-theme-selector.c.o
[104/127] Compiling C object src/libpanel-static-1.a.p/panel-statusbar.c.o
[105/127] Compiling C object example/libpanel-example.p/main.c.o
[106/127] Compiling C object example/libpanel-example.p/example-window.c.o
[107/127] Compiling C object src/libpanel-static-1.a.p/panel-workbench.c.o
[108/127] Compiling C object src/libpanel-static-1.a.p/panel-toggle-button.c.o
[109/127] Compiling C object src/libpanel-static-1.a.p/panel-workspace.c.o
[110/127] Compiling C object src/libpanel-static-1.a.p/panel-widget.c.o
[111/127] Compiling C object demo/libpanel-demo.p/demo-workspace.c.o
[112/127] Linking static target src/libpanel-static-1.a
[113/127] Compiling C object demo/libpanel-demo.p/demo-page.c.o
[114/127] Compiling C object demo/libpanel-demo.p/main.c.o
[115/127] Linking target src/libpanel-1.so.1.0.0
[116/127] Compiling C object example/libpanel-example.p/example-page.c.o
[117/127] Compiling C object testsuite/test-dock.p/test-dock.c.o
[118/127] Compiling C object testsuite/test-paned.p/test-paned.c.o
[119/127] Generating symbol file src/libpanel-1.so.1.0.0.p/libpanel-1.so.1.0.0.symbols
[120/127] Linking target example/libpanel-example
[121/127] Linking target demo/libpanel-demo
[122/127] Linking target testsuite/test-dock
[123/127] Linking target testsuite/test-paned
[124/127] Generating src/Panel-1.gir with a custom command (wrapped by meson to set env)
libhogweed.so.6: cannot open shared object file: No such file or directory
Failed to load module: /usr/lib/gio/modules/libgiognutls.so
[125/127] Generating src/libpanel-1.vapi with a custom command
[126/127] Generating src/Panel-1.typelib with a custom command
libhogweed.so.6: cannot open shared object file: No such file or directory
Failed to load module: /usr/lib/gio/modules/libgiognutls.so
[127/127] Generating docs/panel-doc with a custom command
[0/1] Installing files
Installing subdir /blfs/builds/libpanel-1.10.4/data/icons/hicolor/scalable to /pkgs/libpanel/usr/share/icons/hicolor/scalable
Installing /blfs/builds/libpanel-1.10.4/data/icons/hicolor/scalable/actions/panel-bottom-symbolic.svg to /pkgs/libpanel/usr/share/icons/hicolor/scalable/actions
Installing /blfs/builds/libpanel-1.10.4/data/icons/hicolor/scalable/actions/panel-left-symbolic.svg to /pkgs/libpanel/usr/share/icons/hicolor/scalable/actions
Installing /blfs/builds/libpanel-1.10.4/data/icons/hicolor/scalable/actions/panel-modified-symbolic.svg to /pkgs/libpanel/usr/share/icons/hicolor/scalable/actions
Installing /blfs/builds/libpanel-1.10.4/data/icons/hicolor/scalable/actions/panel-right-symbolic.svg to /pkgs/libpanel/usr/share/icons/hicolor/scalable/actions
Installing /blfs/builds/libpanel-1.10.4/data/icons/hicolor/scalable/actions/panel-center-symbolic.svg to /pkgs/libpanel/usr/share/icons/hicolor/scalable/actions
Installing /blfs/builds/libpanel-1.10.4/data/icons/hicolor/scalable/actions/panel-top-symbolic.svg to /pkgs/libpanel/usr/share/icons/hicolor/scalable/actions
Installing src/panel-enums.h to /pkgs/libpanel/usr/include/libpanel-1
Installing src/libpanel-1.so.1.0.0 to /pkgs/libpanel/usr/lib
Installing src/Panel-1.gir to /pkgs/libpanel/usr/share/gir-1.0
Installing src/Panel-1.typelib to /pkgs/libpanel/usr/lib/girepository-1.0
Installing src/libpanel-1.vapi to /pkgs/libpanel/usr/share/vala/vapi
Installing po/ab/LC_MESSAGES/libpanel.mo to /pkgs/libpanel/usr/share/locale/ab/LC_MESSAGES
Installing po/be/LC_MESSAGES/libpanel.mo to /pkgs/libpanel/usr/share/locale/be/LC_MESSAGES
Installing po/bg/LC_MESSAGES/libpanel.mo to /pkgs/libpanel/usr/share/locale/bg/LC_MESSAGES
Installing po/ca/LC_MESSAGES/libpanel.mo to /pkgs/libpanel/usr/share/locale/ca/LC_MESSAGES
Installing po/cs/LC_MESSAGES/libpanel.mo to /pkgs/libpanel/usr/share/locale/cs/LC_MESSAGES
Installing po/da/LC_MESSAGES/libpanel.mo to /pkgs/libpanel/usr/share/locale/da/LC_MESSAGES
Installing po/de/LC_MESSAGES/libpanel.mo to /pkgs/libpanel/usr/share/locale/de/LC_MESSAGES
Installing po/el/LC_MESSAGES/libpanel.mo to /pkgs/libpanel/usr/share/locale/el/LC_MESSAGES
Installing po/en_GB/LC_MESSAGES/libpanel.mo to /pkgs/libpanel/usr/share/locale/en_GB/LC_MESSAGES
Installing po/eo/LC_MESSAGES/libpanel.mo to /pkgs/libpanel/usr/share/locale/eo/LC_MESSAGES
Installing po/eu/LC_MESSAGES/libpanel.mo to /pkgs/libpanel/usr/share/locale/eu/LC_MESSAGES
Installing po/es/LC_MESSAGES/libpanel.mo to /pkgs/libpanel/usr/share/locale/es/LC_MESSAGES
Installing po/fa/LC_MESSAGES/libpanel.mo to /pkgs/libpanel/usr/share/locale/fa/LC_MESSAGES
Installing po/fi/LC_MESSAGES/libpanel.mo to /pkgs/libpanel/usr/share/locale/fi/LC_MESSAGES
Installing po/fr/LC_MESSAGES/libpanel.mo to /pkgs/libpanel/usr/share/locale/fr/LC_MESSAGES
Installing po/fur/LC_MESSAGES/libpanel.mo to /pkgs/libpanel/usr/share/locale/fur/LC_MESSAGES
Installing po/gl/LC_MESSAGES/libpanel.mo to /pkgs/libpanel/usr/share/locale/gl/LC_MESSAGES
Installing po/he/LC_MESSAGES/libpanel.mo to /pkgs/libpanel/usr/share/locale/he/LC_MESSAGES
Installing po/hi/LC_MESSAGES/libpanel.mo to /pkgs/libpanel/usr/share/locale/hi/LC_MESSAGES
Installing po/hr/LC_MESSAGES/libpanel.mo to /pkgs/libpanel/usr/share/locale/hr/LC_MESSAGES
Installing po/hu/LC_MESSAGES/libpanel.mo to /pkgs/libpanel/usr/share/locale/hu/LC_MESSAGES
Installing po/id/LC_MESSAGES/libpanel.mo to /pkgs/libpanel/usr/share/locale/id/LC_MESSAGES
Installing po/ie/LC_MESSAGES/libpanel.mo to /pkgs/libpanel/usr/share/locale/ie/LC_MESSAGES
Installing po/is/LC_MESSAGES/libpanel.mo to /pkgs/libpanel/usr/share/locale/is/LC_MESSAGES
Installing po/it/LC_MESSAGES/libpanel.mo to /pkgs/libpanel/usr/share/locale/it/LC_MESSAGES
Installing po/ka/LC_MESSAGES/libpanel.mo to /pkgs/libpanel/usr/share/locale/ka/LC_MESSAGES
Installing po/kab/LC_MESSAGES/libpanel.mo to /pkgs/libpanel/usr/share/locale/kab/LC_MESSAGES
Installing po/kk/LC_MESSAGES/libpanel.mo to /pkgs/libpanel/usr/share/locale/kk/LC_MESSAGES
Installing po/ko/LC_MESSAGES/libpanel.mo to /pkgs/libpanel/usr/share/locale/ko/LC_MESSAGES
Installing po/kw/LC_MESSAGES/libpanel.mo to /pkgs/libpanel/usr/share/locale/kw/LC_MESSAGES
Installing po/lt/LC_MESSAGES/libpanel.mo to /pkgs/libpanel/usr/share/locale/lt/LC_MESSAGES
Installing po/lv/LC_MESSAGES/libpanel.mo to /pkgs/libpanel/usr/share/locale/lv/LC_MESSAGES
Installing po/nb/LC_MESSAGES/libpanel.mo to /pkgs/libpanel/usr/share/locale/nb/LC_MESSAGES
Installing po/ne/LC_MESSAGES/libpanel.mo to /pkgs/libpanel/usr/share/locale/ne/LC_MESSAGES
Installing po/nl/LC_MESSAGES/libpanel.mo to /pkgs/libpanel/usr/share/locale/nl/LC_MESSAGES
Installing po/oc/LC_MESSAGES/libpanel.mo to /pkgs/libpanel/usr/share/locale/oc/LC_MESSAGES
Installing po/pa/LC_MESSAGES/libpanel.mo to /pkgs/libpanel/usr/share/locale/pa/LC_MESSAGES
Installing po/pl/LC_MESSAGES/libpanel.mo to /pkgs/libpanel/usr/share/locale/pl/LC_MESSAGES
Installing po/pt/LC_MESSAGES/libpanel.mo to /pkgs/libpanel/usr/share/locale/pt/LC_MESSAGES
Installing po/pt_BR/LC_MESSAGES/libpanel.mo to /pkgs/libpanel/usr/share/locale/pt_BR/LC_MESSAGES
Installing po/ro/LC_MESSAGES/libpanel.mo to /pkgs/libpanel/usr/share/locale/ro/LC_MESSAGES
Installing po/ru/LC_MESSAGES/libpanel.mo to /pkgs/libpanel/usr/share/locale/ru/LC_MESSAGES
Installing po/sk/LC_MESSAGES/libpanel.mo to /pkgs/libpanel/usr/share/locale/sk/LC_MESSAGES
Installing po/sl/LC_MESSAGES/libpanel.mo to /pkgs/libpanel/usr/share/locale/sl/LC_MESSAGES
Installing po/sr/LC_MESSAGES/libpanel.mo to /pkgs/libpanel/usr/share/locale/sr/LC_MESSAGES
Installing po/sv/LC_MESSAGES/libpanel.mo to /pkgs/libpanel/usr/share/locale/sv/LC_MESSAGES
Installing po/tr/LC_MESSAGES/libpanel.mo to /pkgs/libpanel/usr/share/locale/tr/LC_MESSAGES
Installing po/ug/LC_MESSAGES/libpanel.mo to /pkgs/libpanel/usr/share/locale/ug/LC_MESSAGES
Installing po/uk/LC_MESSAGES/libpanel.mo to /pkgs/libpanel/usr/share/locale/uk/LC_MESSAGES
Installing po/zh_CN/LC_MESSAGES/libpanel.mo to /pkgs/libpanel/usr/share/locale/zh_CN/LC_MESSAGES
Installing po/zh_TW/LC_MESSAGES/libpanel.mo to /pkgs/libpanel/usr/share/locale/zh_TW/LC_MESSAGES
Installing /blfs/builds/libpanel-1.10.4/build/docs/panel-1.0/method.LayeredSettings.get_int.html to /pkgs/libpanel/usr/share/doc/panel-1.0
Installing /blfs/builds/libpanel-1.10.4/build/docs/panel-1.0/method.LayeredSettings.set_double.html to /pkgs/libpanel/usr/share/doc/panel-1.0
Installing /blfs/builds/libpanel-1.10.4/build/docs/panel-1.0/method.LayeredSettings.bind_with_mapping.html to /pkgs/libpanel/usr/share/doc/panel-1.0
Installing /blfs/builds/libpanel-1.10.4/build/docs/panel-1.0/go-up-symbolic.png to /pkgs/libpanel/usr/share/doc/panel-1.0
Installing /blfs/builds/libpanel-1.10.4/build/docs/panel-1.0/method.Widget.set_needs_attention.html to /pkgs/libpanel/usr/share/doc/panel-1.0
Installing /blfs/builds/libpanel-1.10.4/build/docs/panel-1.0/vfunc.Frame.page_closed.html to /pkgs/libpanel/usr/share/doc/panel-1.0
Installing /blfs/builds/libpanel-1.10.4/build/docs/panel-1.0/method.Position.is_indeterminate.html to /pkgs/libpanel/usr/share/doc/panel-1.0
Installing /blfs/builds/libpanel-1.10.4/build/docs/panel-1.0/method.Session.lookup_by_id.html to /pkgs/libpanel/usr/share/doc/panel-1.0
Installing /blfs/builds/libpanel-1.10.4/build/docs/panel-1.0/method.SaveDelegate.set_title.html to /pkgs/libpanel/usr/share/doc/panel-1.0
Installing /blfs/builds/libpanel-1.10.4/build/docs/panel-1.0/method.Position.get_row.html to /pkgs/libpanel/usr/share/doc/panel-1.0
Installing /blfs/builds/libpanel-1.10.4/build/docs/panel-1.0/func.marshal_BOOLEAN__OBJECT_OBJECTv.html to /pkgs/libpanel/usr/share/doc/panel-1.0
Installing /blfs/builds/libpanel-1.10.4/build/docs/panel-1.0/property.LayeredSettings.schema-id.html to /pkgs/libpanel/usr/share/doc/panel-1.0
Installing /blfs/builds/libpanel-1.10.4/build/docs/panel-1.0/method.GridColumn.get_most_recent_frame.html to /pkgs/libpanel/usr/share/doc/panel-1.0
Installing /blfs/builds/libpanel-1.10.4/build/docs/panel-1.0/property.Frame.placeholder.html to /pkgs/libpanel/usr/share/doc/panel-1.0
Installing /blfs/builds/libpanel-1.10.4/build/docs/panel-1.0/method.Session.remove.html to /pkgs/libpanel/usr/share/doc/panel-1.0
Installing /blfs/builds/libpanel-1.10.4/build/docs/panel-1.0/method.LayeredSettings.get_default_value.html to /pkgs/libpanel/usr/share/doc/panel-1.0
Installing /blfs/builds/libpanel-1.10.4/build/docs/panel-1.0/enum.Area.html to /pkgs/libpanel/usr/share/doc/panel-1.0
Installing /blfs/builds/libpanel-1.10.4/build/docs/panel-1.0/RedHatDisplay-BlackItalic.woff to /pkgs/libpanel/usr/share/doc/panel-1.0
Installing /blfs/builds/libpanel-1.10.4/build/docs/panel-1.0/RedHatDisplay-Regular.woff2 to /pkgs/libpanel/usr/share/doc/panel-1.0
Installing /blfs/builds/libpanel-1.10.4/build/docs/panel-1.0/property.Widget.busy.html to /pkgs/libpanel/usr/share/doc/panel-1.0
Installing /blfs/builds/libpanel-1.10.4/build/docs/panel-1.0/method.OmniBar.start_pulsing.html to /pkgs/libpanel/usr/share/doc/panel-1.0
Installing /blfs/builds/libpanel-1.10.4/build/docs/panel-1.0/method.Settings.get_int.html to /pkgs/libpanel/usr/share/doc/panel-1.0
Installing /blfs/builds/libpanel-1.10.4/build/docs/panel-1.0/method.Settings.set_double.html to /pkgs/libpanel/usr/share/doc/panel-1.0
Installing /blfs/builds/libpanel-1.10.4/build/docs/panel-1.0/property.Dock.bottom-height.html to /pkgs/libpanel/usr/share/doc/panel-1.0
Installing /blfs/builds/libpanel-1.10.4/build/docs/panel-1.0/method.Workspace.get_id.html to /pkgs/libpanel/usr/share/doc/panel-1.0
Installing /blfs/builds/libpanel-1.10.4/build/docs/panel-1.0/method.Widget.get_title.html to /pkgs/libpanel/usr/share/doc/panel-1.0
Installing /blfs/builds/libpanel-1.10.4/build/docs/panel-1.0/class_method.Widget.install_property_action.html to /pkgs/libpanel/usr/share/doc/panel-1.0
Installing /blfs/builds/libpanel-1.10.4/build/docs/panel-1.0/vfunc.Workbench.unload_finish.html to /pkgs/libpanel/usr/share/doc/panel-1.0
Installing /blfs/builds/libpanel-1.10.4/build/docs/panel-1.0/type_func.GSettingsActionGroup.new.html to /pkgs/libpanel/usr/share/doc/panel-1.0
Installing /blfs/builds/libpanel-1.10.4/build/docs/panel-1.0/method.Statusbar.remove.html to /pkgs/libpanel/usr/share/doc/panel-1.0
Installing /blfs/builds/libpanel-1.10.4/build/docs/panel-1.0/method.Widget.action_set_enabled.html to /pkgs/libpanel/usr/share/doc/panel-1.0
Installing /blfs/builds/libpanel-1.10.4/build/docs/panel-1.0/SourceCodePro-Regular.ttf.woff to /pkgs/libpanel/usr/share/doc/panel-1.0
Installing /blfs/builds/libpanel-1.10.4/build/docs/panel-1.0/method.SaveDelegate.get_is_draft.html to /pkgs/libpanel/usr/share/doc/panel-1.0
Installing /blfs/builds/libpanel-1.10.4/build/docs/panel-1.0/method.Workbench.action_set_enabled.html to /pkgs/libpanel/usr/share/doc/panel-1.0
Installing /blfs/builds/libpanel-1.10.4/build/docs/panel-1.0/signal.DocumentWorkspace.add-widget.html to /pkgs/libpanel/usr/share/doc/panel-1.0
Installing /blfs/builds/libpanel-1.10.4/build/docs/panel-1.0/property.SaveDelegate.is-draft.html to /pkgs/libpanel/usr/share/doc/panel-1.0
Installing /blfs/builds/libpanel-1.10.4/build/docs/panel-1.0/RedHatDisplay-Bold.woff2 to /pkgs/libpanel/usr/share/doc/panel-1.0
Installing /blfs/builds/libpanel-1.10.4/build/docs/panel-1.0/method.Frame.get_empty.html to /pkgs/libpanel/usr/share/doc/panel-1.0
Installing /blfs/builds/libpanel-1.10.4/build/docs/panel-1.0/method.ChangesDialog.run_finish.html to /pkgs/libpanel/usr/share/doc/panel-1.0
Installing /blfs/builds/libpanel-1.10.4/build/docs/panel-1.0/method.Grid.agree_to_close_finish.html to /pkgs/libpanel/usr/share/doc/panel-1.0
Installing /blfs/builds/libpanel-1.10.4/build/docs/panel-1.0/method.Paned.insert.html to /pkgs/libpanel/usr/share/doc/panel-1.0
Installing /blfs/builds/libpanel-1.10.4/build/docs/panel-1.0/signal.DocumentWorkspace.create-frame.html to /pkgs/libpanel/usr/share/doc/panel-1.0
Installing /blfs/builds/libpanel-1.10.4/build/docs/panel-1.0/property.Dock.top-height.html to /pkgs/libpanel/usr/share/doc/panel-1.0
Installing /blfs/builds/libpanel-1.10.4/build/docs/panel-1.0/method.SaveDelegate.save_finish.html to /pkgs/libpanel/usr/share/doc/panel-1.0
Installing /blfs/builds/libpanel-1.10.4/build/docs/panel-1.0/method.Workspace.action_set_enabled.html to /pkgs/libpanel/usr/share/doc/panel-1.0
Installing /blfs/builds/libpanel-1.10.4/build/docs/panel-1.0/class.Workspace.html to /pkgs/libpanel/usr/share/doc/panel-1.0
Installing /blfs/builds/libpanel-1.10.4/build/docs/panel-1.0/RedHatDisplay-Medium.woff to /pkgs/libpanel/usr/share/doc/panel-1.0
Installing /blfs/builds/libpanel-1.10.4/build/docs/panel-1.0/solarized-light.css to /pkgs/libpanel/usr/share/doc/panel-1.0
Installing /blfs/builds/libpanel-1.10.4/build/docs/panel-1.0/ctor.DocumentWorkspace.new.html to /pkgs/libpanel/usr/share/doc/panel-1.0
Installing /blfs/builds/libpanel-1.10.4/build/docs/panel-1.0/method.Widget.get_can_maximize.html to /pkgs/libpanel/usr/share/doc/panel-1.0
Installing /blfs/builds/libpanel-1.10.4/build/docs/panel-1.0/class.SessionItem.html to /pkgs/libpanel/usr/share/doc/panel-1.0
Installing /blfs/builds/libpanel-1.10.4/build/docs/panel-1.0/property.Widget.save-delegate.html to /pkgs/libpanel/usr/share/doc/panel-1.0
Installing /blfs/builds/libpanel-1.10.4/build/docs/panel-1.0/toggle-button.png to /pkgs/libpanel/usr/share/doc/panel-1.0
Installing /blfs/builds/libpanel-1.10.4/build/docs/panel-1.0/method.LayeredSettings.get_string.html to /pkgs/libpanel/usr/share/doc/panel-1.0
Installing /blfs/builds/libpanel-1.10.4/build/docs/panel-1.0/method.Settings.get_uint.html to /pkgs/libpanel/usr/share/doc/panel-1.0
Installing /blfs/builds/libpanel-1.10.4/build/docs/panel-1.0/RedHatDisplay-Bold.woff to /pkgs/libpanel/usr/share/doc/panel-1.0
Installing /blfs/builds/libpanel-1.10.4/build/docs/panel-1.0/RedHatText-MediumItalic.woff2 to /pkgs/libpanel/usr/share/doc/panel-1.0
Installing /blfs/builds/libpanel-1.10.4/build/docs/panel-1.0/method.Widget.set_child.html to /pkgs/libpanel/usr/share/doc/panel-1.0
Installing /blfs/builds/libpanel-1.10.4/build/docs/panel-1.0/method.ChangesDialog.get_close_after_save.html to /pkgs/libpanel/usr/share/doc/panel-1.0
Installing /blfs/builds/libpanel-1.10.4/build/docs/panel-1.0/property.Position.area.html to /pkgs/libpanel/usr/share/doc/panel-1.0
Installing /blfs/builds/libpanel-1.10.4/build/docs/panel-1.0/method.Dock.get_reveal_end.html to /pkgs/libpanel/usr/share/doc/panel-1.0
Installing /blfs/builds/libpanel-1.10.4/build/docs/panel-1.0/method.Widget.set_id.html to /pkgs/libpanel/usr/share/doc/panel-1.0
Installing /blfs/builds/libpanel-1.10.4/build/docs/panel-1.0/method.FrameTabBar.get_autohide.html to /pkgs/libpanel/usr/share/doc/panel-1.0
Installing /blfs/builds/libpanel-1.10.4/build/docs/panel-1.0/class_method.Workbench.install_action.html to /pkgs/libpanel/usr/share/doc/panel-1.0
Installing /blfs/builds/libpanel-1.10.4/build/docs/panel-1.0/method.Dock.get_reveal_start.html to /pkgs/libpanel/usr/share/doc/panel-1.0
Installing /blfs/builds/libpanel-1.10.4/build/docs/panel-1.0/method.Widget.get_icon_name.html to /pkgs/libpanel/usr/share/doc/panel-1.0
Installing /blfs/builds/libpanel-1.10.4/build/docs/panel-1.0/method.Grid.add.html to /pkgs/libpanel/usr/share/doc/panel-1.0
Installing /blfs/builds/libpanel-1.10.4/build/docs/panel-1.0/method.Session.get_item.html to /pkgs/libpanel/usr/share/doc/panel-1.0
Installing /blfs/builds/libpanel-1.10.4/build/docs/panel-1.0/method.FrameTabBar.get_inverted.html to /pkgs/libpanel/usr/share/doc/panel-1.0
Installing /blfs/builds/libpanel-1.10.4/build/docs/panel-1.0/property.Settings.schema-id-prefix.html to /pkgs/libpanel/usr/share/doc/panel-1.0
Installing /blfs/builds/libpanel-1.10.4/build/docs/panel-1.0/class.Session.html to /pkgs/libpanel/usr/share/doc/panel-1.0
Installing /blfs/builds/libpanel-1.10.4/build/docs/panel-1.0/ctor.Settings.new_with_path.html to /pkgs/libpanel/usr/share/doc/panel-1.0
Installing /blfs/builds/libpanel-1.10.4/build/docs/panel-1.0/func.get_micro_version.html to /pkgs/libpanel/usr/share/doc/panel-1.0
Installing /blfs/builds/libpanel-1.10.4/build/docs/panel-1.0/method.LayeredSettings.set_uint.html to /pkgs/libpanel/usr/share/doc/panel-1.0
Installing /blfs/builds/libpanel-1.10.4/build/docs/panel-1.0/method.Grid.get_column.html to /pkgs/libpanel/usr/share/doc/panel-1.0
Installing /blfs/builds/libpanel-1.10.4/build/docs/panel-1.0/class.FrameTabBar.html to /pkgs/libpanel/usr/share/doc/panel-1.0
Installing /blfs/builds/libpanel-1.10.4/build/docs/panel-1.0/RedHatText-Italic.woff2 to /pkgs/libpanel/usr/share/doc/panel-1.0
Installing /blfs/builds/libpanel-1.10.4/build/docs/panel-1.0/method.Paned.append.html to /pkgs/libpanel/usr/share/doc/panel-1.0
Installing /blfs/builds/libpanel-1.10.4/build/docs/panel-1.0/property.Position.row.html to /pkgs/libpanel/usr/share/doc/panel-1.0
Installing /blfs/builds/libpanel-1.10.4/build/docs/panel-1.0/class.Statusbar.html to /pkgs/libpanel/usr/share/doc/panel-1.0
Installing /blfs/builds/libpanel-1.10.4/build/docs/panel-1.0/ctor.Frame.new.html to /pkgs/libpanel/usr/share/doc/panel-1.0
Installing /blfs/builds/libpanel-1.10.4/build/docs/panel-1.0/property.SessionItem.type-hint.html to /pkgs/libpanel/usr/share/doc/panel-1.0
Installing /blfs/builds/libpanel-1.10.4/build/docs/panel-1.0/method.Widget.get_icon.html to /pkgs/libpanel/usr/share/doc/panel-1.0
Installing /blfs/builds/libpanel-1.10.4/build/docs/panel-1.0/method.Settings.get_string.html to /pkgs/libpanel/usr/share/doc/panel-1.0
Installing /blfs/builds/libpanel-1.10.4/build/docs/panel-1.0/method.Widget.mark_busy.html to /pkgs/libpanel/usr/share/doc/panel-1.0
Installing /blfs/builds/libpanel-1.10.4/build/docs/panel-1.0/method.Widget.insert_action_group.html to /pkgs/libpanel/usr/share/doc/panel-1.0
Installing /blfs/builds/libpanel-1.10.4/build/docs/panel-1.0/vfunc.SaveDelegate.save.html to /pkgs/libpanel/usr/share/doc/panel-1.0
Installing /blfs/builds/libpanel-1.10.4/build/docs/panel-1.0/method.Paned.prepend.html to /pkgs/libpanel/usr/share/doc/panel-1.0
Installing /blfs/builds/libpanel-1.10.4/build/docs/panel-1.0/method.FrameHeader.page_changed.html to /pkgs/libpanel/usr/share/doc/panel-1.0
Installing /blfs/builds/libpanel-1.10.4/build/docs/panel-1.0/type_func.Workbench.find_from_widget.html to /pkgs/libpanel/usr/share/doc/panel-1.0
Installing /blfs/builds/libpanel-1.10.4/build/docs/panel-1.0/method.SaveDelegate.get_icon.html to /pkgs/libpanel/usr/share/doc/panel-1.0
Installing /blfs/builds/libpanel-1.10.4/build/docs/panel-1.0/method.Widget.get_save_delegate.html to /pkgs/libpanel/usr/share/doc/panel-1.0
Installing /blfs/builds/libpanel-1.10.4/build/docs/panel-1.0/main.js to /pkgs/libpanel/usr/share/doc/panel-1.0
Installing /blfs/builds/libpanel-1.10.4/build/docs/panel-1.0/method.Dock.get_can_reveal_start.html to /pkgs/libpanel/usr/share/doc/panel-1.0
Installing /blfs/builds/libpanel-1.10.4/build/docs/panel-1.0/method.Session.remove_at.html to /pkgs/libpanel/usr/share/doc/panel-1.0
Installing /blfs/builds/libpanel-1.10.4/build/docs/panel-1.0/method.Dock.set_top_height.html to /pkgs/libpanel/usr/share/doc/panel-1.0
Installing /blfs/builds/libpanel-1.10.4/build/docs/panel-1.0/type_func.Settings.resolve_schema_path.html to /pkgs/libpanel/usr/share/doc/panel-1.0
Installing /blfs/builds/libpanel-1.10.4/build/docs/panel-1.0/func.get_resource.html to /pkgs/libpanel/usr/share/doc/panel-1.0
Installing /blfs/builds/libpanel-1.10.4/build/docs/panel-1.0/method.SessionItem.set_type_hint.html to /pkgs/libpanel/usr/share/doc/panel-1.0
Installing /blfs/builds/libpanel-1.10.4/build/docs/panel-1.0/method.SaveDelegate.close.html to /pkgs/libpanel/usr/share/doc/panel-1.0
Installing /blfs/builds/libpanel-1.10.4/build/docs/panel-1.0/signal.SaveDelegate.save.html to /pkgs/libpanel/usr/share/doc/panel-1.0
Installing /blfs/builds/libpanel-1.10.4/build/docs/panel-1.0/method.Inhibitor.uninhibit.html to /pkgs/libpanel/usr/share/doc/panel-1.0
Installing /blfs/builds/libpanel-1.10.4/build/docs/panel-1.0/method.Settings.set_string.html to /pkgs/libpanel/usr/share/doc/panel-1.0
Installing /blfs/builds/libpanel-1.10.4/build/docs/panel-1.0/introduction.html to /pkgs/libpanel/usr/share/doc/panel-1.0
Installing /blfs/builds/libpanel-1.10.4/build/docs/panel-1.0/vfunc.SaveDelegate.discard.html to /pkgs/libpanel/usr/share/doc/panel-1.0
Installing /blfs/builds/libpanel-1.10.4/build/docs/panel-1.0/method.SessionItem.get_workspace.html to /pkgs/libpanel/usr/share/doc/panel-1.0
Installing /blfs/builds/libpanel-1.10.4/build/docs/panel-1.0/method.Widget.set_kind.html to /pkgs/libpanel/usr/share/doc/panel-1.0
Installing /blfs/builds/libpanel-1.10.4/build/docs/panel-1.0/ctor.Grid.new.html to /pkgs/libpanel/usr/share/doc/panel-1.0
Installing /blfs/builds/libpanel-1.10.4/build/docs/panel-1.0/property.Frame.closeable.html to /pkgs/libpanel/usr/share/doc/panel-1.0
Installing /blfs/builds/libpanel-1.10.4/build/docs/panel-1.0/method.SaveDialog.add_delegate.html to /pkgs/libpanel/usr/share/doc/panel-1.0
Installing /blfs/builds/libpanel-1.10.4/build/docs/panel-1.0/vfunc.DocumentWorkspace.create_frame.html to /pkgs/libpanel/usr/share/doc/panel-1.0
Installing /blfs/builds/libpanel-1.10.4/build/docs/panel-1.0/method.SessionItem.set_position.html to /pkgs/libpanel/usr/share/doc/panel-1.0
Installing /blfs/builds/libpanel-1.10.4/build/docs/panel-1.0/method.SaveDelegate.save_async.html to /pkgs/libpanel/usr/share/doc/panel-1.0
Installing /blfs/builds/libpanel-1.10.4/build/docs/panel-1.0/method.Settings.bind_with_mapping.html to /pkgs/libpanel/usr/share/doc/panel-1.0
Installing /blfs/builds/libpanel-1.10.4/build/docs/panel-1.0/method.Widget.set_save_delegate.html to /pkgs/libpanel/usr/share/doc/panel-1.0
Installing /blfs/builds/libpanel-1.10.4/build/docs/panel-1.0/RedHatText-MediumItalic.woff to /pkgs/libpanel/usr/share/doc/panel-1.0
Installing /blfs/builds/libpanel-1.10.4/build/docs/panel-1.0/property.Position.row-set.html to /pkgs/libpanel/usr/share/doc/panel-1.0
Installing /blfs/builds/libpanel-1.10.4/build/docs/panel-1.0/method.Settings.get_double.html to /pkgs/libpanel/usr/share/doc/panel-1.0
Installing /blfs/builds/libpanel-1.10.4/build/docs/panel-1.0/RedHatText-Bold.woff2 to /pkgs/libpanel/usr/share/doc/panel-1.0
Installing /blfs/builds/libpanel-1.10.4/build/docs/panel-1.0/callback.ActionActivateFunc.html to /pkgs/libpanel/usr/share/doc/panel-1.0
Installing /blfs/builds/libpanel-1.10.4/build/docs/panel-1.0/class.Application.html to /pkgs/libpanel/usr/share/doc/panel-1.0
Installing /blfs/builds/libpanel-1.10.4/build/docs/panel-1.0/property.SaveDelegate.title.html to /pkgs/libpanel/usr/share/doc/panel-1.0
Installing /blfs/builds/libpanel-1.10.4/build/docs/panel-1.0/method.FrameHeader.set_frame.html to /pkgs/libpanel/usr/share/doc/panel-1.0
Installing /blfs/builds/libpanel-1.10.4/build/docs/panel-1.0/method.ThemeSelector.set_action_name.html to /pkgs/libpanel/usr/share/doc/panel-1.0
Installing /blfs/builds/libpanel-1.10.4/build/docs/panel-1.0/method.FrameHeaderBar.get_menu_popover.html to /pkgs/libpanel/usr/share/doc/panel-1.0
Installing /blfs/builds/libpanel-1.10.4/build/docs/panel-1.0/property.Settings.path-prefix.html to /pkgs/libpanel/usr/share/doc/panel-1.0
Installing /blfs/builds/libpanel-1.10.4/build/docs/panel-1.0/method.Settings.set_value.html to /pkgs/libpanel/usr/share/doc/panel-1.0
Installing /blfs/builds/libpanel-1.10.4/build/docs/panel-1.0/method.Widget.focus_default.html to /pkgs/libpanel/usr/share/doc/panel-1.0
Installing /blfs/builds/libpanel-1.10.4/build/docs/panel-1.0/ctor.FrameTabBar.new.html to /pkgs/libpanel/usr/share/doc/panel-1.0
Installing /blfs/builds/libpanel-1.10.4/build/docs/panel-1.0/class_method.Workspace.install_property_action.html to /pkgs/libpanel/usr/share/doc/panel-1.0
Installing /blfs/builds/libpanel-1.10.4/build/docs/panel-1.0/property.GSettingsActionGroup.settings.html to /pkgs/libpanel/usr/share/doc/panel-1.0
Installing /blfs/builds/libpanel-1.10.4/build/docs/panel-1.0/func.check_version.html to /pkgs/libpanel/usr/share/doc/panel-1.0
Installing /blfs/builds/libpanel-1.10.4/build/docs/panel-1.0/ctor.ActionMuxer.new.html to /pkgs/libpanel/usr/share/doc/panel-1.0
Installing /blfs/builds/libpanel-1.10.4/build/docs/panel-1.0/method.SaveDelegate.get_subtitle.html to /pkgs/libpanel/usr/share/doc/panel-1.0
Installing /blfs/builds/libpanel-1.10.4/build/docs/panel-1.0/method.ChangesDialog.add_delegate.html to /pkgs/libpanel/usr/share/doc/panel-1.0
Installing /blfs/builds/libpanel-1.10.4/build/docs/panel-1.0/method.OmniBar.remove.html to /pkgs/libpanel/usr/share/doc/panel-1.0
Installing /blfs/builds/libpanel-1.10.4/build/docs/panel-1.0/property.DocumentWorkspace.statusbar.html to /pkgs/libpanel/usr/share/doc/panel-1.0
Installing /blfs/builds/libpanel-1.10.4/build/docs/panel-1.0/method.Dock.set_bottom_height.html to /pkgs/libpanel/usr/share/doc/panel-1.0
Installing /blfs/builds/libpanel-1.10.4/build/docs/panel-1.0/method.Position.equal.html to /pkgs/libpanel/usr/share/doc/panel-1.0
Installing /blfs/builds/libpanel-1.10.4/build/docs/panel-1.0/method.Dock.foreach_frame.html to /pkgs/libpanel/usr/share/doc/panel-1.0
Installing /blfs/builds/libpanel-1.10.4/build/docs/panel-1.0/method.SaveDialog.run_finish.html to /pkgs/libpanel/usr/share/doc/panel-1.0
Installing /blfs/builds/libpanel-1.10.4/build/docs/panel-1.0/method.MenuManager.add_resource.html to /pkgs/libpanel/usr/share/doc/panel-1.0
Installing /blfs/builds/libpanel-1.10.4/build/docs/panel-1.0/method.Dock.set_reveal_start.html to /pkgs/libpanel/usr/share/doc/panel-1.0
Installing /blfs/builds/libpanel-1.10.4/build/docs/panel-1.0/class.GridColumn.html to /pkgs/libpanel/usr/share/doc/panel-1.0
Installing /blfs/builds/libpanel-1.10.4/build/docs/panel-1.0/vfunc.SaveDelegate.save_async.html to /pkgs/libpanel/usr/share/doc/panel-1.0
Installing /blfs/builds/libpanel-1.10.4/build/docs/panel-1.0/ctor.Workbench.new.html to /pkgs/libpanel/usr/share/doc/panel-1.0
Installing /blfs/builds/libpanel-1.10.4/build/docs/panel-1.0/RedHatDisplay-Italic.woff2 to /pkgs/libpanel/usr/share/doc/panel-1.0
Installing /blfs/builds/libpanel-1.10.4/build/docs/panel-1.0/ctor.Paned.new.html to /pkgs/libpanel/usr/share/doc/panel-1.0
Installing /blfs/builds/libpanel-1.10.4/build/docs/panel-1.0/method.Position.set_area.html to /pkgs/libpanel/usr/share/doc/panel-1.0
Installing /blfs/builds/libpanel-1.10.4/build/docs/panel-1.0/RedHatDisplay-MediumItalic.woff to /pkgs/libpanel/usr/share/doc/panel-1.0
Installing /blfs/builds/libpanel-1.10.4/build/docs/panel-1.0/property.Dock.reveal-top.html to /pkgs/libpanel/usr/share/doc/panel-1.0
Installing /blfs/builds/libpanel-1.10.4/build/docs/panel-1.0/method.SaveDelegate.set_is_draft.html to /pkgs/libpanel/usr/share/doc/panel-1.0
Installing /blfs/builds/libpanel-1.10.4/build/docs/panel-1.0/property.Widget.can-maximize.html to /pkgs/libpanel/usr/share/doc/panel-1.0
Installing /blfs/builds/libpanel-1.10.4/build/docs/panel-1.0/ctor.FrameHeaderBar.new.html to /pkgs/libpanel/usr/share/doc/panel-1.0
Installing /blfs/builds/libpanel-1.10.4/build/docs/panel-1.0/method.Dock.set_reveal_bottom.html to /pkgs/libpanel/usr/share/doc/panel-1.0
Installing /blfs/builds/libpanel-1.10.4/build/docs/panel-1.0/iface.FrameHeader.html to /pkgs/libpanel/usr/share/doc/panel-1.0
Installing /blfs/builds/libpanel-1.10.4/build/docs/panel-1.0/method.MenuManager.set_attribute_string.html to /pkgs/libpanel/usr/share/doc/panel-1.0
Installing /blfs/builds/libpanel-1.10.4/build/docs/panel-1.0/method.Workspace.set_id.html to /pkgs/libpanel/usr/share/doc/panel-1.0
Installing /blfs/builds/libpanel-1.10.4/build/docs/panel-1.0/method.DocumentWorkspace.set_titlebar.html to /pkgs/libpanel/usr/share/doc/panel-1.0
Installing /blfs/builds/libpanel-1.10.4/build/docs/panel-1.0/method.Widget.get_kind.html to /pkgs/libpanel/usr/share/doc/panel-1.0
Installing /blfs/builds/libpanel-1.10.4/build/docs/panel-1.0/method.Widget.unmark_busy.html to /pkgs/libpanel/usr/share/doc/panel-1.0
Installing /blfs/builds/libpanel-1.10.4/build/docs/panel-1.0/class_method.Widget.install_action.html to /pkgs/libpanel/usr/share/doc/panel-1.0
Installing /blfs/builds/libpanel-1.10.4/build/docs/panel-1.0/method.Workbench.add_workspace.html to /pkgs/libpanel/usr/share/doc/panel-1.0
Installing /blfs/builds/libpanel-1.10.4/build/docs/panel-1.0/method.Workspace.inhibit.html to /pkgs/libpanel/usr/share/doc/panel-1.0
Installing /blfs/builds/libpanel-1.10.4/build/docs/panel-1.0/property.DocumentWorkspace.grid.html to /pkgs/libpanel/usr/share/doc/panel-1.0
Installing /blfs/builds/libpanel-1.10.4/build/docs/panel-1.0/method.OmniBar.set_popover.html to /pkgs/libpanel/usr/share/doc/panel-1.0
Installing /blfs/builds/libpanel-1.10.4/build/docs/panel-1.0/ctor.Widget.new.html to /pkgs/libpanel/usr/share/doc/panel-1.0
Installing /blfs/builds/libpanel-1.10.4/build/docs/panel-1.0/method.LayeredSettings.get_uint.html to /pkgs/libpanel/usr/share/doc/panel-1.0
Installing /blfs/builds/libpanel-1.10.4/build/docs/panel-1.0/property.SaveDelegate.icon.html to /pkgs/libpanel/usr/share/doc/panel-1.0
Installing /blfs/builds/libpanel-1.10.4/build/docs/panel-1.0/method.OmniBar.get_progress.html to /pkgs/libpanel/usr/share/doc/panel-1.0
Installing /blfs/builds/libpanel-1.10.4/build/docs/panel-1.0/method.Dock.get_reveal_bottom.html to /pkgs/libpanel/usr/share/doc/panel-1.0
Installing /blfs/builds/libpanel-1.10.4/build/docs/panel-1.0/func.DEFINE_ACTION_GROUP.html to /pkgs/libpanel/usr/share/doc/panel-1.0
Installing /blfs/builds/libpanel-1.10.4/build/docs/panel-1.0/property.Workbench.id.html to /pkgs/libpanel/usr/share/doc/panel-1.0
Installing /blfs/builds/libpanel-1.10.4/build/docs/panel-1.0/classes_hierarchy.html to /pkgs/libpanel/usr/share/doc/panel-1.0
Installing /blfs/builds/libpanel-1.10.4/build/docs/panel-1.0/RedHatDisplay-Black.woff2 to /pkgs/libpanel/usr/share/doc/panel-1.0
Installing /blfs/builds/libpanel-1.10.4/build/docs/panel-1.0/method.FrameHeader.can_drop.html to /pkgs/libpanel/usr/share/doc/panel-1.0
Installing /blfs/builds/libpanel-1.10.4/build/docs/panel-1.0/method.Frame.get_n_pages.html to /pkgs/libpanel/usr/share/doc/panel-1.0
Installing /blfs/builds/libpanel-1.10.4/build/docs/panel-1.0/signal.Frame.adopt-widget.html to /pkgs/libpanel/usr/share/doc/panel-1.0
Installing /blfs/builds/libpanel-1.10.4/build/docs/panel-1.0/method.Widget.get_reorderable.html to /pkgs/libpanel/usr/share/doc/panel-1.0
Installing /blfs/builds/libpanel-1.10.4/build/docs/panel-1.0/ctor.Settings.new_relocatable.html to /pkgs/libpanel/usr/share/doc/panel-1.0
Installing /blfs/builds/libpanel-1.10.4/build/docs/panel-1.0/func.marshal_OBJECT__OBJECT.html to /pkgs/libpanel/usr/share/doc/panel-1.0
Installing /blfs/builds/libpanel-1.10.4/build/docs/panel-1.0/class.FrameHeaderBar.html to /pkgs/libpanel/usr/share/doc/panel-1.0
Installing /blfs/builds/libpanel-1.10.4/build/docs/panel-1.0/class.Dock.html to /pkgs/libpanel/usr/share/doc/panel-1.0
Installing /blfs/builds/libpanel-1.10.4/build/docs/panel-1.0/RedHatText-Regular.woff2 to /pkgs/libpanel/usr/share/doc/panel-1.0
Installing /blfs/builds/libpanel-1.10.4/build/docs/panel-1.0/method.Widget.close.html to /pkgs/libpanel/usr/share/doc/panel-1.0
Installing /blfs/builds/libpanel-1.10.4/build/docs/panel-1.0/method.SessionItem.get_position.html to /pkgs/libpanel/usr/share/doc/panel-1.0
Installing /blfs/builds/libpanel-1.10.4/build/docs/panel-1.0/method.SessionItem.get_module_name.html to /pkgs/libpanel/usr/share/doc/panel-1.0
Installing /blfs/builds/libpanel-1.10.4/build/docs/panel-1.0/property.Widget.tooltip.html to /pkgs/libpanel/usr/share/doc/panel-1.0
Installing /blfs/builds/libpanel-1.10.4/build/docs/panel-1.0/class.GSettingsActionGroup.html to /pkgs/libpanel/usr/share/doc/panel-1.0
Installing /blfs/builds/libpanel-1.10.4/build/docs/panel-1.0/method.SessionItem.set_id.html to /pkgs/libpanel/usr/share/doc/panel-1.0
Installing /blfs/builds/libpanel-1.10.4/build/docs/panel-1.0/method.Paned.remove.html to /pkgs/libpanel/usr/share/doc/panel-1.0
Installing /blfs/builds/libpanel-1.10.4/build/docs/panel-1.0/method.Dock.remove.html to /pkgs/libpanel/usr/share/doc/panel-1.0
Installing /blfs/builds/libpanel-1.10.4/build/docs/panel-1.0/class.Workbench.html to /pkgs/libpanel/usr/share/doc/panel-1.0
Installing /blfs/builds/libpanel-1.10.4/build/docs/panel-1.0/method.Dock.set_reveal_top.html to /pkgs/libpanel/usr/share/doc/panel-1.0
Installing /blfs/builds/libpanel-1.10.4/build/docs/panel-1.0/class_method.Workbench.install_property_action.html to /pkgs/libpanel/usr/share/doc/panel-1.0
Installing /blfs/builds/libpanel-1.10.4/build/docs/panel-1.0/method.OmniBar.add_prefix.html to /pkgs/libpanel/usr/share/doc/panel-1.0
Installing /blfs/builds/libpanel-1.10.4/build/docs/panel-1.0/signal.Workbench.activate.html to /pkgs/libpanel/usr/share/doc/panel-1.0
Installing /blfs/builds/libpanel-1.10.4/build/docs/panel-1.0/property.Position.depth.html to /pkgs/libpanel/usr/share/doc/panel-1.0
Installing /blfs/builds/libpanel-1.10.4/build/docs/panel-1.0/method.Position.set_area_set.html to /pkgs/libpanel/usr/share/doc/panel-1.0
Installing /blfs/builds/libpanel-1.10.4/build/docs/panel-1.0/method.Grid.get_most_recent_column.html to /pkgs/libpanel/usr/share/doc/panel-1.0
Installing /blfs/builds/libpanel-1.10.4/build/docs/panel-1.0/search.js to /pkgs/libpanel/usr/share/doc/panel-1.0
Installing /blfs/builds/libpanel-1.10.4/build/docs/panel-1.0/method.FrameHeaderBar.get_show_icon.html to /pkgs/libpanel/usr/share/doc/panel-1.0
Installing /blfs/builds/libpanel-1.10.4/build/docs/panel-1.0/method.Widget.set_menu_model.html to /pkgs/libpanel/usr/share/doc/panel-1.0
Installing /blfs/builds/libpanel-1.10.4/build/docs/panel-1.0/const.WIDGET_KIND_UTILITY.html to /pkgs/libpanel/usr/share/doc/panel-1.0
Installing /blfs/builds/libpanel-1.10.4/build/docs/panel-1.0/method.SaveDelegate.set_icon.html to /pkgs/libpanel/usr/share/doc/panel-1.0
Installing /blfs/builds/libpanel-1.10.4/build/docs/panel-1.0/property.Position.depth-set.html to /pkgs/libpanel/usr/share/doc/panel-1.0
Installing /blfs/builds/libpanel-1.10.4/build/docs/panel-1.0/method.Settings.get_boolean.html to /pkgs/libpanel/usr/share/doc/panel-1.0
Installing /blfs/builds/libpanel-1.10.4/build/docs/panel-1.0/method.Widget.get_modified.html to /pkgs/libpanel/usr/share/doc/panel-1.0
Installing /blfs/builds/libpanel-1.10.4/build/docs/panel-1.0/property.Dock.can-reveal-bottom.html to /pkgs/libpanel/usr/share/doc/panel-1.0
Installing /blfs/builds/libpanel-1.10.4/build/docs/panel-1.0/method.FrameHeader.get_frame.html to /pkgs/libpanel/usr/share/doc/panel-1.0
Installing /blfs/builds/libpanel-1.10.4/build/docs/panel-1.0/property.ThemeSelector.action-name.html to /pkgs/libpanel/usr/share/doc/panel-1.0
Installing /blfs/builds/libpanel-1.10.4/build/docs/panel-1.0/property.Widget.child.html to /pkgs/libpanel/usr/share/doc/panel-1.0
Installing /blfs/builds/libpanel-1.10.4/build/docs/panel-1.0/method.GridColumn.get_row.html to /pkgs/libpanel/usr/share/doc/panel-1.0
Installing /blfs/builds/libpanel-1.10.4/build/docs/panel-1.0/method.Settings.set_uint.html to /pkgs/libpanel/usr/share/doc/panel-1.0
Installing /blfs/builds/libpanel-1.10.4/build/docs/panel-1.0/vfunc.FrameHeader.page_changed.html to /pkgs/libpanel/usr/share/doc/panel-1.0
Installing /blfs/builds/libpanel-1.10.4/build/docs/panel-1.0/ctor.Dock.new.html to /pkgs/libpanel/usr/share/doc/panel-1.0
Installing /blfs/builds/libpanel-1.10.4/build/docs/panel-1.0/method.Grid.get_most_recent_frame.html to /pkgs/libpanel/usr/share/doc/panel-1.0
Installing /blfs/builds/libpanel-1.10.4/build/docs/panel-1.0/RedHatDisplay-Regular.woff to /pkgs/libpanel/usr/share/doc/panel-1.0
Installing /blfs/builds/libpanel-1.10.4/build/docs/panel-1.0/method.Frame.get_closeable.html to /pkgs/libpanel/usr/share/doc/panel-1.0
Installing /blfs/builds/libpanel-1.10.4/build/docs/panel-1.0/method.Paned.insert_after.html to /pkgs/libpanel/usr/share/doc/panel-1.0
Installing /blfs/builds/libpanel-1.10.4/build/docs/panel-1.0/struct.Action.html to /pkgs/libpanel/usr/share/doc/panel-1.0
Installing /blfs/builds/libpanel-1.10.4/build/docs/panel-1.0/func.init.html to /pkgs/libpanel/usr/share/doc/panel-1.0
Installing /blfs/builds/libpanel-1.10.4/build/docs/panel-1.0/vfunc.SaveDelegate.close.html to /pkgs/libpanel/usr/share/doc/panel-1.0
Installing /blfs/builds/libpanel-1.10.4/build/docs/panel-1.0/property.Settings.path.html to /pkgs/libpanel/usr/share/doc/panel-1.0
Installing /blfs/builds/libpanel-1.10.4/build/docs/panel-1.0/method.FrameHeaderBar.set_show_icon.html to /pkgs/libpanel/usr/share/doc/panel-1.0
Installing /blfs/builds/libpanel-1.10.4/build/docs/panel-1.0/method.SaveDialog.get_close_after_save.html to /pkgs/libpanel/usr/share/doc/panel-1.0
Installing /blfs/builds/libpanel-1.10.4/build/docs/panel-1.0/ctor.ChangesDialog.new.html to /pkgs/libpanel/usr/share/doc/panel-1.0
Installing /blfs/builds/libpanel-1.10.4/build/docs/panel-1.0/const.WIDGET_KIND_ANY.html to /pkgs/libpanel/usr/share/doc/panel-1.0
Installing /blfs/builds/libpanel-1.10.4/build/docs/panel-1.0/method.Frame.get_position.html to /pkgs/libpanel/usr/share/doc/panel-1.0
Installing /blfs/builds/libpanel-1.10.4/build/docs/panel-1.0/urlmap.js to /pkgs/libpanel/usr/share/doc/panel-1.0
Installing /blfs/builds/libpanel-1.10.4/build/docs/panel-1.0/method.Position.get_row_set.html to /pkgs/libpanel/usr/share/doc/panel-1.0
Installing /blfs/builds/libpanel-1.10.4/build/docs/panel-1.0/method.SessionItem.get_metadata_value.html to /pkgs/libpanel/usr/share/doc/panel-1.0
Installing /blfs/builds/libpanel-1.10.4/build/docs/panel-1.0/method.Widget.get_position.html to /pkgs/libpanel/usr/share/doc/panel-1.0
Installing /blfs/builds/libpanel-1.10.4/build/docs/panel-1.0/theme-selector.png to /pkgs/libpanel/usr/share/doc/panel-1.0
Installing /blfs/builds/libpanel-1.10.4/build/docs/panel-1.0/signal.Grid.create-frame.html to /pkgs/libpanel/usr/share/doc/panel-1.0
Installing /blfs/builds/libpanel-1.10.4/build/docs/panel-1.0/method.Position.get_area_set.html to /pkgs/libpanel/usr/share/doc/panel-1.0
Installing /blfs/builds/libpanel-1.10.4/build/docs/panel-1.0/method.Widget.get_menu_model.html to /pkgs/libpanel/usr/share/doc/panel-1.0
Installing /blfs/builds/libpanel-1.10.4/build/docs/panel-1.0/class.Paned.html to /pkgs/libpanel/usr/share/doc/panel-1.0
Installing /blfs/builds/libpanel-1.10.4/build/docs/panel-1.0/func.CHECK_VERSION.html to /pkgs/libpanel/usr/share/doc/panel-1.0
Installing /blfs/builds/libpanel-1.10.4/build/docs/panel-1.0/method.Grid.insert_column.html to /pkgs/libpanel/usr/share/doc/panel-1.0
Installing /blfs/builds/libpanel-1.10.4/build/docs/panel-1.0/method.LayeredSettings.set_int.html to /pkgs/libpanel/usr/share/doc/panel-1.0
Installing /blfs/builds/libpanel-1.10.4/build/docs/panel-1.0/method.FrameHeader.add_suffix.html to /pkgs/libpanel/usr/share/doc/panel-1.0
Installing /blfs/builds/libpanel-1.10.4/build/docs/panel-1.0/vfunc.Dock.panel_drag_end.html to /pkgs/libpanel/usr/share/doc/panel-1.0
Installing /blfs/builds/libpanel-1.10.4/build/docs/panel-1.0/method.FrameTabBar.get_expand_tabs.html to /pkgs/libpanel/usr/share/doc/panel-1.0
Installing /blfs/builds/libpanel-1.10.4/build/docs/panel-1.0/RedHatText-Bold.woff to /pkgs/libpanel/usr/share/doc/panel-1.0
Installing /blfs/builds/libpanel-1.10.4/build/docs/panel-1.0/method.Settings.set_boolean.html to /pkgs/libpanel/usr/share/doc/panel-1.0
Installing /blfs/builds/libpanel-1.10.4/build/docs/panel-1.0/vfunc.Widget.presented.html to /pkgs/libpanel/usr/share/doc/panel-1.0
Installing /blfs/builds/libpanel-1.10.4/build/docs/panel-1.0/method.Dock.get_can_reveal_top.html to /pkgs/libpanel/usr/share/doc/panel-1.0
Installing /blfs/builds/libpanel-1.10.4/build/docs/panel-1.0/method.Widget.get_needs_attention.html to /pkgs/libpanel/usr/share/doc/panel-1.0
Installing /blfs/builds/libpanel-1.10.4/build/docs/panel-1.0/method.Workbench.remove_workspace.html to /pkgs/libpanel/usr/share/doc/panel-1.0
Installing /blfs/builds/libpanel-1.10.4/build/docs/panel-1.0/vfunc.DocumentWorkspace.add_widget.html to /pkgs/libpanel/usr/share/doc/panel-1.0
Installing /blfs/builds/libpanel-1.10.4/build/docs/panel-1.0/class.SaveDelegate.html to /pkgs/libpanel/usr/share/doc/panel-1.0
Installing /blfs/builds/libpanel-1.10.4/build/docs/panel-1.0/method.GridColumn.foreach_frame.html to /pkgs/libpanel/usr/share/doc/panel-1.0
Installing /blfs/builds/libpanel-1.10.4/build/docs/panel-1.0/method.Dock.set_reveal_area.html to /pkgs/libpanel/usr/share/doc/panel-1.0
Installing /blfs/builds/libpanel-1.10.4/build/docs/panel-1.0/class_method.Workspace.install_action.html to /pkgs/libpanel/usr/share/doc/panel-1.0
Installing /blfs/builds/libpanel-1.10.4/build/docs/panel-1.0/ctor.MenuManager.new.html to /pkgs/libpanel/usr/share/doc/panel-1.0
Installing /blfs/builds/libpanel-1.10.4/build/docs/panel-1.0/class.ToggleButton.html to /pkgs/libpanel/usr/share/doc/panel-1.0
Installing /blfs/builds/libpanel-1.10.4/build/docs/panel-1.0/signal.Widget.get-default-focus.html to /pkgs/libpanel/usr/share/doc/panel-1.0
Installing /blfs/builds/libpanel-1.10.4/build/docs/panel-1.0/method.SaveDelegate.set_icon_name.html to /pkgs/libpanel/usr/share/doc/panel-1.0
Installing /blfs/builds/libpanel-1.10.4/build/docs/panel-1.0/class.Grid.html to /pkgs/libpanel/usr/share/doc/panel-1.0
Installing /blfs/builds/libpanel-1.10.4/build/docs/panel-1.0/vfunc.Workbench.activate.html to /pkgs/libpanel/usr/share/doc/panel-1.0
Installing /blfs/builds/libpanel-1.10.4/build/docs/panel-1.0/property.Widget.menu-model.html to /pkgs/libpanel/usr/share/doc/panel-1.0
Installing /blfs/builds/libpanel-1.10.4/build/docs/panel-1.0/RedHatText-Regular.woff to /pkgs/libpanel/usr/share/doc/panel-1.0
Installing /blfs/builds/libpanel-1.10.4/build/docs/panel-1.0/method.LayeredSettings.set_value.html to /pkgs/libpanel/usr/share/doc/panel-1.0
Installing /blfs/builds/libpanel-1.10.4/build/docs/panel-1.0/panel-1.0.devhelp2 to /pkgs/libpanel/usr/share/doc/panel-1.0
Installing /blfs/builds/libpanel-1.10.4/build/docs/panel-1.0/ctor.Position.new_from_variant.html to /pkgs/libpanel/usr/share/doc/panel-1.0
Installing /blfs/builds/libpanel-1.10.4/build/docs/panel-1.0/property.Dock.start-width.html to /pkgs/libpanel/usr/share/doc/panel-1.0
Installing /blfs/builds/libpanel-1.10.4/build/docs/panel-1.0/method.FrameHeader.add_prefix.html to /pkgs/libpanel/usr/share/doc/panel-1.0
Installing /blfs/builds/libpanel-1.10.4/build/docs/panel-1.0/method.ActionMuxer.remove_action_group.html to /pkgs/libpanel/usr/share/doc/panel-1.0
Installing /blfs/builds/libpanel-1.10.4/build/docs/panel-1.0/class.Frame.html to /pkgs/libpanel/usr/share/doc/panel-1.0
Installing /blfs/builds/libpanel-1.10.4/build/docs/panel-1.0/class.Widget.html to /pkgs/libpanel/usr/share/doc/panel-1.0
Installing /blfs/builds/libpanel-1.10.4/build/docs/panel-1.0/class.Position.html to /pkgs/libpanel/usr/share/doc/panel-1.0
Installing /blfs/builds/libpanel-1.10.4/build/docs/panel-1.0/func.get_minor_version.html to /pkgs/libpanel/usr/share/doc/panel-1.0
Installing /blfs/builds/libpanel-1.10.4/build/docs/panel-1.0/RedHatText-Italic.woff to /pkgs/libpanel/usr/share/doc/panel-1.0
Installing /blfs/builds/libpanel-1.10.4/build/docs/panel-1.0/method.Settings.get_schema_id.html to /pkgs/libpanel/usr/share/doc/panel-1.0
Installing /blfs/builds/libpanel-1.10.4/build/docs/panel-1.0/method.FrameTabBar.set_expand_tabs.html to /pkgs/libpanel/usr/share/doc/panel-1.0
Installing /blfs/builds/libpanel-1.10.4/build/docs/panel-1.0/func.get_major_version.html to /pkgs/libpanel/usr/share/doc/panel-1.0
Installing /blfs/builds/libpanel-1.10.4/build/docs/panel-1.0/method.Settings.unbind.html to /pkgs/libpanel/usr/share/doc/panel-1.0
Installing /blfs/builds/libpanel-1.10.4/build/docs/panel-1.0/property.SaveDialog.close-after-save.html to /pkgs/libpanel/usr/share/doc/panel-1.0
Installing /blfs/builds/libpanel-1.10.4/build/docs/panel-1.0/method.OmniBar.stop_pulsing.html to /pkgs/libpanel/usr/share/doc/panel-1.0
Installing /blfs/builds/libpanel-1.10.4/build/docs/panel-1.0/func.finalize.html to /pkgs/libpanel/usr/share/doc/panel-1.0
Installing /blfs/builds/libpanel-1.10.4/build/docs/panel-1.0/method.Statusbar.add_suffix.html to /pkgs/libpanel/usr/share/doc/panel-1.0
Installing /blfs/builds/libpanel-1.10.4/build/docs/panel-1.0/method.SaveDelegate.discard.html to /pkgs/libpanel/usr/share/doc/panel-1.0
Installing /blfs/builds/libpanel-1.10.4/build/docs/panel-1.0/method.MenuManager.remove.html to /pkgs/libpanel/usr/share/doc/panel-1.0
Installing /blfs/builds/libpanel-1.10.4/build/docs/panel-1.0/index.json to /pkgs/libpanel/usr/share/doc/panel-1.0
Installing /blfs/builds/libpanel-1.10.4/build/docs/panel-1.0/SourceCodePro-Semibold.ttf.woff to /pkgs/libpanel/usr/share/doc/panel-1.0
Installing /blfs/builds/libpanel-1.10.4/build/docs/panel-1.0/signal.LayeredSettings.changed.html to /pkgs/libpanel/usr/share/doc/panel-1.0
Installing /blfs/builds/libpanel-1.10.4/build/docs/panel-1.0/vfunc.Widget.get_default_focus.html to /pkgs/libpanel/usr/share/doc/panel-1.0
Installing /blfs/builds/libpanel-1.10.4/build/docs/panel-1.0/method.SaveDialog.run_async.html to /pkgs/libpanel/usr/share/doc/panel-1.0
Installing /blfs/builds/libpanel-1.10.4/build/docs/panel-1.0/method.SessionItem.has_metadata_with_type.html to /pkgs/libpanel/usr/share/doc/panel-1.0
Installing /blfs/builds/libpanel-1.10.4/build/docs/panel-1.0/method.Frame.set_placeholder.html to /pkgs/libpanel/usr/share/doc/panel-1.0
Installing /blfs/builds/libpanel-1.10.4/build/docs/panel-1.0/method.DocumentWorkspace.get_grid.html to /pkgs/libpanel/usr/share/doc/panel-1.0
Installing /blfs/builds/libpanel-1.10.4/build/docs/panel-1.0/method.Frame.get_page.html to /pkgs/libpanel/usr/share/doc/panel-1.0
Installing /blfs/builds/libpanel-1.10.4/build/docs/panel-1.0/method.Frame.set_requested_size.html to /pkgs/libpanel/usr/share/doc/panel-1.0
Installing /blfs/builds/libpanel-1.10.4/build/docs/panel-1.0/class.MenuManager.html to /pkgs/libpanel/usr/share/doc/panel-1.0
Installing /blfs/builds/libpanel-1.10.4/build/docs/panel-1.0/method.SessionItem.get_metadata.html to /pkgs/libpanel/usr/share/doc/panel-1.0
Installing /blfs/builds/libpanel-1.10.4/build/docs/panel-1.0/method.SaveDelegate.get_icon_name.html to /pkgs/libpanel/usr/share/doc/panel-1.0
Installing /blfs/builds/libpanel-1.10.4/build/docs/panel-1.0/ctor.Session.new_from_variant.html to /pkgs/libpanel/usr/share/doc/panel-1.0
Installing /blfs/builds/libpanel-1.10.4/build/docs/panel-1.0/func.marshal_BOOLEAN__OBJECT_OBJECT.html to /pkgs/libpanel/usr/share/doc/panel-1.0
Installing /blfs/builds/libpanel-1.10.4/build/docs/panel-1.0/method.Grid.agree_to_close_async.html to /pkgs/libpanel/usr/share/doc/panel-1.0
Installing /blfs/builds/libpanel-1.10.4/build/docs/panel-1.0/method.Widget.get_tooltip.html to /pkgs/libpanel/usr/share/doc/panel-1.0
Installing /blfs/builds/libpanel-1.10.4/build/docs/panel-1.0/method.Session.append.html to /pkgs/libpanel/usr/share/doc/panel-1.0
Installing /blfs/builds/libpanel-1.10.4/build/docs/panel-1.0/signal.Widget.presented.html to /pkgs/libpanel/usr/share/doc/panel-1.0
Installing /blfs/builds/libpanel-1.10.4/build/docs/panel-1.0/method.Widget.raise.html to /pkgs/libpanel/usr/share/doc/panel-1.0
Installing /blfs/builds/libpanel-1.10.4/build/docs/panel-1.0/method.Settings.get_value.html to /pkgs/libpanel/usr/share/doc/panel-1.0
Installing /blfs/builds/libpanel-1.10.4/build/docs/panel-1.0/method.OmniBar.add_suffix.html to /pkgs/libpanel/usr/share/doc/panel-1.0
Installing /blfs/builds/libpanel-1.10.4/build/docs/panel-1.0/vfunc.Frame.adopt_widget.html to /pkgs/libpanel/usr/share/doc/panel-1.0
Installing /blfs/builds/libpanel-1.10.4/build/docs/panel-1.0/property.Position.area-set.html to /pkgs/libpanel/usr/share/doc/panel-1.0
Installing /blfs/builds/libpanel-1.10.4/build/docs/panel-1.0/ctor.SessionItem.new.html to /pkgs/libpanel/usr/share/doc/panel-1.0
Installing /blfs/builds/libpanel-1.10.4/build/docs/panel-1.0/method.Position.set_depth_set.html to /pkgs/libpanel/usr/share/doc/panel-1.0
Installing /blfs/builds/libpanel-1.10.4/build/docs/panel-1.0/class.OmniBar.html to /pkgs/libpanel/usr/share/doc/panel-1.0
Installing /blfs/builds/libpanel-1.10.4/build/docs/panel-1.0/vfunc.Workbench.unload_async.html to /pkgs/libpanel/usr/share/doc/panel-1.0
Installing /blfs/builds/libpanel-1.10.4/build/docs/panel-1.0/ctor.Settings.new.html to /pkgs/libpanel/usr/share/doc/panel-1.0
Installing /blfs/builds/libpanel-1.10.4/build/docs/panel-1.0/method.Dock.set_start_width.html to /pkgs/libpanel/usr/share/doc/panel-1.0
Installing /blfs/builds/libpanel-1.10.4/build/docs/panel-1.0/method.Widget.set_icon_name.html to /pkgs/libpanel/usr/share/doc/panel-1.0
Installing /blfs/builds/libpanel-1.10.4/build/docs/panel-1.0/callback.FrameCallback.html to /pkgs/libpanel/usr/share/doc/panel-1.0
Installing /blfs/builds/libpanel-1.10.4/build/docs/panel-1.0/method.FrameTabBar.set_autohide.html to /pkgs/libpanel/usr/share/doc/panel-1.0
Installing /blfs/builds/libpanel-1.10.4/build/docs/panel-1.0/style.css to /pkgs/libpanel/usr/share/doc/panel-1.0
Installing /blfs/builds/libpanel-1.10.4/build/docs/panel-1.0/signal.SaveDelegate.close.html to /pkgs/libpanel/usr/share/doc/panel-1.0
Installing /blfs/builds/libpanel-1.10.4/build/docs/panel-1.0/method.Session.insert.html to /pkgs/libpanel/usr/share/doc/panel-1.0
Installing /blfs/builds/libpanel-1.10.4/build/docs/panel-1.0/property.Widget.modified.html to /pkgs/libpanel/usr/share/doc/panel-1.0
Installing /blfs/builds/libpanel-1.10.4/build/docs/panel-1.0/class.ChangesDialog.html to /pkgs/libpanel/usr/share/doc/panel-1.0
Installing /blfs/builds/libpanel-1.10.4/build/docs/panel-1.0/property.Position.column-set.html to /pkgs/libpanel/usr/share/doc/panel-1.0
Installing /blfs/builds/libpanel-1.10.4/build/docs/panel-1.0/ctor.ThemeSelector.new.html to /pkgs/libpanel/usr/share/doc/panel-1.0
Installing /blfs/builds/libpanel-1.10.4/build/docs/panel-1.0/class.FrameSwitcher.html to /pkgs/libpanel/usr/share/doc/panel-1.0
Installing /blfs/builds/libpanel-1.10.4/build/docs/panel-1.0/method.Position.set_row_set.html to /pkgs/libpanel/usr/share/doc/panel-1.0
Installing /blfs/builds/libpanel-1.10.4/build/docs/panel-1.0/method.Paned.get_n_children.html to /pkgs/libpanel/usr/share/doc/panel-1.0
Installing /blfs/builds/libpanel-1.10.4/build/docs/panel-1.0/property.Workspace.id.html to /pkgs/libpanel/usr/share/doc/panel-1.0
Installing /blfs/builds/libpanel-1.10.4/build/docs/panel-1.0/property.Settings.schema-id.html to /pkgs/libpanel/usr/share/doc/panel-1.0
Installing /blfs/builds/libpanel-1.10.4/build/docs/panel-1.0/method.Position.set_depth.html to /pkgs/libpanel/usr/share/doc/panel-1.0
Installing /blfs/builds/libpanel-1.10.4/build/docs/panel-1.0/func.ENCODE_VERSION.html to /pkgs/libpanel/usr/share/doc/panel-1.0
Installing /blfs/builds/libpanel-1.10.4/build/docs/panel-1.0/fzy.js to /pkgs/libpanel/usr/share/doc/panel-1.0
Installing /blfs/builds/libpanel-1.10.4/build/docs/panel-1.0/toggle-button-dark.png to /pkgs/libpanel/usr/share/doc/panel-1.0
Installing /blfs/builds/libpanel-1.10.4/build/docs/panel-1.0/method.Frame.set_header.html to /pkgs/libpanel/usr/share/doc/panel-1.0
Installing /blfs/builds/libpanel-1.10.4/build/docs/panel-1.0/property.Settings.path-suffix.html to /pkgs/libpanel/usr/share/doc/panel-1.0
Installing /blfs/builds/libpanel-1.10.4/build/docs/panel-1.0/method.LayeredSettings.get_user_value.html to /pkgs/libpanel/usr/share/doc/panel-1.0
Installing /blfs/builds/libpanel-1.10.4/build/docs/panel-1.0/method.Workspace.get_workbench.html to /pkgs/libpanel/usr/share/doc/panel-1.0
Installing /blfs/builds/libpanel-1.10.4/build/docs/panel-1.0/method.Workbench.get_id.html to /pkgs/libpanel/usr/share/doc/panel-1.0
Installing /blfs/builds/libpanel-1.10.4/build/docs/panel-1.0/method.Grid.get_n_columns.html to /pkgs/libpanel/usr/share/doc/panel-1.0
Installing /blfs/builds/libpanel-1.10.4/build/docs/panel-1.0/method.Frame.add_before.html to /pkgs/libpanel/usr/share/doc/panel-1.0
Installing /blfs/builds/libpanel-1.10.4/build/docs/panel-1.0/method.Workbench.foreach_workspace.html to /pkgs/libpanel/usr/share/doc/panel-1.0
Installing /blfs/builds/libpanel-1.10.4/build/docs/panel-1.0/method.Widget.get_default_focus.html to /pkgs/libpanel/usr/share/doc/panel-1.0
Installing /blfs/builds/libpanel-1.10.4/build/docs/panel-1.0/ctor.Application.new.html to /pkgs/libpanel/usr/share/doc/panel-1.0
Installing /blfs/builds/libpanel-1.10.4/build/docs/panel-1.0/method.Session.get_n_items.html to /pkgs/libpanel/usr/share/doc/panel-1.0
Installing /blfs/builds/libpanel-1.10.4/build/docs/panel-1.0/method.Settings.get_default_value.html to /pkgs/libpanel/usr/share/doc/panel-1.0
Installing /blfs/builds/libpanel-1.10.4/build/docs/panel-1.0/method.Widget.set_icon.html to /pkgs/libpanel/usr/share/doc/panel-1.0
Installing /blfs/builds/libpanel-1.10.4/build/docs/panel-1.0/method.ActionMuxer.list_groups.html to /pkgs/libpanel/usr/share/doc/panel-1.0
Installing /blfs/builds/libpanel-1.10.4/build/docs/panel-1.0/signal.Frame.page-closed.html to /pkgs/libpanel/usr/share/doc/panel-1.0
Installing /blfs/builds/libpanel-1.10.4/build/docs/panel-1.0/property.Frame.visible-child.html to /pkgs/libpanel/usr/share/doc/panel-1.0
Installing /blfs/builds/libpanel-1.10.4/build/docs/panel-1.0/method.Frame.get_requested_size.html to /pkgs/libpanel/usr/share/doc/panel-1.0
Installing /blfs/builds/libpanel-1.10.4/build/docs/panel-1.0/omni-bar.png to /pkgs/libpanel/usr/share/doc/panel-1.0
Installing /blfs/builds/libpanel-1.10.4/build/docs/panel-1.0/property.SessionItem.module-name.html to /pkgs/libpanel/usr/share/doc/panel-1.0
Installing /blfs/builds/libpanel-1.10.4/build/docs/panel-1.0/method.Workbench.set_id.html to /pkgs/libpanel/usr/share/doc/panel-1.0
Installing /blfs/builds/libpanel-1.10.4/build/docs/panel-1.0/ctor.Session.new.html to /pkgs/libpanel/usr/share/doc/panel-1.0
Installing /blfs/builds/libpanel-1.10.4/build/docs/panel-1.0/const.WIDGET_KIND_UNKNOWN.html to /pkgs/libpanel/usr/share/doc/panel-1.0
Installing /blfs/builds/libpanel-1.10.4/build/docs/panel-1.0/property.FrameTabBar.autohide.html to /pkgs/libpanel/usr/share/doc/panel-1.0
Installing /blfs/builds/libpanel-1.10.4/build/docs/panel-1.0/method.LayeredSettings.get_value.html to /pkgs/libpanel/usr/share/doc/panel-1.0
Installing /blfs/builds/libpanel-1.10.4/build/docs/panel-1.0/method.FrameTabBar.set_inverted.html to /pkgs/libpanel/usr/share/doc/panel-1.0
Installing /blfs/builds/libpanel-1.10.4/build/docs/panel-1.0/method.SessionItem.get_type_hint.html to /pkgs/libpanel/usr/share/doc/panel-1.0
Installing /blfs/builds/libpanel-1.10.4/build/docs/panel-1.0/ctor.Position.new.html to /pkgs/libpanel/usr/share/doc/panel-1.0
Installing /blfs/builds/libpanel-1.10.4/build/docs/panel-1.0/omni-bar-dark.png to /pkgs/libpanel/usr/share/doc/panel-1.0
Installing /blfs/builds/libpanel-1.10.4/build/docs/panel-1.0/method.ChangesDialog.run_async.html to /pkgs/libpanel/usr/share/doc/panel-1.0
Installing /blfs/builds/libpanel-1.10.4/build/docs/panel-1.0/RedHatText-Medium.woff to /pkgs/libpanel/usr/share/doc/panel-1.0
Installing /blfs/builds/libpanel-1.10.4/build/docs/panel-1.0/method.Dock.get_can_reveal_area.html to /pkgs/libpanel/usr/share/doc/panel-1.0
Installing /blfs/builds/libpanel-1.10.4/build/docs/panel-1.0/method.SaveDelegate.set_progress.html to /pkgs/libpanel/usr/share/doc/panel-1.0
Installing /blfs/builds/libpanel-1.10.4/build/docs/panel-1.0/method.LayeredSettings.get_boolean.html to /pkgs/libpanel/usr/share/doc/panel-1.0
Installing /blfs/builds/libpanel-1.10.4/build/docs/panel-1.0/method.Position.set_row.html to /pkgs/libpanel/usr/share/doc/panel-1.0
Installing /blfs/builds/libpanel-1.10.4/build/docs/panel-1.0/ctor.LayeredSettings.new.html to /pkgs/libpanel/usr/share/doc/panel-1.0
Installing /blfs/builds/libpanel-1.10.4/build/docs/panel-1.0/method.SessionItem.set_metadata.html to /pkgs/libpanel/usr/share/doc/panel-1.0
Installing /blfs/builds/libpanel-1.10.4/build/docs/panel-1.0/property.Dock.can-reveal-start.html to /pkgs/libpanel/usr/share/doc/panel-1.0
Installing /blfs/builds/libpanel-1.10.4/build/docs/panel-1.0/method.Widget.unmaximize.html to /pkgs/libpanel/usr/share/doc/panel-1.0
Installing /blfs/builds/libpanel-1.10.4/build/docs/panel-1.0/property.SaveDelegate.progress.html to /pkgs/libpanel/usr/share/doc/panel-1.0
Installing /blfs/builds/libpanel-1.10.4/build/docs/panel-1.0/property.ChangesDialog.close-after-save.html to /pkgs/libpanel/usr/share/doc/panel-1.0
Installing /blfs/builds/libpanel-1.10.4/build/docs/panel-1.0/class.ThemeSelector.html to /pkgs/libpanel/usr/share/doc/panel-1.0
Installing /blfs/builds/libpanel-1.10.4/build/docs/panel-1.0/method.Frame.get_pages.html to /pkgs/libpanel/usr/share/doc/panel-1.0
Installing /blfs/builds/libpanel-1.10.4/build/docs/panel-1.0/callback.WorkspaceForeach.html to /pkgs/libpanel/usr/share/doc/panel-1.0
Installing /blfs/builds/libpanel-1.10.4/build/docs/panel-1.0/ctor.SaveDialog.new.html to /pkgs/libpanel/usr/share/doc/panel-1.0
Installing /blfs/builds/libpanel-1.10.4/build/docs/panel-1.0/method.DocumentWorkspace.add_widget.html to /pkgs/libpanel/usr/share/doc/panel-1.0
Installing /blfs/builds/libpanel-1.10.4/build/docs/panel-1.0/property.SessionItem.workspace.html to /pkgs/libpanel/usr/share/doc/panel-1.0
Installing /blfs/builds/libpanel-1.10.4/build/docs/panel-1.0/vfunc.FrameHeader.add_prefix.html to /pkgs/libpanel/usr/share/doc/panel-1.0
Installing /blfs/builds/libpanel-1.10.4/build/docs/panel-1.0/method.OmniBar.get_popover.html to /pkgs/libpanel/usr/share/doc/panel-1.0
Installing /blfs/builds/libpanel-1.10.4/build/docs/panel-1.0/property.OmniBar.progress.html to /pkgs/libpanel/usr/share/doc/panel-1.0
Installing /blfs/builds/libpanel-1.10.4/build/docs/panel-1.0/method.SessionItem.has_metadata.html to /pkgs/libpanel/usr/share/doc/panel-1.0
Installing /blfs/builds/libpanel-1.10.4/build/docs/panel-1.0/method.SessionItem.set_module_name.html to /pkgs/libpanel/usr/share/doc/panel-1.0
Installing /blfs/builds/libpanel-1.10.4/build/docs/panel-1.0/method.DocumentWorkspace.get_dock.html to /pkgs/libpanel/usr/share/doc/panel-1.0
Installing /blfs/builds/libpanel-1.10.4/build/docs/panel-1.0/method.Settings.get_user_value.html to /pkgs/libpanel/usr/share/doc/panel-1.0
Installing /blfs/builds/libpanel-1.10.4/build/docs/panel-1.0/method.LayeredSettings.get_key.html to /pkgs/libpanel/usr/share/doc/panel-1.0
Installing /blfs/builds/libpanel-1.10.4/build/docs/panel-1.0/method.MenuManager.merge.html to /pkgs/libpanel/usr/share/doc/panel-1.0
Installing /blfs/builds/libpanel-1.10.4/build/docs/panel-1.0/method.Dock.get_reveal_top.html to /pkgs/libpanel/usr/share/doc/panel-1.0
Installing /blfs/builds/libpanel-1.10.4/build/docs/panel-1.0/method.Position.get_column.html to /pkgs/libpanel/usr/share/doc/panel-1.0
Installing /blfs/builds/libpanel-1.10.4/build/docs/panel-1.0/RedHatDisplay-BlackItalic.woff2 to /pkgs/libpanel/usr/share/doc/panel-1.0
Installing /blfs/builds/libpanel-1.10.4/build/docs/panel-1.0/signal.Dock.panel-drag-begin.html to /pkgs/libpanel/usr/share/doc/panel-1.0
Installing /blfs/builds/libpanel-1.10.4/build/docs/panel-1.0/property.Dock.reveal-start.html to /pkgs/libpanel/usr/share/doc/panel-1.0
Installing /blfs/builds/libpanel-1.10.4/build/docs/panel-1.0/method.SessionItem.get_id.html to /pkgs/libpanel/usr/share/doc/panel-1.0
Installing /blfs/builds/libpanel-1.10.4/build/docs/panel-1.0/const.VERSION_S.html to /pkgs/libpanel/usr/share/doc/panel-1.0
Installing /blfs/builds/libpanel-1.10.4/build/docs/panel-1.0/vfunc.FrameHeader.can_drop.html to /pkgs/libpanel/usr/share/doc/panel-1.0
Installing /blfs/builds/libpanel-1.10.4/build/docs/panel-1.0/property.FrameHeader.frame.html to /pkgs/libpanel/usr/share/doc/panel-1.0
Installing /blfs/builds/libpanel-1.10.4/build/docs/panel-1.0/property.SaveDelegate.subtitle.html to /pkgs/libpanel/usr/share/doc/panel-1.0
Installing /blfs/builds/libpanel-1.10.4/build/docs/panel-1.0/signal.Dock.panel-drag-end.html to /pkgs/libpanel/usr/share/doc/panel-1.0
Installing /blfs/builds/libpanel-1.10.4/build/docs/panel-1.0/RedHatDisplay-MediumItalic.woff2 to /pkgs/libpanel/usr/share/doc/panel-1.0
Installing /blfs/builds/libpanel-1.10.4/build/docs/panel-1.0/property.ToggleButton.area.html to /pkgs/libpanel/usr/share/doc/panel-1.0
Installing /blfs/builds/libpanel-1.10.4/build/docs/panel-1.0/method.Frame.remove.html to /pkgs/libpanel/usr/share/doc/panel-1.0
Installing /blfs/builds/libpanel-1.10.4/build/docs/panel-1.0/method.LayeredSettings.set_string.html to /pkgs/libpanel/usr/share/doc/panel-1.0
Installing /blfs/builds/libpanel-1.10.4/build/docs/panel-1.0/method.ActionMuxer.insert_action_group.html to /pkgs/libpanel/usr/share/doc/panel-1.0
Installing /blfs/builds/libpanel-1.10.4/build/docs/panel-1.0/opensearch.xml to /pkgs/libpanel/usr/share/doc/panel-1.0
Installing /blfs/builds/libpanel-1.10.4/build/docs/panel-1.0/method.ActionMuxer.get_action_group.html to /pkgs/libpanel/usr/share/doc/panel-1.0
Installing /blfs/builds/libpanel-1.10.4/build/docs/panel-1.0/method.Statusbar.add_prefix.html to /pkgs/libpanel/usr/share/doc/panel-1.0
Installing /blfs/builds/libpanel-1.10.4/build/docs/panel-1.0/method.Widget.set_reorderable.html to /pkgs/libpanel/usr/share/doc/panel-1.0
Installing /blfs/builds/libpanel-1.10.4/build/docs/panel-1.0/RedHatDisplay-BoldItalic.woff2 to /pkgs/libpanel/usr/share/doc/panel-1.0
Installing /blfs/builds/libpanel-1.10.4/build/docs/panel-1.0/property.Dock.end-width.html to /pkgs/libpanel/usr/share/doc/panel-1.0
Installing /blfs/builds/libpanel-1.10.4/build/docs/panel-1.0/SourceCodePro-It.ttf.woff to /pkgs/libpanel/usr/share/doc/panel-1.0
Installing /blfs/builds/libpanel-1.10.4/build/docs/panel-1.0/method.Workbench.activate.html to /pkgs/libpanel/usr/share/doc/panel-1.0
Installing /blfs/builds/libpanel-1.10.4/build/docs/panel-1.0/RedHatDisplay-Medium.woff2 to /pkgs/libpanel/usr/share/doc/panel-1.0
Installing /blfs/builds/libpanel-1.10.4/build/docs/panel-1.0/ctor.FrameSwitcher.new.html to /pkgs/libpanel/usr/share/doc/panel-1.0
Installing /blfs/builds/libpanel-1.10.4/build/docs/panel-1.0/property.FrameHeaderBar.show-icon.html to /pkgs/libpanel/usr/share/doc/panel-1.0
Installing /blfs/builds/libpanel-1.10.4/build/docs/panel-1.0/ctor.ToggleButton.new.html to /pkgs/libpanel/usr/share/doc/panel-1.0
Installing /blfs/builds/libpanel-1.10.4/build/docs/panel-1.0/method.GridColumn.get_empty.html to /pkgs/libpanel/usr/share/doc/panel-1.0
Installing /blfs/builds/libpanel-1.10.4/build/docs/panel-1.0/method.DocumentWorkspace.get_titlebar.html to /pkgs/libpanel/usr/share/doc/panel-1.0
Installing /blfs/builds/libpanel-1.10.4/build/docs/panel-1.0/vfunc.Grid.create_frame.html to /pkgs/libpanel/usr/share/doc/panel-1.0
Installing /blfs/builds/libpanel-1.10.4/build/docs/panel-1.0/vfunc.FrameHeader.add_suffix.html to /pkgs/libpanel/usr/share/doc/panel-1.0
Installing /blfs/builds/libpanel-1.10.4/build/docs/panel-1.0/signal.Dock.create-frame.html to /pkgs/libpanel/usr/share/doc/panel-1.0
Installing /blfs/builds/libpanel-1.10.4/build/docs/panel-1.0/theme-selector-dark.png to /pkgs/libpanel/usr/share/doc/panel-1.0
Installing /blfs/builds/libpanel-1.10.4/build/docs/panel-1.0/class.Settings.html to /pkgs/libpanel/usr/share/doc/panel-1.0
Installing /blfs/builds/libpanel-1.10.4/build/docs/panel-1.0/method.LayeredSettings.bind.html to /pkgs/libpanel/usr/share/doc/panel-1.0
Installing /blfs/builds/libpanel-1.10.4/build/docs/panel-1.0/method.Position.to_variant.html to /pkgs/libpanel/usr/share/doc/panel-1.0
Installing /blfs/builds/libpanel-1.10.4/build/docs/panel-1.0/method.Workbench.focus_workspace.html to /pkgs/libpanel/usr/share/doc/panel-1.0
Installing /blfs/builds/libpanel-1.10.4/build/docs/panel-1.0/property.SessionItem.position.html to /pkgs/libpanel/usr/share/doc/panel-1.0
Installing /blfs/builds/libpanel-1.10.4/build/docs/panel-1.0/method.MenuManager.get_menu_by_id.html to /pkgs/libpanel/usr/share/doc/panel-1.0
Installing /blfs/builds/libpanel-1.10.4/build/docs/panel-1.0/ctor.GridColumn.new.html to /pkgs/libpanel/usr/share/doc/panel-1.0
Installing /blfs/builds/libpanel-1.10.4/build/docs/panel-1.0/property.ToggleButton.dock.html to /pkgs/libpanel/usr/share/doc/panel-1.0
Installing /blfs/builds/libpanel-1.10.4/build/docs/panel-1.0/property.Dock.reveal-end.html to /pkgs/libpanel/usr/share/doc/panel-1.0
Installing /blfs/builds/libpanel-1.10.4/build/docs/panel-1.0/method.Settings.bind.html to /pkgs/libpanel/usr/share/doc/panel-1.0
Installing /blfs/builds/libpanel-1.10.4/build/docs/panel-1.0/property.OmniBar.menu-model.html to /pkgs/libpanel/usr/share/doc/panel-1.0
Installing /blfs/builds/libpanel-1.10.4/build/docs/panel-1.0/property.Widget.icon-name.html to /pkgs/libpanel/usr/share/doc/panel-1.0
Installing /blfs/builds/libpanel-1.10.4/build/docs/panel-1.0/method.Frame.set_child_pinned.html to /pkgs/libpanel/usr/share/doc/panel-1.0
Installing /blfs/builds/libpanel-1.10.4/build/docs/panel-1.0/property.LayeredSettings.path.html to /pkgs/libpanel/usr/share/doc/panel-1.0
Installing /blfs/builds/libpanel-1.10.4/build/docs/panel-1.0/method.Dock.get_reveal_area.html to /pkgs/libpanel/usr/share/doc/panel-1.0
Installing /blfs/builds/libpanel-1.10.4/build/docs/panel-1.0/method.Frame.get_placeholder.html to /pkgs/libpanel/usr/share/doc/panel-1.0
Installing /blfs/builds/libpanel-1.10.4/build/docs/panel-1.0/const.MAJOR_VERSION.html to /pkgs/libpanel/usr/share/doc/panel-1.0
Installing /blfs/builds/libpanel-1.10.4/build/docs/panel-1.0/method.Frame.set_visible_child.html to /pkgs/libpanel/usr/share/doc/panel-1.0
Installing /blfs/builds/libpanel-1.10.4/build/docs/panel-1.0/RedHatText-BoldItalic.woff to /pkgs/libpanel/usr/share/doc/panel-1.0
Installing /blfs/builds/libpanel-1.10.4/build/docs/panel-1.0/property.Widget.icon.html to /pkgs/libpanel/usr/share/doc/panel-1.0
Installing /blfs/builds/libpanel-1.10.4/build/docs/panel-1.0/RedHatText-Medium.woff2 to /pkgs/libpanel/usr/share/doc/panel-1.0
Installing /blfs/builds/libpanel-1.10.4/build/docs/panel-1.0/method.LayeredSettings.unbind.html to /pkgs/libpanel/usr/share/doc/panel-1.0
Installing /blfs/builds/libpanel-1.10.4/build/docs/panel-1.0/method.Widget.set_modified.html to /pkgs/libpanel/usr/share/doc/panel-1.0
Installing /blfs/builds/libpanel-1.10.4/build/docs/panel-1.0/method.Grid.foreach_frame.html to /pkgs/libpanel/usr/share/doc/panel-1.0
Installing /blfs/builds/libpanel-1.10.4/build/docs/panel-1.0/method.LayeredSettings.list_keys.html to /pkgs/libpanel/usr/share/doc/panel-1.0
Installing /blfs/builds/libpanel-1.10.4/build/docs/panel-1.0/method.Position.get_column_set.html to /pkgs/libpanel/usr/share/doc/panel-1.0
Installing /blfs/builds/libpanel-1.10.4/build/docs/panel-1.0/method.Dock.get_can_reveal_end.html to /pkgs/libpanel/usr/share/doc/panel-1.0
Installing /blfs/builds/libpanel-1.10.4/build/docs/panel-1.0/RedHatDisplay-Italic.woff to /pkgs/libpanel/usr/share/doc/panel-1.0
Installing /blfs/builds/libpanel-1.10.4/build/docs/panel-1.0/ctor.Statusbar.new.html to /pkgs/libpanel/usr/share/doc/panel-1.0
Installing /blfs/builds/libpanel-1.10.4/build/docs/panel-1.0/property.SessionItem.id.html to /pkgs/libpanel/usr/share/doc/panel-1.0
Installing /blfs/builds/libpanel-1.10.4/build/docs/panel-1.0/method.Position.get_depth.html to /pkgs/libpanel/usr/share/doc/panel-1.0
Installing /blfs/builds/libpanel-1.10.4/build/docs/panel-1.0/method.Frame.get_header.html to /pkgs/libpanel/usr/share/doc/panel-1.0
Installing /blfs/builds/libpanel-1.10.4/build/docs/panel-1.0/method.Paned.get_nth_child.html to /pkgs/libpanel/usr/share/doc/panel-1.0
Installing /blfs/builds/libpanel-1.10.4/build/docs/panel-1.0/method.Settings.set_int.html to /pkgs/libpanel/usr/share/doc/panel-1.0
Installing /blfs/builds/libpanel-1.10.4/build/docs/panel-1.0/method.Widget.set_tooltip.html to /pkgs/libpanel/usr/share/doc/panel-1.0
Installing /blfs/builds/libpanel-1.10.4/build/docs/panel-1.0/const.WIDGET_KIND_DOCUMENT.html to /pkgs/libpanel/usr/share/doc/panel-1.0
Installing /blfs/builds/libpanel-1.10.4/build/docs/panel-1.0/method.DocumentWorkspace.get_statusbar.html to /pkgs/libpanel/usr/share/doc/panel-1.0
Installing /blfs/builds/libpanel-1.10.4/build/docs/panel-1.0/property.Dock.can-reveal-top.html to /pkgs/libpanel/usr/share/doc/panel-1.0
Installing /blfs/builds/libpanel-1.10.4/build/docs/panel-1.0/property.FrameTabBar.expand-tabs.html to /pkgs/libpanel/usr/share/doc/panel-1.0
Installing /blfs/builds/libpanel-1.10.4/build/docs/panel-1.0/property.SaveDelegate.icon-name.html to /pkgs/libpanel/usr/share/doc/panel-1.0
Installing /blfs/builds/libpanel-1.10.4/build/docs/panel-1.0/method.LayeredSettings.append.html to /pkgs/libpanel/usr/share/doc/panel-1.0
Installing /blfs/builds/libpanel-1.10.4/build/docs/panel-1.0/property.Dock.reveal-bottom.html to /pkgs/libpanel/usr/share/doc/panel-1.0
Installing /blfs/builds/libpanel-1.10.4/build/docs/panel-1.0/property.Settings.identifier.html to /pkgs/libpanel/usr/share/doc/panel-1.0
Installing /blfs/builds/libpanel-1.10.4/build/docs/panel-1.0/method.Dock.set_end_width.html to /pkgs/libpanel/usr/share/doc/panel-1.0
Installing /blfs/builds/libpanel-1.10.4/build/docs/panel-1.0/method.SessionItem.set_metadata_value.html to /pkgs/libpanel/usr/share/doc/panel-1.0
Installing /blfs/builds/libpanel-1.10.4/build/docs/panel-1.0/property.Widget.id.html to /pkgs/libpanel/usr/share/doc/panel-1.0
Installing /blfs/builds/libpanel-1.10.4/build/docs/panel-1.0/signal.SaveDelegate.discard.html to /pkgs/libpanel/usr/share/doc/panel-1.0
Installing /blfs/builds/libpanel-1.10.4/build/docs/panel-1.0/method.LayeredSettings.set_boolean.html to /pkgs/libpanel/usr/share/doc/panel-1.0
Installing /blfs/builds/libpanel-1.10.4/build/docs/panel-1.0/func.marshal_OBJECT__OBJECTv.html to /pkgs/libpanel/usr/share/doc/panel-1.0
Installing /blfs/builds/libpanel-1.10.4/build/docs/panel-1.0/method.Widget.force_close.html to /pkgs/libpanel/usr/share/doc/panel-1.0
Installing /blfs/builds/libpanel-1.10.4/build/docs/panel-1.0/property.Dock.can-reveal-end.html to /pkgs/libpanel/usr/share/doc/panel-1.0
Installing /blfs/builds/libpanel-1.10.4/build/docs/panel-1.0/RedHatDisplay-BoldItalic.woff to /pkgs/libpanel/usr/share/doc/panel-1.0
Installing /blfs/builds/libpanel-1.10.4/build/docs/panel-1.0/class.LayeredSettings.html to /pkgs/libpanel/usr/share/doc/panel-1.0
Installing /blfs/builds/libpanel-1.10.4/build/docs/panel-1.0/property.Widget.reorderable.html to /pkgs/libpanel/usr/share/doc/panel-1.0
Installing /blfs/builds/libpanel-1.10.4/build/docs/panel-1.0/property.Widget.kind.html to /pkgs/libpanel/usr/share/doc/panel-1.0
Installing /blfs/builds/libpanel-1.10.4/build/docs/panel-1.0/class.DocumentWorkspace.html to /pkgs/libpanel/usr/share/doc/panel-1.0
Installing /blfs/builds/libpanel-1.10.4/build/docs/panel-1.0/method.Workbench.find_workspace_typed.html to /pkgs/libpanel/usr/share/doc/panel-1.0
Installing /blfs/builds/libpanel-1.10.4/build/docs/panel-1.0/method.OmniBar.set_progress.html to /pkgs/libpanel/usr/share/doc/panel-1.0
Installing /blfs/builds/libpanel-1.10.4/build/docs/panel-1.0/ctor.OmniBar.new.html to /pkgs/libpanel/usr/share/doc/panel-1.0
Installing /blfs/builds/libpanel-1.10.4/build/docs/panel-1.0/property.DocumentWorkspace.dock.html to /pkgs/libpanel/usr/share/doc/panel-1.0
Installing /blfs/builds/libpanel-1.10.4/build/docs/panel-1.0/method.Widget.set_can_maximize.html to /pkgs/libpanel/usr/share/doc/panel-1.0
Installing /blfs/builds/libpanel-1.10.4/build/docs/panel-1.0/property.OmniBar.icon-name.html to /pkgs/libpanel/usr/share/doc/panel-1.0
Installing /blfs/builds/libpanel-1.10.4/build/docs/panel-1.0/method.Widget.set_title.html to /pkgs/libpanel/usr/share/doc/panel-1.0
Installing /blfs/builds/libpanel-1.10.4/build/docs/panel-1.0/method.Session.to_variant.html to /pkgs/libpanel/usr/share/doc/panel-1.0
Installing /blfs/builds/libpanel-1.10.4/build/docs/panel-1.0/solarized-dark.css to /pkgs/libpanel/usr/share/doc/panel-1.0
Installing /blfs/builds/libpanel-1.10.4/build/docs/panel-1.0/method.ActionMuxer.remove_all.html to /pkgs/libpanel/usr/share/doc/panel-1.0
Installing /blfs/builds/libpanel-1.10.4/build/docs/panel-1.0/property.OmniBar.action-tooltip.html to /pkgs/libpanel/usr/share/doc/panel-1.0
Installing /blfs/builds/libpanel-1.10.4/build/docs/panel-1.0/method.Position.get_area.html to /pkgs/libpanel/usr/share/doc/panel-1.0
Installing /blfs/builds/libpanel-1.10.4/build/docs/panel-1.0/method.Widget.maximize.html to /pkgs/libpanel/usr/share/doc/panel-1.0
Installing /blfs/builds/libpanel-1.10.4/build/docs/panel-1.0/class.SaveDialog.html to /pkgs/libpanel/usr/share/doc/panel-1.0
Installing /blfs/builds/libpanel-1.10.4/build/docs/panel-1.0/method.Dock.get_can_reveal_bottom.html to /pkgs/libpanel/usr/share/doc/panel-1.0
Installing /blfs/builds/libpanel-1.10.4/build/docs/panel-1.0/method.MenuManager.find_item_by_id.html to /pkgs/libpanel/usr/share/doc/panel-1.0
Installing /blfs/builds/libpanel-1.10.4/build/docs/panel-1.0/method.SaveDialog.set_close_after_save.html to /pkgs/libpanel/usr/share/doc/panel-1.0
Installing /blfs/builds/libpanel-1.10.4/build/docs/panel-1.0/property.Widget.needs-attention.html to /pkgs/libpanel/usr/share/doc/panel-1.0
Installing /blfs/builds/libpanel-1.10.4/build/docs/panel-1.0/signal.Dock.adopt-widget.html to /pkgs/libpanel/usr/share/doc/panel-1.0
Installing /blfs/builds/libpanel-1.10.4/build/docs/panel-1.0/class.ActionMuxer.html to /pkgs/libpanel/usr/share/doc/panel-1.0
Installing /blfs/builds/libpanel-1.10.4/build/docs/panel-1.0/method.SaveDelegate.get_title.html to /pkgs/libpanel/usr/share/doc/panel-1.0
Installing /blfs/builds/libpanel-1.10.4/build/docs/panel-1.0/property.OmniBar.popover.html to /pkgs/libpanel/usr/share/doc/panel-1.0
Installing /blfs/builds/libpanel-1.10.4/build/docs/panel-1.0/method.SaveDelegate.get_progress.html to /pkgs/libpanel/usr/share/doc/panel-1.0
Installing /blfs/builds/libpanel-1.10.4/build/docs/panel-1.0/vfunc.SaveDelegate.save_finish.html to /pkgs/libpanel/usr/share/doc/panel-1.0
Installing /blfs/builds/libpanel-1.10.4/build/docs/panel-1.0/RedHatDisplay-Black.woff to /pkgs/libpanel/usr/share/doc/panel-1.0
Installing /blfs/builds/libpanel-1.10.4/build/docs/panel-1.0/method.Session.prepend.html to /pkgs/libpanel/usr/share/doc/panel-1.0
Installing /blfs/builds/libpanel-1.10.4/build/docs/panel-1.0/method.Frame.add.html to /pkgs/libpanel/usr/share/doc/panel-1.0
Installing /blfs/builds/libpanel-1.10.4/build/docs/panel-1.0/method.MenuManager.add_filename.html to /pkgs/libpanel/usr/share/doc/panel-1.0
Installing /blfs/builds/libpanel-1.10.4/build/docs/panel-1.0/method.LayeredSettings.get_double.html to /pkgs/libpanel/usr/share/doc/panel-1.0
Installing /blfs/builds/libpanel-1.10.4/build/docs/panel-1.0/vfunc.Dock.panel_drag_begin.html to /pkgs/libpanel/usr/share/doc/panel-1.0
Installing /blfs/builds/libpanel-1.10.4/build/docs/panel-1.0/signal.Settings.changed.html to /pkgs/libpanel/usr/share/doc/panel-1.0
Installing /blfs/builds/libpanel-1.10.4/build/docs/panel-1.0/const.MINOR_VERSION.html to /pkgs/libpanel/usr/share/doc/panel-1.0
Installing /blfs/builds/libpanel-1.10.4/build/docs/panel-1.0/method.SessionItem.set_workspace.html to /pkgs/libpanel/usr/share/doc/panel-1.0
Installing /blfs/builds/libpanel-1.10.4/build/docs/panel-1.0/ctor.SaveDelegate.new.html to /pkgs/libpanel/usr/share/doc/panel-1.0
Installing /blfs/builds/libpanel-1.10.4/build/docs/panel-1.0/method.SaveDelegate.set_subtitle.html to /pkgs/libpanel/usr/share/doc/panel-1.0
Installing /blfs/builds/libpanel-1.10.4/build/docs/panel-1.0/fonts.css to /pkgs/libpanel/usr/share/doc/panel-1.0
Installing /blfs/builds/libpanel-1.10.4/build/docs/panel-1.0/method.ThemeSelector.get_action_name.html to /pkgs/libpanel/usr/share/doc/panel-1.0
Installing /blfs/builds/libpanel-1.10.4/build/docs/panel-1.0/property.FrameTabBar.inverted.html to /pkgs/libpanel/usr/share/doc/panel-1.0
Installing /blfs/builds/libpanel-1.10.4/build/docs/panel-1.0/method.Position.set_column.html to /pkgs/libpanel/usr/share/doc/panel-1.0
Installing /blfs/builds/libpanel-1.10.4/build/docs/panel-1.0/index.html to /pkgs/libpanel/usr/share/doc/panel-1.0
Installing /blfs/builds/libpanel-1.10.4/build/docs/panel-1.0/method.Dock.set_reveal_end.html to /pkgs/libpanel/usr/share/doc/panel-1.0
Installing /blfs/builds/libpanel-1.10.4/build/docs/panel-1.0/class.Inhibitor.html to /pkgs/libpanel/usr/share/doc/panel-1.0
Installing /blfs/builds/libpanel-1.10.4/build/docs/panel-1.0/property.Position.column.html to /pkgs/libpanel/usr/share/doc/panel-1.0
Installing /blfs/builds/libpanel-1.10.4/build/docs/panel-1.0/property.Frame.empty.html to /pkgs/libpanel/usr/share/doc/panel-1.0
Installing /blfs/builds/libpanel-1.10.4/build/docs/panel-1.0/method.Widget.get_child.html to /pkgs/libpanel/usr/share/doc/panel-1.0
Installing /blfs/builds/libpanel-1.10.4/build/docs/panel-1.0/method.Frame.get_visible_child.html to /pkgs/libpanel/usr/share/doc/panel-1.0
Installing /blfs/builds/libpanel-1.10.4/build/docs/panel-1.0/method.Position.get_depth_set.html to /pkgs/libpanel/usr/share/doc/panel-1.0
Installing /blfs/builds/libpanel-1.10.4/build/docs/panel-1.0/method.Position.set_column_set.html to /pkgs/libpanel/usr/share/doc/panel-1.0
Installing /blfs/builds/libpanel-1.10.4/build/docs/panel-1.0/method.GridColumn.get_n_rows.html to /pkgs/libpanel/usr/share/doc/panel-1.0
Installing /blfs/builds/libpanel-1.10.4/build/docs/panel-1.0/method.ChangesDialog.set_close_after_save.html to /pkgs/libpanel/usr/share/doc/panel-1.0
Installing /blfs/builds/libpanel-1.10.4/build/docs/panel-1.0/RedHatText-BoldItalic.woff2 to /pkgs/libpanel/usr/share/doc/panel-1.0
Installing /blfs/builds/libpanel-1.10.4/build/docs/panel-1.0/property.Widget.title.html to /pkgs/libpanel/usr/share/doc/panel-1.0
Installing /blfs/builds/libpanel-1.10.4/build/docs/panel-1.0/method.Widget.get_busy.html to /pkgs/libpanel/usr/share/doc/panel-1.0
Installing /blfs/builds/libpanel-1.10.4/build/docs/panel-1.0/const.MICRO_VERSION.html to /pkgs/libpanel/usr/share/doc/panel-1.0
Installing /blfs/builds/libpanel-1.10.4/build/docs/panel-1.0/method.MenuManager.get_menu_ids.html to /pkgs/libpanel/usr/share/doc/panel-1.0
Installing /blfs/builds/libpanel-1.10.4/build/docs/panel-1.0/method.Widget.get_id.html to /pkgs/libpanel/usr/share/doc/panel-1.0
Installing /blfs/builds/libpanel-1.10.4/build/docs/panel-1.0/type_func.Workspace.find_from_widget.html to /pkgs/libpanel/usr/share/doc/panel-1.0
Installing /blfs/builds/libpanel-1.10.4/src/libpanel.h to /pkgs/libpanel/usr/include/libpanel-1
Installing /blfs/builds/libpanel-1.10.4/src/panel-action-group.h to /pkgs/libpanel/usr/include/libpanel-1
Installing /blfs/builds/libpanel-1.10.4/src/panel-action-muxer.h to /pkgs/libpanel/usr/include/libpanel-1
Installing /blfs/builds/libpanel-1.10.4/src/panel-application.h to /pkgs/libpanel/usr/include/libpanel-1
Installing /blfs/builds/libpanel-1.10.4/src/panel-changes-dialog.h to /pkgs/libpanel/usr/include/libpanel-1
Installing /blfs/builds/libpanel-1.10.4/src/panel-dock.h to /pkgs/libpanel/usr/include/libpanel-1
Installing /blfs/builds/libpanel-1.10.4/src/panel-document-workspace.h to /pkgs/libpanel/usr/include/libpanel-1
Installing /blfs/builds/libpanel-1.10.4/src/panel-frame.h to /pkgs/libpanel/usr/include/libpanel-1
Installing /blfs/builds/libpanel-1.10.4/src/panel-frame-header-bar.h to /pkgs/libpanel/usr/include/libpanel-1
Installing /blfs/builds/libpanel-1.10.4/src/panel-frame-header.h to /pkgs/libpanel/usr/include/libpanel-1
Installing /blfs/builds/libpanel-1.10.4/src/panel-frame-switcher.h to /pkgs/libpanel/usr/include/libpanel-1
Installing /blfs/builds/libpanel-1.10.4/src/panel-frame-tab-bar.h to /pkgs/libpanel/usr/include/libpanel-1
Installing /blfs/builds/libpanel-1.10.4/src/panel-grid.h to /pkgs/libpanel/usr/include/libpanel-1
Installing /blfs/builds/libpanel-1.10.4/src/panel-grid-column.h to /pkgs/libpanel/usr/include/libpanel-1
Installing /blfs/builds/libpanel-1.10.4/src/panel-gsettings-action-group.h to /pkgs/libpanel/usr/include/libpanel-1
Installing /blfs/builds/libpanel-1.10.4/src/panel-inhibitor.h to /pkgs/libpanel/usr/include/libpanel-1
Installing /blfs/builds/libpanel-1.10.4/src/panel-init.h to /pkgs/libpanel/usr/include/libpanel-1
Installing /blfs/builds/libpanel-1.10.4/src/panel-layered-settings.h to /pkgs/libpanel/usr/include/libpanel-1
Installing /blfs/builds/libpanel-1.10.4/src/panel-menu-manager.h to /pkgs/libpanel/usr/include/libpanel-1
Installing /blfs/builds/libpanel-1.10.4/src/panel-omni-bar.h to /pkgs/libpanel/usr/include/libpanel-1
Installing /blfs/builds/libpanel-1.10.4/src/panel-paned.h to /pkgs/libpanel/usr/include/libpanel-1
Installing /blfs/builds/libpanel-1.10.4/src/panel-position.h to /pkgs/libpanel/usr/include/libpanel-1
Installing /blfs/builds/libpanel-1.10.4/src/panel-save-dialog.h to /pkgs/libpanel/usr/include/libpanel-1
Installing /blfs/builds/libpanel-1.10.4/src/panel-save-delegate.h to /pkgs/libpanel/usr/include/libpanel-1
Installing /blfs/builds/libpanel-1.10.4/src/panel-session.h to /pkgs/libpanel/usr/include/libpanel-1
Installing /blfs/builds/libpanel-1.10.4/src/panel-session-item.h to /pkgs/libpanel/usr/include/libpanel-1
Installing /blfs/builds/libpanel-1.10.4/src/panel-settings.h to /pkgs/libpanel/usr/include/libpanel-1
Installing /blfs/builds/libpanel-1.10.4/src/panel-statusbar.h to /pkgs/libpanel/usr/include/libpanel-1
Installing /blfs/builds/libpanel-1.10.4/src/panel-theme-selector.h to /pkgs/libpanel/usr/include/libpanel-1
Installing /blfs/builds/libpanel-1.10.4/src/panel-toggle-button.h to /pkgs/libpanel/usr/include/libpanel-1
Installing /blfs/builds/libpanel-1.10.4/src/panel-version-macros.h to /pkgs/libpanel/usr/include/libpanel-1
Installing /blfs/builds/libpanel-1.10.4/src/panel-types.h to /pkgs/libpanel/usr/include/libpanel-1
Installing /blfs/builds/libpanel-1.10.4/src/panel-widget.h to /pkgs/libpanel/usr/include/libpanel-1
Installing /blfs/builds/libpanel-1.10.4/src/panel-workbench.h to /pkgs/libpanel/usr/include/libpanel-1
Installing /blfs/builds/libpanel-1.10.4/build/src/panel-version.h to /pkgs/libpanel/usr/include/libpanel-1
Installing /blfs/builds/libpanel-1.10.4/build/meson-private/libpanel-1.pc to /pkgs/libpanel/usr/lib/pkgconfig
Installing /blfs/builds/libpanel-1.10.4/build/meson-private/libpanel-1.deps to /pkgs/libpanel/usr/share/vala/vapi
Installing symlink pointing to libpanel-1.so.1.0.0 to /pkgs/libpanel/usr/lib/libpanel-1.so.1
Installing symlink pointing to libpanel-1.so.1 to /pkgs/libpanel/usr/lib/libpanel-1.so
Skipping custom install script because DESTDIR is set '/usr/bin/gtk4-update-icon-cache -q -t -f /usr/share/icons/hicolor'
[0/1] Installing files
Installing subdir /blfs/builds/libpanel-1.10.4/data/icons/hicolor/scalable to /usr/share/icons/hicolor/scalable
Installing /blfs/builds/libpanel-1.10.4/data/icons/hicolor/scalable/actions/panel-bottom-symbolic.svg to /usr/share/icons/hicolor/scalable/actions
Installing /blfs/builds/libpanel-1.10.4/data/icons/hicolor/scalable/actions/panel-left-symbolic.svg to /usr/share/icons/hicolor/scalable/actions
Installing /blfs/builds/libpanel-1.10.4/data/icons/hicolor/scalable/actions/panel-modified-symbolic.svg to /usr/share/icons/hicolor/scalable/actions
Installing /blfs/builds/libpanel-1.10.4/data/icons/hicolor/scalable/actions/panel-right-symbolic.svg to /usr/share/icons/hicolor/scalable/actions
Installing /blfs/builds/libpanel-1.10.4/data/icons/hicolor/scalable/actions/panel-center-symbolic.svg to /usr/share/icons/hicolor/scalable/actions
Installing /blfs/builds/libpanel-1.10.4/data/icons/hicolor/scalable/actions/panel-top-symbolic.svg to /usr/share/icons/hicolor/scalable/actions
Installing src/panel-enums.h to /usr/include/libpanel-1
Installing src/libpanel-1.so.1.0.0 to /usr/lib
Installing src/Panel-1.gir to /usr/share/gir-1.0
Installing src/Panel-1.typelib to /usr/lib/girepository-1.0
Installing src/libpanel-1.vapi to /usr/share/vala/vapi
Installing po/ab/LC_MESSAGES/libpanel.mo to /usr/share/locale/ab/LC_MESSAGES
Installing po/be/LC_MESSAGES/libpanel.mo to /usr/share/locale/be/LC_MESSAGES
Installing po/bg/LC_MESSAGES/libpanel.mo to /usr/share/locale/bg/LC_MESSAGES
Installing po/ca/LC_MESSAGES/libpanel.mo to /usr/share/locale/ca/LC_MESSAGES
Installing po/cs/LC_MESSAGES/libpanel.mo to /usr/share/locale/cs/LC_MESSAGES
Installing po/da/LC_MESSAGES/libpanel.mo to /usr/share/locale/da/LC_MESSAGES
Installing po/de/LC_MESSAGES/libpanel.mo to /usr/share/locale/de/LC_MESSAGES
Installing po/el/LC_MESSAGES/libpanel.mo to /usr/share/locale/el/LC_MESSAGES
Installing po/en_GB/LC_MESSAGES/libpanel.mo to /usr/share/locale/en_GB/LC_MESSAGES
Installing po/eo/LC_MESSAGES/libpanel.mo to /usr/share/locale/eo/LC_MESSAGES
Installing po/eu/LC_MESSAGES/libpanel.mo to /usr/share/locale/eu/LC_MESSAGES
Installing po/es/LC_MESSAGES/libpanel.mo to /usr/share/locale/es/LC_MESSAGES
Installing po/fa/LC_MESSAGES/libpanel.mo to /usr/share/locale/fa/LC_MESSAGES
Installing po/fi/LC_MESSAGES/libpanel.mo to /usr/share/locale/fi/LC_MESSAGES
Installing po/fr/LC_MESSAGES/libpanel.mo to /usr/share/locale/fr/LC_MESSAGES
Installing po/fur/LC_MESSAGES/libpanel.mo to /usr/share/locale/fur/LC_MESSAGES
Installing po/gl/LC_MESSAGES/libpanel.mo to /usr/share/locale/gl/LC_MESSAGES
Installing po/he/LC_MESSAGES/libpanel.mo to /usr/share/locale/he/LC_MESSAGES
Installing po/hi/LC_MESSAGES/libpanel.mo to /usr/share/locale/hi/LC_MESSAGES
Installing po/hr/LC_MESSAGES/libpanel.mo to /usr/share/locale/hr/LC_MESSAGES
Installing po/hu/LC_MESSAGES/libpanel.mo to /usr/share/locale/hu/LC_MESSAGES
Installing po/id/LC_MESSAGES/libpanel.mo to /usr/share/locale/id/LC_MESSAGES
Installing po/ie/LC_MESSAGES/libpanel.mo to /usr/share/locale/ie/LC_MESSAGES
Installing po/is/LC_MESSAGES/libpanel.mo to /usr/share/locale/is/LC_MESSAGES
Installing po/it/LC_MESSAGES/libpanel.mo to /usr/share/locale/it/LC_MESSAGES
Installing po/ka/LC_MESSAGES/libpanel.mo to /usr/share/locale/ka/LC_MESSAGES
Installing po/kab/LC_MESSAGES/libpanel.mo to /usr/share/locale/kab/LC_MESSAGES
Installing po/kk/LC_MESSAGES/libpanel.mo to /usr/share/locale/kk/LC_MESSAGES
Installing po/ko/LC_MESSAGES/libpanel.mo to /usr/share/locale/ko/LC_MESSAGES
Installing po/kw/LC_MESSAGES/libpanel.mo to /usr/share/locale/kw/LC_MESSAGES
Installing po/lt/LC_MESSAGES/libpanel.mo to /usr/share/locale/lt/LC_MESSAGES
Installing po/lv/LC_MESSAGES/libpanel.mo to /usr/share/locale/lv/LC_MESSAGES
Installing po/nb/LC_MESSAGES/libpanel.mo to /usr/share/locale/nb/LC_MESSAGES
Installing po/ne/LC_MESSAGES/libpanel.mo to /usr/share/locale/ne/LC_MESSAGES
Installing po/nl/LC_MESSAGES/libpanel.mo to /usr/share/locale/nl/LC_MESSAGES
Installing po/oc/LC_MESSAGES/libpanel.mo to /usr/share/locale/oc/LC_MESSAGES
Installing po/pa/LC_MESSAGES/libpanel.mo to /usr/share/locale/pa/LC_MESSAGES
Installing po/pl/LC_MESSAGES/libpanel.mo to /usr/share/locale/pl/LC_MESSAGES
Installing po/pt/LC_MESSAGES/libpanel.mo to /usr/share/locale/pt/LC_MESSAGES
Installing po/pt_BR/LC_MESSAGES/libpanel.mo to /usr/share/locale/pt_BR/LC_MESSAGES
Installing po/ro/LC_MESSAGES/libpanel.mo to /usr/share/locale/ro/LC_MESSAGES
Installing po/ru/LC_MESSAGES/libpanel.mo to /usr/share/locale/ru/LC_MESSAGES
Installing po/sk/LC_MESSAGES/libpanel.mo to /usr/share/locale/sk/LC_MESSAGES
Installing po/sl/LC_MESSAGES/libpanel.mo to /usr/share/locale/sl/LC_MESSAGES
Installing po/sr/LC_MESSAGES/libpanel.mo to /usr/share/locale/sr/LC_MESSAGES
Installing po/sv/LC_MESSAGES/libpanel.mo to /usr/share/locale/sv/LC_MESSAGES
Installing po/tr/LC_MESSAGES/libpanel.mo to /usr/share/locale/tr/LC_MESSAGES
Installing po/ug/LC_MESSAGES/libpanel.mo to /usr/share/locale/ug/LC_MESSAGES
Installing po/uk/LC_MESSAGES/libpanel.mo to /usr/share/locale/uk/LC_MESSAGES
Installing po/zh_CN/LC_MESSAGES/libpanel.mo to /usr/share/locale/zh_CN/LC_MESSAGES
Installing po/zh_TW/LC_MESSAGES/libpanel.mo to /usr/share/locale/zh_TW/LC_MESSAGES
Installing /blfs/builds/libpanel-1.10.4/build/docs/panel-1.0/method.LayeredSettings.get_int.html to /usr/share/doc/panel-1.0
Installing /blfs/builds/libpanel-1.10.4/build/docs/panel-1.0/method.LayeredSettings.set_double.html to /usr/share/doc/panel-1.0
Installing /blfs/builds/libpanel-1.10.4/build/docs/panel-1.0/method.LayeredSettings.bind_with_mapping.html to /usr/share/doc/panel-1.0
Installing /blfs/builds/libpanel-1.10.4/build/docs/panel-1.0/go-up-symbolic.png to /usr/share/doc/panel-1.0
Installing /blfs/builds/libpanel-1.10.4/build/docs/panel-1.0/method.Widget.set_needs_attention.html to /usr/share/doc/panel-1.0
Installing /blfs/builds/libpanel-1.10.4/build/docs/panel-1.0/vfunc.Frame.page_closed.html to /usr/share/doc/panel-1.0
Installing /blfs/builds/libpanel-1.10.4/build/docs/panel-1.0/method.Position.is_indeterminate.html to /usr/share/doc/panel-1.0
Installing /blfs/builds/libpanel-1.10.4/build/docs/panel-1.0/method.Session.lookup_by_id.html to /usr/share/doc/panel-1.0
Installing /blfs/builds/libpanel-1.10.4/build/docs/panel-1.0/method.SaveDelegate.set_title.html to /usr/share/doc/panel-1.0
Installing /blfs/builds/libpanel-1.10.4/build/docs/panel-1.0/method.Position.get_row.html to /usr/share/doc/panel-1.0
Installing /blfs/builds/libpanel-1.10.4/build/docs/panel-1.0/func.marshal_BOOLEAN__OBJECT_OBJECTv.html to /usr/share/doc/panel-1.0
Installing /blfs/builds/libpanel-1.10.4/build/docs/panel-1.0/property.LayeredSettings.schema-id.html to /usr/share/doc/panel-1.0
Installing /blfs/builds/libpanel-1.10.4/build/docs/panel-1.0/method.GridColumn.get_most_recent_frame.html to /usr/share/doc/panel-1.0
Installing /blfs/builds/libpanel-1.10.4/build/docs/panel-1.0/property.Frame.placeholder.html to /usr/share/doc/panel-1.0
Installing /blfs/builds/libpanel-1.10.4/build/docs/panel-1.0/method.Session.remove.html to /usr/share/doc/panel-1.0
Installing /blfs/builds/libpanel-1.10.4/build/docs/panel-1.0/method.LayeredSettings.get_default_value.html to /usr/share/doc/panel-1.0
Installing /blfs/builds/libpanel-1.10.4/build/docs/panel-1.0/enum.Area.html to /usr/share/doc/panel-1.0
Installing /blfs/builds/libpanel-1.10.4/build/docs/panel-1.0/RedHatDisplay-BlackItalic.woff to /usr/share/doc/panel-1.0
Installing /blfs/builds/libpanel-1.10.4/build/docs/panel-1.0/RedHatDisplay-Regular.woff2 to /usr/share/doc/panel-1.0
Installing /blfs/builds/libpanel-1.10.4/build/docs/panel-1.0/property.Widget.busy.html to /usr/share/doc/panel-1.0
Installing /blfs/builds/libpanel-1.10.4/build/docs/panel-1.0/method.OmniBar.start_pulsing.html to /usr/share/doc/panel-1.0
Installing /blfs/builds/libpanel-1.10.4/build/docs/panel-1.0/method.Settings.get_int.html to /usr/share/doc/panel-1.0
Installing /blfs/builds/libpanel-1.10.4/build/docs/panel-1.0/method.Settings.set_double.html to /usr/share/doc/panel-1.0
Installing /blfs/builds/libpanel-1.10.4/build/docs/panel-1.0/property.Dock.bottom-height.html to /usr/share/doc/panel-1.0
Installing /blfs/builds/libpanel-1.10.4/build/docs/panel-1.0/method.Workspace.get_id.html to /usr/share/doc/panel-1.0
Installing /blfs/builds/libpanel-1.10.4/build/docs/panel-1.0/method.Widget.get_title.html to /usr/share/doc/panel-1.0
Installing /blfs/builds/libpanel-1.10.4/build/docs/panel-1.0/class_method.Widget.install_property_action.html to /usr/share/doc/panel-1.0
Installing /blfs/builds/libpanel-1.10.4/build/docs/panel-1.0/vfunc.Workbench.unload_finish.html to /usr/share/doc/panel-1.0
Installing /blfs/builds/libpanel-1.10.4/build/docs/panel-1.0/type_func.GSettingsActionGroup.new.html to /usr/share/doc/panel-1.0
Installing /blfs/builds/libpanel-1.10.4/build/docs/panel-1.0/method.Statusbar.remove.html to /usr/share/doc/panel-1.0
Installing /blfs/builds/libpanel-1.10.4/build/docs/panel-1.0/method.Widget.action_set_enabled.html to /usr/share/doc/panel-1.0
Installing /blfs/builds/libpanel-1.10.4/build/docs/panel-1.0/SourceCodePro-Regular.ttf.woff to /usr/share/doc/panel-1.0
Installing /blfs/builds/libpanel-1.10.4/build/docs/panel-1.0/method.SaveDelegate.get_is_draft.html to /usr/share/doc/panel-1.0
Installing /blfs/builds/libpanel-1.10.4/build/docs/panel-1.0/method.Workbench.action_set_enabled.html to /usr/share/doc/panel-1.0
Installing /blfs/builds/libpanel-1.10.4/build/docs/panel-1.0/signal.DocumentWorkspace.add-widget.html to /usr/share/doc/panel-1.0
Installing /blfs/builds/libpanel-1.10.4/build/docs/panel-1.0/property.SaveDelegate.is-draft.html to /usr/share/doc/panel-1.0
Installing /blfs/builds/libpanel-1.10.4/build/docs/panel-1.0/RedHatDisplay-Bold.woff2 to /usr/share/doc/panel-1.0
Installing /blfs/builds/libpanel-1.10.4/build/docs/panel-1.0/method.Frame.get_empty.html to /usr/share/doc/panel-1.0
Installing /blfs/builds/libpanel-1.10.4/build/docs/panel-1.0/method.ChangesDialog.run_finish.html to /usr/share/doc/panel-1.0
Installing /blfs/builds/libpanel-1.10.4/build/docs/panel-1.0/method.Grid.agree_to_close_finish.html to /usr/share/doc/panel-1.0
Installing /blfs/builds/libpanel-1.10.4/build/docs/panel-1.0/method.Paned.insert.html to /usr/share/doc/panel-1.0
Installing /blfs/builds/libpanel-1.10.4/build/docs/panel-1.0/signal.DocumentWorkspace.create-frame.html to /usr/share/doc/panel-1.0
Installing /blfs/builds/libpanel-1.10.4/build/docs/panel-1.0/property.Dock.top-height.html to /usr/share/doc/panel-1.0
Installing /blfs/builds/libpanel-1.10.4/build/docs/panel-1.0/method.SaveDelegate.save_finish.html to /usr/share/doc/panel-1.0
Installing /blfs/builds/libpanel-1.10.4/build/docs/panel-1.0/method.Workspace.action_set_enabled.html to /usr/share/doc/panel-1.0
Installing /blfs/builds/libpanel-1.10.4/build/docs/panel-1.0/class.Workspace.html to /usr/share/doc/panel-1.0
Installing /blfs/builds/libpanel-1.10.4/build/docs/panel-1.0/RedHatDisplay-Medium.woff to /usr/share/doc/panel-1.0
Installing /blfs/builds/libpanel-1.10.4/build/docs/panel-1.0/solarized-light.css to /usr/share/doc/panel-1.0
Installing /blfs/builds/libpanel-1.10.4/build/docs/panel-1.0/ctor.DocumentWorkspace.new.html to /usr/share/doc/panel-1.0
Installing /blfs/builds/libpanel-1.10.4/build/docs/panel-1.0/method.Widget.get_can_maximize.html to /usr/share/doc/panel-1.0
Installing /blfs/builds/libpanel-1.10.4/build/docs/panel-1.0/class.SessionItem.html to /usr/share/doc/panel-1.0
Installing /blfs/builds/libpanel-1.10.4/build/docs/panel-1.0/property.Widget.save-delegate.html to /usr/share/doc/panel-1.0
Installing /blfs/builds/libpanel-1.10.4/build/docs/panel-1.0/toggle-button.png to /usr/share/doc/panel-1.0
Installing /blfs/builds/libpanel-1.10.4/build/docs/panel-1.0/method.LayeredSettings.get_string.html to /usr/share/doc/panel-1.0
Installing /blfs/builds/libpanel-1.10.4/build/docs/panel-1.0/method.Settings.get_uint.html to /usr/share/doc/panel-1.0
Installing /blfs/builds/libpanel-1.10.4/build/docs/panel-1.0/RedHatDisplay-Bold.woff to /usr/share/doc/panel-1.0
Installing /blfs/builds/libpanel-1.10.4/build/docs/panel-1.0/RedHatText-MediumItalic.woff2 to /usr/share/doc/panel-1.0
Installing /blfs/builds/libpanel-1.10.4/build/docs/panel-1.0/method.Widget.set_child.html to /usr/share/doc/panel-1.0
Installing /blfs/builds/libpanel-1.10.4/build/docs/panel-1.0/method.ChangesDialog.get_close_after_save.html to /usr/share/doc/panel-1.0
Installing /blfs/builds/libpanel-1.10.4/build/docs/panel-1.0/property.Position.area.html to /usr/share/doc/panel-1.0
Installing /blfs/builds/libpanel-1.10.4/build/docs/panel-1.0/method.Dock.get_reveal_end.html to /usr/share/doc/panel-1.0
Installing /blfs/builds/libpanel-1.10.4/build/docs/panel-1.0/method.Widget.set_id.html to /usr/share/doc/panel-1.0
Installing /blfs/builds/libpanel-1.10.4/build/docs/panel-1.0/method.FrameTabBar.get_autohide.html to /usr/share/doc/panel-1.0
Installing /blfs/builds/libpanel-1.10.4/build/docs/panel-1.0/class_method.Workbench.install_action.html to /usr/share/doc/panel-1.0
Installing /blfs/builds/libpanel-1.10.4/build/docs/panel-1.0/method.Dock.get_reveal_start.html to /usr/share/doc/panel-1.0
Installing /blfs/builds/libpanel-1.10.4/build/docs/panel-1.0/method.Widget.get_icon_name.html to /usr/share/doc/panel-1.0
Installing /blfs/builds/libpanel-1.10.4/build/docs/panel-1.0/method.Grid.add.html to /usr/share/doc/panel-1.0
Installing /blfs/builds/libpanel-1.10.4/build/docs/panel-1.0/method.Session.get_item.html to /usr/share/doc/panel-1.0
Installing /blfs/builds/libpanel-1.10.4/build/docs/panel-1.0/method.FrameTabBar.get_inverted.html to /usr/share/doc/panel-1.0
Installing /blfs/builds/libpanel-1.10.4/build/docs/panel-1.0/property.Settings.schema-id-prefix.html to /usr/share/doc/panel-1.0
Installing /blfs/builds/libpanel-1.10.4/build/docs/panel-1.0/class.Session.html to /usr/share/doc/panel-1.0
Installing /blfs/builds/libpanel-1.10.4/build/docs/panel-1.0/ctor.Settings.new_with_path.html to /usr/share/doc/panel-1.0
Installing /blfs/builds/libpanel-1.10.4/build/docs/panel-1.0/func.get_micro_version.html to /usr/share/doc/panel-1.0
Installing /blfs/builds/libpanel-1.10.4/build/docs/panel-1.0/method.LayeredSettings.set_uint.html to /usr/share/doc/panel-1.0
Installing /blfs/builds/libpanel-1.10.4/build/docs/panel-1.0/method.Grid.get_column.html to /usr/share/doc/panel-1.0
Installing /blfs/builds/libpanel-1.10.4/build/docs/panel-1.0/class.FrameTabBar.html to /usr/share/doc/panel-1.0
Installing /blfs/builds/libpanel-1.10.4/build/docs/panel-1.0/RedHatText-Italic.woff2 to /usr/share/doc/panel-1.0
Installing /blfs/builds/libpanel-1.10.4/build/docs/panel-1.0/method.Paned.append.html to /usr/share/doc/panel-1.0
Installing /blfs/builds/libpanel-1.10.4/build/docs/panel-1.0/property.Position.row.html to /usr/share/doc/panel-1.0
Installing /blfs/builds/libpanel-1.10.4/build/docs/panel-1.0/class.Statusbar.html to /usr/share/doc/panel-1.0
Installing /blfs/builds/libpanel-1.10.4/build/docs/panel-1.0/ctor.Frame.new.html to /usr/share/doc/panel-1.0
Installing /blfs/builds/libpanel-1.10.4/build/docs/panel-1.0/property.SessionItem.type-hint.html to /usr/share/doc/panel-1.0
Installing /blfs/builds/libpanel-1.10.4/build/docs/panel-1.0/method.Widget.get_icon.html to /usr/share/doc/panel-1.0
Installing /blfs/builds/libpanel-1.10.4/build/docs/panel-1.0/method.Settings.get_string.html to /usr/share/doc/panel-1.0
Installing /blfs/builds/libpanel-1.10.4/build/docs/panel-1.0/method.Widget.mark_busy.html to /usr/share/doc/panel-1.0
Installing /blfs/builds/libpanel-1.10.4/build/docs/panel-1.0/method.Widget.insert_action_group.html to /usr/share/doc/panel-1.0
Installing /blfs/builds/libpanel-1.10.4/build/docs/panel-1.0/vfunc.SaveDelegate.save.html to /usr/share/doc/panel-1.0
Installing /blfs/builds/libpanel-1.10.4/build/docs/panel-1.0/method.Paned.prepend.html to /usr/share/doc/panel-1.0
Installing /blfs/builds/libpanel-1.10.4/build/docs/panel-1.0/method.FrameHeader.page_changed.html to /usr/share/doc/panel-1.0
Installing /blfs/builds/libpanel-1.10.4/build/docs/panel-1.0/type_func.Workbench.find_from_widget.html to /usr/share/doc/panel-1.0
Installing /blfs/builds/libpanel-1.10.4/build/docs/panel-1.0/method.SaveDelegate.get_icon.html to /usr/share/doc/panel-1.0
Installing /blfs/builds/libpanel-1.10.4/build/docs/panel-1.0/method.Widget.get_save_delegate.html to /usr/share/doc/panel-1.0
Installing /blfs/builds/libpanel-1.10.4/build/docs/panel-1.0/main.js to /usr/share/doc/panel-1.0
Installing /blfs/builds/libpanel-1.10.4/build/docs/panel-1.0/method.Dock.get_can_reveal_start.html to /usr/share/doc/panel-1.0
Installing /blfs/builds/libpanel-1.10.4/build/docs/panel-1.0/method.Session.remove_at.html to /usr/share/doc/panel-1.0
Installing /blfs/builds/libpanel-1.10.4/build/docs/panel-1.0/method.Dock.set_top_height.html to /usr/share/doc/panel-1.0
Installing /blfs/builds/libpanel-1.10.4/build/docs/panel-1.0/type_func.Settings.resolve_schema_path.html to /usr/share/doc/panel-1.0
Installing /blfs/builds/libpanel-1.10.4/build/docs/panel-1.0/func.get_resource.html to /usr/share/doc/panel-1.0
Installing /blfs/builds/libpanel-1.10.4/build/docs/panel-1.0/method.SessionItem.set_type_hint.html to /usr/share/doc/panel-1.0
Installing /blfs/builds/libpanel-1.10.4/build/docs/panel-1.0/method.SaveDelegate.close.html to /usr/share/doc/panel-1.0
Installing /blfs/builds/libpanel-1.10.4/build/docs/panel-1.0/signal.SaveDelegate.save.html to /usr/share/doc/panel-1.0
Installing /blfs/builds/libpanel-1.10.4/build/docs/panel-1.0/method.Inhibitor.uninhibit.html to /usr/share/doc/panel-1.0
Installing /blfs/builds/libpanel-1.10.4/build/docs/panel-1.0/method.Settings.set_string.html to /usr/share/doc/panel-1.0
Installing /blfs/builds/libpanel-1.10.4/build/docs/panel-1.0/introduction.html to /usr/share/doc/panel-1.0
Installing /blfs/builds/libpanel-1.10.4/build/docs/panel-1.0/vfunc.SaveDelegate.discard.html to /usr/share/doc/panel-1.0
Installing /blfs/builds/libpanel-1.10.4/build/docs/panel-1.0/method.SessionItem.get_workspace.html to /usr/share/doc/panel-1.0
Installing /blfs/builds/libpanel-1.10.4/build/docs/panel-1.0/method.Widget.set_kind.html to /usr/share/doc/panel-1.0
Installing /blfs/builds/libpanel-1.10.4/build/docs/panel-1.0/ctor.Grid.new.html to /usr/share/doc/panel-1.0
Installing /blfs/builds/libpanel-1.10.4/build/docs/panel-1.0/property.Frame.closeable.html to /usr/share/doc/panel-1.0
Installing /blfs/builds/libpanel-1.10.4/build/docs/panel-1.0/method.SaveDialog.add_delegate.html to /usr/share/doc/panel-1.0
Installing /blfs/builds/libpanel-1.10.4/build/docs/panel-1.0/vfunc.DocumentWorkspace.create_frame.html to /usr/share/doc/panel-1.0
Installing /blfs/builds/libpanel-1.10.4/build/docs/panel-1.0/method.SessionItem.set_position.html to /usr/share/doc/panel-1.0
Installing /blfs/builds/libpanel-1.10.4/build/docs/panel-1.0/method.SaveDelegate.save_async.html to /usr/share/doc/panel-1.0
Installing /blfs/builds/libpanel-1.10.4/build/docs/panel-1.0/method.Settings.bind_with_mapping.html to /usr/share/doc/panel-1.0
Installing /blfs/builds/libpanel-1.10.4/build/docs/panel-1.0/method.Widget.set_save_delegate.html to /usr/share/doc/panel-1.0
Installing /blfs/builds/libpanel-1.10.4/build/docs/panel-1.0/RedHatText-MediumItalic.woff to /usr/share/doc/panel-1.0
Installing /blfs/builds/libpanel-1.10.4/build/docs/panel-1.0/property.Position.row-set.html to /usr/share/doc/panel-1.0
Installing /blfs/builds/libpanel-1.10.4/build/docs/panel-1.0/method.Settings.get_double.html to /usr/share/doc/panel-1.0
Installing /blfs/builds/libpanel-1.10.4/build/docs/panel-1.0/RedHatText-Bold.woff2 to /usr/share/doc/panel-1.0
Installing /blfs/builds/libpanel-1.10.4/build/docs/panel-1.0/callback.ActionActivateFunc.html to /usr/share/doc/panel-1.0
Installing /blfs/builds/libpanel-1.10.4/build/docs/panel-1.0/class.Application.html to /usr/share/doc/panel-1.0
Installing /blfs/builds/libpanel-1.10.4/build/docs/panel-1.0/property.SaveDelegate.title.html to /usr/share/doc/panel-1.0
Installing /blfs/builds/libpanel-1.10.4/build/docs/panel-1.0/method.FrameHeader.set_frame.html to /usr/share/doc/panel-1.0
Installing /blfs/builds/libpanel-1.10.4/build/docs/panel-1.0/method.ThemeSelector.set_action_name.html to /usr/share/doc/panel-1.0
Installing /blfs/builds/libpanel-1.10.4/build/docs/panel-1.0/method.FrameHeaderBar.get_menu_popover.html to /usr/share/doc/panel-1.0
Installing /blfs/builds/libpanel-1.10.4/build/docs/panel-1.0/property.Settings.path-prefix.html to /usr/share/doc/panel-1.0
Installing /blfs/builds/libpanel-1.10.4/build/docs/panel-1.0/method.Settings.set_value.html to /usr/share/doc/panel-1.0
Installing /blfs/builds/libpanel-1.10.4/build/docs/panel-1.0/method.Widget.focus_default.html to /usr/share/doc/panel-1.0
Installing /blfs/builds/libpanel-1.10.4/build/docs/panel-1.0/ctor.FrameTabBar.new.html to /usr/share/doc/panel-1.0
Installing /blfs/builds/libpanel-1.10.4/build/docs/panel-1.0/class_method.Workspace.install_property_action.html to /usr/share/doc/panel-1.0
Installing /blfs/builds/libpanel-1.10.4/build/docs/panel-1.0/property.GSettingsActionGroup.settings.html to /usr/share/doc/panel-1.0
Installing /blfs/builds/libpanel-1.10.4/build/docs/panel-1.0/func.check_version.html to /usr/share/doc/panel-1.0
Installing /blfs/builds/libpanel-1.10.4/build/docs/panel-1.0/ctor.ActionMuxer.new.html to /usr/share/doc/panel-1.0
Installing /blfs/builds/libpanel-1.10.4/build/docs/panel-1.0/method.SaveDelegate.get_subtitle.html to /usr/share/doc/panel-1.0
Installing /blfs/builds/libpanel-1.10.4/build/docs/panel-1.0/method.ChangesDialog.add_delegate.html to /usr/share/doc/panel-1.0
Installing /blfs/builds/libpanel-1.10.4/build/docs/panel-1.0/method.OmniBar.remove.html to /usr/share/doc/panel-1.0
Installing /blfs/builds/libpanel-1.10.4/build/docs/panel-1.0/property.DocumentWorkspace.statusbar.html to /usr/share/doc/panel-1.0
Installing /blfs/builds/libpanel-1.10.4/build/docs/panel-1.0/method.Dock.set_bottom_height.html to /usr/share/doc/panel-1.0
Installing /blfs/builds/libpanel-1.10.4/build/docs/panel-1.0/method.Position.equal.html to /usr/share/doc/panel-1.0
Installing /blfs/builds/libpanel-1.10.4/build/docs/panel-1.0/method.Dock.foreach_frame.html to /usr/share/doc/panel-1.0
Installing /blfs/builds/libpanel-1.10.4/build/docs/panel-1.0/method.SaveDialog.run_finish.html to /usr/share/doc/panel-1.0
Installing /blfs/builds/libpanel-1.10.4/build/docs/panel-1.0/method.MenuManager.add_resource.html to /usr/share/doc/panel-1.0
Installing /blfs/builds/libpanel-1.10.4/build/docs/panel-1.0/method.Dock.set_reveal_start.html to /usr/share/doc/panel-1.0
Installing /blfs/builds/libpanel-1.10.4/build/docs/panel-1.0/class.GridColumn.html to /usr/share/doc/panel-1.0
Installing /blfs/builds/libpanel-1.10.4/build/docs/panel-1.0/vfunc.SaveDelegate.save_async.html to /usr/share/doc/panel-1.0
Installing /blfs/builds/libpanel-1.10.4/build/docs/panel-1.0/ctor.Workbench.new.html to /usr/share/doc/panel-1.0
Installing /blfs/builds/libpanel-1.10.4/build/docs/panel-1.0/RedHatDisplay-Italic.woff2 to /usr/share/doc/panel-1.0
Installing /blfs/builds/libpanel-1.10.4/build/docs/panel-1.0/ctor.Paned.new.html to /usr/share/doc/panel-1.0
Installing /blfs/builds/libpanel-1.10.4/build/docs/panel-1.0/method.Position.set_area.html to /usr/share/doc/panel-1.0
Installing /blfs/builds/libpanel-1.10.4/build/docs/panel-1.0/RedHatDisplay-MediumItalic.woff to /usr/share/doc/panel-1.0
Installing /blfs/builds/libpanel-1.10.4/build/docs/panel-1.0/property.Dock.reveal-top.html to /usr/share/doc/panel-1.0
Installing /blfs/builds/libpanel-1.10.4/build/docs/panel-1.0/method.SaveDelegate.set_is_draft.html to /usr/share/doc/panel-1.0
Installing /blfs/builds/libpanel-1.10.4/build/docs/panel-1.0/property.Widget.can-maximize.html to /usr/share/doc/panel-1.0
Installing /blfs/builds/libpanel-1.10.4/build/docs/panel-1.0/ctor.FrameHeaderBar.new.html to /usr/share/doc/panel-1.0
Installing /blfs/builds/libpanel-1.10.4/build/docs/panel-1.0/method.Dock.set_reveal_bottom.html to /usr/share/doc/panel-1.0
Installing /blfs/builds/libpanel-1.10.4/build/docs/panel-1.0/iface.FrameHeader.html to /usr/share/doc/panel-1.0
Installing /blfs/builds/libpanel-1.10.4/build/docs/panel-1.0/method.MenuManager.set_attribute_string.html to /usr/share/doc/panel-1.0
Installing /blfs/builds/libpanel-1.10.4/build/docs/panel-1.0/method.Workspace.set_id.html to /usr/share/doc/panel-1.0
Installing /blfs/builds/libpanel-1.10.4/build/docs/panel-1.0/method.DocumentWorkspace.set_titlebar.html to /usr/share/doc/panel-1.0
Installing /blfs/builds/libpanel-1.10.4/build/docs/panel-1.0/method.Widget.get_kind.html to /usr/share/doc/panel-1.0
Installing /blfs/builds/libpanel-1.10.4/build/docs/panel-1.0/method.Widget.unmark_busy.html to /usr/share/doc/panel-1.0
Installing /blfs/builds/libpanel-1.10.4/build/docs/panel-1.0/class_method.Widget.install_action.html to /usr/share/doc/panel-1.0
Installing /blfs/builds/libpanel-1.10.4/build/docs/panel-1.0/method.Workbench.add_workspace.html to /usr/share/doc/panel-1.0
Installing /blfs/builds/libpanel-1.10.4/build/docs/panel-1.0/method.Workspace.inhibit.html to /usr/share/doc/panel-1.0
Installing /blfs/builds/libpanel-1.10.4/build/docs/panel-1.0/property.DocumentWorkspace.grid.html to /usr/share/doc/panel-1.0
Installing /blfs/builds/libpanel-1.10.4/build/docs/panel-1.0/method.OmniBar.set_popover.html to /usr/share/doc/panel-1.0
Installing /blfs/builds/libpanel-1.10.4/build/docs/panel-1.0/ctor.Widget.new.html to /usr/share/doc/panel-1.0
Installing /blfs/builds/libpanel-1.10.4/build/docs/panel-1.0/method.LayeredSettings.get_uint.html to /usr/share/doc/panel-1.0
Installing /blfs/builds/libpanel-1.10.4/build/docs/panel-1.0/property.SaveDelegate.icon.html to /usr/share/doc/panel-1.0
Installing /blfs/builds/libpanel-1.10.4/build/docs/panel-1.0/method.OmniBar.get_progress.html to /usr/share/doc/panel-1.0
Installing /blfs/builds/libpanel-1.10.4/build/docs/panel-1.0/method.Dock.get_reveal_bottom.html to /usr/share/doc/panel-1.0
Installing /blfs/builds/libpanel-1.10.4/build/docs/panel-1.0/func.DEFINE_ACTION_GROUP.html to /usr/share/doc/panel-1.0
Installing /blfs/builds/libpanel-1.10.4/build/docs/panel-1.0/property.Workbench.id.html to /usr/share/doc/panel-1.0
Installing /blfs/builds/libpanel-1.10.4/build/docs/panel-1.0/classes_hierarchy.html to /usr/share/doc/panel-1.0
Installing /blfs/builds/libpanel-1.10.4/build/docs/panel-1.0/RedHatDisplay-Black.woff2 to /usr/share/doc/panel-1.0
Installing /blfs/builds/libpanel-1.10.4/build/docs/panel-1.0/method.FrameHeader.can_drop.html to /usr/share/doc/panel-1.0
Installing /blfs/builds/libpanel-1.10.4/build/docs/panel-1.0/method.Frame.get_n_pages.html to /usr/share/doc/panel-1.0
Installing /blfs/builds/libpanel-1.10.4/build/docs/panel-1.0/signal.Frame.adopt-widget.html to /usr/share/doc/panel-1.0
Installing /blfs/builds/libpanel-1.10.4/build/docs/panel-1.0/method.Widget.get_reorderable.html to /usr/share/doc/panel-1.0
Installing /blfs/builds/libpanel-1.10.4/build/docs/panel-1.0/ctor.Settings.new_relocatable.html to /usr/share/doc/panel-1.0
Installing /blfs/builds/libpanel-1.10.4/build/docs/panel-1.0/func.marshal_OBJECT__OBJECT.html to /usr/share/doc/panel-1.0
Installing /blfs/builds/libpanel-1.10.4/build/docs/panel-1.0/class.FrameHeaderBar.html to /usr/share/doc/panel-1.0
Installing /blfs/builds/libpanel-1.10.4/build/docs/panel-1.0/class.Dock.html to /usr/share/doc/panel-1.0
Installing /blfs/builds/libpanel-1.10.4/build/docs/panel-1.0/RedHatText-Regular.woff2 to /usr/share/doc/panel-1.0
Installing /blfs/builds/libpanel-1.10.4/build/docs/panel-1.0/method.Widget.close.html to /usr/share/doc/panel-1.0
Installing /blfs/builds/libpanel-1.10.4/build/docs/panel-1.0/method.SessionItem.get_position.html to /usr/share/doc/panel-1.0
Installing /blfs/builds/libpanel-1.10.4/build/docs/panel-1.0/method.SessionItem.get_module_name.html to /usr/share/doc/panel-1.0
Installing /blfs/builds/libpanel-1.10.4/build/docs/panel-1.0/property.Widget.tooltip.html to /usr/share/doc/panel-1.0
Installing /blfs/builds/libpanel-1.10.4/build/docs/panel-1.0/class.GSettingsActionGroup.html to /usr/share/doc/panel-1.0
Installing /blfs/builds/libpanel-1.10.4/build/docs/panel-1.0/method.SessionItem.set_id.html to /usr/share/doc/panel-1.0
Installing /blfs/builds/libpanel-1.10.4/build/docs/panel-1.0/method.Paned.remove.html to /usr/share/doc/panel-1.0
Installing /blfs/builds/libpanel-1.10.4/build/docs/panel-1.0/method.Dock.remove.html to /usr/share/doc/panel-1.0
Installing /blfs/builds/libpanel-1.10.4/build/docs/panel-1.0/class.Workbench.html to /usr/share/doc/panel-1.0
Installing /blfs/builds/libpanel-1.10.4/build/docs/panel-1.0/method.Dock.set_reveal_top.html to /usr/share/doc/panel-1.0
Installing /blfs/builds/libpanel-1.10.4/build/docs/panel-1.0/class_method.Workbench.install_property_action.html to /usr/share/doc/panel-1.0
Installing /blfs/builds/libpanel-1.10.4/build/docs/panel-1.0/method.OmniBar.add_prefix.html to /usr/share/doc/panel-1.0
Installing /blfs/builds/libpanel-1.10.4/build/docs/panel-1.0/signal.Workbench.activate.html to /usr/share/doc/panel-1.0
Installing /blfs/builds/libpanel-1.10.4/build/docs/panel-1.0/property.Position.depth.html to /usr/share/doc/panel-1.0
Installing /blfs/builds/libpanel-1.10.4/build/docs/panel-1.0/method.Position.set_area_set.html to /usr/share/doc/panel-1.0
Installing /blfs/builds/libpanel-1.10.4/build/docs/panel-1.0/method.Grid.get_most_recent_column.html to /usr/share/doc/panel-1.0
Installing /blfs/builds/libpanel-1.10.4/build/docs/panel-1.0/search.js to /usr/share/doc/panel-1.0
Installing /blfs/builds/libpanel-1.10.4/build/docs/panel-1.0/method.FrameHeaderBar.get_show_icon.html to /usr/share/doc/panel-1.0
Installing /blfs/builds/libpanel-1.10.4/build/docs/panel-1.0/method.Widget.set_menu_model.html to /usr/share/doc/panel-1.0
Installing /blfs/builds/libpanel-1.10.4/build/docs/panel-1.0/const.WIDGET_KIND_UTILITY.html to /usr/share/doc/panel-1.0
Installing /blfs/builds/libpanel-1.10.4/build/docs/panel-1.0/method.SaveDelegate.set_icon.html to /usr/share/doc/panel-1.0
Installing /blfs/builds/libpanel-1.10.4/build/docs/panel-1.0/property.Position.depth-set.html to /usr/share/doc/panel-1.0
Installing /blfs/builds/libpanel-1.10.4/build/docs/panel-1.0/method.Settings.get_boolean.html to /usr/share/doc/panel-1.0
Installing /blfs/builds/libpanel-1.10.4/build/docs/panel-1.0/method.Widget.get_modified.html to /usr/share/doc/panel-1.0
Installing /blfs/builds/libpanel-1.10.4/build/docs/panel-1.0/property.Dock.can-reveal-bottom.html to /usr/share/doc/panel-1.0
Installing /blfs/builds/libpanel-1.10.4/build/docs/panel-1.0/method.FrameHeader.get_frame.html to /usr/share/doc/panel-1.0
Installing /blfs/builds/libpanel-1.10.4/build/docs/panel-1.0/property.ThemeSelector.action-name.html to /usr/share/doc/panel-1.0
Installing /blfs/builds/libpanel-1.10.4/build/docs/panel-1.0/property.Widget.child.html to /usr/share/doc/panel-1.0
Installing /blfs/builds/libpanel-1.10.4/build/docs/panel-1.0/method.GridColumn.get_row.html to /usr/share/doc/panel-1.0
Installing /blfs/builds/libpanel-1.10.4/build/docs/panel-1.0/method.Settings.set_uint.html to /usr/share/doc/panel-1.0
Installing /blfs/builds/libpanel-1.10.4/build/docs/panel-1.0/vfunc.FrameHeader.page_changed.html to /usr/share/doc/panel-1.0
Installing /blfs/builds/libpanel-1.10.4/build/docs/panel-1.0/ctor.Dock.new.html to /usr/share/doc/panel-1.0
Installing /blfs/builds/libpanel-1.10.4/build/docs/panel-1.0/method.Grid.get_most_recent_frame.html to /usr/share/doc/panel-1.0
Installing /blfs/builds/libpanel-1.10.4/build/docs/panel-1.0/RedHatDisplay-Regular.woff to /usr/share/doc/panel-1.0
Installing /blfs/builds/libpanel-1.10.4/build/docs/panel-1.0/method.Frame.get_closeable.html to /usr/share/doc/panel-1.0
Installing /blfs/builds/libpanel-1.10.4/build/docs/panel-1.0/method.Paned.insert_after.html to /usr/share/doc/panel-1.0
Installing /blfs/builds/libpanel-1.10.4/build/docs/panel-1.0/struct.Action.html to /usr/share/doc/panel-1.0
Installing /blfs/builds/libpanel-1.10.4/build/docs/panel-1.0/func.init.html to /usr/share/doc/panel-1.0
Installing /blfs/builds/libpanel-1.10.4/build/docs/panel-1.0/vfunc.SaveDelegate.close.html to /usr/share/doc/panel-1.0
Installing /blfs/builds/libpanel-1.10.4/build/docs/panel-1.0/property.Settings.path.html to /usr/share/doc/panel-1.0
Installing /blfs/builds/libpanel-1.10.4/build/docs/panel-1.0/method.FrameHeaderBar.set_show_icon.html to /usr/share/doc/panel-1.0
Installing /blfs/builds/libpanel-1.10.4/build/docs/panel-1.0/method.SaveDialog.get_close_after_save.html to /usr/share/doc/panel-1.0
Installing /blfs/builds/libpanel-1.10.4/build/docs/panel-1.0/ctor.ChangesDialog.new.html to /usr/share/doc/panel-1.0
Installing /blfs/builds/libpanel-1.10.4/build/docs/panel-1.0/const.WIDGET_KIND_ANY.html to /usr/share/doc/panel-1.0
Installing /blfs/builds/libpanel-1.10.4/build/docs/panel-1.0/method.Frame.get_position.html to /usr/share/doc/panel-1.0
Installing /blfs/builds/libpanel-1.10.4/build/docs/panel-1.0/urlmap.js to /usr/share/doc/panel-1.0
Installing /blfs/builds/libpanel-1.10.4/build/docs/panel-1.0/method.Position.get_row_set.html to /usr/share/doc/panel-1.0
Installing /blfs/builds/libpanel-1.10.4/build/docs/panel-1.0/method.SessionItem.get_metadata_value.html to /usr/share/doc/panel-1.0
Installing /blfs/builds/libpanel-1.10.4/build/docs/panel-1.0/method.Widget.get_position.html to /usr/share/doc/panel-1.0
Installing /blfs/builds/libpanel-1.10.4/build/docs/panel-1.0/theme-selector.png to /usr/share/doc/panel-1.0
Installing /blfs/builds/libpanel-1.10.4/build/docs/panel-1.0/signal.Grid.create-frame.html to /usr/share/doc/panel-1.0
Installing /blfs/builds/libpanel-1.10.4/build/docs/panel-1.0/method.Position.get_area_set.html to /usr/share/doc/panel-1.0
Installing /blfs/builds/libpanel-1.10.4/build/docs/panel-1.0/method.Widget.get_menu_model.html to /usr/share/doc/panel-1.0
Installing /blfs/builds/libpanel-1.10.4/build/docs/panel-1.0/class.Paned.html to /usr/share/doc/panel-1.0
Installing /blfs/builds/libpanel-1.10.4/build/docs/panel-1.0/func.CHECK_VERSION.html to /usr/share/doc/panel-1.0
Installing /blfs/builds/libpanel-1.10.4/build/docs/panel-1.0/method.Grid.insert_column.html to /usr/share/doc/panel-1.0
Installing /blfs/builds/libpanel-1.10.4/build/docs/panel-1.0/method.LayeredSettings.set_int.html to /usr/share/doc/panel-1.0
Installing /blfs/builds/libpanel-1.10.4/build/docs/panel-1.0/method.FrameHeader.add_suffix.html to /usr/share/doc/panel-1.0
Installing /blfs/builds/libpanel-1.10.4/build/docs/panel-1.0/vfunc.Dock.panel_drag_end.html to /usr/share/doc/panel-1.0
Installing /blfs/builds/libpanel-1.10.4/build/docs/panel-1.0/method.FrameTabBar.get_expand_tabs.html to /usr/share/doc/panel-1.0
Installing /blfs/builds/libpanel-1.10.4/build/docs/panel-1.0/RedHatText-Bold.woff to /usr/share/doc/panel-1.0
Installing /blfs/builds/libpanel-1.10.4/build/docs/panel-1.0/method.Settings.set_boolean.html to /usr/share/doc/panel-1.0
Installing /blfs/builds/libpanel-1.10.4/build/docs/panel-1.0/vfunc.Widget.presented.html to /usr/share/doc/panel-1.0
Installing /blfs/builds/libpanel-1.10.4/build/docs/panel-1.0/method.Dock.get_can_reveal_top.html to /usr/share/doc/panel-1.0
Installing /blfs/builds/libpanel-1.10.4/build/docs/panel-1.0/method.Widget.get_needs_attention.html to /usr/share/doc/panel-1.0
Installing /blfs/builds/libpanel-1.10.4/build/docs/panel-1.0/method.Workbench.remove_workspace.html to /usr/share/doc/panel-1.0
Installing /blfs/builds/libpanel-1.10.4/build/docs/panel-1.0/vfunc.DocumentWorkspace.add_widget.html to /usr/share/doc/panel-1.0
Installing /blfs/builds/libpanel-1.10.4/build/docs/panel-1.0/class.SaveDelegate.html to /usr/share/doc/panel-1.0
Installing /blfs/builds/libpanel-1.10.4/build/docs/panel-1.0/method.GridColumn.foreach_frame.html to /usr/share/doc/panel-1.0
Installing /blfs/builds/libpanel-1.10.4/build/docs/panel-1.0/method.Dock.set_reveal_area.html to /usr/share/doc/panel-1.0
Installing /blfs/builds/libpanel-1.10.4/build/docs/panel-1.0/class_method.Workspace.install_action.html to /usr/share/doc/panel-1.0
Installing /blfs/builds/libpanel-1.10.4/build/docs/panel-1.0/ctor.MenuManager.new.html to /usr/share/doc/panel-1.0
Installing /blfs/builds/libpanel-1.10.4/build/docs/panel-1.0/class.ToggleButton.html to /usr/share/doc/panel-1.0
Installing /blfs/builds/libpanel-1.10.4/build/docs/panel-1.0/signal.Widget.get-default-focus.html to /usr/share/doc/panel-1.0
Installing /blfs/builds/libpanel-1.10.4/build/docs/panel-1.0/method.SaveDelegate.set_icon_name.html to /usr/share/doc/panel-1.0
Installing /blfs/builds/libpanel-1.10.4/build/docs/panel-1.0/class.Grid.html to /usr/share/doc/panel-1.0
Installing /blfs/builds/libpanel-1.10.4/build/docs/panel-1.0/vfunc.Workbench.activate.html to /usr/share/doc/panel-1.0
Installing /blfs/builds/libpanel-1.10.4/build/docs/panel-1.0/property.Widget.menu-model.html to /usr/share/doc/panel-1.0
Installing /blfs/builds/libpanel-1.10.4/build/docs/panel-1.0/RedHatText-Regular.woff to /usr/share/doc/panel-1.0
Installing /blfs/builds/libpanel-1.10.4/build/docs/panel-1.0/method.LayeredSettings.set_value.html to /usr/share/doc/panel-1.0
Installing /blfs/builds/libpanel-1.10.4/build/docs/panel-1.0/panel-1.0.devhelp2 to /usr/share/doc/panel-1.0
Installing /blfs/builds/libpanel-1.10.4/build/docs/panel-1.0/ctor.Position.new_from_variant.html to /usr/share/doc/panel-1.0
Installing /blfs/builds/libpanel-1.10.4/build/docs/panel-1.0/property.Dock.start-width.html to /usr/share/doc/panel-1.0
Installing /blfs/builds/libpanel-1.10.4/build/docs/panel-1.0/method.FrameHeader.add_prefix.html to /usr/share/doc/panel-1.0
Installing /blfs/builds/libpanel-1.10.4/build/docs/panel-1.0/method.ActionMuxer.remove_action_group.html to /usr/share/doc/panel-1.0
Installing /blfs/builds/libpanel-1.10.4/build/docs/panel-1.0/class.Frame.html to /usr/share/doc/panel-1.0
Installing /blfs/builds/libpanel-1.10.4/build/docs/panel-1.0/class.Widget.html to /usr/share/doc/panel-1.0
Installing /blfs/builds/libpanel-1.10.4/build/docs/panel-1.0/class.Position.html to /usr/share/doc/panel-1.0
Installing /blfs/builds/libpanel-1.10.4/build/docs/panel-1.0/func.get_minor_version.html to /usr/share/doc/panel-1.0
Installing /blfs/builds/libpanel-1.10.4/build/docs/panel-1.0/RedHatText-Italic.woff to /usr/share/doc/panel-1.0
Installing /blfs/builds/libpanel-1.10.4/build/docs/panel-1.0/method.Settings.get_schema_id.html to /usr/share/doc/panel-1.0
Installing /blfs/builds/libpanel-1.10.4/build/docs/panel-1.0/method.FrameTabBar.set_expand_tabs.html to /usr/share/doc/panel-1.0
Installing /blfs/builds/libpanel-1.10.4/build/docs/panel-1.0/func.get_major_version.html to /usr/share/doc/panel-1.0
Installing /blfs/builds/libpanel-1.10.4/build/docs/panel-1.0/method.Settings.unbind.html to /usr/share/doc/panel-1.0
Installing /blfs/builds/libpanel-1.10.4/build/docs/panel-1.0/property.SaveDialog.close-after-save.html to /usr/share/doc/panel-1.0
Installing /blfs/builds/libpanel-1.10.4/build/docs/panel-1.0/method.OmniBar.stop_pulsing.html to /usr/share/doc/panel-1.0
Installing /blfs/builds/libpanel-1.10.4/build/docs/panel-1.0/func.finalize.html to /usr/share/doc/panel-1.0
Installing /blfs/builds/libpanel-1.10.4/build/docs/panel-1.0/method.Statusbar.add_suffix.html to /usr/share/doc/panel-1.0
Installing /blfs/builds/libpanel-1.10.4/build/docs/panel-1.0/method.SaveDelegate.discard.html to /usr/share/doc/panel-1.0
Installing /blfs/builds/libpanel-1.10.4/build/docs/panel-1.0/method.MenuManager.remove.html to /usr/share/doc/panel-1.0
Installing /blfs/builds/libpanel-1.10.4/build/docs/panel-1.0/index.json to /usr/share/doc/panel-1.0
Installing /blfs/builds/libpanel-1.10.4/build/docs/panel-1.0/SourceCodePro-Semibold.ttf.woff to /usr/share/doc/panel-1.0
Installing /blfs/builds/libpanel-1.10.4/build/docs/panel-1.0/signal.LayeredSettings.changed.html to /usr/share/doc/panel-1.0
Installing /blfs/builds/libpanel-1.10.4/build/docs/panel-1.0/vfunc.Widget.get_default_focus.html to /usr/share/doc/panel-1.0
Installing /blfs/builds/libpanel-1.10.4/build/docs/panel-1.0/method.SaveDialog.run_async.html to /usr/share/doc/panel-1.0
Installing /blfs/builds/libpanel-1.10.4/build/docs/panel-1.0/method.SessionItem.has_metadata_with_type.html to /usr/share/doc/panel-1.0
Installing /blfs/builds/libpanel-1.10.4/build/docs/panel-1.0/method.Frame.set_placeholder.html to /usr/share/doc/panel-1.0
Installing /blfs/builds/libpanel-1.10.4/build/docs/panel-1.0/method.DocumentWorkspace.get_grid.html to /usr/share/doc/panel-1.0
Installing /blfs/builds/libpanel-1.10.4/build/docs/panel-1.0/method.Frame.get_page.html to /usr/share/doc/panel-1.0
Installing /blfs/builds/libpanel-1.10.4/build/docs/panel-1.0/method.Frame.set_requested_size.html to /usr/share/doc/panel-1.0
Installing /blfs/builds/libpanel-1.10.4/build/docs/panel-1.0/class.MenuManager.html to /usr/share/doc/panel-1.0
Installing /blfs/builds/libpanel-1.10.4/build/docs/panel-1.0/method.SessionItem.get_metadata.html to /usr/share/doc/panel-1.0
Installing /blfs/builds/libpanel-1.10.4/build/docs/panel-1.0/method.SaveDelegate.get_icon_name.html to /usr/share/doc/panel-1.0
Installing /blfs/builds/libpanel-1.10.4/build/docs/panel-1.0/ctor.Session.new_from_variant.html to /usr/share/doc/panel-1.0
Installing /blfs/builds/libpanel-1.10.4/build/docs/panel-1.0/func.marshal_BOOLEAN__OBJECT_OBJECT.html to /usr/share/doc/panel-1.0
Installing /blfs/builds/libpanel-1.10.4/build/docs/panel-1.0/method.Grid.agree_to_close_async.html to /usr/share/doc/panel-1.0
Installing /blfs/builds/libpanel-1.10.4/build/docs/panel-1.0/method.Widget.get_tooltip.html to /usr/share/doc/panel-1.0
Installing /blfs/builds/libpanel-1.10.4/build/docs/panel-1.0/method.Session.append.html to /usr/share/doc/panel-1.0
Installing /blfs/builds/libpanel-1.10.4/build/docs/panel-1.0/signal.Widget.presented.html to /usr/share/doc/panel-1.0
Installing /blfs/builds/libpanel-1.10.4/build/docs/panel-1.0/method.Widget.raise.html to /usr/share/doc/panel-1.0
Installing /blfs/builds/libpanel-1.10.4/build/docs/panel-1.0/method.Settings.get_value.html to /usr/share/doc/panel-1.0
Installing /blfs/builds/libpanel-1.10.4/build/docs/panel-1.0/method.OmniBar.add_suffix.html to /usr/share/doc/panel-1.0
Installing /blfs/builds/libpanel-1.10.4/build/docs/panel-1.0/vfunc.Frame.adopt_widget.html to /usr/share/doc/panel-1.0
Installing /blfs/builds/libpanel-1.10.4/build/docs/panel-1.0/property.Position.area-set.html to /usr/share/doc/panel-1.0
Installing /blfs/builds/libpanel-1.10.4/build/docs/panel-1.0/ctor.SessionItem.new.html to /usr/share/doc/panel-1.0
Installing /blfs/builds/libpanel-1.10.4/build/docs/panel-1.0/method.Position.set_depth_set.html to /usr/share/doc/panel-1.0
Installing /blfs/builds/libpanel-1.10.4/build/docs/panel-1.0/class.OmniBar.html to /usr/share/doc/panel-1.0
Installing /blfs/builds/libpanel-1.10.4/build/docs/panel-1.0/vfunc.Workbench.unload_async.html to /usr/share/doc/panel-1.0
Installing /blfs/builds/libpanel-1.10.4/build/docs/panel-1.0/ctor.Settings.new.html to /usr/share/doc/panel-1.0
Installing /blfs/builds/libpanel-1.10.4/build/docs/panel-1.0/method.Dock.set_start_width.html to /usr/share/doc/panel-1.0
Installing /blfs/builds/libpanel-1.10.4/build/docs/panel-1.0/method.Widget.set_icon_name.html to /usr/share/doc/panel-1.0
Installing /blfs/builds/libpanel-1.10.4/build/docs/panel-1.0/callback.FrameCallback.html to /usr/share/doc/panel-1.0
Installing /blfs/builds/libpanel-1.10.4/build/docs/panel-1.0/method.FrameTabBar.set_autohide.html to /usr/share/doc/panel-1.0
Installing /blfs/builds/libpanel-1.10.4/build/docs/panel-1.0/style.css to /usr/share/doc/panel-1.0
Installing /blfs/builds/libpanel-1.10.4/build/docs/panel-1.0/signal.SaveDelegate.close.html to /usr/share/doc/panel-1.0
Installing /blfs/builds/libpanel-1.10.4/build/docs/panel-1.0/method.Session.insert.html to /usr/share/doc/panel-1.0
Installing /blfs/builds/libpanel-1.10.4/build/docs/panel-1.0/property.Widget.modified.html to /usr/share/doc/panel-1.0
Installing /blfs/builds/libpanel-1.10.4/build/docs/panel-1.0/class.ChangesDialog.html to /usr/share/doc/panel-1.0
Installing /blfs/builds/libpanel-1.10.4/build/docs/panel-1.0/property.Position.column-set.html to /usr/share/doc/panel-1.0
Installing /blfs/builds/libpanel-1.10.4/build/docs/panel-1.0/ctor.ThemeSelector.new.html to /usr/share/doc/panel-1.0
Installing /blfs/builds/libpanel-1.10.4/build/docs/panel-1.0/class.FrameSwitcher.html to /usr/share/doc/panel-1.0
Installing /blfs/builds/libpanel-1.10.4/build/docs/panel-1.0/method.Position.set_row_set.html to /usr/share/doc/panel-1.0
Installing /blfs/builds/libpanel-1.10.4/build/docs/panel-1.0/method.Paned.get_n_children.html to /usr/share/doc/panel-1.0
Installing /blfs/builds/libpanel-1.10.4/build/docs/panel-1.0/property.Workspace.id.html to /usr/share/doc/panel-1.0
Installing /blfs/builds/libpanel-1.10.4/build/docs/panel-1.0/property.Settings.schema-id.html to /usr/share/doc/panel-1.0
Installing /blfs/builds/libpanel-1.10.4/build/docs/panel-1.0/method.Position.set_depth.html to /usr/share/doc/panel-1.0
Installing /blfs/builds/libpanel-1.10.4/build/docs/panel-1.0/func.ENCODE_VERSION.html to /usr/share/doc/panel-1.0
Installing /blfs/builds/libpanel-1.10.4/build/docs/panel-1.0/fzy.js to /usr/share/doc/panel-1.0
Installing /blfs/builds/libpanel-1.10.4/build/docs/panel-1.0/toggle-button-dark.png to /usr/share/doc/panel-1.0
Installing /blfs/builds/libpanel-1.10.4/build/docs/panel-1.0/method.Frame.set_header.html to /usr/share/doc/panel-1.0
Installing /blfs/builds/libpanel-1.10.4/build/docs/panel-1.0/property.Settings.path-suffix.html to /usr/share/doc/panel-1.0
Installing /blfs/builds/libpanel-1.10.4/build/docs/panel-1.0/method.LayeredSettings.get_user_value.html to /usr/share/doc/panel-1.0
Installing /blfs/builds/libpanel-1.10.4/build/docs/panel-1.0/method.Workspace.get_workbench.html to /usr/share/doc/panel-1.0
Installing /blfs/builds/libpanel-1.10.4/build/docs/panel-1.0/method.Workbench.get_id.html to /usr/share/doc/panel-1.0
Installing /blfs/builds/libpanel-1.10.4/build/docs/panel-1.0/method.Grid.get_n_columns.html to /usr/share/doc/panel-1.0
Installing /blfs/builds/libpanel-1.10.4/build/docs/panel-1.0/method.Frame.add_before.html to /usr/share/doc/panel-1.0
Installing /blfs/builds/libpanel-1.10.4/build/docs/panel-1.0/method.Workbench.foreach_workspace.html to /usr/share/doc/panel-1.0
Installing /blfs/builds/libpanel-1.10.4/build/docs/panel-1.0/method.Widget.get_default_focus.html to /usr/share/doc/panel-1.0
Installing /blfs/builds/libpanel-1.10.4/build/docs/panel-1.0/ctor.Application.new.html to /usr/share/doc/panel-1.0
Installing /blfs/builds/libpanel-1.10.4/build/docs/panel-1.0/method.Session.get_n_items.html to /usr/share/doc/panel-1.0
Installing /blfs/builds/libpanel-1.10.4/build/docs/panel-1.0/method.Settings.get_default_value.html to /usr/share/doc/panel-1.0
Installing /blfs/builds/libpanel-1.10.4/build/docs/panel-1.0/method.Widget.set_icon.html to /usr/share/doc/panel-1.0
Installing /blfs/builds/libpanel-1.10.4/build/docs/panel-1.0/method.ActionMuxer.list_groups.html to /usr/share/doc/panel-1.0
Installing /blfs/builds/libpanel-1.10.4/build/docs/panel-1.0/signal.Frame.page-closed.html to /usr/share/doc/panel-1.0
Installing /blfs/builds/libpanel-1.10.4/build/docs/panel-1.0/property.Frame.visible-child.html to /usr/share/doc/panel-1.0
Installing /blfs/builds/libpanel-1.10.4/build/docs/panel-1.0/method.Frame.get_requested_size.html to /usr/share/doc/panel-1.0
Installing /blfs/builds/libpanel-1.10.4/build/docs/panel-1.0/omni-bar.png to /usr/share/doc/panel-1.0
Installing /blfs/builds/libpanel-1.10.4/build/docs/panel-1.0/property.SessionItem.module-name.html to /usr/share/doc/panel-1.0
Installing /blfs/builds/libpanel-1.10.4/build/docs/panel-1.0/method.Workbench.set_id.html to /usr/share/doc/panel-1.0
Installing /blfs/builds/libpanel-1.10.4/build/docs/panel-1.0/ctor.Session.new.html to /usr/share/doc/panel-1.0
Installing /blfs/builds/libpanel-1.10.4/build/docs/panel-1.0/const.WIDGET_KIND_UNKNOWN.html to /usr/share/doc/panel-1.0
Installing /blfs/builds/libpanel-1.10.4/build/docs/panel-1.0/property.FrameTabBar.autohide.html to /usr/share/doc/panel-1.0
Installing /blfs/builds/libpanel-1.10.4/build/docs/panel-1.0/method.LayeredSettings.get_value.html to /usr/share/doc/panel-1.0
Installing /blfs/builds/libpanel-1.10.4/build/docs/panel-1.0/method.FrameTabBar.set_inverted.html to /usr/share/doc/panel-1.0
Installing /blfs/builds/libpanel-1.10.4/build/docs/panel-1.0/method.SessionItem.get_type_hint.html to /usr/share/doc/panel-1.0
Installing /blfs/builds/libpanel-1.10.4/build/docs/panel-1.0/ctor.Position.new.html to /usr/share/doc/panel-1.0
Installing /blfs/builds/libpanel-1.10.4/build/docs/panel-1.0/omni-bar-dark.png to /usr/share/doc/panel-1.0
Installing /blfs/builds/libpanel-1.10.4/build/docs/panel-1.0/method.ChangesDialog.run_async.html to /usr/share/doc/panel-1.0
Installing /blfs/builds/libpanel-1.10.4/build/docs/panel-1.0/RedHatText-Medium.woff to /usr/share/doc/panel-1.0
Installing /blfs/builds/libpanel-1.10.4/build/docs/panel-1.0/method.Dock.get_can_reveal_area.html to /usr/share/doc/panel-1.0
Installing /blfs/builds/libpanel-1.10.4/build/docs/panel-1.0/method.SaveDelegate.set_progress.html to /usr/share/doc/panel-1.0
Installing /blfs/builds/libpanel-1.10.4/build/docs/panel-1.0/method.LayeredSettings.get_boolean.html to /usr/share/doc/panel-1.0
Installing /blfs/builds/libpanel-1.10.4/build/docs/panel-1.0/method.Position.set_row.html to /usr/share/doc/panel-1.0
Installing /blfs/builds/libpanel-1.10.4/build/docs/panel-1.0/ctor.LayeredSettings.new.html to /usr/share/doc/panel-1.0
Installing /blfs/builds/libpanel-1.10.4/build/docs/panel-1.0/method.SessionItem.set_metadata.html to /usr/share/doc/panel-1.0
Installing /blfs/builds/libpanel-1.10.4/build/docs/panel-1.0/property.Dock.can-reveal-start.html to /usr/share/doc/panel-1.0
Installing /blfs/builds/libpanel-1.10.4/build/docs/panel-1.0/method.Widget.unmaximize.html to /usr/share/doc/panel-1.0
Installing /blfs/builds/libpanel-1.10.4/build/docs/panel-1.0/property.SaveDelegate.progress.html to /usr/share/doc/panel-1.0
Installing /blfs/builds/libpanel-1.10.4/build/docs/panel-1.0/property.ChangesDialog.close-after-save.html to /usr/share/doc/panel-1.0
Installing /blfs/builds/libpanel-1.10.4/build/docs/panel-1.0/class.ThemeSelector.html to /usr/share/doc/panel-1.0
Installing /blfs/builds/libpanel-1.10.4/build/docs/panel-1.0/method.Frame.get_pages.html to /usr/share/doc/panel-1.0
Installing /blfs/builds/libpanel-1.10.4/build/docs/panel-1.0/callback.WorkspaceForeach.html to /usr/share/doc/panel-1.0
Installing /blfs/builds/libpanel-1.10.4/build/docs/panel-1.0/ctor.SaveDialog.new.html to /usr/share/doc/panel-1.0
Installing /blfs/builds/libpanel-1.10.4/build/docs/panel-1.0/method.DocumentWorkspace.add_widget.html to /usr/share/doc/panel-1.0
Installing /blfs/builds/libpanel-1.10.4/build/docs/panel-1.0/property.SessionItem.workspace.html to /usr/share/doc/panel-1.0
Installing /blfs/builds/libpanel-1.10.4/build/docs/panel-1.0/vfunc.FrameHeader.add_prefix.html to /usr/share/doc/panel-1.0
Installing /blfs/builds/libpanel-1.10.4/build/docs/panel-1.0/method.OmniBar.get_popover.html to /usr/share/doc/panel-1.0
Installing /blfs/builds/libpanel-1.10.4/build/docs/panel-1.0/property.OmniBar.progress.html to /usr/share/doc/panel-1.0
Installing /blfs/builds/libpanel-1.10.4/build/docs/panel-1.0/method.SessionItem.has_metadata.html to /usr/share/doc/panel-1.0
Installing /blfs/builds/libpanel-1.10.4/build/docs/panel-1.0/method.SessionItem.set_module_name.html to /usr/share/doc/panel-1.0
Installing /blfs/builds/libpanel-1.10.4/build/docs/panel-1.0/method.DocumentWorkspace.get_dock.html to /usr/share/doc/panel-1.0
Installing /blfs/builds/libpanel-1.10.4/build/docs/panel-1.0/method.Settings.get_user_value.html to /usr/share/doc/panel-1.0
Installing /blfs/builds/libpanel-1.10.4/build/docs/panel-1.0/method.LayeredSettings.get_key.html to /usr/share/doc/panel-1.0
Installing /blfs/builds/libpanel-1.10.4/build/docs/panel-1.0/method.MenuManager.merge.html to /usr/share/doc/panel-1.0
Installing /blfs/builds/libpanel-1.10.4/build/docs/panel-1.0/method.Dock.get_reveal_top.html to /usr/share/doc/panel-1.0
Installing /blfs/builds/libpanel-1.10.4/build/docs/panel-1.0/method.Position.get_column.html to /usr/share/doc/panel-1.0
Installing /blfs/builds/libpanel-1.10.4/build/docs/panel-1.0/RedHatDisplay-BlackItalic.woff2 to /usr/share/doc/panel-1.0
Installing /blfs/builds/libpanel-1.10.4/build/docs/panel-1.0/signal.Dock.panel-drag-begin.html to /usr/share/doc/panel-1.0
Installing /blfs/builds/libpanel-1.10.4/build/docs/panel-1.0/property.Dock.reveal-start.html to /usr/share/doc/panel-1.0
Installing /blfs/builds/libpanel-1.10.4/build/docs/panel-1.0/method.SessionItem.get_id.html to /usr/share/doc/panel-1.0
Installing /blfs/builds/libpanel-1.10.4/build/docs/panel-1.0/const.VERSION_S.html to /usr/share/doc/panel-1.0
Installing /blfs/builds/libpanel-1.10.4/build/docs/panel-1.0/vfunc.FrameHeader.can_drop.html to /usr/share/doc/panel-1.0
Installing /blfs/builds/libpanel-1.10.4/build/docs/panel-1.0/property.FrameHeader.frame.html to /usr/share/doc/panel-1.0
Installing /blfs/builds/libpanel-1.10.4/build/docs/panel-1.0/property.SaveDelegate.subtitle.html to /usr/share/doc/panel-1.0
Installing /blfs/builds/libpanel-1.10.4/build/docs/panel-1.0/signal.Dock.panel-drag-end.html to /usr/share/doc/panel-1.0
Installing /blfs/builds/libpanel-1.10.4/build/docs/panel-1.0/RedHatDisplay-MediumItalic.woff2 to /usr/share/doc/panel-1.0
Installing /blfs/builds/libpanel-1.10.4/build/docs/panel-1.0/property.ToggleButton.area.html to /usr/share/doc/panel-1.0
Installing /blfs/builds/libpanel-1.10.4/build/docs/panel-1.0/method.Frame.remove.html to /usr/share/doc/panel-1.0
Installing /blfs/builds/libpanel-1.10.4/build/docs/panel-1.0/method.LayeredSettings.set_string.html to /usr/share/doc/panel-1.0
Installing /blfs/builds/libpanel-1.10.4/build/docs/panel-1.0/method.ActionMuxer.insert_action_group.html to /usr/share/doc/panel-1.0
Installing /blfs/builds/libpanel-1.10.4/build/docs/panel-1.0/opensearch.xml to /usr/share/doc/panel-1.0
Installing /blfs/builds/libpanel-1.10.4/build/docs/panel-1.0/method.ActionMuxer.get_action_group.html to /usr/share/doc/panel-1.0
Installing /blfs/builds/libpanel-1.10.4/build/docs/panel-1.0/method.Statusbar.add_prefix.html to /usr/share/doc/panel-1.0
Installing /blfs/builds/libpanel-1.10.4/build/docs/panel-1.0/method.Widget.set_reorderable.html to /usr/share/doc/panel-1.0
Installing /blfs/builds/libpanel-1.10.4/build/docs/panel-1.0/RedHatDisplay-BoldItalic.woff2 to /usr/share/doc/panel-1.0
Installing /blfs/builds/libpanel-1.10.4/build/docs/panel-1.0/property.Dock.end-width.html to /usr/share/doc/panel-1.0
Installing /blfs/builds/libpanel-1.10.4/build/docs/panel-1.0/SourceCodePro-It.ttf.woff to /usr/share/doc/panel-1.0
Installing /blfs/builds/libpanel-1.10.4/build/docs/panel-1.0/method.Workbench.activate.html to /usr/share/doc/panel-1.0
Installing /blfs/builds/libpanel-1.10.4/build/docs/panel-1.0/RedHatDisplay-Medium.woff2 to /usr/share/doc/panel-1.0
Installing /blfs/builds/libpanel-1.10.4/build/docs/panel-1.0/ctor.FrameSwitcher.new.html to /usr/share/doc/panel-1.0
Installing /blfs/builds/libpanel-1.10.4/build/docs/panel-1.0/property.FrameHeaderBar.show-icon.html to /usr/share/doc/panel-1.0
Installing /blfs/builds/libpanel-1.10.4/build/docs/panel-1.0/ctor.ToggleButton.new.html to /usr/share/doc/panel-1.0
Installing /blfs/builds/libpanel-1.10.4/build/docs/panel-1.0/method.GridColumn.get_empty.html to /usr/share/doc/panel-1.0
Installing /blfs/builds/libpanel-1.10.4/build/docs/panel-1.0/method.DocumentWorkspace.get_titlebar.html to /usr/share/doc/panel-1.0
Installing /blfs/builds/libpanel-1.10.4/build/docs/panel-1.0/vfunc.Grid.create_frame.html to /usr/share/doc/panel-1.0
Installing /blfs/builds/libpanel-1.10.4/build/docs/panel-1.0/vfunc.FrameHeader.add_suffix.html to /usr/share/doc/panel-1.0
Installing /blfs/builds/libpanel-1.10.4/build/docs/panel-1.0/signal.Dock.create-frame.html to /usr/share/doc/panel-1.0
Installing /blfs/builds/libpanel-1.10.4/build/docs/panel-1.0/theme-selector-dark.png to /usr/share/doc/panel-1.0
Installing /blfs/builds/libpanel-1.10.4/build/docs/panel-1.0/class.Settings.html to /usr/share/doc/panel-1.0
Installing /blfs/builds/libpanel-1.10.4/build/docs/panel-1.0/method.LayeredSettings.bind.html to /usr/share/doc/panel-1.0
Installing /blfs/builds/libpanel-1.10.4/build/docs/panel-1.0/method.Position.to_variant.html to /usr/share/doc/panel-1.0
Installing /blfs/builds/libpanel-1.10.4/build/docs/panel-1.0/method.Workbench.focus_workspace.html to /usr/share/doc/panel-1.0
Installing /blfs/builds/libpanel-1.10.4/build/docs/panel-1.0/property.SessionItem.position.html to /usr/share/doc/panel-1.0
Installing /blfs/builds/libpanel-1.10.4/build/docs/panel-1.0/method.MenuManager.get_menu_by_id.html to /usr/share/doc/panel-1.0
Installing /blfs/builds/libpanel-1.10.4/build/docs/panel-1.0/ctor.GridColumn.new.html to /usr/share/doc/panel-1.0
Installing /blfs/builds/libpanel-1.10.4/build/docs/panel-1.0/property.ToggleButton.dock.html to /usr/share/doc/panel-1.0
Installing /blfs/builds/libpanel-1.10.4/build/docs/panel-1.0/property.Dock.reveal-end.html to /usr/share/doc/panel-1.0
Installing /blfs/builds/libpanel-1.10.4/build/docs/panel-1.0/method.Settings.bind.html to /usr/share/doc/panel-1.0
Installing /blfs/builds/libpanel-1.10.4/build/docs/panel-1.0/property.OmniBar.menu-model.html to /usr/share/doc/panel-1.0
Installing /blfs/builds/libpanel-1.10.4/build/docs/panel-1.0/property.Widget.icon-name.html to /usr/share/doc/panel-1.0
Installing /blfs/builds/libpanel-1.10.4/build/docs/panel-1.0/method.Frame.set_child_pinned.html to /usr/share/doc/panel-1.0
Installing /blfs/builds/libpanel-1.10.4/build/docs/panel-1.0/property.LayeredSettings.path.html to /usr/share/doc/panel-1.0
Installing /blfs/builds/libpanel-1.10.4/build/docs/panel-1.0/method.Dock.get_reveal_area.html to /usr/share/doc/panel-1.0
Installing /blfs/builds/libpanel-1.10.4/build/docs/panel-1.0/method.Frame.get_placeholder.html to /usr/share/doc/panel-1.0
Installing /blfs/builds/libpanel-1.10.4/build/docs/panel-1.0/const.MAJOR_VERSION.html to /usr/share/doc/panel-1.0
Installing /blfs/builds/libpanel-1.10.4/build/docs/panel-1.0/method.Frame.set_visible_child.html to /usr/share/doc/panel-1.0
Installing /blfs/builds/libpanel-1.10.4/build/docs/panel-1.0/RedHatText-BoldItalic.woff to /usr/share/doc/panel-1.0
Installing /blfs/builds/libpanel-1.10.4/build/docs/panel-1.0/property.Widget.icon.html to /usr/share/doc/panel-1.0
Installing /blfs/builds/libpanel-1.10.4/build/docs/panel-1.0/RedHatText-Medium.woff2 to /usr/share/doc/panel-1.0
Installing /blfs/builds/libpanel-1.10.4/build/docs/panel-1.0/method.LayeredSettings.unbind.html to /usr/share/doc/panel-1.0
Installing /blfs/builds/libpanel-1.10.4/build/docs/panel-1.0/method.Widget.set_modified.html to /usr/share/doc/panel-1.0
Installing /blfs/builds/libpanel-1.10.4/build/docs/panel-1.0/method.Grid.foreach_frame.html to /usr/share/doc/panel-1.0
Installing /blfs/builds/libpanel-1.10.4/build/docs/panel-1.0/method.LayeredSettings.list_keys.html to /usr/share/doc/panel-1.0
Installing /blfs/builds/libpanel-1.10.4/build/docs/panel-1.0/method.Position.get_column_set.html to /usr/share/doc/panel-1.0
Installing /blfs/builds/libpanel-1.10.4/build/docs/panel-1.0/method.Dock.get_can_reveal_end.html to /usr/share/doc/panel-1.0
Installing /blfs/builds/libpanel-1.10.4/build/docs/panel-1.0/RedHatDisplay-Italic.woff to /usr/share/doc/panel-1.0
Installing /blfs/builds/libpanel-1.10.4/build/docs/panel-1.0/ctor.Statusbar.new.html to /usr/share/doc/panel-1.0
Installing /blfs/builds/libpanel-1.10.4/build/docs/panel-1.0/property.SessionItem.id.html to /usr/share/doc/panel-1.0
Installing /blfs/builds/libpanel-1.10.4/build/docs/panel-1.0/method.Position.get_depth.html to /usr/share/doc/panel-1.0
Installing /blfs/builds/libpanel-1.10.4/build/docs/panel-1.0/method.Frame.get_header.html to /usr/share/doc/panel-1.0
Installing /blfs/builds/libpanel-1.10.4/build/docs/panel-1.0/method.Paned.get_nth_child.html to /usr/share/doc/panel-1.0
Installing /blfs/builds/libpanel-1.10.4/build/docs/panel-1.0/method.Settings.set_int.html to /usr/share/doc/panel-1.0
Installing /blfs/builds/libpanel-1.10.4/build/docs/panel-1.0/method.Widget.set_tooltip.html to /usr/share/doc/panel-1.0
Installing /blfs/builds/libpanel-1.10.4/build/docs/panel-1.0/const.WIDGET_KIND_DOCUMENT.html to /usr/share/doc/panel-1.0
Installing /blfs/builds/libpanel-1.10.4/build/docs/panel-1.0/method.DocumentWorkspace.get_statusbar.html to /usr/share/doc/panel-1.0
Installing /blfs/builds/libpanel-1.10.4/build/docs/panel-1.0/property.Dock.can-reveal-top.html to /usr/share/doc/panel-1.0
Installing /blfs/builds/libpanel-1.10.4/build/docs/panel-1.0/property.FrameTabBar.expand-tabs.html to /usr/share/doc/panel-1.0
Installing /blfs/builds/libpanel-1.10.4/build/docs/panel-1.0/property.SaveDelegate.icon-name.html to /usr/share/doc/panel-1.0
Installing /blfs/builds/libpanel-1.10.4/build/docs/panel-1.0/method.LayeredSettings.append.html to /usr/share/doc/panel-1.0
Installing /blfs/builds/libpanel-1.10.4/build/docs/panel-1.0/property.Dock.reveal-bottom.html to /usr/share/doc/panel-1.0
Installing /blfs/builds/libpanel-1.10.4/build/docs/panel-1.0/property.Settings.identifier.html to /usr/share/doc/panel-1.0
Installing /blfs/builds/libpanel-1.10.4/build/docs/panel-1.0/method.Dock.set_end_width.html to /usr/share/doc/panel-1.0
Installing /blfs/builds/libpanel-1.10.4/build/docs/panel-1.0/method.SessionItem.set_metadata_value.html to /usr/share/doc/panel-1.0
Installing /blfs/builds/libpanel-1.10.4/build/docs/panel-1.0/property.Widget.id.html to /usr/share/doc/panel-1.0
Installing /blfs/builds/libpanel-1.10.4/build/docs/panel-1.0/signal.SaveDelegate.discard.html to /usr/share/doc/panel-1.0
Installing /blfs/builds/libpanel-1.10.4/build/docs/panel-1.0/method.LayeredSettings.set_boolean.html to /usr/share/doc/panel-1.0
Installing /blfs/builds/libpanel-1.10.4/build/docs/panel-1.0/func.marshal_OBJECT__OBJECTv.html to /usr/share/doc/panel-1.0
Installing /blfs/builds/libpanel-1.10.4/build/docs/panel-1.0/method.Widget.force_close.html to /usr/share/doc/panel-1.0
Installing /blfs/builds/libpanel-1.10.4/build/docs/panel-1.0/property.Dock.can-reveal-end.html to /usr/share/doc/panel-1.0
Installing /blfs/builds/libpanel-1.10.4/build/docs/panel-1.0/RedHatDisplay-BoldItalic.woff to /usr/share/doc/panel-1.0
Installing /blfs/builds/libpanel-1.10.4/build/docs/panel-1.0/class.LayeredSettings.html to /usr/share/doc/panel-1.0
Installing /blfs/builds/libpanel-1.10.4/build/docs/panel-1.0/property.Widget.reorderable.html to /usr/share/doc/panel-1.0
Installing /blfs/builds/libpanel-1.10.4/build/docs/panel-1.0/property.Widget.kind.html to /usr/share/doc/panel-1.0
Installing /blfs/builds/libpanel-1.10.4/build/docs/panel-1.0/class.DocumentWorkspace.html to /usr/share/doc/panel-1.0
Installing /blfs/builds/libpanel-1.10.4/build/docs/panel-1.0/method.Workbench.find_workspace_typed.html to /usr/share/doc/panel-1.0
Installing /blfs/builds/libpanel-1.10.4/build/docs/panel-1.0/method.OmniBar.set_progress.html to /usr/share/doc/panel-1.0
Installing /blfs/builds/libpanel-1.10.4/build/docs/panel-1.0/ctor.OmniBar.new.html to /usr/share/doc/panel-1.0
Installing /blfs/builds/libpanel-1.10.4/build/docs/panel-1.0/property.DocumentWorkspace.dock.html to /usr/share/doc/panel-1.0
Installing /blfs/builds/libpanel-1.10.4/build/docs/panel-1.0/method.Widget.set_can_maximize.html to /usr/share/doc/panel-1.0
Installing /blfs/builds/libpanel-1.10.4/build/docs/panel-1.0/property.OmniBar.icon-name.html to /usr/share/doc/panel-1.0
Installing /blfs/builds/libpanel-1.10.4/build/docs/panel-1.0/method.Widget.set_title.html to /usr/share/doc/panel-1.0
Installing /blfs/builds/libpanel-1.10.4/build/docs/panel-1.0/method.Session.to_variant.html to /usr/share/doc/panel-1.0
Installing /blfs/builds/libpanel-1.10.4/build/docs/panel-1.0/solarized-dark.css to /usr/share/doc/panel-1.0
Installing /blfs/builds/libpanel-1.10.4/build/docs/panel-1.0/method.ActionMuxer.remove_all.html to /usr/share/doc/panel-1.0
Installing /blfs/builds/libpanel-1.10.4/build/docs/panel-1.0/property.OmniBar.action-tooltip.html to /usr/share/doc/panel-1.0
Installing /blfs/builds/libpanel-1.10.4/build/docs/panel-1.0/method.Position.get_area.html to /usr/share/doc/panel-1.0
Installing /blfs/builds/libpanel-1.10.4/build/docs/panel-1.0/method.Widget.maximize.html to /usr/share/doc/panel-1.0
Installing /blfs/builds/libpanel-1.10.4/build/docs/panel-1.0/class.SaveDialog.html to /usr/share/doc/panel-1.0
Installing /blfs/builds/libpanel-1.10.4/build/docs/panel-1.0/method.Dock.get_can_reveal_bottom.html to /usr/share/doc/panel-1.0
Installing /blfs/builds/libpanel-1.10.4/build/docs/panel-1.0/method.MenuManager.find_item_by_id.html to /usr/share/doc/panel-1.0
Installing /blfs/builds/libpanel-1.10.4/build/docs/panel-1.0/method.SaveDialog.set_close_after_save.html to /usr/share/doc/panel-1.0
Installing /blfs/builds/libpanel-1.10.4/build/docs/panel-1.0/property.Widget.needs-attention.html to /usr/share/doc/panel-1.0
Installing /blfs/builds/libpanel-1.10.4/build/docs/panel-1.0/signal.Dock.adopt-widget.html to /usr/share/doc/panel-1.0
Installing /blfs/builds/libpanel-1.10.4/build/docs/panel-1.0/class.ActionMuxer.html to /usr/share/doc/panel-1.0
Installing /blfs/builds/libpanel-1.10.4/build/docs/panel-1.0/method.SaveDelegate.get_title.html to /usr/share/doc/panel-1.0
Installing /blfs/builds/libpanel-1.10.4/build/docs/panel-1.0/property.OmniBar.popover.html to /usr/share/doc/panel-1.0
Installing /blfs/builds/libpanel-1.10.4/build/docs/panel-1.0/method.SaveDelegate.get_progress.html to /usr/share/doc/panel-1.0
Installing /blfs/builds/libpanel-1.10.4/build/docs/panel-1.0/vfunc.SaveDelegate.save_finish.html to /usr/share/doc/panel-1.0
Installing /blfs/builds/libpanel-1.10.4/build/docs/panel-1.0/RedHatDisplay-Black.woff to /usr/share/doc/panel-1.0
Installing /blfs/builds/libpanel-1.10.4/build/docs/panel-1.0/method.Session.prepend.html to /usr/share/doc/panel-1.0
Installing /blfs/builds/libpanel-1.10.4/build/docs/panel-1.0/method.Frame.add.html to /usr/share/doc/panel-1.0
Installing /blfs/builds/libpanel-1.10.4/build/docs/panel-1.0/method.MenuManager.add_filename.html to /usr/share/doc/panel-1.0
Installing /blfs/builds/libpanel-1.10.4/build/docs/panel-1.0/method.LayeredSettings.get_double.html to /usr/share/doc/panel-1.0
Installing /blfs/builds/libpanel-1.10.4/build/docs/panel-1.0/vfunc.Dock.panel_drag_begin.html to /usr/share/doc/panel-1.0
Installing /blfs/builds/libpanel-1.10.4/build/docs/panel-1.0/signal.Settings.changed.html to /usr/share/doc/panel-1.0
Installing /blfs/builds/libpanel-1.10.4/build/docs/panel-1.0/const.MINOR_VERSION.html to /usr/share/doc/panel-1.0
Installing /blfs/builds/libpanel-1.10.4/build/docs/panel-1.0/method.SessionItem.set_workspace.html to /usr/share/doc/panel-1.0
Installing /blfs/builds/libpanel-1.10.4/build/docs/panel-1.0/ctor.SaveDelegate.new.html to /usr/share/doc/panel-1.0
Installing /blfs/builds/libpanel-1.10.4/build/docs/panel-1.0/method.SaveDelegate.set_subtitle.html to /usr/share/doc/panel-1.0
Installing /blfs/builds/libpanel-1.10.4/build/docs/panel-1.0/fonts.css to /usr/share/doc/panel-1.0
Installing /blfs/builds/libpanel-1.10.4/build/docs/panel-1.0/method.ThemeSelector.get_action_name.html to /usr/share/doc/panel-1.0
Installing /blfs/builds/libpanel-1.10.4/build/docs/panel-1.0/property.FrameTabBar.inverted.html to /usr/share/doc/panel-1.0
Installing /blfs/builds/libpanel-1.10.4/build/docs/panel-1.0/method.Position.set_column.html to /usr/share/doc/panel-1.0
Installing /blfs/builds/libpanel-1.10.4/build/docs/panel-1.0/index.html to /usr/share/doc/panel-1.0
Installing /blfs/builds/libpanel-1.10.4/build/docs/panel-1.0/method.Dock.set_reveal_end.html to /usr/share/doc/panel-1.0
Installing /blfs/builds/libpanel-1.10.4/build/docs/panel-1.0/class.Inhibitor.html to /usr/share/doc/panel-1.0
Installing /blfs/builds/libpanel-1.10.4/build/docs/panel-1.0/property.Position.column.html to /usr/share/doc/panel-1.0
Installing /blfs/builds/libpanel-1.10.4/build/docs/panel-1.0/property.Frame.empty.html to /usr/share/doc/panel-1.0
Installing /blfs/builds/libpanel-1.10.4/build/docs/panel-1.0/method.Widget.get_child.html to /usr/share/doc/panel-1.0
Installing /blfs/builds/libpanel-1.10.4/build/docs/panel-1.0/method.Frame.get_visible_child.html to /usr/share/doc/panel-1.0
Installing /blfs/builds/libpanel-1.10.4/build/docs/panel-1.0/method.Position.get_depth_set.html to /usr/share/doc/panel-1.0
Installing /blfs/builds/libpanel-1.10.4/build/docs/panel-1.0/method.Position.set_column_set.html to /usr/share/doc/panel-1.0
Installing /blfs/builds/libpanel-1.10.4/build/docs/panel-1.0/method.GridColumn.get_n_rows.html to /usr/share/doc/panel-1.0
Installing /blfs/builds/libpanel-1.10.4/build/docs/panel-1.0/method.ChangesDialog.set_close_after_save.html to /usr/share/doc/panel-1.0
Installing /blfs/builds/libpanel-1.10.4/build/docs/panel-1.0/RedHatText-BoldItalic.woff2 to /usr/share/doc/panel-1.0
Installing /blfs/builds/libpanel-1.10.4/build/docs/panel-1.0/property.Widget.title.html to /usr/share/doc/panel-1.0
Installing /blfs/builds/libpanel-1.10.4/build/docs/panel-1.0/method.Widget.get_busy.html to /usr/share/doc/panel-1.0
Installing /blfs/builds/libpanel-1.10.4/build/docs/panel-1.0/const.MICRO_VERSION.html to /usr/share/doc/panel-1.0
Installing /blfs/builds/libpanel-1.10.4/build/docs/panel-1.0/method.MenuManager.get_menu_ids.html to /usr/share/doc/panel-1.0
Installing /blfs/builds/libpanel-1.10.4/build/docs/panel-1.0/method.Widget.get_id.html to /usr/share/doc/panel-1.0
Installing /blfs/builds/libpanel-1.10.4/build/docs/panel-1.0/type_func.Workspace.find_from_widget.html to /usr/share/doc/panel-1.0
Installing /blfs/builds/libpanel-1.10.4/src/libpanel.h to /usr/include/libpanel-1
Installing /blfs/builds/libpanel-1.10.4/src/panel-action-group.h to /usr/include/libpanel-1
Installing /blfs/builds/libpanel-1.10.4/src/panel-action-muxer.h to /usr/include/libpanel-1
Installing /blfs/builds/libpanel-1.10.4/src/panel-application.h to /usr/include/libpanel-1
Installing /blfs/builds/libpanel-1.10.4/src/panel-changes-dialog.h to /usr/include/libpanel-1
Installing /blfs/builds/libpanel-1.10.4/src/panel-dock.h to /usr/include/libpanel-1
Installing /blfs/builds/libpanel-1.10.4/src/panel-document-workspace.h to /usr/include/libpanel-1
Installing /blfs/builds/libpanel-1.10.4/src/panel-frame.h to /usr/include/libpanel-1
Installing /blfs/builds/libpanel-1.10.4/src/panel-frame-header-bar.h to /usr/include/libpanel-1
Installing /blfs/builds/libpanel-1.10.4/src/panel-frame-header.h to /usr/include/libpanel-1
Installing /blfs/builds/libpanel-1.10.4/src/panel-frame-switcher.h to /usr/include/libpanel-1
Installing /blfs/builds/libpanel-1.10.4/src/panel-frame-tab-bar.h to /usr/include/libpanel-1
Installing /blfs/builds/libpanel-1.10.4/src/panel-grid.h to /usr/include/libpanel-1
Installing /blfs/builds/libpanel-1.10.4/src/panel-grid-column.h to /usr/include/libpanel-1
Installing /blfs/builds/libpanel-1.10.4/src/panel-gsettings-action-group.h to /usr/include/libpanel-1
Installing /blfs/builds/libpanel-1.10.4/src/panel-inhibitor.h to /usr/include/libpanel-1
Installing /blfs/builds/libpanel-1.10.4/src/panel-init.h to /usr/include/libpanel-1
Installing /blfs/builds/libpanel-1.10.4/src/panel-layered-settings.h to /usr/include/libpanel-1
Installing /blfs/builds/libpanel-1.10.4/src/panel-menu-manager.h to /usr/include/libpanel-1
Installing /blfs/builds/libpanel-1.10.4/src/panel-omni-bar.h to /usr/include/libpanel-1
Installing /blfs/builds/libpanel-1.10.4/src/panel-paned.h to /usr/include/libpanel-1
Installing /blfs/builds/libpanel-1.10.4/src/panel-position.h to /usr/include/libpanel-1
Installing /blfs/builds/libpanel-1.10.4/src/panel-save-dialog.h to /usr/include/libpanel-1
Installing /blfs/builds/libpanel-1.10.4/src/panel-save-delegate.h to /usr/include/libpanel-1
Installing /blfs/builds/libpanel-1.10.4/src/panel-session.h to /usr/include/libpanel-1
Installing /blfs/builds/libpanel-1.10.4/src/panel-session-item.h to /usr/include/libpanel-1
Installing /blfs/builds/libpanel-1.10.4/src/panel-settings.h to /usr/include/libpanel-1
Installing /blfs/builds/libpanel-1.10.4/src/panel-statusbar.h to /usr/include/libpanel-1
Installing /blfs/builds/libpanel-1.10.4/src/panel-theme-selector.h to /usr/include/libpanel-1
Installing /blfs/builds/libpanel-1.10.4/src/panel-toggle-button.h to /usr/include/libpanel-1
Installing /blfs/builds/libpanel-1.10.4/src/panel-version-macros.h to /usr/include/libpanel-1
Installing /blfs/builds/libpanel-1.10.4/src/panel-types.h to /usr/include/libpanel-1
Installing /blfs/builds/libpanel-1.10.4/src/panel-widget.h to /usr/include/libpanel-1
Installing /blfs/builds/libpanel-1.10.4/src/panel-workbench.h to /usr/include/libpanel-1
Installing /blfs/builds/libpanel-1.10.4/build/src/panel-version.h to /usr/include/libpanel-1
Installing /blfs/builds/libpanel-1.10.4/build/meson-private/libpanel-1.pc to /usr/lib/pkgconfig
Installing /blfs/builds/libpanel-1.10.4/build/meson-private/libpanel-1.deps to /usr/share/vala/vapi
Installing symlink pointing to libpanel-1.so.1.0.0 to /usr/lib/libpanel-1.so.1
Installing symlink pointing to libpanel-1.so.1 to /usr/lib/libpanel-1.so
Running custom install script '/usr/bin/gtk4-update-icon-cache -q -t -f /usr/share/icons/hicolor'
libpanel/
libpanel/usr/
libpanel/usr/include/
libpanel/usr/include/libpanel-1/
libpanel/usr/include/libpanel-1/panel-frame-header.h
libpanel/usr/include/libpanel-1/panel-grid-column.h
libpanel/usr/include/libpanel-1/panel-workbench.h
libpanel/usr/include/libpanel-1/panel-menu-manager.h
libpanel/usr/include/libpanel-1/panel-version.h
libpanel/usr/include/libpanel-1/panel-application.h
libpanel/usr/include/libpanel-1/panel-save-dialog.h
libpanel/usr/include/libpanel-1/panel-frame.h
libpanel/usr/include/libpanel-1/panel-dock.h
libpanel/usr/include/libpanel-1/libpanel.h
libpanel/usr/include/libpanel-1/panel-grid.h
libpanel/usr/include/libpanel-1/panel-enums.h
libpanel/usr/include/libpanel-1/panel-save-delegate.h
libpanel/usr/include/libpanel-1/panel-frame-switcher.h
libpanel/usr/include/libpanel-1/panel-layered-settings.h
libpanel/usr/include/libpanel-1/panel-position.h
libpanel/usr/include/libpanel-1/panel-session.h
libpanel/usr/include/libpanel-1/panel-types.h
libpanel/usr/include/libpanel-1/panel-session-item.h
libpanel/usr/include/libpanel-1/panel-omni-bar.h
libpanel/usr/include/libpanel-1/panel-action-muxer.h
libpanel/usr/include/libpanel-1/panel-action-group.h
libpanel/usr/include/libpanel-1/panel-statusbar.h
libpanel/usr/include/libpanel-1/panel-frame-header-bar.h
libpanel/usr/include/libpanel-1/panel-version-macros.h
libpanel/usr/include/libpanel-1/panel-changes-dialog.h
libpanel/usr/include/libpanel-1/panel-frame-tab-bar.h
libpanel/usr/include/libpanel-1/panel-document-workspace.h
libpanel/usr/include/libpanel-1/panel-init.h
libpanel/usr/include/libpanel-1/panel-toggle-button.h
libpanel/usr/include/libpanel-1/panel-theme-selector.h
libpanel/usr/include/libpanel-1/panel-inhibitor.h
libpanel/usr/include/libpanel-1/panel-paned.h
libpanel/usr/include/libpanel-1/panel-settings.h
libpanel/usr/include/libpanel-1/panel-gsettings-action-group.h
libpanel/usr/include/libpanel-1/panel-widget.h
libpanel/usr/share/
libpanel/usr/share/vala/
libpanel/usr/share/vala/vapi/
libpanel/usr/share/vala/vapi/libpanel-1.vapi
libpanel/usr/share/vala/vapi/libpanel-1.deps
libpanel/usr/share/locale/
libpanel/usr/share/locale/sr/
libpanel/usr/share/locale/sr/LC_MESSAGES/
libpanel/usr/share/locale/sr/LC_MESSAGES/libpanel.mo
libpanel/usr/share/locale/nl/
libpanel/usr/share/locale/nl/LC_MESSAGES/
libpanel/usr/share/locale/nl/LC_MESSAGES/libpanel.mo
libpanel/usr/share/locale/ab/
libpanel/usr/share/locale/ab/LC_MESSAGES/
libpanel/usr/share/locale/ab/LC_MESSAGES/libpanel.mo
libpanel/usr/share/locale/fi/
libpanel/usr/share/locale/fi/LC_MESSAGES/
libpanel/usr/share/locale/fi/LC_MESSAGES/libpanel.mo
libpanel/usr/share/locale/id/
libpanel/usr/share/locale/id/LC_MESSAGES/
libpanel/usr/share/locale/id/LC_MESSAGES/libpanel.mo
libpanel/usr/share/locale/ro/
libpanel/usr/share/locale/ro/LC_MESSAGES/
libpanel/usr/share/locale/ro/LC_MESSAGES/libpanel.mo
libpanel/usr/share/locale/ko/
libpanel/usr/share/locale/ko/LC_MESSAGES/
libpanel/usr/share/locale/ko/LC_MESSAGES/libpanel.mo
libpanel/usr/share/locale/zh_TW/
libpanel/usr/share/locale/zh_TW/LC_MESSAGES/
libpanel/usr/share/locale/zh_TW/LC_MESSAGES/libpanel.mo
libpanel/usr/share/locale/hi/
libpanel/usr/share/locale/hi/LC_MESSAGES/
libpanel/usr/share/locale/hi/LC_MESSAGES/libpanel.mo
libpanel/usr/share/locale/kk/
libpanel/usr/share/locale/kk/LC_MESSAGES/
libpanel/usr/share/locale/kk/LC_MESSAGES/libpanel.mo
libpanel/usr/share/locale/nb/
libpanel/usr/share/locale/nb/LC_MESSAGES/
libpanel/usr/share/locale/nb/LC_MESSAGES/libpanel.mo
libpanel/usr/share/locale/ie/
libpanel/usr/share/locale/ie/LC_MESSAGES/
libpanel/usr/share/locale/ie/LC_MESSAGES/libpanel.mo
libpanel/usr/share/locale/uk/
libpanel/usr/share/locale/uk/LC_MESSAGES/
libpanel/usr/share/locale/uk/LC_MESSAGES/libpanel.mo
libpanel/usr/share/locale/kw/
libpanel/usr/share/locale/kw/LC_MESSAGES/
libpanel/usr/share/locale/kw/LC_MESSAGES/libpanel.mo
libpanel/usr/share/locale/ug/
libpanel/usr/share/locale/ug/LC_MESSAGES/
libpanel/usr/share/locale/ug/LC_MESSAGES/libpanel.mo
libpanel/usr/share/locale/en_GB/
libpanel/usr/share/locale/en_GB/LC_MESSAGES/
libpanel/usr/share/locale/en_GB/LC_MESSAGES/libpanel.mo
libpanel/usr/share/locale/oc/
libpanel/usr/share/locale/oc/LC_MESSAGES/
libpanel/usr/share/locale/oc/LC_MESSAGES/libpanel.mo
libpanel/usr/share/locale/es/
libpanel/usr/share/locale/es/LC_MESSAGES/
libpanel/usr/share/locale/es/LC_MESSAGES/libpanel.mo
libpanel/usr/share/locale/he/
libpanel/usr/share/locale/he/LC_MESSAGES/
libpanel/usr/share/locale/he/LC_MESSAGES/libpanel.mo
libpanel/usr/share/locale/fr/
libpanel/usr/share/locale/fr/LC_MESSAGES/
libpanel/usr/share/locale/fr/LC_MESSAGES/libpanel.mo
libpanel/usr/share/locale/ca/
libpanel/usr/share/locale/ca/LC_MESSAGES/
libpanel/usr/share/locale/ca/LC_MESSAGES/libpanel.mo
libpanel/usr/share/locale/pl/
libpanel/usr/share/locale/pl/LC_MESSAGES/
libpanel/usr/share/locale/pl/LC_MESSAGES/libpanel.mo
libpanel/usr/share/locale/da/
libpanel/usr/share/locale/da/LC_MESSAGES/
libpanel/usr/share/locale/da/LC_MESSAGES/libpanel.mo
libpanel/usr/share/locale/ru/
libpanel/usr/share/locale/ru/LC_MESSAGES/
libpanel/usr/share/locale/ru/LC_MESSAGES/libpanel.mo
libpanel/usr/share/locale/is/
libpanel/usr/share/locale/is/LC_MESSAGES/
libpanel/usr/share/locale/is/LC_MESSAGES/libpanel.mo
libpanel/usr/share/locale/hr/
libpanel/usr/share/locale/hr/LC_MESSAGES/
libpanel/usr/share/locale/hr/LC_MESSAGES/libpanel.mo
libpanel/usr/share/locale/kab/
libpanel/usr/share/locale/kab/LC_MESSAGES/
libpanel/usr/share/locale/kab/LC_MESSAGES/libpanel.mo
libpanel/usr/share/locale/fa/
libpanel/usr/share/locale/fa/LC_MESSAGES/
libpanel/usr/share/locale/fa/LC_MESSAGES/libpanel.mo
libpanel/usr/share/locale/zh_CN/
libpanel/usr/share/locale/zh_CN/LC_MESSAGES/
libpanel/usr/share/locale/zh_CN/LC_MESSAGES/libpanel.mo
libpanel/usr/share/locale/cs/
libpanel/usr/share/locale/cs/LC_MESSAGES/
libpanel/usr/share/locale/cs/LC_MESSAGES/libpanel.mo
libpanel/usr/share/locale/lv/
libpanel/usr/share/locale/lv/LC_MESSAGES/
libpanel/usr/share/locale/lv/LC_MESSAGES/libpanel.mo
libpanel/usr/share/locale/pt_BR/
libpanel/usr/share/locale/pt_BR/LC_MESSAGES/
libpanel/usr/share/locale/pt_BR/LC_MESSAGES/libpanel.mo
libpanel/usr/share/locale/pt/
libpanel/usr/share/locale/pt/LC_MESSAGES/
libpanel/usr/share/locale/pt/LC_MESSAGES/libpanel.mo
libpanel/usr/share/locale/hu/
libpanel/usr/share/locale/hu/LC_MESSAGES/
libpanel/usr/share/locale/hu/LC_MESSAGES/libpanel.mo
libpanel/usr/share/locale/tr/
libpanel/usr/share/locale/tr/LC_MESSAGES/
libpanel/usr/share/locale/tr/LC_MESSAGES/libpanel.mo
libpanel/usr/share/locale/sl/
libpanel/usr/share/locale/sl/LC_MESSAGES/
libpanel/usr/share/locale/sl/LC_MESSAGES/libpanel.mo
libpanel/usr/share/locale/fur/
libpanel/usr/share/locale/fur/LC_MESSAGES/
libpanel/usr/share/locale/fur/LC_MESSAGES/libpanel.mo
libpanel/usr/share/locale/eu/
libpanel/usr/share/locale/eu/LC_MESSAGES/
libpanel/usr/share/locale/eu/LC_MESSAGES/libpanel.mo
libpanel/usr/share/locale/el/
libpanel/usr/share/locale/el/LC_MESSAGES/
libpanel/usr/share/locale/el/LC_MESSAGES/libpanel.mo
libpanel/usr/share/locale/sv/
libpanel/usr/share/locale/sv/LC_MESSAGES/
libpanel/usr/share/locale/sv/LC_MESSAGES/libpanel.mo
libpanel/usr/share/locale/sk/
libpanel/usr/share/locale/sk/LC_MESSAGES/
libpanel/usr/share/locale/sk/LC_MESSAGES/libpanel.mo
libpanel/usr/share/locale/eo/
libpanel/usr/share/locale/eo/LC_MESSAGES/
libpanel/usr/share/locale/eo/LC_MESSAGES/libpanel.mo
libpanel/usr/share/locale/bg/
libpanel/usr/share/locale/bg/LC_MESSAGES/
libpanel/usr/share/locale/bg/LC_MESSAGES/libpanel.mo
libpanel/usr/share/locale/pa/
libpanel/usr/share/locale/pa/LC_MESSAGES/
libpanel/usr/share/locale/pa/LC_MESSAGES/libpanel.mo
libpanel/usr/share/locale/ka/
libpanel/usr/share/locale/ka/LC_MESSAGES/
libpanel/usr/share/locale/ka/LC_MESSAGES/libpanel.mo
libpanel/usr/share/locale/ne/
libpanel/usr/share/locale/ne/LC_MESSAGES/
libpanel/usr/share/locale/ne/LC_MESSAGES/libpanel.mo
libpanel/usr/share/locale/it/
libpanel/usr/share/locale/it/LC_MESSAGES/
libpanel/usr/share/locale/it/LC_MESSAGES/libpanel.mo
libpanel/usr/share/locale/de/
libpanel/usr/share/locale/de/LC_MESSAGES/
libpanel/usr/share/locale/de/LC_MESSAGES/libpanel.mo
libpanel/usr/share/locale/lt/
libpanel/usr/share/locale/lt/LC_MESSAGES/
libpanel/usr/share/locale/lt/LC_MESSAGES/libpanel.mo
libpanel/usr/share/locale/be/
libpanel/usr/share/locale/be/LC_MESSAGES/
libpanel/usr/share/locale/be/LC_MESSAGES/libpanel.mo
libpanel/usr/share/locale/gl/
libpanel/usr/share/locale/gl/LC_MESSAGES/
libpanel/usr/share/locale/gl/LC_MESSAGES/libpanel.mo
libpanel/usr/share/icons/
libpanel/usr/share/icons/hicolor/
libpanel/usr/share/icons/hicolor/scalable/
libpanel/usr/share/icons/hicolor/scalable/actions/
libpanel/usr/share/icons/hicolor/scalable/actions/panel-bottom-symbolic.svg
libpanel/usr/share/icons/hicolor/scalable/actions/panel-left-symbolic.svg
libpanel/usr/share/icons/hicolor/scalable/actions/panel-modified-symbolic.svg
libpanel/usr/share/icons/hicolor/scalable/actions/panel-right-symbolic.svg
libpanel/usr/share/icons/hicolor/scalable/actions/panel-center-symbolic.svg
libpanel/usr/share/icons/hicolor/scalable/actions/panel-top-symbolic.svg
libpanel/usr/share/gir-1.0/
libpanel/usr/share/gir-1.0/Panel-1.gir
libpanel/usr/share/doc/
libpanel/usr/share/doc/panel-1.0/
libpanel/usr/share/doc/panel-1.0/method.LayeredSettings.get_int.html
libpanel/usr/share/doc/panel-1.0/method.LayeredSettings.set_double.html
libpanel/usr/share/doc/panel-1.0/method.LayeredSettings.bind_with_mapping.html
libpanel/usr/share/doc/panel-1.0/go-up-symbolic.png
libpanel/usr/share/doc/panel-1.0/method.Widget.set_needs_attention.html
libpanel/usr/share/doc/panel-1.0/vfunc.Frame.page_closed.html
libpanel/usr/share/doc/panel-1.0/method.Position.is_indeterminate.html
libpanel/usr/share/doc/panel-1.0/method.Session.lookup_by_id.html
libpanel/usr/share/doc/panel-1.0/method.SaveDelegate.set_title.html
libpanel/usr/share/doc/panel-1.0/method.Position.get_row.html
libpanel/usr/share/doc/panel-1.0/func.marshal_BOOLEAN__OBJECT_OBJECTv.html
libpanel/usr/share/doc/panel-1.0/property.LayeredSettings.schema-id.html
libpanel/usr/share/doc/panel-1.0/method.GridColumn.get_most_recent_frame.html
libpanel/usr/share/doc/panel-1.0/property.Frame.placeholder.html
libpanel/usr/share/doc/panel-1.0/method.Session.remove.html
libpanel/usr/share/doc/panel-1.0/method.LayeredSettings.get_default_value.html
libpanel/usr/share/doc/panel-1.0/enum.Area.html
libpanel/usr/share/doc/panel-1.0/RedHatDisplay-BlackItalic.woff
libpanel/usr/share/doc/panel-1.0/RedHatDisplay-Regular.woff2
libpanel/usr/share/doc/panel-1.0/property.Widget.busy.html
libpanel/usr/share/doc/panel-1.0/method.OmniBar.start_pulsing.html
libpanel/usr/share/doc/panel-1.0/method.Settings.get_int.html
libpanel/usr/share/doc/panel-1.0/method.Settings.set_double.html
libpanel/usr/share/doc/panel-1.0/property.Dock.bottom-height.html
libpanel/usr/share/doc/panel-1.0/method.Workspace.get_id.html
libpanel/usr/share/doc/panel-1.0/method.Widget.get_title.html
libpanel/usr/share/doc/panel-1.0/class_method.Widget.install_property_action.html
libpanel/usr/share/doc/panel-1.0/vfunc.Workbench.unload_finish.html
libpanel/usr/share/doc/panel-1.0/type_func.GSettingsActionGroup.new.html
libpanel/usr/share/doc/panel-1.0/method.Statusbar.remove.html
libpanel/usr/share/doc/panel-1.0/method.Widget.action_set_enabled.html
libpanel/usr/share/doc/panel-1.0/SourceCodePro-Regular.ttf.woff
libpanel/usr/share/doc/panel-1.0/method.SaveDelegate.get_is_draft.html
libpanel/usr/share/doc/panel-1.0/method.Workbench.action_set_enabled.html
libpanel/usr/share/doc/panel-1.0/signal.DocumentWorkspace.add-widget.html
libpanel/usr/share/doc/panel-1.0/property.SaveDelegate.is-draft.html
libpanel/usr/share/doc/panel-1.0/RedHatDisplay-Bold.woff2
libpanel/usr/share/doc/panel-1.0/method.Frame.get_empty.html
libpanel/usr/share/doc/panel-1.0/method.ChangesDialog.run_finish.html
libpanel/usr/share/doc/panel-1.0/method.Grid.agree_to_close_finish.html
libpanel/usr/share/doc/panel-1.0/method.Paned.insert.html
libpanel/usr/share/doc/panel-1.0/signal.DocumentWorkspace.create-frame.html
libpanel/usr/share/doc/panel-1.0/property.Dock.top-height.html
libpanel/usr/share/doc/panel-1.0/method.SaveDelegate.save_finish.html
libpanel/usr/share/doc/panel-1.0/method.Workspace.action_set_enabled.html
libpanel/usr/share/doc/panel-1.0/class.Workspace.html
libpanel/usr/share/doc/panel-1.0/RedHatDisplay-Medium.woff
libpanel/usr/share/doc/panel-1.0/solarized-light.css
libpanel/usr/share/doc/panel-1.0/ctor.DocumentWorkspace.new.html
libpanel/usr/share/doc/panel-1.0/method.Widget.get_can_maximize.html
libpanel/usr/share/doc/panel-1.0/class.SessionItem.html
libpanel/usr/share/doc/panel-1.0/property.Widget.save-delegate.html
libpanel/usr/share/doc/panel-1.0/toggle-button.png
libpanel/usr/share/doc/panel-1.0/method.LayeredSettings.get_string.html
libpanel/usr/share/doc/panel-1.0/method.Settings.get_uint.html
libpanel/usr/share/doc/panel-1.0/RedHatDisplay-Bold.woff
libpanel/usr/share/doc/panel-1.0/RedHatText-MediumItalic.woff2
libpanel/usr/share/doc/panel-1.0/method.Widget.set_child.html
libpanel/usr/share/doc/panel-1.0/method.ChangesDialog.get_close_after_save.html
libpanel/usr/share/doc/panel-1.0/property.Position.area.html
libpanel/usr/share/doc/panel-1.0/method.Dock.get_reveal_end.html
libpanel/usr/share/doc/panel-1.0/method.Widget.set_id.html
libpanel/usr/share/doc/panel-1.0/method.FrameTabBar.get_autohide.html
libpanel/usr/share/doc/panel-1.0/class_method.Workbench.install_action.html
libpanel/usr/share/doc/panel-1.0/method.Dock.get_reveal_start.html
libpanel/usr/share/doc/panel-1.0/method.Widget.get_icon_name.html
libpanel/usr/share/doc/panel-1.0/method.Grid.add.html
libpanel/usr/share/doc/panel-1.0/method.Session.get_item.html
libpanel/usr/share/doc/panel-1.0/method.FrameTabBar.get_inverted.html
libpanel/usr/share/doc/panel-1.0/property.Settings.schema-id-prefix.html
libpanel/usr/share/doc/panel-1.0/class.Session.html
libpanel/usr/share/doc/panel-1.0/ctor.Settings.new_with_path.html
libpanel/usr/share/doc/panel-1.0/func.get_micro_version.html
libpanel/usr/share/doc/panel-1.0/method.LayeredSettings.set_uint.html
libpanel/usr/share/doc/panel-1.0/method.Grid.get_column.html
libpanel/usr/share/doc/panel-1.0/class.FrameTabBar.html
libpanel/usr/share/doc/panel-1.0/RedHatText-Italic.woff2
libpanel/usr/share/doc/panel-1.0/method.Paned.append.html
libpanel/usr/share/doc/panel-1.0/property.Position.row.html
libpanel/usr/share/doc/panel-1.0/class.Statusbar.html
libpanel/usr/share/doc/panel-1.0/ctor.Frame.new.html
libpanel/usr/share/doc/panel-1.0/property.SessionItem.type-hint.html
libpanel/usr/share/doc/panel-1.0/method.Widget.get_icon.html
libpanel/usr/share/doc/panel-1.0/method.Settings.get_string.html
libpanel/usr/share/doc/panel-1.0/method.Widget.mark_busy.html
libpanel/usr/share/doc/panel-1.0/method.Widget.insert_action_group.html
libpanel/usr/share/doc/panel-1.0/vfunc.SaveDelegate.save.html
libpanel/usr/share/doc/panel-1.0/method.Paned.prepend.html
libpanel/usr/share/doc/panel-1.0/method.FrameHeader.page_changed.html
libpanel/usr/share/doc/panel-1.0/type_func.Workbench.find_from_widget.html
libpanel/usr/share/doc/panel-1.0/method.SaveDelegate.get_icon.html
libpanel/usr/share/doc/panel-1.0/method.Widget.get_save_delegate.html
libpanel/usr/share/doc/panel-1.0/main.js
libpanel/usr/share/doc/panel-1.0/method.Dock.get_can_reveal_start.html
libpanel/usr/share/doc/panel-1.0/method.Session.remove_at.html
libpanel/usr/share/doc/panel-1.0/method.Dock.set_top_height.html
libpanel/usr/share/doc/panel-1.0/type_func.Settings.resolve_schema_path.html
libpanel/usr/share/doc/panel-1.0/func.get_resource.html
libpanel/usr/share/doc/panel-1.0/method.SessionItem.set_type_hint.html
libpanel/usr/share/doc/panel-1.0/method.SaveDelegate.close.html
libpanel/usr/share/doc/panel-1.0/signal.SaveDelegate.save.html
libpanel/usr/share/doc/panel-1.0/method.Inhibitor.uninhibit.html
libpanel/usr/share/doc/panel-1.0/method.Settings.set_string.html
libpanel/usr/share/doc/panel-1.0/introduction.html
libpanel/usr/share/doc/panel-1.0/vfunc.SaveDelegate.discard.html
libpanel/usr/share/doc/panel-1.0/method.SessionItem.get_workspace.html
libpanel/usr/share/doc/panel-1.0/method.Widget.set_kind.html
libpanel/usr/share/doc/panel-1.0/ctor.Grid.new.html
libpanel/usr/share/doc/panel-1.0/property.Frame.closeable.html
libpanel/usr/share/doc/panel-1.0/method.SaveDialog.add_delegate.html
libpanel/usr/share/doc/panel-1.0/vfunc.DocumentWorkspace.create_frame.html
libpanel/usr/share/doc/panel-1.0/method.SessionItem.set_position.html
libpanel/usr/share/doc/panel-1.0/method.SaveDelegate.save_async.html
libpanel/usr/share/doc/panel-1.0/method.Settings.bind_with_mapping.html
libpanel/usr/share/doc/panel-1.0/method.Widget.set_save_delegate.html
libpanel/usr/share/doc/panel-1.0/RedHatText-MediumItalic.woff
libpanel/usr/share/doc/panel-1.0/property.Position.row-set.html
libpanel/usr/share/doc/panel-1.0/method.Settings.get_double.html
libpanel/usr/share/doc/panel-1.0/RedHatText-Bold.woff2
libpanel/usr/share/doc/panel-1.0/callback.ActionActivateFunc.html
libpanel/usr/share/doc/panel-1.0/class.Application.html
libpanel/usr/share/doc/panel-1.0/property.SaveDelegate.title.html
libpanel/usr/share/doc/panel-1.0/method.FrameHeader.set_frame.html
libpanel/usr/share/doc/panel-1.0/method.ThemeSelector.set_action_name.html
libpanel/usr/share/doc/panel-1.0/method.FrameHeaderBar.get_menu_popover.html
libpanel/usr/share/doc/panel-1.0/property.Settings.path-prefix.html
libpanel/usr/share/doc/panel-1.0/method.Settings.set_value.html
libpanel/usr/share/doc/panel-1.0/method.Widget.focus_default.html
libpanel/usr/share/doc/panel-1.0/ctor.FrameTabBar.new.html
libpanel/usr/share/doc/panel-1.0/class_method.Workspace.install_property_action.html
libpanel/usr/share/doc/panel-1.0/property.GSettingsActionGroup.settings.html
libpanel/usr/share/doc/panel-1.0/func.check_version.html
libpanel/usr/share/doc/panel-1.0/ctor.ActionMuxer.new.html
libpanel/usr/share/doc/panel-1.0/method.SaveDelegate.get_subtitle.html
libpanel/usr/share/doc/panel-1.0/method.ChangesDialog.add_delegate.html
libpanel/usr/share/doc/panel-1.0/method.OmniBar.remove.html
libpanel/usr/share/doc/panel-1.0/property.DocumentWorkspace.statusbar.html
libpanel/usr/share/doc/panel-1.0/method.Dock.set_bottom_height.html
libpanel/usr/share/doc/panel-1.0/method.Position.equal.html
libpanel/usr/share/doc/panel-1.0/method.Dock.foreach_frame.html
libpanel/usr/share/doc/panel-1.0/method.SaveDialog.run_finish.html
libpanel/usr/share/doc/panel-1.0/method.MenuManager.add_resource.html
libpanel/usr/share/doc/panel-1.0/method.Dock.set_reveal_start.html
libpanel/usr/share/doc/panel-1.0/class.GridColumn.html
libpanel/usr/share/doc/panel-1.0/vfunc.SaveDelegate.save_async.html
libpanel/usr/share/doc/panel-1.0/ctor.Workbench.new.html
libpanel/usr/share/doc/panel-1.0/RedHatDisplay-Italic.woff2
libpanel/usr/share/doc/panel-1.0/ctor.Paned.new.html
libpanel/usr/share/doc/panel-1.0/method.Position.set_area.html
libpanel/usr/share/doc/panel-1.0/RedHatDisplay-MediumItalic.woff
libpanel/usr/share/doc/panel-1.0/property.Dock.reveal-top.html
libpanel/usr/share/doc/panel-1.0/method.SaveDelegate.set_is_draft.html
libpanel/usr/share/doc/panel-1.0/property.Widget.can-maximize.html
libpanel/usr/share/doc/panel-1.0/ctor.FrameHeaderBar.new.html
libpanel/usr/share/doc/panel-1.0/method.Dock.set_reveal_bottom.html
libpanel/usr/share/doc/panel-1.0/iface.FrameHeader.html
libpanel/usr/share/doc/panel-1.0/method.MenuManager.set_attribute_string.html
libpanel/usr/share/doc/panel-1.0/method.Workspace.set_id.html
libpanel/usr/share/doc/panel-1.0/method.DocumentWorkspace.set_titlebar.html
libpanel/usr/share/doc/panel-1.0/method.Widget.get_kind.html
libpanel/usr/share/doc/panel-1.0/method.Widget.unmark_busy.html
libpanel/usr/share/doc/panel-1.0/class_method.Widget.install_action.html
libpanel/usr/share/doc/panel-1.0/method.Workbench.add_workspace.html
libpanel/usr/share/doc/panel-1.0/method.Workspace.inhibit.html
libpanel/usr/share/doc/panel-1.0/property.DocumentWorkspace.grid.html
libpanel/usr/share/doc/panel-1.0/method.OmniBar.set_popover.html
libpanel/usr/share/doc/panel-1.0/ctor.Widget.new.html
libpanel/usr/share/doc/panel-1.0/method.LayeredSettings.get_uint.html
libpanel/usr/share/doc/panel-1.0/property.SaveDelegate.icon.html
libpanel/usr/share/doc/panel-1.0/method.OmniBar.get_progress.html
libpanel/usr/share/doc/panel-1.0/method.Dock.get_reveal_bottom.html
libpanel/usr/share/doc/panel-1.0/func.DEFINE_ACTION_GROUP.html
libpanel/usr/share/doc/panel-1.0/property.Workbench.id.html
libpanel/usr/share/doc/panel-1.0/classes_hierarchy.html
libpanel/usr/share/doc/panel-1.0/RedHatDisplay-Black.woff2
libpanel/usr/share/doc/panel-1.0/method.FrameHeader.can_drop.html
libpanel/usr/share/doc/panel-1.0/method.Frame.get_n_pages.html
libpanel/usr/share/doc/panel-1.0/signal.Frame.adopt-widget.html
libpanel/usr/share/doc/panel-1.0/method.Widget.get_reorderable.html
libpanel/usr/share/doc/panel-1.0/ctor.Settings.new_relocatable.html
libpanel/usr/share/doc/panel-1.0/func.marshal_OBJECT__OBJECT.html
libpanel/usr/share/doc/panel-1.0/class.FrameHeaderBar.html
libpanel/usr/share/doc/panel-1.0/class.Dock.html
libpanel/usr/share/doc/panel-1.0/RedHatText-Regular.woff2
libpanel/usr/share/doc/panel-1.0/method.Widget.close.html
libpanel/usr/share/doc/panel-1.0/method.SessionItem.get_position.html
libpanel/usr/share/doc/panel-1.0/method.SessionItem.get_module_name.html
libpanel/usr/share/doc/panel-1.0/property.Widget.tooltip.html
libpanel/usr/share/doc/panel-1.0/class.GSettingsActionGroup.html
libpanel/usr/share/doc/panel-1.0/method.SessionItem.set_id.html
libpanel/usr/share/doc/panel-1.0/method.Paned.remove.html
libpanel/usr/share/doc/panel-1.0/method.Dock.remove.html
libpanel/usr/share/doc/panel-1.0/class.Workbench.html
libpanel/usr/share/doc/panel-1.0/method.Dock.set_reveal_top.html
libpanel/usr/share/doc/panel-1.0/class_method.Workbench.install_property_action.html
libpanel/usr/share/doc/panel-1.0/method.OmniBar.add_prefix.html
libpanel/usr/share/doc/panel-1.0/signal.Workbench.activate.html
libpanel/usr/share/doc/panel-1.0/property.Position.depth.html
libpanel/usr/share/doc/panel-1.0/method.Position.set_area_set.html
libpanel/usr/share/doc/panel-1.0/method.Grid.get_most_recent_column.html
libpanel/usr/share/doc/panel-1.0/search.js
libpanel/usr/share/doc/panel-1.0/method.FrameHeaderBar.get_show_icon.html
libpanel/usr/share/doc/panel-1.0/method.Widget.set_menu_model.html
libpanel/usr/share/doc/panel-1.0/const.WIDGET_KIND_UTILITY.html
libpanel/usr/share/doc/panel-1.0/method.SaveDelegate.set_icon.html
libpanel/usr/share/doc/panel-1.0/property.Position.depth-set.html
libpanel/usr/share/doc/panel-1.0/method.Settings.get_boolean.html
libpanel/usr/share/doc/panel-1.0/method.Widget.get_modified.html
libpanel/usr/share/doc/panel-1.0/property.Dock.can-reveal-bottom.html
libpanel/usr/share/doc/panel-1.0/method.FrameHeader.get_frame.html
libpanel/usr/share/doc/panel-1.0/property.ThemeSelector.action-name.html
libpanel/usr/share/doc/panel-1.0/property.Widget.child.html
libpanel/usr/share/doc/panel-1.0/method.GridColumn.get_row.html
libpanel/usr/share/doc/panel-1.0/method.Settings.set_uint.html
libpanel/usr/share/doc/panel-1.0/vfunc.FrameHeader.page_changed.html
libpanel/usr/share/doc/panel-1.0/ctor.Dock.new.html
libpanel/usr/share/doc/panel-1.0/method.Grid.get_most_recent_frame.html
libpanel/usr/share/doc/panel-1.0/RedHatDisplay-Regular.woff
libpanel/usr/share/doc/panel-1.0/method.Frame.get_closeable.html
libpanel/usr/share/doc/panel-1.0/method.Paned.insert_after.html
libpanel/usr/share/doc/panel-1.0/struct.Action.html
libpanel/usr/share/doc/panel-1.0/func.init.html
libpanel/usr/share/doc/panel-1.0/vfunc.SaveDelegate.close.html
libpanel/usr/share/doc/panel-1.0/property.Settings.path.html
libpanel/usr/share/doc/panel-1.0/method.FrameHeaderBar.set_show_icon.html
libpanel/usr/share/doc/panel-1.0/method.SaveDialog.get_close_after_save.html
libpanel/usr/share/doc/panel-1.0/ctor.ChangesDialog.new.html
libpanel/usr/share/doc/panel-1.0/const.WIDGET_KIND_ANY.html
libpanel/usr/share/doc/panel-1.0/method.Frame.get_position.html
libpanel/usr/share/doc/panel-1.0/urlmap.js
libpanel/usr/share/doc/panel-1.0/method.Position.get_row_set.html
libpanel/usr/share/doc/panel-1.0/method.SessionItem.get_metadata_value.html
libpanel/usr/share/doc/panel-1.0/method.Widget.get_position.html
libpanel/usr/share/doc/panel-1.0/theme-selector.png
libpanel/usr/share/doc/panel-1.0/signal.Grid.create-frame.html
libpanel/usr/share/doc/panel-1.0/method.Position.get_area_set.html
libpanel/usr/share/doc/panel-1.0/method.Widget.get_menu_model.html
libpanel/usr/share/doc/panel-1.0/class.Paned.html
libpanel/usr/share/doc/panel-1.0/func.CHECK_VERSION.html
libpanel/usr/share/doc/panel-1.0/method.Grid.insert_column.html
libpanel/usr/share/doc/panel-1.0/method.LayeredSettings.set_int.html
libpanel/usr/share/doc/panel-1.0/method.FrameHeader.add_suffix.html
libpanel/usr/share/doc/panel-1.0/vfunc.Dock.panel_drag_end.html
libpanel/usr/share/doc/panel-1.0/method.FrameTabBar.get_expand_tabs.html
libpanel/usr/share/doc/panel-1.0/RedHatText-Bold.woff
libpanel/usr/share/doc/panel-1.0/method.Settings.set_boolean.html
libpanel/usr/share/doc/panel-1.0/vfunc.Widget.presented.html
libpanel/usr/share/doc/panel-1.0/method.Dock.get_can_reveal_top.html
libpanel/usr/share/doc/panel-1.0/method.Widget.get_needs_attention.html
libpanel/usr/share/doc/panel-1.0/method.Workbench.remove_workspace.html
libpanel/usr/share/doc/panel-1.0/vfunc.DocumentWorkspace.add_widget.html
libpanel/usr/share/doc/panel-1.0/class.SaveDelegate.html
libpanel/usr/share/doc/panel-1.0/method.GridColumn.foreach_frame.html
libpanel/usr/share/doc/panel-1.0/method.Dock.set_reveal_area.html
libpanel/usr/share/doc/panel-1.0/class_method.Workspace.install_action.html
libpanel/usr/share/doc/panel-1.0/ctor.MenuManager.new.html
libpanel/usr/share/doc/panel-1.0/class.ToggleButton.html
libpanel/usr/share/doc/panel-1.0/signal.Widget.get-default-focus.html
libpanel/usr/share/doc/panel-1.0/method.SaveDelegate.set_icon_name.html
libpanel/usr/share/doc/panel-1.0/class.Grid.html
libpanel/usr/share/doc/panel-1.0/vfunc.Workbench.activate.html
libpanel/usr/share/doc/panel-1.0/property.Widget.menu-model.html
libpanel/usr/share/doc/panel-1.0/RedHatText-Regular.woff
libpanel/usr/share/doc/panel-1.0/method.LayeredSettings.set_value.html
libpanel/usr/share/doc/panel-1.0/panel-1.0.devhelp2
libpanel/usr/share/doc/panel-1.0/ctor.Position.new_from_variant.html
libpanel/usr/share/doc/panel-1.0/property.Dock.start-width.html
libpanel/usr/share/doc/panel-1.0/method.FrameHeader.add_prefix.html
libpanel/usr/share/doc/panel-1.0/method.ActionMuxer.remove_action_group.html
libpanel/usr/share/doc/panel-1.0/class.Frame.html
libpanel/usr/share/doc/panel-1.0/class.Widget.html
libpanel/usr/share/doc/panel-1.0/class.Position.html
libpanel/usr/share/doc/panel-1.0/func.get_minor_version.html
libpanel/usr/share/doc/panel-1.0/RedHatText-Italic.woff
libpanel/usr/share/doc/panel-1.0/method.Settings.get_schema_id.html
libpanel/usr/share/doc/panel-1.0/method.FrameTabBar.set_expand_tabs.html
libpanel/usr/share/doc/panel-1.0/func.get_major_version.html
libpanel/usr/share/doc/panel-1.0/method.Settings.unbind.html
libpanel/usr/share/doc/panel-1.0/property.SaveDialog.close-after-save.html
libpanel/usr/share/doc/panel-1.0/method.OmniBar.stop_pulsing.html
libpanel/usr/share/doc/panel-1.0/func.finalize.html
libpanel/usr/share/doc/panel-1.0/method.Statusbar.add_suffix.html
libpanel/usr/share/doc/panel-1.0/method.SaveDelegate.discard.html
libpanel/usr/share/doc/panel-1.0/method.MenuManager.remove.html
libpanel/usr/share/doc/panel-1.0/index.json
libpanel/usr/share/doc/panel-1.0/SourceCodePro-Semibold.ttf.woff
libpanel/usr/share/doc/panel-1.0/signal.LayeredSettings.changed.html
libpanel/usr/share/doc/panel-1.0/vfunc.Widget.get_default_focus.html
libpanel/usr/share/doc/panel-1.0/method.SaveDialog.run_async.html
libpanel/usr/share/doc/panel-1.0/method.SessionItem.has_metadata_with_type.html
libpanel/usr/share/doc/panel-1.0/method.Frame.set_placeholder.html
libpanel/usr/share/doc/panel-1.0/method.DocumentWorkspace.get_grid.html
libpanel/usr/share/doc/panel-1.0/method.Frame.get_page.html
libpanel/usr/share/doc/panel-1.0/method.Frame.set_requested_size.html
libpanel/usr/share/doc/panel-1.0/class.MenuManager.html
libpanel/usr/share/doc/panel-1.0/method.SessionItem.get_metadata.html
libpanel/usr/share/doc/panel-1.0/method.SaveDelegate.get_icon_name.html
libpanel/usr/share/doc/panel-1.0/ctor.Session.new_from_variant.html
libpanel/usr/share/doc/panel-1.0/func.marshal_BOOLEAN__OBJECT_OBJECT.html
libpanel/usr/share/doc/panel-1.0/method.Grid.agree_to_close_async.html
libpanel/usr/share/doc/panel-1.0/method.Widget.get_tooltip.html
libpanel/usr/share/doc/panel-1.0/method.Session.append.html
libpanel/usr/share/doc/panel-1.0/signal.Widget.presented.html
libpanel/usr/share/doc/panel-1.0/method.Widget.raise.html
libpanel/usr/share/doc/panel-1.0/method.Settings.get_value.html
libpanel/usr/share/doc/panel-1.0/method.OmniBar.add_suffix.html
libpanel/usr/share/doc/panel-1.0/vfunc.Frame.adopt_widget.html
libpanel/usr/share/doc/panel-1.0/property.Position.area-set.html
libpanel/usr/share/doc/panel-1.0/ctor.SessionItem.new.html
libpanel/usr/share/doc/panel-1.0/method.Position.set_depth_set.html
libpanel/usr/share/doc/panel-1.0/class.OmniBar.html
libpanel/usr/share/doc/panel-1.0/vfunc.Workbench.unload_async.html
libpanel/usr/share/doc/panel-1.0/ctor.Settings.new.html
libpanel/usr/share/doc/panel-1.0/method.Dock.set_start_width.html
libpanel/usr/share/doc/panel-1.0/method.Widget.set_icon_name.html
libpanel/usr/share/doc/panel-1.0/callback.FrameCallback.html
libpanel/usr/share/doc/panel-1.0/method.FrameTabBar.set_autohide.html
libpanel/usr/share/doc/panel-1.0/style.css
libpanel/usr/share/doc/panel-1.0/signal.SaveDelegate.close.html
libpanel/usr/share/doc/panel-1.0/method.Session.insert.html
libpanel/usr/share/doc/panel-1.0/property.Widget.modified.html
libpanel/usr/share/doc/panel-1.0/class.ChangesDialog.html
libpanel/usr/share/doc/panel-1.0/property.Position.column-set.html
libpanel/usr/share/doc/panel-1.0/ctor.ThemeSelector.new.html
libpanel/usr/share/doc/panel-1.0/class.FrameSwitcher.html
libpanel/usr/share/doc/panel-1.0/method.Position.set_row_set.html
libpanel/usr/share/doc/panel-1.0/method.Paned.get_n_children.html
libpanel/usr/share/doc/panel-1.0/property.Workspace.id.html
libpanel/usr/share/doc/panel-1.0/property.Settings.schema-id.html
libpanel/usr/share/doc/panel-1.0/method.Position.set_depth.html
libpanel/usr/share/doc/panel-1.0/func.ENCODE_VERSION.html
libpanel/usr/share/doc/panel-1.0/fzy.js
libpanel/usr/share/doc/panel-1.0/toggle-button-dark.png
libpanel/usr/share/doc/panel-1.0/method.Frame.set_header.html
libpanel/usr/share/doc/panel-1.0/property.Settings.path-suffix.html
libpanel/usr/share/doc/panel-1.0/method.LayeredSettings.get_user_value.html
libpanel/usr/share/doc/panel-1.0/method.Workspace.get_workbench.html
libpanel/usr/share/doc/panel-1.0/method.Workbench.get_id.html
libpanel/usr/share/doc/panel-1.0/method.Grid.get_n_columns.html
libpanel/usr/share/doc/panel-1.0/method.Frame.add_before.html
libpanel/usr/share/doc/panel-1.0/method.Workbench.foreach_workspace.html
libpanel/usr/share/doc/panel-1.0/method.Widget.get_default_focus.html
libpanel/usr/share/doc/panel-1.0/ctor.Application.new.html
libpanel/usr/share/doc/panel-1.0/method.Session.get_n_items.html
libpanel/usr/share/doc/panel-1.0/method.Settings.get_default_value.html
libpanel/usr/share/doc/panel-1.0/method.Widget.set_icon.html
libpanel/usr/share/doc/panel-1.0/method.ActionMuxer.list_groups.html
libpanel/usr/share/doc/panel-1.0/signal.Frame.page-closed.html
libpanel/usr/share/doc/panel-1.0/property.Frame.visible-child.html
libpanel/usr/share/doc/panel-1.0/method.Frame.get_requested_size.html
libpanel/usr/share/doc/panel-1.0/omni-bar.png
libpanel/usr/share/doc/panel-1.0/property.SessionItem.module-name.html
libpanel/usr/share/doc/panel-1.0/method.Workbench.set_id.html
libpanel/usr/share/doc/panel-1.0/ctor.Session.new.html
libpanel/usr/share/doc/panel-1.0/const.WIDGET_KIND_UNKNOWN.html
libpanel/usr/share/doc/panel-1.0/property.FrameTabBar.autohide.html
libpanel/usr/share/doc/panel-1.0/method.LayeredSettings.get_value.html
libpanel/usr/share/doc/panel-1.0/method.FrameTabBar.set_inverted.html
libpanel/usr/share/doc/panel-1.0/method.SessionItem.get_type_hint.html
libpanel/usr/share/doc/panel-1.0/ctor.Position.new.html
libpanel/usr/share/doc/panel-1.0/omni-bar-dark.png
libpanel/usr/share/doc/panel-1.0/method.ChangesDialog.run_async.html
libpanel/usr/share/doc/panel-1.0/RedHatText-Medium.woff
libpanel/usr/share/doc/panel-1.0/method.Dock.get_can_reveal_area.html
libpanel/usr/share/doc/panel-1.0/method.SaveDelegate.set_progress.html
libpanel/usr/share/doc/panel-1.0/method.LayeredSettings.get_boolean.html
libpanel/usr/share/doc/panel-1.0/method.Position.set_row.html
libpanel/usr/share/doc/panel-1.0/ctor.LayeredSettings.new.html
libpanel/usr/share/doc/panel-1.0/method.SessionItem.set_metadata.html
libpanel/usr/share/doc/panel-1.0/property.Dock.can-reveal-start.html
libpanel/usr/share/doc/panel-1.0/method.Widget.unmaximize.html
libpanel/usr/share/doc/panel-1.0/property.SaveDelegate.progress.html
libpanel/usr/share/doc/panel-1.0/property.ChangesDialog.close-after-save.html
libpanel/usr/share/doc/panel-1.0/class.ThemeSelector.html
libpanel/usr/share/doc/panel-1.0/method.Frame.get_pages.html
libpanel/usr/share/doc/panel-1.0/callback.WorkspaceForeach.html
libpanel/usr/share/doc/panel-1.0/ctor.SaveDialog.new.html
libpanel/usr/share/doc/panel-1.0/method.DocumentWorkspace.add_widget.html
libpanel/usr/share/doc/panel-1.0/property.SessionItem.workspace.html
libpanel/usr/share/doc/panel-1.0/vfunc.FrameHeader.add_prefix.html
libpanel/usr/share/doc/panel-1.0/method.OmniBar.get_popover.html
libpanel/usr/share/doc/panel-1.0/property.OmniBar.progress.html
libpanel/usr/share/doc/panel-1.0/method.SessionItem.has_metadata.html
libpanel/usr/share/doc/panel-1.0/method.SessionItem.set_module_name.html
libpanel/usr/share/doc/panel-1.0/method.DocumentWorkspace.get_dock.html
libpanel/usr/share/doc/panel-1.0/method.Settings.get_user_value.html
libpanel/usr/share/doc/panel-1.0/method.LayeredSettings.get_key.html
libpanel/usr/share/doc/panel-1.0/method.MenuManager.merge.html
libpanel/usr/share/doc/panel-1.0/method.Dock.get_reveal_top.html
libpanel/usr/share/doc/panel-1.0/method.Position.get_column.html
libpanel/usr/share/doc/panel-1.0/RedHatDisplay-BlackItalic.woff2
libpanel/usr/share/doc/panel-1.0/signal.Dock.panel-drag-begin.html
libpanel/usr/share/doc/panel-1.0/property.Dock.reveal-start.html
libpanel/usr/share/doc/panel-1.0/method.SessionItem.get_id.html
libpanel/usr/share/doc/panel-1.0/const.VERSION_S.html
libpanel/usr/share/doc/panel-1.0/vfunc.FrameHeader.can_drop.html
libpanel/usr/share/doc/panel-1.0/property.FrameHeader.frame.html
libpanel/usr/share/doc/panel-1.0/property.SaveDelegate.subtitle.html
libpanel/usr/share/doc/panel-1.0/signal.Dock.panel-drag-end.html
libpanel/usr/share/doc/panel-1.0/RedHatDisplay-MediumItalic.woff2
libpanel/usr/share/doc/panel-1.0/property.ToggleButton.area.html
libpanel/usr/share/doc/panel-1.0/method.Frame.remove.html
libpanel/usr/share/doc/panel-1.0/method.LayeredSettings.set_string.html
libpanel/usr/share/doc/panel-1.0/method.ActionMuxer.insert_action_group.html
libpanel/usr/share/doc/panel-1.0/opensearch.xml
libpanel/usr/share/doc/panel-1.0/method.ActionMuxer.get_action_group.html
libpanel/usr/share/doc/panel-1.0/method.Statusbar.add_prefix.html
libpanel/usr/share/doc/panel-1.0/method.Widget.set_reorderable.html
libpanel/usr/share/doc/panel-1.0/RedHatDisplay-BoldItalic.woff2
libpanel/usr/share/doc/panel-1.0/property.Dock.end-width.html
libpanel/usr/share/doc/panel-1.0/SourceCodePro-It.ttf.woff
libpanel/usr/share/doc/panel-1.0/method.Workbench.activate.html
libpanel/usr/share/doc/panel-1.0/RedHatDisplay-Medium.woff2
libpanel/usr/share/doc/panel-1.0/ctor.FrameSwitcher.new.html
libpanel/usr/share/doc/panel-1.0/property.FrameHeaderBar.show-icon.html
libpanel/usr/share/doc/panel-1.0/ctor.ToggleButton.new.html
libpanel/usr/share/doc/panel-1.0/method.GridColumn.get_empty.html
libpanel/usr/share/doc/panel-1.0/method.DocumentWorkspace.get_titlebar.html
libpanel/usr/share/doc/panel-1.0/vfunc.Grid.create_frame.html
libpanel/usr/share/doc/panel-1.0/vfunc.FrameHeader.add_suffix.html
libpanel/usr/share/doc/panel-1.0/signal.Dock.create-frame.html
libpanel/usr/share/doc/panel-1.0/theme-selector-dark.png
libpanel/usr/share/doc/panel-1.0/class.Settings.html
libpanel/usr/share/doc/panel-1.0/method.LayeredSettings.bind.html
libpanel/usr/share/doc/panel-1.0/method.Position.to_variant.html
libpanel/usr/share/doc/panel-1.0/method.Workbench.focus_workspace.html
libpanel/usr/share/doc/panel-1.0/property.SessionItem.position.html
libpanel/usr/share/doc/panel-1.0/method.MenuManager.get_menu_by_id.html
libpanel/usr/share/doc/panel-1.0/ctor.GridColumn.new.html
libpanel/usr/share/doc/panel-1.0/property.ToggleButton.dock.html
libpanel/usr/share/doc/panel-1.0/property.Dock.reveal-end.html
libpanel/usr/share/doc/panel-1.0/method.Settings.bind.html
libpanel/usr/share/doc/panel-1.0/property.OmniBar.menu-model.html
libpanel/usr/share/doc/panel-1.0/property.Widget.icon-name.html
libpanel/usr/share/doc/panel-1.0/method.Frame.set_child_pinned.html
libpanel/usr/share/doc/panel-1.0/property.LayeredSettings.path.html
libpanel/usr/share/doc/panel-1.0/method.Dock.get_reveal_area.html
libpanel/usr/share/doc/panel-1.0/method.Frame.get_placeholder.html
libpanel/usr/share/doc/panel-1.0/const.MAJOR_VERSION.html
libpanel/usr/share/doc/panel-1.0/method.Frame.set_visible_child.html
libpanel/usr/share/doc/panel-1.0/RedHatText-BoldItalic.woff
libpanel/usr/share/doc/panel-1.0/property.Widget.icon.html
libpanel/usr/share/doc/panel-1.0/RedHatText-Medium.woff2
libpanel/usr/share/doc/panel-1.0/method.LayeredSettings.unbind.html
libpanel/usr/share/doc/panel-1.0/method.Widget.set_modified.html
libpanel/usr/share/doc/panel-1.0/method.Grid.foreach_frame.html
libpanel/usr/share/doc/panel-1.0/method.LayeredSettings.list_keys.html
libpanel/usr/share/doc/panel-1.0/method.Position.get_column_set.html
libpanel/usr/share/doc/panel-1.0/method.Dock.get_can_reveal_end.html
libpanel/usr/share/doc/panel-1.0/RedHatDisplay-Italic.woff
libpanel/usr/share/doc/panel-1.0/ctor.Statusbar.new.html
libpanel/usr/share/doc/panel-1.0/property.SessionItem.id.html
libpanel/usr/share/doc/panel-1.0/method.Position.get_depth.html
libpanel/usr/share/doc/panel-1.0/method.Frame.get_header.html
libpanel/usr/share/doc/panel-1.0/method.Paned.get_nth_child.html
libpanel/usr/share/doc/panel-1.0/method.Settings.set_int.html
libpanel/usr/share/doc/panel-1.0/method.Widget.set_tooltip.html
libpanel/usr/share/doc/panel-1.0/const.WIDGET_KIND_DOCUMENT.html
libpanel/usr/share/doc/panel-1.0/method.DocumentWorkspace.get_statusbar.html
libpanel/usr/share/doc/panel-1.0/property.Dock.can-reveal-top.html
libpanel/usr/share/doc/panel-1.0/property.FrameTabBar.expand-tabs.html
libpanel/usr/share/doc/panel-1.0/property.SaveDelegate.icon-name.html
libpanel/usr/share/doc/panel-1.0/method.LayeredSettings.append.html
libpanel/usr/share/doc/panel-1.0/property.Dock.reveal-bottom.html
libpanel/usr/share/doc/panel-1.0/property.Settings.identifier.html
libpanel/usr/share/doc/panel-1.0/method.Dock.set_end_width.html
libpanel/usr/share/doc/panel-1.0/method.SessionItem.set_metadata_value.html
libpanel/usr/share/doc/panel-1.0/property.Widget.id.html
libpanel/usr/share/doc/panel-1.0/signal.SaveDelegate.discard.html
libpanel/usr/share/doc/panel-1.0/method.LayeredSettings.set_boolean.html
libpanel/usr/share/doc/panel-1.0/func.marshal_OBJECT__OBJECTv.html
libpanel/usr/share/doc/panel-1.0/method.Widget.force_close.html
libpanel/usr/share/doc/panel-1.0/property.Dock.can-reveal-end.html
libpanel/usr/share/doc/panel-1.0/RedHatDisplay-BoldItalic.woff
libpanel/usr/share/doc/panel-1.0/class.LayeredSettings.html
libpanel/usr/share/doc/panel-1.0/property.Widget.reorderable.html
libpanel/usr/share/doc/panel-1.0/property.Widget.kind.html
libpanel/usr/share/doc/panel-1.0/class.DocumentWorkspace.html
libpanel/usr/share/doc/panel-1.0/method.Workbench.find_workspace_typed.html
libpanel/usr/share/doc/panel-1.0/method.OmniBar.set_progress.html
libpanel/usr/share/doc/panel-1.0/ctor.OmniBar.new.html
libpanel/usr/share/doc/panel-1.0/property.DocumentWorkspace.dock.html
libpanel/usr/share/doc/panel-1.0/method.Widget.set_can_maximize.html
libpanel/usr/share/doc/panel-1.0/property.OmniBar.icon-name.html
libpanel/usr/share/doc/panel-1.0/method.Widget.set_title.html
libpanel/usr/share/doc/panel-1.0/method.Session.to_variant.html
libpanel/usr/share/doc/panel-1.0/solarized-dark.css
libpanel/usr/share/doc/panel-1.0/method.ActionMuxer.remove_all.html
libpanel/usr/share/doc/panel-1.0/property.OmniBar.action-tooltip.html
libpanel/usr/share/doc/panel-1.0/method.Position.get_area.html
libpanel/usr/share/doc/panel-1.0/method.Widget.maximize.html
libpanel/usr/share/doc/panel-1.0/class.SaveDialog.html
libpanel/usr/share/doc/panel-1.0/method.Dock.get_can_reveal_bottom.html
libpanel/usr/share/doc/panel-1.0/method.MenuManager.find_item_by_id.html
libpanel/usr/share/doc/panel-1.0/method.SaveDialog.set_close_after_save.html
libpanel/usr/share/doc/panel-1.0/property.Widget.needs-attention.html
libpanel/usr/share/doc/panel-1.0/signal.Dock.adopt-widget.html
libpanel/usr/share/doc/panel-1.0/class.ActionMuxer.html
libpanel/usr/share/doc/panel-1.0/method.SaveDelegate.get_title.html
libpanel/usr/share/doc/panel-1.0/property.OmniBar.popover.html
libpanel/usr/share/doc/panel-1.0/method.SaveDelegate.get_progress.html
libpanel/usr/share/doc/panel-1.0/vfunc.SaveDelegate.save_finish.html
libpanel/usr/share/doc/panel-1.0/RedHatDisplay-Black.woff
libpanel/usr/share/doc/panel-1.0/method.Session.prepend.html
libpanel/usr/share/doc/panel-1.0/method.Frame.add.html
libpanel/usr/share/doc/panel-1.0/method.MenuManager.add_filename.html
libpanel/usr/share/doc/panel-1.0/method.LayeredSettings.get_double.html
libpanel/usr/share/doc/panel-1.0/vfunc.Dock.panel_drag_begin.html
libpanel/usr/share/doc/panel-1.0/signal.Settings.changed.html
libpanel/usr/share/doc/panel-1.0/const.MINOR_VERSION.html
libpanel/usr/share/doc/panel-1.0/method.SessionItem.set_workspace.html
libpanel/usr/share/doc/panel-1.0/ctor.SaveDelegate.new.html
libpanel/usr/share/doc/panel-1.0/method.SaveDelegate.set_subtitle.html
libpanel/usr/share/doc/panel-1.0/fonts.css
libpanel/usr/share/doc/panel-1.0/method.ThemeSelector.get_action_name.html
libpanel/usr/share/doc/panel-1.0/property.FrameTabBar.inverted.html
libpanel/usr/share/doc/panel-1.0/method.Position.set_column.html
libpanel/usr/share/doc/panel-1.0/index.html
libpanel/usr/share/doc/panel-1.0/method.Dock.set_reveal_end.html
libpanel/usr/share/doc/panel-1.0/class.Inhibitor.html
libpanel/usr/share/doc/panel-1.0/property.Position.column.html
libpanel/usr/share/doc/panel-1.0/property.Frame.empty.html
libpanel/usr/share/doc/panel-1.0/method.Widget.get_child.html
libpanel/usr/share/doc/panel-1.0/method.Frame.get_visible_child.html
libpanel/usr/share/doc/panel-1.0/method.Position.get_depth_set.html
libpanel/usr/share/doc/panel-1.0/method.Position.set_column_set.html
libpanel/usr/share/doc/panel-1.0/method.GridColumn.get_n_rows.html
libpanel/usr/share/doc/panel-1.0/method.ChangesDialog.set_close_after_save.html
libpanel/usr/share/doc/panel-1.0/RedHatText-BoldItalic.woff2
libpanel/usr/share/doc/panel-1.0/property.Widget.title.html
libpanel/usr/share/doc/panel-1.0/method.Widget.get_busy.html
libpanel/usr/share/doc/panel-1.0/const.MICRO_VERSION.html
libpanel/usr/share/doc/panel-1.0/method.MenuManager.get_menu_ids.html
libpanel/usr/share/doc/panel-1.0/method.Widget.get_id.html
libpanel/usr/share/doc/panel-1.0/type_func.Workspace.find_from_widget.html
libpanel/usr/lib/
libpanel/usr/lib/libpanel-1.so.1.0.0
libpanel/usr/lib/girepository-1.0/
libpanel/usr/lib/girepository-1.0/Panel-1.typelib
libpanel/usr/lib/libpanel-1.so.1
libpanel/usr/lib/libpanel-1.so
libpanel/usr/lib/pkgconfig/
libpanel/usr/lib/pkgconfig/libpanel-1.pc
libpanel/version
libpanel/depends
libpanel/make-depends
