--2025-09-28 07:22:46--  https://github.com/harfbuzz/harfbuzz/releases/download/12.0.0/harfbuzz-12.0.0.tar.xz
Resolving github.com (github.com)... 140.82.113.4
Connecting to github.com (github.com)|140.82.113.4|:443... connected.
HTTP request sent, awaiting response... 302 Found
Location: https://release-assets.githubusercontent.com/github-production-release-asset/5050525/a8504201-d754-4d2b-93c2-a23e5af8530f?sp=r&sv=2018-11-09&sr=b&spr=https&se=2025-09-28T08%3A21%3A26Z&rscd=attachment%3B+filename%3Dharfbuzz-12.0.0.tar.xz&rsct=application%2Foctet-stream&skoid=96c2d410-5711-43a1-aedd-ab1947aa7ab0&sktid=398a6654-997b-47e9-b12b-9515b896b4de&skt=2025-09-28T07%3A21%3A16Z&ske=2025-09-28T08%3A21%3A26Z&sks=b&skv=2018-11-09&sig=omqaHQrMR0pifMtvePOP4a7zwv2bC6Ab6KP8aaNH%2FFY%3D&jwt=eyJ0eXAiOiJKV1QiLCJhbGciOiJIUzI1NiJ9.eyJpc3MiOiJnaXRodWIuY29tIiwiYXVkIjoicmVsZWFzZS1hc3NldHMuZ2l0aHVidXNlcmNvbnRlbnQuY29tIiwia2V5Ijoia2V5MSIsImV4cCI6MTc1OTA0NDQ2NiwibmJmIjoxNzU5MDQ0MTY2LCJwYXRoIjoicmVsZWFzZWFzc2V0cHJvZHVjdGlvbi5ibG9iLmNvcmUud2luZG93cy5uZXQifQ._obRoVXA8FnTOaep2tF16yOwbxeoSNep8wXR39HxeW0&response-content-disposition=attachment%3B%20filename%3Dharfbuzz-12.0.0.tar.xz&response-content-type=application%2Foctet-stream [following]
--2025-09-28 07:22:46--  https://release-assets.githubusercontent.com/github-production-release-asset/5050525/a8504201-d754-4d2b-93c2-a23e5af8530f?sp=r&sv=2018-11-09&sr=b&spr=https&se=2025-09-28T08%3A21%3A26Z&rscd=attachment%3B+filename%3Dharfbuzz-12.0.0.tar.xz&rsct=application%2Foctet-stream&skoid=96c2d410-5711-43a1-aedd-ab1947aa7ab0&sktid=398a6654-997b-47e9-b12b-9515b896b4de&skt=2025-09-28T07%3A21%3A16Z&ske=2025-09-28T08%3A21%3A26Z&sks=b&skv=2018-11-09&sig=omqaHQrMR0pifMtvePOP4a7zwv2bC6Ab6KP8aaNH%2FFY%3D&jwt=eyJ0eXAiOiJKV1QiLCJhbGciOiJIUzI1NiJ9.eyJpc3MiOiJnaXRodWIuY29tIiwiYXVkIjoicmVsZWFzZS1hc3NldHMuZ2l0aHVidXNlcmNvbnRlbnQuY29tIiwia2V5Ijoia2V5MSIsImV4cCI6MTc1OTA0NDQ2NiwibmJmIjoxNzU5MDQ0MTY2LCJwYXRoIjoicmVsZWFzZWFzc2V0cHJvZHVjdGlvbi5ibG9iLmNvcmUud2luZG93cy5uZXQifQ._obRoVXA8FnTOaep2tF16yOwbxeoSNep8wXR39HxeW0&response-content-disposition=attachment%3B%20filename%3Dharfbuzz-12.0.0.tar.xz&response-content-type=application%2Foctet-stream
Resolving release-assets.githubusercontent.com (release-assets.githubusercontent.com)... 185.199.110.133, 185.199.109.133, 185.199.108.133, ...
Connecting to release-assets.githubusercontent.com (release-assets.githubusercontent.com)|185.199.110.133|:443... connected.
HTTP request sent, awaiting response... 200 OK
Length: 18212392 (17M) [application/octet-stream]
Saving to: ‘harfbuzz-12.0.0.tar.xz’

     0K .......... .......... .......... .......... ..........  0% 6.74M 3s
    50K .......... .......... .......... .......... ..........  0% 16.5M 2s
   100K .......... .......... .......... .......... ..........  0% 11.3M 2s
   150K .......... .......... .......... .......... ..........  1% 66.4M 1s
   200K .......... .......... .......... .......... ..........  1% 15.5M 1s
   250K .......... .......... .......... .......... ..........  1% 12.3M 1s
   300K .......... .......... .......... .......... ..........  1% 57.0M 1s
   350K .......... .......... .......... .......... ..........  2%  173M 1s
   400K .......... .......... .......... .......... ..........  2% 91.3M 1s
   450K .......... .......... .......... .......... ..........  2% 7.24M 1s
   500K .......... .......... .......... .......... ..........  3%  120M 1s
   550K .......... .......... .......... .......... ..........  3%  130M 1s
   600K .......... .......... .......... .......... ..........  3%  158M 1s
   650K .......... .......... .......... .......... ..........  3%  206M 1s
   700K .......... .......... .......... .......... ..........  4% 16.5M 1s
   750K .......... .......... .......... .......... ..........  4% 13.9M 1s
   800K .......... .......... .......... .......... ..........  4% 86.7M 1s
   850K .......... .......... .......... .......... ..........  5%  172M 1s
   900K .......... .......... .......... .......... ..........  5%  151M 1s
   950K .......... .......... .......... .......... ..........  5% 97.4M 1s
  1000K .......... .......... .......... .......... ..........  5%  103M 1s
  1050K .......... .......... .......... .......... ..........  6% 23.3M 1s
  1100K .......... .......... .......... .......... ..........  6% 11.6M 1s
  1150K .......... .......... .......... .......... ..........  6%  155M 1s
  1200K .......... .......... .......... .......... ..........  7%  119M 1s
  1250K .......... .......... .......... .......... ..........  7%  140M 1s
  1300K .......... .......... .......... .......... ..........  7%  167M 1s
  1350K .......... .......... .......... .......... ..........  7% 84.9M 1s
  1400K .......... .......... .......... .......... ..........  8%  134M 1s
  1450K .......... .......... .......... .......... ..........  8% 97.9M 1s
  1500K .......... .......... .......... .......... ..........  8% 47.8M 1s
  1550K .......... .......... .......... .......... ..........  8%  128M 1s
  1600K .......... .......... .......... .......... ..........  9% 13.8M 1s
  1650K .......... .......... .......... .......... ..........  9% 95.7M 1s
  1700K .......... .......... .......... .......... ..........  9%  182M 1s
  1750K .......... .......... .......... .......... .......... 10%  109M 0s
  1800K .......... .......... .......... .......... .......... 10%  108M 0s
  1850K .......... .......... .......... .......... .......... 10%  142M 0s
  1900K .......... .......... .......... .......... .......... 10% 86.8M 0s
  1950K .......... .......... .......... .......... .......... 11% 91.7M 0s
  2000K .......... .......... .......... .......... .......... 11%  157M 0s
  2050K .......... .......... .......... .......... .......... 11%  109M 0s
  2100K .......... .......... .......... .......... .......... 12%  157M 0s
  2150K .......... .......... .......... .......... .......... 12% 96.9M 0s
  2200K .......... .......... .......... .......... .......... 12%  154M 0s
  2250K .......... .......... .......... .......... .......... 12% 92.2M 0s
  2300K .......... .......... .......... .......... .......... 13% 6.27M 0s
  2350K .......... .......... .......... .......... .......... 13%  252M 0s
  2400K .......... .......... .......... .......... .......... 13%  243M 0s
  2450K .......... .......... .......... .......... .......... 14%  267M 0s
  2500K .......... .......... .......... .......... .......... 14%  274M 0s
  2550K .......... .......... .......... .......... .......... 14%  280M 0s
  2600K .......... .......... .......... .......... .......... 14%  212M 0s
  2650K .......... .......... .......... .......... .......... 15%  284M 0s
  2700K .......... .......... .......... .......... .......... 15%  208M 0s
  2750K .......... .......... .......... .......... .......... 15% 53.4M 0s
  2800K .......... .......... .......... .......... .......... 16%  118M 0s
  2850K .......... .......... .......... .......... .......... 16% 14.7M 0s
  2900K .......... .......... .......... .......... .......... 16%  126M 0s
  2950K .......... .......... .......... .......... .......... 16% 46.0M 0s
  3000K .......... .......... .......... .......... .......... 17%  219M 0s
  3050K .......... .......... .......... .......... .......... 17%  221M 0s
  3100K .......... .......... .......... .......... .......... 17%  207M 0s
  3150K .......... .......... .......... .......... .......... 17%  236M 0s
  3200K .......... .......... .......... .......... .......... 18%  255M 0s
  3250K .......... .......... .......... .......... .......... 18%  273M 0s
  3300K .......... .......... .......... .......... .......... 18%  229M 0s
  3350K .......... .......... .......... .......... .......... 19%  150M 0s
  3400K .......... .......... .......... .......... .......... 19%  159M 0s
  3450K .......... .......... .......... .......... .......... 19% 97.4M 0s
  3500K .......... .......... .......... .......... .......... 19%  104M 0s
  3550K .......... .......... .......... .......... .......... 20%  136M 0s
  3600K .......... .......... .......... .......... .......... 20%  102M 0s
  3650K .......... .......... .......... .......... .......... 20%  109M 0s
  3700K .......... .......... .......... .......... .......... 21%  118M 0s
  3750K .......... .......... .......... .......... .......... 21% 22.2M 0s
  3800K .......... .......... .......... .......... .......... 21%  186M 0s
  3850K .......... .......... .......... .......... .......... 21% 93.4M 0s
  3900K .......... .......... .......... .......... .......... 22% 94.8M 0s
  3950K .......... .......... .......... .......... .......... 22%  175M 0s
  4000K .......... .......... .......... .......... .......... 22%  111M 0s
  4050K .......... .......... .......... .......... .......... 23%  108M 0s
  4100K .......... .......... .......... .......... .......... 23%  110M 0s
  4150K .......... .......... .......... .......... .......... 23% 94.0M 0s
  4200K .......... .......... .......... .......... .......... 23%  147M 0s
  4250K .......... .......... .......... .......... .......... 24%  111M 0s
  4300K .......... .......... .......... .......... .......... 24% 94.7M 0s
  4350K .......... .......... .......... .......... .......... 24%  142M 0s
  4400K .......... .......... .......... .......... .......... 25% 92.5M 0s
  4450K .......... .......... .......... .......... .......... 25%  108M 0s
  4500K .......... .......... .......... .......... .......... 25% 26.3M 0s
  4550K .......... .......... .......... .......... .......... 25%  175M 0s
  4600K .......... .......... .......... .......... .......... 26% 84.3M 0s
  4650K .......... .......... .......... .......... .......... 26%  209M 0s
  4700K .......... .......... .......... .......... .......... 26% 82.4M 0s
  4750K .......... .......... .......... .......... .......... 26%  123M 0s
  4800K .......... .......... .......... .......... .......... 27%  121M 0s
  4850K .......... .......... .......... .......... .......... 27%  102M 0s
  4900K .......... .......... .......... .......... .......... 27%  164M 0s
  4950K .......... .......... .......... .......... .......... 28% 68.9M 0s
  5000K .......... .......... .......... .......... .......... 28% 8.67M 0s
  5050K .......... .......... .......... .......... .......... 28%  271M 0s
  5100K .......... .......... .......... .......... .......... 28%  199M 0s
  5150K .......... .......... .......... .......... .......... 29%  283M 0s
  5200K .......... .......... .......... .......... .......... 29%  281M 0s
  5250K .......... .......... .......... .......... .......... 29%  226M 0s
  5300K .......... .......... .......... .......... .......... 30%  285M 0s
  5350K .......... .......... .......... .......... .......... 30%  281M 0s
  5400K .......... .......... .......... .......... .......... 30%  268M 0s
  5450K .......... .......... .......... .......... .......... 30%  279M 0s
  5500K .......... .......... .......... .......... .......... 31% 68.8M 0s
  5550K .......... .......... .......... .......... .......... 31%  102M 0s
  5600K .......... .......... .......... .......... .......... 31% 90.7M 0s
  5650K .......... .......... .......... .......... .......... 32%  197M 0s
  5700K .......... .......... .......... .......... .......... 32%  114M 0s
  5750K .......... .......... .......... .......... .......... 32% 91.7M 0s
  5800K .......... .......... .......... .......... .......... 32% 26.8M 0s
  5850K .......... .......... .......... .......... .......... 33% 83.2M 0s
  5900K .......... .......... .......... .......... .......... 33%  122M 0s
  5950K .......... .......... .......... .......... .......... 33%  103M 0s
  6000K .......... .......... .......... .......... .......... 34%  131M 0s
  6050K .......... .......... .......... .......... .......... 34% 20.1M 0s
  6100K .......... .......... .......... .......... .......... 34%  171M 0s
  6150K .......... .......... .......... .......... .......... 34% 99.2M 0s
  6200K .......... .......... .......... .......... .......... 35%  133M 0s
  6250K .......... .......... .......... .......... .......... 35%  134M 0s
  6300K .......... .......... .......... .......... .......... 35% 19.6M 0s
  6350K .......... .......... .......... .......... .......... 35%  182M 0s
  6400K .......... .......... .......... .......... .......... 36% 91.2M 0s
  6450K .......... .......... .......... .......... .......... 36%  136M 0s
  6500K .......... .......... .......... .......... .......... 36%  104M 0s
  6550K .......... .......... .......... .......... .......... 37% 83.3M 0s
  6600K .......... .......... .......... .......... .......... 37% 34.8M 0s
  6650K .......... .......... .......... .......... .......... 37%  131M 0s
  6700K .......... .......... .......... .......... .......... 37% 64.7M 0s
  6750K .......... .......... .......... .......... .......... 38%  111M 0s
  6800K .......... .......... .......... .......... .......... 38%  108M 0s
  6850K .......... .......... .......... .......... .......... 38% 24.5M 0s
  6900K .......... .......... .......... .......... .......... 39% 85.2M 0s
  6950K .......... .......... .......... .......... .......... 39%  142M 0s
  7000K .......... .......... .......... .......... .......... 39% 96.3M 0s
  7050K .......... .......... .......... .......... .......... 39% 90.6M 0s
  7100K .......... .......... .......... .......... .......... 40% 81.5M 0s
  7150K .......... .......... .......... .......... .......... 40% 28.1M 0s
  7200K .......... .......... .......... .......... .......... 40%  176M 0s
  7250K .......... .......... .......... .......... .......... 41%  145M 0s
  7300K .......... .......... .......... .......... .......... 41% 90.2M 0s
  7350K .......... .......... .......... .......... .......... 41% 87.9M 0s
  7400K .......... .......... .......... .......... .......... 41%  150M 0s
  7450K .......... .......... .......... .......... .......... 42% 24.8M 0s
  7500K .......... .......... .......... .......... .......... 42% 86.6M 0s
  7550K .......... .......... .......... .......... .......... 42%  110M 0s
  7600K .......... .......... .......... .......... .......... 43%  123M 0s
  7650K .......... .......... .......... .......... .......... 43% 21.7M 0s
  7700K .......... .......... .......... .......... .......... 43%  155M 0s
  7750K .......... .......... .......... .......... .......... 43%  108M 0s
  7800K .......... .......... .......... .......... .......... 44%  105M 0s
  7850K .......... .......... .......... .......... .......... 44%  179M 0s
  7900K .......... .......... .......... .......... .......... 44% 69.0M 0s
  7950K .......... .......... .......... .......... .......... 44%  127M 0s
  8000K .......... .......... .......... .......... .......... 45% 28.3M 0s
  8050K .......... .......... .......... .......... .......... 45%  141M 0s
  8100K .......... .......... .......... .......... .......... 45%  127M 0s
  8150K .......... .......... .......... .......... .......... 46%  119M 0s
  8200K .......... .......... .......... .......... .......... 46% 17.6M 0s
  8250K .......... .......... .......... .......... .......... 46%  115M 0s
  8300K .......... .......... .......... .......... .......... 46% 98.3M 0s
  8350K .......... .......... .......... .......... .......... 47% 85.7M 0s
  8400K .......... .......... .......... .......... .......... 47%  137M 0s
  8450K .......... .......... .......... .......... .......... 47%  154M 0s
  8500K .......... .......... .......... .......... .......... 48%  118M 0s
  8550K .......... .......... .......... .......... .......... 48% 44.7M 0s
  8600K .......... .......... .......... .......... .......... 48% 87.0M 0s
  8650K .......... .......... .......... .......... .......... 48%  120M 0s
  8700K .......... .......... .......... .......... .......... 49% 83.2M 0s
  8750K .......... .......... .......... .......... .......... 49% 19.2M 0s
  8800K .......... .......... .......... .......... .......... 49%  104M 0s
  8850K .......... .......... .......... .......... .......... 50%  163M 0s
  8900K .......... .......... .......... .......... .......... 50%  118M 0s
  8950K .......... .......... .......... .......... .......... 50%  104M 0s
  9000K .......... .......... .......... .......... .......... 50% 74.3M 0s
  9050K .......... .......... .......... .......... .......... 51%  118M 0s
  9100K .......... .......... .......... .......... .......... 51% 41.8M 0s
  9150K .......... .......... .......... .......... .......... 51%  131M 0s
  9200K .......... .......... .......... .......... .......... 52% 93.6M 0s
  9250K .......... .......... .......... .......... .......... 52% 92.5M 0s
  9300K .......... .......... .......... .......... .......... 52% 19.6M 0s
  9350K .......... .......... .......... .......... .......... 52%  108M 0s
  9400K .......... .......... .......... .......... .......... 53%  196M 0s
  9450K .......... .......... .......... .......... .......... 53% 88.5M 0s
  9500K .......... .......... .......... .......... .......... 53% 50.6M 0s
  9550K .......... .......... .......... .......... .......... 53%  138M 0s
  9600K .......... .......... .......... .......... .......... 54% 88.7M 0s
  9650K .......... .......... .......... .......... .......... 54% 35.0M 0s
  9700K .......... .......... .......... .......... .......... 54%  133M 0s
  9750K .......... .......... .......... .......... .......... 55%  111M 0s
  9800K .......... .......... .......... .......... .......... 55%  151M 0s
  9850K .......... .......... .......... .......... .......... 55% 94.7M 0s
  9900K .......... .......... .......... .......... .......... 55% 20.8M 0s
  9950K .......... .......... .......... .......... .......... 56%  173M 0s
 10000K .......... .......... .......... .......... .......... 56%  104M 0s
 10050K .......... .......... .......... .......... .......... 56% 87.5M 0s
 10100K .......... .......... .......... .......... .......... 57%  104M 0s
 10150K .......... .......... .......... .......... .......... 57% 92.2M 0s
 10200K .......... .......... .......... .......... .......... 57% 32.9M 0s
 10250K .......... .......... .......... .......... .......... 57%  132M 0s
 10300K .......... .......... .......... .......... .......... 58%  175M 0s
 10350K .......... .......... .......... .......... .......... 58% 65.5M 0s
 10400K .......... .......... .......... .......... .......... 58%  185M 0s
 10450K .......... .......... .......... .......... .......... 59% 22.5M 0s
 10500K .......... .......... .......... .......... .......... 59%  137M 0s
 10550K .......... .......... .......... .......... .......... 59% 72.0M 0s
 10600K .......... .......... .......... .......... .......... 59%  171M 0s
 10650K .......... .......... .......... .......... .......... 60%  105M 0s
 10700K .......... .......... .......... .......... .......... 60%  149M 0s
 10750K .......... .......... .......... .......... .......... 60% 28.4M 0s
 10800K .......... .......... .......... .......... .......... 61% 72.8M 0s
 10850K .......... .......... .......... .......... .......... 61%  145M 0s
 10900K .......... .......... .......... .......... .......... 61%  109M 0s
 10950K .......... .......... .......... .......... .......... 61%  130M 0s
 11000K .......... .......... .......... .......... .......... 62% 95.6M 0s
 11050K .......... .......... .......... .......... .......... 62% 22.1M 0s
 11100K .......... .......... .......... .......... .......... 62%  109M 0s
 11150K .......... .......... .......... .......... .......... 62%  105M 0s
 11200K .......... .......... .......... .......... .......... 63% 93.8M 0s
 11250K .......... .......... .......... .......... .......... 63%  137M 0s
 11300K .......... .......... .......... .......... .......... 63% 78.4M 0s
 11350K .......... .......... .......... .......... .......... 64% 32.3M 0s
 11400K .......... .......... .......... .......... .......... 64%  152M 0s
 11450K .......... .......... .......... .......... .......... 64%  118M 0s
 11500K .......... .......... .......... .......... .......... 64%  132M 0s
 11550K .......... .......... .......... .......... .......... 65% 86.5M 0s
 11600K .......... .......... .......... .......... .......... 65% 21.9M 0s
 11650K .......... .......... .......... .......... .......... 65% 72.4M 0s
 11700K .......... .......... .......... .......... .......... 66%  130M 0s
 11750K .......... .......... .......... .......... .......... 66%  160M 0s
 11800K .......... .......... .......... .......... .......... 66% 93.1M 0s
 11850K .......... .......... .......... .......... .......... 66%  120M 0s
 11900K .......... .......... .......... .......... .......... 67% 31.9M 0s
 11950K .......... .......... .......... .......... .......... 67% 93.8M 0s
 12000K .......... .......... .......... .......... .......... 67%  135M 0s
 12050K .......... .......... .......... .......... .......... 68%  101M 0s
 12100K .......... .......... .......... .......... .......... 68%  122M 0s
 12150K .......... .......... .......... .......... .......... 68% 24.4M 0s
 12200K .......... .......... .......... .......... .......... 68%  104M 0s
 12250K .......... .......... .......... .......... .......... 69%  115M 0s
 12300K .......... .......... .......... .......... .......... 69%  134M 0s
 12350K .......... .......... .......... .......... .......... 69% 77.5M 0s
 12400K .......... .......... .......... .......... .......... 70%  115M 0s
 12450K .......... .......... .......... .......... .......... 70%  129M 0s
 12500K .......... .......... .......... .......... .......... 70% 30.4M 0s
 12550K .......... .......... .......... .......... .......... 70%  130M 0s
 12600K .......... .......... .......... .......... .......... 71%  110M 0s
 12650K .......... .......... .......... .......... .......... 71%  104M 0s
 12700K .......... .......... .......... .......... .......... 71%  103M 0s
 12750K .......... .......... .......... .......... .......... 71% 20.9M 0s
 12800K .......... .......... .......... .......... .......... 72%  100M 0s
 12850K .......... .......... .......... .......... .......... 72%  174M 0s
 12900K .......... .......... .......... .......... .......... 72% 93.1M 0s
 12950K .......... .......... .......... .......... .......... 73% 68.9M 0s
 13000K .......... .......... .......... .......... .......... 73%  173M 0s
 13050K .......... .......... .......... .......... .......... 73% 30.2M 0s
 13100K .......... .......... .......... .......... .......... 73% 75.1M 0s
 13150K .......... .......... .......... .......... .......... 74%  104M 0s
 13200K .......... .......... .......... .......... .......... 74%  166M 0s
 13250K .......... .......... .......... .......... .......... 74% 73.3M 0s
 13300K .......... .......... .......... .......... .......... 75% 27.2M 0s
 13350K .......... .......... .......... .......... .......... 75% 87.4M 0s
 13400K .......... .......... .......... .......... .......... 75%  137M 0s
 13450K .......... .......... .......... .......... .......... 75%  116M 0s
 13500K .......... .......... .......... .......... .......... 76% 80.5M 0s
 13550K .......... .......... .......... .......... .......... 76% 83.4M 0s
 13600K .......... .......... .......... .......... .......... 76% 35.6M 0s
 13650K .......... .......... .......... .......... .......... 77% 73.5M 0s
 13700K .......... .......... .......... .......... .......... 77%  139M 0s
 13750K .......... .......... .......... .......... .......... 77%  101M 0s
 13800K .......... .......... .......... .......... .......... 77%  136M 0s
 13850K .......... .......... .......... .......... .......... 78%  115M 0s
 13900K .......... .......... .......... .......... .......... 78% 22.4M 0s
 13950K .......... .......... .......... .......... .......... 78% 97.2M 0s
 14000K .......... .......... .......... .......... .......... 78% 92.7M 0s
 14050K .......... .......... .......... .......... .......... 79%  160M 0s
 14100K .......... .......... .......... .......... .......... 79% 79.7M 0s
 14150K .......... .......... .......... .......... .......... 79%  235M 0s
 14200K .......... .......... .......... .......... .......... 80% 26.9M 0s
 14250K .......... .......... .......... .......... .......... 80%  120M 0s
 14300K .......... .......... .......... .......... .......... 80%  113M 0s
 14350K .......... .......... .......... .......... .......... 80% 88.7M 0s
 14400K .......... .......... .......... .......... .......... 81%  137M 0s
 14450K .......... .......... .......... .......... .......... 81% 22.4M 0s
 14500K .......... .......... .......... .......... .......... 81% 82.2M 0s
 14550K .......... .......... .......... .......... .......... 82%  154M 0s
 14600K .......... .......... .......... .......... .......... 82%  120M 0s
 14650K .......... .......... .......... .......... .......... 82%  144M 0s
 14700K .......... .......... .......... .......... .......... 82%  101M 0s
 14750K .......... .......... .......... .......... .......... 83% 27.4M 0s
 14800K .......... .......... .......... .......... .......... 83%  100M 0s
 14850K .......... .......... .......... .......... .......... 83%  152M 0s
 14900K .......... .......... .......... .......... .......... 84%  104M 0s
 14950K .......... .......... .......... .......... .......... 84%  138M 0s
 15000K .......... .......... .......... .......... .......... 84% 23.7M 0s
 15050K .......... .......... .......... .......... .......... 84% 87.9M 0s
 15100K .......... .......... .......... .......... .......... 85%  109M 0s
 15150K .......... .......... .......... .......... .......... 85% 93.8M 0s
 15200K .......... .......... .......... .......... .......... 85%  108M 0s
 15250K .......... .......... .......... .......... .......... 86% 92.2M 0s
 15300K .......... .......... .......... .......... .......... 86%  157M 0s
 15350K .......... .......... .......... .......... .......... 86% 30.4M 0s
 15400K .......... .......... .......... .......... .......... 86% 99.7M 0s
 15450K .......... .......... .......... .......... .......... 87%  105M 0s
 15500K .......... .......... .......... .......... .......... 87%  157M 0s
 15550K .......... .......... .......... .......... .......... 87% 21.0M 0s
 15600K .......... .......... .......... .......... .......... 87%  109M 0s
 15650K .......... .......... .......... .......... .......... 88%  114M 0s
 15700K .......... .......... .......... .......... .......... 88% 97.6M 0s
 15750K .......... .......... .......... .......... .......... 88%  135M 0s
 15800K .......... .......... .......... .......... .......... 89%  118M 0s
 15850K .......... .......... .......... .......... .......... 89%  156M 0s
 15900K .......... .......... .......... .......... .......... 89% 29.2M 0s
 15950K .......... .......... .......... .......... .......... 89% 86.2M 0s
 16000K .......... .......... .......... .......... .......... 90% 99.4M 0s
 16050K .......... .......... .......... .......... .......... 90%  104M 0s
 16100K .......... .......... .......... .......... .......... 90%  138M 0s
 16150K .......... .......... .......... .......... .......... 91% 23.7M 0s
 16200K .......... .......... .......... .......... .......... 91%  101M 0s
 16250K .......... .......... .......... .......... .......... 91%  132M 0s
 16300K .......... .......... .......... .......... .......... 91%  131M 0s
 16350K .......... .......... .......... .......... .......... 92% 84.2M 0s
 16400K .......... .......... .......... .......... .......... 92%  112M 0s
 16450K .......... .......... .......... .......... .......... 92% 30.6M 0s
 16500K .......... .......... .......... .......... .......... 93%  117M 0s
 16550K .......... .......... .......... .......... .......... 93%  101M 0s
 16600K .......... .......... .......... .......... .......... 93%  135M 0s
 16650K .......... .......... .......... .......... .......... 93%  115M 0s
 16700K .......... .......... .......... .......... .......... 94% 18.9M 0s
 16750K .......... .......... .......... .......... .......... 94%  125M 0s
 16800K .......... .......... .......... .......... .......... 94%  140M 0s
 16850K .......... .......... .......... .......... .......... 95% 92.3M 0s
 16900K .......... .......... .......... .......... .......... 95% 92.2M 0s
 16950K .......... .......... .......... .......... .......... 95%  102M 0s
 17000K .......... .......... .......... .......... .......... 95%  120M 0s
 17050K .......... .......... .......... .......... .......... 96% 39.6M 0s
 17100K .......... .......... .......... .......... .......... 96%  104M 0s
 17150K .......... .......... .......... .......... .......... 96% 92.7M 0s
 17200K .......... .......... .......... .......... .......... 96%  104M 0s
 17250K .......... .......... .......... .......... .......... 97%  117M 0s
 17300K .......... .......... .......... .......... .......... 97% 22.6M 0s
 17350K .......... .......... .......... .......... .......... 97%  114M 0s
 17400K .......... .......... .......... .......... .......... 98%  100M 0s
 17450K .......... .......... .......... .......... .......... 98%  116M 0s
 17500K .......... .......... .......... .......... .......... 98% 90.2M 0s
 17550K .......... .......... .......... .......... .......... 98% 93.9M 0s
 17600K .......... .......... .......... .......... .......... 99% 32.2M 0s
 17650K .......... .......... .......... .......... .......... 99%  115M 0s
 17700K .......... .......... .......... .......... .......... 99%  117M 0s
 17750K .......... .......... .......... .....                100%  175M=0.3s

2025-09-28 07:22:47 (63.0 MB/s) - ‘harfbuzz-12.0.0.tar.xz’ saved [18212392/18212392]

harfbuzz-12.0.0/
harfbuzz-12.0.0/.ci/
harfbuzz-12.0.0/.ci/build-win.sh
harfbuzz-12.0.0/.ci/deploy-docs.sh
harfbuzz-12.0.0/.ci/requirements-fonttools.in
harfbuzz-12.0.0/.ci/requirements-fonttools.txt
harfbuzz-12.0.0/.ci/requirements.in
harfbuzz-12.0.0/.ci/requirements.txt
harfbuzz-12.0.0/.ci/win32-cross-file.txt
harfbuzz-12.0.0/.ci/win64-cross-file.txt
harfbuzz-12.0.0/.clang-format
harfbuzz-12.0.0/.codecov.yml
harfbuzz-12.0.0/.editorconfig
harfbuzz-12.0.0/.github/
harfbuzz-12.0.0/.github/dependabot.yml
harfbuzz-12.0.0/.github/workflows/
harfbuzz-12.0.0/.github/workflows/arm.yml
harfbuzz-12.0.0/.github/workflows/c++-versions.yml
harfbuzz-12.0.0/.github/workflows/cifuzz.yml
harfbuzz-12.0.0/.github/workflows/configs-build.yml
harfbuzz-12.0.0/.github/workflows/coverity-scan.yml
harfbuzz-12.0.0/.github/workflows/crossbuild-mingw.yml
harfbuzz-12.0.0/.github/workflows/linux.yml
harfbuzz-12.0.0/.github/workflows/macos.yml
harfbuzz-12.0.0/.github/workflows/msvc.yml
harfbuzz-12.0.0/.github/workflows/msys2.yml
harfbuzz-12.0.0/.github/workflows/rust.yml
harfbuzz-12.0.0/.github/workflows/sanitizers.yml
harfbuzz-12.0.0/.github/workflows/scorecard.yml
harfbuzz-12.0.0/.github/workflows/valgrind.yml
harfbuzz-12.0.0/AUTHORS
harfbuzz-12.0.0/BUILD.md
harfbuzz-12.0.0/CMakeLists.txt
harfbuzz-12.0.0/CONFIG.md
harfbuzz-12.0.0/COPYING
harfbuzz-12.0.0/NEWS
harfbuzz-12.0.0/README.md
harfbuzz-12.0.0/README.mingw.md
harfbuzz-12.0.0/README.python.md
harfbuzz-12.0.0/RELEASING.md
harfbuzz-12.0.0/SECURITY.md
harfbuzz-12.0.0/TESTING.md
harfbuzz-12.0.0/THANKS
harfbuzz-12.0.0/docs/
harfbuzz-12.0.0/docs/HarfBuzz.png
harfbuzz-12.0.0/docs/HarfBuzz.svg
harfbuzz-12.0.0/docs/features.dot
harfbuzz-12.0.0/docs/harfbuzz-docs.xml
harfbuzz-12.0.0/docs/harfbuzz-overrides.txt
harfbuzz-12.0.0/docs/harfbuzz-sections.txt
harfbuzz-12.0.0/docs/meson.build
harfbuzz-12.0.0/docs/repacker.md
harfbuzz-12.0.0/docs/serializer.md
harfbuzz-12.0.0/docs/subset-preprocessing.md
harfbuzz-12.0.0/docs/usermanual-buffers-language-script-and-direction.xml
harfbuzz-12.0.0/docs/usermanual-clusters.xml
harfbuzz-12.0.0/docs/usermanual-fonts-and-faces.xml
harfbuzz-12.0.0/docs/usermanual-getting-started.xml
harfbuzz-12.0.0/docs/usermanual-glyph-information.xml
harfbuzz-12.0.0/docs/usermanual-install-harfbuzz.xml
harfbuzz-12.0.0/docs/usermanual-integration.xml
harfbuzz-12.0.0/docs/usermanual-object-model.xml
harfbuzz-12.0.0/docs/usermanual-opentype-features.xml
harfbuzz-12.0.0/docs/usermanual-shaping-concepts.xml
harfbuzz-12.0.0/docs/usermanual-utilities.xml
harfbuzz-12.0.0/docs/usermanual-what-is-harfbuzz.xml
harfbuzz-12.0.0/docs/version.xml.in
harfbuzz-12.0.0/docs/wasm-shaper.md
harfbuzz-12.0.0/harfbuzz.doap
harfbuzz-12.0.0/meson.build
harfbuzz-12.0.0/meson_options.txt
harfbuzz-12.0.0/perf/
harfbuzz-12.0.0/perf/README.md
harfbuzz-12.0.0/perf/benchmark-font.cc
harfbuzz-12.0.0/perf/benchmark-map.cc
harfbuzz-12.0.0/perf/benchmark-ot.cc
harfbuzz-12.0.0/perf/benchmark-set.cc
harfbuzz-12.0.0/perf/benchmark-shape.cc
harfbuzz-12.0.0/perf/benchmark-subset.cc
harfbuzz-12.0.0/perf/fonts/
harfbuzz-12.0.0/perf/fonts/Amiri-Regular.ttf
harfbuzz-12.0.0/perf/fonts/NotoNastaliqUrdu-Regular.ttf
harfbuzz-12.0.0/perf/fonts/Roboto-Regular.ttf
harfbuzz-12.0.0/perf/hb-benchmark.hh
harfbuzz-12.0.0/perf/hb-draw-all.c
harfbuzz-12.0.0/perf/hb-draw-compare
harfbuzz-12.0.0/perf/hb-paint-all.c
harfbuzz-12.0.0/perf/hb-svg-compare
harfbuzz-12.0.0/perf/meson.build
harfbuzz-12.0.0/perf/texts/
harfbuzz-12.0.0/perf/texts/duployan.txt
harfbuzz-12.0.0/perf/texts/en-2letters.txt
harfbuzz-12.0.0/perf/texts/en-thelittleprince.txt
harfbuzz-12.0.0/perf/texts/en-words.txt
harfbuzz-12.0.0/perf/texts/fa-thelittleprince.txt
harfbuzz-12.0.0/perf/texts/fa-words.txt
harfbuzz-12.0.0/perf/texts/hi-words.txt
harfbuzz-12.0.0/perf/texts/react-dom.txt
harfbuzz-12.0.0/replace-enum-strings.cmake
harfbuzz-12.0.0/src/
harfbuzz-12.0.0/src/ArabicPUASimplified.txt
harfbuzz-12.0.0/src/ArabicPUATraditional.txt
harfbuzz-12.0.0/src/OT/
harfbuzz-12.0.0/src/OT/Color/
harfbuzz-12.0.0/src/OT/Color/CBDT/
harfbuzz-12.0.0/src/OT/Color/CBDT/CBDT.hh
harfbuzz-12.0.0/src/OT/Color/COLR/
harfbuzz-12.0.0/src/OT/Color/COLR/COLR.hh
harfbuzz-12.0.0/src/OT/Color/COLR/colrv1-closure.hh
harfbuzz-12.0.0/src/OT/Color/CPAL/
harfbuzz-12.0.0/src/OT/Color/CPAL/CPAL.hh
harfbuzz-12.0.0/src/OT/Color/sbix/
harfbuzz-12.0.0/src/OT/Color/sbix/sbix.hh
harfbuzz-12.0.0/src/OT/Color/svg/
harfbuzz-12.0.0/src/OT/Color/svg/svg.hh
harfbuzz-12.0.0/src/OT/Layout/
harfbuzz-12.0.0/src/OT/Layout/Common/
harfbuzz-12.0.0/src/OT/Layout/Common/Coverage.hh
harfbuzz-12.0.0/src/OT/Layout/Common/CoverageFormat1.hh
harfbuzz-12.0.0/src/OT/Layout/Common/CoverageFormat2.hh
harfbuzz-12.0.0/src/OT/Layout/Common/RangeRecord.hh
harfbuzz-12.0.0/src/OT/Layout/GDEF/
harfbuzz-12.0.0/src/OT/Layout/GDEF/GDEF.hh
harfbuzz-12.0.0/src/OT/Layout/GPOS/
harfbuzz-12.0.0/src/OT/Layout/GPOS/Anchor.hh
harfbuzz-12.0.0/src/OT/Layout/GPOS/AnchorFormat1.hh
harfbuzz-12.0.0/src/OT/Layout/GPOS/AnchorFormat2.hh
harfbuzz-12.0.0/src/OT/Layout/GPOS/AnchorFormat3.hh
harfbuzz-12.0.0/src/OT/Layout/GPOS/AnchorMatrix.hh
harfbuzz-12.0.0/src/OT/Layout/GPOS/ChainContextPos.hh
harfbuzz-12.0.0/src/OT/Layout/GPOS/Common.hh
harfbuzz-12.0.0/src/OT/Layout/GPOS/ContextPos.hh
harfbuzz-12.0.0/src/OT/Layout/GPOS/CursivePos.hh
harfbuzz-12.0.0/src/OT/Layout/GPOS/CursivePosFormat1.hh
harfbuzz-12.0.0/src/OT/Layout/GPOS/ExtensionPos.hh
harfbuzz-12.0.0/src/OT/Layout/GPOS/GPOS.hh
harfbuzz-12.0.0/src/OT/Layout/GPOS/LigatureArray.hh
harfbuzz-12.0.0/src/OT/Layout/GPOS/MarkArray.hh
harfbuzz-12.0.0/src/OT/Layout/GPOS/MarkBasePos.hh
harfbuzz-12.0.0/src/OT/Layout/GPOS/MarkBasePosFormat1.hh
harfbuzz-12.0.0/src/OT/Layout/GPOS/MarkLigPos.hh
harfbuzz-12.0.0/src/OT/Layout/GPOS/MarkLigPosFormat1.hh
harfbuzz-12.0.0/src/OT/Layout/GPOS/MarkMarkPos.hh
harfbuzz-12.0.0/src/OT/Layout/GPOS/MarkMarkPosFormat1.hh
harfbuzz-12.0.0/src/OT/Layout/GPOS/MarkRecord.hh
harfbuzz-12.0.0/src/OT/Layout/GPOS/PairPos.hh
harfbuzz-12.0.0/src/OT/Layout/GPOS/PairPosFormat1.hh
harfbuzz-12.0.0/src/OT/Layout/GPOS/PairPosFormat2.hh
harfbuzz-12.0.0/src/OT/Layout/GPOS/PairSet.hh
harfbuzz-12.0.0/src/OT/Layout/GPOS/PairValueRecord.hh
harfbuzz-12.0.0/src/OT/Layout/GPOS/PosLookup.hh
harfbuzz-12.0.0/src/OT/Layout/GPOS/PosLookupSubTable.hh
harfbuzz-12.0.0/src/OT/Layout/GPOS/SinglePos.hh
harfbuzz-12.0.0/src/OT/Layout/GPOS/SinglePosFormat1.hh
harfbuzz-12.0.0/src/OT/Layout/GPOS/SinglePosFormat2.hh
harfbuzz-12.0.0/src/OT/Layout/GPOS/ValueFormat.hh
harfbuzz-12.0.0/src/OT/Layout/GSUB/
harfbuzz-12.0.0/src/OT/Layout/GSUB/AlternateSet.hh
harfbuzz-12.0.0/src/OT/Layout/GSUB/AlternateSubst.hh
harfbuzz-12.0.0/src/OT/Layout/GSUB/AlternateSubstFormat1.hh
harfbuzz-12.0.0/src/OT/Layout/GSUB/ChainContextSubst.hh
harfbuzz-12.0.0/src/OT/Layout/GSUB/Common.hh
harfbuzz-12.0.0/src/OT/Layout/GSUB/ContextSubst.hh
harfbuzz-12.0.0/src/OT/Layout/GSUB/ExtensionSubst.hh
harfbuzz-12.0.0/src/OT/Layout/GSUB/GSUB.hh
harfbuzz-12.0.0/src/OT/Layout/GSUB/Ligature.hh
harfbuzz-12.0.0/src/OT/Layout/GSUB/LigatureSet.hh
harfbuzz-12.0.0/src/OT/Layout/GSUB/LigatureSubst.hh
harfbuzz-12.0.0/src/OT/Layout/GSUB/LigatureSubstFormat1.hh
harfbuzz-12.0.0/src/OT/Layout/GSUB/MultipleSubst.hh
harfbuzz-12.0.0/src/OT/Layout/GSUB/MultipleSubstFormat1.hh
harfbuzz-12.0.0/src/OT/Layout/GSUB/ReverseChainSingleSubst.hh
harfbuzz-12.0.0/src/OT/Layout/GSUB/ReverseChainSingleSubstFormat1.hh
harfbuzz-12.0.0/src/OT/Layout/GSUB/Sequence.hh
harfbuzz-12.0.0/src/OT/Layout/GSUB/SingleSubst.hh
harfbuzz-12.0.0/src/OT/Layout/GSUB/SingleSubstFormat1.hh
harfbuzz-12.0.0/src/OT/Layout/GSUB/SingleSubstFormat2.hh
harfbuzz-12.0.0/src/OT/Layout/GSUB/SubstLookup.hh
harfbuzz-12.0.0/src/OT/Layout/GSUB/SubstLookupSubTable.hh
harfbuzz-12.0.0/src/OT/Layout/types.hh
harfbuzz-12.0.0/src/OT/Var/
harfbuzz-12.0.0/src/OT/Var/VARC/
harfbuzz-12.0.0/src/OT/Var/VARC/VARC.cc
harfbuzz-12.0.0/src/OT/Var/VARC/VARC.hh
harfbuzz-12.0.0/src/OT/Var/VARC/coord-setter.hh
harfbuzz-12.0.0/src/OT/glyf/
harfbuzz-12.0.0/src/OT/glyf/CompositeGlyph.hh
harfbuzz-12.0.0/src/OT/glyf/Glyph.hh
harfbuzz-12.0.0/src/OT/glyf/GlyphHeader.hh
harfbuzz-12.0.0/src/OT/glyf/SimpleGlyph.hh
harfbuzz-12.0.0/src/OT/glyf/SubsetGlyph.hh
harfbuzz-12.0.0/src/OT/glyf/composite-iter.hh
harfbuzz-12.0.0/src/OT/glyf/glyf-helpers.hh
harfbuzz-12.0.0/src/OT/glyf/glyf.hh
harfbuzz-12.0.0/src/OT/glyf/loca.hh
harfbuzz-12.0.0/src/OT/glyf/path-builder.hh
harfbuzz-12.0.0/src/OT/name/
harfbuzz-12.0.0/src/OT/name/name.hh
harfbuzz-12.0.0/src/addTable.py
harfbuzz-12.0.0/src/check-c-linkage-decls.py
harfbuzz-12.0.0/src/check-externs.py
harfbuzz-12.0.0/src/check-header-guards.py
harfbuzz-12.0.0/src/check-includes.py
harfbuzz-12.0.0/src/check-libstdc++.py
harfbuzz-12.0.0/src/check-release-notes.py
harfbuzz-12.0.0/src/check-static-inits.py
harfbuzz-12.0.0/src/check-symbols.py
harfbuzz-12.0.0/src/failing-alloc.c
harfbuzz-12.0.0/src/fix_get_types.py
harfbuzz-12.0.0/src/gen-arabic-joining-list.py
harfbuzz-12.0.0/src/gen-arabic-pua.py
harfbuzz-12.0.0/src/gen-arabic-table.py
harfbuzz-12.0.0/src/gen-def.py
harfbuzz-12.0.0/src/gen-emoji-table.py
harfbuzz-12.0.0/src/gen-harfbuzzcc.py
harfbuzz-12.0.0/src/gen-hb-version.py
harfbuzz-12.0.0/src/gen-indic-table.py
harfbuzz-12.0.0/src/gen-os2-unicode-ranges.py
harfbuzz-12.0.0/src/gen-ragel-artifacts.py
harfbuzz-12.0.0/src/gen-tag-table.py
harfbuzz-12.0.0/src/gen-ucd-table.py
harfbuzz-12.0.0/src/gen-use-table.py
harfbuzz-12.0.0/src/gen-vowel-constraints.py
harfbuzz-12.0.0/src/graph/
harfbuzz-12.0.0/src/graph/classdef-graph.hh
harfbuzz-12.0.0/src/graph/coverage-graph.hh
harfbuzz-12.0.0/src/graph/graph.hh
harfbuzz-12.0.0/src/graph/gsubgpos-context.cc
harfbuzz-12.0.0/src/graph/gsubgpos-context.hh
harfbuzz-12.0.0/src/graph/gsubgpos-graph.hh
harfbuzz-12.0.0/src/graph/ligature-graph.hh
harfbuzz-12.0.0/src/graph/markbasepos-graph.hh
harfbuzz-12.0.0/src/graph/pairpos-graph.hh
harfbuzz-12.0.0/src/graph/serialize.hh
harfbuzz-12.0.0/src/graph/split-helpers.hh
harfbuzz-12.0.0/src/graph/test-classdef-graph.cc
harfbuzz-12.0.0/src/harfbuzz-cairo.pc.in
harfbuzz-12.0.0/src/harfbuzz-config.cmake.in
harfbuzz-12.0.0/src/harfbuzz-gobject.pc.in
harfbuzz-12.0.0/src/harfbuzz-icu.pc.in
harfbuzz-12.0.0/src/harfbuzz-subset.cc
harfbuzz-12.0.0/src/harfbuzz-subset.pc.in
harfbuzz-12.0.0/src/harfbuzz.cc
harfbuzz-12.0.0/src/harfbuzz.pc.in
harfbuzz-12.0.0/src/hb-aat-layout-ankr-table.hh
harfbuzz-12.0.0/src/hb-aat-layout-bsln-table.hh
harfbuzz-12.0.0/src/hb-aat-layout-common.hh
harfbuzz-12.0.0/src/hb-aat-layout-feat-table.hh
harfbuzz-12.0.0/src/hb-aat-layout-just-table.hh
harfbuzz-12.0.0/src/hb-aat-layout-kerx-table.hh
harfbuzz-12.0.0/src/hb-aat-layout-morx-table.hh
harfbuzz-12.0.0/src/hb-aat-layout-opbd-table.hh
harfbuzz-12.0.0/src/hb-aat-layout-trak-table.hh
harfbuzz-12.0.0/src/hb-aat-layout.cc
harfbuzz-12.0.0/src/hb-aat-layout.h
harfbuzz-12.0.0/src/hb-aat-layout.hh
harfbuzz-12.0.0/src/hb-aat-ltag-table.hh
harfbuzz-12.0.0/src/hb-aat-map.cc
harfbuzz-12.0.0/src/hb-aat-map.hh
harfbuzz-12.0.0/src/hb-aat.h
harfbuzz-12.0.0/src/hb-algs.hh
harfbuzz-12.0.0/src/hb-alloc-pool.hh
harfbuzz-12.0.0/src/hb-array.hh
harfbuzz-12.0.0/src/hb-atomic.hh
harfbuzz-12.0.0/src/hb-bimap.hh
harfbuzz-12.0.0/src/hb-bit-page.hh
harfbuzz-12.0.0/src/hb-bit-set-invertible.hh
harfbuzz-12.0.0/src/hb-bit-set.hh
harfbuzz-12.0.0/src/hb-bit-vector.hh
harfbuzz-12.0.0/src/hb-blob.cc
harfbuzz-12.0.0/src/hb-blob.h
harfbuzz-12.0.0/src/hb-blob.hh
harfbuzz-12.0.0/src/hb-buffer-deserialize-json.hh
harfbuzz-12.0.0/src/hb-buffer-deserialize-json.rl
harfbuzz-12.0.0/src/hb-buffer-deserialize-text-glyphs.hh
harfbuzz-12.0.0/src/hb-buffer-deserialize-text-glyphs.rl
harfbuzz-12.0.0/src/hb-buffer-deserialize-text-unicode.hh
harfbuzz-12.0.0/src/hb-buffer-deserialize-text-unicode.rl
harfbuzz-12.0.0/src/hb-buffer-serialize.cc
harfbuzz-12.0.0/src/hb-buffer-verify.cc
harfbuzz-12.0.0/src/hb-buffer.cc
harfbuzz-12.0.0/src/hb-buffer.h
harfbuzz-12.0.0/src/hb-buffer.hh
harfbuzz-12.0.0/src/hb-cache.hh
harfbuzz-12.0.0/src/hb-cairo-utils.cc
harfbuzz-12.0.0/src/hb-cairo-utils.hh
harfbuzz-12.0.0/src/hb-cairo.cc
harfbuzz-12.0.0/src/hb-cairo.h
harfbuzz-12.0.0/src/hb-cff-interp-common.hh
harfbuzz-12.0.0/src/hb-cff-interp-cs-common.hh
harfbuzz-12.0.0/src/hb-cff-interp-dict-common.hh
harfbuzz-12.0.0/src/hb-cff1-interp-cs.hh
harfbuzz-12.0.0/src/hb-cff2-interp-cs.hh
harfbuzz-12.0.0/src/hb-common.cc
harfbuzz-12.0.0/src/hb-common.h
harfbuzz-12.0.0/src/hb-config.hh
harfbuzz-12.0.0/src/hb-coretext-font.cc
harfbuzz-12.0.0/src/hb-coretext-shape.cc
harfbuzz-12.0.0/src/hb-coretext.cc
harfbuzz-12.0.0/src/hb-coretext.h
harfbuzz-12.0.0/src/hb-coretext.hh
harfbuzz-12.0.0/src/hb-cplusplus.hh
harfbuzz-12.0.0/src/hb-debug.hh
harfbuzz-12.0.0/src/hb-decycler.hh
harfbuzz-12.0.0/src/hb-deprecated.h
harfbuzz-12.0.0/src/hb-directwrite-font.cc
harfbuzz-12.0.0/src/hb-directwrite-shape.cc
harfbuzz-12.0.0/src/hb-directwrite.cc
harfbuzz-12.0.0/src/hb-directwrite.h
harfbuzz-12.0.0/src/hb-directwrite.hh
harfbuzz-12.0.0/src/hb-dispatch.hh
harfbuzz-12.0.0/src/hb-draw.cc
harfbuzz-12.0.0/src/hb-draw.h
harfbuzz-12.0.0/src/hb-draw.hh
harfbuzz-12.0.0/src/hb-face-builder.cc
harfbuzz-12.0.0/src/hb-face.cc
harfbuzz-12.0.0/src/hb-face.h
harfbuzz-12.0.0/src/hb-face.hh
harfbuzz-12.0.0/src/hb-fallback-shape.cc
harfbuzz-12.0.0/src/hb-features.h.in
harfbuzz-12.0.0/src/hb-font.cc
harfbuzz-12.0.0/src/hb-font.h
harfbuzz-12.0.0/src/hb-font.hh
harfbuzz-12.0.0/src/hb-fontations.h
harfbuzz-12.0.0/src/hb-free-pool.hh
harfbuzz-12.0.0/src/hb-ft-colr.hh
harfbuzz-12.0.0/src/hb-ft.cc
harfbuzz-12.0.0/src/hb-ft.h
harfbuzz-12.0.0/src/hb-gdi.cc
harfbuzz-12.0.0/src/hb-gdi.h
harfbuzz-12.0.0/src/hb-geometry.hh
harfbuzz-12.0.0/src/hb-glib.cc
harfbuzz-12.0.0/src/hb-glib.h
harfbuzz-12.0.0/src/hb-gobject-enums.cc.tmpl
harfbuzz-12.0.0/src/hb-gobject-enums.h.tmpl
harfbuzz-12.0.0/src/hb-gobject-structs.cc
harfbuzz-12.0.0/src/hb-gobject-structs.h
harfbuzz-12.0.0/src/hb-gobject.h
harfbuzz-12.0.0/src/hb-graphite2.cc
harfbuzz-12.0.0/src/hb-graphite2.h
harfbuzz-12.0.0/src/hb-harfrust.cc
harfbuzz-12.0.0/src/hb-icu.cc
harfbuzz-12.0.0/src/hb-icu.h
harfbuzz-12.0.0/src/hb-iter.hh
harfbuzz-12.0.0/src/hb-kbts.cc
harfbuzz-12.0.0/src/hb-kern.hh
harfbuzz-12.0.0/src/hb-limits.hh
harfbuzz-12.0.0/src/hb-machinery.hh
harfbuzz-12.0.0/src/hb-map.cc
harfbuzz-12.0.0/src/hb-map.h
harfbuzz-12.0.0/src/hb-map.hh
harfbuzz-12.0.0/src/hb-meta.hh
harfbuzz-12.0.0/src/hb-ms-feature-ranges.hh
harfbuzz-12.0.0/src/hb-multimap.hh
harfbuzz-12.0.0/src/hb-mutex.hh
harfbuzz-12.0.0/src/hb-null.hh
harfbuzz-12.0.0/src/hb-number-parser.hh
harfbuzz-12.0.0/src/hb-number-parser.rl
harfbuzz-12.0.0/src/hb-number.cc
harfbuzz-12.0.0/src/hb-number.hh
harfbuzz-12.0.0/src/hb-object.hh
harfbuzz-12.0.0/src/hb-open-file.hh
harfbuzz-12.0.0/src/hb-open-type.hh
harfbuzz-12.0.0/src/hb-ot-cff-common.hh
harfbuzz-12.0.0/src/hb-ot-cff1-std-str.hh
harfbuzz-12.0.0/src/hb-ot-cff1-table.cc
harfbuzz-12.0.0/src/hb-ot-cff1-table.hh
harfbuzz-12.0.0/src/hb-ot-cff2-table.cc
harfbuzz-12.0.0/src/hb-ot-cff2-table.hh
harfbuzz-12.0.0/src/hb-ot-cmap-table.hh
harfbuzz-12.0.0/src/hb-ot-color.cc
harfbuzz-12.0.0/src/hb-ot-color.h
harfbuzz-12.0.0/src/hb-ot-deprecated.h
harfbuzz-12.0.0/src/hb-ot-face-table-list.hh
harfbuzz-12.0.0/src/hb-ot-face.cc
harfbuzz-12.0.0/src/hb-ot-face.hh
harfbuzz-12.0.0/src/hb-ot-font.cc
harfbuzz-12.0.0/src/hb-ot-font.h
harfbuzz-12.0.0/src/hb-ot-gasp-table.hh
harfbuzz-12.0.0/src/hb-ot-glyf-table.hh
harfbuzz-12.0.0/src/hb-ot-hdmx-table.hh
harfbuzz-12.0.0/src/hb-ot-head-table.hh
harfbuzz-12.0.0/src/hb-ot-hhea-table.hh
harfbuzz-12.0.0/src/hb-ot-hmtx-table.hh
harfbuzz-12.0.0/src/hb-ot-kern-table.hh
harfbuzz-12.0.0/src/hb-ot-layout-base-table.hh
harfbuzz-12.0.0/src/hb-ot-layout-common.hh
harfbuzz-12.0.0/src/hb-ot-layout-gdef-table.hh
harfbuzz-12.0.0/src/hb-ot-layout-gpos-table.hh
harfbuzz-12.0.0/src/hb-ot-layout-gsub-table.hh
harfbuzz-12.0.0/src/hb-ot-layout-gsubgpos.hh
harfbuzz-12.0.0/src/hb-ot-layout-jstf-table.hh
harfbuzz-12.0.0/src/hb-ot-layout.cc
harfbuzz-12.0.0/src/hb-ot-layout.h
harfbuzz-12.0.0/src/hb-ot-layout.hh
harfbuzz-12.0.0/src/hb-ot-map.cc
harfbuzz-12.0.0/src/hb-ot-map.hh
harfbuzz-12.0.0/src/hb-ot-math-table.hh
harfbuzz-12.0.0/src/hb-ot-math.cc
harfbuzz-12.0.0/src/hb-ot-math.h
harfbuzz-12.0.0/src/hb-ot-maxp-table.hh
harfbuzz-12.0.0/src/hb-ot-meta-table.hh
harfbuzz-12.0.0/src/hb-ot-meta.cc
harfbuzz-12.0.0/src/hb-ot-meta.h
harfbuzz-12.0.0/src/hb-ot-metrics.cc
harfbuzz-12.0.0/src/hb-ot-metrics.h
harfbuzz-12.0.0/src/hb-ot-metrics.hh
harfbuzz-12.0.0/src/hb-ot-name-language-static.hh
harfbuzz-12.0.0/src/hb-ot-name-language.hh
harfbuzz-12.0.0/src/hb-ot-name-table.hh
harfbuzz-12.0.0/src/hb-ot-name.cc
harfbuzz-12.0.0/src/hb-ot-name.h
harfbuzz-12.0.0/src/hb-ot-os2-table.hh
harfbuzz-12.0.0/src/hb-ot-os2-unicode-ranges.hh
harfbuzz-12.0.0/src/hb-ot-post-macroman.hh
harfbuzz-12.0.0/src/hb-ot-post-table-v2subset.hh
harfbuzz-12.0.0/src/hb-ot-post-table.hh
harfbuzz-12.0.0/src/hb-ot-shape-fallback.cc
harfbuzz-12.0.0/src/hb-ot-shape-fallback.hh
harfbuzz-12.0.0/src/hb-ot-shape-normalize.cc
harfbuzz-12.0.0/src/hb-ot-shape-normalize.hh
harfbuzz-12.0.0/src/hb-ot-shape.cc
harfbuzz-12.0.0/src/hb-ot-shape.h
harfbuzz-12.0.0/src/hb-ot-shape.hh
harfbuzz-12.0.0/src/hb-ot-shaper-arabic-fallback.hh
harfbuzz-12.0.0/src/hb-ot-shaper-arabic-joining-list.hh
harfbuzz-12.0.0/src/hb-ot-shaper-arabic-pua.hh
harfbuzz-12.0.0/src/hb-ot-shaper-arabic-table.hh
harfbuzz-12.0.0/src/hb-ot-shaper-arabic-win1256.hh
harfbuzz-12.0.0/src/hb-ot-shaper-arabic.cc
harfbuzz-12.0.0/src/hb-ot-shaper-arabic.hh
harfbuzz-12.0.0/src/hb-ot-shaper-default.cc
harfbuzz-12.0.0/src/hb-ot-shaper-hangul.cc
harfbuzz-12.0.0/src/hb-ot-shaper-hebrew.cc
harfbuzz-12.0.0/src/hb-ot-shaper-indic-machine.hh
harfbuzz-12.0.0/src/hb-ot-shaper-indic-machine.rl
harfbuzz-12.0.0/src/hb-ot-shaper-indic-table.cc
harfbuzz-12.0.0/src/hb-ot-shaper-indic.cc
harfbuzz-12.0.0/src/hb-ot-shaper-indic.hh
harfbuzz-12.0.0/src/hb-ot-shaper-khmer-machine.hh
harfbuzz-12.0.0/src/hb-ot-shaper-khmer-machine.rl
harfbuzz-12.0.0/src/hb-ot-shaper-khmer.cc
harfbuzz-12.0.0/src/hb-ot-shaper-myanmar-machine.hh
harfbuzz-12.0.0/src/hb-ot-shaper-myanmar-machine.rl
harfbuzz-12.0.0/src/hb-ot-shaper-myanmar.cc
harfbuzz-12.0.0/src/hb-ot-shaper-syllabic.cc
harfbuzz-12.0.0/src/hb-ot-shaper-syllabic.hh
harfbuzz-12.0.0/src/hb-ot-shaper-thai.cc
harfbuzz-12.0.0/src/hb-ot-shaper-use-machine.hh
harfbuzz-12.0.0/src/hb-ot-shaper-use-machine.rl
harfbuzz-12.0.0/src/hb-ot-shaper-use-table.hh
harfbuzz-12.0.0/src/hb-ot-shaper-use.cc
harfbuzz-12.0.0/src/hb-ot-shaper-vowel-constraints.cc
harfbuzz-12.0.0/src/hb-ot-shaper-vowel-constraints.hh
harfbuzz-12.0.0/src/hb-ot-shaper.hh
harfbuzz-12.0.0/src/hb-ot-stat-table.hh
harfbuzz-12.0.0/src/hb-ot-tag-table.hh
harfbuzz-12.0.0/src/hb-ot-tag.cc
harfbuzz-12.0.0/src/hb-ot-var-avar-table.hh
harfbuzz-12.0.0/src/hb-ot-var-common.hh
harfbuzz-12.0.0/src/hb-ot-var-cvar-table.hh
harfbuzz-12.0.0/src/hb-ot-var-fvar-table.hh
harfbuzz-12.0.0/src/hb-ot-var-gvar-table.hh
harfbuzz-12.0.0/src/hb-ot-var-hvar-table.hh
harfbuzz-12.0.0/src/hb-ot-var-mvar-table.hh
harfbuzz-12.0.0/src/hb-ot-var-varc-table.hh
harfbuzz-12.0.0/src/hb-ot-var.cc
harfbuzz-12.0.0/src/hb-ot-var.h
harfbuzz-12.0.0/src/hb-ot-vorg-table.hh
harfbuzz-12.0.0/src/hb-ot.h
harfbuzz-12.0.0/src/hb-outline.cc
harfbuzz-12.0.0/src/hb-outline.hh
harfbuzz-12.0.0/src/hb-paint-bounded.cc
harfbuzz-12.0.0/src/hb-paint-bounded.hh
harfbuzz-12.0.0/src/hb-paint-extents.cc
harfbuzz-12.0.0/src/hb-paint-extents.hh
harfbuzz-12.0.0/src/hb-paint.cc
harfbuzz-12.0.0/src/hb-paint.h
harfbuzz-12.0.0/src/hb-paint.hh
harfbuzz-12.0.0/src/hb-priority-queue.hh
harfbuzz-12.0.0/src/hb-repacker.hh
harfbuzz-12.0.0/src/hb-sanitize.hh
harfbuzz-12.0.0/src/hb-script-list.h
harfbuzz-12.0.0/src/hb-serialize.hh
harfbuzz-12.0.0/src/hb-set-digest.hh
harfbuzz-12.0.0/src/hb-set.cc
harfbuzz-12.0.0/src/hb-set.h
harfbuzz-12.0.0/src/hb-set.hh
harfbuzz-12.0.0/src/hb-shape-plan.cc
harfbuzz-12.0.0/src/hb-shape-plan.h
harfbuzz-12.0.0/src/hb-shape-plan.hh
harfbuzz-12.0.0/src/hb-shape.cc
harfbuzz-12.0.0/src/hb-shape.h
harfbuzz-12.0.0/src/hb-shaper-impl.hh
harfbuzz-12.0.0/src/hb-shaper-list.hh
harfbuzz-12.0.0/src/hb-shaper.cc
harfbuzz-12.0.0/src/hb-shaper.hh
harfbuzz-12.0.0/src/hb-static.cc
harfbuzz-12.0.0/src/hb-string-array.hh
harfbuzz-12.0.0/src/hb-style.cc
harfbuzz-12.0.0/src/hb-style.h
harfbuzz-12.0.0/src/hb-subset-accelerator.hh
harfbuzz-12.0.0/src/hb-subset-cff-common.cc
harfbuzz-12.0.0/src/hb-subset-cff-common.hh
harfbuzz-12.0.0/src/hb-subset-cff1.cc
harfbuzz-12.0.0/src/hb-subset-cff2.cc
harfbuzz-12.0.0/src/hb-subset-input.cc
harfbuzz-12.0.0/src/hb-subset-input.hh
harfbuzz-12.0.0/src/hb-subset-instancer-iup.cc
harfbuzz-12.0.0/src/hb-subset-instancer-iup.hh
harfbuzz-12.0.0/src/hb-subset-instancer-solver.cc
harfbuzz-12.0.0/src/hb-subset-instancer-solver.hh
harfbuzz-12.0.0/src/hb-subset-plan-layout.cc
harfbuzz-12.0.0/src/hb-subset-plan-member-list.hh
harfbuzz-12.0.0/src/hb-subset-plan-var.cc
harfbuzz-12.0.0/src/hb-subset-plan.cc
harfbuzz-12.0.0/src/hb-subset-plan.hh
harfbuzz-12.0.0/src/hb-subset-serialize.cc
harfbuzz-12.0.0/src/hb-subset-serialize.h
harfbuzz-12.0.0/src/hb-subset-table-cff.cc
harfbuzz-12.0.0/src/hb-subset-table-color.cc
harfbuzz-12.0.0/src/hb-subset-table-layout.cc
harfbuzz-12.0.0/src/hb-subset-table-other.cc
harfbuzz-12.0.0/src/hb-subset-table-var.cc
harfbuzz-12.0.0/src/hb-subset-table.hh
harfbuzz-12.0.0/src/hb-subset.cc
harfbuzz-12.0.0/src/hb-subset.h
harfbuzz-12.0.0/src/hb-subset.hh
harfbuzz-12.0.0/src/hb-ucd-table.hh
harfbuzz-12.0.0/src/hb-ucd.cc
harfbuzz-12.0.0/src/hb-unicode-emoji-table.hh
harfbuzz-12.0.0/src/hb-unicode.cc
harfbuzz-12.0.0/src/hb-unicode.h
harfbuzz-12.0.0/src/hb-unicode.hh
harfbuzz-12.0.0/src/hb-uniscribe.cc
harfbuzz-12.0.0/src/hb-uniscribe.h
harfbuzz-12.0.0/src/hb-utf.hh
harfbuzz-12.0.0/src/hb-vector.hh
harfbuzz-12.0.0/src/hb-version.h
harfbuzz-12.0.0/src/hb-version.h.in
harfbuzz-12.0.0/src/hb-wasm-api-blob.hh
harfbuzz-12.0.0/src/hb-wasm-api-buffer.hh
harfbuzz-12.0.0/src/hb-wasm-api-common.hh
harfbuzz-12.0.0/src/hb-wasm-api-face.hh
harfbuzz-12.0.0/src/hb-wasm-api-font.hh
harfbuzz-12.0.0/src/hb-wasm-api-list.hh
harfbuzz-12.0.0/src/hb-wasm-api-shape.hh
harfbuzz-12.0.0/src/hb-wasm-api.cc
harfbuzz-12.0.0/src/hb-wasm-api.h
harfbuzz-12.0.0/src/hb-wasm-api.hh
harfbuzz-12.0.0/src/hb-wasm-shape.cc
harfbuzz-12.0.0/src/hb.h
harfbuzz-12.0.0/src/hb.hh
harfbuzz-12.0.0/src/justify.py
harfbuzz-12.0.0/src/main.cc
harfbuzz-12.0.0/src/meson.build
harfbuzz-12.0.0/src/ms-use/
harfbuzz-12.0.0/src/ms-use/COPYING
harfbuzz-12.0.0/src/ms-use/IndicPositionalCategory-Additional.txt
harfbuzz-12.0.0/src/ms-use/IndicShapingInvalidCluster.txt
harfbuzz-12.0.0/src/ms-use/IndicSyllabicCategory-Additional.txt
harfbuzz-12.0.0/src/relative_to.py
harfbuzz-12.0.0/src/rust/
harfbuzz-12.0.0/src/rust/.gitignore
harfbuzz-12.0.0/src/rust/Cargo.toml
harfbuzz-12.0.0/src/rust/font.rs
harfbuzz-12.0.0/src/rust/hb.rs
harfbuzz-12.0.0/src/rust/lib.rs
harfbuzz-12.0.0/src/rust/meson.build
harfbuzz-12.0.0/src/rust/shape.rs
harfbuzz-12.0.0/src/sample.py
harfbuzz-12.0.0/src/test-algs.cc
harfbuzz-12.0.0/src/test-array.cc
harfbuzz-12.0.0/src/test-bimap.cc
harfbuzz-12.0.0/src/test-buffer-serialize.cc
harfbuzz-12.0.0/src/test-cff.cc
harfbuzz-12.0.0/src/test-decycler.cc
harfbuzz-12.0.0/src/test-gpos-size-params.cc
harfbuzz-12.0.0/src/test-gsub-get-alternates.cc
harfbuzz-12.0.0/src/test-gsub-would-substitute.cc
harfbuzz-12.0.0/src/test-item-varstore.cc
harfbuzz-12.0.0/src/test-iter.cc
harfbuzz-12.0.0/src/test-machinery.cc
harfbuzz-12.0.0/src/test-map.cc
harfbuzz-12.0.0/src/test-multimap.cc
harfbuzz-12.0.0/src/test-number.cc
harfbuzz-12.0.0/src/test-ot-glyphname.cc
harfbuzz-12.0.0/src/test-ot-meta.cc
harfbuzz-12.0.0/src/test-ot-name.cc
harfbuzz-12.0.0/src/test-priority-queue.cc
harfbuzz-12.0.0/src/test-repacker.cc
harfbuzz-12.0.0/src/test-serialize.cc
harfbuzz-12.0.0/src/test-set.cc
harfbuzz-12.0.0/src/test-subset-instancer-solver.cc
harfbuzz-12.0.0/src/test-tuple-varstore.cc
harfbuzz-12.0.0/src/test-unicode-ranges.cc
harfbuzz-12.0.0/src/test-use-table.cc
harfbuzz-12.0.0/src/test-vector.cc
harfbuzz-12.0.0/src/test.cc
harfbuzz-12.0.0/src/update-unicode-tables.make
harfbuzz-12.0.0/src/wasm/
harfbuzz-12.0.0/src/wasm/graphite/
harfbuzz-12.0.0/src/wasm/graphite/Makefile
harfbuzz-12.0.0/src/wasm/graphite/shape.cc
harfbuzz-12.0.0/src/wasm/rust/
harfbuzz-12.0.0/src/wasm/rust/harfbuzz-wasm/
harfbuzz-12.0.0/src/wasm/rust/harfbuzz-wasm/Cargo.toml
harfbuzz-12.0.0/src/wasm/rust/harfbuzz-wasm/src/
harfbuzz-12.0.0/src/wasm/rust/harfbuzz-wasm/src/lib.rs
harfbuzz-12.0.0/src/wasm/sample/
harfbuzz-12.0.0/src/wasm/sample/c/
harfbuzz-12.0.0/src/wasm/sample/c/Makefile
harfbuzz-12.0.0/src/wasm/sample/c/shape-fallback.cc
harfbuzz-12.0.0/src/wasm/sample/c/shape-ot.cc
harfbuzz-12.0.0/src/wasm/sample/c/test.ttf
harfbuzz-12.0.0/src/wasm/sample/rust/
harfbuzz-12.0.0/src/wasm/sample/rust/hello-wasm/
harfbuzz-12.0.0/src/wasm/sample/rust/hello-wasm/Cargo.toml
harfbuzz-12.0.0/src/wasm/sample/rust/hello-wasm/src/
harfbuzz-12.0.0/src/wasm/sample/rust/hello-wasm/src/lib.rs
harfbuzz-12.0.0/subprojects/
harfbuzz-12.0.0/subprojects/.gitignore
harfbuzz-12.0.0/subprojects/cairo.wrap
harfbuzz-12.0.0/subprojects/freetype2.wrap
harfbuzz-12.0.0/subprojects/glib.wrap
harfbuzz-12.0.0/subprojects/google-benchmark.wrap
harfbuzz-12.0.0/subprojects/graphite2.wrap
harfbuzz-12.0.0/subprojects/icu.wrap
harfbuzz-12.0.0/subprojects/kbts.wrap
harfbuzz-12.0.0/subprojects/libffi.wrap
harfbuzz-12.0.0/subprojects/packagefiles/
harfbuzz-12.0.0/subprojects/packagefiles/kbts/
harfbuzz-12.0.0/subprojects/packagefiles/kbts/meson.build
harfbuzz-12.0.0/subprojects/packagefiles/ragel/
harfbuzz-12.0.0/subprojects/packagefiles/ragel/meson.build
harfbuzz-12.0.0/subprojects/ragel.wrap
harfbuzz-12.0.0/test/
harfbuzz-12.0.0/test/COPYING
harfbuzz-12.0.0/test/api/
harfbuzz-12.0.0/test/api/data-paint/
harfbuzz-12.0.0/test/api/data-paint/README
harfbuzz-12.0.0/test/api/data-paint/clipbox.test
harfbuzz-12.0.0/test/api/data-paint/color_circles_palette.test
harfbuzz-12.0.0/test/api/data-paint/composite_mode.test
harfbuzz-12.0.0/test/api/data-paint/extend_mode.test
harfbuzz-12.0.0/test/api/data-paint/foreground_color.test
harfbuzz-12.0.0/test/api/data-paint/gradient_p2_skewed.test
harfbuzz-12.0.0/test/api/data-paint/paint_rotate.test
harfbuzz-12.0.0/test/api/data-paint/paint_scale.test
harfbuzz-12.0.0/test/api/data-paint/paint_skew.test
harfbuzz-12.0.0/test/api/data-paint/paint_transform.test
harfbuzz-12.0.0/test/api/data-paint/paint_translate.test
harfbuzz-12.0.0/test/api/data-paint/sweep_varsweep.test
harfbuzz-12.0.0/test/api/data-paint/variable_alpha.test
harfbuzz-12.0.0/test/api/fonts/
harfbuzz-12.0.0/test/api/fonts/AdobeVFPrototype-Subset.otf
harfbuzz-12.0.0/test/api/fonts/AdobeVFPrototype.WA.gpos.otf
harfbuzz-12.0.0/test/api/fonts/AdobeVFPrototype.WAV.gpos.otf
harfbuzz-12.0.0/test/api/fonts/AdobeVFPrototype.abc.long_off.otf
harfbuzz-12.0.0/test/api/fonts/AdobeVFPrototype.abc.otf
harfbuzz-12.0.0/test/api/fonts/AdobeVFPrototype.abc.static.otf
harfbuzz-12.0.0/test/api/fonts/AdobeVFPrototype.ac.nohints.otf
harfbuzz-12.0.0/test/api/fonts/AdobeVFPrototype.ac.nosubrs.nohints.otf
harfbuzz-12.0.0/test/api/fonts/AdobeVFPrototype.ac.nosubrs.otf
harfbuzz-12.0.0/test/api/fonts/AdobeVFPrototype.ac.otf
harfbuzz-12.0.0/test/api/fonts/AdobeVFPrototype.ac.retaingids.otf
harfbuzz-12.0.0/test/api/fonts/AdobeVFPrototype_vsindex.otf
harfbuzz-12.0.0/test/api/fonts/COLRv0.extents.ttf
harfbuzz-12.0.0/test/api/fonts/Cantarell.A.otf
harfbuzz-12.0.0/test/api/fonts/Estedad-VF.ttf
harfbuzz-12.0.0/test/api/fonts/Inconsolata-Regular.ab.ttf
harfbuzz-12.0.0/test/api/fonts/Inconsolata-Regular.abc.ttf
harfbuzz-12.0.0/test/api/fonts/Inconsolata-Regular.abc.widerc.ttf
harfbuzz-12.0.0/test/api/fonts/Inconsolata-Regular.ac.ttf
harfbuzz-12.0.0/test/api/fonts/Inconsolata-Regular.ac.widerc.ttf
harfbuzz-12.0.0/test/api/fonts/Mada-VF.ttf
harfbuzz-12.0.0/test/api/fonts/MathTestFontEmpty.otf
harfbuzz-12.0.0/test/api/fonts/MathTestFontFull.otf
harfbuzz-12.0.0/test/api/fonts/MathTestFontNone.otf
harfbuzz-12.0.0/test/api/fonts/MathTestFontPartial1.otf
harfbuzz-12.0.0/test/api/fonts/MathTestFontPartial2.otf
harfbuzz-12.0.0/test/api/fonts/MathTestFontPartial3.otf
harfbuzz-12.0.0/test/api/fonts/MathTestFontPartial4.otf
harfbuzz-12.0.0/test/api/fonts/MathTestFontPretendToBeCambria.ttf
harfbuzz-12.0.0/test/api/fonts/Mplus1p-Regular-cmap4-testing.ttf
harfbuzz-12.0.0/test/api/fonts/Mplus1p-Regular.660E,6975,73E0,5EA6,8F38,6E05.ttf
harfbuzz-12.0.0/test/api/fonts/Mplus1p-Regular.660E.ttf
harfbuzz-12.0.0/test/api/fonts/Mplus1p-Regular.ttf
harfbuzz-12.0.0/test/api/fonts/NotoColorEmoji.cmap.38,AE,2049.ttf
harfbuzz-12.0.0/test/api/fonts/NotoColorEmoji.cmap.ttf
harfbuzz-12.0.0/test/api/fonts/NotoColorEmoji.subset.default.2049.ttf
harfbuzz-12.0.0/test/api/fonts/NotoColorEmoji.subset.default.39.ttf
harfbuzz-12.0.0/test/api/fonts/NotoColorEmoji.subset.index_format3.default.38,AE,2049.ttf
harfbuzz-12.0.0/test/api/fonts/NotoColorEmoji.subset.index_format3.ttf
harfbuzz-12.0.0/test/api/fonts/NotoColorEmoji.subset.multiple_size_tables.default.38,AE,2049.ttf
harfbuzz-12.0.0/test/api/fonts/NotoColorEmoji.subset.multiple_size_tables.ttf
harfbuzz-12.0.0/test/api/fonts/NotoColorEmoji.subset.ttf
harfbuzz-12.0.0/test/api/fonts/NotoNastaliqUrdu-Regular.ttf
harfbuzz-12.0.0/test/api/fonts/NotoSans-Bold.ttf
harfbuzz-12.0.0/test/api/fonts/NotoSansCJKkr-Regular-subset-colon.ttf
harfbuzz-12.0.0/test/api/fonts/OpenSans-Regular.ttf
harfbuzz-12.0.0/test/api/fonts/Qahiri-Regular.ttf
harfbuzz-12.0.0/test/api/fonts/README
harfbuzz-12.0.0/test/api/fonts/RanaKufi-Regular.subset.otf
harfbuzz-12.0.0/test/api/fonts/Roboto-Regular-gpos-.aw.ttf
harfbuzz-12.0.0/test/api/fonts/Roboto-Regular-gpos-aw.ttf
harfbuzz-12.0.0/test/api/fonts/Roboto-Regular.D7,D8,D9,DA,DE.ttf
harfbuzz-12.0.0/test/api/fonts/Roboto-Regular.a.retaingids.ttf
harfbuzz-12.0.0/test/api/fonts/Roboto-Regular.abc.cmap-format12-only.ttf
harfbuzz-12.0.0/test/api/fonts/Roboto-Regular.abc.format12.ttf
harfbuzz-12.0.0/test/api/fonts/Roboto-Regular.abc.format4.ttf
harfbuzz-12.0.0/test/api/fonts/Roboto-Regular.abc.ttf
harfbuzz-12.0.0/test/api/fonts/Roboto-Regular.abcAE.ttf
harfbuzz-12.0.0/test/api/fonts/Roboto-Regular.ac.cmap-format12-only.ttf
harfbuzz-12.0.0/test/api/fonts/Roboto-Regular.ac.nohints.ttf
harfbuzz-12.0.0/test/api/fonts/Roboto-Regular.ac.retaingids.ttf
harfbuzz-12.0.0/test/api/fonts/Roboto-Regular.ac.ttf
harfbuzz-12.0.0/test/api/fonts/Roboto-Regular.b.ttf
harfbuzz-12.0.0/test/api/fonts/Roboto-Regular.bAE.ttf
harfbuzz-12.0.0/test/api/fonts/Roboto-Regular.components.1fc.nohints.ttf
harfbuzz-12.0.0/test/api/fonts/Roboto-Regular.components.subset.ttf
harfbuzz-12.0.0/test/api/fonts/Roboto-Regular.components.ttf
harfbuzz-12.0.0/test/api/fonts/Roboto-Regular.empty.ttf
harfbuzz-12.0.0/test/api/fonts/Roboto-Regular.gsub.fi.ttf
harfbuzz-12.0.0/test/api/fonts/Roboto-Regular.gsub.fil.ttf
harfbuzz-12.0.0/test/api/fonts/Roboto-Regular.multihdmx.a.ttf
harfbuzz-12.0.0/test/api/fonts/Roboto-Regular.multihdmx.abc.ttf
harfbuzz-12.0.0/test/api/fonts/Roboto-Regular.nogsub.fi.ttf
harfbuzz-12.0.0/test/api/fonts/Roboto-Variable.abc.long_loca.ttf
harfbuzz-12.0.0/test/api/fonts/Roboto-Variable.abc.ttf
harfbuzz-12.0.0/test/api/fonts/RocherColorGX.abc.ttf
harfbuzz-12.0.0/test/api/fonts/SourceHanSans-Regular.41,3041,4C2E.otf
harfbuzz-12.0.0/test/api/fonts/SourceHanSans-Regular.41,4C2E.nohints.otf
harfbuzz-12.0.0/test/api/fonts/SourceHanSans-Regular.41,4C2E.nosubrs.nohints.otf
harfbuzz-12.0.0/test/api/fonts/SourceHanSans-Regular.41,4C2E.nosubrs.otf
harfbuzz-12.0.0/test/api/fonts/SourceHanSans-Regular.41,4C2E.otf
harfbuzz-12.0.0/test/api/fonts/SourceHanSans-Regular.41,4C2E.retaingids.otf
harfbuzz-12.0.0/test/api/fonts/SourceSansPro-Regular.abc.long_off.otf
harfbuzz-12.0.0/test/api/fonts/SourceSansPro-Regular.abc.otf
harfbuzz-12.0.0/test/api/fonts/SourceSansPro-Regular.ac.nohints.otf
harfbuzz-12.0.0/test/api/fonts/SourceSansPro-Regular.ac.nosubrs.nohints.otf
harfbuzz-12.0.0/test/api/fonts/SourceSansPro-Regular.ac.nosubrs.otf
harfbuzz-12.0.0/test/api/fonts/SourceSansPro-Regular.ac.otf
harfbuzz-12.0.0/test/api/fonts/SourceSansPro-Regular.ac.retaingids.otf
harfbuzz-12.0.0/test/api/fonts/SourceSansPro-Regular.otf
harfbuzz-12.0.0/test/api/fonts/SourceSansVariable-Roman-modHVAR.abc.ttf
harfbuzz-12.0.0/test/api/fonts/SourceSansVariable-Roman-modHVAR.ac.ttf
harfbuzz-12.0.0/test/api/fonts/SourceSansVariable-Roman-nohvar-41,C1.ttf
harfbuzz-12.0.0/test/api/fonts/SourceSansVariable-Roman.abc.ttf
harfbuzz-12.0.0/test/api/fonts/SourceSansVariable-Roman.ac.retaingids.ttf
harfbuzz-12.0.0/test/api/fonts/SourceSansVariable-Roman.ac.ttf
harfbuzz-12.0.0/test/api/fonts/SourceSansVariable-Roman.anchor.ttf
harfbuzz-12.0.0/test/api/fonts/SourceSansVariable-Roman.modcomp.ttf
harfbuzz-12.0.0/test/api/fonts/SourceSerifVariable-Roman-VVAR.abc.ttf
harfbuzz-12.0.0/test/api/fonts/SourceSerifVariable-Roman-VVAR.ac.retaingids.ttf
harfbuzz-12.0.0/test/api/fonts/SourceSerifVariable-Roman-VVAR.ac.ttf
harfbuzz-12.0.0/test/api/fonts/Stroking.otf
harfbuzz-12.0.0/test/api/fonts/Stroking.ttf
harfbuzz-12.0.0/test/api/fonts/TestCFF2VF.otf
harfbuzz-12.0.0/test/api/fonts/TestGVAREight.ttf
harfbuzz-12.0.0/test/api/fonts/TestGVARFour.ttf
harfbuzz-12.0.0/test/api/fonts/TestGVAROne.ttf
harfbuzz-12.0.0/test/api/fonts/TestGVARThree.ttf
harfbuzz-12.0.0/test/api/fonts/TestGVARTwo.ttf
harfbuzz-12.0.0/test/api/fonts/TwemojiMozilla.subset.default.32,3299.ttf
harfbuzz-12.0.0/test/api/fonts/TwemojiMozilla.subset.default.32.ttf
harfbuzz-12.0.0/test/api/fonts/TwemojiMozilla.subset.default.3297.ttf
harfbuzz-12.0.0/test/api/fonts/TwemojiMozilla.subset.ttf
harfbuzz-12.0.0/test/api/fonts/Zycon.ttf
harfbuzz-12.0.0/test/api/fonts/aat-feat.ttf
harfbuzz-12.0.0/test/api/fonts/aat-morx.ttf
harfbuzz-12.0.0/test/api/fonts/aat-trak.ttf
harfbuzz-12.0.0/test/api/fonts/adwaita.ttf
harfbuzz-12.0.0/test/api/fonts/bad_colrv1.ttf
harfbuzz-12.0.0/test/api/fonts/base-minmax.ttf
harfbuzz-12.0.0/test/api/fonts/base.ttf
harfbuzz-12.0.0/test/api/fonts/base2.ttf
harfbuzz-12.0.0/test/api/fonts/cff1_dotsect.nohints.otf
harfbuzz-12.0.0/test/api/fonts/cff1_dotsect.otf
harfbuzz-12.0.0/test/api/fonts/cff1_expert.2D,F6E9,FB00.otf
harfbuzz-12.0.0/test/api/fonts/cff1_expert.otf
harfbuzz-12.0.0/test/api/fonts/cff1_flex.otf
harfbuzz-12.0.0/test/api/fonts/cff1_seac.C0.otf
harfbuzz-12.0.0/test/api/fonts/cff1_seac.otf
harfbuzz-12.0.0/test/api/fonts/chromacheck-cbdt.ttf
harfbuzz-12.0.0/test/api/fonts/chromacheck-colr.ttf
harfbuzz-12.0.0/test/api/fonts/chromacheck-sbix.ttf
harfbuzz-12.0.0/test/api/fonts/chromacheck-svg.ttf
harfbuzz-12.0.0/test/api/fonts/clusterfuzz-testcase-minimized-hb-shape-fuzzer-5753845452636160
harfbuzz-12.0.0/test/api/fonts/cmunrm.otf
harfbuzz-12.0.0/test/api/fonts/cpal-v0.ttf
harfbuzz-12.0.0/test/api/fonts/cpal-v1.ttf
harfbuzz-12.0.0/test/api/fonts/cv01.otf
harfbuzz-12.0.0/test/api/fonts/glyphs.ttf
harfbuzz-12.0.0/test/api/fonts/meta.ttf
harfbuzz-12.0.0/test/api/fonts/nameID.dup.expected.ttf
harfbuzz-12.0.0/test/api/fonts/nameID.dup.origin.ttf
harfbuzz-12.0.0/test/api/fonts/nameID.expected.ttf
harfbuzz-12.0.0/test/api/fonts/nameID.origin.ttf
harfbuzz-12.0.0/test/api/fonts/nameID.override.expected.ttf
harfbuzz-12.0.0/test/api/fonts/noto_handwriting-cff2_colr_1.otf
harfbuzz-12.0.0/test/api/fonts/notosansitalic.ttf
harfbuzz-12.0.0/test/api/fonts/repacker_expected.otf
harfbuzz-12.0.0/test/api/fonts/sbix.ttf
harfbuzz-12.0.0/test/api/fonts/sbix_X.ttf
harfbuzz-12.0.0/test/api/fonts/test_glyphs-glyf_colr_1.ttf
harfbuzz-12.0.0/test/api/fonts/test_glyphs-glyf_colr_1_variable.ttf
harfbuzz-12.0.0/test/api/fonts/varc-6868.ttf
harfbuzz-12.0.0/test/api/fonts/varc-ac00-ac01.ttf
harfbuzz-12.0.0/test/api/fonts/varc-ac01-conditional.ttf
harfbuzz-12.0.0/test/api/hb-subset-test.h
harfbuzz-12.0.0/test/api/hb-test.h
harfbuzz-12.0.0/test/api/meson.build
harfbuzz-12.0.0/test/api/results-paint/
harfbuzz-12.0.0/test/api/results-paint/bad-154
harfbuzz-12.0.0/test/api/results-paint/hand-10
harfbuzz-12.0.0/test/api/results-paint/hand-10.2
harfbuzz-12.0.0/test/api/results-paint/rocher-1
harfbuzz-12.0.0/test/api/results-paint/rocher-2
harfbuzz-12.0.0/test/api/results-paint/rocher-3
harfbuzz-12.0.0/test/api/results-paint/test-02
harfbuzz-12.0.0/test/api/results-paint/test-10
harfbuzz-12.0.0/test/api/results-paint/test-106
harfbuzz-12.0.0/test/api/results-paint/test-116
harfbuzz-12.0.0/test/api/results-paint/test-123
harfbuzz-12.0.0/test/api/results-paint/test-154
harfbuzz-12.0.0/test/api/results-paint/test-165
harfbuzz-12.0.0/test/api/results-paint/test-175
harfbuzz-12.0.0/test/api/results-paint/test-6
harfbuzz-12.0.0/test/api/results-paint/test-92
harfbuzz-12.0.0/test/api/results-paint/testvf-10
harfbuzz-12.0.0/test/api/results-paint/testvf-106
harfbuzz-12.0.0/test/api/results-paint/testvf-116
harfbuzz-12.0.0/test/api/results-paint/testvf-123
harfbuzz-12.0.0/test/api/results-paint/testvf-154
harfbuzz-12.0.0/test/api/results-paint/testvf-165
harfbuzz-12.0.0/test/api/results-paint/testvf-175
harfbuzz-12.0.0/test/api/results-paint/testvf-6
harfbuzz-12.0.0/test/api/results-paint/testvf-92
harfbuzz-12.0.0/test/api/results-paint/testvf02
harfbuzz-12.0.0/test/api/test-aat-layout.c
harfbuzz-12.0.0/test/api/test-base-minmax.c
harfbuzz-12.0.0/test/api/test-baseline.c
harfbuzz-12.0.0/test/api/test-be-glyph-advance.c
harfbuzz-12.0.0/test/api/test-be-num-glyphs.c
harfbuzz-12.0.0/test/api/test-blob.c
harfbuzz-12.0.0/test/api/test-buffer.c
harfbuzz-12.0.0/test/api/test-c.c
harfbuzz-12.0.0/test/api/test-collect-unicodes.c
harfbuzz-12.0.0/test/api/test-common.c
harfbuzz-12.0.0/test/api/test-coretext.c
harfbuzz-12.0.0/test/api/test-cplusplus.cc
harfbuzz-12.0.0/test/api/test-directwrite.cc
harfbuzz-12.0.0/test/api/test-draw-varc.c
harfbuzz-12.0.0/test/api/test-draw.c
harfbuzz-12.0.0/test/api/test-extents.c
harfbuzz-12.0.0/test/api/test-face.c
harfbuzz-12.0.0/test/api/test-font-scale.c
harfbuzz-12.0.0/test/api/test-font.c
harfbuzz-12.0.0/test/api/test-ft.c
harfbuzz-12.0.0/test/api/test-get-table-tags.c
harfbuzz-12.0.0/test/api/test-glyph-names.c
harfbuzz-12.0.0/test/api/test-instance-cff2.c
harfbuzz-12.0.0/test/api/test-map.c
harfbuzz-12.0.0/test/api/test-multithread.c
harfbuzz-12.0.0/test/api/test-object.c
harfbuzz-12.0.0/test/api/test-ot-alternates.c
harfbuzz-12.0.0/test/api/test-ot-collect-glyphs.c
harfbuzz-12.0.0/test/api/test-ot-color.c
harfbuzz-12.0.0/test/api/test-ot-extents-cff.c
harfbuzz-12.0.0/test/api/test-ot-face.c
harfbuzz-12.0.0/test/api/test-ot-glyphname.c
harfbuzz-12.0.0/test/api/test-ot-layout.c
harfbuzz-12.0.0/test/api/test-ot-ligature-carets.c
harfbuzz-12.0.0/test/api/test-ot-math.c
harfbuzz-12.0.0/test/api/test-ot-meta.c
harfbuzz-12.0.0/test/api/test-ot-metrics-tt-var.c
harfbuzz-12.0.0/test/api/test-ot-metrics.c
harfbuzz-12.0.0/test/api/test-ot-name.c
harfbuzz-12.0.0/test/api/test-ot-tag.c
harfbuzz-12.0.0/test/api/test-paint.c
harfbuzz-12.0.0/test/api/test-set.c
harfbuzz-12.0.0/test/api/test-shape-plan.c
harfbuzz-12.0.0/test/api/test-shape.c
harfbuzz-12.0.0/test/api/test-style.c
harfbuzz-12.0.0/test/api/test-subset-cbdt.c
harfbuzz-12.0.0/test/api/test-subset-cff1.c
harfbuzz-12.0.0/test/api/test-subset-cff2.c
harfbuzz-12.0.0/test/api/test-subset-cmap.c
harfbuzz-12.0.0/test/api/test-subset-colr.c
harfbuzz-12.0.0/test/api/test-subset-drop-tables.c
harfbuzz-12.0.0/test/api/test-subset-glyf.c
harfbuzz-12.0.0/test/api/test-subset-gpos.c
harfbuzz-12.0.0/test/api/test-subset-gvar.c
harfbuzz-12.0.0/test/api/test-subset-hdmx.c
harfbuzz-12.0.0/test/api/test-subset-hmtx.c
harfbuzz-12.0.0/test/api/test-subset-hvar.c
harfbuzz-12.0.0/test/api/test-subset-nameids.c
harfbuzz-12.0.0/test/api/test-subset-os2.c
harfbuzz-12.0.0/test/api/test-subset-post.c
harfbuzz-12.0.0/test/api/test-subset-repacker.c
harfbuzz-12.0.0/test/api/test-subset-sbix.c
harfbuzz-12.0.0/test/api/test-subset-vmtx.c
harfbuzz-12.0.0/test/api/test-subset-vvar.c
harfbuzz-12.0.0/test/api/test-subset.c
harfbuzz-12.0.0/test/api/test-unicode.c
harfbuzz-12.0.0/test/api/test-var-coords.c
harfbuzz-12.0.0/test/api/test-version.c
harfbuzz-12.0.0/test/fuzzing/
harfbuzz-12.0.0/test/fuzzing/README.md
harfbuzz-12.0.0/test/fuzzing/fonts/
harfbuzz-12.0.0/test/fuzzing/fonts/0509e80afb379d16560e9e47bdd7d888bebdebc6
harfbuzz-12.0.0/test/fuzzing/fonts/1746cad6bc3fb2b355db50a5af37c9b58d9ad376
harfbuzz-12.0.0/test/fuzzing/fonts/1a6f1687b7a221f9f2c834b0b360d3c8463b6daf
harfbuzz-12.0.0/test/fuzzing/fonts/205edd09bd3d141cc9580f650109556cc28b22cb
harfbuzz-12.0.0/test/fuzzing/fonts/217a934cfe15c548b572c203dceb2befdf026462
harfbuzz-12.0.0/test/fuzzing/fonts/3511ff5c1647150595846ac414c595cccac34f18
harfbuzz-12.0.0/test/fuzzing/fonts/375d6ae32a3cbe52fbf81a4e5777e3377675d5a3
harfbuzz-12.0.0/test/fuzzing/fonts/43979b90b2dd929723cf4fe1715990bcb9c9a56b
harfbuzz-12.0.0/test/fuzzing/fonts/558661aa659912f4d30ecd27bd09835171a8e2b0
harfbuzz-12.0.0/test/fuzzing/fonts/5a5daf5eb5a4db77a2baa3ad9c7a6ed6e0655fa8
harfbuzz-12.0.0/test/fuzzing/fonts/641bd9db850193064d17575053ae2bf8ec149ddc
harfbuzz-12.0.0/test/fuzzing/fonts/8240789f6d12d4cfc4b5e8e6f246c3701bcf861f
harfbuzz-12.0.0/test/fuzzing/fonts/AdobeVFPrototype.ABC.otf
harfbuzz-12.0.0/test/fuzzing/fonts/NotoColorEmoji.subset.index_format3.ttf
harfbuzz-12.0.0/test/fuzzing/fonts/NotoColorEmoji.subset.multiple_size_tables.ttf
harfbuzz-12.0.0/test/fuzzing/fonts/NotoColorEmoji.subset.ttf
harfbuzz-12.0.0/test/fuzzing/fonts/Roboto-Variable.ABC.ttf
harfbuzz-12.0.0/test/fuzzing/fonts/TwemojiMozilla.subset.ttf
harfbuzz-12.0.0/test/fuzzing/fonts/a34a9191d9376bda419836effeef7e75c1386016
harfbuzz-12.0.0/test/fuzzing/fonts/a69118c2c2ada48ff803d9149daa54c9ebdae30e
harfbuzz-12.0.0/test/fuzzing/fonts/b9e2aaa0d75fcef6971ec3a96d806ba4a6b31fe2
harfbuzz-12.0.0/test/fuzzing/fonts/clusterfuzz-testcase-5517117891805184
harfbuzz-12.0.0/test/fuzzing/fonts/clusterfuzz-testcase-6107935408390144
harfbuzz-12.0.0/test/fuzzing/fonts/clusterfuzz-testcase-harfbuzz_fuzzer-4822416500195328
harfbuzz-12.0.0/test/fuzzing/fonts/clusterfuzz-testcase-harfbuzz_fuzzer-5598263003840512
harfbuzz-12.0.0/test/fuzzing/fonts/clusterfuzz-testcase-harfbuzz_fuzzer-6327734241591296
harfbuzz-12.0.0/test/fuzzing/fonts/clusterfuzz-testcase-hb-fuzzer-4666056377368576
harfbuzz-12.0.0/test/fuzzing/fonts/clusterfuzz-testcase-hb-fuzzer-5662671558934528
harfbuzz-12.0.0/test/fuzzing/fonts/clusterfuzz-testcase-hb-fuzzer-6243458541944832
harfbuzz-12.0.0/test/fuzzing/fonts/clusterfuzz-testcase-hb-fuzzer-6303297511096320
harfbuzz-12.0.0/test/fuzzing/fonts/clusterfuzz-testcase-hb-fuzzer-6696647723581440
harfbuzz-12.0.0/test/fuzzing/fonts/clusterfuzz-testcase-hb-shape-fuzzer-5072750494875648
harfbuzz-12.0.0/test/fuzzing/fonts/clusterfuzz-testcase-hb-shape-fuzzer-5097734906839040
harfbuzz-12.0.0/test/fuzzing/fonts/clusterfuzz-testcase-hb-shape-fuzzer-5446125635633152
harfbuzz-12.0.0/test/fuzzing/fonts/clusterfuzz-testcase-hb-shape-fuzzer-5634395566768128
harfbuzz-12.0.0/test/fuzzing/fonts/clusterfuzz-testcase-hb-shape-fuzzer-5638729035677696
harfbuzz-12.0.0/test/fuzzing/fonts/clusterfuzz-testcase-hb-shape-fuzzer-5643643755429888
harfbuzz-12.0.0/test/fuzzing/fonts/clusterfuzz-testcase-hb-shape-fuzzer-5644258942386176
harfbuzz-12.0.0/test/fuzzing/fonts/clusterfuzz-testcase-hb-shape-fuzzer-5657878543728640
harfbuzz-12.0.0/test/fuzzing/fonts/clusterfuzz-testcase-hb-shape-fuzzer-5680362806575104
harfbuzz-12.0.0/test/fuzzing/fonts/clusterfuzz-testcase-hb-shape-fuzzer-5688420752424960
harfbuzz-12.0.0/test/fuzzing/fonts/clusterfuzz-testcase-hb-shape-fuzzer-5689920685867008
harfbuzz-12.0.0/test/fuzzing/fonts/clusterfuzz-testcase-hb-shape-fuzzer-5728971283496960
harfbuzz-12.0.0/test/fuzzing/fonts/clusterfuzz-testcase-hb-shape-fuzzer-5746142327865344
harfbuzz-12.0.0/test/fuzzing/fonts/clusterfuzz-testcase-hb-shape-fuzzer-5750379279548416
harfbuzz-12.0.0/test/fuzzing/fonts/clusterfuzz-testcase-hb-subset-fuzzer-5508865908670464
harfbuzz-12.0.0/test/fuzzing/fonts/clusterfuzz-testcase-hb-subset-fuzzer-5641053680173056
harfbuzz-12.0.0/test/fuzzing/fonts/clusterfuzz-testcase-hb-subset-fuzzer-5643036478930944
harfbuzz-12.0.0/test/fuzzing/fonts/clusterfuzz-testcase-hb-subset-fuzzer-5686186874503168
harfbuzz-12.0.0/test/fuzzing/fonts/clusterfuzz-testcase-hb-subset-fuzzer-5686749313892352
harfbuzz-12.0.0/test/fuzzing/fonts/clusterfuzz-testcase-hb-subset-fuzzer-5717414645334016
harfbuzz-12.0.0/test/fuzzing/fonts/clusterfuzz-testcase-hb-subset-fuzzer-5756332481708032
harfbuzz-12.0.0/test/fuzzing/fonts/clusterfuzz-testcase-hb-subset-fuzzer-5762137968869376
harfbuzz-12.0.0/test/fuzzing/fonts/clusterfuzz-testcase-hb-subset-fuzzer-5979721620652032
harfbuzz-12.0.0/test/fuzzing/fonts/clusterfuzz-testcase-minimized-4884742786777088
harfbuzz-12.0.0/test/fuzzing/fonts/clusterfuzz-testcase-minimized-5255344882188288
harfbuzz-12.0.0/test/fuzzing/fonts/clusterfuzz-testcase-minimized-5720051798769664
harfbuzz-12.0.0/test/fuzzing/fonts/clusterfuzz-testcase-minimized-5924299061854208
harfbuzz-12.0.0/test/fuzzing/fonts/clusterfuzz-testcase-minimized-6460279560863744
harfbuzz-12.0.0/test/fuzzing/fonts/clusterfuzz-testcase-minimized-harfbuzz_fuzzer-4601449528688640
harfbuzz-12.0.0/test/fuzzing/fonts/clusterfuzz-testcase-minimized-harfbuzz_fuzzer-4684060812378112
harfbuzz-12.0.0/test/fuzzing/fonts/clusterfuzz-testcase-minimized-harfbuzz_fuzzer-4710179695493120
harfbuzz-12.0.0/test/fuzzing/fonts/clusterfuzz-testcase-minimized-harfbuzz_fuzzer-4850271066914816
harfbuzz-12.0.0/test/fuzzing/fonts/clusterfuzz-testcase-minimized-harfbuzz_fuzzer-4977194146988032
harfbuzz-12.0.0/test/fuzzing/fonts/clusterfuzz-testcase-minimized-harfbuzz_fuzzer-5012913062150144
harfbuzz-12.0.0/test/fuzzing/fonts/clusterfuzz-testcase-minimized-harfbuzz_fuzzer-5017946948370432
harfbuzz-12.0.0/test/fuzzing/fonts/clusterfuzz-testcase-minimized-harfbuzz_fuzzer-5093685255077888
harfbuzz-12.0.0/test/fuzzing/fonts/clusterfuzz-testcase-minimized-harfbuzz_fuzzer-5103148350963712
harfbuzz-12.0.0/test/fuzzing/fonts/clusterfuzz-testcase-minimized-harfbuzz_fuzzer-5126525414014976
harfbuzz-12.0.0/test/fuzzing/fonts/clusterfuzz-testcase-minimized-harfbuzz_fuzzer-5151890782027776
harfbuzz-12.0.0/test/fuzzing/fonts/clusterfuzz-testcase-minimized-harfbuzz_fuzzer-5157039562162176
harfbuzz-12.0.0/test/fuzzing/fonts/clusterfuzz-testcase-minimized-harfbuzz_fuzzer-5163560220753920
harfbuzz-12.0.0/test/fuzzing/fonts/clusterfuzz-testcase-minimized-harfbuzz_fuzzer-5166320261529600
harfbuzz-12.0.0/test/fuzzing/fonts/clusterfuzz-testcase-minimized-harfbuzz_fuzzer-5170405903695872
harfbuzz-12.0.0/test/fuzzing/fonts/clusterfuzz-testcase-minimized-harfbuzz_fuzzer-5180622648770560
harfbuzz-12.0.0/test/fuzzing/fonts/clusterfuzz-testcase-minimized-harfbuzz_fuzzer-5221177988743168
harfbuzz-12.0.0/test/fuzzing/fonts/clusterfuzz-testcase-minimized-harfbuzz_fuzzer-5334300410773504
harfbuzz-12.0.0/test/fuzzing/fonts/clusterfuzz-testcase-minimized-harfbuzz_fuzzer-5644474732249088
harfbuzz-12.0.0/test/fuzzing/fonts/clusterfuzz-testcase-minimized-harfbuzz_fuzzer-5659690013556736
harfbuzz-12.0.0/test/fuzzing/fonts/clusterfuzz-testcase-minimized-harfbuzz_fuzzer-5662548265009152
harfbuzz-12.0.0/test/fuzzing/fonts/clusterfuzz-testcase-minimized-harfbuzz_fuzzer-5677289226108928
harfbuzz-12.0.0/test/fuzzing/fonts/clusterfuzz-testcase-minimized-harfbuzz_fuzzer-5702671124791296
harfbuzz-12.0.0/test/fuzzing/fonts/clusterfuzz-testcase-minimized-harfbuzz_fuzzer-5719356528656384
harfbuzz-12.0.0/test/fuzzing/fonts/clusterfuzz-testcase-minimized-harfbuzz_fuzzer-5740518101090304
harfbuzz-12.0.0/test/fuzzing/fonts/clusterfuzz-testcase-minimized-harfbuzz_fuzzer-5748102301614080
harfbuzz-12.0.0/test/fuzzing/fonts/clusterfuzz-testcase-minimized-harfbuzz_fuzzer-5754958982021120
harfbuzz-12.0.0/test/fuzzing/fonts/clusterfuzz-testcase-minimized-harfbuzz_fuzzer-5952939792531456
harfbuzz-12.0.0/test/fuzzing/fonts/clusterfuzz-testcase-minimized-harfbuzz_fuzzer-5973566991106048
harfbuzz-12.0.0/test/fuzzing/fonts/clusterfuzz-testcase-minimized-harfbuzz_fuzzer-6107935408390144
harfbuzz-12.0.0/test/fuzzing/fonts/clusterfuzz-testcase-minimized-harfbuzz_fuzzer-6120104833843200
harfbuzz-12.0.0/test/fuzzing/fonts/clusterfuzz-testcase-minimized-harfbuzz_fuzzer-6128803416637440
harfbuzz-12.0.0/test/fuzzing/fonts/clusterfuzz-testcase-minimized-harfbuzz_fuzzer-6142466903506944
harfbuzz-12.0.0/test/fuzzing/fonts/clusterfuzz-testcase-minimized-harfbuzz_fuzzer-6198448785981440
harfbuzz-12.0.0/test/fuzzing/fonts/clusterfuzz-testcase-minimized-harfbuzz_fuzzer-6223034666713088
harfbuzz-12.0.0/test/fuzzing/fonts/clusterfuzz-testcase-minimized-harfbuzz_fuzzer-6252118652092416
harfbuzz-12.0.0/test/fuzzing/fonts/clusterfuzz-testcase-minimized-harfbuzz_fuzzer-6462232674959360
harfbuzz-12.0.0/test/fuzzing/fonts/clusterfuzz-testcase-minimized-harfbuzz_fuzzer-6600932143136768
harfbuzz-12.0.0/test/fuzzing/fonts/clusterfuzz-testcase-minimized-harfbuzz_fuzzer-6603291950841856
harfbuzz-12.0.0/test/fuzzing/fonts/clusterfuzz-testcase-minimized-harfbuzz_fuzzer-6712347260092416
harfbuzz-12.0.0/test/fuzzing/fonts/clusterfuzz-testcase-minimized-harfbuzz_fuzzer.exe-5470269447340032
harfbuzz-12.0.0/test/fuzzing/fonts/clusterfuzz-testcase-minimized-hb-draw-fuzzer-4856957815619584
harfbuzz-12.0.0/test/fuzzing/fonts/clusterfuzz-testcase-minimized-hb-draw-fuzzer-5088336521986048
harfbuzz-12.0.0/test/fuzzing/fonts/clusterfuzz-testcase-minimized-hb-draw-fuzzer-5103082208493568
harfbuzz-12.0.0/test/fuzzing/fonts/clusterfuzz-testcase-minimized-hb-draw-fuzzer-5641612227772416
harfbuzz-12.0.0/test/fuzzing/fonts/clusterfuzz-testcase-minimized-hb-draw-fuzzer-5667125715927040
harfbuzz-12.0.0/test/fuzzing/fonts/clusterfuzz-testcase-minimized-hb-draw-fuzzer-5668491560747008
harfbuzz-12.0.0/test/fuzzing/fonts/clusterfuzz-testcase-minimized-hb-draw-fuzzer-5681465586352128
harfbuzz-12.0.0/test/fuzzing/fonts/clusterfuzz-testcase-minimized-hb-draw-fuzzer-5686960406659072
harfbuzz-12.0.0/test/fuzzing/fonts/clusterfuzz-testcase-minimized-hb-draw-fuzzer-5692635449524224
harfbuzz-12.0.0/test/fuzzing/fonts/clusterfuzz-testcase-minimized-hb-draw-fuzzer-5703524300357632
harfbuzz-12.0.0/test/fuzzing/fonts/clusterfuzz-testcase-minimized-hb-draw-fuzzer-5712313459146752
harfbuzz-12.0.0/test/fuzzing/fonts/clusterfuzz-testcase-minimized-hb-draw-fuzzer-5750654771658752
harfbuzz-12.0.0/test/fuzzing/fonts/clusterfuzz-testcase-minimized-hb-draw-fuzzer-6231698648596480
harfbuzz-12.0.0/test/fuzzing/fonts/clusterfuzz-testcase-minimized-hb-fuzzer-4523479581851648
harfbuzz-12.0.0/test/fuzzing/fonts/clusterfuzz-testcase-minimized-hb-fuzzer-4535496598355968
harfbuzz-12.0.0/test/fuzzing/fonts/clusterfuzz-testcase-minimized-hb-fuzzer-4548492505645056
harfbuzz-12.0.0/test/fuzzing/fonts/clusterfuzz-testcase-minimized-hb-fuzzer-4595692015190016
harfbuzz-12.0.0/test/fuzzing/fonts/clusterfuzz-testcase-minimized-hb-fuzzer-4687441845813248
harfbuzz-12.0.0/test/fuzzing/fonts/clusterfuzz-testcase-minimized-hb-fuzzer-4706238090706944
harfbuzz-12.0.0/test/fuzzing/fonts/clusterfuzz-testcase-minimized-hb-fuzzer-4769173588672512
harfbuzz-12.0.0/test/fuzzing/fonts/clusterfuzz-testcase-minimized-hb-fuzzer-4827735151083520
harfbuzz-12.0.0/test/fuzzing/fonts/clusterfuzz-testcase-minimized-hb-fuzzer-4841745322868736
harfbuzz-12.0.0/test/fuzzing/fonts/clusterfuzz-testcase-minimized-hb-fuzzer-4884742786777088
harfbuzz-12.0.0/test/fuzzing/fonts/clusterfuzz-testcase-minimized-hb-fuzzer-5216838347653120
harfbuzz-12.0.0/test/fuzzing/fonts/clusterfuzz-testcase-minimized-hb-fuzzer-5255344882188288
harfbuzz-12.0.0/test/fuzzing/fonts/clusterfuzz-testcase-minimized-hb-fuzzer-5294584596791296
harfbuzz-12.0.0/test/fuzzing/fonts/clusterfuzz-testcase-minimized-hb-fuzzer-5303930168803328
harfbuzz-12.0.0/test/fuzzing/fonts/clusterfuzz-testcase-minimized-hb-fuzzer-5331901587914752
harfbuzz-12.0.0/test/fuzzing/fonts/clusterfuzz-testcase-minimized-hb-fuzzer-5388906574905344
harfbuzz-12.0.0/test/fuzzing/fonts/clusterfuzz-testcase-minimized-hb-fuzzer-5517117891805184
harfbuzz-12.0.0/test/fuzzing/fonts/clusterfuzz-testcase-minimized-hb-fuzzer-5617496443846656
harfbuzz-12.0.0/test/fuzzing/fonts/clusterfuzz-testcase-minimized-hb-fuzzer-5672141338968064
harfbuzz-12.0.0/test/fuzzing/fonts/clusterfuzz-testcase-minimized-hb-fuzzer-5700697074958336
harfbuzz-12.0.0/test/fuzzing/fonts/clusterfuzz-testcase-minimized-hb-fuzzer-5713868010553344
harfbuzz-12.0.0/test/fuzzing/fonts/clusterfuzz-testcase-minimized-hb-fuzzer-5720051798769664
harfbuzz-12.0.0/test/fuzzing/fonts/clusterfuzz-testcase-minimized-hb-fuzzer-5924299061854208
harfbuzz-12.0.0/test/fuzzing/fonts/clusterfuzz-testcase-minimized-hb-fuzzer-6023178755244032
harfbuzz-12.0.0/test/fuzzing/fonts/clusterfuzz-testcase-minimized-hb-fuzzer-6111685556305920
harfbuzz-12.0.0/test/fuzzing/fonts/clusterfuzz-testcase-minimized-hb-fuzzer-6160439919509504
harfbuzz-12.0.0/test/fuzzing/fonts/clusterfuzz-testcase-minimized-hb-fuzzer-6210176798425088
harfbuzz-12.0.0/test/fuzzing/fonts/clusterfuzz-testcase-minimized-hb-fuzzer-6260579246276608
harfbuzz-12.0.0/test/fuzzing/fonts/clusterfuzz-testcase-minimized-hb-fuzzer-6264625609834496
harfbuzz-12.0.0/test/fuzzing/fonts/clusterfuzz-testcase-minimized-hb-fuzzer-6278851874258944
harfbuzz-12.0.0/test/fuzzing/fonts/clusterfuzz-testcase-minimized-hb-fuzzer-6424351550210048
harfbuzz-12.0.0/test/fuzzing/fonts/clusterfuzz-testcase-minimized-hb-fuzzer-6460279560863744
harfbuzz-12.0.0/test/fuzzing/fonts/clusterfuzz-testcase-minimized-hb-fuzzer-6576177596596224
harfbuzz-12.0.0/test/fuzzing/fonts/clusterfuzz-testcase-minimized-hb-fuzzer-6595199411159040
harfbuzz-12.0.0/test/fuzzing/fonts/clusterfuzz-testcase-minimized-hb-fuzzer-6624904746106880
harfbuzz-12.0.0/test/fuzzing/fonts/clusterfuzz-testcase-minimized-hb-fuzzer-6723367514144768
harfbuzz-12.0.0/test/fuzzing/fonts/clusterfuzz-testcase-minimized-hb-repacker-fuzzer-4579249263345664
harfbuzz-12.0.0/test/fuzzing/fonts/clusterfuzz-testcase-minimized-hb-repacker-fuzzer-4877513265119232
harfbuzz-12.0.0/test/fuzzing/fonts/clusterfuzz-testcase-minimized-hb-repacker-fuzzer-6490945267564544
harfbuzz-12.0.0/test/fuzzing/fonts/clusterfuzz-testcase-minimized-hb-repacker-fuzzer-6697168080338944
harfbuzz-12.0.0/test/fuzzing/fonts/clusterfuzz-testcase-minimized-hb-set-fuzzer-6255224052514816
harfbuzz-12.0.0/test/fuzzing/fonts/clusterfuzz-testcase-minimized-hb-shape-fuzzer-4523349576908800
harfbuzz-12.0.0/test/fuzzing/fonts/clusterfuzz-testcase-minimized-hb-shape-fuzzer-4787105656864768
harfbuzz-12.0.0/test/fuzzing/fonts/clusterfuzz-testcase-minimized-hb-shape-fuzzer-5061207689134080
harfbuzz-12.0.0/test/fuzzing/fonts/clusterfuzz-testcase-minimized-hb-shape-fuzzer-5114131137822720
harfbuzz-12.0.0/test/fuzzing/fonts/clusterfuzz-testcase-minimized-hb-shape-fuzzer-5138182937772032
harfbuzz-12.0.0/test/fuzzing/fonts/clusterfuzz-testcase-minimized-hb-shape-fuzzer-5154718402215936
harfbuzz-12.0.0/test/fuzzing/fonts/clusterfuzz-testcase-minimized-hb-shape-fuzzer-5158673602314240
harfbuzz-12.0.0/test/fuzzing/fonts/clusterfuzz-testcase-minimized-hb-shape-fuzzer-5175735354916864
harfbuzz-12.0.0/test/fuzzing/fonts/clusterfuzz-testcase-minimized-hb-shape-fuzzer-5196560812474368
harfbuzz-12.0.0/test/fuzzing/fonts/clusterfuzz-testcase-minimized-hb-shape-fuzzer-5349416110784512
harfbuzz-12.0.0/test/fuzzing/fonts/clusterfuzz-testcase-minimized-hb-shape-fuzzer-5629524117553152
harfbuzz-12.0.0/test/fuzzing/fonts/clusterfuzz-testcase-minimized-hb-shape-fuzzer-5630246225707008
harfbuzz-12.0.0/test/fuzzing/fonts/clusterfuzz-testcase-minimized-hb-shape-fuzzer-5631444412530688
harfbuzz-12.0.0/test/fuzzing/fonts/clusterfuzz-testcase-minimized-hb-shape-fuzzer-5632586529898496
harfbuzz-12.0.0/test/fuzzing/fonts/clusterfuzz-testcase-minimized-hb-shape-fuzzer-5633985665826816
harfbuzz-12.0.0/test/fuzzing/fonts/clusterfuzz-testcase-minimized-hb-shape-fuzzer-5634443633491968
harfbuzz-12.0.0/test/fuzzing/fonts/clusterfuzz-testcase-minimized-hb-shape-fuzzer-5634620935110656
harfbuzz-12.0.0/test/fuzzing/fonts/clusterfuzz-testcase-minimized-hb-shape-fuzzer-5635082459545600
harfbuzz-12.0.0/test/fuzzing/fonts/clusterfuzz-testcase-minimized-hb-shape-fuzzer-5642666339991552
harfbuzz-12.0.0/test/fuzzing/fonts/clusterfuzz-testcase-minimized-hb-shape-fuzzer-5642899625082880
harfbuzz-12.0.0/test/fuzzing/fonts/clusterfuzz-testcase-minimized-hb-shape-fuzzer-5647267827023872
harfbuzz-12.0.0/test/fuzzing/fonts/clusterfuzz-testcase-minimized-hb-shape-fuzzer-5648999235715072
harfbuzz-12.0.0/test/fuzzing/fonts/clusterfuzz-testcase-minimized-hb-shape-fuzzer-5649959857160192
harfbuzz-12.0.0/test/fuzzing/fonts/clusterfuzz-testcase-minimized-hb-shape-fuzzer-5650286710882304
harfbuzz-12.0.0/test/fuzzing/fonts/clusterfuzz-testcase-minimized-hb-shape-fuzzer-5652019562414080
harfbuzz-12.0.0/test/fuzzing/fonts/clusterfuzz-testcase-minimized-hb-shape-fuzzer-5652700541222912
harfbuzz-12.0.0/test/fuzzing/fonts/clusterfuzz-testcase-minimized-hb-shape-fuzzer-5656511058018304
harfbuzz-12.0.0/test/fuzzing/fonts/clusterfuzz-testcase-minimized-hb-shape-fuzzer-5658272078495744
harfbuzz-12.0.0/test/fuzzing/fonts/clusterfuzz-testcase-minimized-hb-shape-fuzzer-5659641787187200
harfbuzz-12.0.0/test/fuzzing/fonts/clusterfuzz-testcase-minimized-hb-shape-fuzzer-5664873493561344
harfbuzz-12.0.0/test/fuzzing/fonts/clusterfuzz-testcase-minimized-hb-shape-fuzzer-5666162551029760
harfbuzz-12.0.0/test/fuzzing/fonts/clusterfuzz-testcase-minimized-hb-shape-fuzzer-5667182741028864
harfbuzz-12.0.0/test/fuzzing/fonts/clusterfuzz-testcase-minimized-hb-shape-fuzzer-5668791174823936
harfbuzz-12.0.0/test/fuzzing/fonts/clusterfuzz-testcase-minimized-hb-shape-fuzzer-5672261407735808
harfbuzz-12.0.0/test/fuzzing/fonts/clusterfuzz-testcase-minimized-hb-shape-fuzzer-5674361600606208
harfbuzz-12.0.0/test/fuzzing/fonts/clusterfuzz-testcase-minimized-hb-shape-fuzzer-5677421274071040
harfbuzz-12.0.0/test/fuzzing/fonts/clusterfuzz-testcase-minimized-hb-shape-fuzzer-5679244475105280
harfbuzz-12.0.0/test/fuzzing/fonts/clusterfuzz-testcase-minimized-hb-shape-fuzzer-5685596677210112
harfbuzz-12.0.0/test/fuzzing/fonts/clusterfuzz-testcase-minimized-hb-shape-fuzzer-5686369209286656
harfbuzz-12.0.0/test/fuzzing/fonts/clusterfuzz-testcase-minimized-hb-shape-fuzzer-5688420752424960
harfbuzz-12.0.0/test/fuzzing/fonts/clusterfuzz-testcase-minimized-hb-shape-fuzzer-5691469793329152
harfbuzz-12.0.0/test/fuzzing/fonts/clusterfuzz-testcase-minimized-hb-shape-fuzzer-5695615258853376
harfbuzz-12.0.0/test/fuzzing/fonts/clusterfuzz-testcase-minimized-hb-shape-fuzzer-5696686572175360
harfbuzz-12.0.0/test/fuzzing/fonts/clusterfuzz-testcase-minimized-hb-shape-fuzzer-5700264032468992
harfbuzz-12.0.0/test/fuzzing/fonts/clusterfuzz-testcase-minimized-hb-shape-fuzzer-5706010589659136
harfbuzz-12.0.0/test/fuzzing/fonts/clusterfuzz-testcase-minimized-hb-shape-fuzzer-5711096049041408
harfbuzz-12.0.0/test/fuzzing/fonts/clusterfuzz-testcase-minimized-hb-shape-fuzzer-5711472756260864
harfbuzz-12.0.0/test/fuzzing/fonts/clusterfuzz-testcase-minimized-hb-shape-fuzzer-5712050577211392
harfbuzz-12.0.0/test/fuzzing/fonts/clusterfuzz-testcase-minimized-hb-shape-fuzzer-5716208469409792
harfbuzz-12.0.0/test/fuzzing/fonts/clusterfuzz-testcase-minimized-hb-shape-fuzzer-5718464350650368
harfbuzz-12.0.0/test/fuzzing/fonts/clusterfuzz-testcase-minimized-hb-shape-fuzzer-5718889451749376
harfbuzz-12.0.0/test/fuzzing/fonts/clusterfuzz-testcase-minimized-hb-shape-fuzzer-5719982789361664
harfbuzz-12.0.0/test/fuzzing/fonts/clusterfuzz-testcase-minimized-hb-shape-fuzzer-5722888989048832
harfbuzz-12.0.0/test/fuzzing/fonts/clusterfuzz-testcase-minimized-hb-shape-fuzzer-5725129603022848
harfbuzz-12.0.0/test/fuzzing/fonts/clusterfuzz-testcase-minimized-hb-shape-fuzzer-5725855502827520
harfbuzz-12.0.0/test/fuzzing/fonts/clusterfuzz-testcase-minimized-hb-shape-fuzzer-5726089628876800
harfbuzz-12.0.0/test/fuzzing/fonts/clusterfuzz-testcase-minimized-hb-shape-fuzzer-5729361857085440
harfbuzz-12.0.0/test/fuzzing/fonts/clusterfuzz-testcase-minimized-hb-shape-fuzzer-5733166795456512
harfbuzz-12.0.0/test/fuzzing/fonts/clusterfuzz-testcase-minimized-hb-shape-fuzzer-5734736291430400
harfbuzz-12.0.0/test/fuzzing/fonts/clusterfuzz-testcase-minimized-hb-shape-fuzzer-5735679418433536
harfbuzz-12.0.0/test/fuzzing/fonts/clusterfuzz-testcase-minimized-hb-shape-fuzzer-5736657639178240
harfbuzz-12.0.0/test/fuzzing/fonts/clusterfuzz-testcase-minimized-hb-shape-fuzzer-5738888765636608
harfbuzz-12.0.0/test/fuzzing/fonts/clusterfuzz-testcase-minimized-hb-shape-fuzzer-5740171484463104
harfbuzz-12.0.0/test/fuzzing/fonts/clusterfuzz-testcase-minimized-hb-shape-fuzzer-5742079188140032
harfbuzz-12.0.0/test/fuzzing/fonts/clusterfuzz-testcase-minimized-hb-shape-fuzzer-5749627240841216
harfbuzz-12.0.0/test/fuzzing/fonts/clusterfuzz-testcase-minimized-hb-shape-fuzzer-5750379279548416
harfbuzz-12.0.0/test/fuzzing/fonts/clusterfuzz-testcase-minimized-hb-shape-fuzzer-5754863779053568
harfbuzz-12.0.0/test/fuzzing/fonts/clusterfuzz-testcase-minimized-hb-shape-fuzzer-5762490181353472
harfbuzz-12.0.0/test/fuzzing/fonts/clusterfuzz-testcase-minimized-hb-shape-fuzzer-5762953198960640
harfbuzz-12.0.0/test/fuzzing/fonts/clusterfuzz-testcase-minimized-hb-shape-fuzzer-5764636557705216
harfbuzz-12.0.0/test/fuzzing/fonts/clusterfuzz-testcase-minimized-hb-shape-fuzzer-5768046065483776
harfbuzz-12.0.0/test/fuzzing/fonts/clusterfuzz-testcase-minimized-hb-shape-fuzzer-5768601332613120
harfbuzz-12.0.0/test/fuzzing/fonts/clusterfuzz-testcase-minimized-hb-shape-fuzzer-5769590820044800
harfbuzz-12.0.0/test/fuzzing/fonts/clusterfuzz-testcase-minimized-hb-shape-fuzzer-5965759719538688
harfbuzz-12.0.0/test/fuzzing/fonts/clusterfuzz-testcase-minimized-hb-shape-fuzzer-6306977171374080
harfbuzz-12.0.0/test/fuzzing/fonts/clusterfuzz-testcase-minimized-hb-shape-fuzzer-6377756666757120
harfbuzz-12.0.0/test/fuzzing/fonts/clusterfuzz-testcase-minimized-hb-shape-fuzzer-6399443634290688
harfbuzz-12.0.0/test/fuzzing/fonts/clusterfuzz-testcase-minimized-hb-shape-fuzzer-6635625931735040
harfbuzz-12.0.0/test/fuzzing/fonts/clusterfuzz-testcase-minimized-hb-subset-fuzzer-4549472192692224
harfbuzz-12.0.0/test/fuzzing/fonts/clusterfuzz-testcase-minimized-hb-subset-fuzzer-4549523149553664
harfbuzz-12.0.0/test/fuzzing/fonts/clusterfuzz-testcase-minimized-hb-subset-fuzzer-4552226966994944
harfbuzz-12.0.0/test/fuzzing/fonts/clusterfuzz-testcase-minimized-hb-subset-fuzzer-4575222591520768
harfbuzz-12.0.0/test/fuzzing/fonts/clusterfuzz-testcase-minimized-hb-subset-fuzzer-4681956043390976
harfbuzz-12.0.0/test/fuzzing/fonts/clusterfuzz-testcase-minimized-hb-subset-fuzzer-4801020053291008
harfbuzz-12.0.0/test/fuzzing/fonts/clusterfuzz-testcase-minimized-hb-subset-fuzzer-4875306193518592.fuzz
harfbuzz-12.0.0/test/fuzzing/fonts/clusterfuzz-testcase-minimized-hb-subset-fuzzer-4877336988483584
harfbuzz-12.0.0/test/fuzzing/fonts/clusterfuzz-testcase-minimized-hb-subset-fuzzer-4880059756969984
harfbuzz-12.0.0/test/fuzzing/fonts/clusterfuzz-testcase-minimized-hb-subset-fuzzer-4901143794810880
harfbuzz-12.0.0/test/fuzzing/fonts/clusterfuzz-testcase-minimized-hb-subset-fuzzer-4916785942757376
harfbuzz-12.0.0/test/fuzzing/fonts/clusterfuzz-testcase-minimized-hb-subset-fuzzer-4961171477233664
harfbuzz-12.0.0/test/fuzzing/fonts/clusterfuzz-testcase-minimized-hb-subset-fuzzer-4979711393005568
harfbuzz-12.0.0/test/fuzzing/fonts/clusterfuzz-testcase-minimized-hb-subset-fuzzer-5001604901240832
harfbuzz-12.0.0/test/fuzzing/fonts/clusterfuzz-testcase-minimized-hb-subset-fuzzer-5029952234586112
harfbuzz-12.0.0/test/fuzzing/fonts/clusterfuzz-testcase-minimized-hb-subset-fuzzer-5041767803125760
harfbuzz-12.0.0/test/fuzzing/fonts/clusterfuzz-testcase-minimized-hb-subset-fuzzer-5067936541179904
harfbuzz-12.0.0/test/fuzzing/fonts/clusterfuzz-testcase-minimized-hb-subset-fuzzer-5072358514753536
harfbuzz-12.0.0/test/fuzzing/fonts/clusterfuzz-testcase-minimized-hb-subset-fuzzer-5077547978588160
harfbuzz-12.0.0/test/fuzzing/fonts/clusterfuzz-testcase-minimized-hb-subset-fuzzer-5120246288875520
harfbuzz-12.0.0/test/fuzzing/fonts/clusterfuzz-testcase-minimized-hb-subset-fuzzer-5121706490593280
harfbuzz-12.0.0/test/fuzzing/fonts/clusterfuzz-testcase-minimized-hb-subset-fuzzer-5127321313476608
harfbuzz-12.0.0/test/fuzzing/fonts/clusterfuzz-testcase-minimized-hb-subset-fuzzer-5137462782066688
harfbuzz-12.0.0/test/fuzzing/fonts/clusterfuzz-testcase-minimized-hb-subset-fuzzer-5141317848530944.fuzz
harfbuzz-12.0.0/test/fuzzing/fonts/clusterfuzz-testcase-minimized-hb-subset-fuzzer-5145429829877760
harfbuzz-12.0.0/test/fuzzing/fonts/clusterfuzz-testcase-minimized-hb-subset-fuzzer-5148388450631680
harfbuzz-12.0.0/test/fuzzing/fonts/clusterfuzz-testcase-minimized-hb-subset-fuzzer-5160311461511168
harfbuzz-12.0.0/test/fuzzing/fonts/clusterfuzz-testcase-minimized-hb-subset-fuzzer-5167653459329024
harfbuzz-12.0.0/test/fuzzing/fonts/clusterfuzz-testcase-minimized-hb-subset-fuzzer-5169035432165376
harfbuzz-12.0.0/test/fuzzing/fonts/clusterfuzz-testcase-minimized-hb-subset-fuzzer-5179935334465536
harfbuzz-12.0.0/test/fuzzing/fonts/clusterfuzz-testcase-minimized-hb-subset-fuzzer-5181909018345472
harfbuzz-12.0.0/test/fuzzing/fonts/clusterfuzz-testcase-minimized-hb-subset-fuzzer-5191907895279616
harfbuzz-12.0.0/test/fuzzing/fonts/clusterfuzz-testcase-minimized-hb-subset-fuzzer-5192684970311680
harfbuzz-12.0.0/test/fuzzing/fonts/clusterfuzz-testcase-minimized-hb-subset-fuzzer-5205038086094848
harfbuzz-12.0.0/test/fuzzing/fonts/clusterfuzz-testcase-minimized-hb-subset-fuzzer-5206191479455744
harfbuzz-12.0.0/test/fuzzing/fonts/clusterfuzz-testcase-minimized-hb-subset-fuzzer-5229304507138048
harfbuzz-12.0.0/test/fuzzing/fonts/clusterfuzz-testcase-minimized-hb-subset-fuzzer-5234369031176192
harfbuzz-12.0.0/test/fuzzing/fonts/clusterfuzz-testcase-minimized-hb-subset-fuzzer-5241922561114112
harfbuzz-12.0.0/test/fuzzing/fonts/clusterfuzz-testcase-minimized-hb-subset-fuzzer-5250795600740352
harfbuzz-12.0.0/test/fuzzing/fonts/clusterfuzz-testcase-minimized-hb-subset-fuzzer-5269686781607936
harfbuzz-12.0.0/test/fuzzing/fonts/clusterfuzz-testcase-minimized-hb-subset-fuzzer-5291661985120256
harfbuzz-12.0.0/test/fuzzing/fonts/clusterfuzz-testcase-minimized-hb-subset-fuzzer-5345734743031808
harfbuzz-12.0.0/test/fuzzing/fonts/clusterfuzz-testcase-minimized-hb-subset-fuzzer-5359635656605696
harfbuzz-12.0.0/test/fuzzing/fonts/clusterfuzz-testcase-minimized-hb-subset-fuzzer-5362189182566400
harfbuzz-12.0.0/test/fuzzing/fonts/clusterfuzz-testcase-minimized-hb-subset-fuzzer-5363902507515904
harfbuzz-12.0.0/test/fuzzing/fonts/clusterfuzz-testcase-minimized-hb-subset-fuzzer-5388270411579392
harfbuzz-12.0.0/test/fuzzing/fonts/clusterfuzz-testcase-minimized-hb-subset-fuzzer-5416421032067072
harfbuzz-12.0.0/test/fuzzing/fonts/clusterfuzz-testcase-minimized-hb-subset-fuzzer-5417800474165248
harfbuzz-12.0.0/test/fuzzing/fonts/clusterfuzz-testcase-minimized-hb-subset-fuzzer-5417934246772736
harfbuzz-12.0.0/test/fuzzing/fonts/clusterfuzz-testcase-minimized-hb-subset-fuzzer-5419002026131456
harfbuzz-12.0.0/test/fuzzing/fonts/clusterfuzz-testcase-minimized-hb-subset-fuzzer-5422577634377728
harfbuzz-12.0.0/test/fuzzing/fonts/clusterfuzz-testcase-minimized-hb-subset-fuzzer-5443213648330752
harfbuzz-12.0.0/test/fuzzing/fonts/clusterfuzz-testcase-minimized-hb-subset-fuzzer-5458896606855168
harfbuzz-12.0.0/test/fuzzing/fonts/clusterfuzz-testcase-minimized-hb-subset-fuzzer-5521982557782016
harfbuzz-12.0.0/test/fuzzing/fonts/clusterfuzz-testcase-minimized-hb-subset-fuzzer-5522792714993664
harfbuzz-12.0.0/test/fuzzing/fonts/clusterfuzz-testcase-minimized-hb-subset-fuzzer-5542653037903872
harfbuzz-12.0.0/test/fuzzing/fonts/clusterfuzz-testcase-minimized-hb-subset-fuzzer-5549945449480192
harfbuzz-12.0.0/test/fuzzing/fonts/clusterfuzz-testcase-minimized-hb-subset-fuzzer-5568200165687296
harfbuzz-12.0.0/test/fuzzing/fonts/clusterfuzz-testcase-minimized-hb-subset-fuzzer-5609112151916544
harfbuzz-12.0.0/test/fuzzing/fonts/clusterfuzz-testcase-minimized-hb-subset-fuzzer-5609911946838016
harfbuzz-12.0.0/test/fuzzing/fonts/clusterfuzz-testcase-minimized-hb-subset-fuzzer-5616763250278400
harfbuzz-12.0.0/test/fuzzing/fonts/clusterfuzz-testcase-minimized-hb-subset-fuzzer-5617065093365760
harfbuzz-12.0.0/test/fuzzing/fonts/clusterfuzz-testcase-minimized-hb-subset-fuzzer-5629878397829120
harfbuzz-12.0.0/test/fuzzing/fonts/clusterfuzz-testcase-minimized-hb-subset-fuzzer-5634197349203968
harfbuzz-12.0.0/test/fuzzing/fonts/clusterfuzz-testcase-minimized-hb-subset-fuzzer-5640452927127552
harfbuzz-12.0.0/test/fuzzing/fonts/clusterfuzz-testcase-minimized-hb-subset-fuzzer-5640889218629632
harfbuzz-12.0.0/test/fuzzing/fonts/clusterfuzz-testcase-minimized-hb-subset-fuzzer-5641053680173056
harfbuzz-12.0.0/test/fuzzing/fonts/clusterfuzz-testcase-minimized-hb-subset-fuzzer-5641370503217152
harfbuzz-12.0.0/test/fuzzing/fonts/clusterfuzz-testcase-minimized-hb-subset-fuzzer-5641892164009984
harfbuzz-12.0.0/test/fuzzing/fonts/clusterfuzz-testcase-minimized-hb-subset-fuzzer-5642531954229248
harfbuzz-12.0.0/test/fuzzing/fonts/clusterfuzz-testcase-minimized-hb-subset-fuzzer-5643107869917184
harfbuzz-12.0.0/test/fuzzing/fonts/clusterfuzz-testcase-minimized-hb-subset-fuzzer-5650879734874112
harfbuzz-12.0.0/test/fuzzing/fonts/clusterfuzz-testcase-minimized-hb-subset-fuzzer-5651059347816448
harfbuzz-12.0.0/test/fuzzing/fonts/clusterfuzz-testcase-minimized-hb-subset-fuzzer-5659903036751872
harfbuzz-12.0.0/test/fuzzing/fonts/clusterfuzz-testcase-minimized-hb-subset-fuzzer-5660711141769216
harfbuzz-12.0.0/test/fuzzing/fonts/clusterfuzz-testcase-minimized-hb-subset-fuzzer-5661567174311936
harfbuzz-12.0.0/test/fuzzing/fonts/clusterfuzz-testcase-minimized-hb-subset-fuzzer-5662792105590784
harfbuzz-12.0.0/test/fuzzing/fonts/clusterfuzz-testcase-minimized-hb-subset-fuzzer-5667673584697344
harfbuzz-12.0.0/test/fuzzing/fonts/clusterfuzz-testcase-minimized-hb-subset-fuzzer-5669437462544384
harfbuzz-12.0.0/test/fuzzing/fonts/clusterfuzz-testcase-minimized-hb-subset-fuzzer-5670861909524480
harfbuzz-12.0.0/test/fuzzing/fonts/clusterfuzz-testcase-minimized-hb-subset-fuzzer-5672006905757696
harfbuzz-12.0.0/test/fuzzing/fonts/clusterfuzz-testcase-minimized-hb-subset-fuzzer-5672913680728064
harfbuzz-12.0.0/test/fuzzing/fonts/clusterfuzz-testcase-minimized-hb-subset-fuzzer-5674228796358656
harfbuzz-12.0.0/test/fuzzing/fonts/clusterfuzz-testcase-minimized-hb-subset-fuzzer-5675720390475776
harfbuzz-12.0.0/test/fuzzing/fonts/clusterfuzz-testcase-minimized-hb-subset-fuzzer-5676773460672512
harfbuzz-12.0.0/test/fuzzing/fonts/clusterfuzz-testcase-minimized-hb-subset-fuzzer-5677906231033856
harfbuzz-12.0.0/test/fuzzing/fonts/clusterfuzz-testcase-minimized-hb-subset-fuzzer-5678476148867072
harfbuzz-12.0.0/test/fuzzing/fonts/clusterfuzz-testcase-minimized-hb-subset-fuzzer-5680398559870976
harfbuzz-12.0.0/test/fuzzing/fonts/clusterfuzz-testcase-minimized-hb-subset-fuzzer-5684014636859392
harfbuzz-12.0.0/test/fuzzing/fonts/clusterfuzz-testcase-minimized-hb-subset-fuzzer-5684542900535296
harfbuzz-12.0.0/test/fuzzing/fonts/clusterfuzz-testcase-minimized-hb-subset-fuzzer-5685097303375872
harfbuzz-12.0.0/test/fuzzing/fonts/clusterfuzz-testcase-minimized-hb-subset-fuzzer-5689082504806400
harfbuzz-12.0.0/test/fuzzing/fonts/clusterfuzz-testcase-minimized-hb-subset-fuzzer-5690658895953920
harfbuzz-12.0.0/test/fuzzing/fonts/clusterfuzz-testcase-minimized-hb-subset-fuzzer-5693568490012672
harfbuzz-12.0.0/test/fuzzing/fonts/clusterfuzz-testcase-minimized-hb-subset-fuzzer-5695279609675776
harfbuzz-12.0.0/test/fuzzing/fonts/clusterfuzz-testcase-minimized-hb-subset-fuzzer-5695865298092032
harfbuzz-12.0.0/test/fuzzing/fonts/clusterfuzz-testcase-minimized-hb-subset-fuzzer-5695925913911296
harfbuzz-12.0.0/test/fuzzing/fonts/clusterfuzz-testcase-minimized-hb-subset-fuzzer-5696607199166464
harfbuzz-12.0.0/test/fuzzing/fonts/clusterfuzz-testcase-minimized-hb-subset-fuzzer-5696825891225600
harfbuzz-12.0.0/test/fuzzing/fonts/clusterfuzz-testcase-minimized-hb-subset-fuzzer-5697351339999232
harfbuzz-12.0.0/test/fuzzing/fonts/clusterfuzz-testcase-minimized-hb-subset-fuzzer-5704307501694976
harfbuzz-12.0.0/test/fuzzing/fonts/clusterfuzz-testcase-minimized-hb-subset-fuzzer-5707809174585344
harfbuzz-12.0.0/test/fuzzing/fonts/clusterfuzz-testcase-minimized-hb-subset-fuzzer-5708063625969664
harfbuzz-12.0.0/test/fuzzing/fonts/clusterfuzz-testcase-minimized-hb-subset-fuzzer-5708623339323392
harfbuzz-12.0.0/test/fuzzing/fonts/clusterfuzz-testcase-minimized-hb-subset-fuzzer-5708764082864128
harfbuzz-12.0.0/test/fuzzing/fonts/clusterfuzz-testcase-minimized-hb-subset-fuzzer-5710107829075968
harfbuzz-12.0.0/test/fuzzing/fonts/clusterfuzz-testcase-minimized-hb-subset-fuzzer-5711849555755008
harfbuzz-12.0.0/test/fuzzing/fonts/clusterfuzz-testcase-minimized-hb-subset-fuzzer-5711951464759296
harfbuzz-12.0.0/test/fuzzing/fonts/clusterfuzz-testcase-minimized-hb-subset-fuzzer-5713850117914624
harfbuzz-12.0.0/test/fuzzing/fonts/clusterfuzz-testcase-minimized-hb-subset-fuzzer-5715299773186048
harfbuzz-12.0.0/test/fuzzing/fonts/clusterfuzz-testcase-minimized-hb-subset-fuzzer-5715464591376384
harfbuzz-12.0.0/test/fuzzing/fonts/clusterfuzz-testcase-minimized-hb-subset-fuzzer-5716947896893440
harfbuzz-12.0.0/test/fuzzing/fonts/clusterfuzz-testcase-minimized-hb-subset-fuzzer-5718215406125056
harfbuzz-12.0.0/test/fuzzing/fonts/clusterfuzz-testcase-minimized-hb-subset-fuzzer-5719588814979072
harfbuzz-12.0.0/test/fuzzing/fonts/clusterfuzz-testcase-minimized-hb-subset-fuzzer-5721073428987904
harfbuzz-12.0.0/test/fuzzing/fonts/clusterfuzz-testcase-minimized-hb-subset-fuzzer-5725847365877760
harfbuzz-12.0.0/test/fuzzing/fonts/clusterfuzz-testcase-minimized-hb-subset-fuzzer-5728664968232960
harfbuzz-12.0.0/test/fuzzing/fonts/clusterfuzz-testcase-minimized-hb-subset-fuzzer-5733203291144192
harfbuzz-12.0.0/test/fuzzing/fonts/clusterfuzz-testcase-minimized-hb-subset-fuzzer-5735719311507456
harfbuzz-12.0.0/test/fuzzing/fonts/clusterfuzz-testcase-minimized-hb-subset-fuzzer-5738978499624960
harfbuzz-12.0.0/test/fuzzing/fonts/clusterfuzz-testcase-minimized-hb-subset-fuzzer-5739000398086144
harfbuzz-12.0.0/test/fuzzing/fonts/clusterfuzz-testcase-minimized-hb-subset-fuzzer-5741735372914688
harfbuzz-12.0.0/test/fuzzing/fonts/clusterfuzz-testcase-minimized-hb-subset-fuzzer-5743250149736448
harfbuzz-12.0.0/test/fuzzing/fonts/clusterfuzz-testcase-minimized-hb-subset-fuzzer-5745268385906688
harfbuzz-12.0.0/test/fuzzing/fonts/clusterfuzz-testcase-minimized-hb-subset-fuzzer-5747028458209280
harfbuzz-12.0.0/test/fuzzing/fonts/clusterfuzz-testcase-minimized-hb-subset-fuzzer-5747265633779712
harfbuzz-12.0.0/test/fuzzing/fonts/clusterfuzz-testcase-minimized-hb-subset-fuzzer-5747280156295168
harfbuzz-12.0.0/test/fuzzing/fonts/clusterfuzz-testcase-minimized-hb-subset-fuzzer-5750092395970560
harfbuzz-12.0.0/test/fuzzing/fonts/clusterfuzz-testcase-minimized-hb-subset-fuzzer-5750420593442816
harfbuzz-12.0.0/test/fuzzing/fonts/clusterfuzz-testcase-minimized-hb-subset-fuzzer-5753173985984512
harfbuzz-12.0.0/test/fuzzing/fonts/clusterfuzz-testcase-minimized-hb-subset-fuzzer-5754526379802624
harfbuzz-12.0.0/test/fuzzing/fonts/clusterfuzz-testcase-minimized-hb-subset-fuzzer-5756658848890880
harfbuzz-12.0.0/test/fuzzing/fonts/clusterfuzz-testcase-minimized-hb-subset-fuzzer-5758358618898432
harfbuzz-12.0.0/test/fuzzing/fonts/clusterfuzz-testcase-minimized-hb-subset-fuzzer-5758598970343424
harfbuzz-12.0.0/test/fuzzing/fonts/clusterfuzz-testcase-minimized-hb-subset-fuzzer-5759725666041856
harfbuzz-12.0.0/test/fuzzing/fonts/clusterfuzz-testcase-minimized-hb-subset-fuzzer-5759783999635456
harfbuzz-12.0.0/test/fuzzing/fonts/clusterfuzz-testcase-minimized-hb-subset-fuzzer-5760768497156096
harfbuzz-12.0.0/test/fuzzing/fonts/clusterfuzz-testcase-minimized-hb-subset-fuzzer-5761434614497280
harfbuzz-12.0.0/test/fuzzing/fonts/clusterfuzz-testcase-minimized-hb-subset-fuzzer-5763024094232576
harfbuzz-12.0.0/test/fuzzing/fonts/clusterfuzz-testcase-minimized-hb-subset-fuzzer-5764020596899840
harfbuzz-12.0.0/test/fuzzing/fonts/clusterfuzz-testcase-minimized-hb-subset-fuzzer-5764268627066880
harfbuzz-12.0.0/test/fuzzing/fonts/clusterfuzz-testcase-minimized-hb-subset-fuzzer-5765071062958080
harfbuzz-12.0.0/test/fuzzing/fonts/clusterfuzz-testcase-minimized-hb-subset-fuzzer-5768186323009536
harfbuzz-12.0.0/test/fuzzing/fonts/clusterfuzz-testcase-minimized-hb-subset-fuzzer-5793182905663488
harfbuzz-12.0.0/test/fuzzing/fonts/clusterfuzz-testcase-minimized-hb-subset-fuzzer-5842152921628672
harfbuzz-12.0.0/test/fuzzing/fonts/clusterfuzz-testcase-minimized-hb-subset-fuzzer-5844352760152064
harfbuzz-12.0.0/test/fuzzing/fonts/clusterfuzz-testcase-minimized-hb-subset-fuzzer-5845846876356608
harfbuzz-12.0.0/test/fuzzing/fonts/clusterfuzz-testcase-minimized-hb-subset-fuzzer-5855710991482880.fuzz
harfbuzz-12.0.0/test/fuzzing/fonts/clusterfuzz-testcase-minimized-hb-subset-fuzzer-5858518134554624
harfbuzz-12.0.0/test/fuzzing/fonts/clusterfuzz-testcase-minimized-hb-subset-fuzzer-5887968763052032
harfbuzz-12.0.0/test/fuzzing/fonts/clusterfuzz-testcase-minimized-hb-subset-fuzzer-5923632099885056
harfbuzz-12.0.0/test/fuzzing/fonts/clusterfuzz-testcase-minimized-hb-subset-fuzzer-5927551890096128
harfbuzz-12.0.0/test/fuzzing/fonts/clusterfuzz-testcase-minimized-hb-subset-fuzzer-5965777994907648
harfbuzz-12.0.0/test/fuzzing/fonts/clusterfuzz-testcase-minimized-hb-subset-fuzzer-5991762219892736
harfbuzz-12.0.0/test/fuzzing/fonts/clusterfuzz-testcase-minimized-hb-subset-fuzzer-6032126569742336
harfbuzz-12.0.0/test/fuzzing/fonts/clusterfuzz-testcase-minimized-hb-subset-fuzzer-6151390002806784
harfbuzz-12.0.0/test/fuzzing/fonts/clusterfuzz-testcase-minimized-hb-subset-fuzzer-6159925345583104
harfbuzz-12.0.0/test/fuzzing/fonts/clusterfuzz-testcase-minimized-hb-subset-fuzzer-6164014466203648
harfbuzz-12.0.0/test/fuzzing/fonts/clusterfuzz-testcase-minimized-hb-subset-fuzzer-6169920089227264
harfbuzz-12.0.0/test/fuzzing/fonts/clusterfuzz-testcase-minimized-hb-subset-fuzzer-6173520787800064
harfbuzz-12.0.0/test/fuzzing/fonts/clusterfuzz-testcase-minimized-hb-subset-fuzzer-6187272924692480
harfbuzz-12.0.0/test/fuzzing/fonts/clusterfuzz-testcase-minimized-hb-subset-fuzzer-6231212713312256
harfbuzz-12.0.0/test/fuzzing/fonts/clusterfuzz-testcase-minimized-hb-subset-fuzzer-6241118484955136
harfbuzz-12.0.0/test/fuzzing/fonts/clusterfuzz-testcase-minimized-hb-subset-fuzzer-6246465148813312
harfbuzz-12.0.0/test/fuzzing/fonts/clusterfuzz-testcase-minimized-hb-subset-fuzzer-6254792024915968
harfbuzz-12.0.0/test/fuzzing/fonts/clusterfuzz-testcase-minimized-hb-subset-fuzzer-6276691949518848
harfbuzz-12.0.0/test/fuzzing/fonts/clusterfuzz-testcase-minimized-hb-subset-fuzzer-6292420615340032
harfbuzz-12.0.0/test/fuzzing/fonts/clusterfuzz-testcase-minimized-hb-subset-fuzzer-6315334756335616
harfbuzz-12.0.0/test/fuzzing/fonts/clusterfuzz-testcase-minimized-hb-subset-fuzzer-6316256152780800
harfbuzz-12.0.0/test/fuzzing/fonts/clusterfuzz-testcase-minimized-hb-subset-fuzzer-6362213417353216
harfbuzz-12.0.0/test/fuzzing/fonts/clusterfuzz-testcase-minimized-hb-subset-fuzzer-6365271012540416
harfbuzz-12.0.0/test/fuzzing/fonts/clusterfuzz-testcase-minimized-hb-subset-fuzzer-6372147008241664
harfbuzz-12.0.0/test/fuzzing/fonts/clusterfuzz-testcase-minimized-hb-subset-fuzzer-6382598554255360
harfbuzz-12.0.0/test/fuzzing/fonts/clusterfuzz-testcase-minimized-hb-subset-fuzzer-6421315436281856
harfbuzz-12.0.0/test/fuzzing/fonts/clusterfuzz-testcase-minimized-hb-subset-fuzzer-6442117271257088
harfbuzz-12.0.0/test/fuzzing/fonts/clusterfuzz-testcase-minimized-hb-subset-fuzzer-6521393809588224
harfbuzz-12.0.0/test/fuzzing/fonts/clusterfuzz-testcase-minimized-hb-subset-fuzzer-6525813890875392
harfbuzz-12.0.0/test/fuzzing/fonts/clusterfuzz-testcase-minimized-hb-subset-fuzzer-6543700493598720
harfbuzz-12.0.0/test/fuzzing/fonts/clusterfuzz-testcase-minimized-hb-subset-fuzzer-6608005089853440
harfbuzz-12.0.0/test/fuzzing/fonts/clusterfuzz-testcase-minimized-hb-subset-fuzzer-6616166961905664
harfbuzz-12.0.0/test/fuzzing/fonts/clusterfuzz-testcase-minimized-hb-subset-fuzzer-6651660668502016
harfbuzz-12.0.0/test/fuzzing/fonts/clusterfuzz-testcase-minimized-hb-subset-fuzzer-6681253479579648
harfbuzz-12.0.0/test/fuzzing/fonts/clusterfuzz-testcase-minimized-hb-subset-fuzzer-6696597055406080
harfbuzz-12.0.0/test/fuzzing/fonts/clusterfuzz-testcase-minimized-hb-subset-fuzzer-6742230974201856
harfbuzz-12.0.0/test/fuzzing/fonts/clusterfuzz-testcase-minimized-hb-subset-get-codepoints-fuzzer-5203067375976448
harfbuzz-12.0.0/test/fuzzing/fonts/clusterfuzz-testcase-minimized-hb-subset-get-codepoints-fuzzer-5630904853069824
harfbuzz-12.0.0/test/fuzzing/fonts/clusterfuzz-testcase-minimized-hb-subset-get-codepoints-fuzzer-5687638085337088
harfbuzz-12.0.0/test/fuzzing/fonts/clusterfuzz-testcase-minimized-hb-subset-get-codepoints-fuzzer-5736539338833920
harfbuzz-12.0.0/test/fuzzing/fonts/clusterfuzz-testcase-minimized-hb-subset-get-codepoints-fuzzer-5930139383758848
harfbuzz-12.0.0/test/fuzzing/fonts/clusterfuzz-testcase-minimized-hb-subset-get-codepoints-fuzzer-5973295416475648
harfbuzz-12.0.0/test/fuzzing/fonts/clusterfuzz-testcase-minimized-hb-subset-get-codepoints-fuzzer-6136125075750912
harfbuzz-12.0.0/test/fuzzing/fonts/clusterfuzz-testcase-minimized-hb-subset-get-codepoints-fuzzer-6394290358976512
harfbuzz-12.0.0/test/fuzzing/fonts/clusterfuzz-testcase-minimized-hb_shape_fuzzer-5633785895911424
harfbuzz-12.0.0/test/fuzzing/fonts/crash-06c15853f99560aafddeda9f0879327b38475e07
harfbuzz-12.0.0/test/fuzzing/fonts/crash-4b60576767ee4d9fe1cc10959d89baf73d4e8249
harfbuzz-12.0.0/test/fuzzing/fonts/crash-b577db318b30f2851828a4c9ef97cb30678b1b54
harfbuzz-12.0.0/test/fuzzing/fonts/crash-ccc61c92d589f895174cdef6ff2e3b20e9999a1a
harfbuzz-12.0.0/test/fuzzing/fonts/crash-d223bc42a8226c4d655c417d63d9a76760d05985
harfbuzz-12.0.0/test/fuzzing/fonts/crash-e4e0bb1458a91b692eba492c907ae1f94e635480
harfbuzz-12.0.0/test/fuzzing/fonts/e88c339237f52d21e01c55f01b9c1b4cc14a0467
harfbuzz-12.0.0/test/fuzzing/fonts/fab39d60d758cb586db5a504f218442cd1395725
harfbuzz-12.0.0/test/fuzzing/fonts/fuzz-0-harfbuzz_fuzzer
harfbuzz-12.0.0/test/fuzzing/fonts/fuzz-0-harfbuzz_hb-fuzzer
harfbuzz-12.0.0/test/fuzzing/fonts/fuzz-1-harfbuzz_fuzzer
harfbuzz-12.0.0/test/fuzzing/fonts/fuzz-1-harfbuzz_fuzzer(1)
harfbuzz-12.0.0/test/fuzzing/fonts/fuzz-2-harfbuzz_fuzzer
harfbuzz-12.0.0/test/fuzzing/fonts/fuzz-2-harfbuzz_fuzzer(1)
harfbuzz-12.0.0/test/fuzzing/fonts/fuzz-3-harfbuzz_fuzzer
harfbuzz-12.0.0/test/fuzzing/fonts/fuzz-3-harfbuzz_fuzzer(1)
harfbuzz-12.0.0/test/fuzzing/fonts/fuzz-3-harfbuzz_fuzzer(2)
harfbuzz-12.0.0/test/fuzzing/fonts/fuzz-3-harfbuzz_fuzzer(3)
harfbuzz-12.0.0/test/fuzzing/fonts/fuzz-3-harfbuzz_fuzzer(4)
harfbuzz-12.0.0/test/fuzzing/fonts/fuzz-3-harfbuzz_fuzzer(5)
harfbuzz-12.0.0/test/fuzzing/fonts/kanit.ttf
harfbuzz-12.0.0/test/fuzzing/fonts/leak-34f1798a142fd0dfdd71a96fb6aa7de19a62865e
harfbuzz-12.0.0/test/fuzzing/fonts/oom-6ef8c96d3710262511bcc730dce9c00e722cb653
harfbuzz-12.0.0/test/fuzzing/fonts/oom-ccc61c92d589f895174cdef6ff2e3b20e9999a1a
harfbuzz-12.0.0/test/fuzzing/fonts/sbix-extents.ttf
harfbuzz-12.0.0/test/fuzzing/fonts/sbix.ttf
harfbuzz-12.0.0/test/fuzzing/glob.py
harfbuzz-12.0.0/test/fuzzing/graphs/
harfbuzz-12.0.0/test/fuzzing/graphs/clusterfuzz-testcase-minimized-hb-repacker-fuzzer-5196242811748352
harfbuzz-12.0.0/test/fuzzing/graphs/clusterfuzz-testcase-minimized-hb-repacker-fuzzer-5390364397928448
harfbuzz-12.0.0/test/fuzzing/graphs/clusterfuzz-testcase-minimized-hb-repacker-fuzzer-5475787333828608
harfbuzz-12.0.0/test/fuzzing/graphs/clusterfuzz-testcase-minimized-hb-repacker-fuzzer-6014493291577344
harfbuzz-12.0.0/test/fuzzing/graphs/clusterfuzz-testcase-minimized-hb-repacker-fuzzer-6419865171525632
harfbuzz-12.0.0/test/fuzzing/graphs/clusterfuzz-testcase-minimized-hb-repacker-fuzzer-6714085985353728
harfbuzz-12.0.0/test/fuzzing/graphs/crash-3bf72494aa4c9f8cbbcbf887fdc2a2858c87feb4
harfbuzz-12.0.0/test/fuzzing/graphs/crash-442bfac994a3d9929cf06262ae9fb00f6ee1f774
harfbuzz-12.0.0/test/fuzzing/graphs/leak-a77f29b25edb873729f3ab120148fdb213cfa527
harfbuzz-12.0.0/test/fuzzing/graphs/noto_nastaliq_urdu
harfbuzz-12.0.0/test/fuzzing/hb-draw-fuzzer.cc
harfbuzz-12.0.0/test/fuzzing/hb-fuzzer.hh
harfbuzz-12.0.0/test/fuzzing/hb-repacker-fuzzer.cc
harfbuzz-12.0.0/test/fuzzing/hb-set-fuzzer.cc
harfbuzz-12.0.0/test/fuzzing/hb-shape-fuzzer.cc
harfbuzz-12.0.0/test/fuzzing/hb-subset-fuzzer.cc
harfbuzz-12.0.0/test/fuzzing/main.cc
harfbuzz-12.0.0/test/fuzzing/meson.build
harfbuzz-12.0.0/test/fuzzing/sets/
harfbuzz-12.0.0/test/fuzzing/sets/clusterfuzz-testcase-minimized-hb-set-fuzzer-6255224052514816
harfbuzz-12.0.0/test/fuzzing/sets/intersect_01
harfbuzz-12.0.0/test/fuzzing/sets/subtract_01
harfbuzz-12.0.0/test/fuzzing/sets/symmetric_diff_01
harfbuzz-12.0.0/test/fuzzing/sets/union_01
harfbuzz-12.0.0/test/meson.build
harfbuzz-12.0.0/test/shape/
harfbuzz-12.0.0/test/shape/README.md
harfbuzz-12.0.0/test/shape/data/
harfbuzz-12.0.0/test/shape/data/aots/
harfbuzz-12.0.0/test/shape/data/aots/COPYING
harfbuzz-12.0.0/test/shape/data/aots/fonts/
harfbuzz-12.0.0/test/shape/data/aots/fonts/classdef1_font1.otf
harfbuzz-12.0.0/test/shape/data/aots/fonts/classdef1_font2.otf
harfbuzz-12.0.0/test/shape/data/aots/fonts/classdef1_font3.otf
harfbuzz-12.0.0/test/shape/data/aots/fonts/classdef1_font4.otf
harfbuzz-12.0.0/test/shape/data/aots/fonts/classdef2_font1.otf
harfbuzz-12.0.0/test/shape/data/aots/fonts/classdef2_font2.otf
harfbuzz-12.0.0/test/shape/data/aots/fonts/classdef2_font3.otf
harfbuzz-12.0.0/test/shape/data/aots/fonts/classdef2_font4.otf
harfbuzz-12.0.0/test/shape/data/aots/fonts/cmap0_font1.otf
harfbuzz-12.0.0/test/shape/data/aots/fonts/cmap10_font1.otf
harfbuzz-12.0.0/test/shape/data/aots/fonts/cmap10_font2.otf
harfbuzz-12.0.0/test/shape/data/aots/fonts/cmap12_font1.otf
harfbuzz-12.0.0/test/shape/data/aots/fonts/cmap14_font1.otf
harfbuzz-12.0.0/test/shape/data/aots/fonts/cmap2_font1.otf
harfbuzz-12.0.0/test/shape/data/aots/fonts/cmap4_font1.otf
harfbuzz-12.0.0/test/shape/data/aots/fonts/cmap4_font2.otf
harfbuzz-12.0.0/test/shape/data/aots/fonts/cmap4_font3.otf
harfbuzz-12.0.0/test/shape/data/aots/fonts/cmap4_font4.otf
harfbuzz-12.0.0/test/shape/data/aots/fonts/cmap6_font1.otf
harfbuzz-12.0.0/test/shape/data/aots/fonts/cmap6_font2.otf
harfbuzz-12.0.0/test/shape/data/aots/fonts/cmap8_font1.otf
harfbuzz-12.0.0/test/shape/data/aots/fonts/cmap_composition_font1.otf
harfbuzz-12.0.0/test/shape/data/aots/fonts/cmap_subtableselection_font1.otf
harfbuzz-12.0.0/test/shape/data/aots/fonts/cmap_subtableselection_font2.otf
harfbuzz-12.0.0/test/shape/data/aots/fonts/cmap_subtableselection_font3.otf
harfbuzz-12.0.0/test/shape/data/aots/fonts/cmap_subtableselection_font4.otf
harfbuzz-12.0.0/test/shape/data/aots/fonts/cmap_subtableselection_font5.otf
harfbuzz-12.0.0/test/shape/data/aots/fonts/gpos1_1_lookupflag_f1.otf
harfbuzz-12.0.0/test/shape/data/aots/fonts/gpos1_1_simple_f1.otf
harfbuzz-12.0.0/test/shape/data/aots/fonts/gpos1_1_simple_f2.otf
harfbuzz-12.0.0/test/shape/data/aots/fonts/gpos1_1_simple_f3.otf
harfbuzz-12.0.0/test/shape/data/aots/fonts/gpos1_1_simple_f4.otf
harfbuzz-12.0.0/test/shape/data/aots/fonts/gpos1_2_font1.otf
harfbuzz-12.0.0/test/shape/data/aots/fonts/gpos1_2_font2.otf
harfbuzz-12.0.0/test/shape/data/aots/fonts/gpos2_1_font6.otf
harfbuzz-12.0.0/test/shape/data/aots/fonts/gpos2_1_font7.otf
harfbuzz-12.0.0/test/shape/data/aots/fonts/gpos2_1_lookupflag_f1.otf
harfbuzz-12.0.0/test/shape/data/aots/fonts/gpos2_1_lookupflag_f2.otf
harfbuzz-12.0.0/test/shape/data/aots/fonts/gpos2_1_next_glyph_f1.otf
harfbuzz-12.0.0/test/shape/data/aots/fonts/gpos2_1_next_glyph_f2.otf
harfbuzz-12.0.0/test/shape/data/aots/fonts/gpos2_1_simple_f1.otf
harfbuzz-12.0.0/test/shape/data/aots/fonts/gpos2_2_font1.otf
harfbuzz-12.0.0/test/shape/data/aots/fonts/gpos2_2_font2.otf
harfbuzz-12.0.0/test/shape/data/aots/fonts/gpos2_2_font3.otf
harfbuzz-12.0.0/test/shape/data/aots/fonts/gpos2_2_font4.otf
harfbuzz-12.0.0/test/shape/data/aots/fonts/gpos2_2_font5.otf
harfbuzz-12.0.0/test/shape/data/aots/fonts/gpos3_font1.otf
harfbuzz-12.0.0/test/shape/data/aots/fonts/gpos3_font2.otf
harfbuzz-12.0.0/test/shape/data/aots/fonts/gpos3_font3.otf
harfbuzz-12.0.0/test/shape/data/aots/fonts/gpos4_lookupflag_f1.otf
harfbuzz-12.0.0/test/shape/data/aots/fonts/gpos4_lookupflag_f2.otf
harfbuzz-12.0.0/test/shape/data/aots/fonts/gpos4_multiple_anchors_1.otf
harfbuzz-12.0.0/test/shape/data/aots/fonts/gpos4_simple_1.otf
harfbuzz-12.0.0/test/shape/data/aots/fonts/gpos5_font1.otf
harfbuzz-12.0.0/test/shape/data/aots/fonts/gpos6_font1.otf
harfbuzz-12.0.0/test/shape/data/aots/fonts/gpos7_1_font1.otf
harfbuzz-12.0.0/test/shape/data/aots/fonts/gpos9_font1.otf
harfbuzz-12.0.0/test/shape/data/aots/fonts/gpos9_font2.otf
harfbuzz-12.0.0/test/shape/data/aots/fonts/gpos_chaining1_boundary_f1.otf
harfbuzz-12.0.0/test/shape/data/aots/fonts/gpos_chaining1_boundary_f2.otf
harfbuzz-12.0.0/test/shape/data/aots/fonts/gpos_chaining1_boundary_f3.otf
harfbuzz-12.0.0/test/shape/data/aots/fonts/gpos_chaining1_boundary_f4.otf
harfbuzz-12.0.0/test/shape/data/aots/fonts/gpos_chaining1_lookupflag_f1.otf
harfbuzz-12.0.0/test/shape/data/aots/fonts/gpos_chaining1_multiple_subrules_f1.otf
harfbuzz-12.0.0/test/shape/data/aots/fonts/gpos_chaining1_multiple_subrules_f2.otf
harfbuzz-12.0.0/test/shape/data/aots/fonts/gpos_chaining1_next_glyph_f1.otf
harfbuzz-12.0.0/test/shape/data/aots/fonts/gpos_chaining1_simple_f1.otf
harfbuzz-12.0.0/test/shape/data/aots/fonts/gpos_chaining1_simple_f2.otf
harfbuzz-12.0.0/test/shape/data/aots/fonts/gpos_chaining1_successive_f1.otf
harfbuzz-12.0.0/test/shape/data/aots/fonts/gpos_chaining2_boundary_f1.otf
harfbuzz-12.0.0/test/shape/data/aots/fonts/gpos_chaining2_boundary_f2.otf
harfbuzz-12.0.0/test/shape/data/aots/fonts/gpos_chaining2_boundary_f3.otf
harfbuzz-12.0.0/test/shape/data/aots/fonts/gpos_chaining2_boundary_f4.otf
harfbuzz-12.0.0/test/shape/data/aots/fonts/gpos_chaining2_lookupflag_f1.otf
harfbuzz-12.0.0/test/shape/data/aots/fonts/gpos_chaining2_multiple_subrules_f1.otf
harfbuzz-12.0.0/test/shape/data/aots/fonts/gpos_chaining2_multiple_subrules_f2.otf
harfbuzz-12.0.0/test/shape/data/aots/fonts/gpos_chaining2_next_glyph_f1.otf
harfbuzz-12.0.0/test/shape/data/aots/fonts/gpos_chaining2_simple_f1.otf
harfbuzz-12.0.0/test/shape/data/aots/fonts/gpos_chaining2_simple_f2.otf
harfbuzz-12.0.0/test/shape/data/aots/fonts/gpos_chaining2_successive_f1.otf
harfbuzz-12.0.0/test/shape/data/aots/fonts/gpos_chaining3_boundary_f1.otf
harfbuzz-12.0.0/test/shape/data/aots/fonts/gpos_chaining3_boundary_f2.otf
harfbuzz-12.0.0/test/shape/data/aots/fonts/gpos_chaining3_boundary_f3.otf
harfbuzz-12.0.0/test/shape/data/aots/fonts/gpos_chaining3_boundary_f4.otf
harfbuzz-12.0.0/test/shape/data/aots/fonts/gpos_chaining3_lookupflag_f1.otf
harfbuzz-12.0.0/test/shape/data/aots/fonts/gpos_chaining3_next_glyph_f1.otf
harfbuzz-12.0.0/test/shape/data/aots/fonts/gpos_chaining3_simple_f1.otf
harfbuzz-12.0.0/test/shape/data/aots/fonts/gpos_chaining3_simple_f2.otf
harfbuzz-12.0.0/test/shape/data/aots/fonts/gpos_chaining3_successive_f1.otf
harfbuzz-12.0.0/test/shape/data/aots/fonts/gpos_context1_boundary_f1.otf
harfbuzz-12.0.0/test/shape/data/aots/fonts/gpos_context1_boundary_f2.otf
harfbuzz-12.0.0/test/shape/data/aots/fonts/gpos_context1_expansion_f1.otf
harfbuzz-12.0.0/test/shape/data/aots/fonts/gpos_context1_lookupflag_f1.otf
harfbuzz-12.0.0/test/shape/data/aots/fonts/gpos_context1_lookupflag_f2.otf
harfbuzz-12.0.0/test/shape/data/aots/fonts/gpos_context1_multiple_subrules_f1.otf
harfbuzz-12.0.0/test/shape/data/aots/fonts/gpos_context1_multiple_subrules_f2.otf
harfbuzz-12.0.0/test/shape/data/aots/fonts/gpos_context1_next_glyph_f1.otf
harfbuzz-12.0.0/test/shape/data/aots/fonts/gpos_context1_simple_f1.otf
harfbuzz-12.0.0/test/shape/data/aots/fonts/gpos_context1_simple_f2.otf
harfbuzz-12.0.0/test/shape/data/aots/fonts/gpos_context1_successive_f1.otf
harfbuzz-12.0.0/test/shape/data/aots/fonts/gpos_context2_boundary_f1.otf
harfbuzz-12.0.0/test/shape/data/aots/fonts/gpos_context2_boundary_f2.otf
harfbuzz-12.0.0/test/shape/data/aots/fonts/gpos_context2_classes_f1.otf
harfbuzz-12.0.0/test/shape/data/aots/fonts/gpos_context2_classes_f2.otf
harfbuzz-12.0.0/test/shape/data/aots/fonts/gpos_context2_expansion_f1.otf
harfbuzz-12.0.0/test/shape/data/aots/fonts/gpos_context2_lookupflag_f1.otf
harfbuzz-12.0.0/test/shape/data/aots/fonts/gpos_context2_lookupflag_f2.otf
harfbuzz-12.0.0/test/shape/data/aots/fonts/gpos_context2_multiple_subrules_f1.otf
harfbuzz-12.0.0/test/shape/data/aots/fonts/gpos_context2_multiple_subrules_f2.otf
harfbuzz-12.0.0/test/shape/data/aots/fonts/gpos_context2_next_glyph_f1.otf
harfbuzz-12.0.0/test/shape/data/aots/fonts/gpos_context2_simple_f1.otf
harfbuzz-12.0.0/test/shape/data/aots/fonts/gpos_context2_simple_f2.otf
harfbuzz-12.0.0/test/shape/data/aots/fonts/gpos_context2_successive_f1.otf
harfbuzz-12.0.0/test/shape/data/aots/fonts/gpos_context3_boundary_f1.otf
harfbuzz-12.0.0/test/shape/data/aots/fonts/gpos_context3_boundary_f2.otf
harfbuzz-12.0.0/test/shape/data/aots/fonts/gpos_context3_lookupflag_f1.otf
harfbuzz-12.0.0/test/shape/data/aots/fonts/gpos_context3_lookupflag_f2.otf
harfbuzz-12.0.0/test/shape/data/aots/fonts/gpos_context3_next_glyph_f1.otf
harfbuzz-12.0.0/test/shape/data/aots/fonts/gpos_context3_simple_f1.otf
harfbuzz-12.0.0/test/shape/data/aots/fonts/gpos_context3_successive_f1.otf
harfbuzz-12.0.0/test/shape/data/aots/fonts/gsub1_1_lookupflag_f1.otf
harfbuzz-12.0.0/test/shape/data/aots/fonts/gsub1_1_modulo_f1.otf
harfbuzz-12.0.0/test/shape/data/aots/fonts/gsub1_1_simple_f1.otf
harfbuzz-12.0.0/test/shape/data/aots/fonts/gsub1_2_lookupflag_f1.otf
harfbuzz-12.0.0/test/shape/data/aots/fonts/gsub1_2_simple_f1.otf
harfbuzz-12.0.0/test/shape/data/aots/fonts/gsub2_1_lookupflag_f1.otf
harfbuzz-12.0.0/test/shape/data/aots/fonts/gsub2_1_multiple_sequences_f1.otf
harfbuzz-12.0.0/test/shape/data/aots/fonts/gsub2_1_simple_f1.otf
harfbuzz-12.0.0/test/shape/data/aots/fonts/gsub3_1_lookupflag_f1.otf
harfbuzz-12.0.0/test/shape/data/aots/fonts/gsub3_1_multiple_f1.otf
harfbuzz-12.0.0/test/shape/data/aots/fonts/gsub3_1_simple_f1.otf
harfbuzz-12.0.0/test/shape/data/aots/fonts/gsub4_1_lookupflag_f1.otf
harfbuzz-12.0.0/test/shape/data/aots/fonts/gsub4_1_multiple_ligatures_f1.otf
harfbuzz-12.0.0/test/shape/data/aots/fonts/gsub4_1_multiple_ligatures_f2.otf
harfbuzz-12.0.0/test/shape/data/aots/fonts/gsub4_1_multiple_ligsets_f1.otf
harfbuzz-12.0.0/test/shape/data/aots/fonts/gsub4_1_simple_f1.otf
harfbuzz-12.0.0/test/shape/data/aots/fonts/gsub7_font1.otf
harfbuzz-12.0.0/test/shape/data/aots/fonts/gsub7_font2.otf
harfbuzz-12.0.0/test/shape/data/aots/fonts/gsub_chaining1_boundary_f1.otf
harfbuzz-12.0.0/test/shape/data/aots/fonts/gsub_chaining1_boundary_f2.otf
harfbuzz-12.0.0/test/shape/data/aots/fonts/gsub_chaining1_boundary_f3.otf
harfbuzz-12.0.0/test/shape/data/aots/fonts/gsub_chaining1_boundary_f4.otf
harfbuzz-12.0.0/test/shape/data/aots/fonts/gsub_chaining1_lookupflag_f1.otf
harfbuzz-12.0.0/test/shape/data/aots/fonts/gsub_chaining1_multiple_subrules_f1.otf
harfbuzz-12.0.0/test/shape/data/aots/fonts/gsub_chaining1_multiple_subrules_f2.otf
harfbuzz-12.0.0/test/shape/data/aots/fonts/gsub_chaining1_next_glyph_f1.otf
harfbuzz-12.0.0/test/shape/data/aots/fonts/gsub_chaining1_simple_f1.otf
harfbuzz-12.0.0/test/shape/data/aots/fonts/gsub_chaining1_simple_f2.otf
harfbuzz-12.0.0/test/shape/data/aots/fonts/gsub_chaining1_successive_f1.otf
harfbuzz-12.0.0/test/shape/data/aots/fonts/gsub_chaining2_boundary_f1.otf
harfbuzz-12.0.0/test/shape/data/aots/fonts/gsub_chaining2_boundary_f2.otf
harfbuzz-12.0.0/test/shape/data/aots/fonts/gsub_chaining2_boundary_f3.otf
harfbuzz-12.0.0/test/shape/data/aots/fonts/gsub_chaining2_boundary_f4.otf
harfbuzz-12.0.0/test/shape/data/aots/fonts/gsub_chaining2_lookupflag_f1.otf
harfbuzz-12.0.0/test/shape/data/aots/fonts/gsub_chaining2_multiple_subrules_f1.otf
harfbuzz-12.0.0/test/shape/data/aots/fonts/gsub_chaining2_multiple_subrules_f2.otf
harfbuzz-12.0.0/test/shape/data/aots/fonts/gsub_chaining2_next_glyph_f1.otf
harfbuzz-12.0.0/test/shape/data/aots/fonts/gsub_chaining2_simple_f1.otf
harfbuzz-12.0.0/test/shape/data/aots/fonts/gsub_chaining2_simple_f2.otf
harfbuzz-12.0.0/test/shape/data/aots/fonts/gsub_chaining2_successive_f1.otf
harfbuzz-12.0.0/test/shape/data/aots/fonts/gsub_chaining3_boundary_f1.otf
harfbuzz-12.0.0/test/shape/data/aots/fonts/gsub_chaining3_boundary_f2.otf
harfbuzz-12.0.0/test/shape/data/aots/fonts/gsub_chaining3_boundary_f3.otf
harfbuzz-12.0.0/test/shape/data/aots/fonts/gsub_chaining3_boundary_f4.otf
harfbuzz-12.0.0/test/shape/data/aots/fonts/gsub_chaining3_lookupflag_f1.otf
harfbuzz-12.0.0/test/shape/data/aots/fonts/gsub_chaining3_next_glyph_f1.otf
harfbuzz-12.0.0/test/shape/data/aots/fonts/gsub_chaining3_simple_f1.otf
harfbuzz-12.0.0/test/shape/data/aots/fonts/gsub_chaining3_simple_f2.otf
harfbuzz-12.0.0/test/shape/data/aots/fonts/gsub_chaining3_successive_f1.otf
harfbuzz-12.0.0/test/shape/data/aots/fonts/gsub_context1_boundary_f1.otf
harfbuzz-12.0.0/test/shape/data/aots/fonts/gsub_context1_boundary_f2.otf
harfbuzz-12.0.0/test/shape/data/aots/fonts/gsub_context1_expansion_f1.otf
harfbuzz-12.0.0/test/shape/data/aots/fonts/gsub_context1_lookupflag_f1.otf
harfbuzz-12.0.0/test/shape/data/aots/fonts/gsub_context1_lookupflag_f2.otf
harfbuzz-12.0.0/test/shape/data/aots/fonts/gsub_context1_multiple_subrules_f1.otf
harfbuzz-12.0.0/test/shape/data/aots/fonts/gsub_context1_multiple_subrules_f2.otf
harfbuzz-12.0.0/test/shape/data/aots/fonts/gsub_context1_next_glyph_f1.otf
harfbuzz-12.0.0/test/shape/data/aots/fonts/gsub_context1_simple_f1.otf
harfbuzz-12.0.0/test/shape/data/aots/fonts/gsub_context1_simple_f2.otf
harfbuzz-12.0.0/test/shape/data/aots/fonts/gsub_context1_successive_f1.otf
harfbuzz-12.0.0/test/shape/data/aots/fonts/gsub_context2_boundary_f1.otf
harfbuzz-12.0.0/test/shape/data/aots/fonts/gsub_context2_boundary_f2.otf
harfbuzz-12.0.0/test/shape/data/aots/fonts/gsub_context2_classes_f1.otf
harfbuzz-12.0.0/test/shape/data/aots/fonts/gsub_context2_classes_f2.otf
harfbuzz-12.0.0/test/shape/data/aots/fonts/gsub_context2_expansion_f1.otf
harfbuzz-12.0.0/test/shape/data/aots/fonts/gsub_context2_lookupflag_f1.otf
harfbuzz-12.0.0/test/shape/data/aots/fonts/gsub_context2_lookupflag_f2.otf
harfbuzz-12.0.0/test/shape/data/aots/fonts/gsub_context2_multiple_subrules_f1.otf
harfbuzz-12.0.0/test/shape/data/aots/fonts/gsub_context2_multiple_subrules_f2.otf
harfbuzz-12.0.0/test/shape/data/aots/fonts/gsub_context2_next_glyph_f1.otf
harfbuzz-12.0.0/test/shape/data/aots/fonts/gsub_context2_simple_f1.otf
harfbuzz-12.0.0/test/shape/data/aots/fonts/gsub_context2_simple_f2.otf
harfbuzz-12.0.0/test/shape/data/aots/fonts/gsub_context2_successive_f1.otf
harfbuzz-12.0.0/test/shape/data/aots/fonts/gsub_context3_boundary_f1.otf
harfbuzz-12.0.0/test/shape/data/aots/fonts/gsub_context3_boundary_f2.otf
harfbuzz-12.0.0/test/shape/data/aots/fonts/gsub_context3_lookupflag_f1.otf
harfbuzz-12.0.0/test/shape/data/aots/fonts/gsub_context3_lookupflag_f2.otf
harfbuzz-12.0.0/test/shape/data/aots/fonts/gsub_context3_next_glyph_f1.otf
harfbuzz-12.0.0/test/shape/data/aots/fonts/gsub_context3_simple_f1.otf
harfbuzz-12.0.0/test/shape/data/aots/fonts/gsub_context3_successive_f1.otf
harfbuzz-12.0.0/test/shape/data/aots/fonts/lookupflag_ignore_attach_f1.otf
harfbuzz-12.0.0/test/shape/data/aots/fonts/lookupflag_ignore_base_f1.otf
harfbuzz-12.0.0/test/shape/data/aots/fonts/lookupflag_ignore_combination_f1.otf
harfbuzz-12.0.0/test/shape/data/aots/fonts/lookupflag_ignore_ligatures_f1.otf
harfbuzz-12.0.0/test/shape/data/aots/fonts/lookupflag_ignore_marks_f1.otf
harfbuzz-12.0.0/test/shape/data/aots/hb-aots-tester.cpp
harfbuzz-12.0.0/test/shape/data/aots/meson.build
harfbuzz-12.0.0/test/shape/data/aots/tests/
harfbuzz-12.0.0/test/shape/data/aots/tests/classdef1.tests
harfbuzz-12.0.0/test/shape/data/aots/tests/classdef1_empty.tests
harfbuzz-12.0.0/test/shape/data/aots/tests/classdef1_multiple.tests
harfbuzz-12.0.0/test/shape/data/aots/tests/classdef1_single.tests
harfbuzz-12.0.0/test/shape/data/aots/tests/classdef2.tests
harfbuzz-12.0.0/test/shape/data/aots/tests/classdef2_empty.tests
harfbuzz-12.0.0/test/shape/data/aots/tests/classdef2_multiple.tests
harfbuzz-12.0.0/test/shape/data/aots/tests/classdef2_single.tests
harfbuzz-12.0.0/test/shape/data/aots/tests/cmap0.tests
harfbuzz-12.0.0/test/shape/data/aots/tests/cmap10.tests
harfbuzz-12.0.0/test/shape/data/aots/tests/cmap12.tests
harfbuzz-12.0.0/test/shape/data/aots/tests/cmap2.tests
harfbuzz-12.0.0/test/shape/data/aots/tests/cmap4.tests
harfbuzz-12.0.0/test/shape/data/aots/tests/cmap6.tests
harfbuzz-12.0.0/test/shape/data/aots/tests/cmap8.tests
harfbuzz-12.0.0/test/shape/data/aots/tests/gpos1_1_lookupflag.tests
harfbuzz-12.0.0/test/shape/data/aots/tests/gpos1_1_simple.tests
harfbuzz-12.0.0/test/shape/data/aots/tests/gpos1_2.tests
harfbuzz-12.0.0/test/shape/data/aots/tests/gpos1_2_lookupflag.tests
harfbuzz-12.0.0/test/shape/data/aots/tests/gpos2_1.tests
harfbuzz-12.0.0/test/shape/data/aots/tests/gpos2_1_lookupflag.tests
harfbuzz-12.0.0/test/shape/data/aots/tests/gpos2_1_next_glyph.tests
harfbuzz-12.0.0/test/shape/data/aots/tests/gpos2_1_simple.tests
harfbuzz-12.0.0/test/shape/data/aots/tests/gpos2_2.tests
harfbuzz-12.0.0/test/shape/data/aots/tests/gpos3.tests
harfbuzz-12.0.0/test/shape/data/aots/tests/gpos3_lookupflag.tests
harfbuzz-12.0.0/test/shape/data/aots/tests/gpos4_lookupflag.tests
harfbuzz-12.0.0/test/shape/data/aots/tests/gpos4_multiple_anchors.tests
harfbuzz-12.0.0/test/shape/data/aots/tests/gpos4_simple.tests
harfbuzz-12.0.0/test/shape/data/aots/tests/gpos5.tests
harfbuzz-12.0.0/test/shape/data/aots/tests/gpos6.tests
harfbuzz-12.0.0/test/shape/data/aots/tests/gpos7_1.tests
harfbuzz-12.0.0/test/shape/data/aots/tests/gpos9.tests
harfbuzz-12.0.0/test/shape/data/aots/tests/gpos_chaining1_boundary.tests
harfbuzz-12.0.0/test/shape/data/aots/tests/gpos_chaining1_lookupflag.tests
harfbuzz-12.0.0/test/shape/data/aots/tests/gpos_chaining1_multiple_subrules.tests
harfbuzz-12.0.0/test/shape/data/aots/tests/gpos_chaining1_next_glyph.tests
harfbuzz-12.0.0/test/shape/data/aots/tests/gpos_chaining1_simple.tests
harfbuzz-12.0.0/test/shape/data/aots/tests/gpos_chaining1_successive.tests
harfbuzz-12.0.0/test/shape/data/aots/tests/gpos_chaining2_boundary.tests
harfbuzz-12.0.0/test/shape/data/aots/tests/gpos_chaining2_lookupflag.tests
harfbuzz-12.0.0/test/shape/data/aots/tests/gpos_chaining2_multiple_subrules.tests
harfbuzz-12.0.0/test/shape/data/aots/tests/gpos_chaining2_next_glyph.tests
harfbuzz-12.0.0/test/shape/data/aots/tests/gpos_chaining2_simple.tests
harfbuzz-12.0.0/test/shape/data/aots/tests/gpos_chaining2_successive.tests
harfbuzz-12.0.0/test/shape/data/aots/tests/gpos_chaining3_boundary.tests
harfbuzz-12.0.0/test/shape/data/aots/tests/gpos_chaining3_lookupflag.tests
harfbuzz-12.0.0/test/shape/data/aots/tests/gpos_chaining3_next_glyph.tests
harfbuzz-12.0.0/test/shape/data/aots/tests/gpos_chaining3_simple.tests
harfbuzz-12.0.0/test/shape/data/aots/tests/gpos_chaining3_successive.tests
harfbuzz-12.0.0/test/shape/data/aots/tests/gpos_context1_boundary.tests
harfbuzz-12.0.0/test/shape/data/aots/tests/gpos_context1_expansion.tests
harfbuzz-12.0.0/test/shape/data/aots/tests/gpos_context1_lookupflag.tests
harfbuzz-12.0.0/test/shape/data/aots/tests/gpos_context1_multiple_subrules.tests
harfbuzz-12.0.0/test/shape/data/aots/tests/gpos_context1_next_glyph.tests
harfbuzz-12.0.0/test/shape/data/aots/tests/gpos_context1_simple.tests
harfbuzz-12.0.0/test/shape/data/aots/tests/gpos_context1_successive.tests
harfbuzz-12.0.0/test/shape/data/aots/tests/gpos_context2_boundary.tests
harfbuzz-12.0.0/test/shape/data/aots/tests/gpos_context2_classes.tests
harfbuzz-12.0.0/test/shape/data/aots/tests/gpos_context2_expansion.tests
harfbuzz-12.0.0/test/shape/data/aots/tests/gpos_context2_lookupflag.tests
harfbuzz-12.0.0/test/shape/data/aots/tests/gpos_context2_multiple_subrules.tests
harfbuzz-12.0.0/test/shape/data/aots/tests/gpos_context2_next_glyph.tests
harfbuzz-12.0.0/test/shape/data/aots/tests/gpos_context2_simple.tests
harfbuzz-12.0.0/test/shape/data/aots/tests/gpos_context2_successive.tests
harfbuzz-12.0.0/test/shape/data/aots/tests/gpos_context3_boundary.tests
harfbuzz-12.0.0/test/shape/data/aots/tests/gpos_context3_lookupflag.tests
harfbuzz-12.0.0/test/shape/data/aots/tests/gpos_context3_next_glyph.tests
harfbuzz-12.0.0/test/shape/data/aots/tests/gpos_context3_simple.tests
harfbuzz-12.0.0/test/shape/data/aots/tests/gpos_context3_successive.tests
harfbuzz-12.0.0/test/shape/data/aots/tests/gsub1_1_lookupflag.tests
harfbuzz-12.0.0/test/shape/data/aots/tests/gsub1_1_modulo.tests
harfbuzz-12.0.0/test/shape/data/aots/tests/gsub1_1_simple.tests
harfbuzz-12.0.0/test/shape/data/aots/tests/gsub1_2_lookupflag.tests
harfbuzz-12.0.0/test/shape/data/aots/tests/gsub1_2_simple.tests
harfbuzz-12.0.0/test/shape/data/aots/tests/gsub2_1_lookupflag.tests
harfbuzz-12.0.0/test/shape/data/aots/tests/gsub2_1_multiple_sequences.tests
harfbuzz-12.0.0/test/shape/data/aots/tests/gsub2_1_simple.tests
harfbuzz-12.0.0/test/shape/data/aots/tests/gsub3_1_lookupflag.tests
harfbuzz-12.0.0/test/shape/data/aots/tests/gsub3_1_multiple.tests
harfbuzz-12.0.0/test/shape/data/aots/tests/gsub3_1_simple.tests
harfbuzz-12.0.0/test/shape/data/aots/tests/gsub4_1_lookupflag.tests
harfbuzz-12.0.0/test/shape/data/aots/tests/gsub4_1_multiple_ligatures.tests
harfbuzz-12.0.0/test/shape/data/aots/tests/gsub4_1_multiple_ligsets.tests
harfbuzz-12.0.0/test/shape/data/aots/tests/gsub4_1_simple.tests
harfbuzz-12.0.0/test/shape/data/aots/tests/gsub7.tests
harfbuzz-12.0.0/test/shape/data/aots/tests/gsub_chaining1_boundary.tests
harfbuzz-12.0.0/test/shape/data/aots/tests/gsub_chaining1_lookupflag.tests
harfbuzz-12.0.0/test/shape/data/aots/tests/gsub_chaining1_multiple_subrules.tests
harfbuzz-12.0.0/test/shape/data/aots/tests/gsub_chaining1_next_glyph.tests
harfbuzz-12.0.0/test/shape/data/aots/tests/gsub_chaining1_simple.tests
harfbuzz-12.0.0/test/shape/data/aots/tests/gsub_chaining1_successive.tests
harfbuzz-12.0.0/test/shape/data/aots/tests/gsub_chaining2_boundary.tests
harfbuzz-12.0.0/test/shape/data/aots/tests/gsub_chaining2_lookupflag.tests
harfbuzz-12.0.0/test/shape/data/aots/tests/gsub_chaining2_multiple_subrules.tests
harfbuzz-12.0.0/test/shape/data/aots/tests/gsub_chaining2_next_glyph.tests
harfbuzz-12.0.0/test/shape/data/aots/tests/gsub_chaining2_simple.tests
harfbuzz-12.0.0/test/shape/data/aots/tests/gsub_chaining2_successive.tests
harfbuzz-12.0.0/test/shape/data/aots/tests/gsub_chaining3_boundary.tests
harfbuzz-12.0.0/test/shape/data/aots/tests/gsub_chaining3_lookupflag.tests
harfbuzz-12.0.0/test/shape/data/aots/tests/gsub_chaining3_next_glyph.tests
harfbuzz-12.0.0/test/shape/data/aots/tests/gsub_chaining3_simple.tests
harfbuzz-12.0.0/test/shape/data/aots/tests/gsub_chaining3_successive.tests
harfbuzz-12.0.0/test/shape/data/aots/tests/gsub_context1_boundary.tests
harfbuzz-12.0.0/test/shape/data/aots/tests/gsub_context1_expansion.tests
harfbuzz-12.0.0/test/shape/data/aots/tests/gsub_context1_lookupflag.tests
harfbuzz-12.0.0/test/shape/data/aots/tests/gsub_context1_multiple_subrules.tests
harfbuzz-12.0.0/test/shape/data/aots/tests/gsub_context1_next_glyph.tests
harfbuzz-12.0.0/test/shape/data/aots/tests/gsub_context1_simple.tests
harfbuzz-12.0.0/test/shape/data/aots/tests/gsub_context1_successive.tests
harfbuzz-12.0.0/test/shape/data/aots/tests/gsub_context2_boundary.tests
harfbuzz-12.0.0/test/shape/data/aots/tests/gsub_context2_classes.tests
harfbuzz-12.0.0/test/shape/data/aots/tests/gsub_context2_expansion.tests
harfbuzz-12.0.0/test/shape/data/aots/tests/gsub_context2_lookupflag.tests
harfbuzz-12.0.0/test/shape/data/aots/tests/gsub_context2_multiple_subrules.tests
harfbuzz-12.0.0/test/shape/data/aots/tests/gsub_context2_next_glyph.tests
harfbuzz-12.0.0/test/shape/data/aots/tests/gsub_context2_simple.tests
harfbuzz-12.0.0/test/shape/data/aots/tests/gsub_context2_successive.tests
harfbuzz-12.0.0/test/shape/data/aots/tests/gsub_context3_boundary.tests
harfbuzz-12.0.0/test/shape/data/aots/tests/gsub_context3_lookupflag.tests
harfbuzz-12.0.0/test/shape/data/aots/tests/gsub_context3_next_glyph.tests
harfbuzz-12.0.0/test/shape/data/aots/tests/gsub_context3_simple.tests
harfbuzz-12.0.0/test/shape/data/aots/tests/gsub_context3_successive.tests
harfbuzz-12.0.0/test/shape/data/aots/tests/lookupflag_ignore_attach.tests
harfbuzz-12.0.0/test/shape/data/aots/tests/lookupflag_ignore_base.tests
harfbuzz-12.0.0/test/shape/data/aots/tests/lookupflag_ignore_combination.tests
harfbuzz-12.0.0/test/shape/data/aots/tests/lookupflag_ignore_ligatures.tests
harfbuzz-12.0.0/test/shape/data/aots/tests/lookupflag_ignore_marks.tests
harfbuzz-12.0.0/test/shape/data/aots/update.py
harfbuzz-12.0.0/test/shape/data/in-house/
harfbuzz-12.0.0/test/shape/data/in-house/fonts/
harfbuzz-12.0.0/test/shape/data/in-house/fonts/03e3f463c3a985bc42096620cc415342818454fb.ttf
harfbuzz-12.0.0/test/shape/data/in-house/fonts/051d92f8bc6ff724511b296c27623f824de256e9.ttf
harfbuzz-12.0.0/test/shape/data/in-house/fonts/065b01e54f35f0d849fd43bd5b936212739a50cb.ttf
harfbuzz-12.0.0/test/shape/data/in-house/fonts/074a5ae6b19de8f29772fdd5df2d3d833f81f5e6.ttf
harfbuzz-12.0.0/test/shape/data/in-house/fonts/07f054357ff8638bac3711b422a1e31180bba863.ttf
harfbuzz-12.0.0/test/shape/data/in-house/fonts/086d83239e8f958391ff6cdd8fda9376a4bd3673.ttf
harfbuzz-12.0.0/test/shape/data/in-house/fonts/08b4b136f418add748dc641eb4a83033476f1170.ttf
harfbuzz-12.0.0/test/shape/data/in-house/fonts/15dfc433a135a658b9f4b1a861b5cdd9658ccbb9.ttf
harfbuzz-12.0.0/test/shape/data/in-house/fonts/1735326da89f0818cd8c51a0600e9789812c0f94.ttf
harfbuzz-12.0.0/test/shape/data/in-house/fonts/190a621e48d4af1fffd8144bd41d2027e9a32fbf.ttf
harfbuzz-12.0.0/test/shape/data/in-house/fonts/191826b9643e3f124d865d617ae609db6a2ce203.ttf
harfbuzz-12.0.0/test/shape/data/in-house/fonts/1a3d8f381387dd29be1e897e4b5100ac8b4829e1.ttf
harfbuzz-12.0.0/test/shape/data/in-house/fonts/1a5face3fcbd929d228235c2f72bbd6f8eb37424.ttf
harfbuzz-12.0.0/test/shape/data/in-house/fonts/1b66a1f4b076b734caa6397b3e57231af1feaafb.ttf
harfbuzz-12.0.0/test/shape/data/in-house/fonts/1c04a16f32a39c26c851b7fc014d2e8d298ba2b8.ttf
harfbuzz-12.0.0/test/shape/data/in-house/fonts/1c2c3fc37b2d4c3cb2ef726c6cdaaabd4b7f3eb9.ttf
harfbuzz-12.0.0/test/shape/data/in-house/fonts/1c2fb74c1b2aa173262734c1f616148f1648cfd6.ttf
harfbuzz-12.0.0/test/shape/data/in-house/fonts/1ed7e9064f008f62de6ff0207bb4dd29409597a5.ttf
harfbuzz-12.0.0/test/shape/data/in-house/fonts/21b7fb9c1eeae260473809fbc1fe330f66a507cd.ttf
harfbuzz-12.0.0/test/shape/data/in-house/fonts/226bc2deab3846f1a682085f70c67d0421014144.ttf
harfbuzz-12.0.0/test/shape/data/in-house/fonts/23406a60ab081c4fb15e1596ea1cd4f27ae8443e.ttf
harfbuzz-12.0.0/test/shape/data/in-house/fonts/24b8d24d00ae86f49791b746da4c9d3f717a51a8.ttf
harfbuzz-12.0.0/test/shape/data/in-house/fonts/2681c1c72d6484ed3410417f521b1b819b4e2392.ttf
harfbuzz-12.0.0/test/shape/data/in-house/fonts/270b89df543a7e48e206a2d830c0e10e5265c630.ttf
harfbuzz-12.0.0/test/shape/data/in-house/fonts/28f497629c04ceb15546c9a70e0730125ed6698d.ttf
harfbuzz-12.0.0/test/shape/data/in-house/fonts/298c9e1d955f10f6f72c6915c3c6ff9bf9695cec.ttf
harfbuzz-12.0.0/test/shape/data/in-house/fonts/2a670df15b73a5dc75a5cc491bde5ac93c5077dc.ttf
harfbuzz-12.0.0/test/shape/data/in-house/fonts/2c25beb56d9c556622d56b0b5d02b4670c034f89.ttf
harfbuzz-12.0.0/test/shape/data/in-house/fonts/2de1ab4907ab688c0cfc236b0bf51151db38bf2e.ttf
harfbuzz-12.0.0/test/shape/data/in-house/fonts/3105b51976b879032c66aa93a634b3b3672cd344.ttf
harfbuzz-12.0.0/test/shape/data/in-house/fonts/341421e629668b1a1242245d39238ca48432d35d.ttf
harfbuzz-12.0.0/test/shape/data/in-house/fonts/3493e92eaded2661cadde752a39f9d58b11f0326.ttf
harfbuzz-12.0.0/test/shape/data/in-house/fonts/34da9aab7bee86c4dfc3b85e423435822fdf4b62.ttf
harfbuzz-12.0.0/test/shape/data/in-house/fonts/37033cc5cf37bb223d7355153016b6ccece93b28.ttf
harfbuzz-12.0.0/test/shape/data/in-house/fonts/373e67bf41ca264e260a9716162b71a23549e885.ttf
harfbuzz-12.0.0/test/shape/data/in-house/fonts/3998336402905b8be8301ef7f47cf7e050cbb1bd.ttf
harfbuzz-12.0.0/test/shape/data/in-house/fonts/3b791518a9ba89675df02f1eefbc9026a50648a6.ttf
harfbuzz-12.0.0/test/shape/data/in-house/fonts/3c96e7a303c58475a8c750bf4289bbe73784f37d.ttf
harfbuzz-12.0.0/test/shape/data/in-house/fonts/3cae6bfe5b57c07ba81ddbd54c02fe4f3a1e3bf6.ttf
harfbuzz-12.0.0/test/shape/data/in-house/fonts/3cc01fede4debd4b7794ccb1b16cdb9987ea7571.ttf
harfbuzz-12.0.0/test/shape/data/in-house/fonts/3cf6f8ac6d647473a43a3100e7494b202b2cfafe.ttf
harfbuzz-12.0.0/test/shape/data/in-house/fonts/3d0b77a2360aa6faa1385aaa510509ab70dfbeff.ttf
harfbuzz-12.0.0/test/shape/data/in-house/fonts/3e46c3b84c1370a06594736c7f8acebf810bbb3b.ttf
harfbuzz-12.0.0/test/shape/data/in-house/fonts/3f24aff8b768e586162e9b9d03b15c36508dd2ae.ttf
harfbuzz-12.0.0/test/shape/data/in-house/fonts/41071178fbce4956d151f50967af458dbf555f7b.ttf
harfbuzz-12.0.0/test/shape/data/in-house/fonts/43ef465752be9af900745f72fe29cb853a1401a5.ttf
harfbuzz-12.0.0/test/shape/data/in-house/fonts/45855bc8d46332b39c4ab9e2ee1a26b1f896da6b.ttf
harfbuzz-12.0.0/test/shape/data/in-house/fonts/46669c8860cbfea13562a6ca0d83130ee571137b.ttf
harfbuzz-12.0.0/test/shape/data/in-house/fonts/49c9f7485c1392fa09a1b801bc2ffea79275f22e.ttf
harfbuzz-12.0.0/test/shape/data/in-house/fonts/4afb0e8b9a86bb9bd73a1247de4e33fbe3c1fd93.ttf
harfbuzz-12.0.0/test/shape/data/in-house/fonts/4cbbc461be066fccc611dcc634af6e8cb2705537.ttf
harfbuzz-12.0.0/test/shape/data/in-house/fonts/4cce528e99f600ed9c25a2b69e32eb94a03b4ae8.ttf
harfbuzz-12.0.0/test/shape/data/in-house/fonts/4d4206e30b2dbf1c1ef492a8eae1c9e7829ebad8.ttf
harfbuzz-12.0.0/test/shape/data/in-house/fonts/4fac3929fc3332834e93673780ec0fe94342d193.ttf
harfbuzz-12.0.0/test/shape/data/in-house/fonts/5028afb650b1bb718ed2131e872fbcce57828fff.ttf
harfbuzz-12.0.0/test/shape/data/in-house/fonts/507637795ce4f2975593da54d12b46f76c7cc4cc.ttf
harfbuzz-12.0.0/test/shape/data/in-house/fonts/53374c7ca3657be37efde7ed02ae34229a56ae1f.ttf
harfbuzz-12.0.0/test/shape/data/in-house/fonts/53a91c20e33a596f2be17fb68b382d6b7eb85d5c.ttf
harfbuzz-12.0.0/test/shape/data/in-house/fonts/54674a3111d209fb6be0ed31745314b7a8d2c244.ttf
harfbuzz-12.0.0/test/shape/data/in-house/fonts/55c88ebbe938680b08f92c3de20713183e0c7481.ttf
harfbuzz-12.0.0/test/shape/data/in-house/fonts/55e2910dbc9ef5dd89f4e146e7e0152169545b6a.ttf
harfbuzz-12.0.0/test/shape/data/in-house/fonts/56cfd0e18d07f41c38e9598545a6d369127fc6f9.ttf
harfbuzz-12.0.0/test/shape/data/in-house/fonts/573d3a3177c9a8646e94c8a0d7b224334340946a.ttf
harfbuzz-12.0.0/test/shape/data/in-house/fonts/57a9d9f83020155cbb1d2be1f43d82388cbecc88.ttf
harfbuzz-12.0.0/test/shape/data/in-house/fonts/59a585a63b3df608fbeef00956c8c108deec7de6.ttf
harfbuzz-12.0.0/test/shape/data/in-house/fonts/5af5361ed4d1e8305780b100e1730cb09132f8d1.ttf
harfbuzz-12.0.0/test/shape/data/in-house/fonts/5bb74492f5e0ffa1fbb72e4c881be035120b6513.ttf
harfbuzz-12.0.0/test/shape/data/in-house/fonts/5bbf3712e6f79775c66a4407837a90e591efbef2.ttf
harfbuzz-12.0.0/test/shape/data/in-house/fonts/5dfad7735c6a67085f1b90d4d497e32907db4c78.ttf
harfbuzz-12.0.0/test/shape/data/in-house/fonts/5f73fff1ffc07b5a99a90c0909609f2b09fef274.ttf
harfbuzz-12.0.0/test/shape/data/in-house/fonts/604026ae5aaca83c49cd8416909d71ba3e1c1194.ttf
harfbuzz-12.0.0/test/shape/data/in-house/fonts/63a539a90a371ccf028dc2dcced9b63b07163be7.ttf
harfbuzz-12.0.0/test/shape/data/in-house/fonts/63e224dcb3d559d590f80c83b832cfca789e5dcc.ttf
harfbuzz-12.0.0/test/shape/data/in-house/fonts/65984dfce552a785f564422aadf4715fa07795ad.ttf
harfbuzz-12.0.0/test/shape/data/in-house/fonts/65d1b9099cfb3191931d8d6112d7a03d979d579f.ttf
harfbuzz-12.0.0/test/shape/data/in-house/fonts/663aef6b019dbf45ffd74089e2b5f2496ceceb18.ttf
harfbuzz-12.0.0/test/shape/data/in-house/fonts/6677074106f94a2644da6aaaacd5bbd48cbdc7de.ttf
harfbuzz-12.0.0/test/shape/data/in-house/fonts/6991b13ce889466be6de3f66e891de2bc0f117ee.ttf
harfbuzz-12.0.0/test/shape/data/in-house/fonts/6f36d056bad6d478fc0bf7397bd52dc3bd197d5f.ttf
harfbuzz-12.0.0/test/shape/data/in-house/fonts/6ff0fbead4462d9f229167b4e6839eceb8465058.ttf
harfbuzz-12.0.0/test/shape/data/in-house/fonts/706c5d7b625f207bc0d874c67237aad6f1e9cd6f.ttf
harfbuzz-12.0.0/test/shape/data/in-house/fonts/738d9f3b8c2dfd03875bf35a61d28fd78faf17c8.ttf
harfbuzz-12.0.0/test/shape/data/in-house/fonts/73e84dac2fc6a2d1bc9250d1414353661088937d.ttf
harfbuzz-12.0.0/test/shape/data/in-house/fonts/757ebd573617a24aa9dfbf0b885c54875c6fe06b.ttf
harfbuzz-12.0.0/test/shape/data/in-house/fonts/7a37dc4d5bf018456aea291cee06daf004c0221c.ttf
harfbuzz-12.0.0/test/shape/data/in-house/fonts/7bbd3175734d5d291e1c15271ec0cbb97b626ebf.ttf
harfbuzz-12.0.0/test/shape/data/in-house/fonts/7c24183f26d60df414578a0a9f5e79ab9d32a22b.ttf
harfbuzz-12.0.0/test/shape/data/in-house/fonts/7d18685e1529e4ceaad5b6095dfab2f9789e5bce.ttf
harfbuzz-12.0.0/test/shape/data/in-house/fonts/7e14e7883ed152baa158b80e207b66114c823a8b.ttf
harfbuzz-12.0.0/test/shape/data/in-house/fonts/8099955657a54e9ee38a6ba1d6f950ce58e3cc25.ttf
harfbuzz-12.0.0/test/shape/data/in-house/fonts/8116e5d8fedfbec74e45dc350d2416d810bed8c4.ttf
harfbuzz-12.0.0/test/shape/data/in-house/fonts/813c2f8e5512187fd982417a7fb4286728e6f4a8.ttf
harfbuzz-12.0.0/test/shape/data/in-house/fonts/81c368a33816fb20e9f647e8f24e2180f4720263.ttf
harfbuzz-12.0.0/test/shape/data/in-house/fonts/8228d035fcd65d62ec9728fb34f42c63be93a5d3.ttf
harfbuzz-12.0.0/test/shape/data/in-house/fonts/82f4f3b57bb55344e72e70231380202a52af5805.ttf
harfbuzz-12.0.0/test/shape/data/in-house/fonts/8339c821814d9bad7c77169332327ad8b0f33c81.ttf
harfbuzz-12.0.0/test/shape/data/in-house/fonts/8454d22037f892e76614e1645d066689a0200e61.ttf
harfbuzz-12.0.0/test/shape/data/in-house/fonts/85414f2552b654585b7a8d13dcc3e8fd9f7970a3.ttf
harfbuzz-12.0.0/test/shape/data/in-house/fonts/856ff9562451293cbeff6f396d4e3877c4f0a436.ttf
harfbuzz-12.0.0/test/shape/data/in-house/fonts/85fe0be440c64ac77699e21c2f1bd933a919167e.ttf
harfbuzz-12.0.0/test/shape/data/in-house/fonts/86cdd983c4e4c4d7f27dd405d6ceb7d4b9ed3d35.ttf
harfbuzz-12.0.0/test/shape/data/in-house/fonts/872d2955d326bd6676a06f66b8238ebbaabc212f.ttf
harfbuzz-12.0.0/test/shape/data/in-house/fonts/87f85d17d26f1fe9ad28d7365101958edaefb967.ttf
harfbuzz-12.0.0/test/shape/data/in-house/fonts/881642af1667ae30a54e58de8be904566d00508f.ttf
harfbuzz-12.0.0/test/shape/data/in-house/fonts/8a9fea2a7384f2116e5b84a9b31f83be7850ce21.ttf
harfbuzz-12.0.0/test/shape/data/in-house/fonts/8d9c4b193808b8bde94389ba7831c1fc6f9e794e.ttf
harfbuzz-12.0.0/test/shape/data/in-house/fonts/932ad5132c2761297c74e9976fe25b08e5ffa10b.ttf
harfbuzz-12.0.0/test/shape/data/in-house/fonts/94a5d6fb15a27521fba9ea4aee9cb39b2d03322a.ttf
harfbuzz-12.0.0/test/shape/data/in-house/fonts/96490dd2ff81233b335a650e7eb660e0e7b2eeea.ttf
harfbuzz-12.0.0/test/shape/data/in-house/fonts/98b7887cff91f722b92a8ff800120954606354f9.ttf
harfbuzz-12.0.0/test/shape/data/in-house/fonts/9d8c53cb64b8747abdd2b70755cce2ee0eb42ef7.ttf
harfbuzz-12.0.0/test/shape/data/in-house/fonts/9fc3e6960b3520e5304033ef5fd540285f72f14d.ttf
harfbuzz-12.0.0/test/shape/data/in-house/fonts/AdobeBlank2.ttf
harfbuzz-12.0.0/test/shape/data/in-house/fonts/DFONT.dfont
harfbuzz-12.0.0/test/shape/data/in-house/fonts/FallbackPlus-Javanese-no-GDEF.otf
harfbuzz-12.0.0/test/shape/data/in-house/fonts/HBTest-VF.ttf
harfbuzz-12.0.0/test/shape/data/in-house/fonts/MORXTwentyeight.ttf
harfbuzz-12.0.0/test/shape/data/in-house/fonts/NotoNastaliqUrdu-Regular.ttf
harfbuzz-12.0.0/test/shape/data/in-house/fonts/NotoSans-VF.abc.ttf
harfbuzz-12.0.0/test/shape/data/in-house/fonts/NotoSansCJK-VF.abc.otf
harfbuzz-12.0.0/test/shape/data/in-house/fonts/NotoSansCJK-VF.abc.ttf
harfbuzz-12.0.0/test/shape/data/in-house/fonts/NotoSerifHK-subset.ttf
harfbuzz-12.0.0/test/shape/data/in-house/fonts/SimpArabicTest.ttf
harfbuzz-12.0.0/test/shape/data/in-house/fonts/TRAK.ttf
harfbuzz-12.0.0/test/shape/data/in-house/fonts/TTC.ttc
harfbuzz-12.0.0/test/shape/data/in-house/fonts/TradArabicTest.ttf
harfbuzz-12.0.0/test/shape/data/in-house/fonts/a014549f766436cf55b2ceb40e462038938ee899.ttf
harfbuzz-12.0.0/test/shape/data/in-house/fonts/a02a7f0ad42c2922cb37ad1358c9df4eb81f1bca.ttf
harfbuzz-12.0.0/test/shape/data/in-house/fonts/a232bb734d4c6c898a44506547d19768f0eba6a6.ttf
harfbuzz-12.0.0/test/shape/data/in-house/fonts/a34a7b00f22ffb5fd7eef6933b81c7e71bc2cdfb.ttf
harfbuzz-12.0.0/test/shape/data/in-house/fonts/a56745bac8449d0ad94918b2bb5930716ba02fe3.ttf
harfbuzz-12.0.0/test/shape/data/in-house/fonts/a59fd13f1525a91cbe529c882e93d9d1fbb80463.ttf
harfbuzz-12.0.0/test/shape/data/in-house/fonts/a6b17da98b9f1565ba428719777bbf94a66403c1.ttf
harfbuzz-12.0.0/test/shape/data/in-house/fonts/a6c76d1bafde4a0b1026ebcc932d2e5c6fd02442.ttf
harfbuzz-12.0.0/test/shape/data/in-house/fonts/a706511c65fb278fda87eaf2180ca6684a80f423.ttf
harfbuzz-12.0.0/test/shape/data/in-house/fonts/a919b33197965846f21074b24e30250d67277bce.ttf
harfbuzz-12.0.0/test/shape/data/in-house/fonts/a98e908e2ed21b22228ea59ebcc0f05034c86f2e.ttf
harfbuzz-12.0.0/test/shape/data/in-house/fonts/ab14b4eb9d7a67e293f51d30d719add06c9d6e06.ttf
harfbuzz-12.0.0/test/shape/data/in-house/fonts/ab40c89624a6104e5d0a2308e448a989302f515b.ttf
harfbuzz-12.0.0/test/shape/data/in-house/fonts/ad01ab2ea1cb1a4d3a2783e2675112ef11ae6404.ttf
harfbuzz-12.0.0/test/shape/data/in-house/fonts/af3086380b743099c54a3b11b96766039ea62fcd.ttf
harfbuzz-12.0.0/test/shape/data/in-house/fonts/af85624080af5627fb050f570d148a62f04fda74.ttf
harfbuzz-12.0.0/test/shape/data/in-house/fonts/b082211be29a3e2cf91f0fd43497e40b2a27b344.ttf
harfbuzz-12.0.0/test/shape/data/in-house/fonts/b121d4306b2e3add5abbaad21d95fcf04aacbd64.ttf
harfbuzz-12.0.0/test/shape/data/in-house/fonts/b151cfcdaa77585d77f17a42158e0873fc8e2633.ttf
harfbuzz-12.0.0/test/shape/data/in-house/fonts/b3075ca42b27dde7341c2d0ae16703c5b6640df0.ttf
harfbuzz-12.0.0/test/shape/data/in-house/fonts/b31e6c52a31edadc16f1bec9efe6019e2d59824a.ttf
harfbuzz-12.0.0/test/shape/data/in-house/fonts/b6031119874ae9ff1dd65383a335e361c0962220.ttf
harfbuzz-12.0.0/test/shape/data/in-house/fonts/b722a7d09e60421f3efbc706ad348ab47b88567b.ttf
harfbuzz-12.0.0/test/shape/data/in-house/fonts/b895f8ff06493cc893ec44de380690ca0074edfa.ttf
harfbuzz-12.0.0/test/shape/data/in-house/fonts/bb0c53752e85c3d28973ebc913287b8987d3dfe8.ttf
harfbuzz-12.0.0/test/shape/data/in-house/fonts/bb9473d2403488714043bcfb946c9f78b86ad627.ttf
harfbuzz-12.0.0/test/shape/data/in-house/fonts/bbc24004e776f348a0f72287d24b0124867ee750.ttf
harfbuzz-12.0.0/test/shape/data/in-house/fonts/be10ea33f28a139f3305db2302af6220f2f9a583.ttf
harfbuzz-12.0.0/test/shape/data/in-house/fonts/bef923f4ccb474f961c43b63a9c74b7d9b7a023f.ttf
harfbuzz-12.0.0/test/shape/data/in-house/fonts/bf39b0e91ef9807f15a9e283a21a14a209fd2cfc.ttf
harfbuzz-12.0.0/test/shape/data/in-house/fonts/bf962d3202883a820aed019d9b5c1838c2ff69c6.ttf
harfbuzz-12.0.0/test/shape/data/in-house/fonts/c4e48b0886ef460f532fb49f00047ec92c432ec0.ttf
harfbuzz-12.0.0/test/shape/data/in-house/fonts/c825900b8a5b6571f0eb6c8c25c6512880bc42e9.ttf
harfbuzz-12.0.0/test/shape/data/in-house/fonts/cc5f3d2d717fb6bd4dfae1c16d48a2cb8e12233b.ttf
harfbuzz-12.0.0/test/shape/data/in-house/fonts/cee442574141a0304e780b27dd872519f7d229db.ttf
harfbuzz-12.0.0/test/shape/data/in-house/fonts/d0430ea499348c420946f6abc2efc84fdf8f00e3.ttf
harfbuzz-12.0.0/test/shape/data/in-house/fonts/d23d76ea0909c14972796937ba072b5a40c1e257.ttf
harfbuzz-12.0.0/test/shape/data/in-house/fonts/d3129450fafe5e5c98cfc25a4e71809b1b4d2855.ttf
harfbuzz-12.0.0/test/shape/data/in-house/fonts/d629e7fedc0b350222d7987345fe61613fa3929a.ttf
harfbuzz-12.0.0/test/shape/data/in-house/fonts/d9b8bc10985f24796826c29f7ccba3d0ae11ec02.ttf
harfbuzz-12.0.0/test/shape/data/in-house/fonts/dcf774ca21062e7439f98658b18974ea8b956d0c.ttf
harfbuzz-12.0.0/test/shape/data/in-house/fonts/df768b9c257e0c9c35786c47cae15c46571d56be.ttf
harfbuzz-12.0.0/test/shape/data/in-house/fonts/e207635780b42f898d58654b65098763e340f5c7.ttf
harfbuzz-12.0.0/test/shape/data/in-house/fonts/e2b17207c4b7ad78d843e1b0c4d00b09398a1137.ttf
harfbuzz-12.0.0/test/shape/data/in-house/fonts/e39391c77a6321c2ac7a2d644de0396470cd4bfe.ttf
harfbuzz-12.0.0/test/shape/data/in-house/fonts/e5ff44940364c2247abed50bdda30d2ef5aedfe4.ttf
harfbuzz-12.0.0/test/shape/data/in-house/fonts/e6185e88b04432fbf373594d5971686bb7dd698d.ttf
harfbuzz-12.0.0/test/shape/data/in-house/fonts/e68a88939e0f06e34d2bc911f09b70890289c8fd.ttf
harfbuzz-12.0.0/test/shape/data/in-house/fonts/e716f6bd00a108d186b7e9f47b4515565f784f36.ttf
harfbuzz-12.0.0/test/shape/data/in-house/fonts/e8691822f6a705e3e9fb48a0405c645b1a036590.ttf
harfbuzz-12.0.0/test/shape/data/in-house/fonts/ea3f63620511b2097200d23774ffef197e829e69.ttf
harfbuzz-12.0.0/test/shape/data/in-house/fonts/ec404b8524cd56efa5d25524cc8541a0b6604b4f.ttf
harfbuzz-12.0.0/test/shape/data/in-house/fonts/ee39587d13b2afa5499cc79e45780aa79293bbd4.ttf
harfbuzz-12.0.0/test/shape/data/in-house/fonts/ef86fe710cfea877bbe0dbb6946a1f88d0661031.ttf
harfbuzz-12.0.0/test/shape/data/in-house/fonts/f22416c692720a7d46fadf4af99f4c9e094f00b9.ttf
harfbuzz-12.0.0/test/shape/data/in-house/fonts/f443753e8ffe8e8aae606cfba158e00334b6efb1.ttf
harfbuzz-12.0.0/test/shape/data/in-house/fonts/f499fbc23865022234775c43503bba2e63978fe1.ttf
harfbuzz-12.0.0/test/shape/data/in-house/fonts/f4ba5a767ef56a40133844507efb98fee5635e71.ttf
harfbuzz-12.0.0/test/shape/data/in-house/fonts/f518eb6f6b5eec2946c9fbbbde44e45d46f5e2ac.ttf
harfbuzz-12.0.0/test/shape/data/in-house/fonts/f70f345188472b93f565d1d7fae8c668dd6a3244.ttf
harfbuzz-12.0.0/test/shape/data/in-house/fonts/f75c4b05a0a4d67c1a808081ae3d74a9c66509e8.ttf
harfbuzz-12.0.0/test/shape/data/in-house/fonts/f79eb71df4e4c9c273b67b89a06e5ff9e3c1f834.ttf
harfbuzz-12.0.0/test/shape/data/in-house/fonts/f9b1dd4dcb515e757789a22cb4241107746fd3d0.ttf
harfbuzz-12.0.0/test/shape/data/in-house/fonts/fbb6c84c9e1fe0c39e152fbe845e51fd81f6748e.ttf
harfbuzz-12.0.0/test/shape/data/in-house/fonts/fcbaa518d3cce441ed37ae3b1fed6a19e9b54efd.ttf
harfbuzz-12.0.0/test/shape/data/in-house/fonts/fcdcffbdf1c4c97c05308d7600e4c283eb47dbca.ttf
harfbuzz-12.0.0/test/shape/data/in-house/fonts/fcea341ba6489536390384d8403ce5287ba71a4a.ttf
harfbuzz-12.0.0/test/shape/data/in-house/fonts/fd07ea46e4d8368ada1776208c07fd596f727852.ttf
harfbuzz-12.0.0/test/shape/data/in-house/fonts/ffa0f5d2d9025486d8469d8b1fdd983e7632499b.ttf
harfbuzz-12.0.0/test/shape/data/in-house/meson.build
harfbuzz-12.0.0/test/shape/data/in-house/tests/
harfbuzz-12.0.0/test/shape/data/in-house/tests/aat-morx.tests
harfbuzz-12.0.0/test/shape/data/in-house/tests/aat-trak.tests
harfbuzz-12.0.0/test/shape/data/in-house/tests/arabic-fallback-shaping.tests
harfbuzz-12.0.0/test/shape/data/in-house/tests/arabic-feature-order.tests
harfbuzz-12.0.0/test/shape/data/in-house/tests/arabic-like-joining.tests
harfbuzz-12.0.0/test/shape/data/in-house/tests/arabic-mark-order.tests
harfbuzz-12.0.0/test/shape/data/in-house/tests/arabic-normalization.tests
harfbuzz-12.0.0/test/shape/data/in-house/tests/arabic-phags-pa.tests
harfbuzz-12.0.0/test/shape/data/in-house/tests/arabic-stch.tests
harfbuzz-12.0.0/test/shape/data/in-house/tests/automatic-fractions.tests
harfbuzz-12.0.0/test/shape/data/in-house/tests/cluster.tests
harfbuzz-12.0.0/test/shape/data/in-house/tests/collections.tests
harfbuzz-12.0.0/test/shape/data/in-house/tests/color-fonts.tests
harfbuzz-12.0.0/test/shape/data/in-house/tests/context-matching.tests
harfbuzz-12.0.0/test/shape/data/in-house/tests/coretext.tests
harfbuzz-12.0.0/test/shape/data/in-house/tests/cursive-positioning.tests
harfbuzz-12.0.0/test/shape/data/in-house/tests/default-ignorables.tests
harfbuzz-12.0.0/test/shape/data/in-house/tests/digits.tests
harfbuzz-12.0.0/test/shape/data/in-house/tests/directwrite.tests
harfbuzz-12.0.0/test/shape/data/in-house/tests/emoji-clusters.tests
harfbuzz-12.0.0/test/shape/data/in-house/tests/emoji.tests
harfbuzz-12.0.0/test/shape/data/in-house/tests/fallback-positioning.tests
harfbuzz-12.0.0/test/shape/data/in-house/tests/glyph-props-no-gdef.tests
harfbuzz-12.0.0/test/shape/data/in-house/tests/hangul-jamo.tests
harfbuzz-12.0.0/test/shape/data/in-house/tests/hebrew-diacritics.tests
harfbuzz-12.0.0/test/shape/data/in-house/tests/hyphens.tests
harfbuzz-12.0.0/test/shape/data/in-house/tests/indic-consonant-with-stacker.tests
harfbuzz-12.0.0/test/shape/data/in-house/tests/indic-decompose.tests
harfbuzz-12.0.0/test/shape/data/in-house/tests/indic-feature-order.tests
harfbuzz-12.0.0/test/shape/data/in-house/tests/indic-init.tests
harfbuzz-12.0.0/test/shape/data/in-house/tests/indic-joiner-candrabindu.tests
harfbuzz-12.0.0/test/shape/data/in-house/tests/indic-joiners.tests
harfbuzz-12.0.0/test/shape/data/in-house/tests/indic-malayalam-dot-reph.tests
harfbuzz-12.0.0/test/shape/data/in-house/tests/indic-old-spec.tests
harfbuzz-12.0.0/test/shape/data/in-house/tests/indic-pref-blocking.tests
harfbuzz-12.0.0/test/shape/data/in-house/tests/indic-script-extensions.tests
harfbuzz-12.0.0/test/shape/data/in-house/tests/indic-special-cases.tests
harfbuzz-12.0.0/test/shape/data/in-house/tests/indic-syllable.tests
harfbuzz-12.0.0/test/shape/data/in-house/tests/indic-vowel-letter-spoofing.tests
harfbuzz-12.0.0/test/shape/data/in-house/tests/item-context.tests
harfbuzz-12.0.0/test/shape/data/in-house/tests/kbts.tests
harfbuzz-12.0.0/test/shape/data/in-house/tests/kern-format2.tests
harfbuzz-12.0.0/test/shape/data/in-house/tests/khmer-mark-order.tests
harfbuzz-12.0.0/test/shape/data/in-house/tests/khmer-misc.tests
harfbuzz-12.0.0/test/shape/data/in-house/tests/language-tags.tests
harfbuzz-12.0.0/test/shape/data/in-house/tests/ligature-id.tests
harfbuzz-12.0.0/test/shape/data/in-house/tests/macos.tests
harfbuzz-12.0.0/test/shape/data/in-house/tests/mark-attachment.tests
harfbuzz-12.0.0/test/shape/data/in-house/tests/mark-filtering-sets.tests
harfbuzz-12.0.0/test/shape/data/in-house/tests/mongolian-variation-selector.tests
harfbuzz-12.0.0/test/shape/data/in-house/tests/myanmar-misc.tests
harfbuzz-12.0.0/test/shape/data/in-house/tests/myanmar-syllable.tests
harfbuzz-12.0.0/test/shape/data/in-house/tests/myanmar-zawgyi.tests
harfbuzz-12.0.0/test/shape/data/in-house/tests/nested-mark-filtering-sets.tests
harfbuzz-12.0.0/test/shape/data/in-house/tests/none-directional.tests
harfbuzz-12.0.0/test/shape/data/in-house/tests/positioning-features.tests
harfbuzz-12.0.0/test/shape/data/in-house/tests/rand.tests
harfbuzz-12.0.0/test/shape/data/in-house/tests/reverse-sub.tests
harfbuzz-12.0.0/test/shape/data/in-house/tests/rotation.tests
harfbuzz-12.0.0/test/shape/data/in-house/tests/sara-am.tests
harfbuzz-12.0.0/test/shape/data/in-house/tests/simple.tests
harfbuzz-12.0.0/test/shape/data/in-house/tests/sinhala.tests
harfbuzz-12.0.0/test/shape/data/in-house/tests/spaces.tests
harfbuzz-12.0.0/test/shape/data/in-house/tests/tibetan-contractions-1.tests
harfbuzz-12.0.0/test/shape/data/in-house/tests/tibetan-contractions-2.tests
harfbuzz-12.0.0/test/shape/data/in-house/tests/tibetan-vowels.tests
harfbuzz-12.0.0/test/shape/data/in-house/tests/tt-kern-gpos.tests
harfbuzz-12.0.0/test/shape/data/in-house/tests/uniscribe.tests
harfbuzz-12.0.0/test/shape/data/in-house/tests/unsafe-to-concat.tests
harfbuzz-12.0.0/test/shape/data/in-house/tests/use-indic3.tests
harfbuzz-12.0.0/test/shape/data/in-house/tests/use-javanese.tests
harfbuzz-12.0.0/test/shape/data/in-house/tests/use-marchen.tests
harfbuzz-12.0.0/test/shape/data/in-house/tests/use-syllable.tests
harfbuzz-12.0.0/test/shape/data/in-house/tests/use-vowel-letter-spoofing.tests
harfbuzz-12.0.0/test/shape/data/in-house/tests/use.tests
harfbuzz-12.0.0/test/shape/data/in-house/tests/variation-selectors.tests
harfbuzz-12.0.0/test/shape/data/in-house/tests/variations-rvrn.tests
harfbuzz-12.0.0/test/shape/data/in-house/tests/variations.tests
harfbuzz-12.0.0/test/shape/data/in-house/tests/vertical.tests
harfbuzz-12.0.0/test/shape/data/in-house/tests/zero-width-marks.tests
harfbuzz-12.0.0/test/shape/data/text-rendering-tests/
harfbuzz-12.0.0/test/shape/data/text-rendering-tests/COPYING
harfbuzz-12.0.0/test/shape/data/text-rendering-tests/DISABLED
harfbuzz-12.0.0/test/shape/data/text-rendering-tests/README
harfbuzz-12.0.0/test/shape/data/text-rendering-tests/fonts/
harfbuzz-12.0.0/test/shape/data/text-rendering-tests/fonts/AdobeVFPrototype-Subset.otf
harfbuzz-12.0.0/test/shape/data/text-rendering-tests/fonts/FDArrayTest257.otf
harfbuzz-12.0.0/test/shape/data/text-rendering-tests/fonts/FDArrayTest65535.otf
harfbuzz-12.0.0/test/shape/data/text-rendering-tests/fonts/NotoSansBalinese-Regular.ttf
harfbuzz-12.0.0/test/shape/data/text-rendering-tests/fonts/NotoSansKannada-Regular.ttf
harfbuzz-12.0.0/test/shape/data/text-rendering-tests/fonts/NotoSerifKannada-Regular.ttf
harfbuzz-12.0.0/test/shape/data/text-rendering-tests/fonts/Selawik-README.md
harfbuzz-12.0.0/test/shape/data/text-rendering-tests/fonts/Selawik-variable.ttf
harfbuzz-12.0.0/test/shape/data/text-rendering-tests/fonts/TestAVAR.ttf
harfbuzz-12.0.0/test/shape/data/text-rendering-tests/fonts/TestCFFThree.otf
harfbuzz-12.0.0/test/shape/data/text-rendering-tests/fonts/TestCMAP13.ttf
harfbuzz-12.0.0/test/shape/data/text-rendering-tests/fonts/TestCMAP14.otf
harfbuzz-12.0.0/test/shape/data/text-rendering-tests/fonts/TestCMAPMacTurkish.ttf
harfbuzz-12.0.0/test/shape/data/text-rendering-tests/fonts/TestCVARGVAROne.ttf
harfbuzz-12.0.0/test/shape/data/text-rendering-tests/fonts/TestCVARGVARTwo.ttf
harfbuzz-12.0.0/test/shape/data/text-rendering-tests/fonts/TestGLYFOne.ttf
harfbuzz-12.0.0/test/shape/data/text-rendering-tests/fonts/TestGPOSFour.ttf
harfbuzz-12.0.0/test/shape/data/text-rendering-tests/fonts/TestGPOSOne.ttf
harfbuzz-12.0.0/test/shape/data/text-rendering-tests/fonts/TestGPOSThree.ttf
harfbuzz-12.0.0/test/shape/data/text-rendering-tests/fonts/TestGPOSTwo.otf
harfbuzz-12.0.0/test/shape/data/text-rendering-tests/fonts/TestGSUBOne.otf
harfbuzz-12.0.0/test/shape/data/text-rendering-tests/fonts/TestGSUBThree.ttf
harfbuzz-12.0.0/test/shape/data/text-rendering-tests/fonts/TestGVAR-Composite-0.ttf
harfbuzz-12.0.0/test/shape/data/text-rendering-tests/fonts/TestGVAR-Composite-Missing.ttf
harfbuzz-12.0.0/test/shape/data/text-rendering-tests/fonts/TestGVAREight.ttf
harfbuzz-12.0.0/test/shape/data/text-rendering-tests/fonts/TestGVARFour.ttf
harfbuzz-12.0.0/test/shape/data/text-rendering-tests/fonts/TestGVARNine.ttf
harfbuzz-12.0.0/test/shape/data/text-rendering-tests/fonts/TestGVAROne.ttf
harfbuzz-12.0.0/test/shape/data/text-rendering-tests/fonts/TestGVARThree.ttf
harfbuzz-12.0.0/test/shape/data/text-rendering-tests/fonts/TestGVARTwo.ttf
harfbuzz-12.0.0/test/shape/data/text-rendering-tests/fonts/TestHVAROne.otf
harfbuzz-12.0.0/test/shape/data/text-rendering-tests/fonts/TestHVARTwo.ttf
harfbuzz-12.0.0/test/shape/data/text-rendering-tests/fonts/TestKERNOne.otf
harfbuzz-12.0.0/test/shape/data/text-rendering-tests/fonts/TestMORXEight.ttf
harfbuzz-12.0.0/test/shape/data/text-rendering-tests/fonts/TestMORXEighteen.ttf
harfbuzz-12.0.0/test/shape/data/text-rendering-tests/fonts/TestMORXEleven.ttf
harfbuzz-12.0.0/test/shape/data/text-rendering-tests/fonts/TestMORXForty.ttf
harfbuzz-12.0.0/test/shape/data/text-rendering-tests/fonts/TestMORXFour.ttf
harfbuzz-12.0.0/test/shape/data/text-rendering-tests/fonts/TestMORXFourteen.ttf
harfbuzz-12.0.0/test/shape/data/text-rendering-tests/fonts/TestMORXFourtyone.ttf
harfbuzz-12.0.0/test/shape/data/text-rendering-tests/fonts/TestMORXNine.ttf
harfbuzz-12.0.0/test/shape/data/text-rendering-tests/fonts/TestMORXOne.ttf
harfbuzz-12.0.0/test/shape/data/text-rendering-tests/fonts/TestMORXSeventeen.ttf
harfbuzz-12.0.0/test/shape/data/text-rendering-tests/fonts/TestMORXSixteen.ttf
harfbuzz-12.0.0/test/shape/data/text-rendering-tests/fonts/TestMORXTen.ttf
harfbuzz-12.0.0/test/shape/data/text-rendering-tests/fonts/TestMORXThirteen.ttf
harfbuzz-12.0.0/test/shape/data/text-rendering-tests/fonts/TestMORXThirtyeight.ttf
harfbuzz-12.0.0/test/shape/data/text-rendering-tests/fonts/TestMORXThirtyfive.ttf
harfbuzz-12.0.0/test/shape/data/text-rendering-tests/fonts/TestMORXThirtyfour.ttf
harfbuzz-12.0.0/test/shape/data/text-rendering-tests/fonts/TestMORXThirtynine.ttf
harfbuzz-12.0.0/test/shape/data/text-rendering-tests/fonts/TestMORXThirtyone.ttf
harfbuzz-12.0.0/test/shape/data/text-rendering-tests/fonts/TestMORXThirtyseven.ttf
harfbuzz-12.0.0/test/shape/data/text-rendering-tests/fonts/TestMORXThirtysix.ttf
harfbuzz-12.0.0/test/shape/data/text-rendering-tests/fonts/TestMORXThirtythree.ttf
harfbuzz-12.0.0/test/shape/data/text-rendering-tests/fonts/TestMORXThirtytwo.ttf
harfbuzz-12.0.0/test/shape/data/text-rendering-tests/fonts/TestMORXThree.ttf
harfbuzz-12.0.0/test/shape/data/text-rendering-tests/fonts/TestMORXTwelve.ttf
harfbuzz-12.0.0/test/shape/data/text-rendering-tests/fonts/TestMORXTwenty.ttf
harfbuzz-12.0.0/test/shape/data/text-rendering-tests/fonts/TestMORXTwentyeight.ttf
harfbuzz-12.0.0/test/shape/data/text-rendering-tests/fonts/TestMORXTwentyfive.ttf
harfbuzz-12.0.0/test/shape/data/text-rendering-tests/fonts/TestMORXTwentyfour.ttf
harfbuzz-12.0.0/test/shape/data/text-rendering-tests/fonts/TestMORXTwentynine.ttf
harfbuzz-12.0.0/test/shape/data/text-rendering-tests/fonts/TestMORXTwentyone.ttf
harfbuzz-12.0.0/test/shape/data/text-rendering-tests/fonts/TestMORXTwentyseven.ttf
harfbuzz-12.0.0/test/shape/data/text-rendering-tests/fonts/TestMORXTwentysix.ttf
harfbuzz-12.0.0/test/shape/data/text-rendering-tests/fonts/TestMORXTwentythree.ttf
harfbuzz-12.0.0/test/shape/data/text-rendering-tests/fonts/TestMORXTwentytwo.ttf
harfbuzz-12.0.0/test/shape/data/text-rendering-tests/fonts/TestMORXTwo.ttf
harfbuzz-12.0.0/test/shape/data/text-rendering-tests/fonts/TestRVRN-CFF2.otf
harfbuzz-12.0.0/test/shape/data/text-rendering-tests/fonts/TestRVRN.ttf
harfbuzz-12.0.0/test/shape/data/text-rendering-tests/fonts/TestSFNTOne.otf
harfbuzz-12.0.0/test/shape/data/text-rendering-tests/fonts/TestSFNTTwo.ttf
harfbuzz-12.0.0/test/shape/data/text-rendering-tests/fonts/TestSVGgradientTransform.otf
harfbuzz-12.0.0/test/shape/data/text-rendering-tests/fonts/TestSVGgzip.otf
harfbuzz-12.0.0/test/shape/data/text-rendering-tests/fonts/TestSVGmultiGlyphs.otf
harfbuzz-12.0.0/test/shape/data/text-rendering-tests/fonts/TestShapeAran.ttf
harfbuzz-12.0.0/test/shape/data/text-rendering-tests/fonts/TestShapeEthi.ttf
harfbuzz-12.0.0/test/shape/data/text-rendering-tests/fonts/TestShapeKndaV3.ttf
harfbuzz-12.0.0/test/shape/data/text-rendering-tests/fonts/TestShapeLana.ttf
harfbuzz-12.0.0/test/shape/data/text-rendering-tests/fonts/TestTRAKOne.ttf
harfbuzz-12.0.0/test/shape/data/text-rendering-tests/fonts/TestVRTR-CID-Regular.otf
harfbuzz-12.0.0/test/shape/data/text-rendering-tests/fonts/TestVRTR-Regular.otf
harfbuzz-12.0.0/test/shape/data/text-rendering-tests/fonts/TestVRTR-TTF-Regular.ttf
harfbuzz-12.0.0/test/shape/data/text-rendering-tests/fonts/Zycon.ttf
harfbuzz-12.0.0/test/shape/data/text-rendering-tests/meson.build
harfbuzz-12.0.0/test/shape/data/text-rendering-tests/tests/
harfbuzz-12.0.0/test/shape/data/text-rendering-tests/tests/AVAR-1.tests
harfbuzz-12.0.0/test/shape/data/text-rendering-tests/tests/CFF-1.tests
harfbuzz-12.0.0/test/shape/data/text-rendering-tests/tests/CFF-2.tests
harfbuzz-12.0.0/test/shape/data/text-rendering-tests/tests/CFF-3.tests
harfbuzz-12.0.0/test/shape/data/text-rendering-tests/tests/CFF2-1.tests
harfbuzz-12.0.0/test/shape/data/text-rendering-tests/tests/CMAP-1.tests
harfbuzz-12.0.0/test/shape/data/text-rendering-tests/tests/CMAP-2.tests
harfbuzz-12.0.0/test/shape/data/text-rendering-tests/tests/CMAP-3.tests
harfbuzz-12.0.0/test/shape/data/text-rendering-tests/tests/CMAP-4.tests
harfbuzz-12.0.0/test/shape/data/text-rendering-tests/tests/CVAR-1.tests
harfbuzz-12.0.0/test/shape/data/text-rendering-tests/tests/CVAR-2.tests
harfbuzz-12.0.0/test/shape/data/text-rendering-tests/tests/GLYF-1.tests
harfbuzz-12.0.0/test/shape/data/text-rendering-tests/tests/GPOS-1.tests
harfbuzz-12.0.0/test/shape/data/text-rendering-tests/tests/GPOS-2.tests
harfbuzz-12.0.0/test/shape/data/text-rendering-tests/tests/GPOS-3.tests
harfbuzz-12.0.0/test/shape/data/text-rendering-tests/tests/GPOS-4.tests
harfbuzz-12.0.0/test/shape/data/text-rendering-tests/tests/GPOS-5.tests
harfbuzz-12.0.0/test/shape/data/text-rendering-tests/tests/GSUB-1.tests
harfbuzz-12.0.0/test/shape/data/text-rendering-tests/tests/GSUB-2.tests
harfbuzz-12.0.0/test/shape/data/text-rendering-tests/tests/GSUB-3.tests
harfbuzz-12.0.0/test/shape/data/text-rendering-tests/tests/GVAR-1.tests
harfbuzz-12.0.0/test/shape/data/text-rendering-tests/tests/GVAR-2.tests
harfbuzz-12.0.0/test/shape/data/text-rendering-tests/tests/GVAR-3.tests
harfbuzz-12.0.0/test/shape/data/text-rendering-tests/tests/GVAR-4.tests
harfbuzz-12.0.0/test/shape/data/text-rendering-tests/tests/GVAR-5.tests
harfbuzz-12.0.0/test/shape/data/text-rendering-tests/tests/GVAR-6.tests
harfbuzz-12.0.0/test/shape/data/text-rendering-tests/tests/GVAR-7.tests
harfbuzz-12.0.0/test/shape/data/text-rendering-tests/tests/GVAR-8.tests
harfbuzz-12.0.0/test/shape/data/text-rendering-tests/tests/GVAR-9.tests
harfbuzz-12.0.0/test/shape/data/text-rendering-tests/tests/HVAR-1.tests
harfbuzz-12.0.0/test/shape/data/text-rendering-tests/tests/HVAR-2.tests
harfbuzz-12.0.0/test/shape/data/text-rendering-tests/tests/KERN-1.tests
harfbuzz-12.0.0/test/shape/data/text-rendering-tests/tests/KERN-2.tests
harfbuzz-12.0.0/test/shape/data/text-rendering-tests/tests/MORX-1.tests
harfbuzz-12.0.0/test/shape/data/text-rendering-tests/tests/MORX-10.tests
harfbuzz-12.0.0/test/shape/data/text-rendering-tests/tests/MORX-11.tests
harfbuzz-12.0.0/test/shape/data/text-rendering-tests/tests/MORX-12.tests
harfbuzz-12.0.0/test/shape/data/text-rendering-tests/tests/MORX-13.tests
harfbuzz-12.0.0/test/shape/data/text-rendering-tests/tests/MORX-14.tests
harfbuzz-12.0.0/test/shape/data/text-rendering-tests/tests/MORX-16.tests
harfbuzz-12.0.0/test/shape/data/text-rendering-tests/tests/MORX-17.tests
harfbuzz-12.0.0/test/shape/data/text-rendering-tests/tests/MORX-18.tests
harfbuzz-12.0.0/test/shape/data/text-rendering-tests/tests/MORX-19.tests
harfbuzz-12.0.0/test/shape/data/text-rendering-tests/tests/MORX-2.tests
harfbuzz-12.0.0/test/shape/data/text-rendering-tests/tests/MORX-20.tests
harfbuzz-12.0.0/test/shape/data/text-rendering-tests/tests/MORX-21.tests
harfbuzz-12.0.0/test/shape/data/text-rendering-tests/tests/MORX-22.tests
harfbuzz-12.0.0/test/shape/data/text-rendering-tests/tests/MORX-23.tests
harfbuzz-12.0.0/test/shape/data/text-rendering-tests/tests/MORX-24.tests
harfbuzz-12.0.0/test/shape/data/text-rendering-tests/tests/MORX-25.tests
harfbuzz-12.0.0/test/shape/data/text-rendering-tests/tests/MORX-26.tests
harfbuzz-12.0.0/test/shape/data/text-rendering-tests/tests/MORX-27.tests
harfbuzz-12.0.0/test/shape/data/text-rendering-tests/tests/MORX-28.tests
harfbuzz-12.0.0/test/shape/data/text-rendering-tests/tests/MORX-29.tests
harfbuzz-12.0.0/test/shape/data/text-rendering-tests/tests/MORX-3.tests
harfbuzz-12.0.0/test/shape/data/text-rendering-tests/tests/MORX-30.tests
harfbuzz-12.0.0/test/shape/data/text-rendering-tests/tests/MORX-31.tests
harfbuzz-12.0.0/test/shape/data/text-rendering-tests/tests/MORX-32.tests
harfbuzz-12.0.0/test/shape/data/text-rendering-tests/tests/MORX-33.tests
harfbuzz-12.0.0/test/shape/data/text-rendering-tests/tests/MORX-34.tests
harfbuzz-12.0.0/test/shape/data/text-rendering-tests/tests/MORX-35.tests
harfbuzz-12.0.0/test/shape/data/text-rendering-tests/tests/MORX-36.tests
harfbuzz-12.0.0/test/shape/data/text-rendering-tests/tests/MORX-37.tests
harfbuzz-12.0.0/test/shape/data/text-rendering-tests/tests/MORX-38.tests
harfbuzz-12.0.0/test/shape/data/text-rendering-tests/tests/MORX-39.tests
harfbuzz-12.0.0/test/shape/data/text-rendering-tests/tests/MORX-4.tests
harfbuzz-12.0.0/test/shape/data/text-rendering-tests/tests/MORX-40.tests
harfbuzz-12.0.0/test/shape/data/text-rendering-tests/tests/MORX-41.tests
harfbuzz-12.0.0/test/shape/data/text-rendering-tests/tests/MORX-5.tests
harfbuzz-12.0.0/test/shape/data/text-rendering-tests/tests/MORX-6.tests
harfbuzz-12.0.0/test/shape/data/text-rendering-tests/tests/MORX-7.tests
harfbuzz-12.0.0/test/shape/data/text-rendering-tests/tests/MORX-8.tests
harfbuzz-12.0.0/test/shape/data/text-rendering-tests/tests/MORX-9.tests
harfbuzz-12.0.0/test/shape/data/text-rendering-tests/tests/SFNT-1.tests
harfbuzz-12.0.0/test/shape/data/text-rendering-tests/tests/SFNT-2.tests
harfbuzz-12.0.0/test/shape/data/text-rendering-tests/tests/SHARAN-1.tests
harfbuzz-12.0.0/test/shape/data/text-rendering-tests/tests/SHBALI-1.tests
harfbuzz-12.0.0/test/shape/data/text-rendering-tests/tests/SHBALI-2.tests
harfbuzz-12.0.0/test/shape/data/text-rendering-tests/tests/SHBALI-3.tests
harfbuzz-12.0.0/test/shape/data/text-rendering-tests/tests/SHKNDA-1.tests
harfbuzz-12.0.0/test/shape/data/text-rendering-tests/tests/SHKNDA-2.tests
harfbuzz-12.0.0/test/shape/data/text-rendering-tests/tests/SHKNDA-3.tests
harfbuzz-12.0.0/test/shape/data/text-rendering-tests/tests/SHLANA-1.tests
harfbuzz-12.0.0/test/shape/data/text-rendering-tests/tests/SHLANA-10.tests
harfbuzz-12.0.0/test/shape/data/text-rendering-tests/tests/SHLANA-2.tests
harfbuzz-12.0.0/test/shape/data/text-rendering-tests/tests/SHLANA-3.tests
harfbuzz-12.0.0/test/shape/data/text-rendering-tests/tests/SHLANA-4.tests
harfbuzz-12.0.0/test/shape/data/text-rendering-tests/tests/SHLANA-5.tests
harfbuzz-12.0.0/test/shape/data/text-rendering-tests/tests/SHLANA-6.tests
harfbuzz-12.0.0/test/shape/data/text-rendering-tests/tests/SHLANA-7.tests
harfbuzz-12.0.0/test/shape/data/text-rendering-tests/tests/SHLANA-8.tests
harfbuzz-12.0.0/test/shape/data/text-rendering-tests/tests/SHLANA-9.tests
harfbuzz-12.0.0/test/shape/data/text-rendering-tests/update.py
harfbuzz-12.0.0/test/shape/hb-diff
harfbuzz-12.0.0/test/shape/hb-diff-colorize
harfbuzz-12.0.0/test/shape/hb-diff-filter-failures
harfbuzz-12.0.0/test/shape/hb-diff-stat
harfbuzz-12.0.0/test/shape/hb-unicode-decode
harfbuzz-12.0.0/test/shape/hb-unicode-encode
harfbuzz-12.0.0/test/shape/hb-unicode-prettyname
harfbuzz-12.0.0/test/shape/hb_test_tools.py
harfbuzz-12.0.0/test/shape/meson.build
harfbuzz-12.0.0/test/shape/record-test.sh
harfbuzz-12.0.0/test/shape/run-tests.py
harfbuzz-12.0.0/test/subset/
harfbuzz-12.0.0/test/subset/data/
harfbuzz-12.0.0/test/subset/data/expected/
harfbuzz-12.0.0/test/subset/data/expected/32bit_var_store/
harfbuzz-12.0.0/test/subset/data/expected/32bit_var_store/32bit_var_store.notdef-outline-retain-gids.61,62,63,64.otf
harfbuzz-12.0.0/test/subset/data/expected/32bit_var_store/32bit_var_store.notdef-outline-retain-gids.61,62.otf
harfbuzz-12.0.0/test/subset/data/expected/32bit_var_store/32bit_var_store.notdef-outline-retain-gids.61,63.otf
harfbuzz-12.0.0/test/subset/data/expected/32bit_var_store/32bit_var_store.notdef-outline-retain-gids.61,64.otf
harfbuzz-12.0.0/test/subset/data/expected/32bit_var_store/32bit_var_store.notdef-outline-retain-gids.61.otf
harfbuzz-12.0.0/test/subset/data/expected/32bit_var_store/32bit_var_store.notdef-outline-retain-gids.62.otf
harfbuzz-12.0.0/test/subset/data/expected/32bit_var_store/32bit_var_store.notdef-outline-retain-gids.63.otf
harfbuzz-12.0.0/test/subset/data/expected/32bit_var_store/32bit_var_store.notdef-outline-retain-gids.64.otf
harfbuzz-12.0.0/test/subset/data/expected/32bit_var_store/32bit_var_store.notdef-outline.61,62,63,64.otf
harfbuzz-12.0.0/test/subset/data/expected/32bit_var_store/32bit_var_store.notdef-outline.61,62.otf
harfbuzz-12.0.0/test/subset/data/expected/32bit_var_store/32bit_var_store.notdef-outline.61,63.otf
harfbuzz-12.0.0/test/subset/data/expected/32bit_var_store/32bit_var_store.notdef-outline.61,64.otf
harfbuzz-12.0.0/test/subset/data/expected/32bit_var_store/32bit_var_store.notdef-outline.61.otf
harfbuzz-12.0.0/test/subset/data/expected/32bit_var_store/32bit_var_store.notdef-outline.62.otf
harfbuzz-12.0.0/test/subset/data/expected/32bit_var_store/32bit_var_store.notdef-outline.63.otf
harfbuzz-12.0.0/test/subset/data/expected/32bit_var_store/32bit_var_store.notdef-outline.64.otf
harfbuzz-12.0.0/test/subset/data/expected/apply_cvar_delta/
harfbuzz-12.0.0/test/subset/data/expected/apply_cvar_delta/Comfortaa-Regular-new.default.all.wght=300.ttf
harfbuzz-12.0.0/test/subset/data/expected/apply_cvar_delta/Comfortaa-Regular-new.default.all.wght=700.ttf
harfbuzz-12.0.0/test/subset/data/expected/apply_cvar_delta/Muli-ABC.default.all.wght=300.ttf
harfbuzz-12.0.0/test/subset/data/expected/apply_cvar_delta/Muli-ABC.default.all.wght=700.ttf
harfbuzz-12.0.0/test/subset/data/expected/basics/
harfbuzz-12.0.0/test/subset/data/expected/basics/NanumMyeongjo-Regular-subset.default.61,62,63.ttf
harfbuzz-12.0.0/test/subset/data/expected/basics/NanumMyeongjo-Regular-subset.default.61.ttf
harfbuzz-12.0.0/test/subset/data/expected/basics/NanumMyeongjo-Regular-subset.default.all.ttf
harfbuzz-12.0.0/test/subset/data/expected/basics/NanumMyeongjo-Regular-subset.drop-hints-retain-gids.61,62,63.ttf
harfbuzz-12.0.0/test/subset/data/expected/basics/NanumMyeongjo-Regular-subset.drop-hints-retain-gids.61.ttf
harfbuzz-12.0.0/test/subset/data/expected/basics/NanumMyeongjo-Regular-subset.drop-hints-retain-gids.all.ttf
harfbuzz-12.0.0/test/subset/data/expected/basics/NanumMyeongjo-Regular-subset.drop-hints.61,62,63.ttf
harfbuzz-12.0.0/test/subset/data/expected/basics/NanumMyeongjo-Regular-subset.drop-hints.61.ttf
harfbuzz-12.0.0/test/subset/data/expected/basics/NanumMyeongjo-Regular-subset.drop-hints.all.ttf
harfbuzz-12.0.0/test/subset/data/expected/basics/NanumMyeongjo-Regular-subset.gids.61,62,63.ttf
harfbuzz-12.0.0/test/subset/data/expected/basics/NanumMyeongjo-Regular-subset.gids.61.ttf
harfbuzz-12.0.0/test/subset/data/expected/basics/NanumMyeongjo-Regular-subset.gids.all.ttf
harfbuzz-12.0.0/test/subset/data/expected/basics/NanumMyeongjo-Regular-subset.glyph-names.61,62,63.ttf
harfbuzz-12.0.0/test/subset/data/expected/basics/NanumMyeongjo-Regular-subset.glyph-names.61.ttf
harfbuzz-12.0.0/test/subset/data/expected/basics/NanumMyeongjo-Regular-subset.glyph-names.all.ttf
harfbuzz-12.0.0/test/subset/data/expected/basics/NanumMyeongjo-Regular-subset.keep-all-layout-features.61,62,63.ttf
harfbuzz-12.0.0/test/subset/data/expected/basics/NanumMyeongjo-Regular-subset.keep-all-layout-features.61.ttf
harfbuzz-12.0.0/test/subset/data/expected/basics/NanumMyeongjo-Regular-subset.keep-all-layout-features.all.ttf
harfbuzz-12.0.0/test/subset/data/expected/basics/NanumMyeongjo-Regular-subset.layout-features.61,62,63.ttf
harfbuzz-12.0.0/test/subset/data/expected/basics/NanumMyeongjo-Regular-subset.layout-features.61.ttf
harfbuzz-12.0.0/test/subset/data/expected/basics/NanumMyeongjo-Regular-subset.layout-features.all.ttf
harfbuzz-12.0.0/test/subset/data/expected/basics/NanumMyeongjo-Regular-subset.name-ids.61,62,63.ttf
harfbuzz-12.0.0/test/subset/data/expected/basics/NanumMyeongjo-Regular-subset.name-ids.61.ttf
harfbuzz-12.0.0/test/subset/data/expected/basics/NanumMyeongjo-Regular-subset.name-ids.all.ttf
harfbuzz-12.0.0/test/subset/data/expected/basics/NanumMyeongjo-Regular-subset.name-languages.61,62,63.ttf
harfbuzz-12.0.0/test/subset/data/expected/basics/NanumMyeongjo-Regular-subset.name-languages.61.ttf
harfbuzz-12.0.0/test/subset/data/expected/basics/NanumMyeongjo-Regular-subset.name-languages.all.ttf
harfbuzz-12.0.0/test/subset/data/expected/basics/NanumMyeongjo-Regular-subset.name-legacy.61,62,63.ttf
harfbuzz-12.0.0/test/subset/data/expected/basics/NanumMyeongjo-Regular-subset.name-legacy.61.ttf
harfbuzz-12.0.0/test/subset/data/expected/basics/NanumMyeongjo-Regular-subset.name-legacy.all.ttf
harfbuzz-12.0.0/test/subset/data/expected/basics/NanumMyeongjo-Regular-subset.no-prune-unicode-ranges.61,62,63.ttf
harfbuzz-12.0.0/test/subset/data/expected/basics/NanumMyeongjo-Regular-subset.no-prune-unicode-ranges.61.ttf
harfbuzz-12.0.0/test/subset/data/expected/basics/NanumMyeongjo-Regular-subset.no-prune-unicode-ranges.all.ttf
harfbuzz-12.0.0/test/subset/data/expected/basics/NanumMyeongjo-Regular-subset.notdef-outline.61,62,63.ttf
harfbuzz-12.0.0/test/subset/data/expected/basics/NanumMyeongjo-Regular-subset.notdef-outline.61.ttf
harfbuzz-12.0.0/test/subset/data/expected/basics/NanumMyeongjo-Regular-subset.notdef-outline.all.ttf
harfbuzz-12.0.0/test/subset/data/expected/basics/NanumMyeongjo-Regular-subset.retain-gids-glyph-names.61,62,63.ttf
harfbuzz-12.0.0/test/subset/data/expected/basics/NanumMyeongjo-Regular-subset.retain-gids-glyph-names.61.ttf
harfbuzz-12.0.0/test/subset/data/expected/basics/NanumMyeongjo-Regular-subset.retain-gids-glyph-names.all.ttf
harfbuzz-12.0.0/test/subset/data/expected/basics/NanumMyeongjo-Regular-subset.retain-gids.61,62,63.ttf
harfbuzz-12.0.0/test/subset/data/expected/basics/NanumMyeongjo-Regular-subset.retain-gids.61.ttf
harfbuzz-12.0.0/test/subset/data/expected/basics/NanumMyeongjo-Regular-subset.retain-gids.all.ttf
harfbuzz-12.0.0/test/subset/data/expected/basics/Roboto-Regular.abc.default.61,62,63.ttf
harfbuzz-12.0.0/test/subset/data/expected/basics/Roboto-Regular.abc.default.61.ttf
harfbuzz-12.0.0/test/subset/data/expected/basics/Roboto-Regular.abc.default.all.ttf
harfbuzz-12.0.0/test/subset/data/expected/basics/Roboto-Regular.abc.drop-hints-retain-gids.61,62,63.ttf
harfbuzz-12.0.0/test/subset/data/expected/basics/Roboto-Regular.abc.drop-hints-retain-gids.61.ttf
harfbuzz-12.0.0/test/subset/data/expected/basics/Roboto-Regular.abc.drop-hints-retain-gids.all.ttf
harfbuzz-12.0.0/test/subset/data/expected/basics/Roboto-Regular.abc.drop-hints.61,62,63.ttf
harfbuzz-12.0.0/test/subset/data/expected/basics/Roboto-Regular.abc.drop-hints.61.ttf
harfbuzz-12.0.0/test/subset/data/expected/basics/Roboto-Regular.abc.drop-hints.all.ttf
harfbuzz-12.0.0/test/subset/data/expected/basics/Roboto-Regular.abc.gids.61,62,63.ttf
harfbuzz-12.0.0/test/subset/data/expected/basics/Roboto-Regular.abc.gids.61.ttf
harfbuzz-12.0.0/test/subset/data/expected/basics/Roboto-Regular.abc.gids.all.ttf
harfbuzz-12.0.0/test/subset/data/expected/basics/Roboto-Regular.abc.glyph-names.61,62,63.ttf
harfbuzz-12.0.0/test/subset/data/expected/basics/Roboto-Regular.abc.glyph-names.61.ttf
harfbuzz-12.0.0/test/subset/data/expected/basics/Roboto-Regular.abc.glyph-names.all.ttf
harfbuzz-12.0.0/test/subset/data/expected/basics/Roboto-Regular.abc.keep-all-layout-features.61,62,63.ttf
harfbuzz-12.0.0/test/subset/data/expected/basics/Roboto-Regular.abc.keep-all-layout-features.61.ttf
harfbuzz-12.0.0/test/subset/data/expected/basics/Roboto-Regular.abc.keep-all-layout-features.all.ttf
harfbuzz-12.0.0/test/subset/data/expected/basics/Roboto-Regular.abc.layout-features.61,62,63.ttf
harfbuzz-12.0.0/test/subset/data/expected/basics/Roboto-Regular.abc.layout-features.61.ttf
harfbuzz-12.0.0/test/subset/data/expected/basics/Roboto-Regular.abc.layout-features.all.ttf
harfbuzz-12.0.0/test/subset/data/expected/basics/Roboto-Regular.abc.name-ids.61,62,63.ttf
harfbuzz-12.0.0/test/subset/data/expected/basics/Roboto-Regular.abc.name-ids.61.ttf
harfbuzz-12.0.0/test/subset/data/expected/basics/Roboto-Regular.abc.name-ids.all.ttf
harfbuzz-12.0.0/test/subset/data/expected/basics/Roboto-Regular.abc.name-languages.61,62,63.ttf
harfbuzz-12.0.0/test/subset/data/expected/basics/Roboto-Regular.abc.name-languages.61.ttf
harfbuzz-12.0.0/test/subset/data/expected/basics/Roboto-Regular.abc.name-languages.all.ttf
harfbuzz-12.0.0/test/subset/data/expected/basics/Roboto-Regular.abc.name-legacy.61,62,63.ttf
harfbuzz-12.0.0/test/subset/data/expected/basics/Roboto-Regular.abc.name-legacy.61.ttf
harfbuzz-12.0.0/test/subset/data/expected/basics/Roboto-Regular.abc.name-legacy.all.ttf
harfbuzz-12.0.0/test/subset/data/expected/basics/Roboto-Regular.abc.no-prune-unicode-ranges.61,62,63.ttf
harfbuzz-12.0.0/test/subset/data/expected/basics/Roboto-Regular.abc.no-prune-unicode-ranges.61.ttf
harfbuzz-12.0.0/test/subset/data/expected/basics/Roboto-Regular.abc.no-prune-unicode-ranges.all.ttf
harfbuzz-12.0.0/test/subset/data/expected/basics/Roboto-Regular.abc.notdef-outline.61,62,63.ttf
harfbuzz-12.0.0/test/subset/data/expected/basics/Roboto-Regular.abc.notdef-outline.61.ttf
harfbuzz-12.0.0/test/subset/data/expected/basics/Roboto-Regular.abc.notdef-outline.all.ttf
harfbuzz-12.0.0/test/subset/data/expected/basics/Roboto-Regular.abc.retain-gids-glyph-names.61,62,63.ttf
harfbuzz-12.0.0/test/subset/data/expected/basics/Roboto-Regular.abc.retain-gids-glyph-names.61.ttf
harfbuzz-12.0.0/test/subset/data/expected/basics/Roboto-Regular.abc.retain-gids-glyph-names.all.ttf
harfbuzz-12.0.0/test/subset/data/expected/basics/Roboto-Regular.abc.retain-gids.61,62,63.ttf
harfbuzz-12.0.0/test/subset/data/expected/basics/Roboto-Regular.abc.retain-gids.61.ttf
harfbuzz-12.0.0/test/subset/data/expected/basics/Roboto-Regular.abc.retain-gids.all.ttf
harfbuzz-12.0.0/test/subset/data/expected/bidi/
harfbuzz-12.0.0/test/subset/data/expected/bidi/Roboto-Regular.default.61,62,63,3C.ttf
harfbuzz-12.0.0/test/subset/data/expected/bidi/Roboto-Regular.default.61,62,63,3E.ttf
harfbuzz-12.0.0/test/subset/data/expected/bidi/Roboto-Regular.no_bidi_closure.61,62,63,3C.ttf
harfbuzz-12.0.0/test/subset/data/expected/bidi/Roboto-Regular.no_bidi_closure.61,62,63,3E.ttf
harfbuzz-12.0.0/test/subset/data/expected/cbdt/
harfbuzz-12.0.0/test/subset/data/expected/cbdt/NotoColorEmoji.subset.default.0038,0039,00AE,2049,0038,20E3,FE0F.ttf
harfbuzz-12.0.0/test/subset/data/expected/cbdt/NotoColorEmoji.subset.default.0038,00AE,2049,FE0F.ttf
harfbuzz-12.0.0/test/subset/data/expected/cbdt/NotoColorEmoji.subset.default.0038,2049,FE0F.ttf
harfbuzz-12.0.0/test/subset/data/expected/cbdt/NotoColorEmoji.subset.default.0038,20E3,FE0F.ttf
harfbuzz-12.0.0/test/subset/data/expected/cbdt/NotoColorEmoji.subset.default.0039,FE0F.ttf
harfbuzz-12.0.0/test/subset/data/expected/cbdt/NotoColorEmoji.subset.default.00AE,FE0F.ttf
harfbuzz-12.0.0/test/subset/data/expected/cbdt/NotoColorEmoji.subset.default.2049,FE0F.ttf
harfbuzz-12.0.0/test/subset/data/expected/cbdt/NotoColorEmoji.subset.drop-hints-retain-gids.0038,0039,00AE,2049,0038,20E3,FE0F.ttf
harfbuzz-12.0.0/test/subset/data/expected/cbdt/NotoColorEmoji.subset.drop-hints-retain-gids.0038,00AE,2049,FE0F.ttf
harfbuzz-12.0.0/test/subset/data/expected/cbdt/NotoColorEmoji.subset.drop-hints-retain-gids.0038,2049,FE0F.ttf
harfbuzz-12.0.0/test/subset/data/expected/cbdt/NotoColorEmoji.subset.drop-hints-retain-gids.0038,20E3,FE0F.ttf
harfbuzz-12.0.0/test/subset/data/expected/cbdt/NotoColorEmoji.subset.drop-hints-retain-gids.0039,FE0F.ttf
harfbuzz-12.0.0/test/subset/data/expected/cbdt/NotoColorEmoji.subset.drop-hints-retain-gids.00AE,FE0F.ttf
harfbuzz-12.0.0/test/subset/data/expected/cbdt/NotoColorEmoji.subset.drop-hints-retain-gids.2049,FE0F.ttf
harfbuzz-12.0.0/test/subset/data/expected/cbdt/NotoColorEmoji.subset.drop-hints.0038,0039,00AE,2049,0038,20E3,FE0F.ttf
harfbuzz-12.0.0/test/subset/data/expected/cbdt/NotoColorEmoji.subset.drop-hints.0038,00AE,2049,FE0F.ttf
harfbuzz-12.0.0/test/subset/data/expected/cbdt/NotoColorEmoji.subset.drop-hints.0038,2049,FE0F.ttf
harfbuzz-12.0.0/test/subset/data/expected/cbdt/NotoColorEmoji.subset.drop-hints.0038,20E3,FE0F.ttf
harfbuzz-12.0.0/test/subset/data/expected/cbdt/NotoColorEmoji.subset.drop-hints.0039,FE0F.ttf
harfbuzz-12.0.0/test/subset/data/expected/cbdt/NotoColorEmoji.subset.drop-hints.00AE,FE0F.ttf
harfbuzz-12.0.0/test/subset/data/expected/cbdt/NotoColorEmoji.subset.drop-hints.2049,FE0F.ttf
harfbuzz-12.0.0/test/subset/data/expected/cbdt/NotoColorEmoji.subset.gap.default.0038,0039,00AE,2049,0038,20E3,FE0F.ttf
harfbuzz-12.0.0/test/subset/data/expected/cbdt/NotoColorEmoji.subset.gap.default.0038,00AE,2049,FE0F.ttf
harfbuzz-12.0.0/test/subset/data/expected/cbdt/NotoColorEmoji.subset.gap.default.0038,2049,FE0F.ttf
harfbuzz-12.0.0/test/subset/data/expected/cbdt/NotoColorEmoji.subset.gap.default.0038,20E3,FE0F.ttf
harfbuzz-12.0.0/test/subset/data/expected/cbdt/NotoColorEmoji.subset.gap.default.0039,FE0F.ttf
harfbuzz-12.0.0/test/subset/data/expected/cbdt/NotoColorEmoji.subset.gap.default.00AE,FE0F.ttf
harfbuzz-12.0.0/test/subset/data/expected/cbdt/NotoColorEmoji.subset.gap.default.2049,FE0F.ttf
harfbuzz-12.0.0/test/subset/data/expected/cbdt/NotoColorEmoji.subset.gap.drop-hints-retain-gids.0038,0039,00AE,2049,0038,20E3,FE0F.ttf
harfbuzz-12.0.0/test/subset/data/expected/cbdt/NotoColorEmoji.subset.gap.drop-hints-retain-gids.0038,00AE,2049,FE0F.ttf
harfbuzz-12.0.0/test/subset/data/expected/cbdt/NotoColorEmoji.subset.gap.drop-hints-retain-gids.0038,2049,FE0F.ttf
harfbuzz-12.0.0/test/subset/data/expected/cbdt/NotoColorEmoji.subset.gap.drop-hints-retain-gids.0038,20E3,FE0F.ttf
harfbuzz-12.0.0/test/subset/data/expected/cbdt/NotoColorEmoji.subset.gap.drop-hints-retain-gids.0039,FE0F.ttf
harfbuzz-12.0.0/test/subset/data/expected/cbdt/NotoColorEmoji.subset.gap.drop-hints-retain-gids.00AE,FE0F.ttf
harfbuzz-12.0.0/test/subset/data/expected/cbdt/NotoColorEmoji.subset.gap.drop-hints-retain-gids.2049,FE0F.ttf
harfbuzz-12.0.0/test/subset/data/expected/cbdt/NotoColorEmoji.subset.gap.drop-hints.0038,0039,00AE,2049,0038,20E3,FE0F.ttf
harfbuzz-12.0.0/test/subset/data/expected/cbdt/NotoColorEmoji.subset.gap.drop-hints.0038,00AE,2049,FE0F.ttf
harfbuzz-12.0.0/test/subset/data/expected/cbdt/NotoColorEmoji.subset.gap.drop-hints.0038,2049,FE0F.ttf
harfbuzz-12.0.0/test/subset/data/expected/cbdt/NotoColorEmoji.subset.gap.drop-hints.0038,20E3,FE0F.ttf
harfbuzz-12.0.0/test/subset/data/expected/cbdt/NotoColorEmoji.subset.gap.drop-hints.0039,FE0F.ttf
harfbuzz-12.0.0/test/subset/data/expected/cbdt/NotoColorEmoji.subset.gap.drop-hints.00AE,FE0F.ttf
harfbuzz-12.0.0/test/subset/data/expected/cbdt/NotoColorEmoji.subset.gap.drop-hints.2049,FE0F.ttf
harfbuzz-12.0.0/test/subset/data/expected/cbdt/NotoColorEmoji.subset.gap.retain-gids.0038,0039,00AE,2049,0038,20E3,FE0F.ttf
harfbuzz-12.0.0/test/subset/data/expected/cbdt/NotoColorEmoji.subset.gap.retain-gids.0038,00AE,2049,FE0F.ttf
harfbuzz-12.0.0/test/subset/data/expected/cbdt/NotoColorEmoji.subset.gap.retain-gids.0038,2049,FE0F.ttf
harfbuzz-12.0.0/test/subset/data/expected/cbdt/NotoColorEmoji.subset.gap.retain-gids.0038,20E3,FE0F.ttf
harfbuzz-12.0.0/test/subset/data/expected/cbdt/NotoColorEmoji.subset.gap.retain-gids.0039,FE0F.ttf
harfbuzz-12.0.0/test/subset/data/expected/cbdt/NotoColorEmoji.subset.gap.retain-gids.00AE,FE0F.ttf
harfbuzz-12.0.0/test/subset/data/expected/cbdt/NotoColorEmoji.subset.gap.retain-gids.2049,FE0F.ttf
harfbuzz-12.0.0/test/subset/data/expected/cbdt/NotoColorEmoji.subset.index_format3.default.0038,0039,00AE,2049,0038,20E3,FE0F.ttf
harfbuzz-12.0.0/test/subset/data/expected/cbdt/NotoColorEmoji.subset.index_format3.default.0038,00AE,2049,FE0F.ttf
harfbuzz-12.0.0/test/subset/data/expected/cbdt/NotoColorEmoji.subset.index_format3.default.0038,2049,FE0F.ttf
harfbuzz-12.0.0/test/subset/data/expected/cbdt/NotoColorEmoji.subset.index_format3.default.0038,20E3,FE0F.ttf
harfbuzz-12.0.0/test/subset/data/expected/cbdt/NotoColorEmoji.subset.index_format3.default.0039,FE0F.ttf
harfbuzz-12.0.0/test/subset/data/expected/cbdt/NotoColorEmoji.subset.index_format3.default.00AE,FE0F.ttf
harfbuzz-12.0.0/test/subset/data/expected/cbdt/NotoColorEmoji.subset.index_format3.default.2049,FE0F.ttf
harfbuzz-12.0.0/test/subset/data/expected/cbdt/NotoColorEmoji.subset.index_format3.drop-hints-retain-gids.0038,0039,00AE,2049,0038,20E3,FE0F.ttf
harfbuzz-12.0.0/test/subset/data/expected/cbdt/NotoColorEmoji.subset.index_format3.drop-hints-retain-gids.0038,00AE,2049,FE0F.ttf
harfbuzz-12.0.0/test/subset/data/expected/cbdt/NotoColorEmoji.subset.index_format3.drop-hints-retain-gids.0038,2049,FE0F.ttf
harfbuzz-12.0.0/test/subset/data/expected/cbdt/NotoColorEmoji.subset.index_format3.drop-hints-retain-gids.0038,20E3,FE0F.ttf
harfbuzz-12.0.0/test/subset/data/expected/cbdt/NotoColorEmoji.subset.index_format3.drop-hints-retain-gids.0039,FE0F.ttf
harfbuzz-12.0.0/test/subset/data/expected/cbdt/NotoColorEmoji.subset.index_format3.drop-hints-retain-gids.00AE,FE0F.ttf
harfbuzz-12.0.0/test/subset/data/expected/cbdt/NotoColorEmoji.subset.index_format3.drop-hints-retain-gids.2049,FE0F.ttf
harfbuzz-12.0.0/test/subset/data/expected/cbdt/NotoColorEmoji.subset.index_format3.drop-hints.0038,0039,00AE,2049,0038,20E3,FE0F.ttf
harfbuzz-12.0.0/test/subset/data/expected/cbdt/NotoColorEmoji.subset.index_format3.drop-hints.0038,00AE,2049,FE0F.ttf
harfbuzz-12.0.0/test/subset/data/expected/cbdt/NotoColorEmoji.subset.index_format3.drop-hints.0038,2049,FE0F.ttf
harfbuzz-12.0.0/test/subset/data/expected/cbdt/NotoColorEmoji.subset.index_format3.drop-hints.0038,20E3,FE0F.ttf
harfbuzz-12.0.0/test/subset/data/expected/cbdt/NotoColorEmoji.subset.index_format3.drop-hints.0039,FE0F.ttf
harfbuzz-12.0.0/test/subset/data/expected/cbdt/NotoColorEmoji.subset.index_format3.drop-hints.00AE,FE0F.ttf
harfbuzz-12.0.0/test/subset/data/expected/cbdt/NotoColorEmoji.subset.index_format3.drop-hints.2049,FE0F.ttf
harfbuzz-12.0.0/test/subset/data/expected/cbdt/NotoColorEmoji.subset.index_format3.retain-gids.0038,0039,00AE,2049,0038,20E3,FE0F.ttf
harfbuzz-12.0.0/test/subset/data/expected/cbdt/NotoColorEmoji.subset.index_format3.retain-gids.0038,00AE,2049,FE0F.ttf
harfbuzz-12.0.0/test/subset/data/expected/cbdt/NotoColorEmoji.subset.index_format3.retain-gids.0038,2049,FE0F.ttf
harfbuzz-12.0.0/test/subset/data/expected/cbdt/NotoColorEmoji.subset.index_format3.retain-gids.0038,20E3,FE0F.ttf
harfbuzz-12.0.0/test/subset/data/expected/cbdt/NotoColorEmoji.subset.index_format3.retain-gids.0039,FE0F.ttf
harfbuzz-12.0.0/test/subset/data/expected/cbdt/NotoColorEmoji.subset.index_format3.retain-gids.00AE,FE0F.ttf
harfbuzz-12.0.0/test/subset/data/expected/cbdt/NotoColorEmoji.subset.index_format3.retain-gids.2049,FE0F.ttf
harfbuzz-12.0.0/test/subset/data/expected/cbdt/NotoColorEmoji.subset.multiple_size_tables.default.0038,0039,00AE,2049,0038,20E3,FE0F.ttf
harfbuzz-12.0.0/test/subset/data/expected/cbdt/NotoColorEmoji.subset.multiple_size_tables.default.0038,00AE,2049,FE0F.ttf
harfbuzz-12.0.0/test/subset/data/expected/cbdt/NotoColorEmoji.subset.multiple_size_tables.default.0038,2049,FE0F.ttf
harfbuzz-12.0.0/test/subset/data/expected/cbdt/NotoColorEmoji.subset.multiple_size_tables.default.0038,20E3,FE0F.ttf
harfbuzz-12.0.0/test/subset/data/expected/cbdt/NotoColorEmoji.subset.multiple_size_tables.default.0039,FE0F.ttf
harfbuzz-12.0.0/test/subset/data/expected/cbdt/NotoColorEmoji.subset.multiple_size_tables.default.00AE,FE0F.ttf
harfbuzz-12.0.0/test/subset/data/expected/cbdt/NotoColorEmoji.subset.multiple_size_tables.default.2049,FE0F.ttf
harfbuzz-12.0.0/test/subset/data/expected/cbdt/NotoColorEmoji.subset.multiple_size_tables.drop-hints-retain-gids.0038,0039,00AE,2049,0038,20E3,FE0F.ttf
harfbuzz-12.0.0/test/subset/data/expected/cbdt/NotoColorEmoji.subset.multiple_size_tables.drop-hints-retain-gids.0038,00AE,2049,FE0F.ttf
harfbuzz-12.0.0/test/subset/data/expected/cbdt/NotoColorEmoji.subset.multiple_size_tables.drop-hints-retain-gids.0038,2049,FE0F.ttf
harfbuzz-12.0.0/test/subset/data/expected/cbdt/NotoColorEmoji.subset.multiple_size_tables.drop-hints-retain-gids.0038,20E3,FE0F.ttf
harfbuzz-12.0.0/test/subset/data/expected/cbdt/NotoColorEmoji.subset.multiple_size_tables.drop-hints-retain-gids.0039,FE0F.ttf
harfbuzz-12.0.0/test/subset/data/expected/cbdt/NotoColorEmoji.subset.multiple_size_tables.drop-hints-retain-gids.00AE,FE0F.ttf
harfbuzz-12.0.0/test/subset/data/expected/cbdt/NotoColorEmoji.subset.multiple_size_tables.drop-hints-retain-gids.2049,FE0F.ttf
harfbuzz-12.0.0/test/subset/data/expected/cbdt/NotoColorEmoji.subset.multiple_size_tables.drop-hints.0038,0039,00AE,2049,0038,20E3,FE0F.ttf
harfbuzz-12.0.0/test/subset/data/expected/cbdt/NotoColorEmoji.subset.multiple_size_tables.drop-hints.0038,00AE,2049,FE0F.ttf
harfbuzz-12.0.0/test/subset/data/expected/cbdt/NotoColorEmoji.subset.multiple_size_tables.drop-hints.0038,2049,FE0F.ttf
harfbuzz-12.0.0/test/subset/data/expected/cbdt/NotoColorEmoji.subset.multiple_size_tables.drop-hints.0038,20E3,FE0F.ttf
harfbuzz-12.0.0/test/subset/data/expected/cbdt/NotoColorEmoji.subset.multiple_size_tables.drop-hints.0039,FE0F.ttf
harfbuzz-12.0.0/test/subset/data/expected/cbdt/NotoColorEmoji.subset.multiple_size_tables.drop-hints.00AE,FE0F.ttf
harfbuzz-12.0.0/test/subset/data/expected/cbdt/NotoColorEmoji.subset.multiple_size_tables.drop-hints.2049,FE0F.ttf
harfbuzz-12.0.0/test/subset/data/expected/cbdt/NotoColorEmoji.subset.multiple_size_tables.retain-gids.0038,0039,00AE,2049,0038,20E3,FE0F.ttf
harfbuzz-12.0.0/test/subset/data/expected/cbdt/NotoColorEmoji.subset.multiple_size_tables.retain-gids.0038,00AE,2049,FE0F.ttf
harfbuzz-12.0.0/test/subset/data/expected/cbdt/NotoColorEmoji.subset.multiple_size_tables.retain-gids.0038,2049,FE0F.ttf
harfbuzz-12.0.0/test/subset/data/expected/cbdt/NotoColorEmoji.subset.multiple_size_tables.retain-gids.0038,20E3,FE0F.ttf
harfbuzz-12.0.0/test/subset/data/expected/cbdt/NotoColorEmoji.subset.multiple_size_tables.retain-gids.0039,FE0F.ttf
harfbuzz-12.0.0/test/subset/data/expected/cbdt/NotoColorEmoji.subset.multiple_size_tables.retain-gids.00AE,FE0F.ttf
harfbuzz-12.0.0/test/subset/data/expected/cbdt/NotoColorEmoji.subset.multiple_size_tables.retain-gids.2049,FE0F.ttf
harfbuzz-12.0.0/test/subset/data/expected/cbdt/NotoColorEmoji.subset.retain-gids.0038,0039,00AE,2049,0038,20E3,FE0F.ttf
harfbuzz-12.0.0/test/subset/data/expected/cbdt/NotoColorEmoji.subset.retain-gids.0038,00AE,2049,FE0F.ttf
harfbuzz-12.0.0/test/subset/data/expected/cbdt/NotoColorEmoji.subset.retain-gids.0038,2049,FE0F.ttf
harfbuzz-12.0.0/test/subset/data/expected/cbdt/NotoColorEmoji.subset.retain-gids.0038,20E3,FE0F.ttf
harfbuzz-12.0.0/test/subset/data/expected/cbdt/NotoColorEmoji.subset.retain-gids.0039,FE0F.ttf
harfbuzz-12.0.0/test/subset/data/expected/cbdt/NotoColorEmoji.subset.retain-gids.00AE,FE0F.ttf
harfbuzz-12.0.0/test/subset/data/expected/cbdt/NotoColorEmoji.subset.retain-gids.2049,FE0F.ttf
harfbuzz-12.0.0/test/subset/data/expected/cff-full-font/
harfbuzz-12.0.0/test/subset/data/expected/cff-full-font/SourceSansPro-Regular.notdef-outline-desubroutinize-retain-gids.1FC,21,41,20,62,63.otf
harfbuzz-12.0.0/test/subset/data/expected/cff-full-font/SourceSansPro-Regular.notdef-outline-desubroutinize-retain-gids.61,62,63.otf
harfbuzz-12.0.0/test/subset/data/expected/cff-full-font/SourceSansPro-Regular.notdef-outline-desubroutinize-retain-gids.D7,D8,D9,DA,DE.otf
harfbuzz-12.0.0/test/subset/data/expected/cff-full-font/SourceSansPro-Regular.notdef-outline-desubroutinize.1FC,21,41,20,62,63.otf
harfbuzz-12.0.0/test/subset/data/expected/cff-full-font/SourceSansPro-Regular.notdef-outline-desubroutinize.61,62,63.otf
harfbuzz-12.0.0/test/subset/data/expected/cff-full-font/SourceSansPro-Regular.notdef-outline-desubroutinize.D7,D8,D9,DA,DE.otf
harfbuzz-12.0.0/test/subset/data/expected/cff-full-font/SourceSansPro-Regular.notdef-outline-drop-hints-desubroutinize-retain-gids.1FC,21,41,20,62,63.otf
harfbuzz-12.0.0/test/subset/data/expected/cff-full-font/SourceSansPro-Regular.notdef-outline-drop-hints-desubroutinize-retain-gids.61,62,63.otf
harfbuzz-12.0.0/test/subset/data/expected/cff-full-font/SourceSansPro-Regular.notdef-outline-drop-hints-desubroutinize-retain-gids.D7,D8,D9,DA,DE.otf
harfbuzz-12.0.0/test/subset/data/expected/cff-full-font/SourceSansPro-Regular.notdef-outline-drop-hints-desubroutinize.1FC,21,41,20,62,63.otf
harfbuzz-12.0.0/test/subset/data/expected/cff-full-font/SourceSansPro-Regular.notdef-outline-drop-hints-desubroutinize.61,62,63.otf
harfbuzz-12.0.0/test/subset/data/expected/cff-full-font/SourceSansPro-Regular.notdef-outline-drop-hints-desubroutinize.D7,D8,D9,DA,DE.otf
harfbuzz-12.0.0/test/subset/data/expected/cff-full-font/SourceSansPro-Regular.notdef-outline-drop-hints-retain-gids.1FC,21,41,20,62,63.otf
harfbuzz-12.0.0/test/subset/data/expected/cff-full-font/SourceSansPro-Regular.notdef-outline-drop-hints-retain-gids.61,62,63.otf
harfbuzz-12.0.0/test/subset/data/expected/cff-full-font/SourceSansPro-Regular.notdef-outline-drop-hints-retain-gids.D7,D8,D9,DA,DE.otf
harfbuzz-12.0.0/test/subset/data/expected/cff-full-font/SourceSansPro-Regular.notdef-outline-drop-hints.1FC,21,41,20,62,63.otf
harfbuzz-12.0.0/test/subset/data/expected/cff-full-font/SourceSansPro-Regular.notdef-outline-drop-hints.61,62,63.otf
harfbuzz-12.0.0/test/subset/data/expected/cff-full-font/SourceSansPro-Regular.notdef-outline-drop-hints.D7,D8,D9,DA,DE.otf
harfbuzz-12.0.0/test/subset/data/expected/cff-full-font/SourceSansPro-Regular.notdef-outline-retain-gids.1FC,21,41,20,62,63.otf
harfbuzz-12.0.0/test/subset/data/expected/cff-full-font/SourceSansPro-Regular.notdef-outline-retain-gids.61,62,63.otf
harfbuzz-12.0.0/test/subset/data/expected/cff-full-font/SourceSansPro-Regular.notdef-outline-retain-gids.D7,D8,D9,DA,DE.otf
harfbuzz-12.0.0/test/subset/data/expected/cff-full-font/SourceSansPro-Regular.notdef-outline.1FC,21,41,20,62,63.otf
harfbuzz-12.0.0/test/subset/data/expected/cff-full-font/SourceSansPro-Regular.notdef-outline.61,62,63.otf
harfbuzz-12.0.0/test/subset/data/expected/cff-full-font/SourceSansPro-Regular.notdef-outline.D7,D8,D9,DA,DE.otf
harfbuzz-12.0.0/test/subset/data/expected/cff-japanese/
harfbuzz-12.0.0/test/subset/data/expected/cff-japanese/SourceHanSans-Regular_subset.default.61,63,65,6B.otf
harfbuzz-12.0.0/test/subset/data/expected/cff-japanese/SourceHanSans-Regular_subset.default.660E.otf
harfbuzz-12.0.0/test/subset/data/expected/cff-japanese/SourceHanSans-Regular_subset.desubroutinize-retain-gids.61,63,65,6B.otf
harfbuzz-12.0.0/test/subset/data/expected/cff-japanese/SourceHanSans-Regular_subset.desubroutinize-retain-gids.660E.otf
harfbuzz-12.0.0/test/subset/data/expected/cff-japanese/SourceHanSans-Regular_subset.desubroutinize.61,63,65,6B.otf
harfbuzz-12.0.0/test/subset/data/expected/cff-japanese/SourceHanSans-Regular_subset.desubroutinize.660E.otf
harfbuzz-12.0.0/test/subset/data/expected/cff-japanese/SourceHanSans-Regular_subset.drop-hints-desubroutinize-retain-gids.61,63,65,6B.otf
harfbuzz-12.0.0/test/subset/data/expected/cff-japanese/SourceHanSans-Regular_subset.drop-hints-desubroutinize-retain-gids.660E.otf
harfbuzz-12.0.0/test/subset/data/expected/cff-japanese/SourceHanSans-Regular_subset.drop-hints-desubroutinize.61,63,65,6B.otf
harfbuzz-12.0.0/test/subset/data/expected/cff-japanese/SourceHanSans-Regular_subset.drop-hints-desubroutinize.660E.otf
harfbuzz-12.0.0/test/subset/data/expected/cff-japanese/SourceHanSans-Regular_subset.drop-hints-retain-gids.61,63,65,6B.otf
harfbuzz-12.0.0/test/subset/data/expected/cff-japanese/SourceHanSans-Regular_subset.drop-hints-retain-gids.660E.otf
harfbuzz-12.0.0/test/subset/data/expected/cff-japanese/SourceHanSans-Regular_subset.drop-hints.61,63,65,6B.otf
harfbuzz-12.0.0/test/subset/data/expected/cff-japanese/SourceHanSans-Regular_subset.drop-hints.660E.otf
harfbuzz-12.0.0/test/subset/data/expected/cff-japanese/SourceHanSans-Regular_subset.retain-gids.61,63,65,6B.otf
harfbuzz-12.0.0/test/subset/data/expected/cff-japanese/SourceHanSans-Regular_subset.retain-gids.660E.otf
harfbuzz-12.0.0/test/subset/data/expected/cff.notoserifmyanmar/
harfbuzz-12.0.0/test/subset/data/expected/cff.notoserifmyanmar/NotoSerifMyanmar-Regular.notdef-outline.1092.otf
harfbuzz-12.0.0/test/subset/data/expected/cmap/
harfbuzz-12.0.0/test/subset/data/expected/cmap/AdobeBlank-Regular.default.61,62.ttf
harfbuzz-12.0.0/test/subset/data/expected/cmap/AdobeBlank-Regular.default.FEE6,FECF.ttf
harfbuzz-12.0.0/test/subset/data/expected/cmap/AdobeBlank-Regular.drop-hints-retain-gids.61,62.ttf
harfbuzz-12.0.0/test/subset/data/expected/cmap/AdobeBlank-Regular.drop-hints-retain-gids.FEE6,FECF.ttf
harfbuzz-12.0.0/test/subset/data/expected/cmap/AdobeBlank-Regular.drop-hints.61,62.ttf
harfbuzz-12.0.0/test/subset/data/expected/cmap/AdobeBlank-Regular.drop-hints.FEE6,FECF.ttf
harfbuzz-12.0.0/test/subset/data/expected/cmap/AdobeBlank-Regular.name-ids.61,62.ttf
harfbuzz-12.0.0/test/subset/data/expected/cmap/AdobeBlank-Regular.name-ids.FEE6,FECF.ttf
harfbuzz-12.0.0/test/subset/data/expected/cmap/AdobeBlank-Regular.retain-gids.61,62.ttf
harfbuzz-12.0.0/test/subset/data/expected/cmap/AdobeBlank-Regular.retain-gids.FEE6,FECF.ttf
harfbuzz-12.0.0/test/subset/data/expected/cmap14/
harfbuzz-12.0.0/test/subset/data/expected/cmap14/cmap14_font1.notdef-outline-drop-hints.4E00,4E02,4E03,E0100.otf
harfbuzz-12.0.0/test/subset/data/expected/cmap14/cmap14_font1.notdef-outline-drop-hints.4E00,4E02,4E03.otf
harfbuzz-12.0.0/test/subset/data/expected/cmap14/cmap14_font1.notdef-outline-drop-hints.4E00,4E03,E0100.otf
harfbuzz-12.0.0/test/subset/data/expected/cmap14/cmap14_font1.notdef-outline-drop-hints.4E00,4E03.otf
harfbuzz-12.0.0/test/subset/data/expected/cmap14/cmap14_font1.notdef-outline-drop-hints.4E00,4E05,4E07,E0100.otf
harfbuzz-12.0.0/test/subset/data/expected/cmap14/cmap14_font1.notdef-outline-drop-hints.4E00,4E05,4E07.otf
harfbuzz-12.0.0/test/subset/data/expected/cmap14/cmap14_font1.notdef-outline-drop-hints.4E02,E0100.otf
harfbuzz-12.0.0/test/subset/data/expected/cmap14/cmap14_font1.notdef-outline-drop-hints.4E02.otf
harfbuzz-12.0.0/test/subset/data/expected/cmap14/cmap14_font1.notdef-outline-drop-hints.4E05,4E07,4E08,4E09,E0100.otf
harfbuzz-12.0.0/test/subset/data/expected/cmap14/cmap14_font1.notdef-outline-drop-hints.4E05,4E07,4E08,4E09.otf
harfbuzz-12.0.0/test/subset/data/expected/cmap14/cmap14_font1.notdef-outline-drop-hints.4E08,4E09,E0100.otf
harfbuzz-12.0.0/test/subset/data/expected/cmap14/cmap14_font1.notdef-outline-drop-hints.4E08,4E09.otf
harfbuzz-12.0.0/test/subset/data/expected/cmap14/cmap14_font1.notdef-outline-drop-hints.4E08.otf
harfbuzz-12.0.0/test/subset/data/expected/cmap14/cmap14_font1.notdef-outline-drop-hints.all.otf
harfbuzz-12.0.0/test/subset/data/expected/cmap14/cmap14_font1.notdef-outline-gids.4E00,4E02,4E03,E0100.otf
harfbuzz-12.0.0/test/subset/data/expected/cmap14/cmap14_font1.notdef-outline-gids.4E00,4E02,4E03.otf
harfbuzz-12.0.0/test/subset/data/expected/cmap14/cmap14_font1.notdef-outline-gids.4E00,4E03,E0100.otf
harfbuzz-12.0.0/test/subset/data/expected/cmap14/cmap14_font1.notdef-outline-gids.4E00,4E03.otf
harfbuzz-12.0.0/test/subset/data/expected/cmap14/cmap14_font1.notdef-outline-gids.4E00,4E05,4E07,E0100.otf
harfbuzz-12.0.0/test/subset/data/expected/cmap14/cmap14_font1.notdef-outline-gids.4E00,4E05,4E07.otf
harfbuzz-12.0.0/test/subset/data/expected/cmap14/cmap14_font1.notdef-outline-gids.4E02,E0100.otf
harfbuzz-12.0.0/test/subset/data/expected/cmap14/cmap14_font1.notdef-outline-gids.4E02.otf
harfbuzz-12.0.0/test/subset/data/expected/cmap14/cmap14_font1.notdef-outline-gids.4E05,4E07,4E08,4E09,E0100.otf
harfbuzz-12.0.0/test/subset/data/expected/cmap14/cmap14_font1.notdef-outline-gids.4E05,4E07,4E08,4E09.otf
harfbuzz-12.0.0/test/subset/data/expected/cmap14/cmap14_font1.notdef-outline-gids.4E08,4E09,E0100.otf
harfbuzz-12.0.0/test/subset/data/expected/cmap14/cmap14_font1.notdef-outline-gids.4E08,4E09.otf
harfbuzz-12.0.0/test/subset/data/expected/cmap14/cmap14_font1.notdef-outline-gids.4E08.otf
harfbuzz-12.0.0/test/subset/data/expected/cmap14/cmap14_font1.notdef-outline-gids.all.otf
harfbuzz-12.0.0/test/subset/data/expected/cmap14/cmap14_font1.notdef-outline-name-ids.4E00,4E02,4E03,E0100.otf
harfbuzz-12.0.0/test/subset/data/expected/cmap14/cmap14_font1.notdef-outline-name-ids.4E00,4E02,4E03.otf
harfbuzz-12.0.0/test/subset/data/expected/cmap14/cmap14_font1.notdef-outline-name-ids.4E00,4E03,E0100.otf
harfbuzz-12.0.0/test/subset/data/expected/cmap14/cmap14_font1.notdef-outline-name-ids.4E00,4E03.otf
harfbuzz-12.0.0/test/subset/data/expected/cmap14/cmap14_font1.notdef-outline-name-ids.4E00,4E05,4E07,E0100.otf
harfbuzz-12.0.0/test/subset/data/expected/cmap14/cmap14_font1.notdef-outline-name-ids.4E00,4E05,4E07.otf
harfbuzz-12.0.0/test/subset/data/expected/cmap14/cmap14_font1.notdef-outline-name-ids.4E02,E0100.otf
harfbuzz-12.0.0/test/subset/data/expected/cmap14/cmap14_font1.notdef-outline-name-ids.4E02.otf
harfbuzz-12.0.0/test/subset/data/expected/cmap14/cmap14_font1.notdef-outline-name-ids.4E05,4E07,4E08,4E09,E0100.otf
harfbuzz-12.0.0/test/subset/data/expected/cmap14/cmap14_font1.notdef-outline-name-ids.4E05,4E07,4E08,4E09.otf
harfbuzz-12.0.0/test/subset/data/expected/cmap14/cmap14_font1.notdef-outline-name-ids.4E08,4E09,E0100.otf
harfbuzz-12.0.0/test/subset/data/expected/cmap14/cmap14_font1.notdef-outline-name-ids.4E08,4E09.otf
harfbuzz-12.0.0/test/subset/data/expected/cmap14/cmap14_font1.notdef-outline-name-ids.4E08.otf
harfbuzz-12.0.0/test/subset/data/expected/cmap14/cmap14_font1.notdef-outline-name-ids.all.otf
harfbuzz-12.0.0/test/subset/data/expected/cmap14/cmap14_font1.notdef-outline-retain-gids.4E00,4E02,4E03,E0100.otf
harfbuzz-12.0.0/test/subset/data/expected/cmap14/cmap14_font1.notdef-outline-retain-gids.4E00,4E02,4E03.otf
harfbuzz-12.0.0/test/subset/data/expected/cmap14/cmap14_font1.notdef-outline-retain-gids.4E00,4E03,E0100.otf
harfbuzz-12.0.0/test/subset/data/expected/cmap14/cmap14_font1.notdef-outline-retain-gids.4E00,4E03.otf
harfbuzz-12.0.0/test/subset/data/expected/cmap14/cmap14_font1.notdef-outline-retain-gids.4E00,4E05,4E07,E0100.otf
harfbuzz-12.0.0/test/subset/data/expected/cmap14/cmap14_font1.notdef-outline-retain-gids.4E00,4E05,4E07.otf
harfbuzz-12.0.0/test/subset/data/expected/cmap14/cmap14_font1.notdef-outline-retain-gids.4E02,E0100.otf
harfbuzz-12.0.0/test/subset/data/expected/cmap14/cmap14_font1.notdef-outline-retain-gids.4E02.otf
harfbuzz-12.0.0/test/subset/data/expected/cmap14/cmap14_font1.notdef-outline-retain-gids.4E05,4E07,4E08,4E09,E0100.otf
harfbuzz-12.0.0/test/subset/data/expected/cmap14/cmap14_font1.notdef-outline-retain-gids.4E05,4E07,4E08,4E09.otf
harfbuzz-12.0.0/test/subset/data/expected/cmap14/cmap14_font1.notdef-outline-retain-gids.4E08,4E09,E0100.otf
harfbuzz-12.0.0/test/subset/data/expected/cmap14/cmap14_font1.notdef-outline-retain-gids.4E08,4E09.otf
harfbuzz-12.0.0/test/subset/data/expected/cmap14/cmap14_font1.notdef-outline-retain-gids.4E08.otf
harfbuzz-12.0.0/test/subset/data/expected/cmap14/cmap14_font1.notdef-outline-retain-gids.all.otf
harfbuzz-12.0.0/test/subset/data/expected/cmap14/cmap14_font2.notdef-outline-drop-hints.4E00,4E02,4E03,E0100.otf
harfbuzz-12.0.0/test/subset/data/expected/cmap14/cmap14_font2.notdef-outline-drop-hints.4E00,4E02,4E03.otf
harfbuzz-12.0.0/test/subset/data/expected/cmap14/cmap14_font2.notdef-outline-drop-hints.4E00,4E03,E0100.otf
harfbuzz-12.0.0/test/subset/data/expected/cmap14/cmap14_font2.notdef-outline-drop-hints.4E00,4E03.otf
harfbuzz-12.0.0/test/subset/data/expected/cmap14/cmap14_font2.notdef-outline-drop-hints.4E00,4E05,4E07,E0100.otf
harfbuzz-12.0.0/test/subset/data/expected/cmap14/cmap14_font2.notdef-outline-drop-hints.4E00,4E05,4E07.otf
harfbuzz-12.0.0/test/subset/data/expected/cmap14/cmap14_font2.notdef-outline-drop-hints.4E02,E0100.otf
harfbuzz-12.0.0/test/subset/data/expected/cmap14/cmap14_font2.notdef-outline-drop-hints.4E02.otf
harfbuzz-12.0.0/test/subset/data/expected/cmap14/cmap14_font2.notdef-outline-drop-hints.4E05,4E07,4E08,4E09,E0100.otf
harfbuzz-12.0.0/test/subset/data/expected/cmap14/cmap14_font2.notdef-outline-drop-hints.4E05,4E07,4E08,4E09.otf
harfbuzz-12.0.0/test/subset/data/expected/cmap14/cmap14_font2.notdef-outline-drop-hints.4E08,4E09,E0100.otf
harfbuzz-12.0.0/test/subset/data/expected/cmap14/cmap14_font2.notdef-outline-drop-hints.4E08,4E09.otf
harfbuzz-12.0.0/test/subset/data/expected/cmap14/cmap14_font2.notdef-outline-drop-hints.4E08.otf
harfbuzz-12.0.0/test/subset/data/expected/cmap14/cmap14_font2.notdef-outline-drop-hints.all.otf
harfbuzz-12.0.0/test/subset/data/expected/cmap14/cmap14_font2.notdef-outline-gids.4E00,4E02,4E03,E0100.otf
harfbuzz-12.0.0/test/subset/data/expected/cmap14/cmap14_font2.notdef-outline-gids.4E00,4E02,4E03.otf
harfbuzz-12.0.0/test/subset/data/expected/cmap14/cmap14_font2.notdef-outline-gids.4E00,4E03,E0100.otf
harfbuzz-12.0.0/test/subset/data/expected/cmap14/cmap14_font2.notdef-outline-gids.4E00,4E03.otf
harfbuzz-12.0.0/test/subset/data/expected/cmap14/cmap14_font2.notdef-outline-gids.4E00,4E05,4E07,E0100.otf
harfbuzz-12.0.0/test/subset/data/expected/cmap14/cmap14_font2.notdef-outline-gids.4E00,4E05,4E07.otf
harfbuzz-12.0.0/test/subset/data/expected/cmap14/cmap14_font2.notdef-outline-gids.4E02,E0100.otf
harfbuzz-12.0.0/test/subset/data/expected/cmap14/cmap14_font2.notdef-outline-gids.4E02.otf
harfbuzz-12.0.0/test/subset/data/expected/cmap14/cmap14_font2.notdef-outline-gids.4E05,4E07,4E08,4E09,E0100.otf
harfbuzz-12.0.0/test/subset/data/expected/cmap14/cmap14_font2.notdef-outline-gids.4E05,4E07,4E08,4E09.otf
harfbuzz-12.0.0/test/subset/data/expected/cmap14/cmap14_font2.notdef-outline-gids.4E08,4E09,E0100.otf
harfbuzz-12.0.0/test/subset/data/expected/cmap14/cmap14_font2.notdef-outline-gids.4E08,4E09.otf
harfbuzz-12.0.0/test/subset/data/expected/cmap14/cmap14_font2.notdef-outline-gids.4E08.otf
harfbuzz-12.0.0/test/subset/data/expected/cmap14/cmap14_font2.notdef-outline-gids.all.otf
harfbuzz-12.0.0/test/subset/data/expected/cmap14/cmap14_font2.notdef-outline-name-ids.4E00,4E02,4E03,E0100.otf
harfbuzz-12.0.0/test/subset/data/expected/cmap14/cmap14_font2.notdef-outline-name-ids.4E00,4E02,4E03.otf
harfbuzz-12.0.0/test/subset/data/expected/cmap14/cmap14_font2.notdef-outline-name-ids.4E00,4E03,E0100.otf
harfbuzz-12.0.0/test/subset/data/expected/cmap14/cmap14_font2.notdef-outline-name-ids.4E00,4E03.otf
harfbuzz-12.0.0/test/subset/data/expected/cmap14/cmap14_font2.notdef-outline-name-ids.4E00,4E05,4E07,E0100.otf
harfbuzz-12.0.0/test/subset/data/expected/cmap14/cmap14_font2.notdef-outline-name-ids.4E00,4E05,4E07.otf
harfbuzz-12.0.0/test/subset/data/expected/cmap14/cmap14_font2.notdef-outline-name-ids.4E02,E0100.otf
harfbuzz-12.0.0/test/subset/data/expected/cmap14/cmap14_font2.notdef-outline-name-ids.4E02.otf
harfbuzz-12.0.0/test/subset/data/expected/cmap14/cmap14_font2.notdef-outline-name-ids.4E05,4E07,4E08,4E09,E0100.otf
harfbuzz-12.0.0/test/subset/data/expected/cmap14/cmap14_font2.notdef-outline-name-ids.4E05,4E07,4E08,4E09.otf
harfbuzz-12.0.0/test/subset/data/expected/cmap14/cmap14_font2.notdef-outline-name-ids.4E08,4E09,E0100.otf
harfbuzz-12.0.0/test/subset/data/expected/cmap14/cmap14_font2.notdef-outline-name-ids.4E08,4E09.otf
harfbuzz-12.0.0/test/subset/data/expected/cmap14/cmap14_font2.notdef-outline-name-ids.4E08.otf
harfbuzz-12.0.0/test/subset/data/expected/cmap14/cmap14_font2.notdef-outline-name-ids.all.otf
harfbuzz-12.0.0/test/subset/data/expected/cmap14/cmap14_font2.notdef-outline-retain-gids.4E00,4E02,4E03,E0100.otf
harfbuzz-12.0.0/test/subset/data/expected/cmap14/cmap14_font2.notdef-outline-retain-gids.4E00,4E02,4E03.otf
harfbuzz-12.0.0/test/subset/data/expected/cmap14/cmap14_font2.notdef-outline-retain-gids.4E00,4E03,E0100.otf
harfbuzz-12.0.0/test/subset/data/expected/cmap14/cmap14_font2.notdef-outline-retain-gids.4E00,4E03.otf
harfbuzz-12.0.0/test/subset/data/expected/cmap14/cmap14_font2.notdef-outline-retain-gids.4E00,4E05,4E07,E0100.otf
harfbuzz-12.0.0/test/subset/data/expected/cmap14/cmap14_font2.notdef-outline-retain-gids.4E00,4E05,4E07.otf
harfbuzz-12.0.0/test/subset/data/expected/cmap14/cmap14_font2.notdef-outline-retain-gids.4E02,E0100.otf
harfbuzz-12.0.0/test/subset/data/expected/cmap14/cmap14_font2.notdef-outline-retain-gids.4E02.otf
harfbuzz-12.0.0/test/subset/data/expected/cmap14/cmap14_font2.notdef-outline-retain-gids.4E05,4E07,4E08,4E09,E0100.otf
harfbuzz-12.0.0/test/subset/data/expected/cmap14/cmap14_font2.notdef-outline-retain-gids.4E05,4E07,4E08,4E09.otf
harfbuzz-12.0.0/test/subset/data/expected/cmap14/cmap14_font2.notdef-outline-retain-gids.4E08,4E09,E0100.otf
harfbuzz-12.0.0/test/subset/data/expected/cmap14/cmap14_font2.notdef-outline-retain-gids.4E08,4E09.otf
harfbuzz-12.0.0/test/subset/data/expected/cmap14/cmap14_font2.notdef-outline-retain-gids.4E08.otf
harfbuzz-12.0.0/test/subset/data/expected/cmap14/cmap14_font2.notdef-outline-retain-gids.all.otf
harfbuzz-12.0.0/test/subset/data/expected/cmap4_overflow/
harfbuzz-12.0.0/test/subset/data/expected/cmap4_overflow/NotoSansTC.only_cmap.almost_overflow.cmap4_filter.all.ttf
harfbuzz-12.0.0/test/subset/data/expected/collect_name_ids/
harfbuzz-12.0.0/test/subset/data/expected/collect_name_ids/SourceSerif4Variable-Roman_subset.keep-all-layout-features.all.otf
harfbuzz-12.0.0/test/subset/data/expected/colr/
harfbuzz-12.0.0/test/subset/data/expected/colr/TwemojiMozilla.subset.default.32,3297,3299.ttf
harfbuzz-12.0.0/test/subset/data/expected/colr/TwemojiMozilla.subset.default.32,3297.ttf
harfbuzz-12.0.0/test/subset/data/expected/colr/TwemojiMozilla.subset.default.32,3299.ttf
harfbuzz-12.0.0/test/subset/data/expected/colr/TwemojiMozilla.subset.default.32.ttf
harfbuzz-12.0.0/test/subset/data/expected/colr/TwemojiMozilla.subset.default.3297,3299.ttf
harfbuzz-12.0.0/test/subset/data/expected/colr/TwemojiMozilla.subset.default.3297.ttf
harfbuzz-12.0.0/test/subset/data/expected/colr/TwemojiMozilla.subset.default.3299.ttf
harfbuzz-12.0.0/test/subset/data/expected/colr/TwemojiMozilla.subset.drop-hints-retain-gids.32,3297,3299.ttf
harfbuzz-12.0.0/test/subset/data/expected/colr/TwemojiMozilla.subset.drop-hints-retain-gids.32,3297.ttf
harfbuzz-12.0.0/test/subset/data/expected/colr/TwemojiMozilla.subset.drop-hints-retain-gids.32,3299.ttf
harfbuzz-12.0.0/test/subset/data/expected/colr/TwemojiMozilla.subset.drop-hints-retain-gids.32.ttf
harfbuzz-12.0.0/test/subset/data/expected/colr/TwemojiMozilla.subset.drop-hints-retain-gids.3297,3299.ttf
harfbuzz-12.0.0/test/subset/data/expected/colr/TwemojiMozilla.subset.drop-hints-retain-gids.3297.ttf
harfbuzz-12.0.0/test/subset/data/expected/colr/TwemojiMozilla.subset.drop-hints-retain-gids.3299.ttf
harfbuzz-12.0.0/test/subset/data/expected/colr/TwemojiMozilla.subset.drop-hints.32,3297,3299.ttf
harfbuzz-12.0.0/test/subset/data/expected/colr/TwemojiMozilla.subset.drop-hints.32,3297.ttf
harfbuzz-12.0.0/test/subset/data/expected/colr/TwemojiMozilla.subset.drop-hints.32,3299.ttf
harfbuzz-12.0.0/test/subset/data/expected/colr/TwemojiMozilla.subset.drop-hints.32.ttf
harfbuzz-12.0.0/test/subset/data/expected/colr/TwemojiMozilla.subset.drop-hints.3297,3299.ttf
harfbuzz-12.0.0/test/subset/data/expected/colr/TwemojiMozilla.subset.drop-hints.3297.ttf
harfbuzz-12.0.0/test/subset/data/expected/colr/TwemojiMozilla.subset.drop-hints.3299.ttf
harfbuzz-12.0.0/test/subset/data/expected/colr/TwemojiMozilla.subset.retain-gids.32,3297,3299.ttf
harfbuzz-12.0.0/test/subset/data/expected/colr/TwemojiMozilla.subset.retain-gids.32,3297.ttf
harfbuzz-12.0.0/test/subset/data/expected/colr/TwemojiMozilla.subset.retain-gids.32,3299.ttf
harfbuzz-12.0.0/test/subset/data/expected/colr/TwemojiMozilla.subset.retain-gids.32.ttf
harfbuzz-12.0.0/test/subset/data/expected/colr/TwemojiMozilla.subset.retain-gids.3297,3299.ttf
harfbuzz-12.0.0/test/subset/data/expected/colr/TwemojiMozilla.subset.retain-gids.3297.ttf
harfbuzz-12.0.0/test/subset/data/expected/colr/TwemojiMozilla.subset.retain-gids.3299.ttf
harfbuzz-12.0.0/test/subset/data/expected/colr_glyphs/
harfbuzz-12.0.0/test/subset/data/expected/colr_glyphs/BungeeColor-Regular.default.41.ttf
harfbuzz-12.0.0/test/subset/data/expected/colr_glyphs/BungeeColor-Regular.drop-hints-retain-gids.41.ttf
harfbuzz-12.0.0/test/subset/data/expected/colr_glyphs/BungeeColor-Regular.drop-hints.41.ttf
harfbuzz-12.0.0/test/subset/data/expected/colr_glyphs/BungeeColor-Regular.retain-gids.41.ttf
harfbuzz-12.0.0/test/subset/data/expected/colr_with_components/
harfbuzz-12.0.0/test/subset/data/expected/colr_with_components/colr-table.default.6B.ttf
harfbuzz-12.0.0/test/subset/data/expected/colr_with_components/colr-table.drop-hints-retain-gids.6B.ttf
harfbuzz-12.0.0/test/subset/data/expected/colr_with_components/colr-table.drop-hints.6B.ttf
harfbuzz-12.0.0/test/subset/data/expected/colr_with_components/colr-table.retain-gids.6B.ttf
harfbuzz-12.0.0/test/subset/data/expected/colrv1/
harfbuzz-12.0.0/test/subset/data/expected/colrv1/TestCOLRv1.default.E000,E001,E002,E003.ttf
harfbuzz-12.0.0/test/subset/data/expected/colrv1/TestCOLRv1.default.E000,E001,E002.ttf
harfbuzz-12.0.0/test/subset/data/expected/colrv1/TestCOLRv1.default.E000,E001.ttf
harfbuzz-12.0.0/test/subset/data/expected/colrv1/TestCOLRv1.default.E000,E004.ttf
harfbuzz-12.0.0/test/subset/data/expected/colrv1/TestCOLRv1.default.E000.ttf
harfbuzz-12.0.0/test/subset/data/expected/colrv1/TestCOLRv1.default.E001.ttf
harfbuzz-12.0.0/test/subset/data/expected/colrv1/TestCOLRv1.default.E002,E003,E004.ttf
harfbuzz-12.0.0/test/subset/data/expected/colrv1/TestCOLRv1.default.E002,E003.ttf
harfbuzz-12.0.0/test/subset/data/expected/colrv1/TestCOLRv1.default.E002.ttf
harfbuzz-12.0.0/test/subset/data/expected/colrv1/TestCOLRv1.default.E003,E004.ttf
harfbuzz-12.0.0/test/subset/data/expected/colrv1/TestCOLRv1.default.E003.ttf
harfbuzz-12.0.0/test/subset/data/expected/colrv1/TestCOLRv1.default.E004.ttf
harfbuzz-12.0.0/test/subset/data/expected/colrv1/TestCOLRv1.default.all.ttf
harfbuzz-12.0.0/test/subset/data/expected/colrv1/TestCOLRv1.drop-hints-retain-gids.E000,E001,E002,E003.ttf
harfbuzz-12.0.0/test/subset/data/expected/colrv1/TestCOLRv1.drop-hints-retain-gids.E000,E001,E002.ttf
harfbuzz-12.0.0/test/subset/data/expected/colrv1/TestCOLRv1.drop-hints-retain-gids.E000,E001.ttf
harfbuzz-12.0.0/test/subset/data/expected/colrv1/TestCOLRv1.drop-hints-retain-gids.E000,E004.ttf
harfbuzz-12.0.0/test/subset/data/expected/colrv1/TestCOLRv1.drop-hints-retain-gids.E000.ttf
harfbuzz-12.0.0/test/subset/data/expected/colrv1/TestCOLRv1.drop-hints-retain-gids.E001.ttf
harfbuzz-12.0.0/test/subset/data/expected/colrv1/TestCOLRv1.drop-hints-retain-gids.E002,E003,E004.ttf
harfbuzz-12.0.0/test/subset/data/expected/colrv1/TestCOLRv1.drop-hints-retain-gids.E002,E003.ttf
harfbuzz-12.0.0/test/subset/data/expected/colrv1/TestCOLRv1.drop-hints-retain-gids.E002.ttf
harfbuzz-12.0.0/test/subset/data/expected/colrv1/TestCOLRv1.drop-hints-retain-gids.E003,E004.ttf
harfbuzz-12.0.0/test/subset/data/expected/colrv1/TestCOLRv1.drop-hints-retain-gids.E003.ttf
harfbuzz-12.0.0/test/subset/data/expected/colrv1/TestCOLRv1.drop-hints-retain-gids.E004.ttf
harfbuzz-12.0.0/test/subset/data/expected/colrv1/TestCOLRv1.drop-hints-retain-gids.all.ttf
harfbuzz-12.0.0/test/subset/data/expected/colrv1/TestCOLRv1.drop-hints.E000,E001,E002,E003.ttf
harfbuzz-12.0.0/test/subset/data/expected/colrv1/TestCOLRv1.drop-hints.E000,E001,E002.ttf
harfbuzz-12.0.0/test/subset/data/expected/colrv1/TestCOLRv1.drop-hints.E000,E001.ttf
harfbuzz-12.0.0/test/subset/data/expected/colrv1/TestCOLRv1.drop-hints.E000,E004.ttf
harfbuzz-12.0.0/test/subset/data/expected/colrv1/TestCOLRv1.drop-hints.E000.ttf
harfbuzz-12.0.0/test/subset/data/expected/colrv1/TestCOLRv1.drop-hints.E001.ttf
harfbuzz-12.0.0/test/subset/data/expected/colrv1/TestCOLRv1.drop-hints.E002,E003,E004.ttf
harfbuzz-12.0.0/test/subset/data/expected/colrv1/TestCOLRv1.drop-hints.E002,E003.ttf
harfbuzz-12.0.0/test/subset/data/expected/colrv1/TestCOLRv1.drop-hints.E002.ttf
harfbuzz-12.0.0/test/subset/data/expected/colrv1/TestCOLRv1.drop-hints.E003,E004.ttf
harfbuzz-12.0.0/test/subset/data/expected/colrv1/TestCOLRv1.drop-hints.E003.ttf
harfbuzz-12.0.0/test/subset/data/expected/colrv1/TestCOLRv1.drop-hints.E004.ttf
harfbuzz-12.0.0/test/subset/data/expected/colrv1/TestCOLRv1.drop-hints.all.ttf
harfbuzz-12.0.0/test/subset/data/expected/colrv1/TestCOLRv1.retain-gids.E000,E001,E002,E003.ttf
harfbuzz-12.0.0/test/subset/data/expected/colrv1/TestCOLRv1.retain-gids.E000,E001,E002.ttf
harfbuzz-12.0.0/test/subset/data/expected/colrv1/TestCOLRv1.retain-gids.E000,E001.ttf
harfbuzz-12.0.0/test/subset/data/expected/colrv1/TestCOLRv1.retain-gids.E000,E004.ttf
harfbuzz-12.0.0/test/subset/data/expected/colrv1/TestCOLRv1.retain-gids.E000.ttf
harfbuzz-12.0.0/test/subset/data/expected/colrv1/TestCOLRv1.retain-gids.E001.ttf
harfbuzz-12.0.0/test/subset/data/expected/colrv1/TestCOLRv1.retain-gids.E002,E003,E004.ttf
harfbuzz-12.0.0/test/subset/data/expected/colrv1/TestCOLRv1.retain-gids.E002,E003.ttf
harfbuzz-12.0.0/test/subset/data/expected/colrv1/TestCOLRv1.retain-gids.E002.ttf
harfbuzz-12.0.0/test/subset/data/expected/colrv1/TestCOLRv1.retain-gids.E003,E004.ttf
harfbuzz-12.0.0/test/subset/data/expected/colrv1/TestCOLRv1.retain-gids.E003.ttf
harfbuzz-12.0.0/test/subset/data/expected/colrv1/TestCOLRv1.retain-gids.E004.ttf
harfbuzz-12.0.0/test/subset/data/expected/colrv1/TestCOLRv1.retain-gids.all.ttf
harfbuzz-12.0.0/test/subset/data/expected/colrv1_partial_instance/
harfbuzz-12.0.0/test/subset/data/expected/colrv1_partial_instance/sixtyfour_subset.default.all.SCAN=0,XELA=0,YELA=0.ttf
harfbuzz-12.0.0/test/subset/data/expected/colrv1_subset_varstore/
harfbuzz-12.0.0/test/subset/data/expected/colrv1_subset_varstore/Foldit.default.41,42.ttf
harfbuzz-12.0.0/test/subset/data/expected/colrv1_subset_varstore/Foldit.default.41.ttf
harfbuzz-12.0.0/test/subset/data/expected/colrv1_subset_varstore/Foldit.default.all.ttf
harfbuzz-12.0.0/test/subset/data/expected/colrv1_subset_varstore/Foldit.drop-hints-retain-gids.41,42.ttf
harfbuzz-12.0.0/test/subset/data/expected/colrv1_subset_varstore/Foldit.drop-hints-retain-gids.41.ttf
harfbuzz-12.0.0/test/subset/data/expected/colrv1_subset_varstore/Foldit.drop-hints-retain-gids.all.ttf
harfbuzz-12.0.0/test/subset/data/expected/colrv1_subset_varstore/Foldit.drop-hints.41,42.ttf
harfbuzz-12.0.0/test/subset/data/expected/colrv1_subset_varstore/Foldit.drop-hints.41.ttf
harfbuzz-12.0.0/test/subset/data/expected/colrv1_subset_varstore/Foldit.drop-hints.all.ttf
harfbuzz-12.0.0/test/subset/data/expected/colrv1_subset_varstore/Foldit.retain-gids.41,42.ttf
harfbuzz-12.0.0/test/subset/data/expected/colrv1_subset_varstore/Foldit.retain-gids.41.ttf
harfbuzz-12.0.0/test/subset/data/expected/colrv1_subset_varstore/Foldit.retain-gids.all.ttf
harfbuzz-12.0.0/test/subset/data/expected/empty_region_vardata/
harfbuzz-12.0.0/test/subset/data/expected/empty_region_vardata/RobotoFlex-Variable.ABC.default.all.wght=200-300,opsz=14.iup_optimize.ttf
harfbuzz-12.0.0/test/subset/data/expected/empty_region_vardata/RobotoFlex-Variable.ABC.default.all.wght=200-300,opsz=14.ttf
harfbuzz-12.0.0/test/subset/data/expected/empty_region_vardata/RobotoFlex-Variable.ABC.default.all.wght=400,wdth=100,opsz=14.iup_optimize.ttf
harfbuzz-12.0.0/test/subset/data/expected/empty_region_vardata/RobotoFlex-Variable.ABC.default.all.wght=400,wdth=100,opsz=14.ttf
harfbuzz-12.0.0/test/subset/data/expected/feature_variation_instance_collect_lookups/
harfbuzz-12.0.0/test/subset/data/expected/feature_variation_instance_collect_lookups/AnekBangla-question-subset.default.all.wdth=112.5.iup_optimize.ttf
harfbuzz-12.0.0/test/subset/data/expected/feature_variation_instance_collect_lookups/AnekBangla-question-subset.default.all.wdth=112.5.ttf
harfbuzz-12.0.0/test/subset/data/expected/feature_variations_partial_instance/
harfbuzz-12.0.0/test/subset/data/expected/feature_variations_partial_instance/NotoSansOriya-subset.default.all.wdth=75.iup_optimize.ttf
harfbuzz-12.0.0/test/subset/data/expected/feature_variations_partial_instance/NotoSansOriya-subset.default.all.wdth=75.ttf
harfbuzz-12.0.0/test/subset/data/expected/feature_variations_partial_instance/NotoSansOriya-subset.keep-all-layout-features.all.wdth=75.iup_optimize.ttf
harfbuzz-12.0.0/test/subset/data/expected/feature_variations_partial_instance/NotoSansOriya-subset.keep-all-layout-features.all.wdth=75.ttf
harfbuzz-12.0.0/test/subset/data/expected/full-font/
harfbuzz-12.0.0/test/subset/data/expected/full-font/Roboto-Regular.default.1FC,21,41,20,62,63.ttf
harfbuzz-12.0.0/test/subset/data/expected/full-font/Roboto-Regular.default.61,62,63,64,65,66,67,68,69,6A,6B.ttf
harfbuzz-12.0.0/test/subset/data/expected/full-font/Roboto-Regular.default.61,62,63.ttf
harfbuzz-12.0.0/test/subset/data/expected/full-font/Roboto-Regular.default.D7,D8,D9,DA,DE.ttf
harfbuzz-12.0.0/test/subset/data/expected/full-font/Roboto-Regular.drop-hints.1FC,21,41,20,62,63.ttf
harfbuzz-12.0.0/test/subset/data/expected/full-font/Roboto-Regular.drop-hints.61,62,63,64,65,66,67,68,69,6A,6B.ttf
harfbuzz-12.0.0/test/subset/data/expected/full-font/Roboto-Regular.drop-hints.61,62,63.ttf
harfbuzz-12.0.0/test/subset/data/expected/full-font/Roboto-Regular.drop-hints.D7,D8,D9,DA,DE.ttf
harfbuzz-12.0.0/test/subset/data/expected/full-font/Roboto-Regular.filter-scripts-features.1FC,21,41,20,62,63.ttf
harfbuzz-12.0.0/test/subset/data/expected/full-font/Roboto-Regular.filter-scripts-features.2.1FC,21,41,20,62,63.ttf
harfbuzz-12.0.0/test/subset/data/expected/full-font/Roboto-Regular.filter-scripts-features.2.61,62,63,64,65,66,67,68,69,6A,6B.ttf
harfbuzz-12.0.0/test/subset/data/expected/full-font/Roboto-Regular.filter-scripts-features.2.61,62,63.ttf
harfbuzz-12.0.0/test/subset/data/expected/full-font/Roboto-Regular.filter-scripts-features.2.D7,D8,D9,DA,DE.ttf
harfbuzz-12.0.0/test/subset/data/expected/full-font/Roboto-Regular.filter-scripts-features.61,62,63,64,65,66,67,68,69,6A,6B.ttf
harfbuzz-12.0.0/test/subset/data/expected/full-font/Roboto-Regular.filter-scripts-features.61,62,63.ttf
harfbuzz-12.0.0/test/subset/data/expected/full-font/Roboto-Regular.filter-scripts-features.D7,D8,D9,DA,DE.ttf
harfbuzz-12.0.0/test/subset/data/expected/full-font/Roboto-Regular.filter-scripts.1FC,21,41,20,62,63.ttf
harfbuzz-12.0.0/test/subset/data/expected/full-font/Roboto-Regular.filter-scripts.61,62,63,64,65,66,67,68,69,6A,6B.ttf
harfbuzz-12.0.0/test/subset/data/expected/full-font/Roboto-Regular.filter-scripts.61,62,63.ttf
harfbuzz-12.0.0/test/subset/data/expected/full-font/Roboto-Regular.filter-scripts.D7,D8,D9,DA,DE.ttf
harfbuzz-12.0.0/test/subset/data/expected/full-font/Roboto-Regular.no-scripts.1FC,21,41,20,62,63.ttf
harfbuzz-12.0.0/test/subset/data/expected/full-font/Roboto-Regular.no-scripts.61,62,63,64,65,66,67,68,69,6A,6B.ttf
harfbuzz-12.0.0/test/subset/data/expected/full-font/Roboto-Regular.no-scripts.61,62,63.ttf
harfbuzz-12.0.0/test/subset/data/expected/full-font/Roboto-Regular.no-scripts.D7,D8,D9,DA,DE.ttf
harfbuzz-12.0.0/test/subset/data/expected/full-font/SourceSerifVariable-Roman.default.1FC,21,41,20,62,63.ttf
harfbuzz-12.0.0/test/subset/data/expected/full-font/SourceSerifVariable-Roman.default.61,62,63,64,65,66,67,68,69,6A,6B.ttf
harfbuzz-12.0.0/test/subset/data/expected/full-font/SourceSerifVariable-Roman.default.61,62,63.ttf
harfbuzz-12.0.0/test/subset/data/expected/full-font/SourceSerifVariable-Roman.default.D7,D8,D9,DA,DE.ttf
harfbuzz-12.0.0/test/subset/data/expected/full-font/SourceSerifVariable-Roman.drop-hints.1FC,21,41,20,62,63.ttf
harfbuzz-12.0.0/test/subset/data/expected/full-font/SourceSerifVariable-Roman.drop-hints.61,62,63,64,65,66,67,68,69,6A,6B.ttf
harfbuzz-12.0.0/test/subset/data/expected/full-font/SourceSerifVariable-Roman.drop-hints.61,62,63.ttf
harfbuzz-12.0.0/test/subset/data/expected/full-font/SourceSerifVariable-Roman.drop-hints.D7,D8,D9,DA,DE.ttf
harfbuzz-12.0.0/test/subset/data/expected/full-font/SourceSerifVariable-Roman.filter-scripts-features.1FC,21,41,20,62,63.ttf
harfbuzz-12.0.0/test/subset/data/expected/full-font/SourceSerifVariable-Roman.filter-scripts-features.2.1FC,21,41,20,62,63.ttf
harfbuzz-12.0.0/test/subset/data/expected/full-font/SourceSerifVariable-Roman.filter-scripts-features.2.61,62,63,64,65,66,67,68,69,6A,6B.ttf
harfbuzz-12.0.0/test/subset/data/expected/full-font/SourceSerifVariable-Roman.filter-scripts-features.2.61,62,63.ttf
harfbuzz-12.0.0/test/subset/data/expected/full-font/SourceSerifVariable-Roman.filter-scripts-features.2.D7,D8,D9,DA,DE.ttf
harfbuzz-12.0.0/test/subset/data/expected/full-font/SourceSerifVariable-Roman.filter-scripts-features.61,62,63,64,65,66,67,68,69,6A,6B.ttf
harfbuzz-12.0.0/test/subset/data/expected/full-font/SourceSerifVariable-Roman.filter-scripts-features.61,62,63.ttf
harfbuzz-12.0.0/test/subset/data/expected/full-font/SourceSerifVariable-Roman.filter-scripts-features.D7,D8,D9,DA,DE.ttf
harfbuzz-12.0.0/test/subset/data/expected/full-font/SourceSerifVariable-Roman.filter-scripts.1FC,21,41,20,62,63.ttf
harfbuzz-12.0.0/test/subset/data/expected/full-font/SourceSerifVariable-Roman.filter-scripts.61,62,63,64,65,66,67,68,69,6A,6B.ttf
harfbuzz-12.0.0/test/subset/data/expected/full-font/SourceSerifVariable-Roman.filter-scripts.61,62,63.ttf
harfbuzz-12.0.0/test/subset/data/expected/full-font/SourceSerifVariable-Roman.filter-scripts.D7,D8,D9,DA,DE.ttf
harfbuzz-12.0.0/test/subset/data/expected/full-font/SourceSerifVariable-Roman.no-scripts.1FC,21,41,20,62,63.ttf
harfbuzz-12.0.0/test/subset/data/expected/full-font/SourceSerifVariable-Roman.no-scripts.61,62,63,64,65,66,67,68,69,6A,6B.ttf
harfbuzz-12.0.0/test/subset/data/expected/full-font/SourceSerifVariable-Roman.no-scripts.61,62,63.ttf
harfbuzz-12.0.0/test/subset/data/expected/full-font/SourceSerifVariable-Roman.no-scripts.D7,D8,D9,DA,DE.ttf
harfbuzz-12.0.0/test/subset/data/expected/full_instance/
harfbuzz-12.0.0/test/subset/data/expected/full_instance/Roboto-Variable.default.all.wght=150,wdth=80.ttf
harfbuzz-12.0.0/test/subset/data/expected/full_instance/Roboto-Variable.default.all.wght=300,wdth=90.ttf
harfbuzz-12.0.0/test/subset/data/expected/full_instance/Roboto-Variable.no-prune-unicode-ranges.all.wght=150,wdth=80.ttf
harfbuzz-12.0.0/test/subset/data/expected/full_instance/Roboto-Variable.no-prune-unicode-ranges.all.wght=300,wdth=90.ttf
harfbuzz-12.0.0/test/subset/data/expected/gdef_partial_instance/
harfbuzz-12.0.0/test/subset/data/expected/gdef_partial_instance/AnekBangla-subset.default.all.wght=300.iup_optimize.ttf
harfbuzz-12.0.0/test/subset/data/expected/gdef_partial_instance/AnekBangla-subset.default.all.wght=300.ttf
harfbuzz-12.0.0/test/subset/data/expected/glyf_bug_3131/
harfbuzz-12.0.0/test/subset/data/expected/glyf_bug_3131/glyf_bug_3131.drop-hints-retain-gids.63,64,65,6F,70,71,72.ttf
harfbuzz-12.0.0/test/subset/data/expected/glyf_bug_3131/glyf_bug_3131.drop-hints-retain-gids.all.ttf
harfbuzz-12.0.0/test/subset/data/expected/glyf_bug_3131/glyf_bug_3131.retain-gids.63,64,65,6F,70,71,72.ttf
harfbuzz-12.0.0/test/subset/data/expected/glyf_bug_3131/glyf_bug_3131.retain-gids.all.ttf
harfbuzz-12.0.0/test/subset/data/expected/glyf_partial_instancing/
harfbuzz-12.0.0/test/subset/data/expected/glyf_partial_instancing/Roboto-Variable.ABC.default.all.wght=300-600,wdth=85.ttf
harfbuzz-12.0.0/test/subset/data/expected/glyf_partial_instancing/Roboto-Variable.composite.default.all.wght=300-600,wdth=85.ttf
harfbuzz-12.0.0/test/subset/data/expected/glyf_partial_instancing_iup/
harfbuzz-12.0.0/test/subset/data/expected/glyf_partial_instancing_iup/Roboto-Variable.ABC.default.all.wght=200-300-500,wdth=80-90.iup_optimize.ttf
harfbuzz-12.0.0/test/subset/data/expected/glyf_partial_instancing_iup/Roboto-Variable.ABC.default.all.wght=200-300-500,wdth=80-90.ttf
harfbuzz-12.0.0/test/subset/data/expected/glyf_partial_instancing_iup/Roboto-Variable.ABC.default.all.wght=300-600,wdth=85.iup_optimize.ttf
harfbuzz-12.0.0/test/subset/data/expected/glyf_partial_instancing_iup/Roboto-Variable.ABC.default.all.wght=300-600,wdth=85.ttf
harfbuzz-12.0.0/test/subset/data/expected/glyf_partial_instancing_iup/Roboto-Variable.composite.default.all.wght=200-300-500,wdth=80-90.iup_optimize.ttf
harfbuzz-12.0.0/test/subset/data/expected/glyf_partial_instancing_iup/Roboto-Variable.composite.default.all.wght=200-300-500,wdth=80-90.ttf
harfbuzz-12.0.0/test/subset/data/expected/glyf_partial_instancing_iup/Roboto-Variable.composite.default.all.wght=300-600,wdth=85.iup_optimize.ttf
harfbuzz-12.0.0/test/subset/data/expected/glyf_partial_instancing_iup/Roboto-Variable.composite.default.all.wght=300-600,wdth=85.ttf
harfbuzz-12.0.0/test/subset/data/expected/glyph_map/
harfbuzz-12.0.0/test/subset/data/expected/glyph_map/Roboto-Regular.glyph_map_roboto.41,43,61,66,69.ttf
harfbuzz-12.0.0/test/subset/data/expected/glyph_names/
harfbuzz-12.0.0/test/subset/data/expected/glyph_names/Ubuntu-Regular.glyph-names.0x0,0x8,0x9,0x1d,0x20,0xb7.ttf
harfbuzz-12.0.0/test/subset/data/expected/glyph_names/Ubuntu-Regular.glyph-names.all.ttf
harfbuzz-12.0.0/test/subset/data/expected/glyph_names/Ubuntu-Regular.retain-gids-glyph-names.0x0,0x8,0x9,0x1d,0x20,0xb7.ttf
harfbuzz-12.0.0/test/subset/data/expected/glyph_names/Ubuntu-Regular.retain-gids-glyph-names.all.ttf
harfbuzz-12.0.0/test/subset/data/expected/iftb_requirements/
harfbuzz-12.0.0/test/subset/data/expected/iftb_requirements/AdobeVFPrototype.default.61,62,63.otf
harfbuzz-12.0.0/test/subset/data/expected/iftb_requirements/AdobeVFPrototype.iftb_requirements.61,62,63.otf
harfbuzz-12.0.0/test/subset/data/expected/iftb_requirements/Roboto-Variable.default.61,62,63.ttf
harfbuzz-12.0.0/test/subset/data/expected/iftb_requirements/Roboto-Variable.iftb_requirements.61,62,63.ttf
harfbuzz-12.0.0/test/subset/data/expected/iftb_requirements/SourceSansPro-Regular.default.61,62,63.otf
harfbuzz-12.0.0/test/subset/data/expected/iftb_requirements/SourceSansPro-Regular.iftb_requirements.61,62,63.otf
harfbuzz-12.0.0/test/subset/data/expected/instance_comp_glyph_empty_child/
harfbuzz-12.0.0/test/subset/data/expected/instance_comp_glyph_empty_child/RobotoMono.default.all.wght=700.ttf
harfbuzz-12.0.0/test/subset/data/expected/instance_feature_variations/
harfbuzz-12.0.0/test/subset/data/expected/instance_feature_variations/MPLUS1-Variable.default.30DD.wght=100.ttf
harfbuzz-12.0.0/test/subset/data/expected/instance_feature_variations/MPLUS1-Variable.default.30DD.wght=400.ttf
harfbuzz-12.0.0/test/subset/data/expected/instance_no_double_free/
harfbuzz-12.0.0/test/subset/data/expected/instance_no_double_free/Handjet.default.all.wght=100,ELGR=1,ELSH=2.ttf
harfbuzz-12.0.0/test/subset/data/expected/instance_no_double_free/Handjet.notdef-outline.all.wght=100,ELGR=1,ELSH=2.ttf
harfbuzz-12.0.0/test/subset/data/expected/instantiate_base/
harfbuzz-12.0.0/test/subset/data/expected/instantiate_base/NotoSerifHK-subset.default.all.wght=400-600.ttf
harfbuzz-12.0.0/test/subset/data/expected/instantiate_base/NotoSerifHK-subset.default.all.wght=500.ttf
harfbuzz-12.0.0/test/subset/data/expected/instantiate_cff2/
harfbuzz-12.0.0/test/subset/data/expected/instantiate_cff2/AdobeVFPrototype.default.all.wght=650,CNTR=50.otf
harfbuzz-12.0.0/test/subset/data/expected/instantiate_cff2_tsb/
harfbuzz-12.0.0/test/subset/data/expected/instantiate_cff2_tsb/NotoSansJP-VF.subset.default.5005,5006,5009,500D.wght=300.otf
harfbuzz-12.0.0/test/subset/data/expected/instantiate_cff2_update_metrics/
harfbuzz-12.0.0/test/subset/data/expected/instantiate_cff2_update_metrics/Cantarell-VF-ABC.default.all.wght=800.otf
harfbuzz-12.0.0/test/subset/data/expected/instantiate_cff2_update_metrics/Cantarell-VF-ABC.retain-gids.all.wght=800.otf
harfbuzz-12.0.0/test/subset/data/expected/instantiate_colrv1/
harfbuzz-12.0.0/test/subset/data/expected/instantiate_colrv1/Foldit.default.41.wght=300-600.ttf
harfbuzz-12.0.0/test/subset/data/expected/instantiate_colrv1/Foldit.default.41.wght=900.ttf
harfbuzz-12.0.0/test/subset/data/expected/instantiate_colrv1/Foldit.default.all.wght=300-600.ttf
harfbuzz-12.0.0/test/subset/data/expected/instantiate_colrv1/Foldit.default.all.wght=900.ttf
harfbuzz-12.0.0/test/subset/data/expected/instantiate_colrv1/KalniaGlaze.default.41.wght=300-600.ttf
harfbuzz-12.0.0/test/subset/data/expected/instantiate_colrv1/KalniaGlaze.default.41.wght=900.ttf
harfbuzz-12.0.0/test/subset/data/expected/instantiate_colrv1/KalniaGlaze.default.all.wght=300-600.ttf
harfbuzz-12.0.0/test/subset/data/expected/instantiate_colrv1/KalniaGlaze.default.all.wght=900.ttf
harfbuzz-12.0.0/test/subset/data/expected/instantiate_glyf/
harfbuzz-12.0.0/test/subset/data/expected/instantiate_glyf/Roboto-Variable.ABC.default.all.wght=200,wdth=90.ttf
harfbuzz-12.0.0/test/subset/data/expected/instantiate_glyf/Roboto-Variable.ABC.default.all.wght=650,wdth=85.ttf
harfbuzz-12.0.0/test/subset/data/expected/instantiate_glyf/Roboto-Variable.composite.default.all.wght=200,wdth=90.ttf
harfbuzz-12.0.0/test/subset/data/expected/instantiate_glyf/Roboto-Variable.composite.default.all.wght=650,wdth=85.ttf
harfbuzz-12.0.0/test/subset/data/expected/instantiate_gvar_padding/
harfbuzz-12.0.0/test/subset/data/expected/instantiate_gvar_padding/googlesansflex_subset.default.all.ROND=100.0,slnt=0.0,wdth=150.0,wght=500.0.iup_optimize.ttf
harfbuzz-12.0.0/test/subset/data/expected/instantiate_gvar_padding/googlesansflex_subset.default.all.ROND=100.0,slnt=0.0,wdth=150.0,wght=500.0.ttf
harfbuzz-12.0.0/test/subset/data/expected/japanese/
harfbuzz-12.0.0/test/subset/data/expected/japanese/Mplus1p-Regular.default.1D715,1D7D8,41,42.ttf
harfbuzz-12.0.0/test/subset/data/expected/japanese/Mplus1p-Regular.default.25771.ttf
harfbuzz-12.0.0/test/subset/data/expected/japanese/Mplus1p-Regular.default.3042,3044,3046,3048,304A,304B.ttf
harfbuzz-12.0.0/test/subset/data/expected/japanese/Mplus1p-Regular.default.3042,3044,3046,73E0,5EA6,8F38.ttf
harfbuzz-12.0.0/test/subset/data/expected/japanese/Mplus1p-Regular.default.61,63,65,6B.ttf
harfbuzz-12.0.0/test/subset/data/expected/japanese/Mplus1p-Regular.default.660E,6975,73E0,5EA6,8F38,6E05.ttf
harfbuzz-12.0.0/test/subset/data/expected/japanese/Mplus1p-Regular.default.660E.ttf
harfbuzz-12.0.0/test/subset/data/expected/japanese/Mplus1p-Regular.drop-hints.1D715,1D7D8,41,42.ttf
harfbuzz-12.0.0/test/subset/data/expected/japanese/Mplus1p-Regular.drop-hints.25771.ttf
harfbuzz-12.0.0/test/subset/data/expected/japanese/Mplus1p-Regular.drop-hints.3042,3044,3046,3048,304A,304B.ttf
harfbuzz-12.0.0/test/subset/data/expected/japanese/Mplus1p-Regular.drop-hints.3042,3044,3046,73E0,5EA6,8F38.ttf
harfbuzz-12.0.0/test/subset/data/expected/japanese/Mplus1p-Regular.drop-hints.61,63,65,6B.ttf
harfbuzz-12.0.0/test/subset/data/expected/japanese/Mplus1p-Regular.drop-hints.660E,6975,73E0,5EA6,8F38,6E05.ttf
harfbuzz-12.0.0/test/subset/data/expected/japanese/Mplus1p-Regular.drop-hints.660E.ttf
harfbuzz-12.0.0/test/subset/data/expected/japanese/Mplus1p-Regular.keep-gdef.1D715,1D7D8,41,42.ttf
harfbuzz-12.0.0/test/subset/data/expected/japanese/Mplus1p-Regular.keep-gdef.25771.ttf
harfbuzz-12.0.0/test/subset/data/expected/japanese/Mplus1p-Regular.keep-gdef.3042,3044,3046,3048,304A,304B.ttf
harfbuzz-12.0.0/test/subset/data/expected/japanese/Mplus1p-Regular.keep-gdef.3042,3044,3046,73E0,5EA6,8F38.ttf
harfbuzz-12.0.0/test/subset/data/expected/japanese/Mplus1p-Regular.keep-gdef.61,63,65,6B.ttf
harfbuzz-12.0.0/test/subset/data/expected/japanese/Mplus1p-Regular.keep-gdef.660E,6975,73E0,5EA6,8F38,6E05.ttf
harfbuzz-12.0.0/test/subset/data/expected/japanese/Mplus1p-Regular.keep-gdef.660E.ttf
harfbuzz-12.0.0/test/subset/data/expected/layout/
harfbuzz-12.0.0/test/subset/data/expected/layout/Roboto-Regular.smallcaps.default.41,42,43.ttf
harfbuzz-12.0.0/test/subset/data/expected/layout/Roboto-Regular.smallcaps.default.41,43.ttf
harfbuzz-12.0.0/test/subset/data/expected/layout/Roboto-Regular.smallcaps.default.41.ttf
harfbuzz-12.0.0/test/subset/data/expected/layout/Roboto-Regular.smallcaps.default.43.ttf
harfbuzz-12.0.0/test/subset/data/expected/layout/Roboto-Regular.smallcaps.default.CA,CB.ttf
harfbuzz-12.0.0/test/subset/data/expected/layout/Roboto-Regular.smallcaps.retain-gids.41,42,43.ttf
harfbuzz-12.0.0/test/subset/data/expected/layout/Roboto-Regular.smallcaps.retain-gids.41,43.ttf
harfbuzz-12.0.0/test/subset/data/expected/layout/Roboto-Regular.smallcaps.retain-gids.41.ttf
harfbuzz-12.0.0/test/subset/data/expected/layout/Roboto-Regular.smallcaps.retain-gids.43.ttf
harfbuzz-12.0.0/test/subset/data/expected/layout/Roboto-Regular.smallcaps.retain-gids.CA,CB.ttf
harfbuzz-12.0.0/test/subset/data/expected/layout.context/
harfbuzz-12.0.0/test/subset/data/expected/layout.context/gpos_context1_multiple_subrules_f1.layout-test-retain-gids.41,42,43.otf
harfbuzz-12.0.0/test/subset/data/expected/layout.context/gpos_context1_multiple_subrules_f1.layout-test-retain-gids.41,42.otf
harfbuzz-12.0.0/test/subset/data/expected/layout.context/gpos_context1_multiple_subrules_f1.layout-test-retain-gids.41,43.otf
harfbuzz-12.0.0/test/subset/data/expected/layout.context/gpos_context1_multiple_subrules_f1.layout-test-retain-gids.41.otf
harfbuzz-12.0.0/test/subset/data/expected/layout.context/gpos_context1_multiple_subrules_f1.layout-test-retain-gids.all.otf
harfbuzz-12.0.0/test/subset/data/expected/layout.context/gpos_context1_multiple_subrules_f1.layout-test.41,42,43.otf
harfbuzz-12.0.0/test/subset/data/expected/layout.context/gpos_context1_multiple_subrules_f1.layout-test.41,42.otf
harfbuzz-12.0.0/test/subset/data/expected/layout.context/gpos_context1_multiple_subrules_f1.layout-test.41,43.otf
harfbuzz-12.0.0/test/subset/data/expected/layout.context/gpos_context1_multiple_subrules_f1.layout-test.41.otf
harfbuzz-12.0.0/test/subset/data/expected/layout.context/gpos_context1_multiple_subrules_f1.layout-test.all.otf
harfbuzz-12.0.0/test/subset/data/expected/layout.context/gpos_context2_multiple_subrules_f1.layout-test-retain-gids.41,42,43.otf
harfbuzz-12.0.0/test/subset/data/expected/layout.context/gpos_context2_multiple_subrules_f1.layout-test-retain-gids.41,42.otf
harfbuzz-12.0.0/test/subset/data/expected/layout.context/gpos_context2_multiple_subrules_f1.layout-test-retain-gids.41,43.otf
harfbuzz-12.0.0/test/subset/data/expected/layout.context/gpos_context2_multiple_subrules_f1.layout-test-retain-gids.41.otf
harfbuzz-12.0.0/test/subset/data/expected/layout.context/gpos_context2_multiple_subrules_f1.layout-test-retain-gids.all.otf
harfbuzz-12.0.0/test/subset/data/expected/layout.context/gpos_context2_multiple_subrules_f1.layout-test.41,42,43.otf
harfbuzz-12.0.0/test/subset/data/expected/layout.context/gpos_context2_multiple_subrules_f1.layout-test.41,42.otf
harfbuzz-12.0.0/test/subset/data/expected/layout.context/gpos_context2_multiple_subrules_f1.layout-test.41,43.otf
harfbuzz-12.0.0/test/subset/data/expected/layout.context/gpos_context2_multiple_subrules_f1.layout-test.41.otf
harfbuzz-12.0.0/test/subset/data/expected/layout.context/gpos_context2_multiple_subrules_f1.layout-test.all.otf
harfbuzz-12.0.0/test/subset/data/expected/layout.context/gpos_context3_simple_f1.layout-test-retain-gids.41,42,43.otf
harfbuzz-12.0.0/test/subset/data/expected/layout.context/gpos_context3_simple_f1.layout-test-retain-gids.41,42.otf
harfbuzz-12.0.0/test/subset/data/expected/layout.context/gpos_context3_simple_f1.layout-test-retain-gids.41,43.otf
harfbuzz-12.0.0/test/subset/data/expected/layout.context/gpos_context3_simple_f1.layout-test-retain-gids.41.otf
harfbuzz-12.0.0/test/subset/data/expected/layout.context/gpos_context3_simple_f1.layout-test-retain-gids.all.otf
harfbuzz-12.0.0/test/subset/data/expected/layout.context/gpos_context3_simple_f1.layout-test.41,42,43.otf
harfbuzz-12.0.0/test/subset/data/expected/layout.context/gpos_context3_simple_f1.layout-test.41,42.otf
harfbuzz-12.0.0/test/subset/data/expected/layout.context/gpos_context3_simple_f1.layout-test.41,43.otf
harfbuzz-12.0.0/test/subset/data/expected/layout.context/gpos_context3_simple_f1.layout-test.41.otf
harfbuzz-12.0.0/test/subset/data/expected/layout.context/gpos_context3_simple_f1.layout-test.all.otf
harfbuzz-12.0.0/test/subset/data/expected/layout.context_format2/
harfbuzz-12.0.0/test/subset/data/expected/layout.context_format2/NotoSansNewa-Regular.layout-test-retain-gids.all.ttf
harfbuzz-12.0.0/test/subset/data/expected/layout.context_format2/NotoSansNewa-Regular.layout-test.all.ttf
harfbuzz-12.0.0/test/subset/data/expected/layout.drop_feature/
harfbuzz-12.0.0/test/subset/data/expected/layout.drop_feature/SpectralSC-ExtraLightItalic.default.all.ttf
harfbuzz-12.0.0/test/subset/data/expected/layout.drop_feature/SpectralSC-ExtraLightItalic.glyph-names.all.ttf
harfbuzz-12.0.0/test/subset/data/expected/layout.drop_feature/SpectralSC-ExtraLightItalic.notdef-outline.all.ttf
harfbuzz-12.0.0/test/subset/data/expected/layout.duplicate_features/
harfbuzz-12.0.0/test/subset/data/expected/layout.duplicate_features/AlegreyaSans-BlackItalic.default.20,2f,38,49,4c,51,53,66,67,6f,b4,2044.ttf
harfbuzz-12.0.0/test/subset/data/expected/layout.duplicate_features/AlegreyaSans-BlackItalic.default.all.ttf
harfbuzz-12.0.0/test/subset/data/expected/layout.duplicate_features/AlegreyaSans-BlackItalic.glyph-names.20,2f,38,49,4c,51,53,66,67,6f,b4,2044.ttf
harfbuzz-12.0.0/test/subset/data/expected/layout.duplicate_features/AlegreyaSans-BlackItalic.glyph-names.all.ttf
harfbuzz-12.0.0/test/subset/data/expected/layout.duplicate_features/AlegreyaSans-BlackItalic.notdef-outline.20,2f,38,49,4c,51,53,66,67,6f,b4,2044.ttf
harfbuzz-12.0.0/test/subset/data/expected/layout.duplicate_features/AlegreyaSans-BlackItalic.notdef-outline.all.ttf
harfbuzz-12.0.0/test/subset/data/expected/layout.empty_ligature_offset/
harfbuzz-12.0.0/test/subset/data/expected/layout.empty_ligature_offset/AnekBangla-latin-subset.default.all.ttf
harfbuzz-12.0.0/test/subset/data/expected/layout.gdef/
harfbuzz-12.0.0/test/subset/data/expected/layout.gdef/Roboto-Regular.default.1E00,303.ttf
harfbuzz-12.0.0/test/subset/data/expected/layout.gdef/Roboto-Regular.default.303.ttf
harfbuzz-12.0.0/test/subset/data/expected/layout.gdef/Roboto-Regular.default.309,20,30F.ttf
harfbuzz-12.0.0/test/subset/data/expected/layout.gdef/Roboto-Regular.default.323.ttf
harfbuzz-12.0.0/test/subset/data/expected/layout.gdef/Roboto-Regular.default.41,42,43.ttf
harfbuzz-12.0.0/test/subset/data/expected/layout.gdef/Roboto-Regular.drop-hints.1E00,303.ttf
harfbuzz-12.0.0/test/subset/data/expected/layout.gdef/Roboto-Regular.drop-hints.303.ttf
harfbuzz-12.0.0/test/subset/data/expected/layout.gdef/Roboto-Regular.drop-hints.309,20,30F.ttf
harfbuzz-12.0.0/test/subset/data/expected/layout.gdef/Roboto-Regular.drop-hints.323.ttf
harfbuzz-12.0.0/test/subset/data/expected/layout.gdef/Roboto-Regular.drop-hints.41,42,43.ttf
harfbuzz-12.0.0/test/subset/data/expected/layout.gdef/Roboto-Regular.keep-gdef-gpos.1E00,303.ttf
harfbuzz-12.0.0/test/subset/data/expected/layout.gdef/Roboto-Regular.keep-gdef-gpos.303.ttf
harfbuzz-12.0.0/test/subset/data/expected/layout.gdef/Roboto-Regular.keep-gdef-gpos.309,20,30F.ttf
harfbuzz-12.0.0/test/subset/data/expected/layout.gdef/Roboto-Regular.keep-gdef-gpos.323.ttf
harfbuzz-12.0.0/test/subset/data/expected/layout.gdef/Roboto-Regular.keep-gdef-gpos.41,42,43.ttf
harfbuzz-12.0.0/test/subset/data/expected/layout.gdef-attachlist/
harfbuzz-12.0.0/test/subset/data/expected/layout.gdef-attachlist/IndicTestJalandhar-Regular.default.A01.ttf
harfbuzz-12.0.0/test/subset/data/expected/layout.gdef-attachlist/IndicTestJalandhar-Regular.default.A05,A06.ttf
harfbuzz-12.0.0/test/subset/data/expected/layout.gdef-attachlist/IndicTestJalandhar-Regular.default.A07,A1B.ttf
harfbuzz-12.0.0/test/subset/data/expected/layout.gdef-attachlist/IndicTestJalandhar-Regular.default.all.ttf
harfbuzz-12.0.0/test/subset/data/expected/layout.gdef-attachlist/IndicTestJalandhar-Regular.drop-hints.A01.ttf
harfbuzz-12.0.0/test/subset/data/expected/layout.gdef-attachlist/IndicTestJalandhar-Regular.drop-hints.A05,A06.ttf
harfbuzz-12.0.0/test/subset/data/expected/layout.gdef-attachlist/IndicTestJalandhar-Regular.drop-hints.A07,A1B.ttf
harfbuzz-12.0.0/test/subset/data/expected/layout.gdef-attachlist/IndicTestJalandhar-Regular.drop-hints.all.ttf
harfbuzz-12.0.0/test/subset/data/expected/layout.gdef-attachlist/IndicTestJalandhar-Regular.keep-gdef.A01.ttf
harfbuzz-12.0.0/test/subset/data/expected/layout.gdef-attachlist/IndicTestJalandhar-Regular.keep-gdef.A05,A06.ttf
harfbuzz-12.0.0/test/subset/data/expected/layout.gdef-attachlist/IndicTestJalandhar-Regular.keep-gdef.A07,A1B.ttf
harfbuzz-12.0.0/test/subset/data/expected/layout.gdef-attachlist/IndicTestJalandhar-Regular.keep-gdef.all.ttf
harfbuzz-12.0.0/test/subset/data/expected/layout.gdef-varstore/
harfbuzz-12.0.0/test/subset/data/expected/layout.gdef-varstore/AdobeVFPrototype.layout-test-retain-gids.41,42,43,57.otf
harfbuzz-12.0.0/test/subset/data/expected/layout.gdef-varstore/AdobeVFPrototype.layout-test-retain-gids.41,42,43.otf
harfbuzz-12.0.0/test/subset/data/expected/layout.gdef-varstore/AdobeVFPrototype.layout-test-retain-gids.41,42.otf
harfbuzz-12.0.0/test/subset/data/expected/layout.gdef-varstore/AdobeVFPrototype.layout-test-retain-gids.41,56,57.otf
harfbuzz-12.0.0/test/subset/data/expected/layout.gdef-varstore/AdobeVFPrototype.layout-test-retain-gids.41.otf
harfbuzz-12.0.0/test/subset/data/expected/layout.gdef-varstore/AdobeVFPrototype.layout-test-retain-gids.42,57.otf
harfbuzz-12.0.0/test/subset/data/expected/layout.gdef-varstore/AdobeVFPrototype.layout-test.41,42,43,57.otf
harfbuzz-12.0.0/test/subset/data/expected/layout.gdef-varstore/AdobeVFPrototype.layout-test.41,42,43.otf
harfbuzz-12.0.0/test/subset/data/expected/layout.gdef-varstore/AdobeVFPrototype.layout-test.41,42.otf
harfbuzz-12.0.0/test/subset/data/expected/layout.gdef-varstore/AdobeVFPrototype.layout-test.41,56,57.otf
harfbuzz-12.0.0/test/subset/data/expected/layout.gdef-varstore/AdobeVFPrototype.layout-test.41.otf
harfbuzz-12.0.0/test/subset/data/expected/layout.gdef-varstore/AdobeVFPrototype.layout-test.42,57.otf
harfbuzz-12.0.0/test/subset/data/expected/layout.gdef.glyphset/
harfbuzz-12.0.0/test/subset/data/expected/layout.gdef.glyphset/IndicTestHowrah-Regular.default.9dd.ttf
harfbuzz-12.0.0/test/subset/data/expected/layout.gdef.glyphset/IndicTestHowrah-Regular.default.all.ttf
harfbuzz-12.0.0/test/subset/data/expected/layout.gdef.glyphset/IndicTestHowrah-Regular.drop-hints.9dd.ttf
harfbuzz-12.0.0/test/subset/data/expected/layout.gdef.glyphset/IndicTestHowrah-Regular.drop-hints.all.ttf
harfbuzz-12.0.0/test/subset/data/expected/layout.gdef.glyphset/IndicTestHowrah-Regular.retain-gids.9dd.ttf
harfbuzz-12.0.0/test/subset/data/expected/layout.gdef.glyphset/IndicTestHowrah-Regular.retain-gids.all.ttf
harfbuzz-12.0.0/test/subset/data/expected/layout.gpos/
harfbuzz-12.0.0/test/subset/data/expected/layout.gpos/gpos1_2_font.layout-test-retain-gids.41,43.otf
harfbuzz-12.0.0/test/subset/data/expected/layout.gpos/gpos1_2_font.layout-test-retain-gids.41,46.otf
harfbuzz-12.0.0/test/subset/data/expected/layout.gpos/gpos1_2_font.layout-test-retain-gids.41.otf
harfbuzz-12.0.0/test/subset/data/expected/layout.gpos/gpos1_2_font.layout-test-retain-gids.42,44.otf
harfbuzz-12.0.0/test/subset/data/expected/layout.gpos/gpos1_2_font.layout-test-retain-gids.43,46.otf
harfbuzz-12.0.0/test/subset/data/expected/layout.gpos/gpos1_2_font.layout-test-retain-gids.all.otf
harfbuzz-12.0.0/test/subset/data/expected/layout.gpos/gpos1_2_font.layout-test.41,43.otf
harfbuzz-12.0.0/test/subset/data/expected/layout.gpos/gpos1_2_font.layout-test.41,46.otf
harfbuzz-12.0.0/test/subset/data/expected/layout.gpos/gpos1_2_font.layout-test.41.otf
harfbuzz-12.0.0/test/subset/data/expected/layout.gpos/gpos1_2_font.layout-test.42,44.otf
harfbuzz-12.0.0/test/subset/data/expected/layout.gpos/gpos1_2_font.layout-test.43,46.otf
harfbuzz-12.0.0/test/subset/data/expected/layout.gpos/gpos1_2_font.layout-test.all.otf
harfbuzz-12.0.0/test/subset/data/expected/layout.gpos2/
harfbuzz-12.0.0/test/subset/data/expected/layout.gpos2/gpos2_1_font7.layout-test-retain-gids.21,23,25.otf
harfbuzz-12.0.0/test/subset/data/expected/layout.gpos2/gpos2_1_font7.layout-test-retain-gids.21,23.otf
harfbuzz-12.0.0/test/subset/data/expected/layout.gpos2/gpos2_1_font7.layout-test-retain-gids.2E,23.otf
harfbuzz-12.0.0/test/subset/data/expected/layout.gpos2/gpos2_1_font7.layout-test-retain-gids.41,42,43.otf
harfbuzz-12.0.0/test/subset/data/expected/layout.gpos2/gpos2_1_font7.layout-test-retain-gids.all.otf
harfbuzz-12.0.0/test/subset/data/expected/layout.gpos2/gpos2_1_font7.layout-test.21,23,25.otf
harfbuzz-12.0.0/test/subset/data/expected/layout.gpos2/gpos2_1_font7.layout-test.21,23.otf
harfbuzz-12.0.0/test/subset/data/expected/layout.gpos2/gpos2_1_font7.layout-test.2E,23.otf
harfbuzz-12.0.0/test/subset/data/expected/layout.gpos2/gpos2_1_font7.layout-test.41,42,43.otf
harfbuzz-12.0.0/test/subset/data/expected/layout.gpos2/gpos2_1_font7.layout-test.all.otf
harfbuzz-12.0.0/test/subset/data/expected/layout.gpos2/gpos2_2_font5.layout-test-retain-gids.21,23,25.otf
harfbuzz-12.0.0/test/subset/data/expected/layout.gpos2/gpos2_2_font5.layout-test-retain-gids.21,23.otf
harfbuzz-12.0.0/test/subset/data/expected/layout.gpos2/gpos2_2_font5.layout-test-retain-gids.2E,23.otf
harfbuzz-12.0.0/test/subset/data/expected/layout.gpos2/gpos2_2_font5.layout-test-retain-gids.41,42,43.otf
harfbuzz-12.0.0/test/subset/data/expected/layout.gpos2/gpos2_2_font5.layout-test-retain-gids.all.otf
harfbuzz-12.0.0/test/subset/data/expected/layout.gpos2/gpos2_2_font5.layout-test.21,23,25.otf
harfbuzz-12.0.0/test/subset/data/expected/layout.gpos2/gpos2_2_font5.layout-test.21,23.otf
harfbuzz-12.0.0/test/subset/data/expected/layout.gpos2/gpos2_2_font5.layout-test.2E,23.otf
harfbuzz-12.0.0/test/subset/data/expected/layout.gpos2/gpos2_2_font5.layout-test.41,42,43.otf
harfbuzz-12.0.0/test/subset/data/expected/layout.gpos2/gpos2_2_font5.layout-test.all.otf
harfbuzz-12.0.0/test/subset/data/expected/layout.gpos3/
harfbuzz-12.0.0/test/subset/data/expected/layout.gpos3/gpos3_font3.layout-test-retain-gids.28,29.otf
harfbuzz-12.0.0/test/subset/data/expected/layout.gpos3/gpos3_font3.layout-test-retain-gids.28,2B.otf
harfbuzz-12.0.0/test/subset/data/expected/layout.gpos3/gpos3_font3.layout-test-retain-gids.29,2B.otf
harfbuzz-12.0.0/test/subset/data/expected/layout.gpos3/gpos3_font3.layout-test-retain-gids.41,42,43.otf
harfbuzz-12.0.0/test/subset/data/expected/layout.gpos3/gpos3_font3.layout-test-retain-gids.all.otf
harfbuzz-12.0.0/test/subset/data/expected/layout.gpos3/gpos3_font3.layout-test.28,29.otf
harfbuzz-12.0.0/test/subset/data/expected/layout.gpos3/gpos3_font3.layout-test.28,2B.otf
harfbuzz-12.0.0/test/subset/data/expected/layout.gpos3/gpos3_font3.layout-test.29,2B.otf
harfbuzz-12.0.0/test/subset/data/expected/layout.gpos3/gpos3_font3.layout-test.41,42,43.otf
harfbuzz-12.0.0/test/subset/data/expected/layout.gpos3/gpos3_font3.layout-test.all.otf
harfbuzz-12.0.0/test/subset/data/expected/layout.gpos4/
harfbuzz-12.0.0/test/subset/data/expected/layout.gpos4/gpos4_multiple_anchors_1.layout-test-retain-gids.41,42,43,44.otf
harfbuzz-12.0.0/test/subset/data/expected/layout.gpos4/gpos4_multiple_anchors_1.layout-test-retain-gids.41,42,43,45.otf
harfbuzz-12.0.0/test/subset/data/expected/layout.gpos4/gpos4_multiple_anchors_1.layout-test-retain-gids.41,42,43.otf
harfbuzz-12.0.0/test/subset/data/expected/layout.gpos4/gpos4_multiple_anchors_1.layout-test-retain-gids.41,42.otf
harfbuzz-12.0.0/test/subset/data/expected/layout.gpos4/gpos4_multiple_anchors_1.layout-test-retain-gids.41,43,44,45,46.otf
harfbuzz-12.0.0/test/subset/data/expected/layout.gpos4/gpos4_multiple_anchors_1.layout-test-retain-gids.41,43,44.otf
harfbuzz-12.0.0/test/subset/data/expected/layout.gpos4/gpos4_multiple_anchors_1.layout-test-retain-gids.41,43,45.otf
harfbuzz-12.0.0/test/subset/data/expected/layout.gpos4/gpos4_multiple_anchors_1.layout-test-retain-gids.41,43.otf
harfbuzz-12.0.0/test/subset/data/expected/layout.gpos4/gpos4_multiple_anchors_1.layout-test-retain-gids.41.otf
harfbuzz-12.0.0/test/subset/data/expected/layout.gpos4/gpos4_multiple_anchors_1.layout-test-retain-gids.all.otf
harfbuzz-12.0.0/test/subset/data/expected/layout.gpos4/gpos4_multiple_anchors_1.layout-test.41,42,43,44.otf
harfbuzz-12.0.0/test/subset/data/expected/layout.gpos4/gpos4_multiple_anchors_1.layout-test.41,42,43,45.otf
harfbuzz-12.0.0/test/subset/data/expected/layout.gpos4/gpos4_multiple_anchors_1.layout-test.41,42,43.otf
harfbuzz-12.0.0/test/subset/data/expected/layout.gpos4/gpos4_multiple_anchors_1.layout-test.41,42.otf
harfbuzz-12.0.0/test/subset/data/expected/layout.gpos4/gpos4_multiple_anchors_1.layout-test.41,43,44,45,46.otf
harfbuzz-12.0.0/test/subset/data/expected/layout.gpos4/gpos4_multiple_anchors_1.layout-test.41,43,44.otf
harfbuzz-12.0.0/test/subset/data/expected/layout.gpos4/gpos4_multiple_anchors_1.layout-test.41,43,45.otf
harfbuzz-12.0.0/test/subset/data/expected/layout.gpos4/gpos4_multiple_anchors_1.layout-test.41,43.otf
harfbuzz-12.0.0/test/subset/data/expected/layout.gpos4/gpos4_multiple_anchors_1.layout-test.41.otf
harfbuzz-12.0.0/test/subset/data/expected/layout.gpos4/gpos4_multiple_anchors_1.layout-test.all.otf
harfbuzz-12.0.0/test/subset/data/expected/layout.gpos5/
harfbuzz-12.0.0/test/subset/data/expected/layout.gpos5/gpos5_font1.layout-test-retain-gids.41,42,43,44.otf
harfbuzz-12.0.0/test/subset/data/expected/layout.gpos5/gpos5_font1.layout-test-retain-gids.41,42,43,45.otf
harfbuzz-12.0.0/test/subset/data/expected/layout.gpos5/gpos5_font1.layout-test-retain-gids.41,42,43.otf
harfbuzz-12.0.0/test/subset/data/expected/layout.gpos5/gpos5_font1.layout-test-retain-gids.41,42,44.otf
harfbuzz-12.0.0/test/subset/data/expected/layout.gpos5/gpos5_font1.layout-test-retain-gids.41,42,45.otf
harfbuzz-12.0.0/test/subset/data/expected/layout.gpos5/gpos5_font1.layout-test-retain-gids.41,42.otf
harfbuzz-12.0.0/test/subset/data/expected/layout.gpos5/gpos5_font1.layout-test-retain-gids.41,43.otf
harfbuzz-12.0.0/test/subset/data/expected/layout.gpos5/gpos5_font1.layout-test-retain-gids.41.otf
harfbuzz-12.0.0/test/subset/data/expected/layout.gpos5/gpos5_font1.layout-test-retain-gids.42.otf
harfbuzz-12.0.0/test/subset/data/expected/layout.gpos5/gpos5_font1.layout-test-retain-gids.all.otf
harfbuzz-12.0.0/test/subset/data/expected/layout.gpos5/gpos5_font1.layout-test.41,42,43,44.otf
harfbuzz-12.0.0/test/subset/data/expected/layout.gpos5/gpos5_font1.layout-test.41,42,43,45.otf
harfbuzz-12.0.0/test/subset/data/expected/layout.gpos5/gpos5_font1.layout-test.41,42,43.otf
harfbuzz-12.0.0/test/subset/data/expected/layout.gpos5/gpos5_font1.layout-test.41,42,44.otf
harfbuzz-12.0.0/test/subset/data/expected/layout.gpos5/gpos5_font1.layout-test.41,42,45.otf
harfbuzz-12.0.0/test/subset/data/expected/layout.gpos5/gpos5_font1.layout-test.41,42.otf
harfbuzz-12.0.0/test/subset/data/expected/layout.gpos5/gpos5_font1.layout-test.41,43.otf
harfbuzz-12.0.0/test/subset/data/expected/layout.gpos5/gpos5_font1.layout-test.41.otf
harfbuzz-12.0.0/test/subset/data/expected/layout.gpos5/gpos5_font1.layout-test.42.otf
harfbuzz-12.0.0/test/subset/data/expected/layout.gpos5/gpos5_font1.layout-test.all.otf
harfbuzz-12.0.0/test/subset/data/expected/layout.gpos6/
harfbuzz-12.0.0/test/subset/data/expected/layout.gpos6/gpos6_font1.layout-test-retain-gids.41,42,43,44.otf
harfbuzz-12.0.0/test/subset/data/expected/layout.gpos6/gpos6_font1.layout-test-retain-gids.41,42,43,45.otf
harfbuzz-12.0.0/test/subset/data/expected/layout.gpos6/gpos6_font1.layout-test-retain-gids.41,42,43.otf
harfbuzz-12.0.0/test/subset/data/expected/layout.gpos6/gpos6_font1.layout-test-retain-gids.41,42.otf
harfbuzz-12.0.0/test/subset/data/expected/layout.gpos6/gpos6_font1.layout-test-retain-gids.41,43,44,45,46.otf
harfbuzz-12.0.0/test/subset/data/expected/layout.gpos6/gpos6_font1.layout-test-retain-gids.41,43,44.otf
harfbuzz-12.0.0/test/subset/data/expected/layout.gpos6/gpos6_font1.layout-test-retain-gids.41,43,45.otf
harfbuzz-12.0.0/test/subset/data/expected/layout.gpos6/gpos6_font1.layout-test-retain-gids.41,43.otf
harfbuzz-12.0.0/test/subset/data/expected/layout.gpos6/gpos6_font1.layout-test-retain-gids.41.otf
harfbuzz-12.0.0/test/subset/data/expected/layout.gpos6/gpos6_font1.layout-test-retain-gids.all.otf
harfbuzz-12.0.0/test/subset/data/expected/layout.gpos6/gpos6_font1.layout-test.41,42,43,44.otf
harfbuzz-12.0.0/test/subset/data/expected/layout.gpos6/gpos6_font1.layout-test.41,42,43,45.otf
harfbuzz-12.0.0/test/subset/data/expected/layout.gpos6/gpos6_font1.layout-test.41,42,43.otf
harfbuzz-12.0.0/test/subset/data/expected/layout.gpos6/gpos6_font1.layout-test.41,42.otf
harfbuzz-12.0.0/test/subset/data/expected/layout.gpos6/gpos6_font1.layout-test.41,43,44,45,46.otf
harfbuzz-12.0.0/test/subset/data/expected/layout.gpos6/gpos6_font1.layout-test.41,43,44.otf
harfbuzz-12.0.0/test/subset/data/expected/layout.gpos6/gpos6_font1.layout-test.41,43,45.otf
harfbuzz-12.0.0/test/subset/data/expected/layout.gpos6/gpos6_font1.layout-test.41,43.otf
harfbuzz-12.0.0/test/subset/data/expected/layout.gpos6/gpos6_font1.layout-test.41.otf
harfbuzz-12.0.0/test/subset/data/expected/layout.gpos6/gpos6_font1.layout-test.all.otf
harfbuzz-12.0.0/test/subset/data/expected/layout.gpos8/
harfbuzz-12.0.0/test/subset/data/expected/layout.gpos8/gpos_chaining1_multiple_subrules_f1.layout-test-retain-gids.30,31,32,33.otf
harfbuzz-12.0.0/test/subset/data/expected/layout.gpos8/gpos_chaining1_multiple_subrules_f1.layout-test-retain-gids.41,42,43.otf
harfbuzz-12.0.0/test/subset/data/expected/layout.gpos8/gpos_chaining1_multiple_subrules_f1.layout-test-retain-gids.all.otf
harfbuzz-12.0.0/test/subset/data/expected/layout.gpos8/gpos_chaining1_multiple_subrules_f1.layout-test.30,31,32,33.otf
harfbuzz-12.0.0/test/subset/data/expected/layout.gpos8/gpos_chaining1_multiple_subrules_f1.layout-test.41,42,43.otf
harfbuzz-12.0.0/test/subset/data/expected/layout.gpos8/gpos_chaining1_multiple_subrules_f1.layout-test.all.otf
harfbuzz-12.0.0/test/subset/data/expected/layout.gpos8/gpos_chaining2_multiple_subrules_f1.layout-test-retain-gids.30,31,32,33.otf
harfbuzz-12.0.0/test/subset/data/expected/layout.gpos8/gpos_chaining2_multiple_subrules_f1.layout-test-retain-gids.41,42,43.otf
harfbuzz-12.0.0/test/subset/data/expected/layout.gpos8/gpos_chaining2_multiple_subrules_f1.layout-test-retain-gids.all.otf
harfbuzz-12.0.0/test/subset/data/expected/layout.gpos8/gpos_chaining2_multiple_subrules_f1.layout-test.30,31,32,33.otf
harfbuzz-12.0.0/test/subset/data/expected/layout.gpos8/gpos_chaining2_multiple_subrules_f1.layout-test.41,42,43.otf
harfbuzz-12.0.0/test/subset/data/expected/layout.gpos8/gpos_chaining2_multiple_subrules_f1.layout-test.all.otf
harfbuzz-12.0.0/test/subset/data/expected/layout.gpos8/gpos_chaining3_simple_f1.layout-test-retain-gids.30,31,32,33.otf
harfbuzz-12.0.0/test/subset/data/expected/layout.gpos8/gpos_chaining3_simple_f1.layout-test-retain-gids.41,42,43.otf
harfbuzz-12.0.0/test/subset/data/expected/layout.gpos8/gpos_chaining3_simple_f1.layout-test-retain-gids.all.otf
harfbuzz-12.0.0/test/subset/data/expected/layout.gpos8/gpos_chaining3_simple_f1.layout-test.30,31,32,33.otf
harfbuzz-12.0.0/test/subset/data/expected/layout.gpos8/gpos_chaining3_simple_f1.layout-test.41,42,43.otf
harfbuzz-12.0.0/test/subset/data/expected/layout.gpos8/gpos_chaining3_simple_f1.layout-test.all.otf
harfbuzz-12.0.0/test/subset/data/expected/layout.gpos8.amiri/
harfbuzz-12.0.0/test/subset/data/expected/layout.gpos8.amiri/Amiri-Regular.default.627,644,623,62D,644,627,645,2E.ttf
harfbuzz-12.0.0/test/subset/data/expected/layout.gpos8.amiri/Amiri-Regular.default.627,644,62D,628.ttf
harfbuzz-12.0.0/test/subset/data/expected/layout.gpos8.amiri/Amiri-Regular.default.627,644.ttf
harfbuzz-12.0.0/test/subset/data/expected/layout.gpos8.amiri/Amiri-Regular.default.633,645,627,621,20,644,627.ttf
harfbuzz-12.0.0/test/subset/data/expected/layout.gpos8.amiri/Amiri-Regular.default.63A,64A,631.ttf
harfbuzz-12.0.0/test/subset/data/expected/layout.gpos8.amiri/Amiri-Regular.retain-gids.627,644,623,62D,644,627,645,2E.ttf
harfbuzz-12.0.0/test/subset/data/expected/layout.gpos8.amiri/Amiri-Regular.retain-gids.627,644,62D,628.ttf
harfbuzz-12.0.0/test/subset/data/expected/layout.gpos8.amiri/Amiri-Regular.retain-gids.627,644.ttf
harfbuzz-12.0.0/test/subset/data/expected/layout.gpos8.amiri/Amiri-Regular.retain-gids.633,645,627,621,20,644,627.ttf
harfbuzz-12.0.0/test/subset/data/expected/layout.gpos8.amiri/Amiri-Regular.retain-gids.63A,64A,631.ttf
harfbuzz-12.0.0/test/subset/data/expected/layout.gpos9/
harfbuzz-12.0.0/test/subset/data/expected/layout.gpos9/gpos9_font2.layout-test-retain-gids.41,42.otf
harfbuzz-12.0.0/test/subset/data/expected/layout.gpos9/gpos9_font2.layout-test-retain-gids.41.otf
harfbuzz-12.0.0/test/subset/data/expected/layout.gpos9/gpos9_font2.layout-test-retain-gids.42.otf
harfbuzz-12.0.0/test/subset/data/expected/layout.gpos9/gpos9_font2.layout-test.41,42.otf
harfbuzz-12.0.0/test/subset/data/expected/layout.gpos9/gpos9_font2.layout-test.41.otf
harfbuzz-12.0.0/test/subset/data/expected/layout.gpos9/gpos9_font2.layout-test.42.otf
harfbuzz-12.0.0/test/subset/data/expected/layout.gsub3/
harfbuzz-12.0.0/test/subset/data/expected/layout.gsub3/gsub_alternate_substitution.layout-test-retain-gids.53A9,53F1.otf
harfbuzz-12.0.0/test/subset/data/expected/layout.gsub3/gsub_alternate_substitution.layout-test-retain-gids.53A9.otf
harfbuzz-12.0.0/test/subset/data/expected/layout.gsub3/gsub_alternate_substitution.layout-test-retain-gids.53F1.otf
harfbuzz-12.0.0/test/subset/data/expected/layout.gsub3/gsub_alternate_substitution.layout-test-retain-gids.all.otf
harfbuzz-12.0.0/test/subset/data/expected/layout.gsub3/gsub_alternate_substitution.layout-test.53A9,53F1.otf
harfbuzz-12.0.0/test/subset/data/expected/layout.gsub3/gsub_alternate_substitution.layout-test.53A9.otf
harfbuzz-12.0.0/test/subset/data/expected/layout.gsub3/gsub_alternate_substitution.layout-test.53F1.otf
harfbuzz-12.0.0/test/subset/data/expected/layout.gsub3/gsub_alternate_substitution.layout-test.all.otf
harfbuzz-12.0.0/test/subset/data/expected/layout.gsub5/
harfbuzz-12.0.0/test/subset/data/expected/layout.gsub5/gsub_context1_multiple_subrules_f2.layout-test-retain-gids.41,42,43.otf
harfbuzz-12.0.0/test/subset/data/expected/layout.gsub5/gsub_context1_multiple_subrules_f2.layout-test-retain-gids.41,42.otf
harfbuzz-12.0.0/test/subset/data/expected/layout.gsub5/gsub_context1_multiple_subrules_f2.layout-test-retain-gids.41,43.otf
harfbuzz-12.0.0/test/subset/data/expected/layout.gsub5/gsub_context1_multiple_subrules_f2.layout-test-retain-gids.41.otf
harfbuzz-12.0.0/test/subset/data/expected/layout.gsub5/gsub_context1_multiple_subrules_f2.layout-test-retain-gids.all.otf
harfbuzz-12.0.0/test/subset/data/expected/layout.gsub5/gsub_context1_multiple_subrules_f2.layout-test.41,42,43.otf
harfbuzz-12.0.0/test/subset/data/expected/layout.gsub5/gsub_context1_multiple_subrules_f2.layout-test.41,42.otf
harfbuzz-12.0.0/test/subset/data/expected/layout.gsub5/gsub_context1_multiple_subrules_f2.layout-test.41,43.otf
harfbuzz-12.0.0/test/subset/data/expected/layout.gsub5/gsub_context1_multiple_subrules_f2.layout-test.41.otf
harfbuzz-12.0.0/test/subset/data/expected/layout.gsub5/gsub_context1_multiple_subrules_f2.layout-test.all.otf
harfbuzz-12.0.0/test/subset/data/expected/layout.gsub5/gsub_context2_multiple_subrules_f2.layout-test-retain-gids.41,42,43.otf
harfbuzz-12.0.0/test/subset/data/expected/layout.gsub5/gsub_context2_multiple_subrules_f2.layout-test-retain-gids.41,42.otf
harfbuzz-12.0.0/test/subset/data/expected/layout.gsub5/gsub_context2_multiple_subrules_f2.layout-test-retain-gids.41,43.otf
harfbuzz-12.0.0/test/subset/data/expected/layout.gsub5/gsub_context2_multiple_subrules_f2.layout-test-retain-gids.41.otf
harfbuzz-12.0.0/test/subset/data/expected/layout.gsub5/gsub_context2_multiple_subrules_f2.layout-test-retain-gids.all.otf
harfbuzz-12.0.0/test/subset/data/expected/layout.gsub5/gsub_context2_multiple_subrules_f2.layout-test.41,42,43.otf
harfbuzz-12.0.0/test/subset/data/expected/layout.gsub5/gsub_context2_multiple_subrules_f2.layout-test.41,42.otf
harfbuzz-12.0.0/test/subset/data/expected/layout.gsub5/gsub_context2_multiple_subrules_f2.layout-test.41,43.otf
harfbuzz-12.0.0/test/subset/data/expected/layout.gsub5/gsub_context2_multiple_subrules_f2.layout-test.41.otf
harfbuzz-12.0.0/test/subset/data/expected/layout.gsub5/gsub_context2_multiple_subrules_f2.layout-test.all.otf
harfbuzz-12.0.0/test/subset/data/expected/layout.gsub5/gsub_context3_successive_f1.layout-test-retain-gids.41,42,43.otf
harfbuzz-12.0.0/test/subset/data/expected/layout.gsub5/gsub_context3_successive_f1.layout-test-retain-gids.41,42.otf
harfbuzz-12.0.0/test/subset/data/expected/layout.gsub5/gsub_context3_successive_f1.layout-test-retain-gids.41,43.otf
harfbuzz-12.0.0/test/subset/data/expected/layout.gsub5/gsub_context3_successive_f1.layout-test-retain-gids.41.otf
harfbuzz-12.0.0/test/subset/data/expected/layout.gsub5/gsub_context3_successive_f1.layout-test-retain-gids.all.otf
harfbuzz-12.0.0/test/subset/data/expected/layout.gsub5/gsub_context3_successive_f1.layout-test.41,42,43.otf
harfbuzz-12.0.0/test/subset/data/expected/layout.gsub5/gsub_context3_successive_f1.layout-test.41,42.otf
harfbuzz-12.0.0/test/subset/data/expected/layout.gsub5/gsub_context3_successive_f1.layout-test.41,43.otf
harfbuzz-12.0.0/test/subset/data/expected/layout.gsub5/gsub_context3_successive_f1.layout-test.41.otf
harfbuzz-12.0.0/test/subset/data/expected/layout.gsub5/gsub_context3_successive_f1.layout-test.all.otf
harfbuzz-12.0.0/test/subset/data/expected/layout.gsub5_format2/
harfbuzz-12.0.0/test/subset/data/expected/layout.gsub5_format2/Molengo-Regular.layout-test-retain-gids.268,301,302,324.ttf
harfbuzz-12.0.0/test/subset/data/expected/layout.gsub5_format2/Molengo-Regular.layout-test-retain-gids.all.ttf
harfbuzz-12.0.0/test/subset/data/expected/layout.gsub5_format2/Molengo-Regular.layout-test.268,301,302,324.ttf
harfbuzz-12.0.0/test/subset/data/expected/layout.gsub5_format2/Molengo-Regular.layout-test.all.ttf
harfbuzz-12.0.0/test/subset/data/expected/layout.gsub6/
harfbuzz-12.0.0/test/subset/data/expected/layout.gsub6/gsub_chaining1_multiple_subrules_f1.layout-test-retain-gids.30,31,32,33.otf
harfbuzz-12.0.0/test/subset/data/expected/layout.gsub6/gsub_chaining1_multiple_subrules_f1.layout-test-retain-gids.41,42,43.otf
harfbuzz-12.0.0/test/subset/data/expected/layout.gsub6/gsub_chaining1_multiple_subrules_f1.layout-test-retain-gids.all.otf
harfbuzz-12.0.0/test/subset/data/expected/layout.gsub6/gsub_chaining1_multiple_subrules_f1.layout-test.30,31,32,33.otf
harfbuzz-12.0.0/test/subset/data/expected/layout.gsub6/gsub_chaining1_multiple_subrules_f1.layout-test.41,42,43.otf
harfbuzz-12.0.0/test/subset/data/expected/layout.gsub6/gsub_chaining1_multiple_subrules_f1.layout-test.all.otf
harfbuzz-12.0.0/test/subset/data/expected/layout.gsub6/gsub_chaining2_multiple_subrules_f1.layout-test-retain-gids.30,31,32,33.otf
harfbuzz-12.0.0/test/subset/data/expected/layout.gsub6/gsub_chaining2_multiple_subrules_f1.layout-test-retain-gids.41,42,43.otf
harfbuzz-12.0.0/test/subset/data/expected/layout.gsub6/gsub_chaining2_multiple_subrules_f1.layout-test-retain-gids.all.otf
harfbuzz-12.0.0/test/subset/data/expected/layout.gsub6/gsub_chaining2_multiple_subrules_f1.layout-test.30,31,32,33.otf
harfbuzz-12.0.0/test/subset/data/expected/layout.gsub6/gsub_chaining2_multiple_subrules_f1.layout-test.41,42,43.otf
harfbuzz-12.0.0/test/subset/data/expected/layout.gsub6/gsub_chaining2_multiple_subrules_f1.layout-test.all.otf
harfbuzz-12.0.0/test/subset/data/expected/layout.gsub6/gsub_chaining3_simple_f2.layout-test-retain-gids.30,31,32,33.otf
harfbuzz-12.0.0/test/subset/data/expected/layout.gsub6/gsub_chaining3_simple_f2.layout-test-retain-gids.41,42,43.otf
harfbuzz-12.0.0/test/subset/data/expected/layout.gsub6/gsub_chaining3_simple_f2.layout-test-retain-gids.all.otf
harfbuzz-12.0.0/test/subset/data/expected/layout.gsub6/gsub_chaining3_simple_f2.layout-test.30,31,32,33.otf
harfbuzz-12.0.0/test/subset/data/expected/layout.gsub6/gsub_chaining3_simple_f2.layout-test.41,42,43.otf
harfbuzz-12.0.0/test/subset/data/expected/layout.gsub6/gsub_chaining3_simple_f2.layout-test.all.otf
harfbuzz-12.0.0/test/subset/data/expected/layout.gsub8/
harfbuzz-12.0.0/test/subset/data/expected/layout.gsub8/gsub8_manually_created.layout-test-retain-gids.41,42,43,44,45,46,47,48,49.otf
harfbuzz-12.0.0/test/subset/data/expected/layout.gsub8/gsub8_manually_created.layout-test-retain-gids.41,42,43,44,45,46,47.otf
harfbuzz-12.0.0/test/subset/data/expected/layout.gsub8/gsub8_manually_created.layout-test-retain-gids.41,42,43,44,45,46,4D.otf
harfbuzz-12.0.0/test/subset/data/expected/layout.gsub8/gsub8_manually_created.layout-test-retain-gids.41,42,43,44,45,46,51.otf
harfbuzz-12.0.0/test/subset/data/expected/layout.gsub8/gsub8_manually_created.layout-test-retain-gids.41,42,43,44,45,46.otf
harfbuzz-12.0.0/test/subset/data/expected/layout.gsub8/gsub8_manually_created.layout-test-retain-gids.41,42,43.otf
harfbuzz-12.0.0/test/subset/data/expected/layout.gsub8/gsub8_manually_created.layout-test-retain-gids.41.otf
harfbuzz-12.0.0/test/subset/data/expected/layout.gsub8/gsub8_manually_created.layout-test-retain-gids.61.otf
harfbuzz-12.0.0/test/subset/data/expected/layout.gsub8/gsub8_manually_created.layout-test-retain-gids.all.otf
harfbuzz-12.0.0/test/subset/data/expected/layout.gsub8/gsub8_manually_created.layout-test.41,42,43,44,45,46,47,48,49.otf
harfbuzz-12.0.0/test/subset/data/expected/layout.gsub8/gsub8_manually_created.layout-test.41,42,43,44,45,46,47.otf
harfbuzz-12.0.0/test/subset/data/expected/layout.gsub8/gsub8_manually_created.layout-test.41,42,43,44,45,46,4D.otf
harfbuzz-12.0.0/test/subset/data/expected/layout.gsub8/gsub8_manually_created.layout-test.41,42,43,44,45,46,51.otf
harfbuzz-12.0.0/test/subset/data/expected/layout.gsub8/gsub8_manually_created.layout-test.41,42,43,44,45,46.otf
harfbuzz-12.0.0/test/subset/data/expected/layout.gsub8/gsub8_manually_created.layout-test.41,42,43.otf
harfbuzz-12.0.0/test/subset/data/expected/layout.gsub8/gsub8_manually_created.layout-test.41.otf
harfbuzz-12.0.0/test/subset/data/expected/layout.gsub8/gsub8_manually_created.layout-test.61.otf
harfbuzz-12.0.0/test/subset/data/expected/layout.gsub8/gsub8_manually_created.layout-test.all.otf
harfbuzz-12.0.0/test/subset/data/expected/layout.khmer/
harfbuzz-12.0.0/test/subset/data/expected/layout.khmer/Khmer.default.1780.ttf
harfbuzz-12.0.0/test/subset/data/expected/layout.khmer/Khmer.default.1789,17BB,17C6,1794,17B6,1793,1798,17BE.ttf
harfbuzz-12.0.0/test/subset/data/expected/layout.khmer/Khmer.default.31.ttf
harfbuzz-12.0.0/test/subset/data/expected/layout.khmer/Khmer.retain-gids.1780.ttf
harfbuzz-12.0.0/test/subset/data/expected/layout.khmer/Khmer.retain-gids.1789,17BB,17C6,1794,17B6,1793,1798,17BE.ttf
harfbuzz-12.0.0/test/subset/data/expected/layout.khmer/Khmer.retain-gids.31.ttf
harfbuzz-12.0.0/test/subset/data/expected/layout.markfilteringset/
harfbuzz-12.0.0/test/subset/data/expected/layout.markfilteringset/AmiriQuran.layout-test.0649,064E,0647,0627.ttf
harfbuzz-12.0.0/test/subset/data/expected/layout.notonastaliqurdu/
harfbuzz-12.0.0/test/subset/data/expected/layout.notonastaliqurdu/NotoNastaliqUrdu-Bold.default.627,644,623,62D,644,627,645,2E.ttf
harfbuzz-12.0.0/test/subset/data/expected/layout.notonastaliqurdu/NotoNastaliqUrdu-Bold.default.627,644,62D,628.ttf
harfbuzz-12.0.0/test/subset/data/expected/layout.notonastaliqurdu/NotoNastaliqUrdu-Bold.default.627,644.ttf
harfbuzz-12.0.0/test/subset/data/expected/layout.notonastaliqurdu/NotoNastaliqUrdu-Bold.default.633,645,627,621,20,644,627.ttf
harfbuzz-12.0.0/test/subset/data/expected/layout.notonastaliqurdu/NotoNastaliqUrdu-Bold.default.633,6D2.ttf
harfbuzz-12.0.0/test/subset/data/expected/layout.notonastaliqurdu/NotoNastaliqUrdu-Bold.default.63A,64A,631.ttf
harfbuzz-12.0.0/test/subset/data/expected/layout.notonastaliqurdu/NotoNastaliqUrdu-Bold.default.all.ttf
harfbuzz-12.0.0/test/subset/data/expected/layout.notonastaliqurdu/NotoNastaliqUrdu-Bold.retain-gids.627,644,623,62D,644,627,645,2E.ttf
harfbuzz-12.0.0/test/subset/data/expected/layout.notonastaliqurdu/NotoNastaliqUrdu-Bold.retain-gids.627,644,62D,628.ttf
harfbuzz-12.0.0/test/subset/data/expected/layout.notonastaliqurdu/NotoNastaliqUrdu-Bold.retain-gids.627,644.ttf
harfbuzz-12.0.0/test/subset/data/expected/layout.notonastaliqurdu/NotoNastaliqUrdu-Bold.retain-gids.633,645,627,621,20,644,627.ttf
harfbuzz-12.0.0/test/subset/data/expected/layout.notonastaliqurdu/NotoNastaliqUrdu-Bold.retain-gids.633,6D2.ttf
harfbuzz-12.0.0/test/subset/data/expected/layout.notonastaliqurdu/NotoNastaliqUrdu-Bold.retain-gids.63A,64A,631.ttf
harfbuzz-12.0.0/test/subset/data/expected/layout.notonastaliqurdu/NotoNastaliqUrdu-Bold.retain-gids.all.ttf
harfbuzz-12.0.0/test/subset/data/expected/layout.notonastaliqurdu/NotoNastaliqUrdu-Regular.default.627,644,623,62D,644,627,645,2E.ttf
harfbuzz-12.0.0/test/subset/data/expected/layout.notonastaliqurdu/NotoNastaliqUrdu-Regular.default.627,644,62D,628.ttf
harfbuzz-12.0.0/test/subset/data/expected/layout.notonastaliqurdu/NotoNastaliqUrdu-Regular.default.627,644.ttf
harfbuzz-12.0.0/test/subset/data/expected/layout.notonastaliqurdu/NotoNastaliqUrdu-Regular.default.633,645,627,621,20,644,627.ttf
harfbuzz-12.0.0/test/subset/data/expected/layout.notonastaliqurdu/NotoNastaliqUrdu-Regular.default.633,6D2.ttf
harfbuzz-12.0.0/test/subset/data/expected/layout.notonastaliqurdu/NotoNastaliqUrdu-Regular.default.63A,64A,631.ttf
harfbuzz-12.0.0/test/subset/data/expected/layout.notonastaliqurdu/NotoNastaliqUrdu-Regular.default.all.ttf
harfbuzz-12.0.0/test/subset/data/expected/layout.notonastaliqurdu/NotoNastaliqUrdu-Regular.retain-gids.627,644,623,62D,644,627,645,2E.ttf
harfbuzz-12.0.0/test/subset/data/expected/layout.notonastaliqurdu/NotoNastaliqUrdu-Regular.retain-gids.627,644,62D,628.ttf
harfbuzz-12.0.0/test/subset/data/expected/layout.notonastaliqurdu/NotoNastaliqUrdu-Regular.retain-gids.627,644.ttf
harfbuzz-12.0.0/test/subset/data/expected/layout.notonastaliqurdu/NotoNastaliqUrdu-Regular.retain-gids.633,645,627,621,20,644,627.ttf
harfbuzz-12.0.0/test/subset/data/expected/layout.notonastaliqurdu/NotoNastaliqUrdu-Regular.retain-gids.633,6D2.ttf
harfbuzz-12.0.0/test/subset/data/expected/layout.notonastaliqurdu/NotoNastaliqUrdu-Regular.retain-gids.63A,64A,631.ttf
harfbuzz-12.0.0/test/subset/data/expected/layout.notonastaliqurdu/NotoNastaliqUrdu-Regular.retain-gids.all.ttf
harfbuzz-12.0.0/test/subset/data/expected/layout.tinos/
harfbuzz-12.0.0/test/subset/data/expected/layout.tinos/Tinos-Italic.default.5bf,5f0,5f1,5f2,fb21,fb22,fb23,fb24,fb25,fb26,fb27,fb28.ttf
harfbuzz-12.0.0/test/subset/data/expected/layout.tinos/Tinos-Italic.default.all.ttf
harfbuzz-12.0.0/test/subset/data/expected/layout.tinos/Tinos-Italic.glyph-names.5bf,5f0,5f1,5f2,fb21,fb22,fb23,fb24,fb25,fb26,fb27,fb28.ttf
harfbuzz-12.0.0/test/subset/data/expected/layout.tinos/Tinos-Italic.glyph-names.all.ttf
harfbuzz-12.0.0/test/subset/data/expected/layout.tinos/Tinos-Italic.notdef-outline.5bf,5f0,5f1,5f2,fb21,fb22,fb23,fb24,fb25,fb26,fb27,fb28.ttf
harfbuzz-12.0.0/test/subset/data/expected/layout.tinos/Tinos-Italic.notdef-outline.all.ttf
harfbuzz-12.0.0/test/subset/data/expected/layout.tinos/Tinos-Italic.retain-gids.5bf,5f0,5f1,5f2,fb21,fb22,fb23,fb24,fb25,fb26,fb27,fb28.ttf
harfbuzz-12.0.0/test/subset/data/expected/layout.tinos/Tinos-Italic.retain-gids.all.ttf
harfbuzz-12.0.0/test/subset/data/expected/layout.unsorted_featurelist/
harfbuzz-12.0.0/test/subset/data/expected/layout.unsorted_featurelist/NotoIKEAHebrewLatin-Regular.default.392,3a7,3b2,3c7.ttf
harfbuzz-12.0.0/test/subset/data/expected/layout.unsorted_featurelist/NotoIKEAHebrewLatin-Regular.default.all.ttf
harfbuzz-12.0.0/test/subset/data/expected/layout.unsorted_featurelist/NotoIKEAHebrewLatin-Regular.layout-test.392,3a7,3b2,3c7.ttf
harfbuzz-12.0.0/test/subset/data/expected/layout.unsorted_featurelist/NotoIKEAHebrewLatin-Regular.layout-test.all.ttf
harfbuzz-12.0.0/test/subset/data/expected/layout.unsorted_featurelist/NotoIKEAHebrewLatin-Regular.retain-gids.392,3a7,3b2,3c7.ttf
harfbuzz-12.0.0/test/subset/data/expected/layout.unsorted_featurelist/NotoIKEAHebrewLatin-Regular.retain-gids.all.ttf
harfbuzz-12.0.0/test/subset/data/expected/math/
harfbuzz-12.0.0/test/subset/data/expected/math/STIXTwoMath-Regular.default.2f,7c,305.ttf
harfbuzz-12.0.0/test/subset/data/expected/math/STIXTwoMath-Regular.default.all.ttf
harfbuzz-12.0.0/test/subset/data/expected/math/STIXTwoMath-Regular.glyph-names.2f,7c,305.ttf
harfbuzz-12.0.0/test/subset/data/expected/math/STIXTwoMath-Regular.glyph-names.all.ttf
harfbuzz-12.0.0/test/subset/data/expected/math/STIXTwoMath-Regular.notdef-outline.2f,7c,305.ttf
harfbuzz-12.0.0/test/subset/data/expected/math/STIXTwoMath-Regular.notdef-outline.all.ttf
harfbuzz-12.0.0/test/subset/data/expected/math/STIXTwoMath-Regular.retain-gids.2f,7c,305.ttf
harfbuzz-12.0.0/test/subset/data/expected/math/STIXTwoMath-Regular.retain-gids.all.ttf
harfbuzz-12.0.0/test/subset/data/expected/math_coverage_offset/
harfbuzz-12.0.0/test/subset/data/expected/math_coverage_offset/Caudex-Regular.default.all.ttf
harfbuzz-12.0.0/test/subset/data/expected/math_coverage_offset/Caudex-Regular.glyph-names.all.ttf
harfbuzz-12.0.0/test/subset/data/expected/math_coverage_offset/Caudex-Regular.keep-all-layout-features.all.ttf
harfbuzz-12.0.0/test/subset/data/expected/math_coverage_offset/Caudex-Regular.notdef-outline.all.ttf
harfbuzz-12.0.0/test/subset/data/expected/math_coverage_offset/Caudex-Regular.retain-gids.all.ttf
harfbuzz-12.0.0/test/subset/data/expected/mvar_full_instance/
harfbuzz-12.0.0/test/subset/data/expected/mvar_full_instance/NotoSans-VF.abc.no-layout.all.wght=150,wdth=80,CTGR=0.ttf
harfbuzz-12.0.0/test/subset/data/expected/mvar_full_instance/NotoSans-VF.abc.no-layout.all.wght=300,wdth=90,CTGR=0.ttf
harfbuzz-12.0.0/test/subset/data/expected/mvar_partial_instance/
harfbuzz-12.0.0/test/subset/data/expected/mvar_partial_instance/NotoSans-VF.abc.default.all.wght=200-600,wdth=80-90,CTGR=20-60.iup_optimize.ttf
harfbuzz-12.0.0/test/subset/data/expected/mvar_partial_instance/NotoSans-VF.abc.default.all.wght=200-600,wdth=80-90,CTGR=20-60.ttf
harfbuzz-12.0.0/test/subset/data/expected/mvar_partial_instance/NotoSans-VF.abc.default.all.wght=300-600.iup_optimize.ttf
harfbuzz-12.0.0/test/subset/data/expected/mvar_partial_instance/NotoSans-VF.abc.default.all.wght=300-600.ttf
harfbuzz-12.0.0/test/subset/data/expected/mvar_partial_instance/NotoSans-VF.abc.default.all.wght=500-800.iup_optimize.ttf
harfbuzz-12.0.0/test/subset/data/expected/mvar_partial_instance/NotoSans-VF.abc.default.all.wght=500-800.ttf
harfbuzz-12.0.0/test/subset/data/expected/no_layout_closure/
harfbuzz-12.0.0/test/subset/data/expected/no_layout_closure/Roboto-Regular.no-layout-closure-gids.no-unicodes.ttf
harfbuzz-12.0.0/test/subset/data/expected/no_layout_closure/Roboto-Regular.no-layout-closure-gids2.no-unicodes.ttf
harfbuzz-12.0.0/test/subset/data/expected/pin_all_at_default/
harfbuzz-12.0.0/test/subset/data/expected/pin_all_at_default/Roboto-Variable.ABC.default.all.wght=400,wdth=100.0.ttf
harfbuzz-12.0.0/test/subset/data/expected/pin_all_at_default/Roboto-Variable.ABC.default.all.wght=drop,wdth=100.ttf
harfbuzz-12.0.0/test/subset/data/expected/post/
harfbuzz-12.0.0/test/subset/data/expected/post/SreeKrushnadevaraya-Regular.default.all.ttf
harfbuzz-12.0.0/test/subset/data/expected/post/SreeKrushnadevaraya-Regular.default.c30,c36,c40,c4d.ttf
harfbuzz-12.0.0/test/subset/data/expected/post/SreeKrushnadevaraya-Regular.glyph-names.all.ttf
harfbuzz-12.0.0/test/subset/data/expected/post/SreeKrushnadevaraya-Regular.glyph-names.c30,c36,c40,c4d.ttf
harfbuzz-12.0.0/test/subset/data/expected/post/SreeKrushnadevaraya-Regular.notdef-outline.all.ttf
harfbuzz-12.0.0/test/subset/data/expected/post/SreeKrushnadevaraya-Regular.notdef-outline.c30,c36,c40,c4d.ttf
harfbuzz-12.0.0/test/subset/data/expected/post/SreeKrushnadevaraya-Regular.retain-gids-glyph-names.all.ttf
harfbuzz-12.0.0/test/subset/data/expected/post/SreeKrushnadevaraya-Regular.retain-gids-glyph-names.c30,c36,c40,c4d.ttf
harfbuzz-12.0.0/test/subset/data/expected/post/SreeKrushnadevaraya-Regular.retain-gids.all.ttf
harfbuzz-12.0.0/test/subset/data/expected/post/SreeKrushnadevaraya-Regular.retain-gids.c30,c36,c40,c4d.ttf
harfbuzz-12.0.0/test/subset/data/expected/post_apply_mvar_delta/
harfbuzz-12.0.0/test/subset/data/expected/post_apply_mvar_delta/Recursive-ABC.no-layout.all.wght=400,CASL=0,CRSV=0,MONO=0,slnt=0.ttf
harfbuzz-12.0.0/test/subset/data/expected/post_apply_mvar_delta/Recursive-ABC.no-layout.all.wght=500,CASL=0,CRSV=0,MONO=0,slnt=0.ttf
harfbuzz-12.0.0/test/subset/data/expected/preprocess/
harfbuzz-12.0.0/test/subset/data/expected/preprocess/Roboto-Regular.gids.61,62,63,30D9.ttf
harfbuzz-12.0.0/test/subset/data/expected/retain-num-glyphs/
harfbuzz-12.0.0/test/subset/data/expected/retain-num-glyphs/NotoSansJP-VF.subset.retain-num-glyphs.61,63,5009.otf
harfbuzz-12.0.0/test/subset/data/expected/retain-num-glyphs/NotoSansJP-VF.subset.retain-num-glyphs.all.otf
harfbuzz-12.0.0/test/subset/data/expected/retain-num-glyphs/Roboto-Regular.retain-num-glyphs.61,63,5009.ttf
harfbuzz-12.0.0/test/subset/data/expected/retain-num-glyphs/Roboto-Regular.retain-num-glyphs.all.ttf
harfbuzz-12.0.0/test/subset/data/expected/sbix/
harfbuzz-12.0.0/test/subset/data/expected/sbix/sbix.default.58,59.ttf
harfbuzz-12.0.0/test/subset/data/expected/sbix/sbix.default.58.ttf
harfbuzz-12.0.0/test/subset/data/expected/sbix/sbix.default.59.ttf
harfbuzz-12.0.0/test/subset/data/expected/sbix/sbix.drop-hints-retain-gids.58,59.ttf
harfbuzz-12.0.0/test/subset/data/expected/sbix/sbix.drop-hints-retain-gids.58.ttf
harfbuzz-12.0.0/test/subset/data/expected/sbix/sbix.drop-hints-retain-gids.59.ttf
harfbuzz-12.0.0/test/subset/data/expected/sbix/sbix.drop-hints.58,59.ttf
harfbuzz-12.0.0/test/subset/data/expected/sbix/sbix.drop-hints.58.ttf
harfbuzz-12.0.0/test/subset/data/expected/sbix/sbix.drop-hints.59.ttf
harfbuzz-12.0.0/test/subset/data/expected/sbix/sbix.retain-gids.58,59.ttf
harfbuzz-12.0.0/test/subset/data/expected/sbix/sbix.retain-gids.58.ttf
harfbuzz-12.0.0/test/subset/data/expected/sbix/sbix.retain-gids.59.ttf
harfbuzz-12.0.0/test/subset/data/expected/subset_base/
harfbuzz-12.0.0/test/subset/data/expected/subset_base/SourceSansPro-Regular.retain-base-table-filter-scripts.61,62,63.otf
harfbuzz-12.0.0/test/subset/data/expected/subset_base/SourceSansPro-Regular.retain-base-table.61,62,63.otf
harfbuzz-12.0.0/test/subset/data/expected/sync_vmetrics/
harfbuzz-12.0.0/test/subset/data/expected/sync_vmetrics/playwrite_mm.subset.default.all.SPED=25,YEXT=520,wght=100-400,slnt=18.iup_optimize.ttf
harfbuzz-12.0.0/test/subset/data/expected/sync_vmetrics/playwrite_mm.subset.default.all.SPED=25,YEXT=520,wght=100-400,slnt=18.ttf
harfbuzz-12.0.0/test/subset/data/expected/update_def_wght/
harfbuzz-12.0.0/test/subset/data/expected/update_def_wght/SourceSerifVariable-Roman.default.all.wght=300-600.iup_optimize.ttf
harfbuzz-12.0.0/test/subset/data/expected/update_def_wght/SourceSerifVariable-Roman.default.all.wght=300-600.ttf
harfbuzz-12.0.0/test/subset/data/expected/update_def_wght/SourceSerifVariable-Roman.default.all.wght=500-800.iup_optimize.ttf
harfbuzz-12.0.0/test/subset/data/expected/update_def_wght/SourceSerifVariable-Roman.default.all.wght=500-800.ttf
harfbuzz-12.0.0/test/subset/data/expected/value_format_partial_instance/
harfbuzz-12.0.0/test/subset/data/expected/value_format_partial_instance/NotoSansOriya-valueformat-subset.default.all.wght=400.iup_optimize.ttf
harfbuzz-12.0.0/test/subset/data/expected/value_format_partial_instance/NotoSansOriya-valueformat-subset.default.all.wght=400.ttf
harfbuzz-12.0.0/test/subset/data/expected/value_format_partial_instance/NotoSansOriya-valueformat-subset.drop-hints.all.wght=400.iup_optimize.ttf
harfbuzz-12.0.0/test/subset/data/expected/value_format_partial_instance/NotoSansOriya-valueformat-subset.drop-hints.all.wght=400.ttf
harfbuzz-12.0.0/test/subset/data/expected/variable/
harfbuzz-12.0.0/test/subset/data/expected/variable/Fraunces.default.26,66,69,124,125.ttf
harfbuzz-12.0.0/test/subset/data/expected/variable/Fraunces.default.61.ttf
harfbuzz-12.0.0/test/subset/data/expected/variable/Fraunces.retain-gids.26,66,69,124,125.ttf
harfbuzz-12.0.0/test/subset/data/expected/variable/Fraunces.retain-gids.61.ttf
harfbuzz-12.0.0/test/subset/data/fonts/
harfbuzz-12.0.0/test/subset/data/fonts/32bit_var_store.otf
harfbuzz-12.0.0/test/subset/data/fonts/AdobeBlank-Regular.ttf
harfbuzz-12.0.0/test/subset/data/fonts/AdobeVFPrototype.otf
harfbuzz-12.0.0/test/subset/data/fonts/AlegreyaSans-BlackItalic.ttf
harfbuzz-12.0.0/test/subset/data/fonts/Amiri-Regular.ttf
harfbuzz-12.0.0/test/subset/data/fonts/AmiriQuran.ttf
harfbuzz-12.0.0/test/subset/data/fonts/AnekBangla-latin-subset.ttf
harfbuzz-12.0.0/test/subset/data/fonts/AnekBangla-question-subset.ttf
harfbuzz-12.0.0/test/subset/data/fonts/AnekBangla-subset.ttf
harfbuzz-12.0.0/test/subset/data/fonts/BungeeColor-Regular.ttf
harfbuzz-12.0.0/test/subset/data/fonts/Cantarell-VF-ABC.otf
harfbuzz-12.0.0/test/subset/data/fonts/Caudex-Regular.ttf
harfbuzz-12.0.0/test/subset/data/fonts/Comfortaa-Regular-new.ttf
harfbuzz-12.0.0/test/subset/data/fonts/Foldit.ttf
harfbuzz-12.0.0/test/subset/data/fonts/Fraunces.ttf
harfbuzz-12.0.0/test/subset/data/fonts/Handjet.ttf
harfbuzz-12.0.0/test/subset/data/fonts/Harmattan-Regular.ttf
harfbuzz-12.0.0/test/subset/data/fonts/IndicTestHowrah-Regular.ttf
harfbuzz-12.0.0/test/subset/data/fonts/IndicTestJalandhar-Regular.ttf
harfbuzz-12.0.0/test/subset/data/fonts/KalniaGlaze.ttf
harfbuzz-12.0.0/test/subset/data/fonts/Khmer.ttf
harfbuzz-12.0.0/test/subset/data/fonts/MPLUS1-Variable.ttf
harfbuzz-12.0.0/test/subset/data/fonts/Molengo-Regular.ttf
harfbuzz-12.0.0/test/subset/data/fonts/Mplus1p-Regular.ttf
harfbuzz-12.0.0/test/subset/data/fonts/Muli-ABC.ttf
harfbuzz-12.0.0/test/subset/data/fonts/NanumMyeongjo-Regular-subset.ttf
harfbuzz-12.0.0/test/subset/data/fonts/NotoColorEmoji.subset.gap.ttf
harfbuzz-12.0.0/test/subset/data/fonts/NotoColorEmoji.subset.index_format3.ttf
harfbuzz-12.0.0/test/subset/data/fonts/NotoColorEmoji.subset.multiple_size_tables.ttf
harfbuzz-12.0.0/test/subset/data/fonts/NotoColorEmoji.subset.ttf
harfbuzz-12.0.0/test/subset/data/fonts/NotoColrEmojiGlyf-Regular.subset.ttf
harfbuzz-12.0.0/test/subset/data/fonts/NotoIKEAHebrewLatin-Regular.ttf
harfbuzz-12.0.0/test/subset/data/fonts/NotoNastaliqUrdu-Bold.ttf
harfbuzz-12.0.0/test/subset/data/fonts/NotoNastaliqUrdu-Regular.ttf
harfbuzz-12.0.0/test/subset/data/fonts/NotoSans-VF.abc.ttf
harfbuzz-12.0.0/test/subset/data/fonts/NotoSansDevanagari-Regular.ttf
harfbuzz-12.0.0/test/subset/data/fonts/NotoSansJP-VF.subset.otf
harfbuzz-12.0.0/test/subset/data/fonts/NotoSansNewa-Regular.ttf
harfbuzz-12.0.0/test/subset/data/fonts/NotoSansOriya-subset.ttf
harfbuzz-12.0.0/test/subset/data/fonts/NotoSansOriya-valueformat-subset.ttf
harfbuzz-12.0.0/test/subset/data/fonts/NotoSansTC.only_cmap.almost_overflow.ttf
harfbuzz-12.0.0/test/subset/data/fonts/NotoSerifHK-subset.ttf
harfbuzz-12.0.0/test/subset/data/fonts/NotoSerifMyanmar-Regular.otf
harfbuzz-12.0.0/test/subset/data/fonts/Recursive-ABC.ttf
harfbuzz-12.0.0/test/subset/data/fonts/Roboto-Regular.abc.ttf
harfbuzz-12.0.0/test/subset/data/fonts/Roboto-Regular.smallcaps.ttf
harfbuzz-12.0.0/test/subset/data/fonts/Roboto-Regular.ttf
harfbuzz-12.0.0/test/subset/data/fonts/Roboto-Variable.ABC.ttf
harfbuzz-12.0.0/test/subset/data/fonts/Roboto-Variable.composite.ttf
harfbuzz-12.0.0/test/subset/data/fonts/Roboto-Variable.ttf
harfbuzz-12.0.0/test/subset/data/fonts/RobotoFlex-Variable.ABC.ttf
harfbuzz-12.0.0/test/subset/data/fonts/RobotoFlex-Variable.ttf
harfbuzz-12.0.0/test/subset/data/fonts/RobotoMono.ttf
harfbuzz-12.0.0/test/subset/data/fonts/STIXTwoMath-Regular.ttf
harfbuzz-12.0.0/test/subset/data/fonts/SourceHanSans-Regular_subset.otf
harfbuzz-12.0.0/test/subset/data/fonts/SourceSansPro-Regular.otf
harfbuzz-12.0.0/test/subset/data/fonts/SourceSerif4Variable-Roman_subset.otf
harfbuzz-12.0.0/test/subset/data/fonts/SourceSerifVariable-Roman.ttf
harfbuzz-12.0.0/test/subset/data/fonts/SpectralSC-ExtraLightItalic.ttf
harfbuzz-12.0.0/test/subset/data/fonts/SreeKrushnadevaraya-Regular.ttf
harfbuzz-12.0.0/test/subset/data/fonts/TestCOLRv1.ttf
harfbuzz-12.0.0/test/subset/data/fonts/Tinos-Italic.ttf
harfbuzz-12.0.0/test/subset/data/fonts/TwemojiMozilla.subset.ttf
harfbuzz-12.0.0/test/subset/data/fonts/Ubuntu-Regular.ttf
harfbuzz-12.0.0/test/subset/data/fonts/cmap14_font1.otf
harfbuzz-12.0.0/test/subset/data/fonts/cmap14_font2.otf
harfbuzz-12.0.0/test/subset/data/fonts/colr-table.ttf
harfbuzz-12.0.0/test/subset/data/fonts/glyf_bug_3131.ttf
harfbuzz-12.0.0/test/subset/data/fonts/googlesansflex_subset.ttf
harfbuzz-12.0.0/test/subset/data/fonts/gpos1_2_font.otf
harfbuzz-12.0.0/test/subset/data/fonts/gpos2_1_font7.otf
harfbuzz-12.0.0/test/subset/data/fonts/gpos2_2_font5.otf
harfbuzz-12.0.0/test/subset/data/fonts/gpos3_font3.otf
harfbuzz-12.0.0/test/subset/data/fonts/gpos4_multiple_anchors_1.otf
harfbuzz-12.0.0/test/subset/data/fonts/gpos5_font1.otf
harfbuzz-12.0.0/test/subset/data/fonts/gpos6_font1.otf
harfbuzz-12.0.0/test/subset/data/fonts/gpos9_font2.otf
harfbuzz-12.0.0/test/subset/data/fonts/gpos_chaining1_multiple_subrules_f1.otf
harfbuzz-12.0.0/test/subset/data/fonts/gpos_chaining2_multiple_subrules_f1.otf
harfbuzz-12.0.0/test/subset/data/fonts/gpos_chaining3_simple_f1.otf
harfbuzz-12.0.0/test/subset/data/fonts/gpos_context1_multiple_subrules_f1.otf
harfbuzz-12.0.0/test/subset/data/fonts/gpos_context2_multiple_subrules_f1.otf
harfbuzz-12.0.0/test/subset/data/fonts/gpos_context3_simple_f1.otf
harfbuzz-12.0.0/test/subset/data/fonts/gsub8_manually_created.otf
harfbuzz-12.0.0/test/subset/data/fonts/gsub_alternate_substitution.otf
harfbuzz-12.0.0/test/subset/data/fonts/gsub_chaining1_multiple_subrules_f1.otf
harfbuzz-12.0.0/test/subset/data/fonts/gsub_chaining2_multiple_subrules_f1.otf
harfbuzz-12.0.0/test/subset/data/fonts/gsub_chaining3_simple_f2.otf
harfbuzz-12.0.0/test/subset/data/fonts/gsub_context1_multiple_subrules_f2.otf
harfbuzz-12.0.0/test/subset/data/fonts/gsub_context2_multiple_subrules_f2.otf
harfbuzz-12.0.0/test/subset/data/fonts/gsub_context3_successive_f1.otf
harfbuzz-12.0.0/test/subset/data/fonts/playwrite_mm.subset.ttf
harfbuzz-12.0.0/test/subset/data/fonts/sbix.ttf
harfbuzz-12.0.0/test/subset/data/fonts/sixtyfour_subset.ttf
harfbuzz-12.0.0/test/subset/data/profiles/
harfbuzz-12.0.0/test/subset/data/profiles/cmap4_filter.txt
harfbuzz-12.0.0/test/subset/data/profiles/default.txt
harfbuzz-12.0.0/test/subset/data/profiles/desubroutinize-retain-gids.txt
harfbuzz-12.0.0/test/subset/data/profiles/desubroutinize.txt
harfbuzz-12.0.0/test/subset/data/profiles/drop-hints-desubroutinize-retain-gids.txt
harfbuzz-12.0.0/test/subset/data/profiles/drop-hints-desubroutinize.txt
harfbuzz-12.0.0/test/subset/data/profiles/drop-hints-retain-gids.txt
harfbuzz-12.0.0/test/subset/data/profiles/drop-hints.txt
harfbuzz-12.0.0/test/subset/data/profiles/filter-scripts-features.2.txt
harfbuzz-12.0.0/test/subset/data/profiles/filter-scripts-features.txt
harfbuzz-12.0.0/test/subset/data/profiles/filter-scripts.txt
harfbuzz-12.0.0/test/subset/data/profiles/gids.txt
harfbuzz-12.0.0/test/subset/data/profiles/glyph-names.txt
harfbuzz-12.0.0/test/subset/data/profiles/glyph_map_roboto.txt
harfbuzz-12.0.0/test/subset/data/profiles/iftb_requirements.txt
harfbuzz-12.0.0/test/subset/data/profiles/keep-all-layout-features.txt
harfbuzz-12.0.0/test/subset/data/profiles/keep-gdef-gpos.txt
harfbuzz-12.0.0/test/subset/data/profiles/keep-gdef.txt
harfbuzz-12.0.0/test/subset/data/profiles/layout-features.txt
harfbuzz-12.0.0/test/subset/data/profiles/layout-test-retain-gids.txt
harfbuzz-12.0.0/test/subset/data/profiles/layout-test.txt
harfbuzz-12.0.0/test/subset/data/profiles/name-ids.txt
harfbuzz-12.0.0/test/subset/data/profiles/name-languages.txt
harfbuzz-12.0.0/test/subset/data/profiles/name-legacy.txt
harfbuzz-12.0.0/test/subset/data/profiles/no-layout-closure-gids.txt
harfbuzz-12.0.0/test/subset/data/profiles/no-layout-closure-gids2.txt
harfbuzz-12.0.0/test/subset/data/profiles/no-layout.txt
harfbuzz-12.0.0/test/subset/data/profiles/no-prune-unicode-ranges.txt
harfbuzz-12.0.0/test/subset/data/profiles/no-scripts.txt
harfbuzz-12.0.0/test/subset/data/profiles/no_bidi_closure.txt
harfbuzz-12.0.0/test/subset/data/profiles/notdef-outline-desubroutinize-retain-gids.txt
harfbuzz-12.0.0/test/subset/data/profiles/notdef-outline-desubroutinize.txt
harfbuzz-12.0.0/test/subset/data/profiles/notdef-outline-drop-hints-desubroutinize-retain-gids.txt
harfbuzz-12.0.0/test/subset/data/profiles/notdef-outline-drop-hints-desubroutinize.txt
harfbuzz-12.0.0/test/subset/data/profiles/notdef-outline-drop-hints-retain-gids.txt
harfbuzz-12.0.0/test/subset/data/profiles/notdef-outline-drop-hints.txt
harfbuzz-12.0.0/test/subset/data/profiles/notdef-outline-gids.txt
harfbuzz-12.0.0/test/subset/data/profiles/notdef-outline-name-ids.txt
harfbuzz-12.0.0/test/subset/data/profiles/notdef-outline-retain-gids.txt
harfbuzz-12.0.0/test/subset/data/profiles/notdef-outline.txt
harfbuzz-12.0.0/test/subset/data/profiles/retain-base-table-filter-scripts.txt
harfbuzz-12.0.0/test/subset/data/profiles/retain-base-table.txt
harfbuzz-12.0.0/test/subset/data/profiles/retain-gids-glyph-names.txt
harfbuzz-12.0.0/test/subset/data/profiles/retain-gids.txt
harfbuzz-12.0.0/test/subset/data/profiles/retain-num-glyphs.txt
harfbuzz-12.0.0/test/subset/data/repack_tests/
harfbuzz-12.0.0/test/subset/data/repack_tests/advanced_prioritization.tests
harfbuzz-12.0.0/test/subset/data/repack_tests/basic.tests
harfbuzz-12.0.0/test/subset/data/repack_tests/isolation.tests
harfbuzz-12.0.0/test/subset/data/repack_tests/prioritization.tests
harfbuzz-12.0.0/test/subset/data/repack_tests/space_splitting.tests
harfbuzz-12.0.0/test/subset/data/repack_tests/table_duplication.tests
harfbuzz-12.0.0/test/subset/data/tests/
harfbuzz-12.0.0/test/subset/data/tests/32bit_var_store.tests
harfbuzz-12.0.0/test/subset/data/tests/apply_cvar_delta.tests
harfbuzz-12.0.0/test/subset/data/tests/basics.tests
harfbuzz-12.0.0/test/subset/data/tests/bidi.tests
harfbuzz-12.0.0/test/subset/data/tests/cbdt.tests
harfbuzz-12.0.0/test/subset/data/tests/cff-full-font.tests
harfbuzz-12.0.0/test/subset/data/tests/cff-japanese.tests
harfbuzz-12.0.0/test/subset/data/tests/cff.notoserifmyanmar.tests
harfbuzz-12.0.0/test/subset/data/tests/cmap.tests
harfbuzz-12.0.0/test/subset/data/tests/cmap14.tests
harfbuzz-12.0.0/test/subset/data/tests/cmap4_overflow.tests
harfbuzz-12.0.0/test/subset/data/tests/collect_name_ids.tests
harfbuzz-12.0.0/test/subset/data/tests/colr.tests
harfbuzz-12.0.0/test/subset/data/tests/colr_glyphs.tests
harfbuzz-12.0.0/test/subset/data/tests/colr_with_components.tests
harfbuzz-12.0.0/test/subset/data/tests/colrv1.notoemoji.tests
harfbuzz-12.0.0/test/subset/data/tests/colrv1.tests
harfbuzz-12.0.0/test/subset/data/tests/colrv1_partial_instance.tests
harfbuzz-12.0.0/test/subset/data/tests/colrv1_subset_varstore.tests
harfbuzz-12.0.0/test/subset/data/tests/empty_region_vardata.tests
harfbuzz-12.0.0/test/subset/data/tests/feature_variation_instance_collect_lookups.tests
harfbuzz-12.0.0/test/subset/data/tests/feature_variations_partial_instance.tests
harfbuzz-12.0.0/test/subset/data/tests/full-font.tests
harfbuzz-12.0.0/test/subset/data/tests/full_instance.tests
harfbuzz-12.0.0/test/subset/data/tests/gdef_partial_instance.tests
harfbuzz-12.0.0/test/subset/data/tests/glyf_bug_3131.tests
harfbuzz-12.0.0/test/subset/data/tests/glyf_partial_instancing.tests
harfbuzz-12.0.0/test/subset/data/tests/glyf_partial_instancing_iup.tests
harfbuzz-12.0.0/test/subset/data/tests/glyph_map.tests
harfbuzz-12.0.0/test/subset/data/tests/glyph_names.tests
harfbuzz-12.0.0/test/subset/data/tests/iftb_requirements.tests
harfbuzz-12.0.0/test/subset/data/tests/instance_comp_glyph_empty_child.tests
harfbuzz-12.0.0/test/subset/data/tests/instance_feature_variations.tests
harfbuzz-12.0.0/test/subset/data/tests/instance_no_double_free.tests
harfbuzz-12.0.0/test/subset/data/tests/instantiate_base.tests
harfbuzz-12.0.0/test/subset/data/tests/instantiate_cff2.tests
harfbuzz-12.0.0/test/subset/data/tests/instantiate_cff2_tsb.tests
harfbuzz-12.0.0/test/subset/data/tests/instantiate_cff2_update_metrics.tests
harfbuzz-12.0.0/test/subset/data/tests/instantiate_colrv1.tests
harfbuzz-12.0.0/test/subset/data/tests/instantiate_glyf.tests
harfbuzz-12.0.0/test/subset/data/tests/instantiate_gvar_padding.tests
harfbuzz-12.0.0/test/subset/data/tests/japanese.tests
harfbuzz-12.0.0/test/subset/data/tests/layout.context.tests
harfbuzz-12.0.0/test/subset/data/tests/layout.context_format2.tests
harfbuzz-12.0.0/test/subset/data/tests/layout.drop_feature.tests
harfbuzz-12.0.0/test/subset/data/tests/layout.duplicate_features.tests
harfbuzz-12.0.0/test/subset/data/tests/layout.empty_ligature_offset.tests
harfbuzz-12.0.0/test/subset/data/tests/layout.gdef-attachlist.tests
harfbuzz-12.0.0/test/subset/data/tests/layout.gdef-varstore.tests
harfbuzz-12.0.0/test/subset/data/tests/layout.gdef.glyphset.tests
harfbuzz-12.0.0/test/subset/data/tests/layout.gdef.tests
harfbuzz-12.0.0/test/subset/data/tests/layout.gpos.tests
harfbuzz-12.0.0/test/subset/data/tests/layout.gpos2.tests
harfbuzz-12.0.0/test/subset/data/tests/layout.gpos3.tests
harfbuzz-12.0.0/test/subset/data/tests/layout.gpos4.tests
harfbuzz-12.0.0/test/subset/data/tests/layout.gpos5.tests
harfbuzz-12.0.0/test/subset/data/tests/layout.gpos6.tests
harfbuzz-12.0.0/test/subset/data/tests/layout.gpos8.amiri.tests
harfbuzz-12.0.0/test/subset/data/tests/layout.gpos8.tests
harfbuzz-12.0.0/test/subset/data/tests/layout.gpos9.tests
harfbuzz-12.0.0/test/subset/data/tests/layout.gsub3.tests
harfbuzz-12.0.0/test/subset/data/tests/layout.gsub5.tests
harfbuzz-12.0.0/test/subset/data/tests/layout.gsub5_format2.tests
harfbuzz-12.0.0/test/subset/data/tests/layout.gsub6.tests
harfbuzz-12.0.0/test/subset/data/tests/layout.gsub8.tests
harfbuzz-12.0.0/test/subset/data/tests/layout.khmer.tests
harfbuzz-12.0.0/test/subset/data/tests/layout.markfilteringset.tests
harfbuzz-12.0.0/test/subset/data/tests/layout.notonastaliqurdu.tests
harfbuzz-12.0.0/test/subset/data/tests/layout.tests
harfbuzz-12.0.0/test/subset/data/tests/layout.tinos.tests
harfbuzz-12.0.0/test/subset/data/tests/layout.unsorted_featurelist.tests
harfbuzz-12.0.0/test/subset/data/tests/math.tests
harfbuzz-12.0.0/test/subset/data/tests/math_coverage_offset.tests
harfbuzz-12.0.0/test/subset/data/tests/mvar_full_instance.tests
harfbuzz-12.0.0/test/subset/data/tests/mvar_partial_instance.tests
harfbuzz-12.0.0/test/subset/data/tests/no_layout_closure.tests
harfbuzz-12.0.0/test/subset/data/tests/pin_all_at_default.tests
harfbuzz-12.0.0/test/subset/data/tests/post.tests
harfbuzz-12.0.0/test/subset/data/tests/post_apply_mvar_delta.tests
harfbuzz-12.0.0/test/subset/data/tests/preprocess.tests
harfbuzz-12.0.0/test/subset/data/tests/retain-num-glyphs.tests
harfbuzz-12.0.0/test/subset/data/tests/sbix.tests
harfbuzz-12.0.0/test/subset/data/tests/subset_base.tests
harfbuzz-12.0.0/test/subset/data/tests/sync_vmetrics.tests
harfbuzz-12.0.0/test/subset/data/tests/update_def_wght.tests
harfbuzz-12.0.0/test/subset/data/tests/value_format_partial_instance.tests
harfbuzz-12.0.0/test/subset/data/tests/variable.tests
harfbuzz-12.0.0/test/subset/generate-expected-outputs.py
harfbuzz-12.0.0/test/subset/meson.build
harfbuzz-12.0.0/test/subset/repack_test.py
harfbuzz-12.0.0/test/subset/run-repack-tests.py
harfbuzz-12.0.0/test/subset/run-tests.py
harfbuzz-12.0.0/test/subset/subset_test_suite.py
harfbuzz-12.0.0/test/threads/
harfbuzz-12.0.0/test/threads/hb-shape-threads.cc
harfbuzz-12.0.0/test/threads/hb-subset-threads.cc
harfbuzz-12.0.0/test/threads/meson.build
harfbuzz-12.0.0/util/
harfbuzz-12.0.0/util/ansi-print.hh
harfbuzz-12.0.0/util/batch.hh
harfbuzz-12.0.0/util/face-options.hh
harfbuzz-12.0.0/util/font-options.hh
harfbuzz-12.0.0/util/hb-fc-list.c
harfbuzz-12.0.0/util/hb-fc.cc
harfbuzz-12.0.0/util/hb-fc.h
harfbuzz-12.0.0/util/hb-info.cc
harfbuzz-12.0.0/util/hb-shape.cc
harfbuzz-12.0.0/util/hb-subset.cc
harfbuzz-12.0.0/util/hb-view.cc
harfbuzz-12.0.0/util/helper-cairo-ansi.hh
harfbuzz-12.0.0/util/helper-cairo-ft.hh
harfbuzz-12.0.0/util/helper-cairo.hh
harfbuzz-12.0.0/util/helper-subset.hh
harfbuzz-12.0.0/util/main-font-text.hh
harfbuzz-12.0.0/util/meson.build
harfbuzz-12.0.0/util/options.hh
harfbuzz-12.0.0/util/output-options.hh
harfbuzz-12.0.0/util/shape-consumer.hh
harfbuzz-12.0.0/util/shape-format.hh
harfbuzz-12.0.0/util/shape-options.hh
harfbuzz-12.0.0/util/shape-output.hh
harfbuzz-12.0.0/util/test-hb-subset-parsing.c
harfbuzz-12.0.0/util/text-options.hh
harfbuzz-12.0.0/util/view-cairo.hh
harfbuzz-12.0.0/util/view-options.hh
harfbuzz-12.0.0/xkcd.png
The Meson build system
Version: 1.7.0
Source dir: /blfs/builds/harfbuzz-12.0.0
Build dir: /blfs/builds/harfbuzz-12.0.0/build
Build type: native build
Project name: harfbuzz
Project version: 12.0.0
C compiler for the host machine: cc (gcc 15.2.0 "cc (GCC) 15.2.0")
C linker for the host machine: cc ld.bfd 2.45
C++ compiler for the host machine: c++ (gcc 15.2.0 "c++ (GCC) 15.2.0")
C++ linker for the host machine: c++ ld.bfd 2.45
Host machine cpu family: x86_64
Host machine cpu: x86_64
Compiler for C++ supports link arguments -Bsymbolic-functions: YES 
Compiler for C++ supports arguments -fno-exceptions: YES 
Compiler for C++ supports arguments -fno-rtti: YES 
Compiler for C++ supports arguments -fno-threadsafe-statics: YES 
Compiler for C++ supports arguments -fvisibility-inlines-hidden: YES 
Library m found: YES
Found pkg-config: YES (/usr/bin/pkg-config) 2.5.1
Run-time dependency freetype2 found: YES 26.4.20
Run-time dependency glib-2.0 found: YES 2.86.0
Run-time dependency gobject-2.0 found: YES 2.86.0
Run-time dependency graphite2 found: YES 3.0.1
Dependency graphite2 skipped: feature graphite disabled
Library iwasm skipped: feature wasm disabled
Run-time dependency icu-uc found: YES 77.1
Run-time dependency cairo found: YES 1.18.4
Run-time dependency cairo-ft found: YES 1.18.4
Found CMake: /usr/bin/cmake (4.1.1)
Run-time dependency chafa found: NO (tried pkgconfig and cmake)
Run-time dependency threads found: YES
Has header "unistd.h" : YES 
Has header "sys/mman.h" : YES 
Has header "stdbool.h" : YES 
Has header "xlocale.h" : NO 
Checking for function "atexit" : YES 
Checking for function "mprotect" : YES 
Checking for function "sysconf" : YES 
Checking for function "getpagesize" : YES 
Checking for function "mmap" : YES 
Checking for function "isatty" : YES 
Checking for function "uselocale" : YES 
Checking for function "newlocale" : YES 
Checking for function "sincos" : YES 
Checking for function "sincosf" : YES 
Checking for function "cairo_user_font_face_set_render_color_glyph_func" with dependency cairo: YES 
Checking for function "cairo_font_options_get_custom_palette_color" with dependency cairo: YES 
Checking for function "cairo_user_scaled_font_get_foreground_source" with dependency cairo: YES 
Checking for function "FT_Get_Var_Blend_Coordinates" with dependency freetype2: YES 
Checking for function "FT_Set_Var_Blend_Coordinates" with dependency freetype2: YES 
Checking for function "FT_Done_MM_Var" with dependency freetype2: YES 
Checking for function "FT_Get_Transform" with dependency freetype2: YES 
Program gen-hb-version.py found: YES (/blfs/builds/harfbuzz-12.0.0/src/gen-hb-version.py)
Configuring hb-version.h with command
Program ragel found: NO
../src/meson.build:452: WARNING: You have to install ragel if you are going to develop HarfBuzz itself
Program gen-harfbuzzcc.py found: YES (/blfs/builds/harfbuzz-12.0.0/src/gen-harfbuzzcc.py)
Configuring hb-features.h using configuration
Configuring hb-supported-features.h using configuration
Program gen-def.py found: YES (/blfs/builds/harfbuzz-12.0.0/src/gen-def.py)
Program gen-harfbuzzcc.py found: YES (/blfs/builds/harfbuzz-12.0.0/src/gen-harfbuzzcc.py)
Dependency cairo found: YES 1.18.4 (cached)
Configuring harfbuzz-config.cmake using configuration
Dependency glib-2.0 found: YES 2.86.0 (cached)
Program /usr/bin/glib-mkenums found: YES (/usr/bin/glib-mkenums)
Dependency glib-2.0 found: YES 2.86.0 (cached)
Program /usr/bin/glib-mkenums found: YES (/usr/bin/glib-mkenums)
Program fix_get_types.py found: YES (/blfs/builds/harfbuzz-12.0.0/src/fix_get_types.py)
Program fix_get_types.py found: YES (/blfs/builds/harfbuzz-12.0.0/src/fix_get_types.py)
Program g-ir-scanner found: YES (/usr/bin/g-ir-scanner)
Run-time dependency gobject-introspection-1.0 found: YES 1.86.0
Dependency gobject-introspection-1.0 found: YES 1.86.0 (cached)
Program /usr/bin/g-ir-scanner found: YES (/usr/bin/g-ir-scanner)
Dependency gobject-introspection-1.0 found: YES 1.86.0 (cached)
Program /usr/bin/g-ir-compiler found: YES (/usr/bin/g-ir-compiler)
Program check-c-linkage-decls.py found: YES (/blfs/builds/harfbuzz-12.0.0/src/check-c-linkage-decls.py)
Program check-externs.py found: YES (/blfs/builds/harfbuzz-12.0.0/src/check-externs.py)
Program check-header-guards.py found: YES (/blfs/builds/harfbuzz-12.0.0/src/check-header-guards.py)
Program check-includes.py found: YES (/blfs/builds/harfbuzz-12.0.0/src/check-includes.py)
Program check-static-inits.py found: YES (/blfs/builds/harfbuzz-12.0.0/src/check-static-inits.py)
Program check-symbols.py found: YES (/blfs/builds/harfbuzz-12.0.0/src/check-symbols.py)
Program check-libstdc++.py found: YES (/blfs/builds/harfbuzz-12.0.0/src/check-libstdc++.py)
Program check-release-notes.py found: YES (/blfs/builds/harfbuzz-12.0.0/src/check-release-notes.py)
Program help2man found: NO
Program glob.py found: YES (/blfs/builds/harfbuzz-12.0.0/test/fuzzing/glob.py)
Program run-tests.py found: YES (/blfs/builds/harfbuzz-12.0.0/test/subset/run-tests.py)
Program run-repack-tests.py found: YES (/blfs/builds/harfbuzz-12.0.0/test/subset/run-repack-tests.py)
Program run-tests.py found: YES (/blfs/builds/harfbuzz-12.0.0/test/shape/run-tests.py)
Program gtkdoc-scan found: YES (/usr/bin/gtkdoc-scan)
Configuring version.xml using configuration
Program gtkdoc-scan found: YES (/usr/bin/gtkdoc-scan)
Program gtkdoc-scangobj found: YES (/usr/bin/gtkdoc-scangobj)
Program gtkdoc-mkdb found: YES (/usr/bin/gtkdoc-mkdb)
Program gtkdoc-mkhtml found: YES (/usr/bin/gtkdoc-mkhtml)
Program gtkdoc-fixxref found: YES (/usr/bin/gtkdoc-fixxref)
Configuring config.h using configuration
Build targets in project: 130

harfbuzz 12.0.0

  Directories
    prefix                    : /usr
    bindir                    : bin
    libdir                    : lib
    includedir                : include
    datadir                   : share
    cmakepackagedir           : lib/cmake

  Unicode callbacks (you want at least one)
    Builtin                   : YES
    Glib                      : YES
    ICU                       : YES

  Font callbacks (the more the merrier)
    Builtin                   : YES
    FreeType                  : YES
    Fontations                : NO

  Dependencies used for command-line utilities
    Cairo                     : YES
    Chafa                     : NO

  Additional shapers
    Graphite2                 : YES
    WebAssembly (experimental): NO

  Platform / other shapers (not normally needed)
    CoreText                  : NO
    DirectWrite               : NO
    GDI/Uniscribe             : NO
    HarfRust                  : NO
    kbts                      : NO

  Other features
    Utilities                 : YES
    Documentation             : YES
    GObject bindings          : YES
    Cairo integration         : YES
    Introspection             : YES
    Experimental APIs         : NO

  Testing
    Tests                     : YES
    Benchmark                 : NO

  User defined options
    buildtype                 : release
    cpp_std                   : c++17
    graphite2                 : enabled
    prefix                    : /usr

Found ninja-1.13.1 at /usr/bin/ninja
[1/349] Generating GObject enum file src/hb-gobject-enums-tmp.h (wrapped by meson to capture output)
[2/349] Compiling C++ object src/libharfbuzz.so.0.61200.0.p/hb-buffer-serialize.cc.o
[3/349] Compiling C++ object src/libharfbuzz.so.0.61200.0.p/hb-buffer-verify.cc.o
[4/349] Compiling C++ object src/libharfbuzz.so.0.61200.0.p/hb-common.cc.o
[5/349] Compiling C++ object src/libharfbuzz.so.0.61200.0.p/hb-draw.cc.o
[6/349] Compiling C++ object src/libharfbuzz.so.0.61200.0.p/hb-paint-extents.cc.o
[7/349] Compiling C++ object src/libharfbuzz.so.0.61200.0.p/hb-blob.cc.o
[8/349] Compiling C++ object src/libharfbuzz.so.0.61200.0.p/hb-paint-bounded.cc.o
[9/349] Compiling C++ object src/libharfbuzz.so.0.61200.0.p/hb-paint.cc.o
[10/349] Compiling C++ object src/libharfbuzz.so.0.61200.0.p/hb-number.cc.o
[11/349] Compiling C++ object src/libharfbuzz.so.0.61200.0.p/hb-fallback-shape.cc.o
[12/349] Compiling C++ object src/libharfbuzz.so.0.61200.0.p/hb-buffer.cc.o
[13/349] Compiling C++ object src/libharfbuzz.so.0.61200.0.p/hb-map.cc.o
[14/349] Compiling C++ object src/libharfbuzz.so.0.61200.0.p/hb-outline.cc.o
[15/349] Compiling C++ object src/libharfbuzz.so.0.61200.0.p/hb-face-builder.cc.o
[16/349] Compiling C++ object src/libharfbuzz.so.0.61200.0.p/hb-aat-map.cc.o
[17/349] Compiling C++ object src/libharfbuzz.so.0.61200.0.p/hb-font.cc.o
[18/349] Compiling C++ object src/libharfbuzz.so.0.61200.0.p/hb-ot-color.cc.o
[19/349] Compiling C++ object src/libharfbuzz.so.0.61200.0.p/hb-face.cc.o
[20/349] Compiling C++ object src/libharfbuzz.so.0.61200.0.p/hb-ot-cff1-table.cc.o
[21/349] Compiling C++ object src/libharfbuzz.so.0.61200.0.p/hb-ot-map.cc.o
[22/349] Compiling C++ object src/libharfbuzz.so.0.61200.0.p/hb-ot-cff2-table.cc.o
[23/349] Compiling C++ object src/libharfbuzz.so.0.61200.0.p/hb-ot-math.cc.o
[24/349] Compiling C++ object src/libharfbuzz.so.0.61200.0.p/hb-ot-meta.cc.o
[25/349] Compiling C++ object src/libharfbuzz.so.0.61200.0.p/hb-ot-shaper-default.cc.o
[26/349] Compiling C++ object src/libharfbuzz.so.0.61200.0.p/hb-ot-shaper-hangul.cc.o
[27/349] Compiling C++ object src/libharfbuzz.so.0.61200.0.p/hb-ot-name.cc.o
[28/349] Compiling C++ object src/libharfbuzz.so.0.61200.0.p/hb-ot-face.cc.o
[29/349] Compiling C++ object src/libharfbuzz.so.0.61200.0.p/hb-ot-shaper-hebrew.cc.o
[30/349] Compiling C++ object src/libharfbuzz.so.0.61200.0.p/hb-ot-shaper-indic-table.cc.o
[31/349] Compiling C++ object src/libharfbuzz.so.0.61200.0.p/hb-ot-shaper-syllabic.cc.o
[32/349] Compiling C++ object src/libharfbuzz.so.0.61200.0.p/hb-ot-shaper-khmer.cc.o
[33/349] Compiling C++ object src/libharfbuzz.so.0.61200.0.p/hb-ot-shaper-indic.cc.o
[34/349] Compiling C++ object src/libharfbuzz.so.0.61200.0.p/hb-ot-shaper-thai.cc.o
[35/349] Compiling C++ object src/libharfbuzz.so.0.61200.0.p/hb-ot-metrics.cc.o
[36/349] Compiling C++ object src/libharfbuzz.so.0.61200.0.p/hb-ot-shaper-myanmar.cc.o
[37/349] Compiling C++ object src/libharfbuzz.so.0.61200.0.p/hb-ot-shaper-use.cc.o
[38/349] Compiling C++ object src/libharfbuzz.so.0.61200.0.p/hb-ot-shape-normalize.cc.o
[39/349] Compiling C++ object src/libharfbuzz.so.0.61200.0.p/hb-ot-shaper-vowel-constraints.cc.o
[40/349] Compiling C++ object src/libharfbuzz.so.0.61200.0.p/OT_Var_VARC_VARC.cc.o
[41/349] Compiling C++ object src/libharfbuzz.so.0.61200.0.p/hb-shape-plan.cc.o
[42/349] Compiling C++ object src/libharfbuzz.so.0.61200.0.p/hb-shape.cc.o
[43/349] Compiling C++ object src/libharfbuzz.so.0.61200.0.p/hb-aat-layout.cc.o
[44/349] Compiling C++ object src/libharfbuzz.so.0.61200.0.p/hb-shaper.cc.o
[45/349] Compiling C++ object src/libharfbuzz.so.0.61200.0.p/hb-ot-tag.cc.o
[46/349] Compiling C++ object src/libharfbuzz.so.0.61200.0.p/hb-ot-shape-fallback.cc.o
[47/349] Compiling C++ object src/libharfbuzz.so.0.61200.0.p/hb-ucd.cc.o
[48/349] Compiling C++ object src/libharfbuzz.so.0.61200.0.p/hb-ot-font.cc.o
[49/349] Compiling C++ object src/libharfbuzz.so.0.61200.0.p/hb-set.cc.o
[50/349] Generating src/hb-gobject-enums.h with a custom command
[51/349] Compiling C++ object src/libharfbuzz.so.0.61200.0.p/hb-ot-var.cc.o
[52/349] Compiling C++ object src/libharfbuzz.so.0.61200.0.p/hb-glib.cc.o
[53/349] Compiling C++ object src/libharfbuzz-subset.so.0.61200.0.p/hb-number.cc.o
[54/349] Compiling C++ object src/libharfbuzz.so.0.61200.0.p/hb-graphite2.cc.o
[55/349] Generating GObject enum file src/hb-gobject-enums-tmp.cc (wrapped by meson to capture output)
[56/349] Generating src/hb-gobject-enums.cc with a custom command
[57/349] Compiling C++ object src/libharfbuzz.so.0.61200.0.p/hb-static.cc.o
[58/349] Compiling C++ object src/libharfbuzz.so.0.61200.0.p/hb-ot-shape.cc.o
[59/349] Compiling C++ object src/libharfbuzz.so.0.61200.0.p/hb-style.cc.o
[60/349] Compiling C++ object src/libharfbuzz.so.0.61200.0.p/hb-unicode.cc.o
[61/349] Compiling C++ object src/libharfbuzz.so.0.61200.0.p/hb-ot-shaper-arabic.cc.o
[62/349] Compiling C++ object src/libharfbuzz-subset.so.0.61200.0.p/hb-subset-instancer-solver.cc.o
[63/349] Compiling C++ object src/libharfbuzz-subset.so.0.61200.0.p/hb-subset-instancer-iup.cc.o
[64/349] Compiling C++ object src/libharfbuzz-subset.so.0.61200.0.p/hb-subset-input.cc.o
[65/349] Compiling C++ object src/libharfbuzz.so.0.61200.0.p/hb-ft.cc.o
[66/349] Compiling C++ object src/libharfbuzz-subset.so.0.61200.0.p/hb-subset-cff-common.cc.o
[67/349] Compiling C++ object src/libharfbuzz-subset.so.0.61200.0.p/hb-ot-cff1-table.cc.o
[68/349] Compiling C++ object src/libharfbuzz-subset.so.0.61200.0.p/hb-ot-cff2-table.cc.o
[69/349] Compiling C++ object src/libharfbuzz-subset.so.0.61200.0.p/hb-static.cc.o
[70/349] Compiling C++ object src/libharfbuzz-subset.so.0.61200.0.p/hb-subset-plan-var.cc.o
[71/349] Compiling C++ object src/libharfbuzz-subset.so.0.61200.0.p/hb-subset-cff1.cc.o
[72/349] Compiling C++ object src/libharfbuzz-subset.so.0.61200.0.p/hb-subset-cff2.cc.o
[73/349] Compiling C++ object src/libharfbuzz.so.0.61200.0.p/hb-ot-layout.cc.o
[74/349] Linking target src/libharfbuzz.so.0.61200.0
[75/349] Generating symbol file src/libharfbuzz.so.0.61200.0.p/libharfbuzz.so.0.61200.0.symbols
[76/349] Compiling C++ object src/libharfbuzz-cairo.so.0.61200.0.p/hb-cairo.cc.o
[77/349] Compiling C++ object src/libharfbuzz-cairo.so.0.61200.0.p/hb-cairo-utils.cc.o
[78/349] Compiling C++ object src/libharfbuzz-subset.so.0.61200.0.p/graph_gsubgpos-context.cc.o
[79/349] Compiling C++ object src/libharfbuzz-icu.so.0.61200.0.p/hb-icu.cc.o
[80/349] Compiling C++ object src/libharfbuzz-gobject.so.0.61200.0.p/meson-generated_.._hb-gobject-enums.cc.o
[81/349] Linking target src/libharfbuzz-icu.so.0.61200.0
[82/349] Compiling C++ object src/libharfbuzz-subset.so.0.61200.0.p/hb-subset-plan.cc.o
[83/349] Compiling C++ object src/libharfbuzz-gobject.so.0.61200.0.p/hb-gobject-structs.cc.o
[84/349] Linking target src/libharfbuzz-gobject.so.0.61200.0
[85/349] Compiling C++ object src/libharfbuzz-cairo.so.0.61200.0.p/hb-static.cc.o
[86/349] Linking target src/libharfbuzz-cairo.so.0.61200.0
[87/349] Compiling C++ object src/test-basics.p/test.cc.o
[88/349] Generating symbol file src/libharfbuzz-cairo.so.0.61200.0.p/libharfbuzz-cairo.so.0.61200.0.symbols
[89/349] Compiling C++ object src/test-buffer-serialize.p/test-buffer-serialize.cc.o
[90/349] Compiling C++ object src/test-ot-glyphname.p/test-ot-glyphname.cc.o
[91/349] Compiling C++ object src/test-ot-meta.p/test-ot-meta.cc.o
[92/349] Compiling C++ object src/test-ot-name.p/test-ot-name.cc.o
[93/349] Compiling C++ object src/test-ot-gsub-get-alternates.p/test-gsub-get-alternates.cc.o
[94/349] Compiling C++ object src/libharfbuzz-subset.so.0.61200.0.p/hb-subset-plan-layout.cc.o
[95/349] Compiling C++ object src/libharfbuzz-subset.so.0.61200.0.p/hb-subset-serialize.cc.o
[96/349] Compiling C++ object src/test-ot-gpos-size-params.p/test-gpos-size-params.cc.o
[97/349] Compiling C++ object src/test-ot-gsub-would-substitute.p/test-gsub-would-substitute.cc.o
[98/349] Compiling C++ object src/test-algs.p/test-algs.cc.o
[99/349] Compiling C++ object src/test-use-table.p/test-use-table.cc.o
[100/349] Compiling C++ object src/test-array.p/test-array.cc.o
[101/349] Compiling C++ object src/libharfbuzz-subset.so.0.61200.0.p/hb-subset-table-cff.cc.o
[102/349] Compiling C++ object src/test-bimap.p/test-bimap.cc.o
[103/349] Compiling C++ object src/main.p/main.cc.o
[104/349] Compiling C++ object src/test-cff.p/test-cff.cc.o
[105/349] Compiling C++ object src/test-algs.p/hb-static.cc.o
[106/349] Compiling C++ object src/test-decycler.p/test-decycler.cc.o
[107/349] Compiling C++ object src/test-classdef-graph.p/graph_gsubgpos-context.cc.o
[108/349] Compiling C++ object src/test-classdef-graph.p/hb-static.cc.o
[109/349] Compiling C++ object src/test-cff.p/hb-static.cc.o
[110/349] Compiling C++ object src/test-machinery.p/test-machinery.cc.o
[111/349] Compiling C++ object src/test-classdef-graph.p/graph_test-classdef-graph.cc.o
[112/349] Compiling C++ object src/test-bimap.p/hb-static.cc.o
[113/349] Compiling C++ object src/libharfbuzz-subset.so.0.61200.0.p/hb-subset.cc.o
[114/349] Compiling C++ object src/test-multimap.p/test-multimap.cc.o
[115/349] Compiling C++ object src/test-decycler.p/hb-static.cc.o
[116/349] Compiling C++ object src/libharfbuzz-subset.so.0.61200.0.p/hb-subset-table-other.cc.o
[117/349] Compiling C++ object src/test-number.p/test-number.cc.o
[118/349] Compiling C++ object src/test-number.p/hb-number.cc.o
[119/349] Compiling C++ object src/test-machinery.p/hb-static.cc.o
[120/349] Compiling C++ object src/test-iter.p/test-iter.cc.o
[121/349] Compiling C++ object src/test-map.p/hb-static.cc.o
[122/349] Compiling C++ object src/test-ot-tag.p/hb-ot-tag.cc.o
[123/349] Compiling C++ object src/test-set.p/test-set.cc.o
[124/349] Compiling C++ object src/libharfbuzz-subset.so.0.61200.0.p/hb-subset-table-var.cc.o
[125/349] Compiling C++ object src/test-iter.p/hb-static.cc.o
[126/349] Compiling C++ object src/test-multimap.p/hb-static.cc.o
[127/349] Compiling C++ object src/test-map.p/test-map.cc.o
[128/349] Compiling C++ object src/libharfbuzz-subset.so.0.61200.0.p/hb-subset-table-color.cc.o
[129/349] Compiling C++ object src/test-instancer-solver.p/hb-subset-instancer-solver.cc.o
[130/349] Compiling C++ object src/test-instancer-solver.p/test-subset-instancer-solver.cc.o
[131/349] Compiling C++ object src/test-set.p/hb-static.cc.o
[132/349] Compiling C++ object src/test-vector.p/test-vector.cc.o
[133/349] Compiling C++ object src/test-priority-queue.p/test-priority-queue.cc.o
[134/349] Compiling C++ object src/test-serialize.p/test-serialize.cc.o
[135/349] Compiling C++ object src/test-vector.p/hb-static.cc.o
[136/349] Compiling C++ object src/test-tuple-varstore.p/hb-subset-instancer-solver.cc.o
[137/349] Compiling C++ object src/test-repacker.p/hb-static.cc.o
[138/349] Compiling C++ object src/test-serialize.p/hb-static.cc.o
[139/349] Compiling C++ object src/test-repacker.p/graph_gsubgpos-context.cc.o
[140/349] Compiling C++ object src/test-unicode-ranges.p/test-unicode-ranges.cc.o
[141/349] Generating symbol file src/libharfbuzz-icu.so.0.61200.0.p/libharfbuzz-icu.so.0.61200.0.symbols
[142/349] Compiling C++ object src/test-item-varstore.p/hb-subset-instancer-solver.cc.o
[143/349] Generating symbol file src/libharfbuzz-gobject.so.0.61200.0.p/libharfbuzz-gobject.so.0.61200.0.symbols
[144/349] Compiling C++ object src/test-tuple-varstore.p/hb-subset-instancer-iup.cc.o
[145/349] Compiling C++ object src/test-instancer-solver.p/hb-static.cc.o
[146/349] Compiling C++ object src/test-item-varstore.p/hb-subset-instancer-iup.cc.o
[147/349] Compiling C++ object util/hb-shape.p/hb-shape.cc.o
[148/349] Compiling C++ object src/test-tuple-varstore.p/hb-static.cc.o
[149/349] Compiling C object test/api/test-aat-layout.p/test-aat-layout.c.o
[150/349] Compiling C object test/api/test-baseline.p/test-baseline.c.o
[151/349] Compiling C++ object src/test-priority-queue.p/hb-static.cc.o
[152/349] Compiling C object test/api/test-base-minmax.p/test-base-minmax.c.o
[153/349] Compiling C object test/api/test-be-glyph-advance.p/test-be-glyph-advance.c.o
[154/349] Compiling C object test/api/test-be-num-glyphs.p/test-be-num-glyphs.c.o
[155/349] Compiling C++ object util/hb-view.p/hb-view.cc.o
[156/349] Compiling C object test/api/test-c.p/test-c.c.o
[157/349] Compiling C object test/api/test-blob.p/test-blob.c.o
[158/349] Compiling C object test/api/test-collect-unicodes.p/test-collect-unicodes.c.o
[159/349] Compiling C object test/api/test-buffer.p/test-buffer.c.o
[160/349] Generating src/HarfBuzz-0.0.gir with a custom command (wrapped by meson to set env)
../src/hb-font.cc:2496: Warning: HarfBuzz: invalid "scope" annotation: only valid on callback parameters
../src/hb-font.cc:2496: Warning: HarfBuzz: invalid "destroy" annotation: only valid on callback parameters
../src/hb-font.cc:2496: Warning: HarfBuzz: invalid "closure" annotation: only valid on callback parameters
../src/hb-font.cc:2536: Warning: HarfBuzz: invalid "scope" annotation: only valid on callback parameters
../src/hb-font.cc:2536: Warning: HarfBuzz: invalid "destroy" annotation: only valid on callback parameters
../src/hb-ft.cc:1174: Warning: HarfBuzz: invalid "scope" annotation: only valid on callback parameters
../src/hb-ft.cc:1174: Warning: HarfBuzz: invalid "destroy" annotation: only valid on callback parameters
../src/hb-ft.cc:1298: Warning: HarfBuzz: invalid "scope" annotation: only valid on callback parameters
../src/hb-ft.cc:1298: Warning: HarfBuzz: invalid "destroy" annotation: only valid on callback parameters
../src/hb-font.cc:2493: Warning: HarfBuzz: hb_font_set_funcs: argument destroy: Missing (scope) annotation for callback without GDestroyNotify (valid: call, async, forever)
../src/hb-font.cc:2533: Warning: HarfBuzz: hb_font_set_funcs_data: argument destroy: Missing (scope) annotation for callback without GDestroyNotify (valid: call, async, forever)
../src/hb-ft.cc:1172: Warning: HarfBuzz: hb_ft_face_create: argument destroy: Missing (scope) annotation for callback without GDestroyNotify (valid: call, async, forever)
../src/hb-ft.cc:1296: Warning: HarfBuzz: hb_ft_font_create: argument destroy: Missing (scope) annotation for callback without GDestroyNotify (valid: call, async, forever)
[161/349] Compiling C object test/api/test-common.p/test-common.c.o
[162/349] Compiling C++ object util/hb-info.p/hb-info.cc.o
[163/349] Compiling C object test/api/test-draw-varc.p/test-draw-varc.c.o
[164/349] Compiling C object test/api/test-draw.p/test-draw.c.o
[165/349] Compiling C++ object test/api/test-cplusplus.p/test-cplusplus.cc.o
[166/349] Compiling C object test/api/test-extents.p/test-extents.c.o
[167/349] Compiling C object test/api/test-face.p/test-face.c.o
[168/349] Compiling C object test/api/test-font-scale.p/test-font-scale.c.o
[169/349] Compiling C object test/api/test-glyph-names.p/test-glyph-names.c.o
[170/349] Compiling C++ object util/hb-subset.p/hb-subset.cc.o
[171/349] Compiling C object test/api/test-get-table-tags.p/test-get-table-tags.c.o
[172/349] Compiling C object test/api/test-map.p/test-map.c.o
[173/349] Compiling C object test/api/test-instance-cff2.p/test-instance-cff2.c.o
[174/349] Compiling C object test/api/test-ot-alternates.p/test-ot-alternates.c.o
[175/349] Compiling C++ object src/test-tuple-varstore.p/test-tuple-varstore.cc.o
[176/349] Compiling C object test/api/test-ot-glyphname.p/test-ot-glyphname.c.o
[177/349] Compiling C object test/api/test-font.p/test-font.c.o
[178/349] Compiling C object test/api/test-ot-face.p/test-ot-face.c.o
[179/349] Compiling C object test/api/test-ot-name.p/test-ot-name.c.o
[180/349] Compiling C object test/api/test-ot-collect-glyphs.p/test-ot-collect-glyphs.c.o
[181/349] Compiling C object test/api/test-ot-ligature-carets.p/test-ot-ligature-carets.c.o
[182/349] Compiling C object test/api/test-ot-color.p/test-ot-color.c.o
[183/349] Compiling C object test/api/test-ot-meta.p/test-ot-meta.c.o
[184/349] Compiling C object test/api/test-ot-layout.p/test-ot-layout.c.o
[185/349] Compiling C++ object src/test-item-varstore.p/hb-static.cc.o
[186/349] Compiling C object test/api/test-ot-metrics.p/test-ot-metrics.c.o
[187/349] Compiling C object test/api/test-ot-tag.p/test-ot-tag.c.o
[188/349] Compiling C object test/api/test-ot-extents-cff.p/test-ot-extents-cff.c.o
[189/349] Compiling C object test/api/test-subset-repacker.p/test-subset-repacker.c.o
[190/349] Compiling C object test/api/test-object.p/test-object.c.o
[191/349] Compiling C object test/api/test-paint.p/test-paint.c.o
[192/349] Compiling C object test/api/test-ot-metrics-tt-var.p/test-ot-metrics-tt-var.c.o
[193/349] Compiling C object test/api/test-subset-drop-tables.p/test-subset-drop-tables.c.o
[194/349] Compiling C object test/api/test-shape.p/test-shape.c.o
[195/349] Compiling C object test/api/test-shape-plan.p/test-shape-plan.c.o
[196/349] Compiling C object test/api/test-subset-cmap.p/test-subset-cmap.c.o
[197/349] Compiling C object test/api/test-style.p/test-style.c.o
[198/349] Compiling C object test/api/test-subset.p/test-subset.c.o
[199/349] Compiling C object test/api/test-subset-hdmx.p/test-subset-hdmx.c.o
[200/349] Compiling C object test/api/test-subset-nameids.p/test-subset-nameids.c.o
[201/349] Compiling C object test/api/test-subset-glyf.p/test-subset-glyf.c.o
[202/349] Compiling C object test/api/test-subset-os2.p/test-subset-os2.c.o
[203/349] Compiling C object test/api/test-subset-post.p/test-subset-post.c.o
[204/349] Compiling C object test/api/test-subset-vmtx.p/test-subset-vmtx.c.o
[205/349] Compiling C object test/api/test-subset-vvar.p/test-subset-vvar.c.o
[206/349] Compiling C object test/api/test-subset-hmtx.p/test-subset-hmtx.c.o
[207/349] Compiling C object test/api/test-subset-gvar.p/test-subset-gvar.c.o
[208/349] Compiling C object test/api/test-subset-cff2.p/test-subset-cff2.c.o
[209/349] Compiling C object test/api/test-subset-cff1.p/test-subset-cff1.c.o
[210/349] Compiling C object test/api/test-ot-math.p/test-ot-math.c.o
[211/349] Compiling C object test/api/test-subset-sbix.p/test-subset-sbix.c.o
[212/349] Compiling C object test/api/test-subset-hvar.p/test-subset-hvar.c.o
[213/349] Compiling C object test/api/test-subset-colr.p/test-subset-colr.c.o
[214/349] Compiling C object test/api/test-set.p/test-set.c.o
[215/349] Compiling C object test/api/test-subset-gpos.p/test-subset-gpos.c.o
[216/349] Compiling C object test/api/test-subset-cbdt.p/test-subset-cbdt.c.o
[217/349] Compiling C object test/api/test-version.p/test-version.c.o
[218/349] Compiling C++ object test/fuzzing/hb-shape-fuzzer.p/main.cc.o
[219/349] Compiling C object test/api/test-ft.p/test-ft.c.o
[220/349] Compiling C object test/api/test-var-coords.p/test-var-coords.c.o
[221/349] Compiling C object test/api/test-multithread.p/test-multithread.c.o
[222/349] Compiling C++ object test/fuzzing/hb-set-fuzzer.p/hb-set-fuzzer.cc.o
[223/349] Compiling C++ object test/fuzzing/hb-subset-fuzzer.p/main.cc.o
[224/349] Compiling C object test/api/test-unicode.p/test-unicode.c.o
[225/349] Compiling C++ object test/fuzzing/hb-subset-fuzzer.p/hb-subset-fuzzer.cc.o
[226/349] Compiling C++ object test/fuzzing/hb-shape-fuzzer.p/hb-shape-fuzzer.cc.o
[227/349] Compiling C++ object test/fuzzing/hb-repacker-fuzzer.p/main.cc.o
[228/349] Generating src/harfbuzz.cc with a custom command
[229/349] Compiling C++ object test/fuzzing/hb-draw-fuzzer.p/main.cc.o
[230/349] Compiling C++ object test/fuzzing/hb-set-fuzzer.p/main.cc.o
[231/349] Generating src/harfbuzz-subset.cc with a custom command
[232/349] Linking target src/test-ot-meta
[233/349] Linking target src/test-basics
[234/349] Linking target src/main
[235/349] Linking target src/test-ot-name
[236/349] Linking target src/test-buffer-serialize
[237/349] Compiling C++ object test/fuzzing/hb-repacker-fuzzer.p/hb-repacker-fuzzer.cc.o
[238/349] Linking target src/test-ot-glyphname
[239/349] Linking target src/test-ot-gpos-size-params
[240/349] Compiling C++ object test/fuzzing/hb-draw-fuzzer.p/hb-draw-fuzzer.cc.o
[241/349] Linking target src/test-use-table
[242/349] Linking target src/test-ot-gsub-get-alternates
[243/349] Linking target src/test-ot-gsub-would-substitute
[244/349] Linking target src/test-array
[245/349] Linking target src/test-algs
[246/349] Linking target src/test-cff
[247/349] Linking target src/test-bimap
[248/349] Linking target src/test-classdef-graph
[249/349] Linking target src/test-decycler
[250/349] Linking target src/test-machinery
[251/349] Linking target src/test-number
[252/349] Linking target src/test-iter
[253/349] Linking target src/test-map
[254/349] Linking target src/test-ot-tag
[255/349] Linking target src/test-multimap
[256/349] Linking target src/test-serialize
[257/349] Linking target src/test-instancer-solver
[258/349] Linking target src/test-tuple-varstore
[259/349] Linking target src/test-unicode-ranges
[260/349] Linking target src/test-priority-queue
[261/349] Linking target util/hb-shape
[262/349] Linking target src/test-set
[263/349] Linking target src/test-vector
[264/349] Linking target util/hb-info
[265/349] Linking target util/hb-view
[266/349] Linking target test/api/test-be-glyph-advance
[267/349] Linking target test/api/test-base-minmax
[268/349] Linking target test/api/test-baseline
[269/349] Linking target test/api/test-be-num-glyphs
[270/349] Linking target test/api/test-aat-layout
[271/349] Compiling C++ object test/threads/hb-subset-threads.p/hb-subset-threads.cc.o
[272/349] Linking target test/api/test-blob
[273/349] Linking target test/api/test-buffer
[274/349] Linking target test/api/test-c
[275/349] Linking target test/api/test-cplusplus
[276/349] Generating src/HarfBuzz-0.0.typelib with a custom command
[277/349] Linking target test/api/test-collect-unicodes
[278/349] Linking target test/api/test-draw
[279/349] Linking target test/api/test-face
[280/349] Linking target test/api/test-common
[281/349] Linking target test/api/test-extents
[282/349] Linking target test/api/test-draw-varc
[283/349] Linking target test/api/test-glyph-names
[284/349] Linking target test/api/test-map
[285/349] Linking target test/api/test-get-table-tags
[286/349] Linking target test/api/test-font-scale
[287/349] Linking target test/api/test-font
[288/349] Linking target test/api/test-ot-color
[289/349] Linking target test/api/test-ot-face
[290/349] Linking target test/api/test-ot-collect-glyphs
[291/349] Linking target test/api/test-ot-alternates
[292/349] Linking target test/api/test-object
[293/349] Linking target test/api/test-ot-glyphname
[294/349] Linking target test/api/test-ot-name
[295/349] Linking target test/api/test-ot-math
[296/349] Compiling C++ object test/threads/hb-shape-threads.p/hb-shape-threads.cc.o
[297/349] Linking target test/api/test-ot-meta
[298/349] Linking target test/api/test-ot-ligature-carets
[299/349] Linking target test/api/test-ot-metrics-tt-var
[300/349] Linking target test/api/test-ot-layout
[301/349] Linking target test/api/test-paint
[302/349] Linking target test/api/test-ot-metrics
[303/349] Linking target test/api/test-ot-extents-cff
[304/349] Compiling C++ object src/test-item-varstore.p/test-item-varstore.cc.o
[305/349] Linking target test/api/test-ot-tag
[306/349] Linking target test/api/test-style
[307/349] Linking target test/api/test-shape-plan
[308/349] Linking target test/api/test-set
[309/349] Linking target src/test-item-varstore
[310/349] Linking target test/api/test-shape
[311/349] Linking target test/api/test-var-coords
[312/349] Linking target test/api/test-version
[313/349] Linking target test/api/test-ft
[314/349] Linking target test/api/test-multithread
[315/349] Linking target test/threads/hb-shape-threads
[316/349] Linking target test/api/test-unicode
[317/349] Compiling C++ object src/libharfbuzz-subset.so.0.61200.0.p/hb-subset-table-layout.cc.o
[318/349] Linking target src/libharfbuzz-subset.so.0.61200.0
[319/349] Generating symbol file src/libharfbuzz-subset.so.0.61200.0.p/libharfbuzz-subset.so.0.61200.0.symbols
[320/349] Linking target util/hb-subset
[321/349] Linking target test/api/test-instance-cff2
[322/349] Linking target test/api/test-subset-repacker
[323/349] Linking target test/api/test-subset-os2
[324/349] Linking target test/api/test-subset-hdmx
[325/349] Linking target test/api/test-subset
[326/349] Linking target test/api/test-subset-cmap
[327/349] Linking target test/api/test-subset-drop-tables
[328/349] Linking target test/api/test-subset-post
[329/349] Linking target test/api/test-subset-cff1
[330/349] Linking target test/api/test-subset-nameids
[331/349] Linking target test/api/test-subset-cff2
[332/349] Linking target test/api/test-subset-hmtx
[333/349] Linking target test/api/test-subset-glyf
[334/349] Linking target test/api/test-subset-gvar
[335/349] Linking target test/api/test-subset-vmtx
[336/349] Linking target test/api/test-subset-sbix
[337/349] Linking target test/api/test-subset-colr
[338/349] Linking target test/api/test-subset-vvar
[339/349] Linking target test/api/test-subset-gpos
[340/349] Linking target test/api/test-subset-hvar
[341/349] Linking target test/fuzzing/hb-draw-fuzzer
[342/349] Linking target test/fuzzing/hb-subset-fuzzer
[343/349] Linking target test/fuzzing/hb-shape-fuzzer
[344/349] Linking target test/api/test-subset-cbdt
[345/349] Linking target test/fuzzing/hb-set-fuzzer
[346/349] Linking target test/fuzzing/hb-repacker-fuzzer
[347/349] Linking target test/threads/hb-subset-threads
[348/349] Compiling C++ object src/test-repacker.p/test-repacker.cc.o
[349/349] Linking target src/test-repacker
[0/1] Installing files
Installing src/libharfbuzz.so.0.61200.0 to /pkgs/harfbuzz/usr/lib
Installing src/libharfbuzz-subset.so.0.61200.0 to /pkgs/harfbuzz/usr/lib
Installing src/libharfbuzz-cairo.so.0.61200.0 to /pkgs/harfbuzz/usr/lib
Installing src/libharfbuzz-icu.so.0.61200.0 to /pkgs/harfbuzz/usr/lib
Installing src/hb-gobject-enums.h to /pkgs/harfbuzz/usr/include/harfbuzz
Installing src/libharfbuzz-gobject.so.0.61200.0 to /pkgs/harfbuzz/usr/lib
Installing src/HarfBuzz-0.0.gir to /pkgs/harfbuzz/usr/share/gir-1.0
Installing src/HarfBuzz-0.0.typelib to /pkgs/harfbuzz/usr/lib/girepository-1.0
Installing util/hb-view to /pkgs/harfbuzz/usr/bin
Installing util/hb-shape to /pkgs/harfbuzz/usr/bin
Installing util/hb-info to /pkgs/harfbuzz/usr/bin
Installing util/hb-subset to /pkgs/harfbuzz/usr/bin
Installing /blfs/builds/harfbuzz-12.0.0/src/hb-cairo.h to /pkgs/harfbuzz/usr/include/harfbuzz
Installing /blfs/builds/harfbuzz-12.0.0/src/hb-icu.h to /pkgs/harfbuzz/usr/include/harfbuzz
Installing /blfs/builds/harfbuzz-12.0.0/src/hb-gobject.h to /pkgs/harfbuzz/usr/include/harfbuzz
Installing /blfs/builds/harfbuzz-12.0.0/src/hb-gobject-structs.h to /pkgs/harfbuzz/usr/include/harfbuzz
Installing /blfs/builds/harfbuzz-12.0.0/src/hb-aat-layout.h to /pkgs/harfbuzz/usr/include/harfbuzz
Installing /blfs/builds/harfbuzz-12.0.0/src/hb-aat.h to /pkgs/harfbuzz/usr/include/harfbuzz
Installing /blfs/builds/harfbuzz-12.0.0/src/hb-blob.h to /pkgs/harfbuzz/usr/include/harfbuzz
Installing /blfs/builds/harfbuzz-12.0.0/src/hb-buffer.h to /pkgs/harfbuzz/usr/include/harfbuzz
Installing /blfs/builds/harfbuzz-12.0.0/src/hb-common.h to /pkgs/harfbuzz/usr/include/harfbuzz
Installing /blfs/builds/harfbuzz-12.0.0/src/hb-cplusplus.hh to /pkgs/harfbuzz/usr/include/harfbuzz
Installing /blfs/builds/harfbuzz-12.0.0/src/hb-deprecated.h to /pkgs/harfbuzz/usr/include/harfbuzz
Installing /blfs/builds/harfbuzz-12.0.0/src/hb-draw.h to /pkgs/harfbuzz/usr/include/harfbuzz
Installing /blfs/builds/harfbuzz-12.0.0/src/hb-paint.h to /pkgs/harfbuzz/usr/include/harfbuzz
Installing /blfs/builds/harfbuzz-12.0.0/src/hb-face.h to /pkgs/harfbuzz/usr/include/harfbuzz
Installing /blfs/builds/harfbuzz-12.0.0/src/hb-font.h to /pkgs/harfbuzz/usr/include/harfbuzz
Installing /blfs/builds/harfbuzz-12.0.0/src/hb-map.h to /pkgs/harfbuzz/usr/include/harfbuzz
Installing /blfs/builds/harfbuzz-12.0.0/src/hb-ot-color.h to /pkgs/harfbuzz/usr/include/harfbuzz
Installing /blfs/builds/harfbuzz-12.0.0/src/hb-ot-deprecated.h to /pkgs/harfbuzz/usr/include/harfbuzz
Installing /blfs/builds/harfbuzz-12.0.0/src/hb-ot-font.h to /pkgs/harfbuzz/usr/include/harfbuzz
Installing /blfs/builds/harfbuzz-12.0.0/src/hb-ot-layout.h to /pkgs/harfbuzz/usr/include/harfbuzz
Installing /blfs/builds/harfbuzz-12.0.0/src/hb-ot-math.h to /pkgs/harfbuzz/usr/include/harfbuzz
Installing /blfs/builds/harfbuzz-12.0.0/src/hb-ot-meta.h to /pkgs/harfbuzz/usr/include/harfbuzz
Installing /blfs/builds/harfbuzz-12.0.0/src/hb-ot-metrics.h to /pkgs/harfbuzz/usr/include/harfbuzz
Installing /blfs/builds/harfbuzz-12.0.0/src/hb-ot-name.h to /pkgs/harfbuzz/usr/include/harfbuzz
Installing /blfs/builds/harfbuzz-12.0.0/src/hb-ot-shape.h to /pkgs/harfbuzz/usr/include/harfbuzz
Installing /blfs/builds/harfbuzz-12.0.0/src/hb-ot-var.h to /pkgs/harfbuzz/usr/include/harfbuzz
Installing /blfs/builds/harfbuzz-12.0.0/src/hb-ot.h to /pkgs/harfbuzz/usr/include/harfbuzz
Installing /blfs/builds/harfbuzz-12.0.0/src/hb-script-list.h to /pkgs/harfbuzz/usr/include/harfbuzz
Installing /blfs/builds/harfbuzz-12.0.0/src/hb-set.h to /pkgs/harfbuzz/usr/include/harfbuzz
Installing /blfs/builds/harfbuzz-12.0.0/src/hb-shape-plan.h to /pkgs/harfbuzz/usr/include/harfbuzz
Installing /blfs/builds/harfbuzz-12.0.0/src/hb-shape.h to /pkgs/harfbuzz/usr/include/harfbuzz
Installing /blfs/builds/harfbuzz-12.0.0/src/hb-style.h to /pkgs/harfbuzz/usr/include/harfbuzz
Installing /blfs/builds/harfbuzz-12.0.0/src/hb-unicode.h to /pkgs/harfbuzz/usr/include/harfbuzz
Installing /blfs/builds/harfbuzz-12.0.0/src/hb.h to /pkgs/harfbuzz/usr/include/harfbuzz
Installing /blfs/builds/harfbuzz-12.0.0/build/src/hb-version.h to /pkgs/harfbuzz/usr/include/harfbuzz
Installing /blfs/builds/harfbuzz-12.0.0/src/hb-ft.h to /pkgs/harfbuzz/usr/include/harfbuzz
Installing /blfs/builds/harfbuzz-12.0.0/src/hb-glib.h to /pkgs/harfbuzz/usr/include/harfbuzz
Installing /blfs/builds/harfbuzz-12.0.0/src/hb-graphite2.h to /pkgs/harfbuzz/usr/include/harfbuzz
Installing /blfs/builds/harfbuzz-12.0.0/src/hb-subset.h to /pkgs/harfbuzz/usr/include/harfbuzz
Installing /blfs/builds/harfbuzz-12.0.0/src/hb-subset-serialize.h to /pkgs/harfbuzz/usr/include/harfbuzz
Installing /blfs/builds/harfbuzz-12.0.0/build/src/hb-version.h to /pkgs/harfbuzz/usr/include/harfbuzz
Installing /blfs/builds/harfbuzz-12.0.0/build/src/hb-features.h to /pkgs/harfbuzz/usr/include/harfbuzz
Installing /blfs/builds/harfbuzz-12.0.0/build/meson-private/harfbuzz-cairo.pc to /pkgs/harfbuzz/usr/lib/pkgconfig
Installing /blfs/builds/harfbuzz-12.0.0/build/meson-private/harfbuzz.pc to /pkgs/harfbuzz/usr/lib/pkgconfig
Installing /blfs/builds/harfbuzz-12.0.0/build/meson-private/harfbuzz-subset.pc to /pkgs/harfbuzz/usr/lib/pkgconfig
Installing /blfs/builds/harfbuzz-12.0.0/build/meson-private/harfbuzz-icu.pc to /pkgs/harfbuzz/usr/lib/pkgconfig
Installing /blfs/builds/harfbuzz-12.0.0/build/src/harfbuzz-config.cmake to /pkgs/harfbuzz/usr/lib/cmake/harfbuzz
Installing /blfs/builds/harfbuzz-12.0.0/build/meson-private/harfbuzz-gobject.pc to /pkgs/harfbuzz/usr/lib/pkgconfig
Installing symlink pointing to libharfbuzz.so.0.61200.0 to /pkgs/harfbuzz/usr/lib/libharfbuzz.so.0
Installing symlink pointing to libharfbuzz.so.0 to /pkgs/harfbuzz/usr/lib/libharfbuzz.so
Installing symlink pointing to libharfbuzz-subset.so.0.61200.0 to /pkgs/harfbuzz/usr/lib/libharfbuzz-subset.so.0
Installing symlink pointing to libharfbuzz-subset.so.0 to /pkgs/harfbuzz/usr/lib/libharfbuzz-subset.so
Installing symlink pointing to libharfbuzz-cairo.so.0.61200.0 to /pkgs/harfbuzz/usr/lib/libharfbuzz-cairo.so.0
Installing symlink pointing to libharfbuzz-cairo.so.0 to /pkgs/harfbuzz/usr/lib/libharfbuzz-cairo.so
Installing symlink pointing to libharfbuzz-icu.so.0.61200.0 to /pkgs/harfbuzz/usr/lib/libharfbuzz-icu.so.0
Installing symlink pointing to libharfbuzz-icu.so.0 to /pkgs/harfbuzz/usr/lib/libharfbuzz-icu.so
Installing symlink pointing to libharfbuzz-gobject.so.0.61200.0 to /pkgs/harfbuzz/usr/lib/libharfbuzz-gobject.so.0
Installing symlink pointing to libharfbuzz-gobject.so.0 to /pkgs/harfbuzz/usr/lib/libharfbuzz-gobject.so
Running custom install script '/usr/bin/meson --internal gtkdoc --sourcedir=/blfs/builds/harfbuzz-12.0.0 --builddir=/blfs/builds/harfbuzz-12.0.0/build --subdir=docs --headerdirs=/blfs/builds/harfbuzz-12.0.0/docs/../src@@/blfs/builds/harfbuzz-12.0.0/build/docs/../src --mainfile=harfbuzz-docs.xml --modulename=harfbuzz --moduleversion= --mode=auto --gtkdoc-scan=/usr/bin/gtkdoc-scan --gtkdoc-scangobj=/usr/bin/gtkdoc-scangobj --gtkdoc-mkdb=/usr/bin/gtkdoc-mkdb --gtkdoc-mkhtml=/usr/bin/gtkdoc-mkhtml --gtkdoc-fixxref=/usr/bin/gtkdoc-fixxref --htmlargs= --scanargs=--deprecated-guards=HB_DISABLE_DEPRECATED@@--ignore-decorators=HB_EXTERN|HB_DEPRECATED|HB_DEPRECATED_FOR() --scanobjsargs= --gobjects-types-file= --fixxrefargs= --mkdbargs=--source-suffixes=h,cc@@--xml-mode@@--output-format=xml --html-assets=/blfs/builds/harfbuzz-12.0.0/docs/HarfBuzz.png@@/blfs/builds/harfbuzz-12.0.0/docs/HarfBuzz.svg --content-files=/blfs/builds/harfbuzz-12.0.0/docs/usermanual-what-is-harfbuzz.xml@@/blfs/builds/harfbuzz-12.0.0/docs/usermanual-install-harfbuzz.xml@@/blfs/builds/harfbuzz-12.0.0/docs/usermanual-getting-started.xml@@/blfs/builds/harfbuzz-12.0.0/docs/usermanual-glyph-information.xml@@/blfs/builds/harfbuzz-12.0.0/docs/usermanual-shaping-concepts.xml@@/blfs/builds/harfbuzz-12.0.0/docs/usermanual-object-model.xml@@/blfs/builds/harfbuzz-12.0.0/docs/usermanual-buffers-language-script-and-direction.xml@@/blfs/builds/harfbuzz-12.0.0/docs/usermanual-fonts-and-faces.xml@@/blfs/builds/harfbuzz-12.0.0/docs/usermanual-opentype-features.xml@@/blfs/builds/harfbuzz-12.0.0/docs/usermanual-clusters.xml@@/blfs/builds/harfbuzz-12.0.0/docs/usermanual-utilities.xml@@/blfs/builds/harfbuzz-12.0.0/docs/usermanual-integration.xml@@/blfs/builds/harfbuzz-12.0.0/build/docs/version.xml --expand-content-files= --ignore-headers=hb-features.h@@hb-gobject.h@@hb-gobject-enums.h@@hb-gobject-enums-tmp.h@@hb-gobject-structs.h@@hb-wasm-api.h --installdir= --cc=cc --ld=cc --cflags=-I/blfs/builds/harfbuzz-12.0.0/src/. -I/blfs/builds/harfbuzz-12.0.0/build/src/. -pthread -I/usr/include/freetype2 -I/usr/include/libpng16 -I/usr/include/harfbuzz -I/usr/include/glib-2.0 -I/usr/lib/glib-2.0/include -I/usr/include/sysprof-6 -O2 -DHAVE_CONFIG_H --ldflags=-L/blfs/builds/harfbuzz-12.0.0/build/src -Wl,-rpath,/blfs/builds/harfbuzz-12.0.0/build/src -lharfbuzz -pthread -lm -lfreetype -lglib-2.0 -lgraphite2 -O2'
[0/1] Installing files
Installing src/libharfbuzz.so.0.61200.0 to /usr/lib
Installing src/libharfbuzz-subset.so.0.61200.0 to /usr/lib
Installing src/libharfbuzz-cairo.so.0.61200.0 to /usr/lib
Installing src/libharfbuzz-icu.so.0.61200.0 to /usr/lib
Installing src/hb-gobject-enums.h to /usr/include/harfbuzz
Installing src/libharfbuzz-gobject.so.0.61200.0 to /usr/lib
Installing src/HarfBuzz-0.0.gir to /usr/share/gir-1.0
Installing src/HarfBuzz-0.0.typelib to /usr/lib/girepository-1.0
Installing util/hb-view to /usr/bin
Installing util/hb-shape to /usr/bin
Installing util/hb-info to /usr/bin
Installing util/hb-subset to /usr/bin
Installing /blfs/builds/harfbuzz-12.0.0/src/hb-cairo.h to /usr/include/harfbuzz
Installing /blfs/builds/harfbuzz-12.0.0/src/hb-icu.h to /usr/include/harfbuzz
Installing /blfs/builds/harfbuzz-12.0.0/src/hb-gobject.h to /usr/include/harfbuzz
Installing /blfs/builds/harfbuzz-12.0.0/src/hb-gobject-structs.h to /usr/include/harfbuzz
Installing /blfs/builds/harfbuzz-12.0.0/src/hb-aat-layout.h to /usr/include/harfbuzz
Installing /blfs/builds/harfbuzz-12.0.0/src/hb-aat.h to /usr/include/harfbuzz
Installing /blfs/builds/harfbuzz-12.0.0/src/hb-blob.h to /usr/include/harfbuzz
Installing /blfs/builds/harfbuzz-12.0.0/src/hb-buffer.h to /usr/include/harfbuzz
Installing /blfs/builds/harfbuzz-12.0.0/src/hb-common.h to /usr/include/harfbuzz
Installing /blfs/builds/harfbuzz-12.0.0/src/hb-cplusplus.hh to /usr/include/harfbuzz
Installing /blfs/builds/harfbuzz-12.0.0/src/hb-deprecated.h to /usr/include/harfbuzz
Installing /blfs/builds/harfbuzz-12.0.0/src/hb-draw.h to /usr/include/harfbuzz
Installing /blfs/builds/harfbuzz-12.0.0/src/hb-paint.h to /usr/include/harfbuzz
Installing /blfs/builds/harfbuzz-12.0.0/src/hb-face.h to /usr/include/harfbuzz
Installing /blfs/builds/harfbuzz-12.0.0/src/hb-font.h to /usr/include/harfbuzz
Installing /blfs/builds/harfbuzz-12.0.0/src/hb-map.h to /usr/include/harfbuzz
Installing /blfs/builds/harfbuzz-12.0.0/src/hb-ot-color.h to /usr/include/harfbuzz
Installing /blfs/builds/harfbuzz-12.0.0/src/hb-ot-deprecated.h to /usr/include/harfbuzz
Installing /blfs/builds/harfbuzz-12.0.0/src/hb-ot-font.h to /usr/include/harfbuzz
Installing /blfs/builds/harfbuzz-12.0.0/src/hb-ot-layout.h to /usr/include/harfbuzz
Installing /blfs/builds/harfbuzz-12.0.0/src/hb-ot-math.h to /usr/include/harfbuzz
Installing /blfs/builds/harfbuzz-12.0.0/src/hb-ot-meta.h to /usr/include/harfbuzz
Installing /blfs/builds/harfbuzz-12.0.0/src/hb-ot-metrics.h to /usr/include/harfbuzz
Installing /blfs/builds/harfbuzz-12.0.0/src/hb-ot-name.h to /usr/include/harfbuzz
Installing /blfs/builds/harfbuzz-12.0.0/src/hb-ot-shape.h to /usr/include/harfbuzz
Installing /blfs/builds/harfbuzz-12.0.0/src/hb-ot-var.h to /usr/include/harfbuzz
Installing /blfs/builds/harfbuzz-12.0.0/src/hb-ot.h to /usr/include/harfbuzz
Installing /blfs/builds/harfbuzz-12.0.0/src/hb-script-list.h to /usr/include/harfbuzz
Installing /blfs/builds/harfbuzz-12.0.0/src/hb-set.h to /usr/include/harfbuzz
Installing /blfs/builds/harfbuzz-12.0.0/src/hb-shape-plan.h to /usr/include/harfbuzz
Installing /blfs/builds/harfbuzz-12.0.0/src/hb-shape.h to /usr/include/harfbuzz
Installing /blfs/builds/harfbuzz-12.0.0/src/hb-style.h to /usr/include/harfbuzz
Installing /blfs/builds/harfbuzz-12.0.0/src/hb-unicode.h to /usr/include/harfbuzz
Installing /blfs/builds/harfbuzz-12.0.0/src/hb.h to /usr/include/harfbuzz
Installing /blfs/builds/harfbuzz-12.0.0/build/src/hb-version.h to /usr/include/harfbuzz
Installing /blfs/builds/harfbuzz-12.0.0/src/hb-ft.h to /usr/include/harfbuzz
Installing /blfs/builds/harfbuzz-12.0.0/src/hb-glib.h to /usr/include/harfbuzz
Installing /blfs/builds/harfbuzz-12.0.0/src/hb-graphite2.h to /usr/include/harfbuzz
Installing /blfs/builds/harfbuzz-12.0.0/src/hb-subset.h to /usr/include/harfbuzz
Installing /blfs/builds/harfbuzz-12.0.0/src/hb-subset-serialize.h to /usr/include/harfbuzz
Installing /blfs/builds/harfbuzz-12.0.0/build/src/hb-version.h to /usr/include/harfbuzz
Installing /blfs/builds/harfbuzz-12.0.0/build/src/hb-features.h to /usr/include/harfbuzz
Installing /blfs/builds/harfbuzz-12.0.0/build/meson-private/harfbuzz-cairo.pc to /usr/lib/pkgconfig
Installing /blfs/builds/harfbuzz-12.0.0/build/meson-private/harfbuzz.pc to /usr/lib/pkgconfig
Installing /blfs/builds/harfbuzz-12.0.0/build/meson-private/harfbuzz-subset.pc to /usr/lib/pkgconfig
Installing /blfs/builds/harfbuzz-12.0.0/build/meson-private/harfbuzz-icu.pc to /usr/lib/pkgconfig
Installing /blfs/builds/harfbuzz-12.0.0/build/src/harfbuzz-config.cmake to /usr/lib/cmake/harfbuzz
Installing /blfs/builds/harfbuzz-12.0.0/build/meson-private/harfbuzz-gobject.pc to /usr/lib/pkgconfig
Installing symlink pointing to libharfbuzz.so.0.61200.0 to /usr/lib/libharfbuzz.so.0
Installing symlink pointing to libharfbuzz.so.0 to /usr/lib/libharfbuzz.so
Installing symlink pointing to libharfbuzz-subset.so.0.61200.0 to /usr/lib/libharfbuzz-subset.so.0
Installing symlink pointing to libharfbuzz-subset.so.0 to /usr/lib/libharfbuzz-subset.so
Installing symlink pointing to libharfbuzz-cairo.so.0.61200.0 to /usr/lib/libharfbuzz-cairo.so.0
Installing symlink pointing to libharfbuzz-cairo.so.0 to /usr/lib/libharfbuzz-cairo.so
Installing symlink pointing to libharfbuzz-icu.so.0.61200.0 to /usr/lib/libharfbuzz-icu.so.0
Installing symlink pointing to libharfbuzz-icu.so.0 to /usr/lib/libharfbuzz-icu.so
Installing symlink pointing to libharfbuzz-gobject.so.0.61200.0 to /usr/lib/libharfbuzz-gobject.so.0
Installing symlink pointing to libharfbuzz-gobject.so.0 to /usr/lib/libharfbuzz-gobject.so
Running custom install script '/usr/bin/meson --internal gtkdoc --sourcedir=/blfs/builds/harfbuzz-12.0.0 --builddir=/blfs/builds/harfbuzz-12.0.0/build --subdir=docs --headerdirs=/blfs/builds/harfbuzz-12.0.0/docs/../src@@/blfs/builds/harfbuzz-12.0.0/build/docs/../src --mainfile=harfbuzz-docs.xml --modulename=harfbuzz --moduleversion= --mode=auto --gtkdoc-scan=/usr/bin/gtkdoc-scan --gtkdoc-scangobj=/usr/bin/gtkdoc-scangobj --gtkdoc-mkdb=/usr/bin/gtkdoc-mkdb --gtkdoc-mkhtml=/usr/bin/gtkdoc-mkhtml --gtkdoc-fixxref=/usr/bin/gtkdoc-fixxref --htmlargs= --scanargs=--deprecated-guards=HB_DISABLE_DEPRECATED@@--ignore-decorators=HB_EXTERN|HB_DEPRECATED|HB_DEPRECATED_FOR() --scanobjsargs= --gobjects-types-file= --fixxrefargs= --mkdbargs=--source-suffixes=h,cc@@--xml-mode@@--output-format=xml --html-assets=/blfs/builds/harfbuzz-12.0.0/docs/HarfBuzz.png@@/blfs/builds/harfbuzz-12.0.0/docs/HarfBuzz.svg --content-files=/blfs/builds/harfbuzz-12.0.0/docs/usermanual-what-is-harfbuzz.xml@@/blfs/builds/harfbuzz-12.0.0/docs/usermanual-install-harfbuzz.xml@@/blfs/builds/harfbuzz-12.0.0/docs/usermanual-getting-started.xml@@/blfs/builds/harfbuzz-12.0.0/docs/usermanual-glyph-information.xml@@/blfs/builds/harfbuzz-12.0.0/docs/usermanual-shaping-concepts.xml@@/blfs/builds/harfbuzz-12.0.0/docs/usermanual-object-model.xml@@/blfs/builds/harfbuzz-12.0.0/docs/usermanual-buffers-language-script-and-direction.xml@@/blfs/builds/harfbuzz-12.0.0/docs/usermanual-fonts-and-faces.xml@@/blfs/builds/harfbuzz-12.0.0/docs/usermanual-opentype-features.xml@@/blfs/builds/harfbuzz-12.0.0/docs/usermanual-clusters.xml@@/blfs/builds/harfbuzz-12.0.0/docs/usermanual-utilities.xml@@/blfs/builds/harfbuzz-12.0.0/docs/usermanual-integration.xml@@/blfs/builds/harfbuzz-12.0.0/build/docs/version.xml --expand-content-files= --ignore-headers=hb-features.h@@hb-gobject.h@@hb-gobject-enums.h@@hb-gobject-enums-tmp.h@@hb-gobject-structs.h@@hb-wasm-api.h --installdir= --cc=cc --ld=cc --cflags=-I/blfs/builds/harfbuzz-12.0.0/src/. -I/blfs/builds/harfbuzz-12.0.0/build/src/. -pthread -I/usr/include/freetype2 -I/usr/include/libpng16 -I/usr/include/harfbuzz -I/usr/include/glib-2.0 -I/usr/lib/glib-2.0/include -I/usr/include/sysprof-6 -O2 -DHAVE_CONFIG_H --ldflags=-L/blfs/builds/harfbuzz-12.0.0/build/src -Wl,-rpath,/blfs/builds/harfbuzz-12.0.0/build/src -lharfbuzz -pthread -lm -lfreetype -lglib-2.0 -lgraphite2 -O2'
harfbuzz/
harfbuzz/usr/
harfbuzz/usr/include/
harfbuzz/usr/include/harfbuzz/
harfbuzz/usr/include/harfbuzz/hb-graphite2.h
harfbuzz/usr/include/harfbuzz/hb-cplusplus.hh
harfbuzz/usr/include/harfbuzz/hb-draw.h
harfbuzz/usr/include/harfbuzz/hb-unicode.h
harfbuzz/usr/include/harfbuzz/hb-font.h
harfbuzz/usr/include/harfbuzz/hb-ft.h
harfbuzz/usr/include/harfbuzz/hb-ot-meta.h
harfbuzz/usr/include/harfbuzz/hb-icu.h
harfbuzz/usr/include/harfbuzz/hb-common.h
harfbuzz/usr/include/harfbuzz/hb-aat-layout.h
harfbuzz/usr/include/harfbuzz/hb-ot-metrics.h
harfbuzz/usr/include/harfbuzz/hb-ot-name.h
harfbuzz/usr/include/harfbuzz/hb-ot-deprecated.h
harfbuzz/usr/include/harfbuzz/hb-ot-var.h
harfbuzz/usr/include/harfbuzz/hb-gobject-structs.h
harfbuzz/usr/include/harfbuzz/hb-subset-serialize.h
harfbuzz/usr/include/harfbuzz/hb-shape-plan.h
harfbuzz/usr/include/harfbuzz/hb-ot.h
harfbuzz/usr/include/harfbuzz/hb.h
harfbuzz/usr/include/harfbuzz/hb-deprecated.h
harfbuzz/usr/include/harfbuzz/hb-version.h
harfbuzz/usr/include/harfbuzz/hb-cairo.h
harfbuzz/usr/include/harfbuzz/hb-face.h
harfbuzz/usr/include/harfbuzz/hb-script-list.h
harfbuzz/usr/include/harfbuzz/hb-paint.h
harfbuzz/usr/include/harfbuzz/hb-ot-math.h
harfbuzz/usr/include/harfbuzz/hb-aat.h
harfbuzz/usr/include/harfbuzz/hb-gobject-enums.h
harfbuzz/usr/include/harfbuzz/hb-gobject.h
harfbuzz/usr/include/harfbuzz/hb-blob.h
harfbuzz/usr/include/harfbuzz/hb-map.h
harfbuzz/usr/include/harfbuzz/hb-subset.h
harfbuzz/usr/include/harfbuzz/hb-ot-layout.h
harfbuzz/usr/include/harfbuzz/hb-shape.h
harfbuzz/usr/include/harfbuzz/hb-ot-color.h
harfbuzz/usr/include/harfbuzz/hb-buffer.h
harfbuzz/usr/include/harfbuzz/hb-set.h
harfbuzz/usr/include/harfbuzz/hb-style.h
harfbuzz/usr/include/harfbuzz/hb-glib.h
harfbuzz/usr/include/harfbuzz/hb-features.h
harfbuzz/usr/include/harfbuzz/hb-ot-shape.h
harfbuzz/usr/include/harfbuzz/hb-ot-font.h
harfbuzz/usr/share/
harfbuzz/usr/share/gtk-doc/
harfbuzz/usr/share/gtk-doc/html/
harfbuzz/usr/share/gtk-doc/html/harfbuzz/
harfbuzz/usr/share/gtk-doc/html/harfbuzz/api-index-0-9-11.html
harfbuzz/usr/share/gtk-doc/html/harfbuzz/harfbuzz-hb-shape.html
harfbuzz/usr/share/gtk-doc/html/harfbuzz/home.png
harfbuzz/usr/share/gtk-doc/html/harfbuzz/api-index-1-4-3.html
harfbuzz/usr/share/gtk-doc/html/harfbuzz/up.png
harfbuzz/usr/share/gtk-doc/html/harfbuzz/harfbuzz-hb-gdi.html
harfbuzz/usr/share/gtk-doc/html/harfbuzz/api-index-10-4-0.html
harfbuzz/usr/share/gtk-doc/html/harfbuzz/integration-uniscribe.html
harfbuzz/usr/share/gtk-doc/html/harfbuzz/a-clustering-example-for-levels-0-and-1.html
harfbuzz/usr/share/gtk-doc/html/harfbuzz/api-index-2-1-0.html
harfbuzz/usr/share/gtk-doc/html/harfbuzz/harfbuzz-hb-unicode.html
harfbuzz/usr/share/gtk-doc/html/harfbuzz/harfbuzz-hb-icu.html
harfbuzz/usr/share/gtk-doc/html/harfbuzz/api-index-5-3-0.html
harfbuzz/usr/share/gtk-doc/html/harfbuzz/what-harfbuzz-doesnt-do.html
harfbuzz/usr/share/gtk-doc/html/harfbuzz/aat-shaping.html
harfbuzz/usr/share/gtk-doc/html/harfbuzz/glyphs-and-rendering.html
harfbuzz/usr/share/gtk-doc/html/harfbuzz/text-runs.html
harfbuzz/usr/share/gtk-doc/html/harfbuzz/object-model.html
harfbuzz/usr/share/gtk-doc/html/harfbuzz/api-index-11-2-0.html
harfbuzz/usr/share/gtk-doc/html/harfbuzz/right.png
harfbuzz/usr/share/gtk-doc/html/harfbuzz/api-index-3-4-0.html
harfbuzz/usr/share/gtk-doc/html/harfbuzz/api-index-1-8-0.html
harfbuzz/usr/share/gtk-doc/html/harfbuzz/api-index-2-6-3.html
harfbuzz/usr/share/gtk-doc/html/harfbuzz/apple-advanced-typography-api.html
harfbuzz/usr/share/gtk-doc/html/harfbuzz/harfbuzz-hb-deprecated.html
harfbuzz/usr/share/gtk-doc/html/harfbuzz/fonts-and-faces-native-opentype.html
harfbuzz/usr/share/gtk-doc/html/harfbuzz/fonts-and-faces-variable.html
harfbuzz/usr/share/gtk-doc/html/harfbuzz/shaping-opentype-features.html
harfbuzz/usr/share/gtk-doc/html/harfbuzz/why-do-i-need-a-shaping-engine.html
harfbuzz/usr/share/gtk-doc/html/harfbuzz/api-index-3-0-0.html
harfbuzz/usr/share/gtk-doc/html/harfbuzz/reference-manual.html
harfbuzz/usr/share/gtk-doc/html/harfbuzz/api-index-2-6-8.html
harfbuzz/usr/share/gtk-doc/html/harfbuzz/api-index-0-9-5.html
harfbuzz/usr/share/gtk-doc/html/harfbuzz/api-index-2-8-2.html
harfbuzz/usr/share/gtk-doc/html/harfbuzz/shaping-operations.html
harfbuzz/usr/share/gtk-doc/html/harfbuzz/api-index-3-1-0.html
harfbuzz/usr/share/gtk-doc/html/harfbuzz/api-index-1-8-6.html
harfbuzz/usr/share/gtk-doc/html/harfbuzz/api-index-0-9-10.html
harfbuzz/usr/share/gtk-doc/html/harfbuzz/integration.html
harfbuzz/usr/share/gtk-doc/html/harfbuzz/api-index-0-9-22.html
harfbuzz/usr/share/gtk-doc/html/harfbuzz/left.png
harfbuzz/usr/share/gtk-doc/html/harfbuzz/api-index-1-4-0.html
harfbuzz/usr/share/gtk-doc/html/harfbuzz/api-index-10-0-0.html
harfbuzz/usr/share/gtk-doc/html/harfbuzz/shaping-shaper-selection.html
harfbuzz/usr/share/gtk-doc/html/harfbuzz/getting-started.html
harfbuzz/usr/share/gtk-doc/html/harfbuzz/api-index-0-9-42.html
harfbuzz/usr/share/gtk-doc/html/harfbuzz/api-index-8-5-0.html
harfbuzz/usr/share/gtk-doc/html/harfbuzz/api-index-1-1-3.html
harfbuzz/usr/share/gtk-doc/html/harfbuzz/api-index-11-3-0.html
harfbuzz/usr/share/gtk-doc/html/harfbuzz/working-with-harfbuzz-clusters.html
harfbuzz/usr/share/gtk-doc/html/harfbuzz/a-simple-shaping-example.html
harfbuzz/usr/share/gtk-doc/html/harfbuzz/object-model-lifecycle.html
harfbuzz/usr/share/gtk-doc/html/harfbuzz/harfbuzz-hb-features.html
harfbuzz/usr/share/gtk-doc/html/harfbuzz/harfbuzz-hb-fontations.html
harfbuzz/usr/share/gtk-doc/html/harfbuzz/api-index-1-0-5.html
harfbuzz/usr/share/gtk-doc/html/harfbuzz/api-index-0-9-26.html
harfbuzz/usr/share/gtk-doc/html/harfbuzz/api-index-2-5-0.html
harfbuzz/usr/share/gtk-doc/html/harfbuzz/api-index-0-9-30.html
harfbuzz/usr/share/gtk-doc/html/harfbuzz/harfbuzz-hb-ot-meta.html
harfbuzz/usr/share/gtk-doc/html/harfbuzz/clusters.html
harfbuzz/usr/share/gtk-doc/html/harfbuzz/api-index-0-9-33.html
harfbuzz/usr/share/gtk-doc/html/harfbuzz/HarfBuzz.png
harfbuzz/usr/share/gtk-doc/html/harfbuzz/subset-api.html
harfbuzz/usr/share/gtk-doc/html/harfbuzz/api-index-full.html
harfbuzz/usr/share/gtk-doc/html/harfbuzz/reordering-in-levels-0-and-1.html
harfbuzz/usr/share/gtk-doc/html/harfbuzz/integration-coretext.html
harfbuzz/usr/share/gtk-doc/html/harfbuzz/api-index-8-4-0.html
harfbuzz/usr/share/gtk-doc/html/harfbuzz/api-index-0-9-41.html
harfbuzz/usr/share/gtk-doc/html/harfbuzz/level-2.html
harfbuzz/usr/share/gtk-doc/html/harfbuzz/core-api.html
harfbuzz/usr/share/gtk-doc/html/harfbuzz/object-model-object-types.html
harfbuzz/usr/share/gtk-doc/html/harfbuzz/install-harfbuzz.html
harfbuzz/usr/share/gtk-doc/html/harfbuzz/fonts-and-faces.html
harfbuzz/usr/share/gtk-doc/html/harfbuzz/harfbuzz-hb-ot-color.html
harfbuzz/usr/share/gtk-doc/html/harfbuzz/api-index-8-2-0.html
harfbuzz/usr/share/gtk-doc/html/harfbuzz/api-index-1-1-2.html
harfbuzz/usr/share/gtk-doc/html/harfbuzz/building.html
harfbuzz/usr/share/gtk-doc/html/harfbuzz/harfbuzz-hb-common.html
harfbuzz/usr/share/gtk-doc/html/harfbuzz/harfbuzz-hb-aat-layout.html
harfbuzz/usr/share/gtk-doc/html/harfbuzz/harfbuzz-hb-draw.html
harfbuzz/usr/share/gtk-doc/html/harfbuzz/api-index-2-2-0.html
harfbuzz/usr/share/gtk-doc/html/harfbuzz/what-does-harfbuzz-do.html
harfbuzz/usr/share/gtk-doc/html/harfbuzz/api-index-2-0-0.html
harfbuzz/usr/share/gtk-doc/html/harfbuzz/script-specific-shaping.html
harfbuzz/usr/share/gtk-doc/html/harfbuzz/why-is-it-called-harfbuzz.html
harfbuzz/usr/share/gtk-doc/html/harfbuzz/graphite-shaping.html
harfbuzz/usr/share/gtk-doc/html/harfbuzz/harfbuzz-hb-shape-plan.html
harfbuzz/usr/share/gtk-doc/html/harfbuzz/api-index-2-4-0.html
harfbuzz/usr/share/gtk-doc/html/harfbuzz/api-index-0-9-8.html
harfbuzz/usr/share/gtk-doc/html/harfbuzz/api-index-6-0-0.html
harfbuzz/usr/share/gtk-doc/html/harfbuzz/api-index-8-3-1.html
harfbuzz/usr/share/gtk-doc/html/harfbuzz/deprecated-api-index.html
harfbuzz/usr/share/gtk-doc/html/harfbuzz/utilities-common-types-apis.html
harfbuzz/usr/share/gtk-doc/html/harfbuzz/api-index-2-6-5.html
harfbuzz/usr/share/gtk-doc/html/harfbuzz/fonts-and-faces-custom-functions.html
harfbuzz/usr/share/gtk-doc/html/harfbuzz/integration-freetype.html
harfbuzz/usr/share/gtk-doc/html/harfbuzz/harfbuzz-hb-version.html
harfbuzz/usr/share/gtk-doc/html/harfbuzz/adding-text-to-the-buffer.html
harfbuzz/usr/share/gtk-doc/html/harfbuzz/harfbuzz-hb-ot-math.html
harfbuzz/usr/share/gtk-doc/html/harfbuzz/api-index-5-0-0.html
harfbuzz/usr/share/gtk-doc/html/harfbuzz/api-index-4-3-0.html
harfbuzz/usr/share/gtk-doc/html/harfbuzz/api-index-3-3-0.html
harfbuzz/usr/share/gtk-doc/html/harfbuzz/what-is-harfbuzz.html
harfbuzz/usr/share/gtk-doc/html/harfbuzz/api-index-1-2-3.html
harfbuzz/usr/share/gtk-doc/html/harfbuzz/api-index-0-9-31.html
harfbuzz/usr/share/gtk-doc/html/harfbuzz/style.css
harfbuzz/usr/share/gtk-doc/html/harfbuzz/HarfBuzz.svg
harfbuzz/usr/share/gtk-doc/html/harfbuzz/harfbuzz-hb-cairo.html
harfbuzz/usr/share/gtk-doc/html/harfbuzz/harfbuzz-hb-style.html
harfbuzz/usr/share/gtk-doc/html/harfbuzz/api-index-11-0-0.html
harfbuzz/usr/share/gtk-doc/html/harfbuzz/harfbuzz-hb-font.html
harfbuzz/usr/share/gtk-doc/html/harfbuzz/unicode-character-categories.html
harfbuzz/usr/share/gtk-doc/html/harfbuzz/harfbuzz-hb-buffer.html
harfbuzz/usr/share/gtk-doc/html/harfbuzz/api-index-4-0-0.html
harfbuzz/usr/share/gtk-doc/html/harfbuzz/api-index-1-6-0.html
harfbuzz/usr/share/gtk-doc/html/harfbuzz/api-index-2-3-0.html
harfbuzz/usr/share/gtk-doc/html/harfbuzz/harfbuzz-hb-ot-shape.html
harfbuzz/usr/share/gtk-doc/html/harfbuzz/api-index-1-4-2.html
harfbuzz/usr/share/gtk-doc/html/harfbuzz/api-index-7-1-0.html
harfbuzz/usr/share/gtk-doc/html/harfbuzz/harfbuzz-hb-ot-metrics.html
harfbuzz/usr/share/gtk-doc/html/harfbuzz/shaping-and-shape-plans.html
harfbuzz/usr/share/gtk-doc/html/harfbuzz/api-index-1-8-1.html
harfbuzz/usr/share/gtk-doc/html/harfbuzz/integration-python.html
harfbuzz/usr/share/gtk-doc/html/harfbuzz/harfbuzz-hb-map.html
harfbuzz/usr/share/gtk-doc/html/harfbuzz/api-index-7-3-0.html
harfbuzz/usr/share/gtk-doc/html/harfbuzz/up-insensitive.png
harfbuzz/usr/share/gtk-doc/html/harfbuzz/style-api.html
harfbuzz/usr/share/gtk-doc/html/harfbuzz/harfbuzz-hb-subset.html
harfbuzz/usr/share/gtk-doc/html/harfbuzz/harfbuzz-hb-blob.html
harfbuzz/usr/share/gtk-doc/html/harfbuzz/shaping-plans-and-caching.html
harfbuzz/usr/share/gtk-doc/html/harfbuzz/api-index-1-9-0.html
harfbuzz/usr/share/gtk-doc/html/harfbuzz/object-model-user-data.html
harfbuzz/usr/share/gtk-doc/html/harfbuzz/integration-cairo.html
harfbuzz/usr/share/gtk-doc/html/harfbuzz/harfbuzz.devhelp2
harfbuzz/usr/share/gtk-doc/html/harfbuzz/api-index-10-1-0.html
harfbuzz/usr/share/gtk-doc/html/harfbuzz/harfbuzz-hb-ot-var.html
harfbuzz/usr/share/gtk-doc/html/harfbuzz/api-index-1-3-3.html
harfbuzz/usr/share/gtk-doc/html/harfbuzz/api-index-0-9-21.html
harfbuzz/usr/share/gtk-doc/html/harfbuzz/harfbuzz-hb-uniscribe.html
harfbuzz/usr/share/gtk-doc/html/harfbuzz/shaping-concepts.html
harfbuzz/usr/share/gtk-doc/html/harfbuzz/opentype-api.html
harfbuzz/usr/share/gtk-doc/html/harfbuzz/integration-icu.html
harfbuzz/usr/share/gtk-doc/html/harfbuzz/api-index-10-2-0.html
harfbuzz/usr/share/gtk-doc/html/harfbuzz/api-index-0-9-2.html
harfbuzz/usr/share/gtk-doc/html/harfbuzz/api-index-4-4-0.html
harfbuzz/usr/share/gtk-doc/html/harfbuzz/api-index-0-9-28.html
harfbuzz/usr/share/gtk-doc/html/harfbuzz/harfbuzz-hb-ft.html
harfbuzz/usr/share/gtk-doc/html/harfbuzz/customizing-unicode-functions.html
harfbuzz/usr/share/gtk-doc/html/harfbuzz/user-manual.html
harfbuzz/usr/share/gtk-doc/html/harfbuzz/harfbuzz-hb-paint.html
harfbuzz/usr/share/gtk-doc/html/harfbuzz/api-index-8-0-0.html
harfbuzz/usr/share/gtk-doc/html/harfbuzz/left-insensitive.png
harfbuzz/usr/share/gtk-doc/html/harfbuzz/api-index-1-7-7.html
harfbuzz/usr/share/gtk-doc/html/harfbuzz/buffers-language-script-and-direction.html
harfbuzz/usr/share/gtk-doc/html/harfbuzz/utilities.html
harfbuzz/usr/share/gtk-doc/html/harfbuzz/harfbuzz-hb-graphite2.html
harfbuzz/usr/share/gtk-doc/html/harfbuzz/api-index-4-2-0.html
harfbuzz/usr/share/gtk-doc/html/harfbuzz/harfbuzz-hb-ot-layout.html
harfbuzz/usr/share/gtk-doc/html/harfbuzz/api-index-2-9-1.html
harfbuzz/usr/share/gtk-doc/html/harfbuzz/terminology.html
harfbuzz/usr/share/gtk-doc/html/harfbuzz/harfbuzz-hb-directwrite.html
harfbuzz/usr/share/gtk-doc/html/harfbuzz/harfbuzz-hb-face.html
harfbuzz/usr/share/gtk-doc/html/harfbuzz/api-index-1-7-2.html
harfbuzz/usr/share/gtk-doc/html/harfbuzz/api-index-0-9-20.html
harfbuzz/usr/share/gtk-doc/html/harfbuzz/annotation-glossary.html
harfbuzz/usr/share/gtk-doc/html/harfbuzz/api-index-2-7-3.html
harfbuzz/usr/share/gtk-doc/html/harfbuzz/right-insensitive.png
harfbuzz/usr/share/gtk-doc/html/harfbuzz/harfbuzz-hb-set.html
harfbuzz/usr/share/gtk-doc/html/harfbuzz/setting-buffer-properties.html
harfbuzz/usr/share/gtk-doc/html/harfbuzz/api-index-1-8-5.html
harfbuzz/usr/share/gtk-doc/html/harfbuzz/opentype-shaping-models.html
harfbuzz/usr/share/gtk-doc/html/harfbuzz/api-index-2-6-0.html
harfbuzz/usr/share/gtk-doc/html/harfbuzz/integration-api.html
harfbuzz/usr/share/gtk-doc/html/harfbuzz/api-index-4-1-0.html
harfbuzz/usr/share/gtk-doc/html/harfbuzz/api-index-0-9-39.html
harfbuzz/usr/share/gtk-doc/html/harfbuzz/object-model-blobs.html
harfbuzz/usr/share/gtk-doc/html/harfbuzz/api-index-1-5-0.html
harfbuzz/usr/share/gtk-doc/html/harfbuzz/the-distinction-between-levels-0-and-1.html
harfbuzz/usr/share/gtk-doc/html/harfbuzz/harfbuzz-hb-ot-font.html
harfbuzz/usr/share/gtk-doc/html/harfbuzz/index.html
harfbuzz/usr/share/gtk-doc/html/harfbuzz/api-index-0-9-38.html
harfbuzz/usr/share/gtk-doc/html/harfbuzz/harfbuzz-hb-ot-name.html
harfbuzz/usr/share/gtk-doc/html/harfbuzz/api-index-10-3-0.html
harfbuzz/usr/share/gtk-doc/html/harfbuzz/api-index-7-0-0.html
harfbuzz/usr/share/gtk-doc/html/harfbuzz/harfbuzz-hb-glib.html
harfbuzz/usr/share/gtk-doc/html/harfbuzz/api-index-8-1-0.html
harfbuzz/usr/share/gtk-doc/html/harfbuzz/harfbuzz-hb-coretext.html
harfbuzz/usr/share/gtk-doc/html/harfbuzz/api-index-0-6-0.html
harfbuzz/usr/share/gtk-doc/html/harfbuzz/api-index-0-9-7.html
harfbuzz/usr/share/gtk-doc/html/harfbuzz/api-index-2-9-0.html
harfbuzz/usr/share/gir-1.0/
harfbuzz/usr/share/gir-1.0/HarfBuzz-0.0.gir
harfbuzz/usr/bin/
harfbuzz/usr/bin/hb-shape
harfbuzz/usr/bin/hb-view
harfbuzz/usr/bin/hb-subset
harfbuzz/usr/bin/hb-info
harfbuzz/usr/lib/
harfbuzz/usr/lib/libharfbuzz-cairo.so
harfbuzz/usr/lib/girepository-1.0/
harfbuzz/usr/lib/girepository-1.0/HarfBuzz-0.0.typelib
harfbuzz/usr/lib/libharfbuzz-gobject.so.0
harfbuzz/usr/lib/libharfbuzz-icu.so.0
harfbuzz/usr/lib/libharfbuzz.so.0.61200.0
harfbuzz/usr/lib/libharfbuzz.so.0
harfbuzz/usr/lib/libharfbuzz-subset.so.0.61200.0
harfbuzz/usr/lib/libharfbuzz-icu.so.0.61200.0
harfbuzz/usr/lib/libharfbuzz-cairo.so.0
harfbuzz/usr/lib/libharfbuzz-cairo.so.0.61200.0
harfbuzz/usr/lib/libharfbuzz-subset.so.0
harfbuzz/usr/lib/pkgconfig/
harfbuzz/usr/lib/pkgconfig/harfbuzz-gobject.pc
harfbuzz/usr/lib/pkgconfig/harfbuzz-subset.pc
harfbuzz/usr/lib/pkgconfig/harfbuzz-cairo.pc
harfbuzz/usr/lib/pkgconfig/harfbuzz-icu.pc
harfbuzz/usr/lib/pkgconfig/harfbuzz.pc
harfbuzz/usr/lib/libharfbuzz-gobject.so
harfbuzz/usr/lib/cmake/
harfbuzz/usr/lib/cmake/harfbuzz/
harfbuzz/usr/lib/cmake/harfbuzz/harfbuzz-config.cmake
harfbuzz/usr/lib/libharfbuzz-subset.so
harfbuzz/usr/lib/libharfbuzz-gobject.so.0.61200.0
harfbuzz/usr/lib/libharfbuzz.so
harfbuzz/usr/lib/libharfbuzz-icu.so
harfbuzz/version
harfbuzz/depends
harfbuzz/make-depends
