--2025-06-25 07:26:40--  https://www.kernel.org/pub/linux/utils/util-linux/v2.41/util-linux-2.41.1.tar.xz
Resolving www.kernel.org (www.kernel.org)... 2a04:4e42:600::311, 2a04:4e42:400::311, 2a04:4e42::311, ...
Connecting to www.kernel.org (www.kernel.org)|2a04:4e42:600::311|:443... connected.
HTTP request sent, awaiting response... 200 OK
Length: 9606156 (9.2M) [application/x-xz]
Saving to: 'util-linux-2.41.1.tar.xz.1'

     0K .......... .......... .......... .......... ..........  0% 11.6M 1s
    50K .......... .......... .......... .......... ..........  1% 8.76M 1s
   100K .......... .......... .......... .......... ..........  1% 24.5M 1s
   150K .......... .......... .......... .......... ..........  2%  104M 1s
   200K .......... .......... .......... .......... ..........  2% 13.4M 1s
   250K .......... .......... .......... .......... ..........  3% 67.6M 1s
   300K .......... .......... .......... .......... ..........  3% 61.9M 0s
   350K .......... .......... .......... .......... ..........  4%  103M 0s
   400K .......... .......... .......... .......... ..........  4%  115M 0s
   450K .......... .......... .......... .......... ..........  5% 34.2M 0s
   500K .......... .......... .......... .......... ..........  5%  118M 0s
   550K .......... .......... .......... .......... ..........  6% 13.7M 0s
   600K .......... .......... .......... .......... ..........  6%  119M 0s
   650K .......... .......... .......... .......... ..........  7%  117M 0s
   700K .......... .......... .......... .......... ..........  7% 85.7M 0s
   750K .......... .......... .......... .......... ..........  8%  115M 0s
   800K .......... .......... .......... .......... ..........  9%  118M 0s
   850K .......... .......... .......... .......... ..........  9%  118M 0s
   900K .......... .......... .......... .......... .......... 10%  118M 0s
   950K .......... .......... .......... .......... .......... 10%  105M 0s
  1000K .......... .......... .......... .......... .......... 11%  117M 0s
  1050K .......... .......... .......... .......... .......... 11%  117M 0s
  1100K .......... .......... .......... .......... .......... 12% 84.6M 0s
  1150K .......... .......... .......... .......... .......... 12%  115M 0s
  1200K .......... .......... .......... .......... .......... 13% 5.08M 0s
  1250K .......... .......... .......... .......... .......... 13%  581M 0s
  1300K .......... .......... .......... .......... .......... 14% 96.2M 0s
  1350K .......... .......... .......... .......... .......... 14%  829M 0s
  1400K .......... .......... .......... .......... .......... 15%  138M 0s
  1450K .......... .......... .......... .......... .......... 15%  830M 0s
  1500K .......... .......... .......... .......... .......... 16%  574M 0s
  1550K .......... .......... .......... .......... .......... 17%  832M 0s
  1600K .......... .......... .......... .......... .......... 17%  850M 0s
  1650K .......... .......... .......... .......... .......... 18%  607M 0s
  1700K .......... .......... .......... .......... .......... 18%  782M 0s
  1750K .......... .......... .......... .......... .......... 19%  864M 0s
  1800K .......... .......... .......... .......... .......... 19%  572M 0s
  1850K .......... .......... .......... .......... .......... 20%  806M 0s
  1900K .......... .......... .......... .......... .......... 20%  529M 0s
  1950K .......... .......... .......... .......... .......... 21% 14.2M 0s
  2000K .......... .......... .......... .......... .......... 21%  160M 0s
  2050K .......... .......... .......... .......... .......... 22%  156M 0s
  2100K .......... .......... .......... .......... .......... 22%  136M 0s
  2150K .......... .......... .......... .......... .......... 23%  190M 0s
  2200K .......... .......... .......... .......... .......... 23%  158M 0s
  2250K .......... .......... .......... .......... .......... 24%  186M 0s
  2300K .......... .......... .......... .......... .......... 25%  117M 0s
  2350K .......... .......... .......... .......... .......... 25%  745M 0s
  2400K .......... .......... .......... .......... .......... 26%  839M 0s
  2450K .......... .......... .......... .......... .......... 26%  810M 0s
  2500K .......... .......... .......... .......... .......... 27%  869M 0s
  2550K .......... .......... .......... .......... .......... 27%  784M 0s
  2600K .......... .......... .......... .......... .......... 28%  858M 0s
  2650K .......... .......... .......... .......... .......... 28%  871M 0s
  2700K .......... .......... .......... .......... .......... 29% 17.6M 0s
  2750K .......... .......... .......... .......... .......... 29%  106M 0s
  2800K .......... .......... .......... .......... .......... 30%  136M 0s
  2850K .......... .......... .......... .......... .......... 30%  118M 0s
  2900K .......... .......... .......... .......... .......... 31%  129M 0s
  2950K .......... .......... .......... .......... .......... 31%  118M 0s
  3000K .......... .......... .......... .......... .......... 32%  857M 0s
  3050K .......... .......... .......... .......... .......... 33%  838M 0s
  3100K .......... .......... .......... .......... .......... 33%  665M 0s
  3150K .......... .......... .......... .......... .......... 34%  845M 0s
  3200K .......... .......... .......... .......... .......... 34%  867M 0s
  3250K .......... .......... .......... .......... .......... 35%  870M 0s
  3300K .......... .......... .......... .......... .......... 35% 10.4M 0s
  3350K .......... .......... .......... .......... .......... 36%  826M 0s
  3400K .......... .......... .......... .......... .......... 36% 77.8M 0s
  3450K .......... .......... .......... .......... .......... 37%  804M 0s
  3500K .......... .......... .......... .......... .......... 37%  116M 0s
  3550K .......... .......... .......... .......... .......... 38%  811M 0s
  3600K .......... .......... .......... .......... .......... 38%  269M 0s
  3650K .......... .......... .......... .......... .......... 39%  549M 0s
  3700K .......... .......... .......... .......... .......... 39% 24.2M 0s
  3750K .......... .......... .......... .......... .......... 40%  831M 0s
  3800K .......... .......... .......... .......... .......... 41% 63.4M 0s
  3850K .......... .......... .......... .......... .......... 41%  753M 0s
  3900K .......... .......... .......... .......... .......... 42% 90.5M 0s
  3950K .......... .......... .......... .......... .......... 42% 92.1M 0s
  4000K .......... .......... .......... .......... .......... 43%  806M 0s
  4050K .......... .......... .......... .......... .......... 43%  405M 0s
  4100K .......... .......... .......... .......... .......... 44%  787M 0s
  4150K .......... .......... .......... .......... .......... 44%  840M 0s
  4200K .......... .......... .......... .......... .......... 45%  861M 0s
  4250K .......... .......... .......... .......... .......... 45%  889M 0s
  4300K .......... .......... .......... .......... .......... 46%  647M 0s
  4350K .......... .......... .......... .......... .......... 46%  803M 0s
  4400K .......... .......... .......... .......... .......... 47%  850M 0s
  4450K .......... .......... .......... .......... .......... 47%  814M 0s
  4500K .......... .......... .......... .......... .......... 48%  868M 0s
  4550K .......... .......... .......... .......... .......... 49%  840M 0s
  4600K .......... .......... .......... .......... .......... 49%  249M 0s
  4650K .......... .......... .......... .......... .......... 50% 42.9M 0s
  4700K .......... .......... .......... .......... .......... 50% 85.4M 0s
  4750K .......... .......... .......... .......... .......... 51%  118M 0s
  4800K .......... .......... .......... .......... .......... 51%  118M 0s
  4850K .......... .......... .......... .......... .......... 52%  105M 0s
  4900K .......... .......... .......... .......... .......... 52%  118M 0s
  4950K .......... .......... .......... .......... .......... 53% 29.1M 0s
  5000K .......... .......... .......... .......... .......... 53%  119M 0s
  5050K .......... .......... .......... .......... .......... 54%  106M 0s
  5100K .......... .......... .......... .......... .......... 54% 93.8M 0s
  5150K .......... .......... .......... .......... .......... 55%  104M 0s
  5200K .......... .......... .......... .......... .......... 55% 21.2M 0s
  5250K .......... .......... .......... .......... .......... 56% 91.4M 0s
  5300K .......... .......... .......... .......... .......... 57% 69.3M 0s
  5350K .......... .......... .......... .......... .......... 57%  118M 0s
  5400K .......... .......... .......... .......... .......... 58%  118M 0s
  5450K .......... .......... .......... .......... .......... 58% 28.7M 0s
  5500K .......... .......... .......... .......... .......... 59% 86.2M 0s
  5550K .......... .......... .......... .......... .......... 59%  118M 0s
  5600K .......... .......... .......... .......... .......... 60%  119M 0s
  5650K .......... .......... .......... .......... .......... 60% 82.4M 0s
  5700K .......... .......... .......... .......... .......... 61% 23.7M 0s
  5750K .......... .......... .......... .......... .......... 61%  116M 0s
  5800K .......... .......... .......... .......... .......... 62%  118M 0s
  5850K .......... .......... .......... .......... .......... 62% 92.2M 0s
  5900K .......... .......... .......... .......... .......... 63% 71.5M 0s
  5950K .......... .......... .......... .......... .......... 63% 24.1M 0s
  6000K .......... .......... .......... .......... .......... 64%  118M 0s
  6050K .......... .......... .......... .......... .......... 65%  117M 0s
  6100K .......... .......... .......... .......... .......... 65%  118M 0s
  6150K .......... .......... .......... .......... .......... 66% 83.0M 0s
  6200K .......... .......... .......... .......... .......... 66% 23.9M 0s
  6250K .......... .......... .......... .......... .......... 67%  118M 0s
  6300K .......... .......... .......... .......... .......... 67% 84.5M 0s
  6350K .......... .......... .......... .......... .......... 68%  119M 0s
  6400K .......... .......... .......... .......... .......... 68% 90.9M 0s
  6450K .......... .......... .......... .......... .......... 69% 23.1M 0s
  6500K .......... .......... .......... .......... .......... 69%  118M 0s
  6550K .......... .......... .......... .......... .......... 70%  106M 0s
  6600K .......... .......... .......... .......... .......... 70%  118M 0s
  6650K .......... .......... .......... .......... .......... 71% 89.6M 0s
  6700K .......... .......... .......... .......... .......... 71% 22.1M 0s
  6750K .......... .......... .......... .......... .......... 72%  114M 0s
  6800K .......... .......... .......... .......... .......... 73%  118M 0s
  6850K .......... .......... .......... .......... .......... 73%  115M 0s
  6900K .......... .......... .......... .......... .......... 74% 82.9M 0s
  6950K .......... .......... .......... .......... .......... 74% 23.9M 0s
  7000K .......... .......... .......... .......... .......... 75%  105M 0s
  7050K .......... .......... .......... .......... .......... 75%  118M 0s
  7100K .......... .......... .......... .......... .......... 76% 84.5M 0s
  7150K .......... .......... .......... .......... .......... 76% 91.5M 0s
  7200K .......... .......... .......... .......... .......... 77% 22.9M 0s
  7250K .......... .......... .......... .......... .......... 77%  118M 0s
  7300K .......... .......... .......... .......... .......... 78%  118M 0s
  7350K .......... .......... .......... .......... .......... 78%  118M 0s
  7400K .......... .......... .......... .......... .......... 79% 90.4M 0s
  7450K .......... .......... .......... .......... .......... 79% 23.0M 0s
  7500K .......... .......... .......... .......... .......... 80% 86.5M 0s
  7550K .......... .......... .......... .......... .......... 81%  118M 0s
  7600K .......... .......... .......... .......... .......... 81%  115M 0s
  7650K .......... .......... .......... .......... .......... 82% 88.4M 0s
  7700K .......... .......... .......... .......... .......... 82% 23.5M 0s
  7750K .......... .......... .......... .......... .......... 83%  135M 0s
  7800K .......... .......... .......... .......... .......... 83% 86.1M 0s
  7850K .......... .......... .......... .......... .......... 84%  104M 0s
  7900K .......... .......... .......... .......... .......... 84%  102M 0s
  7950K .......... .......... .......... .......... .......... 85% 23.0M 0s
  8000K .......... .......... .......... .......... .......... 85%  119M 0s
  8050K .......... .......... .......... .......... .......... 86%  105M 0s
  8100K .......... .......... .......... .......... .......... 86%  118M 0s
  8150K .......... .......... .......... .......... .......... 87% 79.0M 0s
  8200K .......... .......... .......... .......... .......... 87% 24.0M 0s
  8250K .......... .......... .......... .......... .......... 88%  119M 0s
  8300K .......... .......... .......... .......... .......... 89% 85.3M 0s
  8350K .......... .......... .......... .......... .......... 89%  118M 0s
  8400K .......... .......... .......... .......... .......... 90% 90.5M 0s
  8450K .......... .......... .......... .......... .......... 90% 22.8M 0s
  8500K .......... .......... .......... .......... .......... 91%  118M 0s
  8550K .......... .......... .......... .......... .......... 91%  105M 0s
  8600K .......... .......... .......... .......... .......... 92%  118M 0s
  8650K .......... .......... .......... .......... .......... 92%  118M 0s
  8700K .......... .......... .......... .......... .......... 93% 20.9M 0s
  8750K .......... .......... .......... .......... .......... 93%  116M 0s
  8800K .......... .......... .......... .......... .......... 94%  116M 0s
  8850K .......... .......... .......... .......... .......... 94%  106M 0s
  8900K .......... .......... .......... .......... .......... 95% 89.1M 0s
  8950K .......... .......... .......... .......... .......... 95% 24.0M 0s
  9000K .......... .......... .......... .......... .......... 96%  105M 0s
  9050K .......... .......... .......... .......... .......... 97%  118M 0s
  9100K .......... .......... .......... .......... .......... 97% 85.5M 0s
  9150K .......... .......... .......... .......... .......... 98% 86.5M 0s
  9200K .......... .......... .......... .......... .......... 98% 24.1M 0s
  9250K .......... .......... .......... .......... .......... 99%  118M 0s
  9300K .......... .......... .......... .......... .......... 99%  104M 0s
  9350K .......... .......... .......... .                    100%  144M=0.1s

2025-06-25 07:26:41 (66.9 MB/s) - 'util-linux-2.41.1.tar.xz.1' saved [9606156/9606156]

util-linux-2.41.1/
util-linux-2.41.1/include/
util-linux-2.41.1/include/ttyutils.h
util-linux-2.41.1/include/partx.h
util-linux-2.41.1/include/mbsedit.h
util-linux-2.41.1/include/match.h
util-linux-2.41.1/include/sysfs.h
util-linux-2.41.1/include/pt-sgi.h
util-linux-2.41.1/include/strv.h
util-linux-2.41.1/include/canonicalize.h
util-linux-2.41.1/include/meson.build
util-linux-2.41.1/include/xxhash.h
util-linux-2.41.1/include/env.h
util-linux-2.41.1/include/pt-bsd.h
util-linux-2.41.1/include/iso9660.h
util-linux-2.41.1/include/list.h
util-linux-2.41.1/include/mangle.h
util-linux-2.41.1/include/path.h
util-linux-2.41.1/include/md5.h
util-linux-2.41.1/include/cpuset.h
util-linux-2.41.1/include/shells.h
util-linux-2.41.1/include/fuzz.h
util-linux-2.41.1/include/column-list-table.h
util-linux-2.41.1/include/c_strtod.h
util-linux-2.41.1/include/nls.h
util-linux-2.41.1/include/mbsalign.h
util-linux-2.41.1/include/carefulputc.h
util-linux-2.41.1/include/fgetwc_or_err.h
util-linux-2.41.1/include/selinux-utils.h
util-linux-2.41.1/include/seccomp.h
util-linux-2.41.1/include/fileutils.h
util-linux-2.41.1/include/procfs.h
util-linux-2.41.1/include/exitcodes.h
util-linux-2.41.1/include/timeutils.h
util-linux-2.41.1/include/caputils.h
util-linux-2.41.1/include/buffer.h
util-linux-2.41.1/include/idcache.h
util-linux-2.41.1/include/closestream.h
util-linux-2.41.1/include/randutils.h
util-linux-2.41.1/include/ismounted.h
util-linux-2.41.1/include/audit-arch.h
util-linux-2.41.1/include/optutils.h
util-linux-2.41.1/include/sha1.h
util-linux-2.41.1/include/jsonwrt.h
util-linux-2.41.1/include/pwdutils.h
util-linux-2.41.1/include/timer.h
util-linux-2.41.1/include/blkdev.h
util-linux-2.41.1/include/widechar.h
util-linux-2.41.1/include/pathnames.h
util-linux-2.41.1/include/encode.h
util-linux-2.41.1/include/statfs_magic.h
util-linux-2.41.1/include/pt-sun.h
util-linux-2.41.1/include/minix.h
util-linux-2.41.1/include/colors.h
util-linux-2.41.1/include/loopdev.h
util-linux-2.41.1/include/crc32c.h
util-linux-2.41.1/include/plymouth-ctrl.h
util-linux-2.41.1/include/fileeq.h
util-linux-2.41.1/include/rpmatch.h
util-linux-2.41.1/include/all-io.h
util-linux-2.41.1/include/debugobj.h
util-linux-2.41.1/include/linux_version.h
util-linux-2.41.1/include/logindefs.h
util-linux-2.41.1/include/cctype.h
util-linux-2.41.1/include/sha256.h
util-linux-2.41.1/include/swapheader.h
util-linux-2.41.1/include/c.h
util-linux-2.41.1/include/pt-mbr-partnames.h
util-linux-2.41.1/include/pt-mbr.h
util-linux-2.41.1/include/bitops.h
util-linux-2.41.1/include/pt-gpt-partnames.h
util-linux-2.41.1/include/pidfd-utils.h
util-linux-2.41.1/include/crc64.h
util-linux-2.41.1/include/Makemodule.am
util-linux-2.41.1/include/color-names.h
util-linux-2.41.1/include/coverage.h
util-linux-2.41.1/include/namespace.h
util-linux-2.41.1/include/strutils.h
util-linux-2.41.1/include/xalloc.h
util-linux-2.41.1/include/pager.h
util-linux-2.41.1/include/exec_shell.h
util-linux-2.41.1/include/mount-api-utils.h
util-linux-2.41.1/include/crc32.h
util-linux-2.41.1/include/debug.h
util-linux-2.41.1/include/signames.h
util-linux-2.41.1/include/swapprober.h
util-linux-2.41.1/include/pty-session.h
util-linux-2.41.1/include/monotonic.h
util-linux-2.41.1/libblkid/
util-linux-2.41.1/libblkid/meson.build
util-linux-2.41.1/libblkid/libblkid.3.adoc
util-linux-2.41.1/libblkid/blkid.pc.in
util-linux-2.41.1/libblkid/src/
util-linux-2.41.1/libblkid/src/getsize.c
util-linux-2.41.1/libblkid/src/init.c
util-linux-2.41.1/libblkid/src/resolve.c
util-linux-2.41.1/libblkid/src/libblkid.sym
util-linux-2.41.1/libblkid/src/tag.c
util-linux-2.41.1/libblkid/src/version.c
util-linux-2.41.1/libblkid/src/probe.c
util-linux-2.41.1/libblkid/src/superblocks/
util-linux-2.41.1/libblkid/src/superblocks/zfs.c
util-linux-2.41.1/libblkid/src/superblocks/iso9660.c
util-linux-2.41.1/libblkid/src/superblocks/bfs.c
util-linux-2.41.1/libblkid/src/superblocks/swap.c
util-linux-2.41.1/libblkid/src/superblocks/cs_fvault2.c
util-linux-2.41.1/libblkid/src/superblocks/highpoint_raid.c
util-linux-2.41.1/libblkid/src/superblocks/reiserfs.c
util-linux-2.41.1/libblkid/src/superblocks/vmfs.c
util-linux-2.41.1/libblkid/src/superblocks/hfs.c
util-linux-2.41.1/libblkid/src/superblocks/via_raid.c
util-linux-2.41.1/libblkid/src/superblocks/linux_raid.c
util-linux-2.41.1/libblkid/src/superblocks/btrfs.c
util-linux-2.41.1/libblkid/src/superblocks/ext.c
util-linux-2.41.1/libblkid/src/superblocks/befs.c
util-linux-2.41.1/libblkid/src/superblocks/superblocks.h
util-linux-2.41.1/libblkid/src/superblocks/drbdproxy_datalog.c
util-linux-2.41.1/libblkid/src/superblocks/isw_raid.c
util-linux-2.41.1/libblkid/src/superblocks/sysv.c
util-linux-2.41.1/libblkid/src/superblocks/superblocks.c
util-linux-2.41.1/libblkid/src/superblocks/stratis.c
util-linux-2.41.1/libblkid/src/superblocks/silicon_raid.c
util-linux-2.41.1/libblkid/src/superblocks/bcache.c
util-linux-2.41.1/libblkid/src/superblocks/netware.c
util-linux-2.41.1/libblkid/src/superblocks/drbd.c
util-linux-2.41.1/libblkid/src/superblocks/vdo.c
util-linux-2.41.1/libblkid/src/superblocks/zonefs.c
util-linux-2.41.1/libblkid/src/superblocks/hpfs.c
util-linux-2.41.1/libblkid/src/superblocks/lvm.c
util-linux-2.41.1/libblkid/src/superblocks/ubifs.c
util-linux-2.41.1/libblkid/src/superblocks/squashfs.c
util-linux-2.41.1/libblkid/src/superblocks/exfs.c
util-linux-2.41.1/libblkid/src/superblocks/bitlocker.c
util-linux-2.41.1/libblkid/src/superblocks/cramfs.c
util-linux-2.41.1/libblkid/src/superblocks/vfat.c
util-linux-2.41.1/libblkid/src/superblocks/bluestore.c
util-linux-2.41.1/libblkid/src/superblocks/jfs.c
util-linux-2.41.1/libblkid/src/superblocks/udf.c
util-linux-2.41.1/libblkid/src/superblocks/ntfs.c
util-linux-2.41.1/libblkid/src/superblocks/nilfs.c
util-linux-2.41.1/libblkid/src/superblocks/promise_raid.c
util-linux-2.41.1/libblkid/src/superblocks/minix.c
util-linux-2.41.1/libblkid/src/superblocks/mpool.c
util-linux-2.41.1/libblkid/src/superblocks/ufs.c
util-linux-2.41.1/libblkid/src/superblocks/gfs.c
util-linux-2.41.1/libblkid/src/superblocks/ddf_raid.c
util-linux-2.41.1/libblkid/src/superblocks/f2fs.c
util-linux-2.41.1/libblkid/src/superblocks/refs.c
util-linux-2.41.1/libblkid/src/superblocks/nvidia_raid.c
util-linux-2.41.1/libblkid/src/superblocks/vxfs.c
util-linux-2.41.1/libblkid/src/superblocks/ocfs.c
util-linux-2.41.1/libblkid/src/superblocks/ubi.c
util-linux-2.41.1/libblkid/src/superblocks/xfs.c
util-linux-2.41.1/libblkid/src/superblocks/lsi_raid.c
util-linux-2.41.1/libblkid/src/superblocks/adaptec_raid.c
util-linux-2.41.1/libblkid/src/superblocks/drbdmanage.c
util-linux-2.41.1/libblkid/src/superblocks/exfat.c
util-linux-2.41.1/libblkid/src/superblocks/erofs.c
util-linux-2.41.1/libblkid/src/superblocks/luks.c
util-linux-2.41.1/libblkid/src/superblocks/apfs.c
util-linux-2.41.1/libblkid/src/superblocks/jmicron_raid.c
util-linux-2.41.1/libblkid/src/superblocks/romfs.c
util-linux-2.41.1/libblkid/src/blkidP.h
util-linux-2.41.1/libblkid/src/config.c
util-linux-2.41.1/libblkid/src/blkid.h.in
util-linux-2.41.1/libblkid/src/save.c
util-linux-2.41.1/libblkid/src/encode.c
util-linux-2.41.1/libblkid/src/devno.c
util-linux-2.41.1/libblkid/src/read.c
util-linux-2.41.1/libblkid/src/cache.c
util-linux-2.41.1/libblkid/src/devname.c
util-linux-2.41.1/libblkid/src/topology/
util-linux-2.41.1/libblkid/src/topology/topology.h
util-linux-2.41.1/libblkid/src/topology/ioctl.c
util-linux-2.41.1/libblkid/src/topology/evms.c
util-linux-2.41.1/libblkid/src/topology/topology.c
util-linux-2.41.1/libblkid/src/topology/lvm.c
util-linux-2.41.1/libblkid/src/topology/md.c
util-linux-2.41.1/libblkid/src/topology/sysfs.c
util-linux-2.41.1/libblkid/src/topology/dm.c
util-linux-2.41.1/libblkid/src/evaluate.c
util-linux-2.41.1/libblkid/src/fuzz.c
util-linux-2.41.1/libblkid/src/Makemodule.am
util-linux-2.41.1/libblkid/src/partitions/
util-linux-2.41.1/libblkid/src/partitions/unixware.c
util-linux-2.41.1/libblkid/src/partitions/aix.c
util-linux-2.41.1/libblkid/src/partitions/aix.h
util-linux-2.41.1/libblkid/src/partitions/solaris_x86.c
util-linux-2.41.1/libblkid/src/partitions/bsd.c
util-linux-2.41.1/libblkid/src/partitions/ultrix.c
util-linux-2.41.1/libblkid/src/partitions/gpt.c
util-linux-2.41.1/libblkid/src/partitions/partitions.h
util-linux-2.41.1/libblkid/src/partitions/dos.c
util-linux-2.41.1/libblkid/src/partitions/mac.c
util-linux-2.41.1/libblkid/src/partitions/atari.c
util-linux-2.41.1/libblkid/src/partitions/minix.c
util-linux-2.41.1/libblkid/src/partitions/sgi.c
util-linux-2.41.1/libblkid/src/partitions/partitions.c
util-linux-2.41.1/libblkid/src/partitions/sun.c
util-linux-2.41.1/libblkid/src/dev.c
util-linux-2.41.1/libblkid/src/verify.c
util-linux-2.41.1/libblkid/samples/
util-linux-2.41.1/libblkid/samples/mkfs.c
util-linux-2.41.1/libblkid/samples/superblocks.c
util-linux-2.41.1/libblkid/samples/topology.c
util-linux-2.41.1/libblkid/samples/Makemodule.am
util-linux-2.41.1/libblkid/samples/partitions.c
util-linux-2.41.1/libblkid/Makemodule.am
util-linux-2.41.1/libblkid/libblkid.3
util-linux-2.41.1/libblkid/COPYING
util-linux-2.41.1/libblkid/docs/
util-linux-2.41.1/libblkid/docs/libblkid-docs.xml
util-linux-2.41.1/libblkid/docs/Makefile.am
util-linux-2.41.1/libblkid/docs/libblkid-sections.txt
util-linux-2.41.1/libblkid/docs/version.xml.in
util-linux-2.41.1/libblkid/docs/libblkid-config.xml
util-linux-2.41.1/libblkid/docs/Makefile.in
util-linux-2.41.1/libblkid/docs/version.xml
util-linux-2.41.1/libmount/
util-linux-2.41.1/libmount/meson.build
util-linux-2.41.1/libmount/python/
util-linux-2.41.1/libmount/python/meson.build
util-linux-2.41.1/libmount/python/test_mount_context.py
util-linux-2.41.1/libmount/python/test_mount_tab.py
util-linux-2.41.1/libmount/python/test_mount_tab_update.py
util-linux-2.41.1/libmount/python/tab.c
util-linux-2.41.1/libmount/python/pylibmount.h
util-linux-2.41.1/libmount/python/fs.c
util-linux-2.41.1/libmount/python/context.c
util-linux-2.41.1/libmount/python/Makemodule.am
util-linux-2.41.1/libmount/python/pylibmount.c
util-linux-2.41.1/libmount/python/__init__.py
util-linux-2.41.1/libmount/src/
util-linux-2.41.1/libmount/src/optstr.c
util-linux-2.41.1/libmount/src/hook_veritydev.c
util-linux-2.41.1/libmount/src/init.c
util-linux-2.41.1/libmount/src/monitor.c
util-linux-2.41.1/libmount/src/test.c
util-linux-2.41.1/libmount/src/optmap.c
util-linux-2.41.1/libmount/src/context_mount.c
util-linux-2.41.1/libmount/src/context_umount.c
util-linux-2.41.1/libmount/src/hook_selinux.c
util-linux-2.41.1/libmount/src/btrfs.c
util-linux-2.41.1/libmount/src/version.c
util-linux-2.41.1/libmount/src/fs_statmount.c
util-linux-2.41.1/libmount/src/mountP.h
util-linux-2.41.1/libmount/src/hook_mkdir.c
util-linux-2.41.1/libmount/src/hook_idmap.c
util-linux-2.41.1/libmount/src/tab_update.c
util-linux-2.41.1/libmount/src/tab.c
util-linux-2.41.1/libmount/src/utils.c
util-linux-2.41.1/libmount/src/tab_diff.c
util-linux-2.41.1/libmount/src/hook_owner.c
util-linux-2.41.1/libmount/src/tab_listmount.c
util-linux-2.41.1/libmount/src/hook_mount_legacy.c
util-linux-2.41.1/libmount/src/libmount.sym
util-linux-2.41.1/libmount/src/fs.c
util-linux-2.41.1/libmount/src/context.c
util-linux-2.41.1/libmount/src/iter.c
util-linux-2.41.1/libmount/src/cache.c
util-linux-2.41.1/libmount/src/fuzz.c
util-linux-2.41.1/libmount/src/hook_loopdev.c
util-linux-2.41.1/libmount/src/Makemodule.am
util-linux-2.41.1/libmount/src/hooks.c
util-linux-2.41.1/libmount/src/optlist.c
util-linux-2.41.1/libmount/src/libmount.h.in
util-linux-2.41.1/libmount/src/hook_subdir.c
util-linux-2.41.1/libmount/src/lock.c
util-linux-2.41.1/libmount/src/hook_mount.c
util-linux-2.41.1/libmount/src/tab_parse.c
util-linux-2.41.1/libmount/samples/
util-linux-2.41.1/libmount/samples/statmount.c
util-linux-2.41.1/libmount/samples/listmount.c
util-linux-2.41.1/libmount/samples/Makemodule.am
util-linux-2.41.1/libmount/samples/overwrite.c
util-linux-2.41.1/libmount/Makemodule.am
util-linux-2.41.1/libmount/mount.pc.in
util-linux-2.41.1/libmount/COPYING
util-linux-2.41.1/libmount/docs/
util-linux-2.41.1/libmount/docs/Makefile.am
util-linux-2.41.1/libmount/docs/version.xml.in
util-linux-2.41.1/libmount/docs/libmount-docs.xml
util-linux-2.41.1/libmount/docs/libmount-sections.txt
util-linux-2.41.1/libmount/docs/Makefile.in
util-linux-2.41.1/libmount/docs/version.xml
util-linux-2.41.1/schedutils/
util-linux-2.41.1/schedutils/meson.build
util-linux-2.41.1/schedutils/ionice.c
util-linux-2.41.1/schedutils/taskset.c
util-linux-2.41.1/schedutils/ionice.1.adoc
util-linux-2.41.1/schedutils/coresched.1
util-linux-2.41.1/schedutils/uclampset.1
util-linux-2.41.1/schedutils/chrt.1
util-linux-2.41.1/schedutils/coresched.c
util-linux-2.41.1/schedutils/uclampset.1.adoc
util-linux-2.41.1/schedutils/taskset.1
util-linux-2.41.1/schedutils/ionice.1
util-linux-2.41.1/schedutils/chrt.c
util-linux-2.41.1/schedutils/chrt.1.adoc
util-linux-2.41.1/schedutils/coresched.1.adoc
util-linux-2.41.1/schedutils/sched_attr.h
util-linux-2.41.1/schedutils/Makemodule.am
util-linux-2.41.1/schedutils/uclampset.c
util-linux-2.41.1/schedutils/taskset.1.adoc
util-linux-2.41.1/Makefile.am
util-linux-2.41.1/config/
util-linux-2.41.1/config/depcomp
util-linux-2.41.1/config/install-sh
util-linux-2.41.1/config/config.sub
util-linux-2.41.1/config/gtk-doc.make
util-linux-2.41.1/config/config.guess
util-linux-2.41.1/config/missing
util-linux-2.41.1/config/ltmain.sh
util-linux-2.41.1/config/compile
util-linux-2.41.1/config/ar-lib
util-linux-2.41.1/config/config.rpath
util-linux-2.41.1/config/py-compile
util-linux-2.41.1/config/ylwrap
util-linux-2.41.1/meson.build
util-linux-2.41.1/po-man/
util-linux-2.41.1/po-man/meson.build
util-linux-2.41.1/po-man/sr.po
util-linux-2.41.1/po-man/ko.po
util-linux-2.41.1/po-man/README.md
util-linux-2.41.1/po-man/fr.po
util-linux-2.41.1/po-man/cs.po
util-linux-2.41.1/po-man/util-linux-man.pot
util-linux-2.41.1/po-man/ro.po
util-linux-2.41.1/po-man/es.po
util-linux-2.41.1/po-man/de.po
util-linux-2.41.1/po-man/po4a.cfg
util-linux-2.41.1/po-man/Makemodule.am
util-linux-2.41.1/po-man/uk.po
util-linux-2.41.1/po-man/pt_BR.po
util-linux-2.41.1/po-man/pl.po
util-linux-2.41.1/AUTHORS
util-linux-2.41.1/m4/
util-linux-2.41.1/m4/pkg.m4
util-linux-2.41.1/m4/year2038.m4
util-linux-2.41.1/m4/gettext.m4
util-linux-2.41.1/m4/lib-link.m4
util-linux-2.41.1/m4/compiler.m4
util-linux-2.41.1/m4/lt~obsolete.m4
util-linux-2.41.1/m4/tls.m4
util-linux-2.41.1/m4/ltoptions.m4
util-linux-2.41.1/m4/nls.m4
util-linux-2.41.1/m4/iconv.m4
util-linux-2.41.1/m4/ax_compare_version.m4
util-linux-2.41.1/m4/progtest.m4
util-linux-2.41.1/m4/intlmacosx.m4
util-linux-2.41.1/m4/ax_check_vscript.m4
util-linux-2.41.1/m4/lib-prefix.m4
util-linux-2.41.1/m4/po.m4
util-linux-2.41.1/m4/ltversion.m4
util-linux-2.41.1/m4/gtk-doc.m4
util-linux-2.41.1/m4/lib-ld.m4
util-linux-2.41.1/m4/ltsugar.m4
util-linux-2.41.1/m4/ul.m4
util-linux-2.41.1/m4/libtool.m4
util-linux-2.41.1/.version
util-linux-2.41.1/misc-utils/
util-linux-2.41.1/misc-utils/waitpid.1.adoc
util-linux-2.41.1/misc-utils/uuidparse.c
util-linux-2.41.1/misc-utils/whereis.1
util-linux-2.41.1/misc-utils/fincore.c
util-linux-2.41.1/misc-utils/blkid.8.adoc
util-linux-2.41.1/misc-utils/cal.c
util-linux-2.41.1/misc-utils/enosys.1
util-linux-2.41.1/misc-utils/namei.c
util-linux-2.41.1/misc-utils/meson.build
util-linux-2.41.1/misc-utils/kill.c
util-linux-2.41.1/misc-utils/fincore.1
util-linux-2.41.1/misc-utils/getopt-example.bash
util-linux-2.41.1/misc-utils/lsblk-mnt.c
util-linux-2.41.1/misc-utils/lsblk.8
util-linux-2.41.1/misc-utils/kill.1.adoc
util-linux-2.41.1/misc-utils/lsblk.h
util-linux-2.41.1/misc-utils/uuidd-tmpfiles.conf.in
util-linux-2.41.1/misc-utils/logger.1.adoc
util-linux-2.41.1/misc-utils/uuidd-sysusers.conf.in
util-linux-2.41.1/misc-utils/getopt-example.tcsh
util-linux-2.41.1/misc-utils/findmnt-verify.c
util-linux-2.41.1/misc-utils/lsclocks.1.adoc
util-linux-2.41.1/misc-utils/lslocks.8
util-linux-2.41.1/misc-utils/lastlog2.c
util-linux-2.41.1/misc-utils/lslocks.c
util-linux-2.41.1/misc-utils/uuidgen.1
util-linux-2.41.1/misc-utils/fadvise.1.adoc
util-linux-2.41.1/misc-utils/namei.1
util-linux-2.41.1/misc-utils/pipesz.c
util-linux-2.41.1/misc-utils/cal.1
util-linux-2.41.1/misc-utils/blkid.8
util-linux-2.41.1/misc-utils/rename.1
util-linux-2.41.1/misc-utils/uuidgen.c
util-linux-2.41.1/misc-utils/look.1
util-linux-2.41.1/misc-utils/rename.1.adoc
util-linux-2.41.1/misc-utils/findmnt.8.adoc
util-linux-2.41.1/misc-utils/uuidgen.1.adoc
util-linux-2.41.1/misc-utils/mcookie.1
util-linux-2.41.1/misc-utils/wipefs.8
util-linux-2.41.1/misc-utils/waitpid.c
util-linux-2.41.1/misc-utils/findfs.8.adoc
util-linux-2.41.1/misc-utils/cal.1.adoc
util-linux-2.41.1/misc-utils/look.c
util-linux-2.41.1/misc-utils/findmnt.8
util-linux-2.41.1/misc-utils/hardlink.1
util-linux-2.41.1/misc-utils/rename.c
util-linux-2.41.1/misc-utils/logger.c
util-linux-2.41.1/misc-utils/exch.c
util-linux-2.41.1/misc-utils/uuidd.rc.in
util-linux-2.41.1/misc-utils/getopt.c
util-linux-2.41.1/misc-utils/lastlog2.8
util-linux-2.41.1/misc-utils/namei.1.adoc
util-linux-2.41.1/misc-utils/hardlink.1.adoc
util-linux-2.41.1/misc-utils/lsblk-devtree.c
util-linux-2.41.1/misc-utils/lsblk.8.adoc
util-linux-2.41.1/misc-utils/waitpid.1
util-linux-2.41.1/misc-utils/lslocks.8.adoc
util-linux-2.41.1/misc-utils/whereis.c
util-linux-2.41.1/misc-utils/uuidparse.1
util-linux-2.41.1/misc-utils/lsclocks.1
util-linux-2.41.1/misc-utils/uuidd.c
util-linux-2.41.1/misc-utils/hardlink.c
util-linux-2.41.1/misc-utils/uuidd.service.in
util-linux-2.41.1/misc-utils/enosys.1.adoc
util-linux-2.41.1/misc-utils/enosys.c
util-linux-2.41.1/misc-utils/findmnt.c
util-linux-2.41.1/misc-utils/lsclocks.c
util-linux-2.41.1/misc-utils/mcookie.1.adoc
util-linux-2.41.1/misc-utils/uuidd.socket.in
util-linux-2.41.1/misc-utils/findmnt.h
util-linux-2.41.1/misc-utils/pipesz.1.adoc
util-linux-2.41.1/misc-utils/pipesz.1
util-linux-2.41.1/misc-utils/fincore.1.adoc
util-linux-2.41.1/misc-utils/fadvise.c
util-linux-2.41.1/misc-utils/lsblk-properties.c
util-linux-2.41.1/misc-utils/uuidd.8
util-linux-2.41.1/misc-utils/kill.1
util-linux-2.41.1/misc-utils/lastlog2-import.service.in
util-linux-2.41.1/misc-utils/fadvise.1
util-linux-2.41.1/misc-utils/test_uuidd.c
util-linux-2.41.1/misc-utils/uuidd.8.adoc
util-linux-2.41.1/misc-utils/exch.1
util-linux-2.41.1/misc-utils/Makemodule.am
util-linux-2.41.1/misc-utils/logger.1
util-linux-2.41.1/misc-utils/uuidparse.1.adoc
util-linux-2.41.1/misc-utils/whereis.1.adoc
util-linux-2.41.1/misc-utils/getopt.1.adoc
util-linux-2.41.1/misc-utils/lastlog2.8.adoc
util-linux-2.41.1/misc-utils/lsblk.c
util-linux-2.41.1/misc-utils/exch.1.adoc
util-linux-2.41.1/misc-utils/lastlog2-tmpfiles.conf.in
util-linux-2.41.1/misc-utils/mcookie.c
util-linux-2.41.1/misc-utils/getopt.1
util-linux-2.41.1/misc-utils/wipefs.c
util-linux-2.41.1/misc-utils/blkid.c
util-linux-2.41.1/misc-utils/wipefs.8.adoc
util-linux-2.41.1/misc-utils/findfs.8
util-linux-2.41.1/misc-utils/look.1.adoc
util-linux-2.41.1/misc-utils/findfs.c
util-linux-2.41.1/README.licensing
util-linux-2.41.1/lsfd-cmd/
util-linux-2.41.1/lsfd-cmd/file.c
util-linux-2.41.1/lsfd-cmd/sock-xinfo.c
util-linux-2.41.1/lsfd-cmd/meson.build
util-linux-2.41.1/lsfd-cmd/decode-file-flags.h
util-linux-2.41.1/lsfd-cmd/sock.c
util-linux-2.41.1/lsfd-cmd/lsfd.1
util-linux-2.41.1/lsfd-cmd/pidfd.c
util-linux-2.41.1/lsfd-cmd/decode-file-flags.c
util-linux-2.41.1/lsfd-cmd/unkn.c
util-linux-2.41.1/lsfd-cmd/sock.h
util-linux-2.41.1/lsfd-cmd/fifo.c
util-linux-2.41.1/lsfd-cmd/pidfd.h
util-linux-2.41.1/lsfd-cmd/Makemodule.am
util-linux-2.41.1/lsfd-cmd/bdev.c
util-linux-2.41.1/lsfd-cmd/lsfd.h
util-linux-2.41.1/lsfd-cmd/lsfd.c
util-linux-2.41.1/lsfd-cmd/cdev.c
util-linux-2.41.1/lsfd-cmd/lsfd.1.adoc
util-linux-2.41.1/libsmartcols/
util-linux-2.41.1/libsmartcols/meson.build
util-linux-2.41.1/libsmartcols/scols-filter.5
util-linux-2.41.1/libsmartcols/src/
util-linux-2.41.1/libsmartcols/src/init.c
util-linux-2.41.1/libsmartcols/src/table.c
util-linux-2.41.1/libsmartcols/src/filter-parser.h
util-linux-2.41.1/libsmartcols/src/filter-param.c
util-linux-2.41.1/libsmartcols/src/cell.c
util-linux-2.41.1/libsmartcols/src/walk.c
util-linux-2.41.1/libsmartcols/src/grouping.c
util-linux-2.41.1/libsmartcols/src/print.c
util-linux-2.41.1/libsmartcols/src/filter-scanner.l
util-linux-2.41.1/libsmartcols/src/version.c
util-linux-2.41.1/libsmartcols/src/line.c
util-linux-2.41.1/libsmartcols/src/print-api.c
util-linux-2.41.1/libsmartcols/src/libsmartcols.sym
util-linux-2.41.1/libsmartcols/src/filter-parser.c
util-linux-2.41.1/libsmartcols/src/smartcolsP.h
util-linux-2.41.1/libsmartcols/src/filter-expr.c
util-linux-2.41.1/libsmartcols/src/symbols.c
util-linux-2.41.1/libsmartcols/src/column.c
util-linux-2.41.1/libsmartcols/src/filter-parser.y
util-linux-2.41.1/libsmartcols/src/calculate.c
util-linux-2.41.1/libsmartcols/src/filter.c
util-linux-2.41.1/libsmartcols/src/filter-parser.stamp
util-linux-2.41.1/libsmartcols/src/filter-scanner.c
util-linux-2.41.1/libsmartcols/src/iter.c
util-linux-2.41.1/libsmartcols/src/Makemodule.am
util-linux-2.41.1/libsmartcols/src/filter-scanner.stamp
util-linux-2.41.1/libsmartcols/src/libsmartcols.h.in
util-linux-2.41.1/libsmartcols/src/filter-scanner.h
util-linux-2.41.1/libsmartcols/smartcols.pc.in
util-linux-2.41.1/libsmartcols/scols-filter.5.adoc
util-linux-2.41.1/libsmartcols/samples/
util-linux-2.41.1/libsmartcols/samples/continuous-json.c
util-linux-2.41.1/libsmartcols/samples/fromfile.c
util-linux-2.41.1/libsmartcols/samples/colors.c
util-linux-2.41.1/libsmartcols/samples/continuous.c
util-linux-2.41.1/libsmartcols/samples/wrap-repeat.c
util-linux-2.41.1/libsmartcols/samples/tree.c
util-linux-2.41.1/libsmartcols/samples/grouping-simple.c
util-linux-2.41.1/libsmartcols/samples/wrap.c
util-linux-2.41.1/libsmartcols/samples/maxout.c
util-linux-2.41.1/libsmartcols/samples/grouping-overlay.c
util-linux-2.41.1/libsmartcols/samples/Makemodule.am
util-linux-2.41.1/libsmartcols/samples/title.c
util-linux-2.41.1/libsmartcols/Makemodule.am
util-linux-2.41.1/libsmartcols/COPYING
util-linux-2.41.1/libsmartcols/docs/
util-linux-2.41.1/libsmartcols/docs/Makefile.am
util-linux-2.41.1/libsmartcols/docs/libsmartcols-docs.xml
util-linux-2.41.1/libsmartcols/docs/version.xml.in
util-linux-2.41.1/libsmartcols/docs/libsmartcols-sections.txt
util-linux-2.41.1/libsmartcols/docs/Makefile.in
util-linux-2.41.1/libsmartcols/docs/version.xml
util-linux-2.41.1/bash-completion/
util-linux-2.41.1/bash-completion/fincore
util-linux-2.41.1/bash-completion/eject
util-linux-2.41.1/bash-completion/getopt
util-linux-2.41.1/bash-completion/irqtop
util-linux-2.41.1/bash-completion/ipcmk
util-linux-2.41.1/bash-completion/lsipc
util-linux-2.41.1/bash-completion/blockdev
util-linux-2.41.1/bash-completion/exch
util-linux-2.41.1/bash-completion/newgrp
util-linux-2.41.1/bash-completion/chrt
util-linux-2.41.1/bash-completion/mesg
util-linux-2.41.1/bash-completion/namei
util-linux-2.41.1/bash-completion/colrm
util-linux-2.41.1/bash-completion/mkswap
util-linux-2.41.1/bash-completion/uuidd
util-linux-2.41.1/bash-completion/chsh
util-linux-2.41.1/bash-completion/resizepart
util-linux-2.41.1/bash-completion/ul
util-linux-2.41.1/bash-completion/colcrt
util-linux-2.41.1/bash-completion/blkzone
util-linux-2.41.1/bash-completion/mkfs
util-linux-2.41.1/bash-completion/pivot_root
util-linux-2.41.1/bash-completion/hwclock
util-linux-2.41.1/bash-completion/more
util-linux-2.41.1/bash-completion/mount
util-linux-2.41.1/bash-completion/rename
util-linux-2.41.1/bash-completion/ipcs
util-linux-2.41.1/bash-completion/delpart
util-linux-2.41.1/bash-completion/umount
util-linux-2.41.1/bash-completion/hexdump
util-linux-2.41.1/bash-completion/fstrim
util-linux-2.41.1/bash-completion/whereis
util-linux-2.41.1/bash-completion/dmesg
util-linux-2.41.1/bash-completion/ldattach
util-linux-2.41.1/bash-completion/pipesz
util-linux-2.41.1/bash-completion/rev
util-linux-2.41.1/bash-completion/setterm
util-linux-2.41.1/bash-completion/lsblk
util-linux-2.41.1/bash-completion/setarch
util-linux-2.41.1/bash-completion/setpgid
util-linux-2.41.1/bash-completion/chmem
util-linux-2.41.1/bash-completion/swapon
util-linux-2.41.1/bash-completion/ipcrm
util-linux-2.41.1/bash-completion/lsns
util-linux-2.41.1/bash-completion/uuidgen
util-linux-2.41.1/bash-completion/lslogins
util-linux-2.41.1/bash-completion/rtcwake
util-linux-2.41.1/bash-completion/blkdiscard
util-linux-2.41.1/bash-completion/rfkill
util-linux-2.41.1/bash-completion/mkfs.bfs
util-linux-2.41.1/bash-completion/isosize
util-linux-2.41.1/bash-completion/enosys
util-linux-2.41.1/bash-completion/flock
util-linux-2.41.1/bash-completion/utmpdump
util-linux-2.41.1/bash-completion/unshare
util-linux-2.41.1/bash-completion/uclampset
util-linux-2.41.1/bash-completion/fsfreeze
util-linux-2.41.1/bash-completion/hardlink
util-linux-2.41.1/bash-completion/uuidparse
util-linux-2.41.1/bash-completion/setpriv
util-linux-2.41.1/bash-completion/blkid
util-linux-2.41.1/bash-completion/raw
util-linux-2.41.1/bash-completion/fadvise
util-linux-2.41.1/bash-completion/tunelp
util-linux-2.41.1/bash-completion/write
util-linux-2.41.1/bash-completion/col
util-linux-2.41.1/bash-completion/wipefs
util-linux-2.41.1/bash-completion/fsck.minix
util-linux-2.41.1/bash-completion/lsirq
util-linux-2.41.1/bash-completion/findmnt
util-linux-2.41.1/bash-completion/su
util-linux-2.41.1/bash-completion/ctrlaltdel
util-linux-2.41.1/bash-completion/wall
util-linux-2.41.1/bash-completion/fdformat
util-linux-2.41.1/bash-completion/column
util-linux-2.41.1/bash-completion/swapoff
util-linux-2.41.1/bash-completion/chcpu
util-linux-2.41.1/bash-completion/lsmem
util-linux-2.41.1/bash-completion/scriptlive
util-linux-2.41.1/bash-completion/lslocks
util-linux-2.41.1/bash-completion/scriptreplay
util-linux-2.41.1/bash-completion/ionice
util-linux-2.41.1/bash-completion/losetup
util-linux-2.41.1/bash-completion/nsenter
util-linux-2.41.1/bash-completion/chfn
util-linux-2.41.1/bash-completion/lsclocks
util-linux-2.41.1/bash-completion/waitpid
util-linux-2.41.1/bash-completion/logger
util-linux-2.41.1/bash-completion/script
util-linux-2.41.1/bash-completion/addpart
util-linux-2.41.1/bash-completion/fallocate
util-linux-2.41.1/bash-completion/findfs
util-linux-2.41.1/bash-completion/sfdisk
util-linux-2.41.1/bash-completion/readprofile
util-linux-2.41.1/bash-completion/renice
util-linux-2.41.1/bash-completion/prlimit
util-linux-2.41.1/bash-completion/partx
util-linux-2.41.1/bash-completion/Makemodule.am
util-linux-2.41.1/bash-completion/fsck.cramfs
util-linux-2.41.1/bash-completion/lscpu
util-linux-2.41.1/bash-completion/pg
util-linux-2.41.1/bash-completion/look
util-linux-2.41.1/bash-completion/mountpoint
util-linux-2.41.1/bash-completion/mkfs.cramfs
util-linux-2.41.1/bash-completion/cfdisk
util-linux-2.41.1/bash-completion/cal
util-linux-2.41.1/bash-completion/mkfs.minix
util-linux-2.41.1/bash-completion/taskset
util-linux-2.41.1/bash-completion/mcookie
util-linux-2.41.1/bash-completion/lastlog2
util-linux-2.41.1/bash-completion/setsid
util-linux-2.41.1/bash-completion/fsck
util-linux-2.41.1/bash-completion/zramctl
util-linux-2.41.1/bash-completion/last
util-linux-2.41.1/bash-completion/swaplabel
util-linux-2.41.1/bash-completion/wdctl
util-linux-2.41.1/bash-completion/fdisk
util-linux-2.41.1/text-utils/
util-linux-2.41.1/text-utils/col.c
util-linux-2.41.1/text-utils/hexdump.1.adoc
util-linux-2.41.1/text-utils/rev.1
util-linux-2.41.1/text-utils/meson.build
util-linux-2.41.1/text-utils/bits.1.adoc
util-linux-2.41.1/text-utils/column.1
util-linux-2.41.1/text-utils/ul.c
util-linux-2.41.1/text-utils/pg.1.adoc
util-linux-2.41.1/text-utils/more.c
util-linux-2.41.1/text-utils/hexdump.h
util-linux-2.41.1/text-utils/colcrt.1
util-linux-2.41.1/text-utils/hexdump.1
util-linux-2.41.1/text-utils/more.1
util-linux-2.41.1/text-utils/line.c
util-linux-2.41.1/text-utils/col.1
util-linux-2.41.1/text-utils/hexdump.c
util-linux-2.41.1/text-utils/bits.c
util-linux-2.41.1/text-utils/colcrt.1.adoc
util-linux-2.41.1/text-utils/colrm.c
util-linux-2.41.1/text-utils/pg.1
util-linux-2.41.1/text-utils/column.1.adoc
util-linux-2.41.1/text-utils/ul.1
util-linux-2.41.1/text-utils/column.c
util-linux-2.41.1/text-utils/bits.1
util-linux-2.41.1/text-utils/line.1
util-linux-2.41.1/text-utils/colcrt.c
util-linux-2.41.1/text-utils/hexdump-parse.c
util-linux-2.41.1/text-utils/pg.c
util-linux-2.41.1/text-utils/hexdump-display.c
util-linux-2.41.1/text-utils/line.1.adoc
util-linux-2.41.1/text-utils/rev.c
util-linux-2.41.1/text-utils/ul.1.adoc
util-linux-2.41.1/text-utils/hexdump-conv.c
util-linux-2.41.1/text-utils/Makemodule.am
util-linux-2.41.1/text-utils/colrm.1.adoc
util-linux-2.41.1/text-utils/colrm.1
util-linux-2.41.1/text-utils/rev.1.adoc
util-linux-2.41.1/text-utils/more.1.adoc
util-linux-2.41.1/text-utils/col.1.adoc
util-linux-2.41.1/.tarball-version
util-linux-2.41.1/tools/
util-linux-2.41.1/tools/all_errnos
util-linux-2.41.1/tools/poman-install.sh
util-linux-2.41.1/tools/config-gen
util-linux-2.41.1/tools/compare-buildsys.sh
util-linux-2.41.1/tools/checkdecl.sh
util-linux-2.41.1/tools/all_syscalls
util-linux-2.41.1/tools/checkusage.sh
util-linux-2.41.1/tools/checklibdocs.sh
util-linux-2.41.1/tools/git-tp-sync
util-linux-2.41.1/tools/oss-fuzz.sh
util-linux-2.41.1/tools/config-gen-functions.sh
util-linux-2.41.1/tools/meson-make-manpage-stub.sh
util-linux-2.41.1/tools/smatch-data/
util-linux-2.41.1/tools/smatch-data/no_return_funcs
util-linux-2.41.1/tools/checkxalloc.sh
util-linux-2.41.1/tools/ko-release-gen
util-linux-2.41.1/tools/checkconfig.sh
util-linux-2.41.1/tools/libtool.m4.patch
util-linux-2.41.1/tools/checkadoc-missing.sh
util-linux-2.41.1/tools/asciidoctor-includetracker.rb
util-linux-2.41.1/tools/meson-make-symlink.sh
util-linux-2.41.1/tools/git-version-gen
util-linux-2.41.1/tools/Makemodule.am
util-linux-2.41.1/tools/checkincludes.pl
util-linux-2.41.1/tools/checkcompletion.sh
util-linux-2.41.1/tools/poman-translate.sh
util-linux-2.41.1/tools/ko-release-push
util-linux-2.41.1/tools/checkadoc-repeat.sh
util-linux-2.41.1/tools/asciidoctor-unicodeconverter.rb
util-linux-2.41.1/tools/config-gen.d/
util-linux-2.41.1/tools/config-gen.d/fuzz.conf
util-linux-2.41.1/tools/config-gen.d/chfnsh-libuser.conf
util-linux-2.41.1/tools/config-gen.d/core.conf
util-linux-2.41.1/tools/config-gen.d/non-libsmartcols.conf
util-linux-2.41.1/tools/config-gen.d/devel.conf
util-linux-2.41.1/tools/config-gen.d/audit.conf
util-linux-2.41.1/tools/config-gen.d/cryptsetup.conf
util-linux-2.41.1/tools/config-gen.d/disable-all.conf
util-linux-2.41.1/tools/config-gen.d/non-nls.conf
util-linux-2.41.1/tools/config-gen.d/chfnsh-no-password.conf
util-linux-2.41.1/tools/config-gen.d/enable-schedutils.conf
util-linux-2.41.1/tools/config-gen.d/chfnsh-pam.conf
util-linux-2.41.1/tools/config-gen.d/selinux.conf
util-linux-2.41.1/tools/config-gen.d/all.conf
util-linux-2.41.1/tools/config-gen.d/devel-non-docs.conf
util-linux-2.41.1/tools/config-gen.d/non-libblkid.conf
util-linux-2.41.1/tools/config-gen.d/devel-non-asan.conf
util-linux-2.41.1/tools/config-gen.d/slang.conf
util-linux-2.41.1/tools/config-gen.d/static.conf
util-linux-2.41.1/tools/config-gen.d/all-non-nls.conf
util-linux-2.41.1/tools/config-gen.d/non-libs.conf
util-linux-2.41.1/tools/config-gen.d/non-libuuid.conf
util-linux-2.41.1/tools/config-gen.d/non-widechar.conf
util-linux-2.41.1/tools/config-gen.d/non-libmount.conf
util-linux-2.41.1/man-common/
util-linux-2.41.1/man-common/manpage-stub.adoc
util-linux-2.41.1/man-common/meson.build
util-linux-2.41.1/man-common/translation.adoc
util-linux-2.41.1/man-common/footer.adoc
util-linux-2.41.1/man-common/help-version.adoc
util-linux-2.41.1/man-common/colors.adoc
util-linux-2.41.1/man-common/footer-config.adoc
util-linux-2.41.1/man-common/in-bytes.adoc
util-linux-2.41.1/man-common/bugreports.adoc
util-linux-2.41.1/man-common/footer-lib.adoc
util-linux-2.41.1/man-common/Makemodule.am
util-linux-2.41.1/Documentation/
util-linux-2.41.1/Documentation/release-schedule.txt
util-linux-2.41.1/Documentation/boilerplate.c
util-linux-2.41.1/Documentation/releases/
util-linux-2.41.1/Documentation/releases/v2.29-ReleaseNotes
util-linux-2.41.1/Documentation/releases/v2.32-ReleaseNotes
util-linux-2.41.1/Documentation/releases/v2.17-ReleaseNotes
util-linux-2.41.1/Documentation/releases/v2.28-ReleaseNotes
util-linux-2.41.1/Documentation/releases/v2.37-ReleaseNotes
util-linux-2.41.1/Documentation/releases/v2.16-ReleaseNotes
util-linux-2.41.1/Documentation/releases/v2.34-ReleaseNotes
util-linux-2.41.1/Documentation/releases/v2.15-ReleaseNotes
util-linux-2.41.1/Documentation/releases/v2.35-ReleaseNotes
util-linux-2.41.1/Documentation/releases/v2.30-ReleaseNotes
util-linux-2.41.1/Documentation/releases/v2.27-ReleaseNotes
util-linux-2.41.1/Documentation/releases/v2.25-ReleaseNotes
util-linux-2.41.1/Documentation/releases/v2.24-ReleaseNotes
util-linux-2.41.1/Documentation/releases/v2.36-ReleaseNotes
util-linux-2.41.1/Documentation/releases/v2.19-ReleaseNotes
util-linux-2.41.1/Documentation/releases/v2.22-ReleaseNotes
util-linux-2.41.1/Documentation/releases/v2.20-ReleaseNotes
util-linux-2.41.1/Documentation/releases/v2.13-ReleaseNotes
util-linux-2.41.1/Documentation/releases/v2.18-ReleaseNotes
util-linux-2.41.1/Documentation/releases/v2.39-ReleaseNotes
util-linux-2.41.1/Documentation/releases/v2.38-ReleaseNotes
util-linux-2.41.1/Documentation/releases/v2.40-ReleaseNotes
util-linux-2.41.1/Documentation/releases/v2.14-ReleaseNotes
util-linux-2.41.1/Documentation/releases/v2.41.1-ReleaseNotes
util-linux-2.41.1/Documentation/releases/v2.31-ReleaseNotes
util-linux-2.41.1/Documentation/releases/v2.26-ReleaseNotes
util-linux-2.41.1/Documentation/releases/v2.23-ReleaseNotes
util-linux-2.41.1/Documentation/releases/v2.21-ReleaseNotes
util-linux-2.41.1/Documentation/releases/v2.33-ReleaseNotes
util-linux-2.41.1/Documentation/releases/v2.41-ReleaseNotes
util-linux-2.41.1/Documentation/licenses/
util-linux-2.41.1/Documentation/licenses/COPYING.ISC
util-linux-2.41.1/Documentation/licenses/COPYING.LGPL-2.1-or-later
util-linux-2.41.1/Documentation/licenses/COPYING.GPL-3.0-or-later
util-linux-2.41.1/Documentation/licenses/COPYING.GPL-2.0-or-later
util-linux-2.41.1/Documentation/licenses/COPYING.GPL-2.0-only
util-linux-2.41.1/Documentation/licenses/COPYING.MIT
util-linux-2.41.1/Documentation/licenses/COPYING.BSD-2-Clause
util-linux-2.41.1/Documentation/licenses/COPYING.EUPL-1.2
util-linux-2.41.1/Documentation/licenses/COPYING.BSD-3-Clause
util-linux-2.41.1/Documentation/licenses/COPYING.BSD-4-Clause-UC
util-linux-2.41.1/Documentation/howto-build-sys.txt
util-linux-2.41.1/Documentation/TODO
util-linux-2.41.1/Documentation/blkid.txt
util-linux-2.41.1/Documentation/example.files/
util-linux-2.41.1/Documentation/example.files/fstab
util-linux-2.41.1/Documentation/example.files/motd
util-linux-2.41.1/Documentation/example.files/shells
util-linux-2.41.1/Documentation/example.files/filesystems
util-linux-2.41.1/Documentation/example.files/securetty
util-linux-2.41.1/Documentation/example.files/udev-raw.rules
util-linux-2.41.1/Documentation/parse-date.txt
util-linux-2.41.1/Documentation/00-about-docs.txt
util-linux-2.41.1/Documentation/howto-contribute.txt
util-linux-2.41.1/Documentation/col.txt
util-linux-2.41.1/Documentation/howto-tests.txt
util-linux-2.41.1/Documentation/getopt.txt
util-linux-2.41.1/Documentation/rfkill.readme
util-linux-2.41.1/Documentation/modems-with-agetty.txt
util-linux-2.41.1/Documentation/howto-pull-request.txt
util-linux-2.41.1/Documentation/deprecated.txt
util-linux-2.41.1/Documentation/poeigl.txt
util-linux-2.41.1/Documentation/Makemodule.am
util-linux-2.41.1/Documentation/pg.txt
util-linux-2.41.1/Documentation/getopt_changelog.txt
util-linux-2.41.1/Documentation/howto-compilation.txt
util-linux-2.41.1/Documentation/howto-debug.txt
util-linux-2.41.1/Documentation/.deps/
util-linux-2.41.1/Documentation/.deps/test_boilerplate-boilerplate.Po
util-linux-2.41.1/Documentation/mount.txt
util-linux-2.41.1/Documentation/cal.txt
util-linux-2.41.1/Documentation/PAM-configuration.txt
util-linux-2.41.1/Documentation/howto-man-page.txt
util-linux-2.41.1/Documentation/howto-usage-function.txt
util-linux-2.41.1/Documentation/hwclock.txt
util-linux-2.41.1/configure.ac
util-linux-2.41.1/README
util-linux-2.41.1/po/
util-linux-2.41.1/po/fi.po
util-linux-2.41.1/po/et.po
util-linux-2.41.1/po/ja.gmo
util-linux-2.41.1/po/meson.build
util-linux-2.41.1/po/sr.gmo
util-linux-2.41.1/po/sr.po
util-linux-2.41.1/po/fi.gmo
util-linux-2.41.1/po/es.gmo
util-linux-2.41.1/po/ko.po
util-linux-2.41.1/po/cs.gmo
util-linux-2.41.1/po/ka.gmo
util-linux-2.41.1/po/vi.po
util-linux-2.41.1/po/ca.po
util-linux-2.41.1/po/ka.po
util-linux-2.41.1/po/ko.gmo
util-linux-2.41.1/po/hu.gmo
util-linux-2.41.1/po/Makevars
util-linux-2.41.1/po/id.po
util-linux-2.41.1/po/da.po
util-linux-2.41.1/po/gl.po
util-linux-2.41.1/po/tr.gmo
util-linux-2.41.1/po/tr.po
util-linux-2.41.1/po/de.gmo
util-linux-2.41.1/po/ja.po
util-linux-2.41.1/po/it.gmo
util-linux-2.41.1/po/hr.gmo
util-linux-2.41.1/po/en@quot.header
util-linux-2.41.1/po/it.po
util-linux-2.41.1/po/ru.gmo
util-linux-2.41.1/po/pt.po
util-linux-2.41.1/po/fr.po
util-linux-2.41.1/po/zh_CN.po
util-linux-2.41.1/po/fr.gmo
util-linux-2.41.1/po/nl.gmo
util-linux-2.41.1/po/hu.po
util-linux-2.41.1/po/util-linux.pot
util-linux-2.41.1/po/LINGUAS
util-linux-2.41.1/po/cs.po
util-linux-2.41.1/po/hr.po
util-linux-2.41.1/po/id.gmo
util-linux-2.41.1/po/vi.gmo
util-linux-2.41.1/po/et.gmo
util-linux-2.41.1/po/pt_BR.gmo
util-linux-2.41.1/po/sl.gmo
util-linux-2.41.1/po/boldquot.sed
util-linux-2.41.1/po/Rules-quot
util-linux-2.41.1/po/zh_CN.gmo
util-linux-2.41.1/po/sk.po
util-linux-2.41.1/po/quot.sed
util-linux-2.41.1/po/ru.po
util-linux-2.41.1/po/pl.gmo
util-linux-2.41.1/po/pt.gmo
util-linux-2.41.1/po/ro.po
util-linux-2.41.1/po/es.po
util-linux-2.41.1/po/ca.gmo
util-linux-2.41.1/po/de.po
util-linux-2.41.1/po/Makefile.in.in
util-linux-2.41.1/po/stamp-po
util-linux-2.41.1/po/nl.po
util-linux-2.41.1/po/sk.gmo
util-linux-2.41.1/po/eu.po
util-linux-2.41.1/po/ro.gmo
util-linux-2.41.1/po/sv.gmo
util-linux-2.41.1/po/zh_TW.po
util-linux-2.41.1/po/uk.po
util-linux-2.41.1/po/pt_BR.po
util-linux-2.41.1/po/sl.po
util-linux-2.41.1/po/en@boldquot.header
util-linux-2.41.1/po/POTFILES.in
util-linux-2.41.1/po/update-potfiles
util-linux-2.41.1/po/da.gmo
util-linux-2.41.1/po/sv.po
util-linux-2.41.1/po/uk.gmo
util-linux-2.41.1/po/insert-header.sin
util-linux-2.41.1/po/gl.gmo
util-linux-2.41.1/po/zh_TW.gmo
util-linux-2.41.1/po/eu.gmo
util-linux-2.41.1/po/pl.po
util-linux-2.41.1/po/remove-potcdate.sin
util-linux-2.41.1/lib/
util-linux-2.41.1/lib/langinfo.c
util-linux-2.41.1/lib/strv.c
util-linux-2.41.1/lib/sha256.c
util-linux-2.41.1/lib/pager.c
util-linux-2.41.1/lib/pty-session.c
util-linux-2.41.1/lib/meson.build
util-linux-2.41.1/lib/md5.c
util-linux-2.41.1/lib/randutils.c
util-linux-2.41.1/lib/mbsalign.c
util-linux-2.41.1/lib/crc32.c
util-linux-2.41.1/lib/caputils.c
util-linux-2.41.1/lib/linux_version.c
util-linux-2.41.1/lib/colors.c
util-linux-2.41.1/lib/sha1.c
util-linux-2.41.1/lib/logindefs.c
util-linux-2.41.1/lib/strutils.c
util-linux-2.41.1/lib/signames.c
util-linux-2.41.1/lib/shells.c
util-linux-2.41.1/lib/env.c
util-linux-2.41.1/lib/pwdutils.c
util-linux-2.41.1/lib/monotonic.c
util-linux-2.41.1/lib/ismounted.c
util-linux-2.41.1/lib/procfs.c
util-linux-2.41.1/lib/path.c
util-linux-2.41.1/lib/mbsedit.c
util-linux-2.41.1/lib/fileutils.c
util-linux-2.41.1/lib/timer.c
util-linux-2.41.1/lib/idcache.c
util-linux-2.41.1/lib/crc32c.c
util-linux-2.41.1/lib/terminal-colors.d.5
util-linux-2.41.1/lib/c_strtod.c
util-linux-2.41.1/lib/buffer.c
util-linux-2.41.1/lib/fileeq.c
util-linux-2.41.1/lib/loopdev.c
util-linux-2.41.1/lib/swapprober.c
util-linux-2.41.1/lib/encode.c
util-linux-2.41.1/lib/xxhash.c
util-linux-2.41.1/lib/match.c
util-linux-2.41.1/lib/cpuset.c
util-linux-2.41.1/lib/blkdev.c
util-linux-2.41.1/lib/mangle.c
util-linux-2.41.1/lib/Makemodule.am
util-linux-2.41.1/lib/color-names.c
util-linux-2.41.1/lib/crc64.c
util-linux-2.41.1/lib/plymouth-ctrl.c
util-linux-2.41.1/lib/terminal-colors.d.5.adoc
util-linux-2.41.1/lib/ttyutils.c
util-linux-2.41.1/lib/sysfs.c
util-linux-2.41.1/lib/canonicalize.c
util-linux-2.41.1/lib/selinux-utils.c
util-linux-2.41.1/lib/jsonwrt.c
util-linux-2.41.1/lib/timeutils.c
util-linux-2.41.1/lib/exec_shell.c
util-linux-2.41.1/libuuid/
util-linux-2.41.1/libuuid/meson.build
util-linux-2.41.1/libuuid/uuid.pc.in
util-linux-2.41.1/libuuid/src/
util-linux-2.41.1/libuuid/src/unpack.c
util-linux-2.41.1/libuuid/src/uuid.h
util-linux-2.41.1/libuuid/src/isnull.c
util-linux-2.41.1/libuuid/src/test_uuid.c
util-linux-2.41.1/libuuid/src/uuidP.h
util-linux-2.41.1/libuuid/src/clear.c
util-linux-2.41.1/libuuid/src/gen_uuid.c
util-linux-2.41.1/libuuid/src/copy.c
util-linux-2.41.1/libuuid/src/predefined.c
util-linux-2.41.1/libuuid/src/libuuid.sym
util-linux-2.41.1/libuuid/src/compare.c
util-linux-2.41.1/libuuid/src/parse.c
util-linux-2.41.1/libuuid/src/Makemodule.am
util-linux-2.41.1/libuuid/src/pack.c
util-linux-2.41.1/libuuid/src/uuidd.h
util-linux-2.41.1/libuuid/src/unparse.c
util-linux-2.41.1/libuuid/src/uuid_time.c
util-linux-2.41.1/libuuid/man/
util-linux-2.41.1/libuuid/man/uuid_generate.3.adoc
util-linux-2.41.1/libuuid/man/uuid_is_null.3.adoc
util-linux-2.41.1/libuuid/man/uuid_clear.3.adoc
util-linux-2.41.1/libuuid/man/meson.build
util-linux-2.41.1/libuuid/man/uuid.3.adoc
util-linux-2.41.1/libuuid/man/uuid_unparse.3
util-linux-2.41.1/libuuid/man/uuid_compare.3.adoc
util-linux-2.41.1/libuuid/man/uuid_generate_time.3
util-linux-2.41.1/libuuid/man/uuid_time.3.adoc
util-linux-2.41.1/libuuid/man/uuid.3
util-linux-2.41.1/libuuid/man/uuid_copy.3
util-linux-2.41.1/libuuid/man/uuid_compare.3
util-linux-2.41.1/libuuid/man/uuid_copy.3.adoc
util-linux-2.41.1/libuuid/man/uuid_generate_random.3
util-linux-2.41.1/libuuid/man/uuid_is_null.3
util-linux-2.41.1/libuuid/man/uuid_unparse.3.adoc
util-linux-2.41.1/libuuid/man/uuid_parse.3
util-linux-2.41.1/libuuid/man/uuid_parse.3.adoc
util-linux-2.41.1/libuuid/man/uuid_time.3
util-linux-2.41.1/libuuid/man/uuid_generate_time_safe.3
util-linux-2.41.1/libuuid/man/Makemodule.am
util-linux-2.41.1/libuuid/man/uuid_generate.3
util-linux-2.41.1/libuuid/man/uuid_clear.3
util-linux-2.41.1/libuuid/Makemodule.am
util-linux-2.41.1/libuuid/COPYING
util-linux-2.41.1/autogen.sh
util-linux-2.41.1/configure
util-linux-2.41.1/pam_lastlog2/
util-linux-2.41.1/pam_lastlog2/meson.build
util-linux-2.41.1/pam_lastlog2/src/
util-linux-2.41.1/pam_lastlog2/src/pam_lastlog2.c
util-linux-2.41.1/pam_lastlog2/src/Makemodule.am
util-linux-2.41.1/pam_lastlog2/src/pam_lastlog2.sym
util-linux-2.41.1/pam_lastlog2/man/
util-linux-2.41.1/pam_lastlog2/man/meson.build
util-linux-2.41.1/pam_lastlog2/man/pam_lastlog2.8.adoc
util-linux-2.41.1/pam_lastlog2/man/Makemodule.am
util-linux-2.41.1/pam_lastlog2/man/pam_lastlog2.8
util-linux-2.41.1/pam_lastlog2/Makemodule.am
util-linux-2.41.1/pam_lastlog2/COPYING
util-linux-2.41.1/aclocal.m4
util-linux-2.41.1/NEWS
util-linux-2.41.1/meson_options.txt
util-linux-2.41.1/sys-utils/
util-linux-2.41.1/sys-utils/adjtime_config.5
util-linux-2.41.1/sys-utils/fallocate.1.adoc
util-linux-2.41.1/sys-utils/irq-common.h
util-linux-2.41.1/sys-utils/lscpu-arm.c
util-linux-2.41.1/sys-utils/setpriv.1
util-linux-2.41.1/sys-utils/fsfreeze.8
util-linux-2.41.1/sys-utils/ipcmk.c
util-linux-2.41.1/sys-utils/ldattach.8.adoc
util-linux-2.41.1/sys-utils/swapon.8.adoc
util-linux-2.41.1/sys-utils/pivot_root.8
util-linux-2.41.1/sys-utils/losetup.8.adoc
util-linux-2.41.1/sys-utils/adjtime_config.5.adoc
util-linux-2.41.1/sys-utils/blkpr.8.adoc
util-linux-2.41.1/sys-utils/meson.build
util-linux-2.41.1/sys-utils/ipcs.1
util-linux-2.41.1/sys-utils/fstrim.8.adoc
util-linux-2.41.1/sys-utils/setsid.1
util-linux-2.41.1/sys-utils/chcpu.8.adoc
util-linux-2.41.1/sys-utils/lsirq.c
util-linux-2.41.1/sys-utils/hwclock.h
util-linux-2.41.1/sys-utils/blkzone.c
util-linux-2.41.1/sys-utils/eject.1.adoc
util-linux-2.41.1/sys-utils/ipcs.c
util-linux-2.41.1/sys-utils/rfkill.c
util-linux-2.41.1/sys-utils/hwclock.8
util-linux-2.41.1/sys-utils/ldattach.8
util-linux-2.41.1/sys-utils/lscpu-cputype.c
util-linux-2.41.1/sys-utils/chcpu.8
util-linux-2.41.1/sys-utils/choom.1.adoc
util-linux-2.41.1/sys-utils/blkdiscard.c
util-linux-2.41.1/sys-utils/flock.1
util-linux-2.41.1/sys-utils/nsenter.c
util-linux-2.41.1/sys-utils/fstab.5.adoc
util-linux-2.41.1/sys-utils/irqtop.1.adoc
util-linux-2.41.1/sys-utils/lsns.8.adoc
util-linux-2.41.1/sys-utils/pivot_root.8.adoc
util-linux-2.41.1/sys-utils/setsid.1.adoc
util-linux-2.41.1/sys-utils/flock.1.adoc
util-linux-2.41.1/sys-utils/switch_root.8.adoc
util-linux-2.41.1/sys-utils/fallocate.1
util-linux-2.41.1/sys-utils/swapon.c
util-linux-2.41.1/sys-utils/switch_root.c
util-linux-2.41.1/sys-utils/readprofile.8.adoc
util-linux-2.41.1/sys-utils/hwclock-parse-date.y
util-linux-2.41.1/sys-utils/ipcs.1.adoc
util-linux-2.41.1/sys-utils/losetup.c
util-linux-2.41.1/sys-utils/umount.c
util-linux-2.41.1/sys-utils/ctrlaltdel.8.adoc
util-linux-2.41.1/sys-utils/eject.1
util-linux-2.41.1/sys-utils/umount.8.adoc
util-linux-2.41.1/sys-utils/ctrlaltdel.8
util-linux-2.41.1/sys-utils/fstrim.service.in
util-linux-2.41.1/sys-utils/ipcutils.c
util-linux-2.41.1/sys-utils/fallocate.c
util-linux-2.41.1/sys-utils/ldattach.c
util-linux-2.41.1/sys-utils/switch_root.8
util-linux-2.41.1/sys-utils/setsid.c
util-linux-2.41.1/sys-utils/tunelp.8
util-linux-2.41.1/sys-utils/flock.c
util-linux-2.41.1/sys-utils/unshare.1
util-linux-2.41.1/sys-utils/zramctl.c
util-linux-2.41.1/sys-utils/fsfreeze.c
util-linux-2.41.1/sys-utils/ipcrm.1.adoc
util-linux-2.41.1/sys-utils/choom.c
util-linux-2.41.1/sys-utils/lsns.8
util-linux-2.41.1/sys-utils/lscpu.1.adoc
util-linux-2.41.1/sys-utils/ipcrm.c
util-linux-2.41.1/sys-utils/renice.c
util-linux-2.41.1/sys-utils/setpgid.1.adoc
util-linux-2.41.1/sys-utils/blkzone.8
util-linux-2.41.1/sys-utils/nsenter.1
util-linux-2.41.1/sys-utils/chmem.8
util-linux-2.41.1/sys-utils/rtcwake.8
util-linux-2.41.1/sys-utils/fstrim.timer
util-linux-2.41.1/sys-utils/lscpu.c
util-linux-2.41.1/sys-utils/nsenter.1.adoc
util-linux-2.41.1/sys-utils/setarch.8
util-linux-2.41.1/sys-utils/zramctl.8
util-linux-2.41.1/sys-utils/swapon.8
util-linux-2.41.1/sys-utils/mountpoint.1
util-linux-2.41.1/sys-utils/hwclock-parse-date.c
util-linux-2.41.1/sys-utils/setpgid.1
util-linux-2.41.1/sys-utils/dmesg.c
util-linux-2.41.1/sys-utils/chcpu.c
util-linux-2.41.1/sys-utils/lsirq.1.adoc
util-linux-2.41.1/sys-utils/prlimit.1.adoc
util-linux-2.41.1/sys-utils/readprofile.c
util-linux-2.41.1/sys-utils/setpriv-landlock.h
util-linux-2.41.1/sys-utils/chmem.c
util-linux-2.41.1/sys-utils/unshare.c
util-linux-2.41.1/sys-utils/swapon-common.c
util-linux-2.41.1/sys-utils/hwclock-cmos.c
util-linux-2.41.1/sys-utils/ipcmk.1.adoc
util-linux-2.41.1/sys-utils/lscpu.1
util-linux-2.41.1/sys-utils/prlimit.c
util-linux-2.41.1/sys-utils/dmesg.1
util-linux-2.41.1/sys-utils/irq-common.c
util-linux-2.41.1/sys-utils/umount.8
util-linux-2.41.1/sys-utils/mountpoint.c
util-linux-2.41.1/sys-utils/fstab.5
util-linux-2.41.1/sys-utils/choom.1
util-linux-2.41.1/sys-utils/lsipc.c
util-linux-2.41.1/sys-utils/swapoff.8
util-linux-2.41.1/sys-utils/hwclock.c
util-linux-2.41.1/sys-utils/lsmem.c
util-linux-2.41.1/sys-utils/dmesg.1.adoc
util-linux-2.41.1/sys-utils/swapoff.c
util-linux-2.41.1/sys-utils/setpriv.1.adoc
util-linux-2.41.1/sys-utils/mount.c
util-linux-2.41.1/sys-utils/mountpoint.1.adoc
util-linux-2.41.1/sys-utils/setarch.c
util-linux-2.41.1/sys-utils/renice.1
util-linux-2.41.1/sys-utils/tunelp.8.adoc
util-linux-2.41.1/sys-utils/rtcwake.c
util-linux-2.41.1/sys-utils/wdctl.8.adoc
util-linux-2.41.1/sys-utils/lsipc.1
util-linux-2.41.1/sys-utils/lscpu-topology.c
util-linux-2.41.1/sys-utils/rtcwake.8.adoc
util-linux-2.41.1/sys-utils/lscpu-cpu.c
util-linux-2.41.1/sys-utils/mount.8.adoc
util-linux-2.41.1/sys-utils/fstrim.c
util-linux-2.41.1/sys-utils/blkpr.c
util-linux-2.41.1/sys-utils/hwclock-rtc.c
util-linux-2.41.1/sys-utils/lscpu.h
util-linux-2.41.1/sys-utils/irqtop.c
util-linux-2.41.1/sys-utils/lsipc.1.adoc
util-linux-2.41.1/sys-utils/ipcutils.h
util-linux-2.41.1/sys-utils/mount.8
util-linux-2.41.1/sys-utils/zramctl.8.adoc
util-linux-2.41.1/sys-utils/losetup.8
util-linux-2.41.1/sys-utils/Makemodule.am
util-linux-2.41.1/sys-utils/chmem.8.adoc
util-linux-2.41.1/sys-utils/setarch.8.adoc
util-linux-2.41.1/sys-utils/rfkill.8
util-linux-2.41.1/sys-utils/lsmem.1.adoc
util-linux-2.41.1/sys-utils/wdctl.8
util-linux-2.41.1/sys-utils/setpriv-landlock.c
util-linux-2.41.1/sys-utils/ipcmk.1
util-linux-2.41.1/sys-utils/tunelp.c
util-linux-2.41.1/sys-utils/prlimit.1
util-linux-2.41.1/sys-utils/lsirq.1
util-linux-2.41.1/sys-utils/lscpu-dmi.c
util-linux-2.41.1/sys-utils/irqtop.1
util-linux-2.41.1/sys-utils/ipcrm.1
util-linux-2.41.1/sys-utils/blkpr.8
util-linux-2.41.1/sys-utils/ctrlaltdel.c
util-linux-2.41.1/sys-utils/wdctl.c
util-linux-2.41.1/sys-utils/swapon-common.h
util-linux-2.41.1/sys-utils/setpgid.c
util-linux-2.41.1/sys-utils/setpriv.c
util-linux-2.41.1/sys-utils/blkdiscard.8
util-linux-2.41.1/sys-utils/fsfreeze.8.adoc
util-linux-2.41.1/sys-utils/lsmem.1
util-linux-2.41.1/sys-utils/blkdiscard.8.adoc
util-linux-2.41.1/sys-utils/hwclock.8.adoc
util-linux-2.41.1/sys-utils/renice.1.adoc
util-linux-2.41.1/sys-utils/eject.c
util-linux-2.41.1/sys-utils/lscpu-virt.c
util-linux-2.41.1/sys-utils/pivot_root.c
util-linux-2.41.1/sys-utils/blkzone.8.adoc
util-linux-2.41.1/sys-utils/fstrim.8
util-linux-2.41.1/sys-utils/lsns.c
util-linux-2.41.1/sys-utils/rfkill.8.adoc
util-linux-2.41.1/sys-utils/unshare.1.adoc
util-linux-2.41.1/sys-utils/readprofile.8
util-linux-2.41.1/config.h.in
util-linux-2.41.1/ABOUT-NLS
util-linux-2.41.1/libfdisk/
util-linux-2.41.1/libfdisk/meson.build
util-linux-2.41.1/libfdisk/fdisk.pc.in
util-linux-2.41.1/libfdisk/src/
util-linux-2.41.1/libfdisk/src/init.c
util-linux-2.41.1/libfdisk/src/table.c
util-linux-2.41.1/libfdisk/src/field.c
util-linux-2.41.1/libfdisk/src/alignment.c
util-linux-2.41.1/libfdisk/src/test.c
util-linux-2.41.1/libfdisk/src/bsd.c
util-linux-2.41.1/libfdisk/src/version.c
util-linux-2.41.1/libfdisk/src/gpt.c
util-linux-2.41.1/libfdisk/src/dos.c
util-linux-2.41.1/libfdisk/src/libfdisk.h.in
util-linux-2.41.1/libfdisk/src/ask.c
util-linux-2.41.1/libfdisk/src/utils.c
util-linux-2.41.1/libfdisk/src/label.c
util-linux-2.41.1/libfdisk/src/script.c
util-linux-2.41.1/libfdisk/src/context.c
util-linux-2.41.1/libfdisk/src/parttype.c
util-linux-2.41.1/libfdisk/src/iter.c
util-linux-2.41.1/libfdisk/src/sgi.c
util-linux-2.41.1/libfdisk/src/libfdisk.sym
util-linux-2.41.1/libfdisk/src/fdiskP.h
util-linux-2.41.1/libfdisk/src/partition.c
util-linux-2.41.1/libfdisk/src/Makemodule.am
util-linux-2.41.1/libfdisk/src/sun.c
util-linux-2.41.1/libfdisk/src/item.c
util-linux-2.41.1/libfdisk/src/wipe.c
util-linux-2.41.1/libfdisk/samples/
util-linux-2.41.1/libfdisk/samples/mkpart.c
util-linux-2.41.1/libfdisk/samples/Makemodule.am
util-linux-2.41.1/libfdisk/samples/mkpart-fullspec.c
util-linux-2.41.1/libfdisk/Makemodule.am
util-linux-2.41.1/libfdisk/COPYING
util-linux-2.41.1/libfdisk/docs/
util-linux-2.41.1/libfdisk/docs/Makefile.am
util-linux-2.41.1/libfdisk/docs/libfdisk-docs.xml
util-linux-2.41.1/libfdisk/docs/libfdisk-sections.txt
util-linux-2.41.1/libfdisk/docs/version.xml.in
util-linux-2.41.1/libfdisk/docs/Makefile.in
util-linux-2.41.1/libfdisk/docs/version.xml
util-linux-2.41.1/term-utils/
util-linux-2.41.1/term-utils/scriptlive.1.adoc
util-linux-2.41.1/term-utils/meson.build
util-linux-2.41.1/term-utils/write.1.adoc
util-linux-2.41.1/term-utils/script.1
util-linux-2.41.1/term-utils/mesg.1.adoc
util-linux-2.41.1/term-utils/ttymsg.c
util-linux-2.41.1/term-utils/script-playutils.c
util-linux-2.41.1/term-utils/write.1
util-linux-2.41.1/term-utils/setterm.1
util-linux-2.41.1/term-utils/scriptreplay.1.adoc
util-linux-2.41.1/term-utils/agetty.c
util-linux-2.41.1/term-utils/scriptlive.c
util-linux-2.41.1/term-utils/setterm.1.adoc
util-linux-2.41.1/term-utils/write.c
util-linux-2.41.1/term-utils/wall.c
util-linux-2.41.1/term-utils/wall.1
util-linux-2.41.1/term-utils/script.1.adoc
util-linux-2.41.1/term-utils/script.c
util-linux-2.41.1/term-utils/setterm.c
util-linux-2.41.1/term-utils/scriptreplay.c
util-linux-2.41.1/term-utils/agetty.8
util-linux-2.41.1/term-utils/script-playutils.h
util-linux-2.41.1/term-utils/mesg.1
util-linux-2.41.1/term-utils/ttymsg.h
util-linux-2.41.1/term-utils/Makemodule.am
util-linux-2.41.1/term-utils/mesg.c
util-linux-2.41.1/term-utils/scriptlive.1
util-linux-2.41.1/term-utils/agetty.8.adoc
util-linux-2.41.1/term-utils/scriptreplay.1
util-linux-2.41.1/term-utils/wall.1.adoc
util-linux-2.41.1/Makefile.in
util-linux-2.41.1/tests/
util-linux-2.41.1/tests/commands.sh
util-linux-2.41.1/tests/functions.sh
util-linux-2.41.1/tests/expected/
util-linux-2.41.1/tests/expected/fincore/
util-linux-2.41.1/tests/expected/fincore/count.65536
util-linux-2.41.1/tests/expected/fincore/count.err.nosize
util-linux-2.41.1/tests/expected/fincore/count.nosize
util-linux-2.41.1/tests/expected/fincore/count.err.4096
util-linux-2.41.1/tests/expected/fincore/count.err.65536
util-linux-2.41.1/tests/expected/fincore/count.4096
util-linux-2.41.1/tests/expected/eject/
util-linux-2.41.1/tests/expected/eject/umount-by-disk-mounted-partition
util-linux-2.41.1/tests/expected/eject/umount-by-disk-mounted
util-linux-2.41.1/tests/expected/eject/umount-by-partition
util-linux-2.41.1/tests/expected/eject/umount-by-partition-mounted
util-linux-2.41.1/tests/expected/eject/umount-by-disk
util-linux-2.41.1/tests/expected/libmount/
util-linux-2.41.1/tests/expected/libmount/optlist-append-value
util-linux-2.41.1/tests/expected/libmount/context-utab-py-umount-by-devname
util-linux-2.41.1/tests/expected/libmount/loop
util-linux-2.41.1/tests/expected/libmount/debug-set-from-code
util-linux-2.41.1/tests/expected/libmount/tabfiles-tags-fstab-label2uuid
util-linux-2.41.1/tests/expected/libmount/optstr-deduplicate
util-linux-2.41.1/tests/expected/libmount/loop-conflict
util-linux-2.41.1/tests/expected/libmount/tabfiles-py-find-target
util-linux-2.41.1/tests/expected/libmount/context-utab-umount-subvol
util-linux-2.41.1/tests/expected/libmount/update-mtab-move
util-linux-2.41.1/tests/expected/libmount/utils-match-options-list
util-linux-2.41.1/tests/expected/libmount/context-py
util-linux-2.41.1/tests/expected/libmount/optlist-append
util-linux-2.41.1/tests/expected/libmount/tabfiles-parse-mtab
util-linux-2.41.1/tests/expected/libmount/update-fstab-replace
util-linux-2.41.1/tests/expected/libmount/tabfiles-find-pair
util-linux-2.41.1/tests/expected/libmount/optstr-set-new-end-empty
util-linux-2.41.1/tests/expected/libmount/context-mount-by-label
util-linux-2.41.1/tests/expected/libmount/optstr-set-large
util-linux-2.41.1/tests/expected/libmount/tabfiles-py-find-target2
util-linux-2.41.1/tests/expected/libmount/debug-set-from-env-str
util-linux-2.41.1/tests/expected/libmount/optstr-get-value
util-linux-2.41.1/tests/expected/libmount/update-utab-move
util-linux-2.41.1/tests/expected/libmount/optlist-get-str
util-linux-2.41.1/tests/expected/libmount/utils-match-fstype-neg
util-linux-2.41.1/tests/expected/libmount/optlist-prepend-list
util-linux-2.41.1/tests/expected/libmount/optstr-deduplicate-empty
util-linux-2.41.1/tests/expected/libmount/optstr-apply-user-large-X
util-linux-2.41.1/tests/expected/libmount/optlist-get-str-linux
util-linux-2.41.1/tests/expected/libmount/optlist-prepend
util-linux-2.41.1/tests/expected/libmount/tabfiles-find-target
util-linux-2.41.1/tests/expected/libmount/tabfiles-find-source
util-linux-2.41.1/tests/expected/libmount/context-py-x-mount.mkdir
util-linux-2.41.1/tests/expected/libmount/context-mount-flags
util-linux-2.41.1/tests/expected/libmount/context-mount-by-uuid
util-linux-2.41.1/tests/expected/libmount/tabfiles-tags-fstab-dev
util-linux-2.41.1/tests/expected/libmount/utils-kernel-cmdline
util-linux-2.41.1/tests/expected/libmount/context-utab-mount-uhelper-subvol
util-linux-2.41.1/tests/expected/libmount/context-mount-loopdev
util-linux-2.41.1/tests/expected/libmount/update-mtab-remount
util-linux-2.41.1/tests/expected/libmount/loop-o-loop-val-conflict
util-linux-2.41.1/tests/expected/libmount/tabfiles-find-fs
util-linux-2.41.1/tests/expected/libmount/optstr-prepend-value
util-linux-2.41.1/tests/expected/libmount/update-mtab-umount
util-linux-2.41.1/tests/expected/libmount/loop-explicit-rw
util-linux-2.41.1/tests/expected/libmount/tabfiles-copy
util-linux-2.41.1/tests/expected/libmount/tabfiles-py-parse-fstab-broken
util-linux-2.41.1/tests/expected/libmount/update-utab-mount
util-linux-2.41.1/tests/expected/libmount/optstr-apply-linux
util-linux-2.41.1/tests/expected/libmount/optlist-set-remove
util-linux-2.41.1/tests/expected/libmount/optstr-set-empty
util-linux-2.41.1/tests/expected/libmount/tabfiles-parse-mountinfo-nosrc
util-linux-2.41.1/tests/expected/libmount/tabfiles-py-parse-mtab
util-linux-2.41.1/tests/expected/libmount/utils-match-options-neg-list2
util-linux-2.41.1/tests/expected/libmount/context-utab-py
util-linux-2.41.1/tests/expected/libmount/optlist-set-new-end-empty
util-linux-2.41.1/tests/expected/libmount/tabdiff-umount
util-linux-2.41.1/tests/expected/libmount/optlist-append-empty-value
util-linux-2.41.1/tests/expected/libmount/context-mount-by-devname
util-linux-2.41.1/tests/expected/libmount/debug-set-from-env-int
util-linux-2.41.1/tests/expected/libmount/context-utab-py-mount-uhelper
util-linux-2.41.1/tests/expected/libmount/loop-overlay
util-linux-2.41.1/tests/expected/libmount/loop-dev-loop
util-linux-2.41.1/tests/expected/libmount/context-utab-umount
util-linux-2.41.1/tests/expected/libmount/tabfiles-tags-py-fstab-dev
util-linux-2.41.1/tests/expected/libmount/context-utab
util-linux-2.41.1/tests/expected/libmount/tabfiles-parse-fstab
util-linux-2.41.1/tests/expected/libmount/utils-match-fstype
util-linux-2.41.1/tests/expected/libmount/utils-match-fstype-neg2
util-linux-2.41.1/tests/expected/libmount/context-utab-mount-uhelper
util-linux-2.41.1/tests/expected/libmount/optstr-split
util-linux-2.41.1/tests/expected/libmount/loop-reuse
util-linux-2.41.1/tests/expected/libmount/optlist-get-flg-linux
util-linux-2.41.1/tests/expected/libmount/tabfiles-parse-mountinfo
util-linux-2.41.1/tests/expected/libmount/loop-file-o-loop
util-linux-2.41.1/tests/expected/libmount/optstr-set-new
util-linux-2.41.1/tests/expected/libmount/optstr-remove-value
util-linux-2.41.1/tests/expected/libmount/optstr-apply-user
util-linux-2.41.1/tests/expected/libmount/tabfiles-py-parse-fstab-full
util-linux-2.41.1/tests/expected/libmount/utils-starts-with
util-linux-2.41.1/tests/expected/libmount/tabdiff-mount
util-linux-2.41.1/tests/expected/libmount/context-py-mount-by-label
util-linux-2.41.1/tests/expected/libmount/tabdiff-remount
util-linux-2.41.1/tests/expected/libmount/context-x-permanent
util-linux-2.41.1/tests/expected/libmount/lock
util-linux-2.41.1/tests/expected/libmount/utils-ends-with
util-linux-2.41.1/tests/expected/libmount/tabfiles-parse-fstab-full
util-linux-2.41.1/tests/expected/libmount/tabfiles-tags-py-fstab-dev2label
util-linux-2.41.1/tests/expected/libmount/optlist-get-value
util-linux-2.41.1/tests/expected/libmount/tabfiles-parse-swaps
util-linux-2.41.1/tests/expected/libmount/tabfiles-tags-py-fstab-label2dev
util-linux-2.41.1/tests/expected/libmount/optlist-remove-empty-value
util-linux-2.41.1/tests/expected/libmount/optstr-set-new-end
util-linux-2.41.1/tests/expected/libmount/update-py-fstab-replace
util-linux-2.41.1/tests/expected/libmount/optstr-remove-empty-value
util-linux-2.41.1/tests/expected/libmount/optstr-apply-user-small-x
util-linux-2.41.1/tests/expected/libmount/context-umount-by-mountpoint
util-linux-2.41.1/tests/expected/libmount/context-utab-umount-by-devname
util-linux-2.41.1/tests/expected/libmount/tabfiles-tags-py-fstab-label2uuid
util-linux-2.41.1/tests/expected/libmount/tabfiles-tags-py-fstab-uuid
util-linux-2.41.1/tests/expected/libmount/update-fstab-add
util-linux-2.41.1/tests/expected/libmount/loop-file
util-linux-2.41.1/tests/expected/libmount/optlist-remove
util-linux-2.41.1/tests/expected/libmount/context-py-mount-by-devname
util-linux-2.41.1/tests/expected/libmount/context-py-umount-by-devname
util-linux-2.41.1/tests/expected/libmount/context-utab-py-mount-uhelper-subvol
util-linux-2.41.1/tests/expected/libmount/optstr-match
util-linux-2.41.1/tests/expected/libmount/optlist-get-str-user
util-linux-2.41.1/tests/expected/libmount/optstr-remove
util-linux-2.41.1/tests/expected/libmount/tabfiles-find-target2
util-linux-2.41.1/tests/expected/libmount/optlist-set-new
util-linux-2.41.1/tests/expected/libmount/optlist-set-large
util-linux-2.41.1/tests/expected/libmount/tabfiles-py-find-source
util-linux-2.41.1/tests/expected/libmount/optstr-append-empty-value
util-linux-2.41.1/tests/expected/libmount/optlist-set-new-end
util-linux-2.41.1/tests/expected/libmount/context-py-mount-loopdev
util-linux-2.41.1/tests/expected/libmount/optlist-remove-value
util-linux-2.41.1/tests/expected/libmount/optstr-append
util-linux-2.41.1/tests/expected/libmount/tabfiles-py-copy
util-linux-2.41.1/tests/expected/libmount/tabfiles-tags-fstab-dev2label
util-linux-2.41.1/tests/expected/libmount/tabfiles-find-target3
util-linux-2.41.1/tests/expected/libmount/optstr-set-remove
util-linux-2.41.1/tests/expected/libmount/optlist-prepend-value
util-linux-2.41.1/tests/expected/libmount/optstr-prepend-empty-value
util-linux-2.41.1/tests/expected/libmount/optlist-get
util-linux-2.41.1/tests/expected/libmount/optstr-apply-user-Xx
util-linux-2.41.1/tests/expected/libmount/optlist-get-flg-user
util-linux-2.41.1/tests/expected/libmount/tabfiles-tags-fstab-label
util-linux-2.41.1/tests/expected/libmount/optstr-append-value
util-linux-2.41.1/tests/expected/libmount/context-utab-py-umount
util-linux-2.41.1/tests/expected/libmount/utils-mountpoint-root
util-linux-2.41.1/tests/expected/libmount/utils-mountpoint
util-linux-2.41.1/tests/expected/libmount/optlist-set-new-empty
util-linux-2.41.1/tests/expected/libmount/context-X-comment
util-linux-2.41.1/tests/expected/libmount/optstr-set-small
util-linux-2.41.1/tests/expected/libmount/optlist-remove-quoted
util-linux-2.41.1/tests/expected/libmount/tabfiles-py-find-pair
util-linux-2.41.1/tests/expected/libmount/context-utab-py-mount-by-devname
util-linux-2.41.1/tests/expected/libmount/tabfiles-py-find-target3
util-linux-2.41.1/tests/expected/libmount/context
util-linux-2.41.1/tests/expected/libmount/tabfiles-tags-fstab-label2dev
util-linux-2.41.1/tests/expected/libmount/tabfiles-parse-fstab-broken
util-linux-2.41.1/tests/expected/libmount/update-utab-remount
util-linux-2.41.1/tests/expected/libmount/optlist-set
util-linux-2.41.1/tests/expected/libmount/tabfiles-tags-py-fstab-label
util-linux-2.41.1/tests/expected/libmount/optstr-remove-quoted
util-linux-2.41.1/tests/expected/libmount/tabfiles-py-parse-fstab
util-linux-2.41.1/tests/expected/libmount/context-py-umount-by-mountpoint
util-linux-2.41.1/tests/expected/libmount/optlist-set-empty
util-linux-2.41.1/tests/expected/libmount/loop-o-loop-val
util-linux-2.41.1/tests/expected/libmount/context-utab-mount-by-devname
util-linux-2.41.1/tests/expected/libmount/tabfiles-py-parse-mountinfo
util-linux-2.41.1/tests/expected/libmount/utils-match-options
util-linux-2.41.1/tests/expected/libmount/optlist-prepend-empty-value
util-linux-2.41.1/tests/expected/libmount/utils-match-options-neg-list
util-linux-2.41.1/tests/expected/libmount/utils-mountpoint-subdir
util-linux-2.41.1/tests/expected/libmount/tabfiles-tags-fstab-uuid
util-linux-2.41.1/tests/expected/libmount/optlist-set-small
util-linux-2.41.1/tests/expected/libmount/utils-match-options-neg
util-linux-2.41.1/tests/expected/libmount/optstr-prepend
util-linux-2.41.1/tests/expected/libmount/optstr-flags
util-linux-2.41.1/tests/expected/libmount/context-umount-by-devname
util-linux-2.41.1/tests/expected/libmount/context-py-mount-by-uuid
util-linux-2.41.1/tests/expected/libmount/optstr-prepend-list
util-linux-2.41.1/tests/expected/libmount/context-py-mount-flags
util-linux-2.41.1/tests/expected/libmount/optstr-get
util-linux-2.41.1/tests/expected/libmount/context-utab-py-umount-subvol
util-linux-2.41.1/tests/expected/libmount/loop-o-loop-val-initialized
util-linux-2.41.1/tests/expected/libmount/update-utab-umount
util-linux-2.41.1/tests/expected/libmount/optstr-set-new-empty
util-linux-2.41.1/tests/expected/libmount/tabdiff-move
util-linux-2.41.1/tests/expected/libmount/update-mtab-mount
util-linux-2.41.1/tests/expected/build-sys/
util-linux-2.41.1/tests/expected/build-sys/config-non-nls
util-linux-2.41.1/tests/expected/build-sys/config-non-libblkid
util-linux-2.41.1/tests/expected/build-sys/config-slang
util-linux-2.41.1/tests/expected/build-sys/config-chfnsh-pam
util-linux-2.41.1/tests/expected/build-sys/config-cryptsetup
util-linux-2.41.1/tests/expected/build-sys/config-devel-non-asan
util-linux-2.41.1/tests/expected/build-sys/config-devel-non-docs
util-linux-2.41.1/tests/expected/build-sys/config-chfnsh-no-password
util-linux-2.41.1/tests/expected/build-sys/config-enable-schedutils
util-linux-2.41.1/tests/expected/build-sys/config-chfnsh-libuser
util-linux-2.41.1/tests/expected/build-sys/config-non-widechar
util-linux-2.41.1/tests/expected/build-sys/config-selinux
util-linux-2.41.1/tests/expected/build-sys/config-all-devel
util-linux-2.41.1/tests/expected/build-sys/config-devel
util-linux-2.41.1/tests/expected/build-sys/config-audit
util-linux-2.41.1/tests/expected/build-sys/config-core
util-linux-2.41.1/tests/expected/build-sys/config-non-libsmartcols
util-linux-2.41.1/tests/expected/build-sys/config-non-libs
util-linux-2.41.1/tests/expected/build-sys/config-all-non-nls
util-linux-2.41.1/tests/expected/build-sys/config-non-libuuid
util-linux-2.41.1/tests/expected/build-sys/config-all
util-linux-2.41.1/tests/expected/build-sys/config-devel-new-mount
util-linux-2.41.1/tests/expected/build-sys/config-disable-all
util-linux-2.41.1/tests/expected/build-sys/config-non-libmount
util-linux-2.41.1/tests/expected/build-sys/config-fuzz
util-linux-2.41.1/tests/expected/build-sys/config-static
util-linux-2.41.1/tests/expected/getopt/
util-linux-2.41.1/tests/expected/getopt/options-quiet_output_option_short.err
util-linux-2.41.1/tests/expected/getopt/options-alternative_option_long
util-linux-2.41.1/tests/expected/getopt/options-weird_quoting_tcsh.err
util-linux-2.41.1/tests/expected/getopt/options-unquoted_option_tcsh.err
util-linux-2.41.1/tests/expected/getopt/options-quiet_output_option_short
util-linux-2.41.1/tests/expected/getopt/options-sh.err
util-linux-2.41.1/tests/expected/getopt/options.err
util-linux-2.41.1/tests/expected/getopt/options-weird_quoting_bash.err
util-linux-2.41.1/tests/expected/getopt/options-csh.err
util-linux-2.41.1/tests/expected/getopt/options-same_long_short_options
util-linux-2.41.1/tests/expected/getopt/options-sh
util-linux-2.41.1/tests/expected/getopt/options-invocation_model_three_as_one
util-linux-2.41.1/tests/expected/getopt/options-posix_correctly
util-linux-2.41.1/tests/expected/getopt/options-unquoted_option_bash.err
util-linux-2.41.1/tests/expected/getopt/options-unknown_options.err
util-linux-2.41.1/tests/expected/getopt/options-weird_quoting_bash
util-linux-2.41.1/tests/expected/getopt/options-quiet_option_short.err
util-linux-2.41.1/tests/expected/getopt/options-non-option
util-linux-2.41.1/tests/expected/getopt/options-unknown_options
util-linux-2.41.1/tests/expected/getopt/options-csh
util-linux-2.41.1/tests/expected/getopt/options-posix_correctly.err
util-linux-2.41.1/tests/expected/getopt/options-quiet_option_long
util-linux-2.41.1/tests/expected/getopt/basic.err
util-linux-2.41.1/tests/expected/getopt/basic
util-linux-2.41.1/tests/expected/getopt/options-invocation_model_one.err
util-linux-2.41.1/tests/expected/getopt/options-no-arguments
util-linux-2.41.1/tests/expected/getopt/options-invocation_without_parameters
util-linux-2.41.1/tests/expected/getopt/options-test_for_enhanced_getopt.err
util-linux-2.41.1/tests/expected/getopt/options-invocation_model_two_as_one.err
util-linux-2.41.1/tests/expected/getopt/options-longopts
util-linux-2.41.1/tests/expected/getopt/options-alternative_option_short.err
util-linux-2.41.1/tests/expected/getopt/options-invocation_model_one
util-linux-2.41.1/tests/expected/getopt/options-compatible.err
util-linux-2.41.1/tests/expected/getopt/options-no-arguments.err
util-linux-2.41.1/tests/expected/getopt/options-non-option.err
util-linux-2.41.1/tests/expected/getopt/options-name_option_long.err
util-linux-2.41.1/tests/expected/getopt/options-unquoted_option_bash
util-linux-2.41.1/tests/expected/getopt/options-invocation_without_parameters.err
util-linux-2.41.1/tests/expected/getopt/options-quiet_output_option_long.err
util-linux-2.41.1/tests/expected/getopt/options-test_for_enhanced_getopt
util-linux-2.41.1/tests/expected/getopt/options-alternative_option_long.err
util-linux-2.41.1/tests/expected/getopt/options-weird_quoting_tcsh
util-linux-2.41.1/tests/expected/getopt/options-quiet_option_short
util-linux-2.41.1/tests/expected/getopt/options-unquoted_option_tcsh
util-linux-2.41.1/tests/expected/getopt/options-alternative_option_short
util-linux-2.41.1/tests/expected/getopt/options-quiet_output_option_long
util-linux-2.41.1/tests/expected/getopt/options-invalid_getopt_option.err
util-linux-2.41.1/tests/expected/getopt/options-same_long_short_options.err
util-linux-2.41.1/tests/expected/getopt/options-alternative_option_clash.err
util-linux-2.41.1/tests/expected/getopt/options-name_option_short
util-linux-2.41.1/tests/expected/getopt/options-invocation_model_two_as_one
util-linux-2.41.1/tests/expected/getopt/options-quiet_option_long.err
util-linux-2.41.1/tests/expected/getopt/options-compatible
util-linux-2.41.1/tests/expected/getopt/options-alternative_option_clash
util-linux-2.41.1/tests/expected/getopt/options-invalid_getopt_option
util-linux-2.41.1/tests/expected/getopt/options-long_option_ambiguous_1
util-linux-2.41.1/tests/expected/getopt/options-name_option_long
util-linux-2.41.1/tests/expected/getopt/options-long_option_ambiguous_1.err
util-linux-2.41.1/tests/expected/getopt/options-name_option_short.err
util-linux-2.41.1/tests/expected/getopt/options-invocation_model_three_as_one.err
util-linux-2.41.1/tests/expected/getopt/options-longopts.err
util-linux-2.41.1/tests/expected/schedutils/
util-linux-2.41.1/tests/expected/schedutils/chrt-other
util-linux-2.41.1/tests/expected/schedutils/coresched-copy-from-child-to-parent
util-linux-2.41.1/tests/expected/schedutils/chrt
util-linux-2.41.1/tests/expected/schedutils/coresched-get-cookie-own-pid
util-linux-2.41.1/tests/expected/schedutils/cpuset
util-linux-2.41.1/tests/expected/schedutils/chrt-batch-custom-slice
util-linux-2.41.1/tests/expected/schedutils/chrt-rr
util-linux-2.41.1/tests/expected/schedutils/chrt-batch
util-linux-2.41.1/tests/expected/schedutils/coresched-set-cookie-parent-pid.err
util-linux-2.41.1/tests/expected/schedutils/set-cookie-parent-pid
util-linux-2.41.1/tests/expected/schedutils/chrt-idle
util-linux-2.41.1/tests/expected/schedutils/coresched-copy-from-parent-to-nested-child
util-linux-2.41.1/tests/expected/schedutils/coresched-new-child-with-new-cookie
util-linux-2.41.1/tests/expected/schedutils/chrt-non-root-batch-vs-nice
util-linux-2.41.1/tests/expected/schedutils/coresched-get-cookie-parent-pid
util-linux-2.41.1/tests/expected/schedutils/chrt-deadline
util-linux-2.41.1/tests/expected/schedutils/chrt-fifo
util-linux-2.41.1/tests/expected/schedutils/chrt-other-custom-slice
util-linux-2.41.1/tests/expected/exch/
util-linux-2.41.1/tests/expected/exch/exch
util-linux-2.41.1/tests/expected/namei/
util-linux-2.41.1/tests/expected/namei/logic
util-linux-2.41.1/tests/expected/colrm/
util-linux-2.41.1/tests/expected/colrm/rm2-2
util-linux-2.41.1/tests/expected/sha1/
util-linux-2.41.1/tests/expected/sha1/sha1
util-linux-2.41.1/tests/expected/ul/
util-linux-2.41.1/tests/expected/ul/basic-filter-input
util-linux-2.41.1/tests/expected/ul/ul
util-linux-2.41.1/tests/expected/ul/basic-indicated
util-linux-2.41.1/tests/expected/ul/basic
util-linux-2.41.1/tests/expected/ul/basic-printable-characters
util-linux-2.41.1/tests/expected/colcrt/
util-linux-2.41.1/tests/expected/colcrt/regressions-crash2
util-linux-2.41.1/tests/expected/colcrt/functional-short-options
util-linux-2.41.1/tests/expected/colcrt/functional-no-options
util-linux-2.41.1/tests/expected/colcrt/functional-no-underlining
util-linux-2.41.1/tests/expected/colcrt/regressions-hang1
util-linux-2.41.1/tests/expected/colcrt/functional-half-lines
util-linux-2.41.1/tests/expected/colcrt/regressions-crash1.err
util-linux-2.41.1/tests/expected/colcrt/regressions-crash1
util-linux-2.41.1/tests/expected/colcrt/regressions-crash2.err
util-linux-2.41.1/tests/expected/colcrt/regressions-hang1.err
util-linux-2.41.1/tests/expected/more/
util-linux-2.41.1/tests/expected/more/squeeze
util-linux-2.41.1/tests/expected/more/regexp
util-linux-2.41.1/tests/expected/mount/
util-linux-2.41.1/tests/expected/mount/fslists-type-pattern-neg
util-linux-2.41.1/tests/expected/mount/fstab-label2uuid
util-linux-2.41.1/tests/expected/mount/regfile
util-linux-2.41.1/tests/expected/mount/special-missing-options
util-linux-2.41.1/tests/expected/mount/fstab-btrfs-btrfs
util-linux-2.41.1/tests/expected/mount/rlimit-mount
util-linux-2.41.1/tests/expected/mount/xnocanon-symlink-over-symlink
util-linux-2.41.1/tests/expected/mount/fstab-label2devname
util-linux-2.41.1/tests/expected/mount/fstab-uuid2label
util-linux-2.41.1/tests/expected/mount/move
util-linux-2.41.1/tests/expected/mount/shared-subtree
util-linux-2.41.1/tests/expected/mount/fstab-devname2uuid
util-linux-2.41.1/tests/expected/mount/rlimit
util-linux-2.41.1/tests/expected/mount/fstab-uuid2devname
util-linux-2.41.1/tests/expected/mount/fstab-none
util-linux-2.41.1/tests/expected/mount/special-options
util-linux-2.41.1/tests/expected/mount/umount-alltargets-all-targets-mnt
util-linux-2.41.1/tests/expected/mount/fslists-more-types-fstab
util-linux-2.41.1/tests/expected/mount/shared-subtree-mount-private
util-linux-2.41.1/tests/expected/mount/shared-subtree-mount-private-ro
util-linux-2.41.1/tests/expected/mount/fstab-btrfs-auto
util-linux-2.41.1/tests/expected/mount/umount-alltargets-all-targets-recursive
util-linux-2.41.1/tests/expected/mount/shared-subtree-bind-shared
util-linux-2.41.1/tests/expected/mount/uuid
util-linux-2.41.1/tests/expected/mount/umount-alltargets-all-targets-dev
util-linux-2.41.1/tests/expected/mount/fstab-bind
util-linux-2.41.1/tests/expected/mount/special-basic
util-linux-2.41.1/tests/expected/mount/xnocanon-symlink-over-file
util-linux-2.41.1/tests/expected/mount/fstab-broken-mount
util-linux-2.41.1/tests/expected/mount/umount-alltargets
util-linux-2.41.1/tests/expected/mount/xnocanon-file-over-symlink
util-linux-2.41.1/tests/expected/mount/fstab-devname2label
util-linux-2.41.1/tests/expected/mount/fslists-one-type
util-linux-2.41.1/tests/expected/mount/fstab-uuid
util-linux-2.41.1/tests/expected/mount/set_ugid_mode
util-linux-2.41.1/tests/expected/mount/umount-recursive
util-linux-2.41.1/tests/expected/mount/fstab-devname
util-linux-2.41.1/tests/expected/mount/fslists-type-pattern
util-linux-2.41.1/tests/expected/mount/special-username
util-linux-2.41.1/tests/expected/mount/fstab-broken-mount-all
util-linux-2.41.1/tests/expected/mount/fstab-all
util-linux-2.41.1/tests/expected/mount/rlimit-umount
util-linux-2.41.1/tests/expected/mount/fstab-broken
util-linux-2.41.1/tests/expected/mount/fstab-label
util-linux-2.41.1/tests/expected/mount/dm-verity
util-linux-2.41.1/tests/expected/mount/fstab-symlink
util-linux-2.41.1/tests/expected/mount/shared-subtree-make-shared
util-linux-2.41.1/tests/expected/mount/special-multi-types
util-linux-2.41.1/tests/expected/mount/special-user
util-linux-2.41.1/tests/expected/mount/devname
util-linux-2.41.1/tests/expected/mount/fslists-more-types
util-linux-2.41.1/tests/expected/mount/shared-subtree-make-private
util-linux-2.41.1/tests/expected/mount/label
util-linux-2.41.1/tests/expected/mount/fstab-loop
util-linux-2.41.1/tests/expected/mount/shared-subtree-make-unbindable
util-linux-2.41.1/tests/expected/mount/fslists
util-linux-2.41.1/tests/expected/mount/fallback-mount_setattr
util-linux-2.41.1/tests/expected/mount/remount
util-linux-2.41.1/tests/expected/rename/
util-linux-2.41.1/tests/expected/rename/exit_codes
util-linux-2.41.1/tests/expected/rename/symlink
util-linux-2.41.1/tests/expected/rename/exit_codes.err
util-linux-2.41.1/tests/expected/rename/basic
util-linux-2.41.1/tests/expected/rename/subdir
util-linux-2.41.1/tests/expected/rename/symlink.err
util-linux-2.41.1/tests/expected/rename/overwrite
util-linux-2.41.1/tests/expected/ipcs/
util-linux-2.41.1/tests/expected/ipcs/limits
util-linux-2.41.1/tests/expected/ipcs/headers
util-linux-2.41.1/tests/expected/ipcs/mk-rm-shm
util-linux-2.41.1/tests/expected/ipcs/limits2
util-linux-2.41.1/tests/expected/ipcs/headers-shm-headers
util-linux-2.41.1/tests/expected/ipcs/headers-mesg-headers
util-linux-2.41.1/tests/expected/ipcs/mk-rm-msg
util-linux-2.41.1/tests/expected/ipcs/mk-rm-sem
util-linux-2.41.1/tests/expected/ipcs/headers-all-headers
util-linux-2.41.1/tests/expected/ipcs/headers-sem-headers
util-linux-2.41.1/tests/expected/hexdump/
util-linux-2.41.1/tests/expected/hexdump/highlighting-2b_dec-3
util-linux-2.41.1/tests/expected/hexdump/highlighting-canon-1
util-linux-2.41.1/tests/expected/hexdump/highlighting-1b_octal-4
util-linux-2.41.1/tests/expected/hexdump/highlighting-1b_octal-5
util-linux-2.41.1/tests/expected/hexdump/highlighting-2b_dec-8.BE
util-linux-2.41.1/tests/expected/hexdump/highlighting-1b_octal-7
util-linux-2.41.1/tests/expected/hexdump/highlighting-4b_dec-2.BE
util-linux-2.41.1/tests/expected/hexdump/highlighting-4b_dec-6.BE
util-linux-2.41.1/tests/expected/hexdump/highlighting-4b_dec-4.BE
util-linux-2.41.1/tests/expected/hexdump/highlighting-1b_char-3
util-linux-2.41.1/tests/expected/hexdump/highlighting-1b_octal-8
util-linux-2.41.1/tests/expected/hexdump/highlighting-1b_octal-9
util-linux-2.41.1/tests/expected/hexdump/format-strings-2b_hex
util-linux-2.41.1/tests/expected/hexdump/highlighting-4b_dec-7.BE
util-linux-2.41.1/tests/expected/hexdump/highlighting-1b_octal-5.BE
util-linux-2.41.1/tests/expected/hexdump/format-strings-1b_char
util-linux-2.41.1/tests/expected/hexdump/highlighting-2b_dec-2
util-linux-2.41.1/tests/expected/hexdump/highlighting-1b_octal-6
util-linux-2.41.1/tests/expected/hexdump/highlighting-1b_octal-2
util-linux-2.41.1/tests/expected/hexdump/highlighting-1b_octal-9.BE
util-linux-2.41.1/tests/expected/hexdump/format-strings-1b_octal
util-linux-2.41.1/tests/expected/hexdump/highlighting-2b_dec-5.BE
util-linux-2.41.1/tests/expected/hexdump/format-strings-empty-format
util-linux-2.41.1/tests/expected/hexdump/highlighting-2b_dec-1
util-linux-2.41.1/tests/expected/hexdump/highlighting-4b_dec-1
util-linux-2.41.1/tests/expected/hexdump/highlighting-4b_dec-2
util-linux-2.41.1/tests/expected/hexdump/highlighting-2b_dec-2.BE
util-linux-2.41.1/tests/expected/hexdump/format-strings-2b_dec.BE
util-linux-2.41.1/tests/expected/hexdump/highlighting-2b_dec-8
util-linux-2.41.1/tests/expected/hexdump/format-strings-2b_octal
util-linux-2.41.1/tests/expected/hexdump/highlighting-1b_octal-3
util-linux-2.41.1/tests/expected/hexdump/highlighting-canon-1.BE
util-linux-2.41.1/tests/expected/hexdump/highlighting-1b_char-1
util-linux-2.41.1/tests/expected/hexdump/highlighting-2b_dec-4
util-linux-2.41.1/tests/expected/hexdump/highlighting-1b_char-2
util-linux-2.41.1/tests/expected/hexdump/format-strings-1b_hex
util-linux-2.41.1/tests/expected/hexdump/highlighting-4b_dec-4
util-linux-2.41.1/tests/expected/hexdump/highlighting-4b_dec-7
util-linux-2.41.1/tests/expected/hexdump/format-strings-2b_octal.BE
util-linux-2.41.1/tests/expected/hexdump/format-strings-2b_hex.BE
util-linux-2.41.1/tests/expected/hexdump/highlighting-4b_dec-3.BE
util-linux-2.41.1/tests/expected/hexdump/highlighting-1b_octal-4.BE
util-linux-2.41.1/tests/expected/hexdump/highlighting-4b_dec-3
util-linux-2.41.1/tests/expected/hexdump/highlighting-2b_dec-1.BE
util-linux-2.41.1/tests/expected/hexdump/highlighting-2b_dec-6
util-linux-2.41.1/tests/expected/hexdump/highlighting-1b_octal-7.BE
util-linux-2.41.1/tests/expected/hexdump/highlighting-2b_dec-4.BE
util-linux-2.41.1/tests/expected/hexdump/highlighting-2b_dec-7
util-linux-2.41.1/tests/expected/hexdump/highlighting-2b_dec-3.BE
util-linux-2.41.1/tests/expected/hexdump/highlighting-4b_dec-5
util-linux-2.41.1/tests/expected/hexdump/format-strings-empty-format.BE
util-linux-2.41.1/tests/expected/hexdump/highlighting-canon-2
util-linux-2.41.1/tests/expected/hexdump/format-strings-canon
util-linux-2.41.1/tests/expected/hexdump/highlighting-4b_dec-6
util-linux-2.41.1/tests/expected/hexdump/highlighting-2b_dec-5
util-linux-2.41.1/tests/expected/hexdump/highlighting-1b_octal-2.BE
util-linux-2.41.1/tests/expected/hexdump/highlighting-4b_dec-1.BE
util-linux-2.41.1/tests/expected/hexdump/format-strings-2b_dec
util-linux-2.41.1/tests/expected/hexdump/highlighting-1b_octal-1
util-linux-2.41.1/tests/expected/hexdump/highlighting-1b_octal-8.BE
util-linux-2.41.1/tests/expected/dmesg/
util-linux-2.41.1/tests/expected/dmesg/cid-kmsg-limit
util-linux-2.41.1/tests/expected/dmesg/console-levels
util-linux-2.41.1/tests/expected/dmesg/cid-json
util-linux-2.41.1/tests/expected/dmesg/cid-kmsg-decode
util-linux-2.41.1/tests/expected/dmesg/cid-kmsg-colors
util-linux-2.41.1/tests/expected/dmesg/timestamp-format-delta-ctime
util-linux-2.41.1/tests/expected/dmesg/timestamp-format
util-linux-2.41.1/tests/expected/dmesg/limit
util-linux-2.41.1/tests/expected/dmesg/colors
util-linux-2.41.1/tests/expected/dmesg/cid-kmsg-facilities
util-linux-2.41.1/tests/expected/dmesg/decode
util-linux-2.41.1/tests/expected/dmesg/cid-kmsg-console-levels
util-linux-2.41.1/tests/expected/dmesg/facilities
util-linux-2.41.1/tests/expected/dmesg/cid-kmsg-json
util-linux-2.41.1/tests/expected/dmesg/json
util-linux-2.41.1/tests/expected/dmesg/kmsg-file
util-linux-2.41.1/tests/expected/dmesg/timestamp-format-delta-raw
util-linux-2.41.1/tests/expected/dmesg/timestamp-format-multiple
util-linux-2.41.1/tests/expected/dmesg/timestamp-format-delta
util-linux-2.41.1/tests/expected/dmesg/cid-kmsg-delta
util-linux-2.41.1/tests/expected/dmesg/delta
util-linux-2.41.1/tests/expected/dmesg/cid-kmsg-indentation
util-linux-2.41.1/tests/expected/dmesg/indentation
util-linux-2.41.1/tests/expected/libsmartcols/
util-linux-2.41.1/tests/expected/libsmartcols/fromfile-padding-maxout
util-linux-2.41.1/tests/expected/libsmartcols/fromfile-right
util-linux-2.41.1/tests/expected/libsmartcols/fromfile-tree-end
util-linux-2.41.1/tests/expected/libsmartcols/filter-string-ge
util-linux-2.41.1/tests/expected/libsmartcols/fromfile-wrapnl
util-linux-2.41.1/tests/expected/libsmartcols/filter-float-le
util-linux-2.41.1/tests/expected/libsmartcols/filter-broken-no-start
util-linux-2.41.1/tests/expected/libsmartcols/fromfile-wrap-tree
util-linux-2.41.1/tests/expected/libsmartcols/filter-string-nreg
util-linux-2.41.1/tests/expected/libsmartcols/filter-bool-neg
util-linux-2.41.1/tests/expected/libsmartcols/filter-broken-no-param
util-linux-2.41.1/tests/expected/libsmartcols/filter-float-lt2
util-linux-2.41.1/tests/expected/libsmartcols/filter-string-lt
util-linux-2.41.1/tests/expected/libsmartcols/filter-bool-or
util-linux-2.41.1/tests/expected/libsmartcols/filter-number-is
util-linux-2.41.1/tests/expected/libsmartcols/filter-bool-eq-false2
util-linux-2.41.1/tests/expected/libsmartcols/filter-broken-bad-column
util-linux-2.41.1/tests/expected/libsmartcols/filter-number-lt
util-linux-2.41.1/tests/expected/libsmartcols/filter-float-ge2
util-linux-2.41.1/tests/expected/libsmartcols/filter-broken-no-close
util-linux-2.41.1/tests/expected/libsmartcols/filter-number-as-string
util-linux-2.41.1/tests/expected/libsmartcols/fromfile-column-separator
util-linux-2.41.1/tests/expected/libsmartcols/fromfile-wrapnl-tree
util-linux-2.41.1/tests/expected/libsmartcols/filter-bool-ne
util-linux-2.41.1/tests/expected/libsmartcols/filter-float-eq2
util-linux-2.41.1/tests/expected/libsmartcols/filter-broken-no-column
util-linux-2.41.1/tests/expected/libsmartcols/filter-bool-as-string2
util-linux-2.41.1/tests/expected/libsmartcols/filter-string-gt
util-linux-2.41.1/tests/expected/libsmartcols/fromfile-wrap
util-linux-2.41.1/tests/expected/libsmartcols/fromfile-export
util-linux-2.41.1/tests/expected/libsmartcols/filter-bool-eq-false3
util-linux-2.41.1/tests/expected/libsmartcols/filter-float-neg
util-linux-2.41.1/tests/expected/libsmartcols/filter-string-le
util-linux-2.41.1/tests/expected/libsmartcols/filter-bool-eq-true
util-linux-2.41.1/tests/expected/libsmartcols/filter-bool-ne2
util-linux-2.41.1/tests/expected/libsmartcols/filter-float-as-string2
util-linux-2.41.1/tests/expected/libsmartcols/filter
util-linux-2.41.1/tests/expected/libsmartcols/filter-float-ne2
util-linux-2.41.1/tests/expected/libsmartcols/filter-broken-bad-number
util-linux-2.41.1/tests/expected/libsmartcols/filter-number-ne
util-linux-2.41.1/tests/expected/libsmartcols/filter-bool-eq-true2
util-linux-2.41.1/tests/expected/libsmartcols/filter-bool-eq-false
util-linux-2.41.1/tests/expected/libsmartcols/filter-float-and
util-linux-2.41.1/tests/expected/libsmartcols/fromfile-wrapzero
util-linux-2.41.1/tests/expected/libsmartcols/fromfile-right-maxout
util-linux-2.41.1/tests/expected/libsmartcols/filter-float-ge
util-linux-2.41.1/tests/expected/libsmartcols/filter-number-or
util-linux-2.41.1/tests/expected/libsmartcols/filter-string-reg
util-linux-2.41.1/tests/expected/libsmartcols/fromfile-trunc
util-linux-2.41.1/tests/expected/libsmartcols/filter-float-is
util-linux-2.41.1/tests/expected/libsmartcols/filter-bool-is
util-linux-2.41.1/tests/expected/libsmartcols/filter-string-ne
util-linux-2.41.1/tests/expected/libsmartcols/filter-broken-bad-oper
util-linux-2.41.1/tests/expected/libsmartcols/filter-bool-and
util-linux-2.41.1/tests/expected/libsmartcols/filter-number-and
util-linux-2.41.1/tests/expected/libsmartcols/filter-number-neg
util-linux-2.41.1/tests/expected/libsmartcols/fromfile-wrapzero-tree
util-linux-2.41.1/tests/expected/libsmartcols/fromfile-noextremes
util-linux-2.41.1/tests/expected/libsmartcols/filter-bool-eq-true3
util-linux-2.41.1/tests/expected/libsmartcols/filter-float-ne
util-linux-2.41.1/tests/expected/libsmartcols/fromfile-tree-middle
util-linux-2.41.1/tests/expected/libsmartcols/fromfile-padding-default
util-linux-2.41.1/tests/expected/libsmartcols/filter-broken-bad-float
util-linux-2.41.1/tests/expected/libsmartcols/filter-float-eq
util-linux-2.41.1/tests/expected/libsmartcols/filter-float-le2
util-linux-2.41.1/tests/expected/libsmartcols/fromfile-hidden
util-linux-2.41.1/tests/expected/libsmartcols/filter-number-eq
util-linux-2.41.1/tests/expected/libsmartcols/filter-float-as-string
util-linux-2.41.1/tests/expected/libsmartcols/filter-string-eq
util-linux-2.41.1/tests/expected/libsmartcols/filter-bool-as-string
util-linux-2.41.1/tests/expected/libsmartcols/fromfile-raw
util-linux-2.41.1/tests/expected/libsmartcols/filter-number-ge
util-linux-2.41.1/tests/expected/libsmartcols/filter-float-or
util-linux-2.41.1/tests/expected/libsmartcols/filter-number-le
util-linux-2.41.1/tests/expected/libsmartcols/filter-string-is
util-linux-2.41.1/tests/expected/libsmartcols/fromfile
util-linux-2.41.1/tests/expected/libsmartcols/filter-number-and-or
util-linux-2.41.1/tests/expected/libsmartcols/fromfile-tree
util-linux-2.41.1/tests/expected/libsmartcols/fromfile-padding-minout
util-linux-2.41.1/tests/expected/libsmartcols/filter-number-gt
util-linux-2.41.1/tests/expected/libsmartcols/title
util-linux-2.41.1/tests/expected/libsmartcols/filter-float-gt2
util-linux-2.41.1/tests/expected/libsmartcols/filter-float-lt
util-linux-2.41.1/tests/expected/libsmartcols/fromfile-strictwidth
util-linux-2.41.1/tests/expected/libsmartcols/filter-broken-bad-oper2
util-linux-2.41.1/tests/expected/libsmartcols/filter-float-gt
util-linux-2.41.1/tests/expected/libsmartcols/fromfile-tree-json
util-linux-2.41.1/tests/expected/libsmartcols/filter-string-neg
util-linux-2.41.1/tests/expected/libsmartcols/filter-number-expr-and-expr
util-linux-2.41.1/tests/expected/libsmartcols/filter-number-expr-or-expr
util-linux-2.41.1/tests/expected/libsmartcols/continuous-json
util-linux-2.41.1/tests/expected/tailf/
util-linux-2.41.1/tests/expected/tailf/simple
util-linux-2.41.1/tests/expected/misc/
util-linux-2.41.1/tests/expected/misc/strtosize.err
util-linux-2.41.1/tests/expected/misc/boilerplate-exec
util-linux-2.41.1/tests/expected/misc/flock-shared
util-linux-2.41.1/tests/expected/misc/pipesz-get-file-bad.err
util-linux-2.41.1/tests/expected/misc/boilerplate-help
util-linux-2.41.1/tests/expected/misc/pipesz-get-fd
util-linux-2.41.1/tests/expected/misc/lsclocks-time
util-linux-2.41.1/tests/expected/misc/swaplabel.err
util-linux-2.41.1/tests/expected/misc/optstr
util-linux-2.41.1/tests/expected/misc/flock-fcntl-no-fork
util-linux-2.41.1/tests/expected/misc/lsclocks-rtc
util-linux-2.41.1/tests/expected/misc/waitpid-exited.err
util-linux-2.41.1/tests/expected/misc/flock-fcntl-fd
util-linux-2.41.1/tests/expected/misc/lsclocks-cpu
util-linux-2.41.1/tests/expected/misc/flock-fcntl-vs-flock
util-linux-2.41.1/tests/expected/misc/whereis
util-linux-2.41.1/tests/expected/misc/mountpoint-nofollow
util-linux-2.41.1/tests/expected/misc/enosys-exec
util-linux-2.41.1/tests/expected/misc/line
util-linux-2.41.1/tests/expected/misc/line-empty-input-wait-for-eof
util-linux-2.41.1/tests/expected/misc/bits-binary
util-linux-2.41.1/tests/expected/misc/rev
util-linux-2.41.1/tests/expected/misc/bits-truncate
util-linux-2.41.1/tests/expected/misc/bits-default
util-linux-2.41.1/tests/expected/misc/setpgid
util-linux-2.41.1/tests/expected/misc/line-text-without-eol
util-linux-2.41.1/tests/expected/misc/bits-xor
util-linux-2.41.1/tests/expected/misc/waitpid-timeout
util-linux-2.41.1/tests/expected/misc/waitpid-normal
util-linux-2.41.1/tests/expected/misc/bits-width
util-linux-2.41.1/tests/expected/misc/bits-parse-grouped-mask
util-linux-2.41.1/tests/expected/misc/flock-fcntl-shared
util-linux-2.41.1/tests/expected/misc/flock
util-linux-2.41.1/tests/expected/misc/bits-parse-mask
util-linux-2.41.1/tests/expected/misc/line-one-call
util-linux-2.41.1/tests/expected/misc/mountpoint-mutually-exclusive.err
util-linux-2.41.1/tests/expected/misc/line-large-line
util-linux-2.41.1/tests/expected/misc/waitpid-count
util-linux-2.41.1/tests/expected/misc/ionice.err
util-linux-2.41.1/tests/expected/misc/waitpid-count.err
util-linux-2.41.1/tests/expected/misc/pipesz-get-fd-bad.err
util-linux-2.41.1/tests/expected/misc/mbsencode-invalid-utf8
util-linux-2.41.1/tests/expected/misc/flock-fcntl-timeout
util-linux-2.41.1/tests/expected/misc/bits-parse-range
util-linux-2.41.1/tests/expected/misc/line-empty-input
util-linux-2.41.1/tests/expected/misc/bits-grouped-mask
util-linux-2.41.1/tests/expected/misc/bits-or
util-linux-2.41.1/tests/expected/misc/flock-exclusive
util-linux-2.41.1/tests/expected/misc/flock-non-block
util-linux-2.41.1/tests/expected/misc/lsclocks-dynamic
util-linux-2.41.1/tests/expected/misc/bits-width-truncate
util-linux-2.41.1/tests/expected/misc/bits-list
util-linux-2.41.1/tests/expected/misc/mountpoint-default
util-linux-2.41.1/tests/expected/misc/line-two-calls
util-linux-2.41.1/tests/expected/misc/line-wait-for-eof
util-linux-2.41.1/tests/expected/misc/setarch-uname26
util-linux-2.41.1/tests/expected/misc/setarch-show
util-linux-2.41.1/tests/expected/misc/ionice
util-linux-2.41.1/tests/expected/misc/flock-fcntl
util-linux-2.41.1/tests/expected/misc/flock-fcntl-non-block
util-linux-2.41.1/tests/expected/misc/bits-mask
util-linux-2.41.1/tests/expected/misc/mbsencode-invalid-ascii
util-linux-2.41.1/tests/expected/misc/enosys-basic
util-linux-2.41.1/tests/expected/misc/pipesz-get-file
util-linux-2.41.1/tests/expected/misc/fallocate
util-linux-2.41.1/tests/expected/misc/mbsencode-safe-utf8
util-linux-2.41.1/tests/expected/misc/time_t
util-linux-2.41.1/tests/expected/misc/flock-fcntl-exclusive
util-linux-2.41.1/tests/expected/misc/pipesz-set-fd-bad.err
util-linux-2.41.1/tests/expected/misc/mountpoint-mutually-exclusive
util-linux-2.41.1/tests/expected/misc/flock-fd
util-linux-2.41.1/tests/expected/misc/setarch-uname26-version
util-linux-2.41.1/tests/expected/misc/enosys-ioctl
util-linux-2.41.1/tests/expected/misc/pipesz-exec
util-linux-2.41.1/tests/expected/misc/bits-not
util-linux-2.41.1/tests/expected/misc/mountpoint
util-linux-2.41.1/tests/expected/misc/mbsencode-safe-ascii
util-linux-2.41.1/tests/expected/misc/flock-time-check
util-linux-2.41.1/tests/expected/misc/setarch-options
util-linux-2.41.1/tests/expected/misc/lsclocks-basic
util-linux-2.41.1/tests/expected/misc/mcookie
util-linux-2.41.1/tests/expected/misc/strtosize
util-linux-2.41.1/tests/expected/misc/bits-stdin
util-linux-2.41.1/tests/expected/misc/setsid
util-linux-2.41.1/tests/expected/misc/bits
util-linux-2.41.1/tests/expected/misc/setarch-options.err
util-linux-2.41.1/tests/expected/misc/flock-no-fork
util-linux-2.41.1/tests/expected/misc/flock-timeout
util-linux-2.41.1/tests/expected/misc/bits-and
util-linux-2.41.1/tests/expected/misc/flock-fcntl-time-check
util-linux-2.41.1/tests/expected/misc/pipesz-set-file-bad.err
util-linux-2.41.1/tests/expected/misc/swaplabel
util-linux-2.41.1/tests/expected/lsblk/
util-linux-2.41.1/tests/expected/lsblk/lsblk-simple-lvm-topo
util-linux-2.41.1/tests/expected/lsblk/lsblk-simple-nvme-discard
util-linux-2.41.1/tests/expected/lsblk/lsblk-simple-nvme-rw
util-linux-2.41.1/tests/expected/lsblk/lsblk-simple-lvm-vendor
util-linux-2.41.1/tests/expected/lsblk/lsblk-simple-lvm-basic
util-linux-2.41.1/tests/expected/lsblk/lsblk-simple-lvm-discard
util-linux-2.41.1/tests/expected/lsblk/lsblk-simple-lvm-state
util-linux-2.41.1/tests/expected/lsblk/lsblk-simple-lvm-zone
util-linux-2.41.1/tests/expected/lsblk/lsblk-simple-nvme-topo
util-linux-2.41.1/tests/expected/lsblk/lsblk-simple-nvme-vendor
util-linux-2.41.1/tests/expected/lsblk/lsblk-simple-nvme-state
util-linux-2.41.1/tests/expected/lsblk/lsblk-simple-nvme-zone
util-linux-2.41.1/tests/expected/lsblk/lsblk-simple-nvme-basic
util-linux-2.41.1/tests/expected/lsblk/lsblk-simple-lvm-rw
util-linux-2.41.1/tests/expected/swapon/
util-linux-2.41.1/tests/expected/swapon/fixpgsz
util-linux-2.41.1/tests/expected/swapon/uuid
util-linux-2.41.1/tests/expected/swapon/fixsig
util-linux-2.41.1/tests/expected/swapon/devname
util-linux-2.41.1/tests/expected/swapon/label
util-linux-2.41.1/tests/expected/lsns/
util-linux-2.41.1/tests/expected/lsns/netns-from-sock
util-linux-2.41.1/tests/expected/lsns/ioctl_ns.err
util-linux-2.41.1/tests/expected/lsns/netnsid
util-linux-2.41.1/tests/expected/lsns/ioctl_ns
util-linux-2.41.1/tests/expected/lsns/filter
util-linux-2.41.1/tests/expected/lsns/nsfs
util-linux-2.41.1/tests/expected/login/
util-linux-2.41.1/tests/expected/login/islocal
util-linux-2.41.1/tests/expected/login/logindefs
util-linux-2.41.1/tests/expected/lslogins/
util-linux-2.41.1/tests/expected/lslogins/checkuser
util-linux-2.41.1/tests/expected/blkdiscard/
util-linux-2.41.1/tests/expected/blkdiscard/offsets.err
util-linux-2.41.1/tests/expected/blkdiscard/offsets
util-linux-2.41.1/tests/expected/isosize/
util-linux-2.41.1/tests/expected/isosize/print-size-sector_output
util-linux-2.41.1/tests/expected/isosize/print-size-default_output
util-linux-2.41.1/tests/expected/isosize/print-size-divisor_output
util-linux-2.41.1/tests/expected/uuid/
util-linux-2.41.1/tests/expected/uuid/uuid_parser
util-linux-2.41.1/tests/expected/uuid/uuidd
util-linux-2.41.1/tests/expected/uuid/uuidgen
util-linux-2.41.1/tests/expected/uuid/uuidparse
util-linux-2.41.1/tests/expected/uuid/namespace
util-linux-2.41.1/tests/expected/uuid/oids
util-linux-2.41.1/tests/expected/uuid/time
util-linux-2.41.1/tests/expected/hardlink/
util-linux-2.41.1/tests/expected/hardlink/options-maximum-size-8191
util-linux-2.41.1/tests/expected/hardlink/options-maximum-size-8192
util-linux-2.41.1/tests/expected/hardlink/options-regex-escapes
util-linux-2.41.1/tests/expected/hardlink/options-noregex
util-linux-2.41.1/tests/expected/hardlink/options-nargs
util-linux-2.41.1/tests/expected/hardlink/options-dryrun
util-linux-2.41.1/tests/expected/hardlink/options-content
util-linux-2.41.1/tests/expected/hardlink/options-orig
util-linux-2.41.1/tests/expected/cramfs/
util-linux-2.41.1/tests/expected/cramfs/fsck-bad-header-pad-64K-be.err
util-linux-2.41.1/tests/expected/cramfs/fsck-bad-header.err
util-linux-2.41.1/tests/expected/cramfs/fsck-bad-header-nopad-4K-be.err
util-linux-2.41.1/tests/expected/cramfs/mkfs
util-linux-2.41.1/tests/expected/cramfs/fsck-endianness
util-linux-2.41.1/tests/expected/cramfs/fsck-bad-header-pad-4K-le.err
util-linux-2.41.1/tests/expected/cramfs/fsck-bad-header-pad-4K-be.err
util-linux-2.41.1/tests/expected/cramfs/fsck-bad-header-pad-64K-le.err
util-linux-2.41.1/tests/expected/cramfs/fsck-bad-header-nopad-4K-le
util-linux-2.41.1/tests/expected/cramfs/fsck-bad-header-nopad-4K-le.err
util-linux-2.41.1/tests/expected/cramfs/mkfs-endianness
util-linux-2.41.1/tests/expected/cramfs/doubles
util-linux-2.41.1/tests/expected/cramfs/fsck-bad-header-pad-4K-le
util-linux-2.41.1/tests/expected/cramfs/fsck-bad-header-pad-4K-be
util-linux-2.41.1/tests/expected/cramfs/fsck-bad-header-pad-64K-le
util-linux-2.41.1/tests/expected/cramfs/fsck-bad-header-nopad-4K-be
util-linux-2.41.1/tests/expected/cramfs/fsck-bad-header-pad-64K-be
util-linux-2.41.1/tests/expected/setpriv/
util-linux-2.41.1/tests/expected/setpriv/landlock-nothing-allowed
util-linux-2.41.1/tests/expected/setpriv/seccomp
util-linux-2.41.1/tests/expected/setpriv/landlock-partial-access-fail
util-linux-2.41.1/tests/expected/blkid/
util-linux-2.41.1/tests/expected/blkid/low-probe-udf-multi-mkudffs-320
util-linux-2.41.1/tests/expected/blkid/lowprobe-pt-dos+bsd
util-linux-2.41.1/tests/expected/blkid/low-probe-vxfs-le
util-linux-2.41.1/tests/expected/blkid/low-probe-ubi
util-linux-2.41.1/tests/expected/blkid/low-probe-udf-hdd-mkudffs-1.3-7
util-linux-2.41.1/tests/expected/blkid/low-probe-udf-hdd-mkudffs-1.3-5
util-linux-2.41.1/tests/expected/blkid/low-probe-bcachefs-2
util-linux-2.41.1/tests/expected/blkid/low-probe-cramfs-big
util-linux-2.41.1/tests/expected/blkid/low-probe-iso-unicode-long-label
util-linux-2.41.1/tests/expected/blkid/low-probe-lsi-raid
util-linux-2.41.1/tests/expected/blkid/low-probe-iso-rr-joliet
util-linux-2.41.1/tests/expected/blkid/topology-partition
util-linux-2.41.1/tests/expected/blkid/low-probe-ext4
util-linux-2.41.1/tests/expected/blkid/low-probe-nilfs2
util-linux-2.41.1/tests/expected/blkid/low-probe-lvm2
util-linux-2.41.1/tests/expected/blkid/low-probe-udf-hdd-mkudffs-1.3-6
util-linux-2.41.1/tests/expected/blkid/low-probe-vxfs-be
util-linux-2.41.1/tests/expected/blkid/low-probe-bcache-C
util-linux-2.41.1/tests/expected/blkid/offset
util-linux-2.41.1/tests/expected/blkid/low-probe-fat32_mkdosfs_label1_xp_label2
util-linux-2.41.1/tests/expected/blkid/low-probe-udf-multi-genisoimage-0
util-linux-2.41.1/tests/expected/blkid/low-probe-swap1-big
util-linux-2.41.1/tests/expected/blkid/low-probe-fat32_xp_label1
util-linux-2.41.1/tests/expected/blkid/low-probe-xfs-v5
util-linux-2.41.1/tests/expected/blkid/low-probe-fat32_mkdosfs_none
util-linux-2.41.1/tests/expected/blkid/low-probe-zfs
util-linux-2.41.1/tests/expected/blkid/low-probe-fat32_cp850_O_tilde
util-linux-2.41.1/tests/expected/blkid/output-udev-cache
util-linux-2.41.1/tests/expected/blkid/low-probe-iso-joliet
util-linux-2.41.1/tests/expected/blkid/low-probe-bcache-journal
util-linux-2.41.1/tests/expected/blkid/low-probe-udf
util-linux-2.41.1/tests/expected/blkid/low-probe-vdo
util-linux-2.41.1/tests/expected/blkid/low-probe-apfs
util-linux-2.41.1/tests/expected/blkid/low-probe-swap-luks
util-linux-2.41.1/tests/expected/blkid/low-probe-hpt45x-raid
util-linux-2.41.1/tests/expected/blkid/output-value-cache
util-linux-2.41.1/tests/expected/blkid/low-probe-nvidia-raid
util-linux-2.41.1/tests/expected/blkid/lowprobe-pt-atari-primary
util-linux-2.41.1/tests/expected/blkid/low-probe-bcache-B
util-linux-2.41.1/tests/expected/blkid/low-probe-udf-hdd-mkudffs-1.3-3
util-linux-2.41.1/tests/expected/blkid/lowprobe-pt-atari-xgm
util-linux-2.41.1/tests/expected/blkid/low-probe-promise-raid
util-linux-2.41.1/tests/expected/blkid/low-probe-romfs
util-linux-2.41.1/tests/expected/blkid/low-probe-ntfs
util-linux-2.41.1/tests/expected/blkid/low-probe-drbd-v09
util-linux-2.41.1/tests/expected/blkid/low-probe-iso-different-iso-joliet-label
util-linux-2.41.1/tests/expected/blkid/low-probe-via-raid
util-linux-2.41.1/tests/expected/blkid/low-probe-minix-LE
util-linux-2.41.1/tests/expected/blkid/low-probe-fat32_mkdosfs_none_dosfslabel_label1
util-linux-2.41.1/tests/expected/blkid/output-udev-probe
util-linux-2.41.1/tests/expected/blkid/dm-err
util-linux-2.41.1/tests/expected/blkid/low-probe-bcachefs
util-linux-2.41.1/tests/expected/blkid/low-probe-tuxonice
util-linux-2.41.1/tests/expected/blkid/low-probe-adaptec-raid
util-linux-2.41.1/tests/expected/blkid/output-device-probe
util-linux-2.41.1/tests/expected/blkid/mbr-wholedisk-fake-vfat
util-linux-2.41.1/tests/expected/blkid/low-probe-squashfs4
util-linux-2.41.1/tests/expected/blkid/lowprobe-pt-sun
util-linux-2.41.1/tests/expected/blkid/topology-disk
util-linux-2.41.1/tests/expected/blkid/low-probe-swap0
util-linux-2.41.1/tests/expected/blkid/low-probe-iso
util-linux-2.41.1/tests/expected/blkid/low-probe-ocfs2
util-linux-2.41.1/tests/expected/blkid/low-probe-zonefs
util-linux-2.41.1/tests/expected/blkid/md-raid1-part
util-linux-2.41.1/tests/expected/blkid/low-probe-swap1
util-linux-2.41.1/tests/expected/blkid/low-probe-udf-multi-genisoimage-417
util-linux-2.41.1/tests/expected/blkid/low-probe-befs
util-linux-2.41.1/tests/expected/blkid/low-probe-fat32_mkdosfs_label1_mlabel_erase
util-linux-2.41.1/tests/expected/blkid/lowprobe-pt-sgi
util-linux-2.41.1/tests/expected/blkid/low-probe-udf-hdd-udfclient-0.7.7
util-linux-2.41.1/tests/expected/blkid/low-probe-mdraid-1
util-linux-2.41.1/tests/expected/blkid/low-probe-isw-raid
util-linux-2.41.1/tests/expected/blkid/low-probe-drbd-v08
util-linux-2.41.1/tests/expected/blkid/low-probe-erofs
util-linux-2.41.1/tests/expected/blkid/low-probe-fat32_mkdosfs_label1_dosfslabel_NO_NAME
util-linux-2.41.1/tests/expected/blkid/low-probe-jbd
util-linux-2.41.1/tests/expected/blkid/low-probe-udf-hdd-udfclient-0.7.5
util-linux-2.41.1/tests/expected/blkid/low-probe-bitlocker-win7
util-linux-2.41.1/tests/expected/blkid/low-probe-fat32_mkdosfs_none_xp_label1_dosfslabel_label2
util-linux-2.41.1/tests/expected/blkid/low-probe-udf-cd-nero-6
util-linux-2.41.1/tests/expected/blkid/low-probe-udf-multi-mkudffs-640
util-linux-2.41.1/tests/expected/blkid/low-probe-jmicron-raid
util-linux-2.41.1/tests/expected/blkid/low-probe-udf-hdd-mkudffs-1.3-1
util-linux-2.41.1/tests/expected/blkid/low-probe-drbdmanage-control-volume
util-linux-2.41.1/tests/expected/blkid/md-raid1-whole
util-linux-2.41.1/tests/expected/blkid/low-probe-minix-BE
util-linux-2.41.1/tests/expected/blkid/low-probe-fat32_mkdosfs_label1_dosfslabel_label2
util-linux-2.41.1/tests/expected/blkid/low-probe-silicon-raid
util-linux-2.41.1/tests/expected/blkid/low-probe-iso-multi-genisoimage-0
util-linux-2.41.1/tests/expected/blkid/low-probe-fat32_xp_none_mlabel_label1
util-linux-2.41.1/tests/expected/blkid/low-probe-udf-hdd-mkudffs-2.2
util-linux-2.41.1/tests/expected/blkid/output-full-cache
util-linux-2.41.1/tests/expected/blkid/low-probe-luks1
util-linux-2.41.1/tests/expected/blkid/low-probe-fat
util-linux-2.41.1/tests/expected/blkid/low-probe-jfs
util-linux-2.41.1/tests/expected/blkid/low-probe-fat16_noheads
util-linux-2.41.1/tests/expected/blkid/low-probe-fat32_mkdosfs_label1_xp_erase
util-linux-2.41.1/tests/expected/blkid/low-probe-udf-hdd-mkudffs-1.3-8
util-linux-2.41.1/tests/expected/blkid/low-probe-mdraid
util-linux-2.41.1/tests/expected/blkid/low-probe-udf-multi-mkudffs-0
util-linux-2.41.1/tests/expected/blkid/low-probe-fat32_xp_none
util-linux-2.41.1/tests/expected/blkid/low-probe-hpt37x-raid
util-linux-2.41.1/tests/expected/blkid/low-probe-bluestore
util-linux-2.41.1/tests/expected/blkid/low-probe-fat32_mkdosfs_none_xp_label1
util-linux-2.41.1/tests/expected/blkid/low-probe-xfs
util-linux-2.41.1/tests/expected/blkid/low-probe-netware
util-linux-2.41.1/tests/expected/blkid/low-probe-fat32_mkdosfs_label1_dosfslabel_empty
util-linux-2.41.1/tests/expected/blkid/low-probe-ubifs
util-linux-2.41.1/tests/expected/blkid/output-export-probe
util-linux-2.41.1/tests/expected/blkid/low-probe-ext3
util-linux-2.41.1/tests/expected/blkid/low-probe-fat32_mkdosfs_none_dosfslabel_NO_NAME
util-linux-2.41.1/tests/expected/blkid/low-probe-udf-hdd-mkudffs-1.3-4
util-linux-2.41.1/tests/expected/blkid/low-probe-udf-hdd-mkudffs-1.0.0-1
util-linux-2.41.1/tests/expected/blkid/low-probe-fat32_xp_none_dosfslabel_label1
util-linux-2.41.1/tests/expected/blkid/low-probe-udf-bdr-2.60-nero
util-linux-2.41.1/tests/expected/blkid/low-probe-udf-hdd-mkudffs-1.3-2
util-linux-2.41.1/tests/expected/blkid/low-probe-fat32_mkdosfs_label1
util-linux-2.41.1/tests/expected/blkid/low-probe-xfs-log
util-linux-2.41.1/tests/expected/blkid/low-probe-ddf-raid
util-linux-2.41.1/tests/expected/blkid/low-probe-exfat
util-linux-2.41.1/tests/expected/blkid/low-probe-fat32_mkdosfs_none_dosfslabel_label1_xp_label2
util-linux-2.41.1/tests/expected/blkid/low-probe-iso-multi-genisoimage-174
util-linux-2.41.1/tests/expected/blkid/low-probe-btrfs
util-linux-2.41.1/tests/expected/blkid/output-json-cache
util-linux-2.41.1/tests/expected/blkid/md-raid0-whole
util-linux-2.41.1/tests/expected/blkid/low-probe-cramfs
util-linux-2.41.1/tests/expected/blkid/lowprobe-pt-gpt
util-linux-2.41.1/tests/expected/blkid/lowprobe-pt-bsd
util-linux-2.41.1/tests/expected/blkid/low-probe-udf-hdd-macosx-2.60-4096
util-linux-2.41.1/tests/expected/blkid/low-probe-hfs
util-linux-2.41.1/tests/expected/blkid/low-probe-squashfs3
util-linux-2.41.1/tests/expected/blkid/low-probe-vmfs_volume
util-linux-2.41.1/tests/expected/blkid/low-probe-iso-multi-genisoimage-348
util-linux-2.41.1/tests/expected/blkid/low-probe-ext2
util-linux-2.41.1/tests/expected/blkid/output-json-probe
util-linux-2.41.1/tests/expected/blkid/output-export-cache
util-linux-2.41.1/tests/expected/blkid/low-probe-bfs
util-linux-2.41.1/tests/expected/blkid/low-probe-udf-hdd-mkudffs-1.0.0-2
util-linux-2.41.1/tests/expected/blkid/low-probe-vmfs
util-linux-2.41.1/tests/expected/blkid/low-probe-fat32_label_64MB
util-linux-2.41.1/tests/expected/blkid/output-device-cache
util-linux-2.41.1/tests/expected/blkid/low-probe-reiser3
util-linux-2.41.1/tests/expected/blkid/low-probe-mpool
util-linux-2.41.1/tests/expected/blkid/output-full-probe
util-linux-2.41.1/tests/expected/blkid/low-probe-ufs
util-linux-2.41.1/tests/expected/blkid/low-probe-luks2
util-linux-2.41.1/tests/expected/blkid/low-probe-udf-cd-mkudfiso-20100208
util-linux-2.41.1/tests/expected/blkid/low-probe-hpfs
util-linux-2.41.1/tests/expected/blkid/output-value-probe
util-linux-2.41.1/tests/expected/blkid/low-probe-udf-hdd-win7
util-linux-2.41.1/tests/expected/blkid/low-probe-fat32_mkdosfs_label1_mlabel_NO_NAME
util-linux-2.41.1/tests/expected/blkid/low-probe-cs_fvault2
util-linux-2.41.1/tests/expected/blkid/low-probe-reiser4
util-linux-2.41.1/tests/expected/blkid/low-probe-udf-multi-genisoimage-834
util-linux-2.41.1/tests/expected/blkid/low-probe-small-fat32
util-linux-2.41.1/tests/expected/blkid/low-probe-f2fs
util-linux-2.41.1/tests/expected/blkid/low-probe-hfsplus
util-linux-2.41.1/tests/expected/blkid/low-probe-gfs2
util-linux-2.41.1/tests/expected/blkid/cache
util-linux-2.41.1/tests/expected/fadvise/
util-linux-2.41.1/tests/expected/fadvise/drop
util-linux-2.41.1/tests/expected/lib/
util-linux-2.41.1/tests/expected/lib/procfs-one-process
util-linux-2.41.1/tests/expected/lib/procfs-stat-nth
util-linux-2.41.1/tests/expected/lib/procfs-stat-nth.err
util-linux-2.41.1/tests/expected/col/
util-linux-2.41.1/tests/expected/col/newlines-second-line-with-nl
util-linux-2.41.1/tests/expected/col/newlines-zero-length-file
util-linux-2.41.1/tests/expected/col/io-tab-backspace
util-linux-2.41.1/tests/expected/col/newlines-one-line-no-nl
util-linux-2.41.1/tests/expected/col/io-flushing
util-linux-2.41.1/tests/expected/col/io
util-linux-2.41.1/tests/expected/col/multibyte-invalid
util-linux-2.41.1/tests/expected/col/options
util-linux-2.41.1/tests/expected/col/io-allocate-here
util-linux-2.41.1/tests/expected/col/multibyte-valid
util-linux-2.41.1/tests/expected/col/options-spaces
util-linux-2.41.1/tests/expected/col/io-vt1
util-linux-2.41.1/tests/expected/col/io-esc-tab
util-linux-2.41.1/tests/expected/col/newlines-second-line-no-nl
util-linux-2.41.1/tests/expected/col/io-reverse-lf
util-linux-2.41.1/tests/expected/col/io-so-si
util-linux-2.41.1/tests/expected/col/io-trailing-spaces
util-linux-2.41.1/tests/expected/col/options-pass
util-linux-2.41.1/tests/expected/col/io-half-line
util-linux-2.41.1/tests/expected/col/io-cr
util-linux-2.41.1/tests/expected/col/newlines-one-line-with-nl
util-linux-2.41.1/tests/expected/col/io-cs-normal
util-linux-2.41.1/tests/expected/col/options-no-backspaces
util-linux-2.41.1/tests/expected/col/options-tabs
util-linux-2.41.1/tests/expected/col/newlines
util-linux-2.41.1/tests/expected/col/io-cs-alternate
util-linux-2.41.1/tests/expected/col/io-various-spaces
util-linux-2.41.1/tests/expected/col/io-esc-backspace
util-linux-2.41.1/tests/expected/col/io-vt2
util-linux-2.41.1/tests/expected/md5/
util-linux-2.41.1/tests/expected/md5/md5
util-linux-2.41.1/tests/expected/kill/
util-linux-2.41.1/tests/expected/kill/options
util-linux-2.41.1/tests/expected/kill/name_to_number
util-linux-2.41.1/tests/expected/kill/decode
util-linux-2.41.1/tests/expected/kill/queue
util-linux-2.41.1/tests/expected/kill/all_processes
util-linux-2.41.1/tests/expected/kill/all_processes.err
util-linux-2.41.1/tests/expected/kill/print_pid
util-linux-2.41.1/tests/expected/wipefs/
util-linux-2.41.1/tests/expected/wipefs/wipefs
util-linux-2.41.1/tests/expected/wipefs/signatures-bcachefs
util-linux-2.41.1/tests/expected/findmnt/
util-linux-2.41.1/tests/expected/findmnt/outputs-submounts
util-linux-2.41.1/tests/expected/findmnt/filterQ-options
util-linux-2.41.1/tests/expected/findmnt/outputs-messy-mountinfo
util-linux-2.41.1/tests/expected/findmnt/filter-options-no
util-linux-2.41.1/tests/expected/findmnt/filter-types-neg
util-linux-2.41.1/tests/expected/findmnt/filter-types
util-linux-2.41.1/tests/expected/findmnt/filterQ-options-nameval-multi
util-linux-2.41.1/tests/expected/findmnt/outputs-kernel
util-linux-2.41.1/tests/expected/findmnt/filterQ-options-name
util-linux-2.41.1/tests/expected/findmnt/filterQ-types
util-linux-2.41.1/tests/expected/findmnt/filter-options-nameval-neg
util-linux-2.41.1/tests/expected/findmnt/filterQ-options-nameval
util-linux-2.41.1/tests/expected/findmnt/filterQ-options-nameval-neg
util-linux-2.41.1/tests/expected/findmnt/outputs-force-tree
util-linux-2.41.1/tests/expected/findmnt/filterQ-types-neg
util-linux-2.41.1/tests/expected/findmnt/filter-options-name
util-linux-2.41.1/tests/expected/findmnt/outputs-default
util-linux-2.41.1/tests/expected/findmnt/filterQ-options-no-multi
util-linux-2.41.1/tests/expected/findmnt/df-options
util-linux-2.41.1/tests/expected/findmnt/filter-options-nameval-multi
util-linux-2.41.1/tests/expected/findmnt/target-non-root
util-linux-2.41.1/tests/expected/findmnt/filter-types-multi
util-linux-2.41.1/tests/expected/findmnt/filterQ-options-neg
util-linux-2.41.1/tests/expected/findmnt/filter-options-no-multi
util-linux-2.41.1/tests/expected/findmnt/filterQ-types-multi
util-linux-2.41.1/tests/expected/findmnt/filterQ-options-no
util-linux-2.41.1/tests/expected/findmnt/filter-options-nameval
util-linux-2.41.1/tests/expected/findmnt/filter-options
util-linux-2.41.1/tests/expected/findmnt/filter-options-neg
util-linux-2.41.1/tests/expected/findmnt/target-root
util-linux-2.41.1/tests/expected/su/
util-linux-2.41.1/tests/expected/su/environ
util-linux-2.41.1/tests/expected/column/
util-linux-2.41.1/tests/expected/column/table
util-linux-2.41.1/tests/expected/column/table-hide
util-linux-2.41.1/tests/expected/column/columnate-fill-cols-250
util-linux-2.41.1/tests/expected/column/columnate-fill-rows-80
util-linux-2.41.1/tests/expected/column/columnate-fill-rows-250
util-linux-2.41.1/tests/expected/column/table-empty-column-at-eol2
util-linux-2.41.1/tests/expected/column/table-empty-column-at-eol
util-linux-2.41.1/tests/expected/column/table-empty-column
util-linux-2.41.1/tests/expected/column/table-wrap
util-linux-2.41.1/tests/expected/column/table-neg-1-2
util-linux-2.41.1/tests/expected/column/table-input-separator-space
util-linux-2.41.1/tests/expected/column/columnate-fill-cols-80
util-linux-2.41.1/tests/expected/column/table-empty-lines
util-linux-2.41.1/tests/expected/column/table-order
util-linux-2.41.1/tests/expected/column/table-neg-2
util-linux-2.41.1/tests/expected/column/table-range
util-linux-2.41.1/tests/expected/column/table-long
util-linux-2.41.1/tests/expected/column/invalid-multibyte
util-linux-2.41.1/tests/expected/column/ansiescape
util-linux-2.41.1/tests/expected/column/multi-file
util-linux-2.41.1/tests/expected/column/table-neg-1
util-linux-2.41.1/tests/expected/column/table-right
util-linux-2.41.1/tests/expected/column/table-default
util-linux-2.41.1/tests/expected/column/columnate
util-linux-2.41.1/tests/expected/column/table-noheaders
util-linux-2.41.1/tests/expected/column/columnate-fill-rows-50
util-linux-2.41.1/tests/expected/column/columnate-fill-cols-50
util-linux-2.41.1/tests/expected/column/table-output-separator
util-linux-2.41.1/tests/expected/column/table-tree
util-linux-2.41.1/tests/expected/column/table-input-separator
util-linux-2.41.1/tests/expected/column/separator_table
util-linux-2.41.1/tests/expected/column/table-truncate
util-linux-2.41.1/tests/expected/column/table-noempty-lines
util-linux-2.41.1/tests/expected/column/table-headers
util-linux-2.41.1/tests/expected/lsmem/
util-linux-2.41.1/tests/expected/lsmem/lsmem-x86_64-16g
util-linux-2.41.1/tests/expected/lsmem/lsmem-s390-zvm-6g
util-linux-2.41.1/tests/expected/lslocks/
util-linux-2.41.1/tests/expected/lslocks/lslocks-lease-w+HOLDERS
util-linux-2.41.1/tests/expected/lslocks/lslocks-flock-sh+HOLDERS
util-linux-2.41.1/tests/expected/lslocks/lslocks-ofd--w+HOLDERS
util-linux-2.41.1/tests/expected/lslocks/lslocks-posix-rw
util-linux-2.41.1/tests/expected/lslocks/lslocks-ofd--w
util-linux-2.41.1/tests/expected/lslocks/lslocks-flock-sh
util-linux-2.41.1/tests/expected/lslocks/lslocks-flock-ex
util-linux-2.41.1/tests/expected/lslocks/lslocks-ofd-rw
util-linux-2.41.1/tests/expected/lslocks/lslocks-lease-w
util-linux-2.41.1/tests/expected/lslocks/lslocks-ofd-rw+HOLDERS
util-linux-2.41.1/tests/expected/lslocks/lslocks-ofd-r-+HOLDERS
util-linux-2.41.1/tests/expected/lslocks/lslocks-flock-ex+HOLDERS
util-linux-2.41.1/tests/expected/lslocks/lslocks-posix--w
util-linux-2.41.1/tests/expected/lslocks/lslocks-posix-r-
util-linux-2.41.1/tests/expected/lslocks/lslocks-ofd-r-
util-linux-2.41.1/tests/expected/losetup/
util-linux-2.41.1/tests/expected/losetup/losetup-file-secton
util-linux-2.41.1/tests/expected/losetup/losetup-loop-plain-conflict
util-linux-2.41.1/tests/expected/losetup/losetup-file-offset
util-linux-2.41.1/tests/expected/losetup/losetup-blkdev-show
util-linux-2.41.1/tests/expected/losetup/losetup-loop-find-conflict-no-sizelimit
util-linux-2.41.1/tests/expected/losetup/losetup-blkdev-offset
util-linux-2.41.1/tests/expected/losetup/losetup-blkdev-section
util-linux-2.41.1/tests/expected/losetup/losetup-blkdev-sizelimit
util-linux-2.41.1/tests/expected/losetup/losetup-loop-find-no-re-use
util-linux-2.41.1/tests/expected/losetup/losetup-loop-find-race-condition
util-linux-2.41.1/tests/expected/losetup/losetup-loop-plain-re-use
util-linux-2.41.1/tests/expected/losetup/losetup-loop-find-re-use
util-linux-2.41.1/tests/expected/losetup/losetup-loop
util-linux-2.41.1/tests/expected/losetup/losetup-file-sizelimit
util-linux-2.41.1/tests/expected/losetup/losetup-loop-find-ok-no-sizelimit
util-linux-2.41.1/tests/expected/losetup/losetup-loop-find-conflict
util-linux-2.41.1/tests/expected/losetup/losetup-loop-find-conflict-readonly
util-linux-2.41.1/tests/expected/losetup/losetup-loop-plain-readonly
util-linux-2.41.1/tests/expected/losetup/losetup-file-section
util-linux-2.41.1/tests/expected/losetup/losetup-file-show
util-linux-2.41.1/tests/expected/nsenter/
util-linux-2.41.1/tests/expected/nsenter/enter-via-socket
util-linux-2.41.1/tests/expected/chfn/
util-linux-2.41.1/tests/expected/chfn/gecos
util-linux-2.41.1/tests/expected/logger/
util-linux-2.41.1/tests/expected/logger/options-input_file_prio_prefix
util-linux-2.41.1/tests/expected/logger/errors-id_with_space
util-linux-2.41.1/tests/expected/logger/errors-rfc5424_exceed_size
util-linux-2.41.1/tests/expected/logger/formats-rfc5424_nohost.err
util-linux-2.41.1/tests/expected/logger/options-log_pid_define.err
util-linux-2.41.1/tests/expected/logger/options.err
util-linux-2.41.1/tests/expected/logger/options-input_file_skip_empty
util-linux-2.41.1/tests/expected/logger/formats-check_socket
util-linux-2.41.1/tests/expected/logger/options-log_pid_no_arg
util-linux-2.41.1/tests/expected/logger/errors-rfc5424_msgid_with_space
util-linux-2.41.1/tests/expected/logger/errors-tag_with_space.err
util-linux-2.41.1/tests/expected/logger/formats-rfc5424_msgid.err
util-linux-2.41.1/tests/expected/logger/options-log_pid_long
util-linux-2.41.1/tests/expected/logger/options-input_file_empty_line
util-linux-2.41.1/tests/expected/logger/errors-multi-line
util-linux-2.41.1/tests/expected/logger/errors-rfc5424_msgid_with_space.err
util-linux-2.41.1/tests/expected/logger/formats-priorities.err
util-linux-2.41.1/tests/expected/logger/formats-rfc5424_notime
util-linux-2.41.1/tests/expected/logger/formats-octet_counting.err
util-linux-2.41.1/tests/expected/logger/options-log_pid_no_arg.err
util-linux-2.41.1/tests/expected/logger/errors-multi-line.err
util-linux-2.41.1/tests/expected/logger/options-check_socket
util-linux-2.41.1/tests/expected/logger/formats-rfc5424_simple.err
util-linux-2.41.1/tests/expected/logger/errors-tag_with_space
util-linux-2.41.1/tests/expected/logger/options-input_file_simple
util-linux-2.41.1/tests/expected/logger/errors-kern_priority_numeric.err
util-linux-2.41.1/tests/expected/logger/formats-priorities
util-linux-2.41.1/tests/expected/logger/formats-rfc5424_msgid
util-linux-2.41.1/tests/expected/logger/formats-rfc5424_notime.err
util-linux-2.41.1/tests/expected/logger/errors-kern_priority.err
util-linux-2.41.1/tests/expected/logger/formats-check_socket.err
util-linux-2.41.1/tests/expected/logger/options-input_file_empty_line.err
util-linux-2.41.1/tests/expected/logger/formats-rfc5424_nohost
util-linux-2.41.1/tests/expected/logger/errors-invalid_socket
util-linux-2.41.1/tests/expected/logger/journald.err
util-linux-2.41.1/tests/expected/logger/errors-id_with_space.err
util-linux-2.41.1/tests/expected/logger/journald
util-linux-2.41.1/tests/expected/logger/errors-check_socket
util-linux-2.41.1/tests/expected/logger/input_simple
util-linux-2.41.1/tests/expected/logger/formats-rfc5424_simple
util-linux-2.41.1/tests/expected/logger/input_empty_line
util-linux-2.41.1/tests/expected/logger/options-input_file_prio_prefix.err
util-linux-2.41.1/tests/expected/logger/options-log_pid.err
util-linux-2.41.1/tests/expected/logger/formats-rfc3164.err
util-linux-2.41.1/tests/expected/logger/errors-tcp.err
util-linux-2.41.1/tests/expected/logger/options-log_pid_long.err
util-linux-2.41.1/tests/expected/logger/options-input_file_simple.err
util-linux-2.41.1/tests/expected/logger/options-log_pid
util-linux-2.41.1/tests/expected/logger/errors-tcp
util-linux-2.41.1/tests/expected/logger/formats-octet_counting
util-linux-2.41.1/tests/expected/logger/options-log_pid_define
util-linux-2.41.1/tests/expected/logger/options-simple.err
util-linux-2.41.1/tests/expected/logger/errors-invalid_prio
util-linux-2.41.1/tests/expected/logger/options-input_file_skip_empty.err
util-linux-2.41.1/tests/expected/logger/errors-invalid_prio.err
util-linux-2.41.1/tests/expected/logger/errors-invalid_socket.err
util-linux-2.41.1/tests/expected/logger/options-check_socket.err
util-linux-2.41.1/tests/expected/logger/input_prio_prefix
util-linux-2.41.1/tests/expected/logger/errors-check_socket.err
util-linux-2.41.1/tests/expected/logger/options-simple
util-linux-2.41.1/tests/expected/logger/errors-kern_priority_numeric
util-linux-2.41.1/tests/expected/logger/formats-rfc3164
util-linux-2.41.1/tests/expected/logger/errors-kern_priority
util-linux-2.41.1/tests/expected/logger/errors-rfc5424_exceed_size.err
util-linux-2.41.1/tests/expected/script/
util-linux-2.41.1/tests/expected/script/options-quiet
util-linux-2.41.1/tests/expected/script/options-size
util-linux-2.41.1/tests/expected/script/replay-input
util-linux-2.41.1/tests/expected/script/race
util-linux-2.41.1/tests/expected/script/replay-live
util-linux-2.41.1/tests/expected/script/options-force
util-linux-2.41.1/tests/expected/script/buffering-race
util-linux-2.41.1/tests/expected/script/options-return
util-linux-2.41.1/tests/expected/script/replay
util-linux-2.41.1/tests/expected/script/replay-basic
util-linux-2.41.1/tests/expected/script/replay-output
util-linux-2.41.1/tests/expected/script/options-append
util-linux-2.41.1/tests/expected/bitops/
util-linux-2.41.1/tests/expected/bitops/swapbytes
util-linux-2.41.1/tests/expected/sfdisk/
util-linux-2.41.1/tests/expected/sfdisk/resize-dos-7-reduce-relative
util-linux-2.41.1/tests/expected/sfdisk/dump-v2.32
util-linux-2.41.1/tests/expected/sfdisk/gpt-attrs-with-typo.err
util-linux-2.41.1/tests/expected/sfdisk/resize-gpt-4-enlarge-absolute
util-linux-2.41.1/tests/expected/sfdisk/gpt-attrs-broken-guid.err
util-linux-2.41.1/tests/expected/sfdisk/resize-gpt-13-max-last
util-linux-2.41.1/tests/expected/sfdisk/gpt-attrs-unsupported.err
util-linux-2.41.1/tests/expected/sfdisk/resize-gpt-3-move-down-relative
util-linux-2.41.1/tests/expected/sfdisk/dos-write-dump
util-linux-2.41.1/tests/expected/sfdisk/dos-explicit-size
util-linux-2.41.1/tests/expected/sfdisk/dos-read-dump
util-linux-2.41.1/tests/expected/sfdisk/resize-dos-12-reduce-midle
util-linux-2.41.1/tests/expected/sfdisk/gpt-attrs-space.err
util-linux-2.41.1/tests/expected/sfdisk/gpt-attrs-unsupported
util-linux-2.41.1/tests/expected/sfdisk/resize-gpt-12-reduce-midle
util-linux-2.41.1/tests/expected/sfdisk/dos-default-vs-gap1
util-linux-2.41.1/tests/expected/sfdisk/resize-dos-10-down-enlarge
util-linux-2.41.1/tests/expected/sfdisk/gpt-write-dump
util-linux-2.41.1/tests/expected/sfdisk/wipe-gpt-to-dos
util-linux-2.41.1/tests/expected/sfdisk/resize-dos-8-enlarge-all
util-linux-2.41.1/tests/expected/sfdisk/resize-gpt-7-reduce-relative
util-linux-2.41.1/tests/expected/sfdisk/resize-gpt-10-down-enlarge
util-linux-2.41.1/tests/expected/sfdisk/script-broken-4
util-linux-2.41.1/tests/expected/sfdisk/gpt-write-json
util-linux-2.41.1/tests/expected/sfdisk/gpt-type
util-linux-2.41.1/tests/expected/sfdisk/gpt-uuid
util-linux-2.41.1/tests/expected/sfdisk/script-broken-1
util-linux-2.41.1/tests/expected/sfdisk/dos-sizes-vs-gaps
util-linux-2.41.1/tests/expected/sfdisk/resize-dos-0-move-up-absolute
util-linux-2.41.1/tests/expected/sfdisk/resize-gpt-5-reduce-absolute
util-linux-2.41.1/tests/expected/sfdisk/movedata-down
util-linux-2.41.1/tests/expected/sfdisk/wipe-gpt-to-dos.err
util-linux-2.41.1/tests/expected/sfdisk/resize-dos-6-enlarge-relative
util-linux-2.41.1/tests/expected/sfdisk/dos-explicit-size.err
util-linux-2.41.1/tests/expected/sfdisk/gpt-attrs-with-typo
util-linux-2.41.1/tests/expected/sfdisk/gpt-list-pmbr.err
util-linux-2.41.1/tests/expected/sfdisk/gpt-list-pmbr
util-linux-2.41.1/tests/expected/sfdisk/dump-v2.35
util-linux-2.41.1/tests/expected/sfdisk/dos-reduce-empty-extended
util-linux-2.41.1/tests/expected/sfdisk/resize-dos-11-absolute-move-resize
util-linux-2.41.1/tests/expected/sfdisk/gpt-reorder
util-linux-2.41.1/tests/expected/sfdisk/script-separator
util-linux-2.41.1/tests/expected/sfdisk/resize-dos-unsorted
util-linux-2.41.1/tests/expected/sfdisk/gpt-attrs-space
util-linux-2.41.1/tests/expected/sfdisk/gpt-attrs.err
util-linux-2.41.1/tests/expected/sfdisk/resize-gpt-2-move-up-relative
util-linux-2.41.1/tests/expected/sfdisk/gpt-attrs-guid.err
util-linux-2.41.1/tests/expected/sfdisk/resize-gpt-6-enlarge-relative
util-linux-2.41.1/tests/expected/sfdisk/dos-dump-old
util-linux-2.41.1/tests/expected/sfdisk/resize-gpt-11-absolute-move-resize
util-linux-2.41.1/tests/expected/sfdisk/resize-dos-1-move-down-absolute
util-linux-2.41.1/tests/expected/sfdisk/script-broken-4.err
util-linux-2.41.1/tests/expected/sfdisk/wipe.err
util-linux-2.41.1/tests/expected/sfdisk/dos-simple-space
util-linux-2.41.1/tests/expected/sfdisk/gpt-all-defaults
util-linux-2.41.1/tests/expected/sfdisk/resize-dos-3-move-down-relative
util-linux-2.41.1/tests/expected/sfdisk/resize-dos-4-enlarge-absolute
util-linux-2.41.1/tests/expected/sfdisk/gpt-attrs-broken-guid
util-linux-2.41.1/tests/expected/sfdisk/dos-resize-logical
util-linux-2.41.1/tests/expected/sfdisk/resize-dos-13-max-last
util-linux-2.41.1/tests/expected/sfdisk/wipe-gpt-to-dos-auto
util-linux-2.41.1/tests/expected/sfdisk/script-broken-5.err
util-linux-2.41.1/tests/expected/sfdisk/wipe-fs-to-dos.err
util-linux-2.41.1/tests/expected/sfdisk/dos-default-vs-gap2
util-linux-2.41.1/tests/expected/sfdisk/dos-resize-extended
util-linux-2.41.1/tests/expected/sfdisk/resize-dos-9-up-preduce
util-linux-2.41.1/tests/expected/sfdisk/gpt-label
util-linux-2.41.1/tests/expected/sfdisk/dos-dump-gaps
util-linux-2.41.1/tests/expected/sfdisk/resize-gpt-8-enlarge-all
util-linux-2.41.1/tests/expected/sfdisk/script-type-and-id
util-linux-2.41.1/tests/expected/sfdisk/wipe-partition
util-linux-2.41.1/tests/expected/sfdisk/dos-activate
util-linux-2.41.1/tests/expected/sfdisk/resize-dos-2-move-up-relative
util-linux-2.41.1/tests/expected/sfdisk/wipe-gpt-to-dos-auto.err
util-linux-2.41.1/tests/expected/sfdisk/dos-resize-empty-extended
util-linux-2.41.1/tests/expected/sfdisk/script-broken-1.err
util-linux-2.41.1/tests/expected/sfdisk/dos-read-dump-case
util-linux-2.41.1/tests/expected/sfdisk/script-broken-2
util-linux-2.41.1/tests/expected/sfdisk/wipe-fs-to-dos
util-linux-2.41.1/tests/expected/sfdisk/gpt-read-dump
util-linux-2.41.1/tests/expected/sfdisk/movedata-non-overlay
util-linux-2.41.1/tests/expected/sfdisk/script-broken-2.err
util-linux-2.41.1/tests/expected/sfdisk/script-broken-3
util-linux-2.41.1/tests/expected/sfdisk/script-broken-5
util-linux-2.41.1/tests/expected/sfdisk/resize-gpt-9-up-preduce
util-linux-2.41.1/tests/expected/sfdisk/gpt-attrs
util-linux-2.41.1/tests/expected/sfdisk/dos-write-json
util-linux-2.41.1/tests/expected/sfdisk/resize-dos-5-reduce-absolute
util-linux-2.41.1/tests/expected/sfdisk/resize-gpt-1-move-down-absolute
util-linux-2.41.1/tests/expected/sfdisk/gpt-attrs-broken-nosep
util-linux-2.41.1/tests/expected/sfdisk/script-broken-3.err
util-linux-2.41.1/tests/expected/sfdisk/movedata-up
util-linux-2.41.1/tests/expected/sfdisk/wipe-partition.err
util-linux-2.41.1/tests/expected/sfdisk/dos-read-dump.err
util-linux-2.41.1/tests/expected/sfdisk/script-quotes
util-linux-2.41.1/tests/expected/sfdisk/gpt-attrs-guid
util-linux-2.41.1/tests/expected/sfdisk/dos-simple-commas
util-linux-2.41.1/tests/expected/sfdisk/dump-current
util-linux-2.41.1/tests/expected/sfdisk/dump
util-linux-2.41.1/tests/expected/sfdisk/gpt-attrs-broken-nosep.err
util-linux-2.41.1/tests/expected/sfdisk/gpt-resize
util-linux-2.41.1/tests/expected/sfdisk/resize-gpt-0-move-up-absolute
util-linux-2.41.1/tests/expected/sfdisk/dos-resize
util-linux-2.41.1/tests/expected/utmp/
util-linux-2.41.1/tests/expected/utmp/utmpdump-circle
util-linux-2.41.1/tests/expected/utmp/last-dns
util-linux-2.41.1/tests/expected/utmp/last-ipv6-dns
util-linux-2.41.1/tests/expected/utmp/last-ipv6-nodns
util-linux-2.41.1/tests/expected/utmp/utmpdump-tobin-ipv6
util-linux-2.41.1/tests/expected/utmp/utmpdump-subsecond
util-linux-2.41.1/tests/expected/utmp/utmpdump-tobin
util-linux-2.41.1/tests/expected/utmp/utmpdump-totxt-ipv6
util-linux-2.41.1/tests/expected/utmp/utmpdump-totxt
util-linux-2.41.1/tests/expected/utmp/last-nodns
util-linux-2.41.1/tests/expected/libfdisk/
util-linux-2.41.1/tests/expected/libfdisk/mkpart-full-mbr-err-logical.err
util-linux-2.41.1/tests/expected/libfdisk/mkpart-full-mbr-err-primary.err
util-linux-2.41.1/tests/expected/libfdisk/mkpart-full-mbr-err-logical
util-linux-2.41.1/tests/expected/libfdisk/mkpart
util-linux-2.41.1/tests/expected/libfdisk/mkpart-mbr-nopartno
util-linux-2.41.1/tests/expected/libfdisk/mkpart-full-gpt-space-gap
util-linux-2.41.1/tests/expected/libfdisk/mkpart-full-mbr-primary-nopartno
util-linux-2.41.1/tests/expected/libfdisk/mkpart-full-mbr-partno-gap
util-linux-2.41.1/tests/expected/libfdisk/mkpart-full-gpt-err-overlap.err
util-linux-2.41.1/tests/expected/libfdisk/gpt-all-defaults-with-typo
util-linux-2.41.1/tests/expected/libfdisk/mkpart-full-mbr-err-nospace.err
util-linux-2.41.1/tests/expected/libfdisk/mkpart-full-mbr-primary
util-linux-2.41.1/tests/expected/libfdisk/mkpart-full-mbr-logical
util-linux-2.41.1/tests/expected/libfdisk/mkpart-full-gpt
util-linux-2.41.1/tests/expected/libfdisk/mkpart-full
util-linux-2.41.1/tests/expected/libfdisk/gpt-all-defaults
util-linux-2.41.1/tests/expected/libfdisk/mkpart-full-mbr-err-primary
util-linux-2.41.1/tests/expected/libfdisk/gpt-getattr
util-linux-2.41.1/tests/expected/libfdisk/mkpart-mbr-logic
util-linux-2.41.1/tests/expected/libfdisk/mkpart-full-gpt-partno-gap
util-linux-2.41.1/tests/expected/libfdisk/mkpart-gpt
util-linux-2.41.1/tests/expected/libfdisk/mkpart-mbr
util-linux-2.41.1/tests/expected/libfdisk/gpt-setattr
util-linux-2.41.1/tests/expected/libfdisk/mkpart-full-gpt-nopartno
util-linux-2.41.1/tests/expected/libfdisk/mkpart-full-gpt-err-overlap
util-linux-2.41.1/tests/expected/libfdisk/mkpart-full-mbr-nopartno
util-linux-2.41.1/tests/expected/libfdisk/mkpart-full-mbr-err-nospace
util-linux-2.41.1/tests/expected/libfdisk/mkpart-full-mbr-space-gap
util-linux-2.41.1/tests/expected/partx/
util-linux-2.41.1/tests/expected/partx/partx-change-by-range
util-linux-2.41.1/tests/expected/partx/partx-delete-one
util-linux-2.41.1/tests/expected/partx/partx-image-dos+bsd
util-linux-2.41.1/tests/expected/partx/partx-add-existing
util-linux-2.41.1/tests/expected/partx/partx-update-one
util-linux-2.41.1/tests/expected/partx/partx-delpart
util-linux-2.41.1/tests/expected/partx/partx-detect-parts
util-linux-2.41.1/tests/expected/partx/partx-image-atari-xgm
util-linux-2.41.1/tests/expected/partx/partx-add-all
util-linux-2.41.1/tests/expected/partx/partx-delete-all
util-linux-2.41.1/tests/expected/partx/partx-addpart
util-linux-2.41.1/tests/expected/partx/partx-image-bsd
util-linux-2.41.1/tests/expected/partx/partx-image-sun
util-linux-2.41.1/tests/expected/partx/partx-delete-non-existent
util-linux-2.41.1/tests/expected/partx/partx-image-gpt
util-linux-2.41.1/tests/expected/partx/partx-image-sgi
util-linux-2.41.1/tests/expected/partx/partx-image-atari-primary
util-linux-2.41.1/tests/expected/lscpu/
util-linux-2.41.1/tests/expected/lscpu/lscpu-x86_64-64cpu
util-linux-2.41.1/tests/expected/lscpu/lscpu-x86_64-dell_e4310
util-linux-2.41.1/tests/expected/lscpu/lscpu-ppc64-POWER7-64cpu
util-linux-2.41.1/tests/expected/lscpu/lscpu-s390-lpar
util-linux-2.41.1/tests/expected/lscpu/lscpu-s390-zvm
util-linux-2.41.1/tests/expected/lscpu/lscpu-vmware_fpe
util-linux-2.41.1/tests/expected/lscpu/lscpu-x86_64-64cpu-linux6.2
util-linux-2.41.1/tests/expected/lscpu/lscpu-s390-kvm
util-linux-2.41.1/tests/expected/lscpu/lscpu-x86_64-epyc_7451
util-linux-2.41.1/tests/expected/lscpu/lscpu-sparc64
util-linux-2.41.1/tests/expected/lscpu/lscpu-rv64-linux
util-linux-2.41.1/tests/expected/lscpu/lscpu-armv7
util-linux-2.41.1/tests/expected/lscpu/lscpu-arm-A510-A710-A715-X3
util-linux-2.41.1/tests/expected/lscpu/lscpu-loongarch-kvm_on_loongson_3c6000
util-linux-2.41.1/tests/expected/lscpu/lscpu-s390-nested-virt
util-linux-2.41.1/tests/expected/lscpu/lscpu-rv64-milkvpioneer
util-linux-2.41.1/tests/expected/lscpu/lscpu-ppc64-POWER7
util-linux-2.41.1/tests/expected/lscpu/lscpu-rv64-visionfive2
util-linux-2.41.1/tests/expected/lscpu/lscpu-ppc-qemu
util-linux-2.41.1/tests/expected/lscpu/lscpu-s390-lpar-drawer
util-linux-2.41.1/tests/expected/lscpu/lscpu-loongarch-loongson_3a5000_hv
util-linux-2.41.1/tests/expected/lscpu/lscpu-vbox-win
util-linux-2.41.1/tests/expected/paths/
util-linux-2.41.1/tests/expected/paths/built-in
util-linux-2.41.1/tests/expected/minix/
util-linux-2.41.1/tests/expected/minix/mkfs-v3c60
util-linux-2.41.1/tests/expected/minix/fsck-images-bug.773892
util-linux-2.41.1/tests/expected/minix/fsck-images-v1c14
util-linux-2.41.1/tests/expected/minix/mkfs-v1c30
util-linux-2.41.1/tests/expected/minix/fsck-images-v3c60
util-linux-2.41.1/tests/expected/minix/mkfs-v2c14
util-linux-2.41.1/tests/expected/minix/fsck-images-v3c60.BE
util-linux-2.41.1/tests/expected/minix/fsck-images-v1c30.BE
util-linux-2.41.1/tests/expected/minix/fsck-images-broken-root
util-linux-2.41.1/tests/expected/minix/fsck.err
util-linux-2.41.1/tests/expected/minix/fsck-images-badblocks.BE
util-linux-2.41.1/tests/expected/minix/fsck-images-badblocks
util-linux-2.41.1/tests/expected/minix/fsck-images-v2c30.BE
util-linux-2.41.1/tests/expected/minix/fsck-images-auto-fix
util-linux-2.41.1/tests/expected/minix/mkfs-v2i65535
util-linux-2.41.1/tests/expected/minix/mkfs-v2c30
util-linux-2.41.1/tests/expected/minix/fsck-images-v2c14
util-linux-2.41.1/tests/expected/minix/fsck-images-v1c14.BE
util-linux-2.41.1/tests/expected/minix/fsck-images-v2c14.BE
util-linux-2.41.1/tests/expected/minix/fsck-images-v2c30
util-linux-2.41.1/tests/expected/minix/fsck-images-check-blocks
util-linux-2.41.1/tests/expected/minix/fsck-images-check-blocks.BE
util-linux-2.41.1/tests/expected/minix/fsck
util-linux-2.41.1/tests/expected/minix/fsck-images-v1c30
util-linux-2.41.1/tests/expected/minix/mkfs-v1c14
util-linux-2.41.1/tests/expected/look/
util-linux-2.41.1/tests/expected/look/separator
util-linux-2.41.1/tests/expected/cal/
util-linux-2.41.1/tests/expected/cal/bigyear-3sjw-month
util-linux-2.41.1/tests/expected/cal/weekarg-1mj-week53
util-linux-2.41.1/tests/expected/cal/colorw-reformation-corner-cases-1-week-numbers
util-linux-2.41.1/tests/expected/cal/weekarg-3s-week54-color
util-linux-2.41.1/tests/expected/cal/sep1752-week-iso
util-linux-2.41.1/tests/expected/cal/vertical-3sjv
util-linux-2.41.1/tests/expected/cal/bigyear-3mj-month
util-linux-2.41.1/tests/expected/cal/bigyear-1sj-month
util-linux-2.41.1/tests/expected/cal/bigyear-3s-month
util-linux-2.41.1/tests/expected/cal/bigyear-1m-year
util-linux-2.41.1/tests/expected/cal/month-1sj
util-linux-2.41.1/tests/expected/cal/colorw-first-day-week-numbers
util-linux-2.41.1/tests/expected/cal/month-1mw
util-linux-2.41.1/tests/expected/cal/sep1752-1m-month
util-linux-2.41.1/tests/expected/cal/color-reformation-corner-cases-1
util-linux-2.41.1/tests/expected/cal/vertical-vSn201
util-linux-2.41.1/tests/expected/cal/vertical-1sjv
util-linux-2.41.1/tests/expected/cal/bigyear-1mw-month
util-linux-2.41.1/tests/expected/cal/vertical-vSn51
util-linux-2.41.1/tests/expected/cal/color
util-linux-2.41.1/tests/expected/cal/weekarg-1m-week53
util-linux-2.41.1/tests/expected/cal/year-ys
util-linux-2.41.1/tests/expected/cal/vertical-3swv
util-linux-2.41.1/tests/expected/cal/color-vertical
util-linux-2.41.1/tests/expected/cal/sep1752-3m-month
util-linux-2.41.1/tests/expected/cal/weekarg-m-week40
util-linux-2.41.1/tests/expected/cal/vertical-3mjwv
util-linux-2.41.1/tests/expected/cal/weekarg-1m-week53-color
util-linux-2.41.1/tests/expected/cal/bigyear-3sj-month
util-linux-2.41.1/tests/expected/cal/weekarg-3s-week40
util-linux-2.41.1/tests/expected/cal/sep1752-3mj-month
util-linux-2.41.1/tests/expected/cal/weekarg-3m-week40-color
util-linux-2.41.1/tests/expected/cal/month-3mw
util-linux-2.41.1/tests/expected/cal/bigyear-3mw-month
util-linux-2.41.1/tests/expected/cal/column-6
util-linux-2.41.1/tests/expected/cal/vertical-3mv
util-linux-2.41.1/tests/expected/cal/month-3sj
util-linux-2.41.1/tests/expected/cal/year-ym
util-linux-2.41.1/tests/expected/cal/weekarg-3mj-week40-color
util-linux-2.41.1/tests/expected/cal/month-3m
util-linux-2.41.1/tests/expected/cal/vertical-1mwv
util-linux-2.41.1/tests/expected/cal/vertical-1mv
util-linux-2.41.1/tests/expected/cal/color-reformation-corner-cases-4
util-linux-2.41.1/tests/expected/cal/bigyear-1mw-year
util-linux-2.41.1/tests/expected/cal/weekarg-mj-week40
util-linux-2.41.1/tests/expected/cal/month-3sjw
util-linux-2.41.1/tests/expected/cal/month-Sn21
util-linux-2.41.1/tests/expected/cal/sep1752-1mjw-month
util-linux-2.41.1/tests/expected/cal/year-ymw
util-linux-2.41.1/tests/expected/cal/weeknum-ymw
util-linux-2.41.1/tests/expected/cal/month-1sw
util-linux-2.41.1/tests/expected/cal/sep1752-3s-month
util-linux-2.41.1/tests/expected/cal/weeknum
util-linux-2.41.1/tests/expected/cal/colorw-reformation-corner-cases-4-week-numbers
util-linux-2.41.1/tests/expected/cal/weeknum-3mw
util-linux-2.41.1/tests/expected/cal/sep1752-1sj-month
util-linux-2.41.1/tests/expected/cal/jan1753-3w
util-linux-2.41.1/tests/expected/cal/bigyear-1sj-year
util-linux-2.41.1/tests/expected/cal/color-first-day
util-linux-2.41.1/tests/expected/cal/bigyear-1sw-year
util-linux-2.41.1/tests/expected/cal/vertical-3sv
util-linux-2.41.1/tests/expected/cal/sep1752-1sj-year
util-linux-2.41.1/tests/expected/cal/month-1s
util-linux-2.41.1/tests/expected/cal/vertical-3mjv
util-linux-2.41.1/tests/expected/cal/color-vertical-week
util-linux-2.41.1/tests/expected/cal/bigyear-1mjw-month
util-linux-2.41.1/tests/expected/cal/weekarg-1mj-week53-color
util-linux-2.41.1/tests/expected/cal/month-3mj
util-linux-2.41.1/tests/expected/cal/month-1sjw
util-linux-2.41.1/tests/expected/cal/column-auto
util-linux-2.41.1/tests/expected/cal/weekarg-3mj-week40
util-linux-2.41.1/tests/expected/cal/weeknum-ysw
util-linux-2.41.1/tests/expected/cal/color-reformation-corner-cases-2
util-linux-2.41.1/tests/expected/cal/colorw
util-linux-2.41.1/tests/expected/cal/weekarg-sj-week40
util-linux-2.41.1/tests/expected/cal/vertical-1sv
util-linux-2.41.1/tests/expected/cal/month-3s
util-linux-2.41.1/tests/expected/cal/vertical-1sjwv
util-linux-2.41.1/tests/expected/cal/vertical-3mwv
util-linux-2.41.1/tests/expected/cal/sep1752-1mjw-year
util-linux-2.41.1/tests/expected/cal/weekarg-3sj-week40
util-linux-2.41.1/tests/expected/cal/vertical-1swv
util-linux-2.41.1/tests/expected/cal/year-ysw
util-linux-2.41.1/tests/expected/cal/sep1752-1sw-year
util-linux-2.41.1/tests/expected/cal/bigyear-1sw-month
util-linux-2.41.1/tests/expected/cal/sep1752-3sw-month
util-linux-2.41.1/tests/expected/cal/month-Sn201
util-linux-2.41.1/tests/expected/cal/year-ysj
util-linux-2.41.1/tests/expected/cal/vertical-1mjwv
util-linux-2.41.1/tests/expected/cal/sep1752-1mw-year
util-linux-2.41.1/tests/expected/cal/sep1752-1mw-month
util-linux-2.41.1/tests/expected/cal/sep1752-1mj-year
util-linux-2.41.1/tests/expected/cal/sep1752-1s-month
util-linux-2.41.1/tests/expected/cal/bigyear-1mj-year
util-linux-2.41.1/tests/expected/cal/month-3mjw
util-linux-2.41.1/tests/expected/cal/sep1752-3mjw-month
util-linux-2.41.1/tests/expected/cal/vertical-vSn21
util-linux-2.41.1/tests/expected/cal/bigyear-3sw-month
util-linux-2.41.1/tests/expected/cal/bigyear-3m-month
util-linux-2.41.1/tests/expected/cal/bigyear-1mj-month
util-linux-2.41.1/tests/expected/cal/month-3sw
util-linux-2.41.1/tests/expected/cal/sep1752-1s-year
util-linux-2.41.1/tests/expected/cal/weekarg-s-week40
util-linux-2.41.1/tests/expected/cal/column-5
util-linux-2.41.1/tests/expected/cal/bigyear-1sjw-month
util-linux-2.41.1/tests/expected/cal/sep1752-1sw-month
util-linux-2.41.1/tests/expected/cal/jan1753-m3w
util-linux-2.41.1/tests/expected/cal/year-ymjw
util-linux-2.41.1/tests/expected/cal/sep1752-1sjw-year
util-linux-2.41.1/tests/expected/cal/month-1mjw
util-linux-2.41.1/tests/expected/cal/color-reformation-corner-cases-3
util-linux-2.41.1/tests/expected/cal/vertical-vSn3
util-linux-2.41.1/tests/expected/cal/weeknum-ymjw
util-linux-2.41.1/tests/expected/cal/weekarg-3m-week40
util-linux-2.41.1/tests/expected/cal/month-1mj
util-linux-2.41.1/tests/expected/cal/sep1752-3sjw-month
util-linux-2.41.1/tests/expected/cal/month-Sn3
util-linux-2.41.1/tests/expected/cal/month-1m
util-linux-2.41.1/tests/expected/cal/month-Sn51
util-linux-2.41.1/tests/expected/cal/sep1752-1mj-month
util-linux-2.41.1/tests/expected/cal/year-ymj
util-linux-2.41.1/tests/expected/cal/year-ysjw
util-linux-2.41.1/tests/expected/cal/sep1752-3mw-month
util-linux-2.41.1/tests/expected/cal/bigyear-3mjw-month
util-linux-2.41.1/tests/expected/cal/sep1752-1sjw-month
util-linux-2.41.1/tests/expected/cal/weekarg-3m-week53-color
util-linux-2.41.1/tests/expected/cal/sep1752-1m-year
util-linux-2.41.1/tests/expected/cal/bigyear-1s-year
util-linux-2.41.1/tests/expected/cal/colorw-reformation-corner-cases-2-week-numbers
util-linux-2.41.1/tests/expected/cal/vertical-3sjwv
util-linux-2.41.1/tests/expected/cal/colorw-reformation-corner-cases-3-week-numbers
util-linux-2.41.1/tests/expected/cal/vertical-1mjv
util-linux-2.41.1/tests/expected/cal/colorw-last-day-week-numbers
util-linux-2.41.1/tests/expected/cal/color-last-day
util-linux-2.41.1/tests/expected/cal/bigyear-1sjw-year
util-linux-2.41.1/tests/expected/cal/weeknum-ysjw
util-linux-2.41.1/tests/expected/cal/sep1752-3sj-month
util-linux-2.41.1/tests/expected/cal/bigyear-1s-month
util-linux-2.41.1/tests/expected/cal/bigyear-1m-month
util-linux-2.41.1/tests/expected/cal/bigyear-1mjw-year
util-linux-2.41.1/tests/expected/cal/weeknum-3mjw
util-linux-2.41.1/tests/expected/cal/weeknum-3sjw
util-linux-2.41.1/tests/expected/cal/weeknum-3sw
util-linux-2.41.1/tests/expected/cal/weekarg-3m-week52-color
util-linux-2.41.1/tests/expected/fsck/
util-linux-2.41.1/tests/expected/fsck/ismounted
util-linux-2.41.1/tests/expected/liblastlog2/
util-linux-2.41.1/tests/expected/liblastlog2/write_read_user.err
util-linux-2.41.1/tests/expected/lsfd/
util-linux-2.41.1/tests/expected/lsfd/mkfds-symlink
util-linux-2.41.1/tests/expected/lsfd/column-xmode-XMODE-D-bit
util-linux-2.41.1/tests/expected/lsfd/mkfds-ro-regular-file
util-linux-2.41.1/tests/expected/lsfd/column-xmode-XMODE-L-bit-flock-ex
util-linux-2.41.1/tests/expected/lsfd/mkfds-eventfd
util-linux-2.41.1/tests/expected/lsfd/column-deleted-make-regular-file
util-linux-2.41.1/tests/expected/lsfd/mkfds-tcp6
util-linux-2.41.1/tests/expected/lsfd/column-source-btrfs
util-linux-2.41.1/tests/expected/lsfd/column-xmode-MODE-r-bit
util-linux-2.41.1/tests/expected/lsfd/mkfds-vsock
util-linux-2.41.1/tests/expected/lsfd/mkfds-unix-stream-requiring-sockdiag
util-linux-2.41.1/tests/expected/lsfd/mkfds-pidfd
util-linux-2.41.1/tests/expected/lsfd/mkfds-timerfd-boottime-interval-only
util-linux-2.41.1/tests/expected/lsfd/mkfds-unix-in-netns-seqpacket
util-linux-2.41.1/tests/expected/lsfd/mkfds-timerfd
util-linux-2.41.1/tests/expected/lsfd/mkfds-mapped-packet-socket
util-linux-2.41.1/tests/expected/lsfd/error-eperm
util-linux-2.41.1/tests/expected/lsfd/column-xmode-MODE-w-bit
util-linux-2.41.1/tests/expected/lsfd/mkfds-socketpair-STREAM-SHUTDOWN-STATE
util-linux-2.41.1/tests/expected/lsfd/mkfds-timerfd-monotonic-remaining-only
util-linux-2.41.1/tests/expected/lsfd/column-xmode-XMODE-r-bit
util-linux-2.41.1/tests/expected/lsfd/mkfds-raw6
util-linux-2.41.1/tests/expected/lsfd/column-xmode-XMODE-L-bit-posix-rw
util-linux-2.41.1/tests/expected/lsfd/option-hyperlink-character-device
util-linux-2.41.1/tests/expected/lsfd/mkfds-unix-dgram
util-linux-2.41.1/tests/expected/lsfd/column-source-with-root-SysVIPC-shmem
util-linux-2.41.1/tests/expected/lsfd/column-name-deleted-file
util-linux-2.41.1/tests/expected/lsfd/column-xmode-XMODE-w-bit
util-linux-2.41.1/tests/expected/lsfd/mkfds-multiplexing-poll
util-linux-2.41.1/tests/expected/lsfd/column-xmode-MODE-x-bit
util-linux-2.41.1/tests/expected/lsfd/mkfds-unix-in-netns-stream
util-linux-2.41.1/tests/expected/lsfd/mkfds-cdev-tun
util-linux-2.41.1/tests/expected/lsfd/column-name-pidfd
util-linux-2.41.1/tests/expected/lsfd/mkfds-bpf-prog
util-linux-2.41.1/tests/expected/lsfd/column-xmode-XMODE-x-bit
util-linux-2.41.1/tests/expected/lsfd/filter-floating-point-nums
util-linux-2.41.1/tests/expected/lsfd/column-ainodeclass-pidfd
util-linux-2.41.1/tests/expected/lsfd/mkfds-pipe-no-fork
util-linux-2.41.1/tests/expected/lsfd/column-name-ro-regular-file
util-linux-2.41.1/tests/expected/lsfd/column-xmode-XMODE-L-bit-posix--w
util-linux-2.41.1/tests/expected/lsfd/mkfds-tcp
util-linux-2.41.1/tests/expected/lsfd/mkfds-mqueue
util-linux-2.41.1/tests/expected/lsfd/column-xmode-XMODE-l-bit-posix-r-
util-linux-2.41.1/tests/expected/lsfd/mkfds-ping-ping6
util-linux-2.41.1/tests/expected/lsfd/column-kthread
util-linux-2.41.1/tests/expected/lsfd/column-type-ro-regular-file
util-linux-2.41.1/tests/expected/lsfd/column-source-namespace-ASSOC
util-linux-2.41.1/tests/expected/lsfd/mkfds-timerfd-alarm
util-linux-2.41.1/tests/expected/lsfd/option-hyperlink-regular-file
util-linux-2.41.1/tests/expected/lsfd/mkfds-ro-block-device
util-linux-2.41.1/tests/expected/lsfd/mkfds-raw
util-linux-2.41.1/tests/expected/lsfd/column-xmode-XMODE-L-bit-ofd--w
util-linux-2.41.1/tests/expected/lsfd/mkfds-socketpair-STREAM-ENDPOINT
util-linux-2.41.1/tests/expected/lsfd/option-hyperlink-deleted-file
util-linux-2.41.1/tests/expected/lsfd/mkfds-multiplexing-select
util-linux-2.41.1/tests/expected/lsfd/mkfds-eventpoll
util-linux-2.41.1/tests/expected/lsfd/mkfds-inotify
util-linux-2.41.1/tests/expected/lsfd/mkfds-foreign-sockets
util-linux-2.41.1/tests/expected/lsfd/column-xmode-XMODE-l-bit-lease-r
util-linux-2.41.1/tests/expected/lsfd/option-pid
util-linux-2.41.1/tests/expected/lsfd/option-inet
util-linux-2.41.1/tests/expected/lsfd/mkfds-rw-character-device
util-linux-2.41.1/tests/expected/lsfd/column-xmode-XMODE-L-bit-lease-w
util-linux-2.41.1/tests/expected/lsfd/column-type-socketpair
util-linux-2.41.1/tests/expected/lsfd/column-xmode-XMODE-L-bit-ofd-rw
util-linux-2.41.1/tests/expected/lsfd/mkfds-inotify-btrfs
util-linux-2.41.1/tests/expected/lsfd/mkfds-netlink-protocol
util-linux-2.41.1/tests/expected/lsfd/mkfds-timerfd-realtime-remaining-and-interval
util-linux-2.41.1/tests/expected/lsfd/column-xmode-XMODE-m-bit
util-linux-2.41.1/tests/expected/lsfd/column-type-pidfd
util-linux-2.41.1/tests/expected/lsfd/column-xmode-XMODE-l-bit-ofd-r-
util-linux-2.41.1/tests/expected/lsfd/mkfds-unix-stream
util-linux-2.41.1/tests/expected/lsfd/mkfds-socketpair-DGRAM
util-linux-2.41.1/tests/expected/lsfd/column-xmode-XMODE-l-bit-flock-sh
util-linux-2.41.1/tests/expected/lsfd/mkfds-ping-ping
util-linux-2.41.1/tests/expected/lsfd/mkfds-udp
util-linux-2.41.1/tests/expected/lsfd/column-ainodeclass-inotify
util-linux-2.41.1/tests/expected/lsfd/option-summary
util-linux-2.41.1/tests/expected/lsfd/mkfds-bpf-map
util-linux-2.41.1/tests/expected/lsfd/error-eaccess
util-linux-2.41.1/tests/expected/lsfd/mkfds-netns
util-linux-2.41.1/tests/expected/lsfd/mkfds-signalfd
util-linux-2.41.1/tests/expected/lsfd/mkfds-udp6
util-linux-2.41.1/tests/expected/lsfd/mkfds-socketpair-STREAM-ENDPOINT-halfclose
util-linux-2.41.1/tests/expected/lsfd/mkfds-netlink-groups
util-linux-2.41.1/tests/expected/lsfd/column-type-inotify
util-linux-2.41.1/tests/expected/lsfd/mkfds-directory
util-linux-2.41.1/tests/expected/lsfd/mkfds-unix-in-netns-dgram
util-linux-2.41.1/tests/expected/lsfd/mkfds-pty
util-linux-2.41.1/tests/expected/lsfd/column-deleted-ro-regular-file
util-linux-2.41.1/tests/expected/lsfd/mkfds-multiplexing-pselect6
util-linux-2.41.1/tests/expected/lsfd/mkfds-multiplexing-ppoll
util-linux-2.41.1/tests/expected/lsfd/filter-broken-exp
util-linux-2.41.1/tests/expected/lsfd/column-name-socketpair
util-linux-2.41.1/tests/expected/lsfd/mkfds-socketpair-STREAM
util-linux-2.41.1/tests/expected/fdisk/
util-linux-2.41.1/tests/expected/fdisk/sunlabel-set-first-par-mountable
util-linux-2.41.1/tests/expected/fdisk/align-512-4K
util-linux-2.41.1/tests/expected/fdisk/gpt-delete-partition
util-linux-2.41.1/tests/expected/fdisk/mbr-nondos-mode-logical-delete
util-linux-2.41.1/tests/expected/fdisk/bsd_0_64.LE
util-linux-2.41.1/tests/expected/fdisk/mbr-dos-mode-create-primary-partition
util-linux-2.41.1/tests/expected/fdisk/mbr-nondos-mode-1nd-primary-delete
util-linux-2.41.1/tests/expected/fdisk/align-512-512-topology
util-linux-2.41.1/tests/expected/fdisk/sunlabel
util-linux-2.41.1/tests/expected/fdisk/oddinput.err
util-linux-2.41.1/tests/expected/fdisk/mbr-dos-mode-create-extended-par
util-linux-2.41.1/tests/expected/fdisk/align-512-4K-63
util-linux-2.41.1/tests/expected/fdisk/gpt-change-type-by-uuid
util-linux-2.41.1/tests/expected/fdisk/mbr-nondos-mode-first-sector-at-end
util-linux-2.41.1/tests/expected/fdisk/bsd_0_64.BE
util-linux-2.41.1/tests/expected/fdisk/mbr-nondos-mode-1st-primary-delete
util-linux-2.41.1/tests/expected/fdisk/bsd_1_0.LE
util-linux-2.41.1/tests/expected/fdisk/gpt-change-type-by-number
util-linux-2.41.1/tests/expected/fdisk/mbr-dos-mode-delete-extended-par
util-linux-2.41.1/tests/expected/fdisk/id-create-mbr-with-id-0x2.sparc
util-linux-2.41.1/tests/expected/fdisk/bsd_1_0.BE
util-linux-2.41.1/tests/expected/fdisk/mbr-dos-mode
util-linux-2.41.1/tests/expected/fdisk/id
util-linux-2.41.1/tests/expected/fdisk/mbr-nondos-mode-1st-primary-recreate
util-linux-2.41.1/tests/expected/fdisk/mbr-nondos-mode-empty-pt
util-linux-2.41.1/tests/expected/fdisk/mbr-dos-mode-delete-logical-par
util-linux-2.41.1/tests/expected/fdisk/mbr-sort-create-primary-partitions
util-linux-2.41.1/tests/expected/fdisk/mbr-dos-mode-set-primary-par-active
util-linux-2.41.1/tests/expected/fdisk/mbr-nondos-mode-extended
util-linux-2.41.1/tests/expected/fdisk/id-create-mbr-with-id-0x1
util-linux-2.41.1/tests/expected/fdisk/mbr-dos-mode-set-partition-type
util-linux-2.41.1/tests/expected/fdisk/align-512-512
util-linux-2.41.1/tests/expected/fdisk/resize
util-linux-2.41.1/tests/expected/fdisk/align-512-4K-md
util-linux-2.41.1/tests/expected/fdisk/mbr-nondos-mode-1st-primary
util-linux-2.41.1/tests/expected/fdisk/bsd_0_64_alpha.LE
util-linux-2.41.1/tests/expected/fdisk/mbr-dos-mode-re-create-primary-par
util-linux-2.41.1/tests/expected/fdisk/sunlabel-empty-sun-pt
util-linux-2.41.1/tests/expected/fdisk/oddinput.toosmall
util-linux-2.41.1/tests/expected/fdisk/mbr-sort-empty-pt
util-linux-2.41.1/tests/expected/fdisk/sunlabel-set-first-par-readonly
util-linux-2.41.1/tests/expected/fdisk/sunlabel-set-partition-sysid
util-linux-2.41.1/tests/expected/fdisk/id-create-mbr-with-id-0x2
util-linux-2.41.1/tests/expected/fdisk/mbr-sort-fix-order
util-linux-2.41.1/tests/expected/fdisk/sunlabel-create-first-partition
util-linux-2.41.1/tests/expected/fdisk/gpt
util-linux-2.41.1/tests/expected/fdisk/mbr-nondos-mode-2nd-primary
util-linux-2.41.1/tests/expected/fdisk/gpt-create-again-partition
util-linux-2.41.1/tests/expected/fdisk/mbr-nondos-mode-1st-active
util-linux-2.41.1/tests/expected/fdisk/mbr-dos-mode-create-logical-par
util-linux-2.41.1/tests/expected/fdisk/mbr-nondos-mode-extended-delete
util-linux-2.41.1/tests/expected/fdisk/mbr-nondos-mode-logical-recreate
util-linux-2.41.1/tests/expected/fdisk/mbr-nondos-mode-logical
util-linux-2.41.1/tests/expected/fdisk/oddinput
util-linux-2.41.1/tests/expected/fdisk/mbr-dos-mode-create-another-log-par
util-linux-2.41.1/tests/expected/fdisk/sunlabel-create-second-partition
util-linux-2.41.1/tests/expected/fdisk/id-create-mbr-with-id-0x1.sparc
util-linux-2.41.1/tests/expected/fdisk/gpt-resize.err
util-linux-2.41.1/tests/expected/fdisk/mbr-dos-mode-delete-primary-par
util-linux-2.41.1/tests/expected/fdisk/id.sparc
util-linux-2.41.1/tests/expected/fdisk/sunlabel-delete-all-partitions
util-linux-2.41.1/tests/expected/fdisk/mbr-sort-create-logical-partitions
util-linux-2.41.1/tests/expected/fdisk/gpt-corrupt-primary-table
util-linux-2.41.1/tests/expected/fdisk/gpt-create-partitions
util-linux-2.41.1/tests/expected/fdisk/gpt-empty-pt
util-linux-2.41.1/tests/expected/fdisk/gpt-corrupt-backup-table
util-linux-2.41.1/tests/expected/fdisk/mbr-dos-mode-empty-pt
util-linux-2.41.1/tests/expected/fdisk/mbr-sort
util-linux-2.41.1/tests/expected/fdisk/gpt-resize
util-linux-2.41.1/tests/run.sh
util-linux-2.41.1/tests/helpers/
util-linux-2.41.1/tests/helpers/test_md5.c
util-linux-2.41.1/tests/helpers/test_sigreceive.c
util-linux-2.41.1/tests/helpers/test_mbsencode.c
util-linux-2.41.1/tests/helpers/test_cap.c
util-linux-2.41.1/tests/helpers/test_sha1.c
util-linux-2.41.1/tests/helpers/test_sigstate.c
util-linux-2.41.1/tests/helpers/test_mkfds.h
util-linux-2.41.1/tests/helpers/test_sysinfo.c
util-linux-2.41.1/tests/helpers/test_tiocsti.c
util-linux-2.41.1/tests/helpers/test_mkfds_ppoll.c
util-linux-2.41.1/tests/helpers/test_byteswap.c
util-linux-2.41.1/tests/helpers/test_strerror.c
util-linux-2.41.1/tests/helpers/Makemodule.am
util-linux-2.41.1/tests/helpers/test_mkfds.c
util-linux-2.41.1/tests/helpers/test_uuid_namespace.c
util-linux-2.41.1/tests/helpers/test_enosys.c
util-linux-2.41.1/tests/helpers/test_pathnames.c
util-linux-2.41.1/tests/Makemodule.am
util-linux-2.41.1/tests/ts/
util-linux-2.41.1/tests/ts/fincore/
util-linux-2.41.1/tests/ts/fincore/count
util-linux-2.41.1/tests/ts/eject/
util-linux-2.41.1/tests/ts/eject/umount
util-linux-2.41.1/tests/ts/libmount/
util-linux-2.41.1/tests/ts/libmount/loop
util-linux-2.41.1/tests/ts/libmount/context-py
util-linux-2.41.1/tests/ts/libmount/optstr
util-linux-2.41.1/tests/ts/libmount/tabfiles-py
util-linux-2.41.1/tests/ts/libmount/optlist
util-linux-2.41.1/tests/ts/libmount/files/
util-linux-2.41.1/tests/ts/libmount/files/swaps
util-linux-2.41.1/tests/ts/libmount/files/fstab
util-linux-2.41.1/tests/ts/libmount/files/mountinfo_mv
util-linux-2.41.1/tests/ts/libmount/files/fstab.comment
util-linux-2.41.1/tests/ts/libmount/files/kernel_cmdline
util-linux-2.41.1/tests/ts/libmount/files/mtab
util-linux-2.41.1/tests/ts/libmount/files/mountinfo_u
util-linux-2.41.1/tests/ts/libmount/files/mountinfo_nosrc
util-linux-2.41.1/tests/ts/libmount/files/fstab.broken
util-linux-2.41.1/tests/ts/libmount/files/mountinfo
util-linux-2.41.1/tests/ts/libmount/files/mountinfo_re
util-linux-2.41.1/tests/ts/libmount/context-utab-py
util-linux-2.41.1/tests/ts/libmount/loop-overlay
util-linux-2.41.1/tests/ts/libmount/context-utab
util-linux-2.41.1/tests/ts/libmount/tabdiff
util-linux-2.41.1/tests/ts/libmount/lock
util-linux-2.41.1/tests/ts/libmount/tabfiles
util-linux-2.41.1/tests/ts/libmount/update-py
util-linux-2.41.1/tests/ts/libmount/tabfiles-tags-py
util-linux-2.41.1/tests/ts/libmount/tabfiles-tags
util-linux-2.41.1/tests/ts/libmount/update
util-linux-2.41.1/tests/ts/libmount/debug
util-linux-2.41.1/tests/ts/libmount/context
util-linux-2.41.1/tests/ts/libmount/utils
util-linux-2.41.1/tests/ts/build-sys/
util-linux-2.41.1/tests/ts/build-sys/config
util-linux-2.41.1/tests/ts/getopt/
util-linux-2.41.1/tests/ts/getopt/options
util-linux-2.41.1/tests/ts/getopt/basic
util-linux-2.41.1/tests/ts/schedutils/
util-linux-2.41.1/tests/ts/schedutils/coresched
util-linux-2.41.1/tests/ts/schedutils/chrt
util-linux-2.41.1/tests/ts/schedutils/cpuset
util-linux-2.41.1/tests/ts/schedutils/chrt-non-root
util-linux-2.41.1/tests/ts/exch/
util-linux-2.41.1/tests/ts/exch/exch
util-linux-2.41.1/tests/ts/namei/
util-linux-2.41.1/tests/ts/namei/logic
util-linux-2.41.1/tests/ts/colrm/
util-linux-2.41.1/tests/ts/colrm/rm2-2
util-linux-2.41.1/tests/ts/mkswap/
util-linux-2.41.1/tests/ts/mkswap/mkswap
util-linux-2.41.1/tests/ts/mkswap/BE-4096.img.xz
util-linux-2.41.1/tests/ts/mkswap/BE-8192.img.xz
util-linux-2.41.1/tests/ts/mkswap/LE-8192.img.xz
util-linux-2.41.1/tests/ts/mkswap/LE-4096.img.xz
util-linux-2.41.1/tests/ts/sha1/
util-linux-2.41.1/tests/ts/sha1/sha1
util-linux-2.41.1/tests/ts/sha1/data
util-linux-2.41.1/tests/ts/ul/
util-linux-2.41.1/tests/ts/ul/basic.input
util-linux-2.41.1/tests/ts/ul/ul
util-linux-2.41.1/tests/ts/ul/basic
util-linux-2.41.1/tests/ts/ul/filter.input
util-linux-2.41.1/tests/ts/colcrt/
util-linux-2.41.1/tests/ts/colcrt/functional
util-linux-2.41.1/tests/ts/colcrt/crash2
util-linux-2.41.1/tests/ts/colcrt/crash1
util-linux-2.41.1/tests/ts/colcrt/nasty-input
util-linux-2.41.1/tests/ts/colcrt/regressions
util-linux-2.41.1/tests/ts/colcrt/underlines
util-linux-2.41.1/tests/ts/colcrt/hang1
util-linux-2.41.1/tests/ts/hwclock/
util-linux-2.41.1/tests/ts/hwclock/systohc
util-linux-2.41.1/tests/ts/hwclock/show
util-linux-2.41.1/tests/ts/more/
util-linux-2.41.1/tests/ts/more/squeeze
util-linux-2.41.1/tests/ts/more/regexp
util-linux-2.41.1/tests/ts/mount/
util-linux-2.41.1/tests/ts/mount/fallback
util-linux-2.41.1/tests/ts/mount/complex
util-linux-2.41.1/tests/ts/mount/fstab-label2uuid
util-linux-2.41.1/tests/ts/mount/regfile
util-linux-2.41.1/tests/ts/mount/fstab-label2devname
util-linux-2.41.1/tests/ts/mount/fstab-uuid2label
util-linux-2.41.1/tests/ts/mount/move
util-linux-2.41.1/tests/ts/mount/shared-subtree
util-linux-2.41.1/tests/ts/mount/fstab-devname2uuid
util-linux-2.41.1/tests/ts/mount/fstab-btrfs
util-linux-2.41.1/tests/ts/mount/fstab-uuid2devname
util-linux-2.41.1/tests/ts/mount/fstab-none
util-linux-2.41.1/tests/ts/mount/uuid
util-linux-2.41.1/tests/ts/mount/subdir
util-linux-2.41.1/tests/ts/mount/fstab-bind
util-linux-2.41.1/tests/ts/mount/umount-alltargets
util-linux-2.41.1/tests/ts/mount/fstab-devname2label
util-linux-2.41.1/tests/ts/mount/fstab-uuid
util-linux-2.41.1/tests/ts/mount/set_ugid_mode
util-linux-2.41.1/tests/ts/mount/umount-recursive
util-linux-2.41.1/tests/ts/mount/fstab-devname
util-linux-2.41.1/tests/ts/mount/xnocanon
util-linux-2.41.1/tests/ts/mount/fstab-all
util-linux-2.41.1/tests/ts/mount/fstab-broken
util-linux-2.41.1/tests/ts/mount/fstab-label
util-linux-2.41.1/tests/ts/mount/dm-verity
util-linux-2.41.1/tests/ts/mount/fstab-symlink
util-linux-2.41.1/tests/ts/mount/devname
util-linux-2.41.1/tests/ts/mount/label
util-linux-2.41.1/tests/ts/mount/fstab-loop
util-linux-2.41.1/tests/ts/mount/fslists
util-linux-2.41.1/tests/ts/mount/remount
util-linux-2.41.1/tests/ts/mount/special
util-linux-2.41.1/tests/ts/rename/
util-linux-2.41.1/tests/ts/rename/exit_codes
util-linux-2.41.1/tests/ts/rename/symlink
util-linux-2.41.1/tests/ts/rename/basic
util-linux-2.41.1/tests/ts/rename/subdir
util-linux-2.41.1/tests/ts/rename/overwrite
util-linux-2.41.1/tests/ts/ipcs/
util-linux-2.41.1/tests/ts/ipcs/limits
util-linux-2.41.1/tests/ts/ipcs/headers
util-linux-2.41.1/tests/ts/ipcs/mk-rm-shm
util-linux-2.41.1/tests/ts/ipcs/functions.sh
util-linux-2.41.1/tests/ts/ipcs/limits2
util-linux-2.41.1/tests/ts/ipcs/mk-rm-msg
util-linux-2.41.1/tests/ts/ipcs/mk-rm-sem
util-linux-2.41.1/tests/ts/fuzzers/
util-linux-2.41.1/tests/ts/fuzzers/test_last_fuzz_files/
util-linux-2.41.1/tests/ts/fuzzers/test_last_fuzz_files/github-1097
util-linux-2.41.1/tests/ts/fuzzers/test_last_fuzz
util-linux-2.41.1/tests/ts/fuzzers/test_fdisk_script_fuzz_files/
util-linux-2.41.1/tests/ts/fuzzers/test_fdisk_script_fuzz_files/crash-d216dfd17039a189c3858d78fbcf588695439b3b
util-linux-2.41.1/tests/ts/fuzzers/test_fdisk_script_fuzz_files/oss-fuzz-24589
util-linux-2.41.1/tests/ts/fuzzers/test_fdisk_script_fuzz_files/crash-8ae1c667bed4b4b864f62e78cded81d5083177eb
util-linux-2.41.1/tests/ts/fuzzers/test_fdisk_script_fuzz_files/github-1015-2
util-linux-2.41.1/tests/ts/fuzzers/test_fdisk_script_fuzz_files/parse_line_valcommas-use-of-uninitialized-value
util-linux-2.41.1/tests/ts/fuzzers/test_fdisk_script_fuzz_files/oss-fuzz-24861
util-linux-2.41.1/tests/ts/fuzzers/test_fdisk_script_fuzz_files/github-1015-1
util-linux-2.41.1/tests/ts/fuzzers/test_mount_fuzz
util-linux-2.41.1/tests/ts/fuzzers/test_blkid_fuzz_files/
util-linux-2.41.1/tests/ts/fuzzers/test_blkid_fuzz_files/oss-fuzz-55318
util-linux-2.41.1/tests/ts/fuzzers/test_blkid_fuzz_files/oss-fuzz-53142
util-linux-2.41.1/tests/ts/fuzzers/test_blkid_fuzz_files/oss-fuzz-53160
util-linux-2.41.1/tests/ts/fuzzers/test_blkid_fuzz_files/oss-fuzz-371061095
util-linux-2.41.1/tests/ts/fuzzers/test_blkid_fuzz_files/oss-fuzz-55291
util-linux-2.41.1/tests/ts/fuzzers/test_blkid_fuzz_files/oss-fuzz-53149
util-linux-2.41.1/tests/ts/fuzzers/test_blkid_fuzz_files/oss-fuzz-62691
util-linux-2.41.1/tests/ts/fuzzers/test_blkid_fuzz_files/oss-fuzz-55282
util-linux-2.41.1/tests/ts/fuzzers/test_blkid_fuzz
util-linux-2.41.1/tests/ts/fuzzers/test_fdisk_script_fuzz
util-linux-2.41.1/tests/ts/fuzzers/test_mount_fuzz_files/
util-linux-2.41.1/tests/ts/fuzzers/test_mount_fuzz_files/oss-fuzz-23722
util-linux-2.41.1/tests/ts/hexdump/
util-linux-2.41.1/tests/ts/hexdump/files/
util-linux-2.41.1/tests/ts/hexdump/files/ascii.in
util-linux-2.41.1/tests/ts/hexdump/highlighting
util-linux-2.41.1/tests/ts/hexdump/format-strings
util-linux-2.41.1/tests/ts/dmesg/
util-linux-2.41.1/tests/ts/dmesg/cid-kmsg-limit
util-linux-2.41.1/tests/ts/dmesg/console-levels
util-linux-2.41.1/tests/ts/dmesg/cid-json
util-linux-2.41.1/tests/ts/dmesg/cid-input
util-linux-2.41.1/tests/ts/dmesg/cid-kmsg-decode
util-linux-2.41.1/tests/ts/dmesg/cid-kmsg-colors
util-linux-2.41.1/tests/ts/dmesg/timestamp-format
util-linux-2.41.1/tests/ts/dmesg/limit
util-linux-2.41.1/tests/ts/dmesg/colors
util-linux-2.41.1/tests/ts/dmesg/cid-kmsg-facilities
util-linux-2.41.1/tests/ts/dmesg/decode
util-linux-2.41.1/tests/ts/dmesg/cid-kmsg-console-levels
util-linux-2.41.1/tests/ts/dmesg/facilities
util-linux-2.41.1/tests/ts/dmesg/cid-kmsg-json
util-linux-2.41.1/tests/ts/dmesg/json
util-linux-2.41.1/tests/ts/dmesg/kmsg-file
util-linux-2.41.1/tests/ts/dmesg/input
util-linux-2.41.1/tests/ts/dmesg/cid-kmsg-newlines
util-linux-2.41.1/tests/ts/dmesg/cid-kmsg-input
util-linux-2.41.1/tests/ts/dmesg/newlines
util-linux-2.41.1/tests/ts/dmesg/kmsg-input
util-linux-2.41.1/tests/ts/dmesg/cid-kmsg-delta
util-linux-2.41.1/tests/ts/dmesg/delta
util-linux-2.41.1/tests/ts/dmesg/cid-kmsg-indentation
util-linux-2.41.1/tests/ts/dmesg/indentation
util-linux-2.41.1/tests/ts/libsmartcols/
util-linux-2.41.1/tests/ts/libsmartcols/files/
util-linux-2.41.1/tests/ts/libsmartcols/files/col-id
util-linux-2.41.1/tests/ts/libsmartcols/files/col-float
util-linux-2.41.1/tests/ts/libsmartcols/files/col-wrapzero
util-linux-2.41.1/tests/ts/libsmartcols/files/data-bool
util-linux-2.41.1/tests/ts/libsmartcols/files/col-name
util-linux-2.41.1/tests/ts/libsmartcols/files/col-hidden
util-linux-2.41.1/tests/ts/libsmartcols/files/data-parent
util-linux-2.41.1/tests/ts/libsmartcols/files/col-wrap
util-linux-2.41.1/tests/ts/libsmartcols/files/data-float
util-linux-2.41.1/tests/ts/libsmartcols/files/col-strict
util-linux-2.41.1/tests/ts/libsmartcols/files/data-number
util-linux-2.41.1/tests/ts/libsmartcols/files/data-string-nl
util-linux-2.41.1/tests/ts/libsmartcols/files/data-string-long
util-linux-2.41.1/tests/ts/libsmartcols/files/col-trunc
util-linux-2.41.1/tests/ts/libsmartcols/files/col-bool
util-linux-2.41.1/tests/ts/libsmartcols/files/data-number-tiny
util-linux-2.41.1/tests/ts/libsmartcols/files/data-string
util-linux-2.41.1/tests/ts/libsmartcols/files/col-string
util-linux-2.41.1/tests/ts/libsmartcols/files/data-string-zero
util-linux-2.41.1/tests/ts/libsmartcols/files/col-parent
util-linux-2.41.1/tests/ts/libsmartcols/files/col-tree
util-linux-2.41.1/tests/ts/libsmartcols/files/data-id
util-linux-2.41.1/tests/ts/libsmartcols/files/col-noextremes
util-linux-2.41.1/tests/ts/libsmartcols/files/col-number
util-linux-2.41.1/tests/ts/libsmartcols/files/col-wrapnl
util-linux-2.41.1/tests/ts/libsmartcols/files/data-string-extreme
util-linux-2.41.1/tests/ts/libsmartcols/files/data-string-empty
util-linux-2.41.1/tests/ts/libsmartcols/filter
util-linux-2.41.1/tests/ts/libsmartcols/fromfile
util-linux-2.41.1/tests/ts/libsmartcols/title
util-linux-2.41.1/tests/ts/libsmartcols/continuous-json
util-linux-2.41.1/tests/ts/misc/
util-linux-2.41.1/tests/ts/misc/optstr
util-linux-2.41.1/tests/ts/misc/mbsencode
util-linux-2.41.1/tests/ts/misc/whereis
util-linux-2.41.1/tests/ts/misc/line
util-linux-2.41.1/tests/ts/misc/pipesz
util-linux-2.41.1/tests/ts/misc/rev
util-linux-2.41.1/tests/ts/misc/setarch
util-linux-2.41.1/tests/ts/misc/setpgid
util-linux-2.41.1/tests/ts/misc/enosys
util-linux-2.41.1/tests/ts/misc/flock
util-linux-2.41.1/tests/ts/misc/boilerplate
util-linux-2.41.1/tests/ts/misc/ionice
util-linux-2.41.1/tests/ts/misc/lsclocks
util-linux-2.41.1/tests/ts/misc/waitpid
util-linux-2.41.1/tests/ts/misc/fallocate
util-linux-2.41.1/tests/ts/misc/time_t
util-linux-2.41.1/tests/ts/misc/mountpoint
util-linux-2.41.1/tests/ts/misc/mcookie
util-linux-2.41.1/tests/ts/misc/strtosize
util-linux-2.41.1/tests/ts/misc/setsid
util-linux-2.41.1/tests/ts/misc/bits
util-linux-2.41.1/tests/ts/misc/swaplabel
util-linux-2.41.1/tests/ts/lsblk/
util-linux-2.41.1/tests/ts/lsblk/lsblk
util-linux-2.41.1/tests/ts/lsblk/dumps/
util-linux-2.41.1/tests/ts/lsblk/dumps/simple-nvme.tar.xz
util-linux-2.41.1/tests/ts/lsblk/dumps/simple-lvm.tar.xz
util-linux-2.41.1/tests/ts/lsblk/mk-input.sh
util-linux-2.41.1/tests/ts/lsblk/README
util-linux-2.41.1/tests/ts/swapon/
util-linux-2.41.1/tests/ts/swapon/fixpgsz
util-linux-2.41.1/tests/ts/swapon/uuid
util-linux-2.41.1/tests/ts/swapon/fixsig
util-linux-2.41.1/tests/ts/swapon/devname
util-linux-2.41.1/tests/ts/swapon/label
util-linux-2.41.1/tests/ts/lsns/
util-linux-2.41.1/tests/ts/lsns/netns-from-sock
util-linux-2.41.1/tests/ts/lsns/netnsid
util-linux-2.41.1/tests/ts/lsns/filedesc
util-linux-2.41.1/tests/ts/lsns/ioctl_ns
util-linux-2.41.1/tests/ts/lsns/filter
util-linux-2.41.1/tests/ts/lsns/nsfs
util-linux-2.41.1/tests/ts/login/
util-linux-2.41.1/tests/ts/login/islocal
util-linux-2.41.1/tests/ts/login/islocal.data
util-linux-2.41.1/tests/ts/login/logindefs
util-linux-2.41.1/tests/ts/login/logindefs.data
util-linux-2.41.1/tests/ts/lslogins/
util-linux-2.41.1/tests/ts/lslogins/checkuser
util-linux-2.41.1/tests/ts/lslogins/create_db.sql
util-linux-2.41.1/tests/ts/blkdiscard/
util-linux-2.41.1/tests/ts/blkdiscard/offsets
util-linux-2.41.1/tests/ts/isosize/
util-linux-2.41.1/tests/ts/isosize/sample.iso.gz
util-linux-2.41.1/tests/ts/isosize/print-size
util-linux-2.41.1/tests/ts/uuid/
util-linux-2.41.1/tests/ts/uuid/uuid_parser
util-linux-2.41.1/tests/ts/uuid/uuidd
util-linux-2.41.1/tests/ts/uuid/uuidgen
util-linux-2.41.1/tests/ts/uuid/uuidparse
util-linux-2.41.1/tests/ts/uuid/namespace
util-linux-2.41.1/tests/ts/uuid/oids
util-linux-2.41.1/tests/ts/uuid/time
util-linux-2.41.1/tests/ts/hardlink/
util-linux-2.41.1/tests/ts/hardlink/testdir1.tar.xz
util-linux-2.41.1/tests/ts/hardlink/options
util-linux-2.41.1/tests/ts/cramfs/
util-linux-2.41.1/tests/ts/cramfs/mkfs
util-linux-2.41.1/tests/ts/cramfs/fsck-endianness
util-linux-2.41.1/tests/ts/cramfs/cramfs-little.img
util-linux-2.41.1/tests/ts/cramfs/fsck-bad-header
util-linux-2.41.1/tests/ts/cramfs/mkfs-endianness_testdata_b
util-linux-2.41.1/tests/ts/cramfs/mkfs-endianness
util-linux-2.41.1/tests/ts/cramfs/doubles
util-linux-2.41.1/tests/ts/cramfs/mkfs-endianness_testdata_a
util-linux-2.41.1/tests/ts/cramfs/cramfs-big.img
util-linux-2.41.1/tests/ts/setpriv/
util-linux-2.41.1/tests/ts/setpriv/seccomp
util-linux-2.41.1/tests/ts/setpriv/landlock
util-linux-2.41.1/tests/ts/blkid/
util-linux-2.41.1/tests/ts/blkid/low-probe
util-linux-2.41.1/tests/ts/blkid/offset
util-linux-2.41.1/tests/ts/blkid/images-pt/
util-linux-2.41.1/tests/ts/blkid/images-pt/atari-xgm.img.xz
util-linux-2.41.1/tests/ts/blkid/images-pt/sgi.img.xz
util-linux-2.41.1/tests/ts/blkid/images-pt/sun.img.xz
util-linux-2.41.1/tests/ts/blkid/images-pt/bsd.img.xz
util-linux-2.41.1/tests/ts/blkid/images-pt/dos+bsd.img.xz
util-linux-2.41.1/tests/ts/blkid/images-pt/atari-primary.img.xz
util-linux-2.41.1/tests/ts/blkid/images-pt/gpt.img.xz
util-linux-2.41.1/tests/ts/blkid/output
util-linux-2.41.1/tests/ts/blkid/dm-err
util-linux-2.41.1/tests/ts/blkid/md-raid1-part
util-linux-2.41.1/tests/ts/blkid/lowprobe-pt
util-linux-2.41.1/tests/ts/blkid/images-fs/
util-linux-2.41.1/tests/ts/blkid/images-fs/bitlocker-win7.img.xz
util-linux-2.41.1/tests/ts/blkid/images-fs/fat32_xp_none.img.xz
util-linux-2.41.1/tests/ts/blkid/images-fs/minix-BE.img.xz
util-linux-2.41.1/tests/ts/blkid/images-fs/ext4.img.xz
util-linux-2.41.1/tests/ts/blkid/images-fs/swap0.img.xz
util-linux-2.41.1/tests/ts/blkid/images-fs/hfsplus.img.xz
util-linux-2.41.1/tests/ts/blkid/images-fs/udf.img.xz
util-linux-2.41.1/tests/ts/blkid/images-fs/fat32_mkdosfs_none_dosfslabel_NO_NAME.img.xz
util-linux-2.41.1/tests/ts/blkid/images-fs/via-raid.img.xz
util-linux-2.41.1/tests/ts/blkid/images-fs/ufs.img.xz
util-linux-2.41.1/tests/ts/blkid/images-fs/mpool.img.xz
util-linux-2.41.1/tests/ts/blkid/images-fs/mdraid-1.img.xz
util-linux-2.41.1/tests/ts/blkid/images-fs/isw-raid.img.xz
util-linux-2.41.1/tests/ts/blkid/images-fs/drbd-v09.img.xz
util-linux-2.41.1/tests/ts/blkid/images-fs/ext2.img.xz
util-linux-2.41.1/tests/ts/blkid/images-fs/fat32_mkdosfs_none_dosfslabel_label1.img.xz
util-linux-2.41.1/tests/ts/blkid/images-fs/jmicron-raid.img.xz
util-linux-2.41.1/tests/ts/blkid/images-fs/silicon-raid.img.xz
util-linux-2.41.1/tests/ts/blkid/images-fs/udf-hdd-mkudffs-1.3-3.img.xz
util-linux-2.41.1/tests/ts/blkid/images-fs/fat32_mkdosfs_label1_mlabel_NO_NAME.img.xz
util-linux-2.41.1/tests/ts/blkid/images-fs/cs_fvault2.img.xz
util-linux-2.41.1/tests/ts/blkid/images-fs/luks2.img.xz
util-linux-2.41.1/tests/ts/blkid/images-fs/udf-hdd-mkudffs-1.3-1.img.xz
util-linux-2.41.1/tests/ts/blkid/images-fs/bcachefs-2.img.xz
util-linux-2.41.1/tests/ts/blkid/images-fs/fat32_mkdosfs_label1_mlabel_erase.img.xz
util-linux-2.41.1/tests/ts/blkid/images-fs/romfs.img.xz
util-linux-2.41.1/tests/ts/blkid/images-fs/nvidia-raid.img.xz
util-linux-2.41.1/tests/ts/blkid/images-fs/ubi.img.xz
util-linux-2.41.1/tests/ts/blkid/images-fs/bcachefs.img.xz
util-linux-2.41.1/tests/ts/blkid/images-fs/minix-LE.img.xz
util-linux-2.41.1/tests/ts/blkid/images-fs/udf-cd-mkudfiso-20100208.img.xz
util-linux-2.41.1/tests/ts/blkid/images-fs/fat32_mkdosfs_label1_dosfslabel_empty.img.xz
util-linux-2.41.1/tests/ts/blkid/images-fs/fat32_mkdosfs_none.img.xz
util-linux-2.41.1/tests/ts/blkid/images-fs/swap-luks.img.xz
util-linux-2.41.1/tests/ts/blkid/images-fs/udf-bdr-2.60-nero.img.xz
util-linux-2.41.1/tests/ts/blkid/images-fs/fat32_xp_none_mlabel_label1.img.xz
util-linux-2.41.1/tests/ts/blkid/images-fs/bcache-B.img.xz
util-linux-2.41.1/tests/ts/blkid/images-fs/squashfs4.img.xz
util-linux-2.41.1/tests/ts/blkid/images-fs/cramfs.img.xz
util-linux-2.41.1/tests/ts/blkid/images-fs/udf-hdd-mkudffs-1.0.0-2.img.xz
util-linux-2.41.1/tests/ts/blkid/images-fs/udf-hdd-mkudffs-2.2.img.xz
util-linux-2.41.1/tests/ts/blkid/images-fs/hfs.img.xz
util-linux-2.41.1/tests/ts/blkid/images-fs/xfs-v5.img.xz
util-linux-2.41.1/tests/ts/blkid/images-fs/ocfs2.img.xz
util-linux-2.41.1/tests/ts/blkid/images-fs/fat32_mkdosfs_none_xp_label1_dosfslabel_label2.img.xz
util-linux-2.41.1/tests/ts/blkid/images-fs/udf-hdd-mkudffs-1.3-7.img.xz
util-linux-2.41.1/tests/ts/blkid/images-fs/gfs2.img.xz
util-linux-2.41.1/tests/ts/blkid/images-fs/jbd.img.xz
util-linux-2.41.1/tests/ts/blkid/images-fs/bfs.img.xz
util-linux-2.41.1/tests/ts/blkid/images-fs/hpfs.img.xz
util-linux-2.41.1/tests/ts/blkid/images-fs/fat32_label_64MB.img.xz
util-linux-2.41.1/tests/ts/blkid/images-fs/befs.img.xz
util-linux-2.41.1/tests/ts/blkid/images-fs/ntfs.img.xz
util-linux-2.41.1/tests/ts/blkid/images-fs/reiser4.img.xz
util-linux-2.41.1/tests/ts/blkid/images-fs/drbdmanage-control-volume.img.xz
util-linux-2.41.1/tests/ts/blkid/images-fs/fat32_mkdosfs_label1_xp_label2.img.xz
util-linux-2.41.1/tests/ts/blkid/images-fs/vdo.img.xz
util-linux-2.41.1/tests/ts/blkid/images-fs/tuxonice.img.xz
util-linux-2.41.1/tests/ts/blkid/images-fs/netware.img.xz
util-linux-2.41.1/tests/ts/blkid/images-fs/f2fs.img.xz
util-linux-2.41.1/tests/ts/blkid/images-fs/reiser3.img.xz
util-linux-2.41.1/tests/ts/blkid/images-fs/udf-hdd-macosx-2.60-4096.img.xz
util-linux-2.41.1/tests/ts/blkid/images-fs/iso-rr-joliet.img.xz
util-linux-2.41.1/tests/ts/blkid/images-fs/fat32_mkdosfs_label1_dosfslabel_NO_NAME.img.xz
util-linux-2.41.1/tests/ts/blkid/images-fs/vxfs-le.img.xz
util-linux-2.41.1/tests/ts/blkid/images-fs/fat32_mkdosfs_none_xp_label1.img.xz
util-linux-2.41.1/tests/ts/blkid/images-fs/luks1.img.xz
util-linux-2.41.1/tests/ts/blkid/images-fs/udf-hdd-mkudffs-1.3-6.img.xz
util-linux-2.41.1/tests/ts/blkid/images-fs/zonefs.img.xz
util-linux-2.41.1/tests/ts/blkid/images-fs/fat32_mkdosfs_label1_xp_erase.img.xz
util-linux-2.41.1/tests/ts/blkid/images-fs/fat32_mkdosfs_label1_dosfslabel_label2.img.xz
util-linux-2.41.1/tests/ts/blkid/images-fs/vmfs.img.xz
util-linux-2.41.1/tests/ts/blkid/images-fs/vxfs-be.img.xz
util-linux-2.41.1/tests/ts/blkid/images-fs/iso-unicode-long-label.img.xz
util-linux-2.41.1/tests/ts/blkid/images-fs/iso.img.xz
util-linux-2.41.1/tests/ts/blkid/images-fs/lsi-raid.img.xz
util-linux-2.41.1/tests/ts/blkid/images-fs/hpt37x-raid.img.xz
util-linux-2.41.1/tests/ts/blkid/images-fs/udf-hdd-udfclient-0.7.5.img.xz
util-linux-2.41.1/tests/ts/blkid/images-fs/mdraid.img.xz
util-linux-2.41.1/tests/ts/blkid/images-fs/hpt45x-raid.img.xz
util-linux-2.41.1/tests/ts/blkid/images-fs/udf-hdd-mkudffs-1.0.0-1.img.xz
util-linux-2.41.1/tests/ts/blkid/images-fs/udf-hdd-udfclient-0.7.7.img.xz
util-linux-2.41.1/tests/ts/blkid/images-fs/apfs.img.xz
util-linux-2.41.1/tests/ts/blkid/images-fs/fat16_noheads.img.xz
util-linux-2.41.1/tests/ts/blkid/images-fs/iso-joliet.img.xz
util-linux-2.41.1/tests/ts/blkid/images-fs/fat32_mkdosfs_label1.img.xz
util-linux-2.41.1/tests/ts/blkid/images-fs/bluestore.img.xz
util-linux-2.41.1/tests/ts/blkid/images-fs/udf-hdd-mkudffs-1.3-5.img.xz
util-linux-2.41.1/tests/ts/blkid/images-fs/lvm2.img.xz
util-linux-2.41.1/tests/ts/blkid/images-fs/iso-multi-0-174-348-genisoimage.img.xz
util-linux-2.41.1/tests/ts/blkid/images-fs/iso-different-iso-joliet-label.img.xz
util-linux-2.41.1/tests/ts/blkid/images-fs/udf-hdd-mkudffs-1.3-8.img.xz
util-linux-2.41.1/tests/ts/blkid/images-fs/ddf-raid.img.xz
util-linux-2.41.1/tests/ts/blkid/images-fs/fat32_xp_label1.img.xz
util-linux-2.41.1/tests/ts/blkid/images-fs/jfs.img.xz
util-linux-2.41.1/tests/ts/blkid/images-fs/erofs.img.xz
util-linux-2.41.1/tests/ts/blkid/images-fs/fat32_cp850_O_tilde.img.xz
util-linux-2.41.1/tests/ts/blkid/images-fs/btrfs.img.xz
util-linux-2.41.1/tests/ts/blkid/images-fs/udf-cd-nero-6.img.xz
util-linux-2.41.1/tests/ts/blkid/images-fs/fat32_mkdosfs_none_dosfslabel_label1_xp_label2.img.xz
util-linux-2.41.1/tests/ts/blkid/images-fs/bcache-C.img.xz
util-linux-2.41.1/tests/ts/blkid/images-fs/zfs.img.xz
util-linux-2.41.1/tests/ts/blkid/images-fs/vmfs_volume.img.xz
util-linux-2.41.1/tests/ts/blkid/images-fs/ext3.img.xz
util-linux-2.41.1/tests/ts/blkid/images-fs/swap1-big.img.xz
util-linux-2.41.1/tests/ts/blkid/images-fs/ubifs.img.xz
util-linux-2.41.1/tests/ts/blkid/images-fs/swap1.img.xz
util-linux-2.41.1/tests/ts/blkid/images-fs/udf-multi-0-417-834-genisoimage.img.xz
util-linux-2.41.1/tests/ts/blkid/images-fs/exfat.img.xz
util-linux-2.41.1/tests/ts/blkid/images-fs/bcache-journal.img.xz
util-linux-2.41.1/tests/ts/blkid/images-fs/drbd-v08.img.xz
util-linux-2.41.1/tests/ts/blkid/images-fs/cramfs-big.img.xz
util-linux-2.41.1/tests/ts/blkid/images-fs/squashfs3.img.xz
util-linux-2.41.1/tests/ts/blkid/images-fs/fat.img.xz
util-linux-2.41.1/tests/ts/blkid/images-fs/xfs.img.xz
util-linux-2.41.1/tests/ts/blkid/images-fs/small-fat32.img.xz
util-linux-2.41.1/tests/ts/blkid/images-fs/adaptec-raid.img.xz
util-linux-2.41.1/tests/ts/blkid/images-fs/udf-multi-0-320-640-mkudffs.img.xz
util-linux-2.41.1/tests/ts/blkid/images-fs/xfs-log.img.xz
util-linux-2.41.1/tests/ts/blkid/images-fs/udf-hdd-win7.img.xz
util-linux-2.41.1/tests/ts/blkid/images-fs/promise-raid.img.xz
util-linux-2.41.1/tests/ts/blkid/images-fs/fat32_xp_none_dosfslabel_label1.img.xz
util-linux-2.41.1/tests/ts/blkid/images-fs/udf-hdd-mkudffs-1.3-2.img.xz
util-linux-2.41.1/tests/ts/blkid/images-fs/nilfs2.img.xz
util-linux-2.41.1/tests/ts/blkid/images-fs/udf-hdd-mkudffs-1.3-4.img.xz
util-linux-2.41.1/tests/ts/blkid/md-raid1-whole
util-linux-2.41.1/tests/ts/blkid/blkid-output.img.xz
util-linux-2.41.1/tests/ts/blkid/md-raid0-whole
util-linux-2.41.1/tests/ts/blkid/topology
util-linux-2.41.1/tests/ts/blkid/cache
util-linux-2.41.1/tests/ts/fadvise/
util-linux-2.41.1/tests/ts/fadvise/drop
util-linux-2.41.1/tests/ts/lib/
util-linux-2.41.1/tests/ts/lib/timeutils
util-linux-2.41.1/tests/ts/lib/procfs-data/
util-linux-2.41.1/tests/ts/lib/procfs-data/proc/
util-linux-2.41.1/tests/ts/lib/procfs-data/proc/2/
util-linux-2.41.1/tests/ts/lib/procfs-data/proc/2/stat
util-linux-2.41.1/tests/ts/lib/procfs-data/proc/2/cmdline
util-linux-2.41.1/tests/ts/lib/procfs-data/proc/2/comm
util-linux-2.41.1/tests/ts/lib/procfs-data/proc/3/
util-linux-2.41.1/tests/ts/lib/procfs-data/proc/3/stat
util-linux-2.41.1/tests/ts/lib/procfs-data/proc/3/cmdline
util-linux-2.41.1/tests/ts/lib/procfs-data/proc/3/comm
util-linux-2.41.1/tests/ts/lib/procfs-data/proc/1/
util-linux-2.41.1/tests/ts/lib/procfs-data/proc/1/stat
util-linux-2.41.1/tests/ts/lib/procfs-data/proc/1/cmdline
util-linux-2.41.1/tests/ts/lib/procfs-data/proc/1/comm
util-linux-2.41.1/tests/ts/lib/procfs
util-linux-2.41.1/tests/ts/col/
util-linux-2.41.1/tests/ts/col/multibyte.data
util-linux-2.41.1/tests/ts/col/io
util-linux-2.41.1/tests/ts/col/options
util-linux-2.41.1/tests/ts/col/newlines
util-linux-2.41.1/tests/ts/col/multibyte
util-linux-2.41.1/tests/ts/md5/
util-linux-2.41.1/tests/ts/md5/data
util-linux-2.41.1/tests/ts/md5/md5
util-linux-2.41.1/tests/ts/kill/
util-linux-2.41.1/tests/ts/kill/options
util-linux-2.41.1/tests/ts/kill/name_to_number
util-linux-2.41.1/tests/ts/kill/decode
util-linux-2.41.1/tests/ts/kill/queue
util-linux-2.41.1/tests/ts/kill/all_processes
util-linux-2.41.1/tests/ts/kill/kill_functions.sh
util-linux-2.41.1/tests/ts/kill/print_pid
util-linux-2.41.1/tests/ts/wipefs/
util-linux-2.41.1/tests/ts/wipefs/signatures
util-linux-2.41.1/tests/ts/wipefs/wipefs
util-linux-2.41.1/tests/ts/wipefs/images/
util-linux-2.41.1/tests/ts/wipefs/images/bcachefs.img.xz
util-linux-2.41.1/tests/ts/findmnt/
util-linux-2.41.1/tests/ts/findmnt/outputs
util-linux-2.41.1/tests/ts/findmnt/files/
util-linux-2.41.1/tests/ts/findmnt/files/mountinfo-nonroot
util-linux-2.41.1/tests/ts/findmnt/files/mountinfo-messy
util-linux-2.41.1/tests/ts/findmnt/files/mountinfo
util-linux-2.41.1/tests/ts/findmnt/filterQ
util-linux-2.41.1/tests/ts/findmnt/filter
util-linux-2.41.1/tests/ts/findmnt/target
util-linux-2.41.1/tests/ts/findmnt/df-options
util-linux-2.41.1/tests/ts/findmnt/listmount
util-linux-2.41.1/tests/ts/su/
util-linux-2.41.1/tests/ts/su/environ
util-linux-2.41.1/tests/ts/column/
util-linux-2.41.1/tests/ts/column/table
util-linux-2.41.1/tests/ts/column/files/
util-linux-2.41.1/tests/ts/column/files/table
util-linux-2.41.1/tests/ts/column/files/onecolumn
util-linux-2.41.1/tests/ts/column/files/table-sep-space
util-linux-2.41.1/tests/ts/column/files/fivecols
util-linux-2.41.1/tests/ts/column/files/table-empty-lines
util-linux-2.41.1/tests/ts/column/files/table-sep
util-linux-2.41.1/tests/ts/column/files/ansiescape
util-linux-2.41.1/tests/ts/column/files/mountinfo
util-linux-2.41.1/tests/ts/column/invalid-multibyte
util-linux-2.41.1/tests/ts/column/ansiescape
util-linux-2.41.1/tests/ts/column/multi-file
util-linux-2.41.1/tests/ts/column/columnate
util-linux-2.41.1/tests/ts/lsmem/
util-linux-2.41.1/tests/ts/lsmem/dumps/
util-linux-2.41.1/tests/ts/lsmem/dumps/s390-zvm-6g.tar.bz2
util-linux-2.41.1/tests/ts/lsmem/dumps/x86_64-16g.tar.bz2
util-linux-2.41.1/tests/ts/lsmem/mk-input.sh
util-linux-2.41.1/tests/ts/lsmem/lsmem
util-linux-2.41.1/tests/ts/lslocks/
util-linux-2.41.1/tests/ts/lslocks/lslocks
util-linux-2.41.1/tests/ts/losetup/
util-linux-2.41.1/tests/ts/losetup/losetup_functions.sh
util-linux-2.41.1/tests/ts/losetup/losetup-loop
util-linux-2.41.1/tests/ts/losetup/losetup-blkdev
util-linux-2.41.1/tests/ts/losetup/losetup
util-linux-2.41.1/tests/ts/nsenter/
util-linux-2.41.1/tests/ts/nsenter/enter-via-socket
util-linux-2.41.1/tests/ts/chfn/
util-linux-2.41.1/tests/ts/chfn/gecos
util-linux-2.41.1/tests/ts/logger/
util-linux-2.41.1/tests/ts/logger/formats
util-linux-2.41.1/tests/ts/logger/options
util-linux-2.41.1/tests/ts/logger/errors
util-linux-2.41.1/tests/ts/logger/journald
util-linux-2.41.1/tests/ts/script/
util-linux-2.41.1/tests/ts/script/race
util-linux-2.41.1/tests/ts/script/options
util-linux-2.41.1/tests/ts/script/buffering-race
util-linux-2.41.1/tests/ts/script/replay
util-linux-2.41.1/tests/ts/bitops/
util-linux-2.41.1/tests/ts/bitops/swapbytes
util-linux-2.41.1/tests/ts/sfdisk/
util-linux-2.41.1/tests/ts/sfdisk/wipe
util-linux-2.41.1/tests/ts/sfdisk/files/
util-linux-2.41.1/tests/ts/sfdisk/files/dump-old
util-linux-2.41.1/tests/ts/sfdisk/files/dump-gaps
util-linux-2.41.1/tests/ts/sfdisk/resize
util-linux-2.41.1/tests/ts/sfdisk/gpt
util-linux-2.41.1/tests/ts/sfdisk/dos
util-linux-2.41.1/tests/ts/sfdisk/script
util-linux-2.41.1/tests/ts/sfdisk/movedata
util-linux-2.41.1/tests/ts/sfdisk/dump
util-linux-2.41.1/tests/ts/utmp/
util-linux-2.41.1/tests/ts/utmp/utmpdump-circle
util-linux-2.41.1/tests/ts/utmp/txt-a-old
util-linux-2.41.1/tests/ts/utmp/txt-b-old
util-linux-2.41.1/tests/ts/utmp/utmpdump-tobin-ipv6
util-linux-2.41.1/tests/ts/utmp/txt-ipv6-old
util-linux-2.41.1/tests/ts/utmp/utmpdump-subsecond
util-linux-2.41.1/tests/ts/utmp/wtmp-b.BE
util-linux-2.41.1/tests/ts/utmp/utmpdump-tobin
util-linux-2.41.1/tests/ts/utmp/subsec
util-linux-2.41.1/tests/ts/utmp/utmp_functions.sh
util-linux-2.41.1/tests/ts/utmp/wtmp-b.LE
util-linux-2.41.1/tests/ts/utmp/wtmp-a.BE
util-linux-2.41.1/tests/ts/utmp/txt-a
util-linux-2.41.1/tests/ts/utmp/txt-b
util-linux-2.41.1/tests/ts/utmp/wtmp-ipv6.LE
util-linux-2.41.1/tests/ts/utmp/txt-ipv6
util-linux-2.41.1/tests/ts/utmp/wtmp-a.LE
util-linux-2.41.1/tests/ts/utmp/wtmp-ipv6.BE
util-linux-2.41.1/tests/ts/utmp/last
util-linux-2.41.1/tests/ts/utmp/last-ipv6
util-linux-2.41.1/tests/ts/utmp/utmpdump-totxt-ipv6
util-linux-2.41.1/tests/ts/utmp/utmpdump-totxt
util-linux-2.41.1/tests/ts/libfdisk/
util-linux-2.41.1/tests/ts/libfdisk/mkpart
util-linux-2.41.1/tests/ts/libfdisk/mkpart-full
util-linux-2.41.1/tests/ts/libfdisk/gpt
util-linux-2.41.1/tests/ts/partx/
util-linux-2.41.1/tests/ts/partx/partx-image
util-linux-2.41.1/tests/ts/partx/partx
util-linux-2.41.1/tests/ts/lscpu/
util-linux-2.41.1/tests/ts/lscpu/dumps/
util-linux-2.41.1/tests/ts/lscpu/dumps/loongarch-kvm_on_loongson_3c6000.tar.gz
util-linux-2.41.1/tests/ts/lscpu/dumps/sparc64.tar.gz
util-linux-2.41.1/tests/ts/lscpu/dumps/s390-lpar.tar.gz
util-linux-2.41.1/tests/ts/lscpu/dumps/s390-nested-virt.tar.gz
util-linux-2.41.1/tests/ts/lscpu/dumps/ppc64-POWER7.tar.gz
util-linux-2.41.1/tests/ts/lscpu/dumps/armv7.tar.gz
util-linux-2.41.1/tests/ts/lscpu/dumps/x86_64-epyc_7451.tar.gz
util-linux-2.41.1/tests/ts/lscpu/dumps/arm-A510-A710-A715-X3.tar.gz
util-linux-2.41.1/tests/ts/lscpu/dumps/loongarch-loongson_3a5000_hv.tar.gz
util-linux-2.41.1/tests/ts/lscpu/dumps/s390-lpar-drawer.tar.gz
util-linux-2.41.1/tests/ts/lscpu/dumps/ppc64-POWER7-64cpu.tar.gz
util-linux-2.41.1/tests/ts/lscpu/dumps/rv64-visionfive2.tar.gz
util-linux-2.41.1/tests/ts/lscpu/dumps/x86_64-64cpu-linux6.2.tar.gz
util-linux-2.41.1/tests/ts/lscpu/dumps/s390-zvm.tar.gz
util-linux-2.41.1/tests/ts/lscpu/dumps/s390-kvm.tar.gz
util-linux-2.41.1/tests/ts/lscpu/dumps/rv64-milkvpioneer.tar.gz
util-linux-2.41.1/tests/ts/lscpu/dumps/vbox-win.tar.gz
util-linux-2.41.1/tests/ts/lscpu/dumps/rv64-linux.tar.gz
util-linux-2.41.1/tests/ts/lscpu/dumps/x86_64-dell_e4310.tar.gz
util-linux-2.41.1/tests/ts/lscpu/dumps/x86_64-64cpu.tar.gz
util-linux-2.41.1/tests/ts/lscpu/dumps/vmware_fpe.tar.gz
util-linux-2.41.1/tests/ts/lscpu/dumps/ppc-qemu.tar.gz
util-linux-2.41.1/tests/ts/lscpu/mk-input.sh
util-linux-2.41.1/tests/ts/lscpu/lscpu
util-linux-2.41.1/tests/ts/paths/
util-linux-2.41.1/tests/ts/paths/built-in
util-linux-2.41.1/tests/ts/minix/
util-linux-2.41.1/tests/ts/minix/mkfs
util-linux-2.41.1/tests/ts/minix/broken-root
util-linux-2.41.1/tests/ts/minix/debian.bug.773892
util-linux-2.41.1/tests/ts/minix/fsck-images
util-linux-2.41.1/tests/ts/minix/fsck
util-linux-2.41.1/tests/ts/look/
util-linux-2.41.1/tests/ts/look/words
util-linux-2.41.1/tests/ts/look/separator
util-linux-2.41.1/tests/ts/cal/
util-linux-2.41.1/tests/ts/cal/sep1752
util-linux-2.41.1/tests/ts/cal/jan1753
util-linux-2.41.1/tests/ts/cal/color
util-linux-2.41.1/tests/ts/cal/vertical
util-linux-2.41.1/tests/ts/cal/bigyear
util-linux-2.41.1/tests/ts/cal/weeknum
util-linux-2.41.1/tests/ts/cal/colorw
util-linux-2.41.1/tests/ts/cal/month
util-linux-2.41.1/tests/ts/cal/column
util-linux-2.41.1/tests/ts/cal/year
util-linux-2.41.1/tests/ts/cal/weekarg
util-linux-2.41.1/tests/ts/cal/terminal-colors.d/
util-linux-2.41.1/tests/ts/cal/terminal-colors.d/cal.scheme
util-linux-2.41.1/tests/ts/fsck/
util-linux-2.41.1/tests/ts/fsck/ismounted
util-linux-2.41.1/tests/ts/liblastlog2/
util-linux-2.41.1/tests/ts/liblastlog2/remove_entry
util-linux-2.41.1/tests/ts/liblastlog2/write_read_user
util-linux-2.41.1/tests/ts/liblastlog2/sqlite3_time
util-linux-2.41.1/tests/ts/liblastlog2/pam_lastlog2_output
util-linux-2.41.1/tests/ts/liblastlog2/dlopen
util-linux-2.41.1/tests/ts/liblastlog2/rename_user
util-linux-2.41.1/tests/ts/liblastlog2/y2038_ll2_read_all
util-linux-2.41.1/tests/ts/lsfd/
util-linux-2.41.1/tests/ts/lsfd/mkfds-symlink
util-linux-2.41.1/tests/ts/lsfd/column-deleted
util-linux-2.41.1/tests/ts/lsfd/column-type
util-linux-2.41.1/tests/ts/lsfd/mkfds-ro-regular-file
util-linux-2.41.1/tests/ts/lsfd/column-ainodeclass
util-linux-2.41.1/tests/ts/lsfd/mkfds-eventfd
util-linux-2.41.1/tests/ts/lsfd/mkfds-tcp6
util-linux-2.41.1/tests/ts/lsfd/column-source-btrfs
util-linux-2.41.1/tests/ts/lsfd/mkfds-vsock
util-linux-2.41.1/tests/ts/lsfd/mkfds-unix-stream-requiring-sockdiag
util-linux-2.41.1/tests/ts/lsfd/mkfds-pidfd
util-linux-2.41.1/tests/ts/lsfd/mkfds-multiplexing
util-linux-2.41.1/tests/ts/lsfd/mkfds-timerfd
util-linux-2.41.1/tests/ts/lsfd/column-source
util-linux-2.41.1/tests/ts/lsfd/mkfds-mapped-packet-socket
util-linux-2.41.1/tests/ts/lsfd/error-eperm
util-linux-2.41.1/tests/ts/lsfd/mkfds-raw6
util-linux-2.41.1/tests/ts/lsfd/mkfds-unix-dgram
util-linux-2.41.1/tests/ts/lsfd/mkfds-cdev-tun
util-linux-2.41.1/tests/ts/lsfd/mkfds-bpf-prog
util-linux-2.41.1/tests/ts/lsfd/filter-floating-point-nums
util-linux-2.41.1/tests/ts/lsfd/mkfds-pipe-no-fork
util-linux-2.41.1/tests/ts/lsfd/mkfds-tcp
util-linux-2.41.1/tests/ts/lsfd/mkfds-mqueue
util-linux-2.41.1/tests/ts/lsfd/column-kthread
util-linux-2.41.1/tests/ts/lsfd/mkfds-timerfd-alarm
util-linux-2.41.1/tests/ts/lsfd/mkfds-unix-in-netns
util-linux-2.41.1/tests/ts/lsfd/mkfds-ro-block-device
util-linux-2.41.1/tests/ts/lsfd/mkfds-raw
util-linux-2.41.1/tests/ts/lsfd/lsfd-functions.bash
util-linux-2.41.1/tests/ts/lsfd/mkfds-eventpoll
util-linux-2.41.1/tests/ts/lsfd/mkfds-inotify
util-linux-2.41.1/tests/ts/lsfd/mkfds-ping
util-linux-2.41.1/tests/ts/lsfd/mkfds-foreign-sockets
util-linux-2.41.1/tests/ts/lsfd/column-xmode
util-linux-2.41.1/tests/ts/lsfd/mkfds-socketpair
util-linux-2.41.1/tests/ts/lsfd/option-pid
util-linux-2.41.1/tests/ts/lsfd/option-inet
util-linux-2.41.1/tests/ts/lsfd/mkfds-rw-character-device
util-linux-2.41.1/tests/ts/lsfd/mkfds-inotify-btrfs
util-linux-2.41.1/tests/ts/lsfd/mkfds-netlink-protocol
util-linux-2.41.1/tests/ts/lsfd/column-name
util-linux-2.41.1/tests/ts/lsfd/mkfds-unix-stream
util-linux-2.41.1/tests/ts/lsfd/option-hyperlink
util-linux-2.41.1/tests/ts/lsfd/mkfds-udp
util-linux-2.41.1/tests/ts/lsfd/option-summary
util-linux-2.41.1/tests/ts/lsfd/mkfds-bpf-map
util-linux-2.41.1/tests/ts/lsfd/error-eaccess
util-linux-2.41.1/tests/ts/lsfd/mkfds-netns
util-linux-2.41.1/tests/ts/lsfd/mkfds-signalfd
util-linux-2.41.1/tests/ts/lsfd/mkfds-udp6
util-linux-2.41.1/tests/ts/lsfd/mkfds-netlink-groups
util-linux-2.41.1/tests/ts/lsfd/column-source-with-root
util-linux-2.41.1/tests/ts/lsfd/mkfds-directory
util-linux-2.41.1/tests/ts/lsfd/mkfds-pty
util-linux-2.41.1/tests/ts/lsfd/filter-broken-exp
util-linux-2.41.1/tests/ts/fdisk/
util-linux-2.41.1/tests/ts/fdisk/align-512-4K
util-linux-2.41.1/tests/ts/fdisk/align-512-512-topology
util-linux-2.41.1/tests/ts/fdisk/sunlabel
util-linux-2.41.1/tests/ts/fdisk/align-512-4K-63
util-linux-2.41.1/tests/ts/fdisk/mbr-dos-mode
util-linux-2.41.1/tests/ts/fdisk/id
util-linux-2.41.1/tests/ts/fdisk/align-512-512
util-linux-2.41.1/tests/ts/fdisk/resize
util-linux-2.41.1/tests/ts/fdisk/align-512-4K-md
util-linux-2.41.1/tests/ts/fdisk/bsd
util-linux-2.41.1/tests/ts/fdisk/mbr-nondos-mode
util-linux-2.41.1/tests/ts/fdisk/gpt
util-linux-2.41.1/tests/ts/fdisk/oddinput
util-linux-2.41.1/tests/ts/fdisk/mbr-sort
util-linux-2.41.1/tests/ts/fdisk/gpt-resize
util-linux-2.41.1/ChangeLog
util-linux-2.41.1/COPYING
util-linux-2.41.1/liblastlog2/
util-linux-2.41.1/liblastlog2/meson.build
util-linux-2.41.1/liblastlog2/lastlog2.pc.in
util-linux-2.41.1/liblastlog2/src/
util-linux-2.41.1/liblastlog2/src/lastlog2.c
util-linux-2.41.1/liblastlog2/src/Makemodule.am
util-linux-2.41.1/liblastlog2/src/tests/
util-linux-2.41.1/liblastlog2/src/tests/tst_pam_lastlog2_output.c
util-linux-2.41.1/liblastlog2/src/tests/tst_y2038_ll2_read_all.c
util-linux-2.41.1/liblastlog2/src/tests/tst_dlopen.c
util-linux-2.41.1/liblastlog2/src/tests/tst_write_read_user.c
util-linux-2.41.1/liblastlog2/src/tests/tst_y2038_sqlite3_time.c
util-linux-2.41.1/liblastlog2/src/tests/tst_rename_user.c
util-linux-2.41.1/liblastlog2/src/tests/tst_remove_entry.c
util-linux-2.41.1/liblastlog2/src/lastlog2.h
util-linux-2.41.1/liblastlog2/src/lastlog2P.h
util-linux-2.41.1/liblastlog2/src/liblastlog2.sym
util-linux-2.41.1/liblastlog2/man/
util-linux-2.41.1/liblastlog2/man/ll2_remove_entry.3
util-linux-2.41.1/liblastlog2/man/meson.build
util-linux-2.41.1/liblastlog2/man/ll2_read_all.3
util-linux-2.41.1/liblastlog2/man/lastlog2.3.adoc
util-linux-2.41.1/liblastlog2/man/lastlog2.3
util-linux-2.41.1/liblastlog2/man/ll2_import_lastlog.3.adoc
util-linux-2.41.1/liblastlog2/man/ll2_write_entry.3
util-linux-2.41.1/liblastlog2/man/ll2_update_login_time.3
util-linux-2.41.1/liblastlog2/man/ll2_read_entry.3.adoc
util-linux-2.41.1/liblastlog2/man/ll2_write_entry.3.adoc
util-linux-2.41.1/liblastlog2/man/ll2_read_entry.3
util-linux-2.41.1/liblastlog2/man/ll2_rename_user.3
util-linux-2.41.1/liblastlog2/man/ll2_rename_user.3.adoc
util-linux-2.41.1/liblastlog2/man/ll2_remove_entry.3.adoc
util-linux-2.41.1/liblastlog2/man/ll2_update_login_time.3.adoc
util-linux-2.41.1/liblastlog2/man/Makemodule.am
util-linux-2.41.1/liblastlog2/man/ll2_import_lastlog.3
util-linux-2.41.1/liblastlog2/man/ll2_read_all.3.adoc
util-linux-2.41.1/liblastlog2/Makemodule.am
util-linux-2.41.1/liblastlog2/COPYING
util-linux-2.41.1/disk-utils/
util-linux-2.41.1/disk-utils/sfdisk.c
util-linux-2.41.1/disk-utils/resizepart.8.adoc
util-linux-2.41.1/disk-utils/delpart.c
util-linux-2.41.1/disk-utils/meson.build
util-linux-2.41.1/disk-utils/mkfs.8.adoc
util-linux-2.41.1/disk-utils/minix_programs.h
util-linux-2.41.1/disk-utils/mkfs.c
util-linux-2.41.1/disk-utils/fdisk-list.c
util-linux-2.41.1/disk-utils/fdisk.h
util-linux-2.41.1/disk-utils/resizepart.8
util-linux-2.41.1/disk-utils/fdformat.c
util-linux-2.41.1/disk-utils/fdformat.8.adoc
util-linux-2.41.1/disk-utils/fsck.minix.8
util-linux-2.41.1/disk-utils/sfdisk.8
util-linux-2.41.1/disk-utils/isosize.8.adoc
util-linux-2.41.1/disk-utils/cfdisk.8
util-linux-2.41.1/disk-utils/mkfs.cramfs.c
util-linux-2.41.1/disk-utils/raw.8.adoc
util-linux-2.41.1/disk-utils/delpart.8.adoc
util-linux-2.41.1/disk-utils/fsck.c
util-linux-2.41.1/disk-utils/mkfs.bfs.8
util-linux-2.41.1/disk-utils/cfdisk.c
util-linux-2.41.1/disk-utils/partx.c
util-linux-2.41.1/disk-utils/mkfs.cramfs.8.adoc
util-linux-2.41.1/disk-utils/swaplabel.8
util-linux-2.41.1/disk-utils/mkfs.minix.8
util-linux-2.41.1/disk-utils/isosize.c
util-linux-2.41.1/disk-utils/raw.8.deps
util-linux-2.41.1/disk-utils/mkfs.minix.8.adoc
util-linux-2.41.1/disk-utils/mkswap.c
util-linux-2.41.1/disk-utils/mkfs.cramfs.8
util-linux-2.41.1/disk-utils/blockdev.8
util-linux-2.41.1/disk-utils/fsck.8.adoc
util-linux-2.41.1/disk-utils/fsck.cramfs.8.adoc
util-linux-2.41.1/disk-utils/fsck.minix.c
util-linux-2.41.1/disk-utils/fsck.cramfs.8
util-linux-2.41.1/disk-utils/fsck.minix.8.adoc
util-linux-2.41.1/disk-utils/addpart.8.adoc
util-linux-2.41.1/disk-utils/mkfs.bfs.8.adoc
util-linux-2.41.1/disk-utils/cramfs_common.c
util-linux-2.41.1/disk-utils/fdisk.c
util-linux-2.41.1/disk-utils/fdisk.8.adoc
util-linux-2.41.1/disk-utils/cfdisk.8.adoc
util-linux-2.41.1/disk-utils/fsck.cramfs.c
util-linux-2.41.1/disk-utils/partx.8.adoc
util-linux-2.41.1/disk-utils/blockdev.c
util-linux-2.41.1/disk-utils/partx.8
util-linux-2.41.1/disk-utils/mkswap.8
util-linux-2.41.1/disk-utils/raw.c
util-linux-2.41.1/disk-utils/swaplabel.c
util-linux-2.41.1/disk-utils/fdisk-list.h
util-linux-2.41.1/disk-utils/mkfs.bfs.c
util-linux-2.41.1/disk-utils/delpart.8
util-linux-2.41.1/disk-utils/swaplabel.8.adoc
util-linux-2.41.1/disk-utils/blockdev.8.adoc
util-linux-2.41.1/disk-utils/fdformat.8
util-linux-2.41.1/disk-utils/Makemodule.am
util-linux-2.41.1/disk-utils/fdisk-menu.c
util-linux-2.41.1/disk-utils/mkfs.8
util-linux-2.41.1/disk-utils/sfdisk.8.adoc
util-linux-2.41.1/disk-utils/isosize.8
util-linux-2.41.1/disk-utils/raw.8
util-linux-2.41.1/disk-utils/fdisk.8
util-linux-2.41.1/disk-utils/mkfs.minix.c
util-linux-2.41.1/disk-utils/addpart.8
util-linux-2.41.1/disk-utils/mkswap.8.adoc
util-linux-2.41.1/disk-utils/cramfs.h
util-linux-2.41.1/disk-utils/addpart.c
util-linux-2.41.1/disk-utils/fsck.8
util-linux-2.41.1/disk-utils/resizepart.c
util-linux-2.41.1/login-utils/
util-linux-2.41.1/login-utils/newgrp.c
util-linux-2.41.1/login-utils/lslogins.1.adoc
util-linux-2.41.1/login-utils/nologin.8
util-linux-2.41.1/login-utils/su-common.h
util-linux-2.41.1/login-utils/nologin.c
util-linux-2.41.1/login-utils/meson.build
util-linux-2.41.1/login-utils/utmpdump.1
util-linux-2.41.1/login-utils/login.1.adoc
util-linux-2.41.1/login-utils/newgrp.1.adoc
util-linux-2.41.1/login-utils/su-common.c
util-linux-2.41.1/login-utils/vigr.8
util-linux-2.41.1/login-utils/chfn.1
util-linux-2.41.1/login-utils/lastb.1
util-linux-2.41.1/login-utils/utmpdump.1.adoc
util-linux-2.41.1/login-utils/runuser.1
util-linux-2.41.1/login-utils/newgrp.1
util-linux-2.41.1/login-utils/islocal.h
util-linux-2.41.1/login-utils/chfn.1.adoc
util-linux-2.41.1/login-utils/login.c
util-linux-2.41.1/login-utils/vipw.c
util-linux-2.41.1/login-utils/chfn.c
util-linux-2.41.1/login-utils/setpwnam.h
util-linux-2.41.1/login-utils/runuser.c
util-linux-2.41.1/login-utils/sulogin.8.adoc
util-linux-2.41.1/login-utils/ch-common.c
util-linux-2.41.1/login-utils/utmpdump.c
util-linux-2.41.1/login-utils/last.c
util-linux-2.41.1/login-utils/lslogins.c
util-linux-2.41.1/login-utils/lslogins.1
util-linux-2.41.1/login-utils/chsh.1.adoc
util-linux-2.41.1/login-utils/sulogin-consoles.h
util-linux-2.41.1/login-utils/islocal.c
util-linux-2.41.1/login-utils/vipw.8
util-linux-2.41.1/login-utils/sulogin-consoles.c
util-linux-2.41.1/login-utils/ch-common.h
util-linux-2.41.1/login-utils/nologin.8.adoc
util-linux-2.41.1/login-utils/last.1
util-linux-2.41.1/login-utils/login.1
util-linux-2.41.1/login-utils/su.1
util-linux-2.41.1/login-utils/chsh.c
util-linux-2.41.1/login-utils/chsh.1
util-linux-2.41.1/login-utils/su.1.adoc
util-linux-2.41.1/login-utils/auth.h
util-linux-2.41.1/login-utils/Makemodule.am
util-linux-2.41.1/login-utils/auth.c
util-linux-2.41.1/login-utils/libuser.h
util-linux-2.41.1/login-utils/libuser.c
util-linux-2.41.1/login-utils/runuser.1.adoc
util-linux-2.41.1/login-utils/sulogin.8
util-linux-2.41.1/login-utils/setpwnam.c
util-linux-2.41.1/login-utils/sulogin.c
util-linux-2.41.1/login-utils/su.c
util-linux-2.41.1/login-utils/vipw.8.adoc
util-linux-2.41.1/login-utils/last.1.adoc
checking for i686-pc-linux-gnu-gcc... no
checking for gcc... gcc
checking whether the C compiler works... yes
checking for C compiler default output file name... a.out
checking for suffix of executables... 
checking whether we are cross compiling... no
checking for suffix of object files... o
checking whether the compiler supports GNU C... yes
checking whether gcc accepts -g... yes
checking for gcc option to enable C11 features... none needed
checking whether gcc understands -c and -o together... yes
checking for stdio.h... yes
checking for stdlib.h... yes
checking for string.h... yes
checking for inttypes.h... yes
checking for stdint.h... yes
checking for strings.h... yes
checking for sys/stat.h... yes
checking for sys/types.h... yes
checking for unistd.h... yes
checking for wchar.h... yes
checking for minix/config.h... no
checking whether it is safe to define __EXTENSIONS__... yes
checking whether _XOPEN_SOURCE should be defined... no
checking for a BSD-compatible install... /usr/bin/install -c
checking whether build environment is sane... yes
checking for a race-free mkdir -p... /usr/bin/mkdir -p
checking for gawk... gawk
checking whether make sets $(MAKE)... yes
checking whether make supports the include directive... yes (GNU style)
checking whether make supports nested variables... yes
checking how to create a pax tar archive... gnutar
checking dependency style of gcc... gcc3
checking whether make supports nested variables... (cached) yes
checking for i686-pc-linux-gnu-ar... no
checking for i686-pc-linux-gnu-lib... no
checking for i686-pc-linux-gnu-link... no
checking for ar... ar
checking the archiver (ar) interface... ar
configure: Default --exec-prefix detected.
configure: Default --prefix detected.
configure:   --localstatedir defaults to /var
configure:   --sysconfdir defaults to /etc
configure:   --runstatedir defaults to /run
checking for i686-pc-linux-gnu-gcc... gcc
checking whether the compiler supports GNU C... (cached) yes
checking whether gcc accepts -g... (cached) yes
checking for gcc option to enable C11 features... (cached) none needed
checking whether gcc understands -c and -o together... (cached) yes
checking for bison... bison -y
checking for a sed that does not truncate output... /usr/bin/sed
checking for flex... /usr/bin/flex
checking for bison... /usr/bin/bison
checking build system type... x86_64-pc-linux-gnu
checking host system type... i686-pc-linux-gnu
checking for an ANSI C-conforming const... yes
checking for working volatile... yes
checking how to run the C preprocessor... gcc -E
checking whether compiler handles -fno-common... yes
checking whether compiler handles -Wall... yes
checking whether compiler handles -Wextra... yes
checking whether compiler handles -Waddress-of-packed-member... yes
checking whether compiler handles -Wdiscarded-qualifiers... yes
checking whether compiler handles -Wembedded-directive... no
checking whether compiler handles -Wextra-semi... no
checking whether compiler handles -Wformat-security... no
checking whether compiler handles -Wimplicit-function-declaration... yes
checking whether compiler handles -Wmissing-declarations... yes
checking whether compiler handles -Wmissing-parameter-type... yes
checking whether compiler handles -Wmissing-prototypes... yes
checking whether compiler handles -Wnested-externs... yes
checking whether compiler handles -Wno-missing-field-initializers... yes
checking whether compiler handles -Wold-style-definition... yes
checking whether compiler handles -Wpointer-arith... yes
checking whether compiler handles -Wredundant-decls... yes
checking whether compiler handles -Wsign-compare... yes
checking whether compiler handles -Wstrict-prototypes... yes
checking whether compiler handles -Wtype-limits... yes
checking whether compiler handles -Wuninitialized... yes
checking whether compiler handles -Wunused-but-set-parameter... yes
checking whether compiler handles -Wunused-but-set-variable... yes
checking whether compiler handles -Wunused-parameter... yes
checking whether compiler handles -Wunused-result... yes
checking whether compiler handles -Wunused-variable... yes
checking whether compiler handles -Wvla... yes
checking whether compiler handles -Walloca... yes
checking whether compiler handles -Werror=sequence-point... yes
checking whether compiler handles -Wno-clobbered... yes
checking whether compiler handles -Wno-cast-function-type... yes
checking for i686-pc-linux-gnu-g++... no
checking for i686-pc-linux-gnu-c++... no
checking for i686-pc-linux-gnu-gpp... no
checking for i686-pc-linux-gnu-aCC... no
checking for i686-pc-linux-gnu-CC... no
checking for i686-pc-linux-gnu-cxx... no
checking for i686-pc-linux-gnu-cc++... no
checking for i686-pc-linux-gnu-cl.exe... no
checking for i686-pc-linux-gnu-FCC... no
checking for i686-pc-linux-gnu-KCC... no
checking for i686-pc-linux-gnu-RCC... no
checking for i686-pc-linux-gnu-xlC_r... no
checking for i686-pc-linux-gnu-xlC... no
checking for i686-pc-linux-gnu-clang++... no
checking for g++... g++
checking whether the compiler supports GNU C++... yes
checking whether g++ accepts -g... yes
checking for g++ option to enable C++11 features... none needed
checking dependency style of g++... gcc3
checking how to print strings... printf
checking for a sed that does not truncate output... (cached) /usr/bin/sed
checking for grep that handles long lines and -e... /usr/bin/grep
checking for egrep... /usr/bin/grep -E
checking for fgrep... /usr/bin/grep -F
checking for ld used by gcc... /usr/bin/ld
checking if the linker (/usr/bin/ld) is GNU ld... yes
checking for BSD- or MS-compatible name lister (nm)... no
checking for i686-pc-linux-gnu-dumpbin... no
checking for i686-pc-linux-gnu-link... no
checking for dumpbin... no
checking for link... link -dump
checking the name lister (nm) interface... BSD nm
checking whether ln -s works... yes
checking the maximum length of command line arguments... 1572864
checking how to convert x86_64-pc-linux-gnu file names to i686-pc-linux-gnu format... func_convert_file_noop
checking how to convert x86_64-pc-linux-gnu file names to toolchain format... func_convert_file_noop
checking for /usr/bin/ld option to reload object files... -r
checking for i686-pc-linux-gnu-file... no
checking for file... file
checking for i686-pc-linux-gnu-objdump... no
checking for objdump... objdump
checking how to recognize dependent libraries... pass_all
checking for i686-pc-linux-gnu-dlltool... no
checking for dlltool... no
checking how to associate runtime and link libraries... printf %s\n
checking for i686-pc-linux-gnu-ar... ar
checking for archiver @FILE support... @
checking for i686-pc-linux-gnu-strip... no
checking for strip... strip
checking for i686-pc-linux-gnu-ranlib... no
checking for ranlib... ranlib
checking command to parse nm output from gcc object... ok
checking for sysroot... no
checking for a working dd... /usr/bin/dd
checking how to truncate binary pipes... /usr/bin/dd bs=4096 count=1
checking for i686-pc-linux-gnu-mt... no
checking for mt... mt
checking if mt is a manifest tool... no
checking for dlfcn.h... yes
checking for objdir... .libs
checking if gcc supports -fno-rtti -fno-exceptions... no
checking for gcc option to produce PIC... -fPIC -DPIC
checking if gcc PIC flag -fPIC -DPIC works... yes
checking if gcc static flag -static works... yes
checking if gcc supports -c -o file.o... yes
checking if gcc supports -c -o file.o... (cached) yes
checking whether the gcc linker (/usr/bin/ld) supports shared libraries... yes
checking whether -lc should be explicitly linked in... no
checking dynamic linker characteristics... GNU/Linux ld.so
checking how to hardcode library paths into programs... immediate
checking whether stripping libraries is possible... yes
checking if libtool supports shared libraries... yes
checking whether to build shared libraries... yes
checking whether to build static libraries... no
checking how to run the C++ preprocessor... g++ -E
checking for ld used by g++... /usr/bin/ld
checking if the linker (/usr/bin/ld) is GNU ld... yes
checking whether the g++ linker (/usr/bin/ld) supports shared libraries... yes
checking for g++ option to produce PIC... -fPIC -DPIC
checking if g++ PIC flag -fPIC -DPIC works... yes
checking if g++ static flag -static works... yes
checking if g++ supports -c -o file.o... yes
checking if g++ supports -c -o file.o... (cached) yes
checking whether the g++ linker (/usr/bin/ld) supports shared libraries... yes
checking dynamic linker characteristics... (cached) GNU/Linux ld.so
checking how to hardcode library paths into programs... immediate
checking linker version script flag... --version-script
checking if version scripts can use complex wildcards... yes
checking pkg-config is at least version 0.9.0... yes
checking whether to build gtk-doc documentation... no
checking for gtkdoc-check... /usr/bin/gtkdoc-check
checking for xsltproc... /usr/bin/xsltproc
checking for gcc option to enable large file support... -D_FILE_OFFSET_BITS=64
checking for gcc option for timestamps after 2038... -D_TIME_BITS=64
checking whether to enable assertions... yes
checking whether struct tm is in sys/time.h or time.h... time.h
checking for gcc options needed to detect all undeclared functions... none needed
checking for struct tm.tm_zone... yes
checking for gcc option for timestamps after 2038... (cached) -D_TIME_BITS=64
checking whether NLS is requested... yes
checking for msgfmt... /usr/bin/msgfmt
checking for gmsgfmt... /usr/bin/msgfmt
checking for xgettext... /usr/bin/xgettext
checking for msgmerge... /usr/bin/msgmerge
checking for ld used by gcc... /usr/bin/ld
checking if the linker (/usr/bin/ld) is GNU ld... yes
checking for shared library run path origin... done
checking for egrep -e... (cached) /usr/bin/grep -E
checking for CFPreferencesCopyAppValue... no
checking for CFLocaleCopyCurrent... no
checking for GNU gettext in libc... yes
checking whether to use NLS... yes
checking where the gettext function comes from... libc
checking for linux/compiler.h... no
checking for linux/blkpg.h... yes
checking for linux/major.h... yes
checking for asm/io.h... no
checking for byteswap.h... yes
checking for endian.h... yes
checking for err.h... yes
checking for errno.h... yes
checking for fcntl.h... yes
checking for getopt.h... yes
checking for inttypes.h... (cached) yes
checking for lastlog.h... yes
checking for libutil.h... no
checking for linux/audit.h... yes
checking for linux/bpf.h... yes
checking for linux/blkzoned.h... yes
checking for linux/btrfs.h... yes
checking for linux/capability.h... yes
checking for linux/cdrom.h... yes
checking for linux/falloc.h... yes
checking for linux/fd.h... yes
checking for linux/fiemap.h... yes
checking for linux/landlock.h... yes
checking for linux/kcmp.h... yes
checking for linux/net_namespace.h... yes
checking for linux/nsfs.h... yes
checking for linux/pr.h... yes
checking for linux/raw.h... no
checking for linux/seccomp.h... yes
checking for linux/securebits.h... yes
checking for linux/tiocl.h... yes
checking for linux/version.h... yes
checking for linux/watchdog.h... yes
checking for linux/if_alg.h... yes
checking for locale.h... yes
checking for mntent.h... yes
checking for mqueue.h... yes
checking for net/if_dl.h... no
checking for net/if.h... yes
checking for netinet/in.h... yes
checking for paths.h... yes
checking for pty.h... yes
checking for security/pam_appl.h... yes
checking for security/pam_modules.h... yes
checking for semaphore.h... yes
checking for shadow.h... yes
checking for stdint.h... (cached) yes
checking for stdio_ext.h... yes
checking for stdlib.h... (cached) yes
checking for sys/disk.h... no
checking for sys/disklabel.h... no
checking for sys/endian.h... no
checking for sys/file.h... yes
checking for sys/ioccom.h... no
checking for sys/ioctl.h... yes
checking for sys/io.h... yes
checking for sys/mkdev.h... no
checking for sys/mman.h... yes
checking for sys/mount.h... yes
checking for sys/param.h... yes
checking for sys/pidfd.h... yes
checking for sys/prctl.h... yes
checking for sys/resource.h... yes
checking for sys/sendfile.h... yes
checking for sys/signalfd.h... yes
checking for sys/socket.h... yes
checking for sys/sockio.h... no
checking for sys/stat.h... (cached) yes
checking for sys/statfs.h... yes
checking for sys/swap.h... yes
checking for sys/syscall.h... yes
checking for sys/sysmacros.h... yes
checking for sys/time.h... yes
checking for sys/timex.h... yes
checking for sys/ttydefaults.h... yes
checking for sys/types.h... (cached) yes
checking for sys/ucred.h... no
checking for sys/un.h... yes
checking for sys/vfs.h... yes
checking for sys/xattr.h... yes
checking for unistd.h... (cached) yes
checking for utmp.h... yes
checking for utmpx.h... yes
checking for linux/fs.h... yes
checking for linux/mount.h... yes
checking for linux/gsmmux.h... yes
checking for security/pam_misc.h... yes
checking whether BLK_ZONE_REP_CAPACITY is declared... yes
checking whether PR_REP_CAPACITY is declared... no
checking for security/openpam.h... no
checking for langinfo.h... yes
checking whether langinfo.h defines ALTMON_x constants... yes
checking whether langinfo.h defines _NL_ABALTMON_x constants... yes
checking for struct mount_attr... yes
checking for enum fsconfig_command... yes
checking for struct termios.c_line... yes
checking for struct stat.st_mtim.tv_nsec... yes
checking for struct statx... yes
checking for struct statx.stx_mnt_id... yes
checking whether _NL_TIME_WEEK_1STDAY is declared... yes
checking whether environ is declared... yes
checking whether strsignal is declared... yes
checking whether BPF_OBJ_NAME_LEN is declared... yes
checking whether BPF_TAG_SIZE is declared... yes
checking whether TIOCGLCKTRMIOS is declared... yes
checking whether SOCK_CLOEXEC is declared... yes
checking whether SOCK_NONBLOCK is declared... yes
checking whether SO_PASSCRED is declared... yes
checking whether VMADDR_CID_LOCAL is declared... yes
checking for cachestat... no
checking for clearenv... yes
checking for close_range... yes
checking for eaccess... yes
checking for err... yes
checking for errx... yes
checking for explicit_bzero... yes
checking for __fpending... yes
checking for __fpurge... yes
checking for fpurge... no
checking for fnmatch... yes
checking for fsconfig... yes
checking for fsmount... yes
checking for fsopen... yes
checking for fspick... yes
checking for fsync... yes
checking for getdomainname... yes
checking for getdtablesize... yes
checking for getexecname... no
checking for getmntinfo... no
checking for getrandom... yes
checking for getrlimit... yes
checking for getsgnam... yes
checking for getttynam... yes
checking for inotify_init... yes
checking for jrand48... yes
checking for landlock_create_ruleset... no
checking for landlock_add_rule... no
checking for landlock_restrict_self... no
checking for lchown... yes
checking for lgetxattr... yes
checking for llistxattr... yes
checking for llseek... no
checking for newlocale... yes
checking for mempcpy... yes
checking for mkostemp... yes
checking for move_mount... yes
checking for mount_setattr... yes
checking for nanosleep... yes
checking for ntp_gettime... yes
checking for open_tree... yes
checking for personality... yes
checking for pidfd_getfd... yes
checking for pidfd_open... yes
checking for pidfd_send_signal... yes
checking for posix_fadvise... yes
checking for prctl... yes
checking for qsort_r... yes
checking for reallocarray... yes
checking for renameat2... yes
checking for rpmatch... yes
checking for scandirat... yes
checking for sched_setattr... yes
checking for sched_setscheduler... yes
checking for __secure_getenv... no
checking for secure_getenv... yes
checking for sendfile... yes
checking for setprogname... no
checking for setresgid... yes
checking for setresuid... yes
checking for sigqueue... yes
checking for srandom... yes
checking for statx... yes
checking for strnchr... no
checking for strndup... yes
checking for strnlen... yes
checking for strtod_l... yes
checking for sysconf... yes
checking for sysinfo... yes
checking for timegm... yes
checking for usleep... yes
checking for uselocale... yes
checking for utimensat... yes
checking for vwarnx... yes
checking for warn... yes
checking for warnx... yes
checking for declarations of fseeko and ftello... yes
checking for futimens... yes
checking for getusershell... yes
checking for inotify_init1... yes
checking for ioperm... yes
checking for iopl... yes
checking for openat... yes
checking for fstatat... yes
checking for unlinkat... yes
checking for open_memstream... yes
checking for reboot... yes
checking for updwtmpx... yes
checking for updwtmpx... (cached) yes
checking for syscall setns... SYS_setns
checking for syscall pidfd_getfd... SYS_pidfd_getfd
checking for syscall pidfd_open... SYS_pidfd_open
checking for syscall pidfd_send_signal... SYS_pidfd_send_signal
checking for syscall close_range... SYS_close_range
checking for syscall fsconfig... SYS_fsconfig
checking for syscall fsmount... SYS_fsmount
checking for syscall fsopen... SYS_fsopen
checking for syscall fspick... SYS_fspick
checking for syscall mount_setattr... SYS_mount_setattr
checking for syscall move_mount... SYS_move_mount
checking for syscall open_tree... SYS_open_tree
checking for syscall statmount... SYS_statmount
checking for syscall listmount... SYS_listmount
checking for isnan... yes
checking for clock_gettime... yes
checking for timer_create... yes
checking for pthread_atfork in -lpthread... yes
checking for rtas_get_sysparm in -lrtas... no
checking for struct sockaddr.sa_len... no
checking for library containing socket... none required
checking for dirfd... yes
checking for mq_open in -lrt... yes
checking whether program_invocation_short_name is defined... yes
checking whether __progname is defined... yes
checking whether IOC_OPAL_GET_STATUS is declared... yes
checking for asciidoctor... /usr/bin/asciidoctor
checking whether /usr/bin/asciidoctor supports --failure-level... /usr/lib/ruby/3.4.0/rubygems.rb:269:in 'Gem.find_spec_for_exe': can't find gem asciidoctor (>= 0.a) with executable asciidoctor (Gem::GemNotFoundException)
	from /usr/lib/ruby/3.4.0/rubygems.rb:288:in 'Gem.activate_bin_path'
	from /usr/bin/asciidoctor:25:in '<main>'
no
configure: re-use already generated man-pages.
checking for po4a... no
configure: WARNING: po4a not found; not building translated man pages
checking whether the target supports thread-local storage... yes
checking for openpty in -lutil... yes
checking for union semun... no
checking for loff_t... yes
checking wchar_t support... yes
checking for cpu_set_t... yes
checking for sighandler_t... yes
checking for sigset_t... yes
checking whether CPU_ALLOC is declared... yes
checking for crypt.h... yes
checking for udev_new in -ludev... yes
checking for i686-pc-linux-gnu-ncursesw6-config... no
checking for ncursesw6-config... ncursesw6-config
checking for ncursesw/ncurses.h... no
checking for ncursesw/term.h... no
checking for ncurses.h... yes
checking for term.h... yes
checking for use_default_colors in -lncursesw... yes
checking for resizeterm in -lncursesw... yes
checking for tinfow... no
checking for tgetent in -ltinfow... no
checking for tinfo... no
checking for tgetent in -ltinfo... no
checking for readline in -lreadline... yes
configure: WARNING: liblastlog2 disabled; not building pam_lastlog2
checking for syscall fallocate... SYS_fallocate
checking for valid fallocate() function... yes
checking for valid posix_fallocate() function... yes
checking for syscall unshare... SYS_unshare
checking for valid unshare() function... yes
checking for valid setns() function... yes
checking for capng_apply in -lcap-ng... no
checking for crc32 in -lz... yes
checking for magic_open in -lmagic... no
checking for syscall swapon... SYS_swapon
checking for syscall swapoff... SYS_swapoff
checking for swapon... yes
checking for swapoff... yes
checking for syscall pidfd_open... (cached) SYS_pidfd_open
checking for valid audit arch... yes
checking for syscall prlimit64... SYS_prlimit64
checking for valid prlimit() function... yes
checking for syscall pivot_root... SYS_pivot_root
checking for shm_open... yes
checking for sem_close... yes
checking for syscall renameat2... SYS_renameat2
checking building for glibc... yes
configure: WARNING: raw.h header file not found; not building raw
checking for libuser >= 0.58... no
checking for syscall ioprio_set... SYS_ioprio_set
checking for syscall ioprio_get... SYS_ioprio_get
checking for syscall sched_getaffinity... SYS_sched_getaffinity
checking for syscall prctl... SYS_prctl
checking for syscall sched_setattr... SYS_sched_setattr
checking for syscall sched_setattr... (cached) SYS_sched_setattr
checking for libsystemd... yes
checking whether sd_session_get_username is declared... yes
checking for libeconf... no
configure: setting link_all_deplibs=unknown for libtool
checking that generated files are newer than configure... done
configure: creating ./config.status
config.status: creating Makefile
config.status: creating libblkid/docs/Makefile
config.status: creating libblkid/docs/version.xml
config.status: creating libblkid/src/blkid.h
config.status: creating libfdisk/docs/Makefile
config.status: creating libfdisk/docs/version.xml
config.status: creating libfdisk/src/libfdisk.h
config.status: creating libmount/docs/Makefile
config.status: creating libmount/docs/version.xml
config.status: creating libmount/src/libmount.h
config.status: creating libsmartcols/docs/Makefile
config.status: creating libsmartcols/docs/version.xml
config.status: creating libsmartcols/src/libsmartcols.h
config.status: creating po/Makefile.in
config.status: creating config.h
config.status: executing depfiles commands
config.status: executing libtool commands
config.status: executing po-directories commands
config.status: creating po/POTFILES
config.status: setting ALL_LINGUAS in configure.in is obsolete
config.status: creating po/Makefile

        util-linux  2.41.1

        prefix:                    /usr
        exec prefix:               ${prefix}

        bindir:                    /usr/bin
        sbindir:                   /usr/sbin
        libdir:                    /usr/lib32
        usrbin_execdir:            ${exec_prefix}/bin
        usrsbin_execdir:           ${exec_prefix}/sbin
        usrlib_execdir:            /usr/lib32

        localstatedir:             /var
        runstatedir:               /run
        includedir:                ${prefix}/include
        sysconfdir:                /etc
        sysconfstaticdir:          ${prefix}/lib

        vendordir:                 

        Python:                    
        Python version:            
        Python libs:               

        Bash completions:          ${datarootdir}/bash-completion/completions
        Systemd support:           yes
        Systemd unitdir:           /usr/lib/systemd/system
        tmpfilesdir:               /usr/lib/tmpfiles.d
        libeconf support:          no
        Btrfs support:             yes
        lastlog2 support:          no
        Wide-char support:         yes
        libcryptsetup support:     

        Manual pages:              yes
        Manual pages translated:   no

        compiler:                  gcc / g++
        suid cflags:               
        ldflags:                   
        suid ldflags:              
        ASAN enabled:              no
        Fuzzing enabled:           no
        Coverage enabled           no

        cflags:                    -O2 -m32

        warnings:

 -fno-common -Wall -Wextra -Waddress-of-packed-member -Wdiscarded-qualifiers -Wimplicit-function-declaration -Wmissing-declarations -Wmissing-parameter-type -Wmissing-prototypes -Wnested-externs -Wno-missing-field-initializers -Wold-style-definition -Wpointer-arith -Wredundant-decls -Wsign-compare -Wstrict-prototypes -Wtype-limits -Wuninitialized -Wunused-but-set-parameter -Wunused-but-set-variable -Wunused-parameter -Wunused-result -Wunused-variable -Wvla -Walloca -Werror=sequence-point

 Type 'make' or 'make <utilname>' to compile.

  CC       lib/libcommon_la-blkdev.lo
  CC       lib/libcommon_la-buffer.lo
  CC       lib/libcommon_la-canonicalize.lo
  CC       lib/libcommon_la-color-names.lo
  CC       lib/libcommon_la-crc32.lo
  CC       lib/libcommon_la-crc32c.lo
  CC       lib/libcommon_la-crc64.lo
  CC       lib/libcommon_la-c_strtod.lo
  CC       lib/libcommon_la-encode.lo
  CC       lib/libcommon_la-env.lo
  CC       lib/libcommon_la-fileutils.lo
  CC       lib/libcommon_la-idcache.lo
  CC       lib/libcommon_la-jsonwrt.lo
  CC       lib/libcommon_la-mangle.lo
  CC       lib/libcommon_la-match.lo
  CC       lib/libcommon_la-mbsalign.lo
  CC       lib/libcommon_la-mbsedit.lo
  CC       lib/libcommon_la-md5.lo
  CC       lib/libcommon_la-pwdutils.lo
  CC       lib/libcommon_la-randutils.lo
  CC       lib/libcommon_la-sha1.lo
  CC       lib/libcommon_la-sha256.lo
  CC       lib/libcommon_la-signames.lo
  CC       lib/libcommon_la-strutils.lo
  CC       lib/libcommon_la-strv.lo
  CC       lib/libcommon_la-timeutils.lo
  CC       lib/libcommon_la-ttyutils.lo
  CC       lib/libcommon_la-xxhash.lo
  CC       lib/libcommon_la-linux_version.lo
  CC       lib/libcommon_la-loopdev.lo
  CC       lib/libcommon_la-cpuset.lo
  CC       lib/libcommon_la-path.lo
  CC       lib/libcommon_la-sysfs.lo
  CC       lib/libcommon_la-procfs.lo
  CC       lib/libmount_la-monotonic.lo
  CC       libuuid/src/la-clear.lo
  CC       libuuid/src/la-compare.lo
  CC       libuuid/src/la-copy.lo
  CC       libuuid/src/la-gen_uuid.lo
  CC       libuuid/src/la-isnull.lo
  CC       libuuid/src/la-pack.lo
  CC       libuuid/src/la-parse.lo
  CC       libuuid/src/la-unpack.lo
  CC       libuuid/src/la-unparse.lo
  CC       libuuid/src/la-uuid_time.lo
  CC       libuuid/src/la-predefined.lo
  CC       lib/libuuid_la-randutils.lo
  CC       lib/libuuid_la-md5.lo
  CC       lib/libuuid_la-sha1.lo
  CC       libblkid/src/la-init.lo
  CC       libblkid/src/la-cache.lo
  CC       libblkid/src/la-config.lo
  CC       libblkid/src/la-dev.lo
  CC       libblkid/src/la-devname.lo
  CC       libblkid/src/la-devno.lo
  CC       libblkid/src/la-encode.lo
  CC       libblkid/src/la-evaluate.lo
  CC       libblkid/src/la-getsize.lo
  CC       libblkid/src/la-probe.lo
  CC       libblkid/src/la-read.lo
  CC       libblkid/src/la-resolve.lo
  CC       libblkid/src/la-save.lo
  CC       libblkid/src/la-tag.lo
  CC       libblkid/src/la-verify.lo
  CC       libblkid/src/la-version.lo
  CC       libblkid/src/partitions/la-aix.lo
  CC       libblkid/src/partitions/la-atari.lo
  CC       libblkid/src/partitions/la-bsd.lo
  CC       libblkid/src/partitions/la-dos.lo
  CC       libblkid/src/partitions/la-gpt.lo
  CC       libblkid/src/partitions/la-mac.lo
  CC       libblkid/src/partitions/la-minix.lo
  CC       libblkid/src/partitions/la-partitions.lo
  CC       libblkid/src/partitions/la-sgi.lo
  CC       libblkid/src/partitions/la-solaris_x86.lo
  CC       libblkid/src/partitions/la-sun.lo
  CC       libblkid/src/partitions/la-ultrix.lo
  CC       libblkid/src/partitions/la-unixware.lo
  CC       libblkid/src/superblocks/la-adaptec_raid.lo
  CC       libblkid/src/superblocks/la-apfs.lo
  CC       libblkid/src/superblocks/la-bcache.lo
  CC       libblkid/src/superblocks/la-befs.lo
  CC       libblkid/src/superblocks/la-bfs.lo
  CC       libblkid/src/superblocks/la-bitlocker.lo
  CC       libblkid/src/superblocks/la-bluestore.lo
  CC       libblkid/src/superblocks/la-btrfs.lo
  CC       libblkid/src/superblocks/la-cs_fvault2.lo
  CC       libblkid/src/superblocks/la-cramfs.lo
  CC       libblkid/src/superblocks/la-ddf_raid.lo
  CC       libblkid/src/superblocks/la-drbd.lo
  CC       libblkid/src/superblocks/la-drbdproxy_datalog.lo
  CC       libblkid/src/superblocks/la-drbdmanage.lo
  CC       libblkid/src/superblocks/la-exfat.lo
  CC       libblkid/src/superblocks/la-exfs.lo
  CC       libblkid/src/superblocks/la-ext.lo
  CC       libblkid/src/superblocks/la-f2fs.lo
  CC       libblkid/src/superblocks/la-gfs.lo
  CC       libblkid/src/superblocks/la-hfs.lo
  CC       libblkid/src/superblocks/la-highpoint_raid.lo
  CC       libblkid/src/superblocks/la-hpfs.lo
  CC       libblkid/src/superblocks/la-iso9660.lo
  CC       libblkid/src/superblocks/la-isw_raid.lo
  CC       libblkid/src/superblocks/la-jfs.lo
  CC       libblkid/src/superblocks/la-jmicron_raid.lo
  CC       libblkid/src/superblocks/la-linux_raid.lo
  CC       libblkid/src/superblocks/la-lsi_raid.lo
  CC       libblkid/src/superblocks/la-luks.lo
  CC       libblkid/src/superblocks/la-lvm.lo
  CC       libblkid/src/superblocks/la-minix.lo
  CC       libblkid/src/superblocks/la-mpool.lo
  CC       libblkid/src/superblocks/la-netware.lo
  CC       libblkid/src/superblocks/la-nilfs.lo
  CC       libblkid/src/superblocks/la-ntfs.lo
  CC       libblkid/src/superblocks/la-refs.lo
  CC       libblkid/src/superblocks/la-nvidia_raid.lo
  CC       libblkid/src/superblocks/la-ocfs.lo
  CC       libblkid/src/superblocks/la-promise_raid.lo
  CC       libblkid/src/superblocks/la-reiserfs.lo
  CC       libblkid/src/superblocks/la-romfs.lo
  CC       libblkid/src/superblocks/la-silicon_raid.lo
  CC       libblkid/src/superblocks/la-squashfs.lo
  CC       libblkid/src/superblocks/la-stratis.lo
  CC       libblkid/src/superblocks/la-superblocks.lo
  CC       libblkid/src/superblocks/la-swap.lo
  CC       libblkid/src/superblocks/la-sysv.lo
  CC       libblkid/src/superblocks/la-ubi.lo
  CC       libblkid/src/superblocks/la-ubifs.lo
  CC       libblkid/src/superblocks/la-udf.lo
  CC       libblkid/src/superblocks/la-ufs.lo
  CC       libblkid/src/superblocks/la-vdo.lo
  CC       libblkid/src/superblocks/la-vfat.lo
  CC       libblkid/src/superblocks/la-via_raid.lo
  CC       libblkid/src/superblocks/la-vmfs.lo
  CC       libblkid/src/superblocks/la-vxfs.lo
  CC       libblkid/src/superblocks/la-xfs.lo
  CC       libblkid/src/superblocks/la-zfs.lo
  CC       libblkid/src/superblocks/la-zonefs.lo
  CC       libblkid/src/superblocks/la-erofs.lo
  CC       libblkid/src/topology/la-topology.lo
  CC       libblkid/src/topology/la-dm.lo
  CC       libblkid/src/topology/la-evms.lo
  CC       libblkid/src/topology/la-ioctl.lo
  CC       libblkid/src/topology/la-lvm.lo
  CC       libblkid/src/topology/la-md.lo
  CC       libblkid/src/topology/la-sysfs.lo
  CCLD     libcommon.la
  CC       libfdisk/src/la-init.lo
  CC       libfdisk/src/la-field.lo
  CC       libfdisk/src/la-item.lo
  CC       libfdisk/src/la-test.lo
  CC       libfdisk/src/la-ask.lo
  CC       libfdisk/src/la-alignment.lo
  CC       libfdisk/src/la-label.lo
  CC       libfdisk/src/la-utils.lo
  CC       libfdisk/src/la-context.lo
  CC       libfdisk/src/la-parttype.lo
  CC       libfdisk/src/la-partition.lo
  CC       libfdisk/src/la-table.lo
  CC       libfdisk/src/la-iter.lo
  CC       libfdisk/src/la-script.lo
  CC       libfdisk/src/la-version.lo
  CC       libfdisk/src/la-wipe.lo
  CC       libfdisk/src/la-sun.lo
  CC       libfdisk/src/la-sgi.lo
  CC       libfdisk/src/la-dos.lo
  CC       libfdisk/src/la-bsd.lo
  CC       libfdisk/src/la-gpt.lo
  CC       libmount/src/la-cache.lo
  CC       libmount/src/la-fs.lo
  CC       libmount/src/la-fs_statmount.lo
  CC       libmount/src/la-init.lo
  CC       libmount/src/la-iter.lo
  CC       libmount/src/la-lock.lo
  CC       libmount/src/la-optmap.lo
  CC       libmount/src/la-optlist.lo
  CC       libmount/src/la-optstr.lo
  CC       libmount/src/la-tab.lo
  CC       libmount/src/la-tab_diff.lo
  CC       libmount/src/la-tab_listmount.lo
  CC       libmount/src/la-tab_parse.lo
  CC       libmount/src/la-tab_update.lo
  CC       libmount/src/la-test.lo
  CC       libmount/src/la-utils.lo
  CC       libmount/src/la-version.lo
  CC       libmount/src/la-context.lo
  CC       libmount/src/la-context_mount.lo
  CC       libmount/src/la-context_umount.lo
  CC       libmount/src/la-hooks.lo
  CC       libmount/src/la-hook_mount.lo
  CC       libmount/src/la-hook_mount_legacy.lo
  CC       libmount/src/la-hook_mkdir.lo
  CC       libmount/src/la-hook_selinux.lo
  CC       libmount/src/la-hook_subdir.lo
  CC       libmount/src/la-hook_owner.lo
  CC       libmount/src/la-hook_idmap.lo
  CC       libmount/src/la-hook_loopdev.lo
  CC       libmount/src/la-hook_veritydev.lo
  CC       libmount/src/la-monitor.lo
  CC       libmount/src/la-btrfs.lo
  CC       libsmartcols/src/la-iter.lo
  CC       libsmartcols/src/la-symbols.lo
  CC       libsmartcols/src/la-cell.lo
  CC       libsmartcols/src/la-column.lo
  CC       libsmartcols/src/la-line.lo
  CC       libsmartcols/src/la-table.lo
  CC       libsmartcols/src/la-print.lo
  CC       libsmartcols/src/la-print-api.lo
  CC       libsmartcols/src/la-version.lo
  CC       libsmartcols/src/la-calculate.lo
  CC       libsmartcols/src/la-grouping.lo
  CC       libsmartcols/src/la-walk.lo
  CC       libsmartcols/src/la-init.lo
  CC       libsmartcols/src/la-filter-parser.lo
  CC       libsmartcols/src/la-filter-scanner.lo
  CC       libsmartcols/src/la-filter.lo
  CC       libsmartcols/src/la-filter-param.lo
  CC       libsmartcols/src/la-filter-expr.lo
  CCLD     libuuid.la
  CCLD     libblkid.la
  CCLD     libmount.la
  CCLD     libsmartcols.la
  CCLD     libfdisk.la
 /usr/bin/mkdir -p '/blfs/builds/util-linux-2.41.1/DESTDIR/usr/lib32'
 /bin/sh ./libtool   --mode=install /usr/bin/install -c   libuuid.la libblkid.la libmount.la libsmartcols.la libfdisk.la '/blfs/builds/util-linux-2.41.1/DESTDIR/usr/lib32'
libtool: install: /usr/bin/install -c .libs/libuuid.so.1.3.0 /blfs/builds/util-linux-2.41.1/DESTDIR/usr/lib32/libuuid.so.1.3.0
libtool: install: (cd /blfs/builds/util-linux-2.41.1/DESTDIR/usr/lib32 && { ln -s -f libuuid.so.1.3.0 libuuid.so.1 || { rm -f libuuid.so.1 && ln -s libuuid.so.1.3.0 libuuid.so.1; }; })
libtool: install: (cd /blfs/builds/util-linux-2.41.1/DESTDIR/usr/lib32 && { ln -s -f libuuid.so.1.3.0 libuuid.so || { rm -f libuuid.so && ln -s libuuid.so.1.3.0 libuuid.so; }; })
libtool: install: /usr/bin/install -c .libs/libuuid.lai /blfs/builds/util-linux-2.41.1/DESTDIR/usr/lib32/libuuid.la
libtool: install: /usr/bin/install -c .libs/libblkid.so.1.1.0 /blfs/builds/util-linux-2.41.1/DESTDIR/usr/lib32/libblkid.so.1.1.0
libtool: install: (cd /blfs/builds/util-linux-2.41.1/DESTDIR/usr/lib32 && { ln -s -f libblkid.so.1.1.0 libblkid.so.1 || { rm -f libblkid.so.1 && ln -s libblkid.so.1.1.0 libblkid.so.1; }; })
libtool: install: (cd /blfs/builds/util-linux-2.41.1/DESTDIR/usr/lib32 && { ln -s -f libblkid.so.1.1.0 libblkid.so || { rm -f libblkid.so && ln -s libblkid.so.1.1.0 libblkid.so; }; })
libtool: install: /usr/bin/install -c .libs/libblkid.lai /blfs/builds/util-linux-2.41.1/DESTDIR/usr/lib32/libblkid.la
libtool: warning: relinking 'libmount.la'
libtool: install: (cd /blfs/builds/util-linux-2.41.1; /bin/sh "/blfs/builds/util-linux-2.41.1/libtool"  --silent --tag CC --mode=relink gcc -fsigned-char -fno-common -Wall -Wextra -Waddress-of-packed-member -Wdiscarded-qualifiers -Wimplicit-function-declaration -Wmissing-declarations -Wmissing-parameter-type -Wmissing-prototypes -Wnested-externs -Wno-missing-field-initializers -Wold-style-definition -Wpointer-arith -Wredundant-decls -Wsign-compare -Wstrict-prototypes -Wtype-limits -Wuninitialized -Wunused-but-set-parameter -Wunused-but-set-variable -Wunused-parameter -Wunused-result -Wunused-variable -Wvla -Walloca -Werror=sequence-point -I./libblkid/src -I./libmount/src -I./libmount/src -O2 -m32 -Wl,--version-script,./libmount/src/libmount.sym -version-info 2:0:1 -o libmount.la -rpath /usr/lib32 lib/libmount_la-monotonic.lo libmount/src/la-cache.lo libmount/src/la-fs.lo libmount/src/la-fs_statmount.lo libmount/src/la-init.lo libmount/src/la-iter.lo libmount/src/la-lock.lo libmount/src/la-optmap.lo libmount/src/la-optlist.lo libmount/src/la-optstr.lo libmount/src/la-tab.lo libmount/src/la-tab_diff.lo libmount/src/la-tab_listmount.lo libmount/src/la-tab_parse.lo libmount/src/la-tab_update.lo libmount/src/la-test.lo libmount/src/la-utils.lo libmount/src/la-version.lo libmount/src/la-context.lo libmount/src/la-context_mount.lo libmount/src/la-context_umount.lo libmount/src/la-hooks.lo libmount/src/la-hook_mount.lo libmount/src/la-hook_mount_legacy.lo libmount/src/la-hook_mkdir.lo libmount/src/la-hook_selinux.lo libmount/src/la-hook_subdir.lo libmount/src/la-hook_owner.lo libmount/src/la-hook_idmap.lo libmount/src/la-hook_loopdev.lo libmount/src/la-hook_veritydev.lo libmount/src/la-monitor.lo libmount/src/la-btrfs.lo libcommon.la libblkid.la -inst-prefix-dir /blfs/builds/util-linux-2.41.1/DESTDIR)
libtool: install: /usr/bin/install -c .libs/libmount.so.1.1.0T /blfs/builds/util-linux-2.41.1/DESTDIR/usr/lib32/libmount.so.1.1.0
libtool: install: (cd /blfs/builds/util-linux-2.41.1/DESTDIR/usr/lib32 && { ln -s -f libmount.so.1.1.0 libmount.so.1 || { rm -f libmount.so.1 && ln -s libmount.so.1.1.0 libmount.so.1; }; })
libtool: install: (cd /blfs/builds/util-linux-2.41.1/DESTDIR/usr/lib32 && { ln -s -f libmount.so.1.1.0 libmount.so || { rm -f libmount.so && ln -s libmount.so.1.1.0 libmount.so; }; })
libtool: install: /usr/bin/install -c .libs/libmount.lai /blfs/builds/util-linux-2.41.1/DESTDIR/usr/lib32/libmount.la
libtool: install: /usr/bin/install -c .libs/libsmartcols.so.1.1.0 /blfs/builds/util-linux-2.41.1/DESTDIR/usr/lib32/libsmartcols.so.1.1.0
libtool: install: (cd /blfs/builds/util-linux-2.41.1/DESTDIR/usr/lib32 && { ln -s -f libsmartcols.so.1.1.0 libsmartcols.so.1 || { rm -f libsmartcols.so.1 && ln -s libsmartcols.so.1.1.0 libsmartcols.so.1; }; })
libtool: install: (cd /blfs/builds/util-linux-2.41.1/DESTDIR/usr/lib32 && { ln -s -f libsmartcols.so.1.1.0 libsmartcols.so || { rm -f libsmartcols.so && ln -s libsmartcols.so.1.1.0 libsmartcols.so; }; })
libtool: install: /usr/bin/install -c .libs/libsmartcols.lai /blfs/builds/util-linux-2.41.1/DESTDIR/usr/lib32/libsmartcols.la
libtool: warning: relinking 'libfdisk.la'
libtool: install: (cd /blfs/builds/util-linux-2.41.1; /bin/sh "/blfs/builds/util-linux-2.41.1/libtool"  --silent --tag CC --mode=relink gcc -fsigned-char -fno-common -Wall -Wextra -Waddress-of-packed-member -Wdiscarded-qualifiers -Wimplicit-function-declaration -Wmissing-declarations -Wmissing-parameter-type -Wmissing-prototypes -Wnested-externs -Wno-missing-field-initializers -Wold-style-definition -Wpointer-arith -Wredundant-decls -Wsign-compare -Wstrict-prototypes -Wtype-limits -Wuninitialized -Wunused-but-set-parameter -Wunused-but-set-variable -Wunused-parameter -Wunused-result -Wunused-variable -Wvla -Walloca -Werror=sequence-point -I./libuuid/src -I./libfdisk/src -I./libfdisk/src -I./libblkid/src -O2 -m32 -Wl,--version-script,./libfdisk/src/libfdisk.sym -version-info 2:0:1 -o libfdisk.la -rpath /usr/lib32 libfdisk/src/la-init.lo libfdisk/src/la-field.lo libfdisk/src/la-item.lo libfdisk/src/la-test.lo libfdisk/src/la-ask.lo libfdisk/src/la-alignment.lo libfdisk/src/la-label.lo libfdisk/src/la-utils.lo libfdisk/src/la-context.lo libfdisk/src/la-parttype.lo libfdisk/src/la-partition.lo libfdisk/src/la-table.lo libfdisk/src/la-iter.lo libfdisk/src/la-script.lo libfdisk/src/la-version.lo libfdisk/src/la-wipe.lo libfdisk/src/la-sun.lo libfdisk/src/la-sgi.lo libfdisk/src/la-dos.lo libfdisk/src/la-bsd.lo libfdisk/src/la-gpt.lo libcommon.la libuuid.la libblkid.la -inst-prefix-dir /blfs/builds/util-linux-2.41.1/DESTDIR)
libtool: install: /usr/bin/install -c .libs/libfdisk.so.1.1.0T /blfs/builds/util-linux-2.41.1/DESTDIR/usr/lib32/libfdisk.so.1.1.0
libtool: install: (cd /blfs/builds/util-linux-2.41.1/DESTDIR/usr/lib32 && { ln -s -f libfdisk.so.1.1.0 libfdisk.so.1 || { rm -f libfdisk.so.1 && ln -s libfdisk.so.1.1.0 libfdisk.so.1; }; })
libtool: install: (cd /blfs/builds/util-linux-2.41.1/DESTDIR/usr/lib32 && { ln -s -f libfdisk.so.1.1.0 libfdisk.so || { rm -f libfdisk.so && ln -s libfdisk.so.1.1.0 libfdisk.so; }; })
libtool: install: /usr/bin/install -c .libs/libfdisk.lai /blfs/builds/util-linux-2.41.1/DESTDIR/usr/lib32/libfdisk.la
libtool: warning: remember to run 'libtool --finish /usr/lib32'
  GEN      libuuid/uuid.pc
  GEN      libblkid/blkid.pc
  GEN      libmount/mount.pc
  GEN      libsmartcols/smartcols.pc
  GEN      libfdisk/fdisk.pc
 /usr/bin/mkdir -p '/blfs/builds/util-linux-2.41.1/DESTDIR/usr/lib32/pkgconfig'
 /usr/bin/install -c -m 644 libuuid/uuid.pc libblkid/blkid.pc libmount/mount.pc libsmartcols/smartcols.pc libfdisk/fdisk.pc '/blfs/builds/util-linux-2.41.1/DESTDIR/usr/lib32/pkgconfig'
'DESTDIR/usr/lib32/libblkid.la' -> '/pkgs/lib32-util-linux/usr/lib32/libblkid.la'
'DESTDIR/usr/lib32/libblkid.so' -> '/pkgs/lib32-util-linux/usr/lib32/libblkid.so'
'DESTDIR/usr/lib32/libblkid.so.1' -> '/pkgs/lib32-util-linux/usr/lib32/libblkid.so.1'
'DESTDIR/usr/lib32/libblkid.so.1.1.0' -> '/pkgs/lib32-util-linux/usr/lib32/libblkid.so.1.1.0'
'DESTDIR/usr/lib32/libfdisk.la' -> '/pkgs/lib32-util-linux/usr/lib32/libfdisk.la'
'DESTDIR/usr/lib32/libfdisk.so' -> '/pkgs/lib32-util-linux/usr/lib32/libfdisk.so'
'DESTDIR/usr/lib32/libfdisk.so.1' -> '/pkgs/lib32-util-linux/usr/lib32/libfdisk.so.1'
'DESTDIR/usr/lib32/libfdisk.so.1.1.0' -> '/pkgs/lib32-util-linux/usr/lib32/libfdisk.so.1.1.0'
'DESTDIR/usr/lib32/libmount.la' -> '/pkgs/lib32-util-linux/usr/lib32/libmount.la'
'DESTDIR/usr/lib32/libmount.so' -> '/pkgs/lib32-util-linux/usr/lib32/libmount.so'
'DESTDIR/usr/lib32/libmount.so.1' -> '/pkgs/lib32-util-linux/usr/lib32/libmount.so.1'
'DESTDIR/usr/lib32/libmount.so.1.1.0' -> '/pkgs/lib32-util-linux/usr/lib32/libmount.so.1.1.0'
'DESTDIR/usr/lib32/libsmartcols.la' -> '/pkgs/lib32-util-linux/usr/lib32/libsmartcols.la'
'DESTDIR/usr/lib32/libsmartcols.so' -> '/pkgs/lib32-util-linux/usr/lib32/libsmartcols.so'
'DESTDIR/usr/lib32/libsmartcols.so.1' -> '/pkgs/lib32-util-linux/usr/lib32/libsmartcols.so.1'
'DESTDIR/usr/lib32/libsmartcols.so.1.1.0' -> '/pkgs/lib32-util-linux/usr/lib32/libsmartcols.so.1.1.0'
'DESTDIR/usr/lib32/libuuid.la' -> '/pkgs/lib32-util-linux/usr/lib32/libuuid.la'
'DESTDIR/usr/lib32/libuuid.so' -> '/pkgs/lib32-util-linux/usr/lib32/libuuid.so'
'DESTDIR/usr/lib32/libuuid.so.1' -> '/pkgs/lib32-util-linux/usr/lib32/libuuid.so.1'
'DESTDIR/usr/lib32/libuuid.so.1.3.0' -> '/pkgs/lib32-util-linux/usr/lib32/libuuid.so.1.3.0'
'DESTDIR/usr/lib32/pkgconfig' -> '/pkgs/lib32-util-linux/usr/lib32/pkgconfig'
'DESTDIR/usr/lib32/pkgconfig/uuid.pc' -> '/pkgs/lib32-util-linux/usr/lib32/pkgconfig/uuid.pc'
'DESTDIR/usr/lib32/pkgconfig/blkid.pc' -> '/pkgs/lib32-util-linux/usr/lib32/pkgconfig/blkid.pc'
'DESTDIR/usr/lib32/pkgconfig/mount.pc' -> '/pkgs/lib32-util-linux/usr/lib32/pkgconfig/mount.pc'
'DESTDIR/usr/lib32/pkgconfig/smartcols.pc' -> '/pkgs/lib32-util-linux/usr/lib32/pkgconfig/smartcols.pc'
'DESTDIR/usr/lib32/pkgconfig/fdisk.pc' -> '/pkgs/lib32-util-linux/usr/lib32/pkgconfig/fdisk.pc'
'/pkgs/lib32-util-linux/usr/lib32/libblkid.la' -> '/usr/lib32/libblkid.la'
removed '/usr/lib32/libblkid.so'
'/pkgs/lib32-util-linux/usr/lib32/libblkid.so' -> '/usr/lib32/libblkid.so'
removed '/usr/lib32/libblkid.so.1'
'/pkgs/lib32-util-linux/usr/lib32/libblkid.so.1' -> '/usr/lib32/libblkid.so.1'
'/pkgs/lib32-util-linux/usr/lib32/libblkid.so.1.1.0' -> '/usr/lib32/libblkid.so.1.1.0'
'/pkgs/lib32-util-linux/usr/lib32/libfdisk.la' -> '/usr/lib32/libfdisk.la'
removed '/usr/lib32/libfdisk.so'
'/pkgs/lib32-util-linux/usr/lib32/libfdisk.so' -> '/usr/lib32/libfdisk.so'
removed '/usr/lib32/libfdisk.so.1'
'/pkgs/lib32-util-linux/usr/lib32/libfdisk.so.1' -> '/usr/lib32/libfdisk.so.1'
'/pkgs/lib32-util-linux/usr/lib32/libfdisk.so.1.1.0' -> '/usr/lib32/libfdisk.so.1.1.0'
'/pkgs/lib32-util-linux/usr/lib32/libmount.la' -> '/usr/lib32/libmount.la'
removed '/usr/lib32/libmount.so'
'/pkgs/lib32-util-linux/usr/lib32/libmount.so' -> '/usr/lib32/libmount.so'
removed '/usr/lib32/libmount.so.1'
'/pkgs/lib32-util-linux/usr/lib32/libmount.so.1' -> '/usr/lib32/libmount.so.1'
'/pkgs/lib32-util-linux/usr/lib32/libmount.so.1.1.0' -> '/usr/lib32/libmount.so.1.1.0'
'/pkgs/lib32-util-linux/usr/lib32/libsmartcols.la' -> '/usr/lib32/libsmartcols.la'
removed '/usr/lib32/libsmartcols.so'
'/pkgs/lib32-util-linux/usr/lib32/libsmartcols.so' -> '/usr/lib32/libsmartcols.so'
removed '/usr/lib32/libsmartcols.so.1'
'/pkgs/lib32-util-linux/usr/lib32/libsmartcols.so.1' -> '/usr/lib32/libsmartcols.so.1'
'/pkgs/lib32-util-linux/usr/lib32/libsmartcols.so.1.1.0' -> '/usr/lib32/libsmartcols.so.1.1.0'
'/pkgs/lib32-util-linux/usr/lib32/libuuid.la' -> '/usr/lib32/libuuid.la'
removed '/usr/lib32/libuuid.so'
'/pkgs/lib32-util-linux/usr/lib32/libuuid.so' -> '/usr/lib32/libuuid.so'
removed '/usr/lib32/libuuid.so.1'
'/pkgs/lib32-util-linux/usr/lib32/libuuid.so.1' -> '/usr/lib32/libuuid.so.1'
'/pkgs/lib32-util-linux/usr/lib32/libuuid.so.1.3.0' -> '/usr/lib32/libuuid.so.1.3.0'
'/pkgs/lib32-util-linux/usr/lib32/pkgconfig/uuid.pc' -> '/usr/lib32/pkgconfig/uuid.pc'
'/pkgs/lib32-util-linux/usr/lib32/pkgconfig/blkid.pc' -> '/usr/lib32/pkgconfig/blkid.pc'
'/pkgs/lib32-util-linux/usr/lib32/pkgconfig/mount.pc' -> '/usr/lib32/pkgconfig/mount.pc'
'/pkgs/lib32-util-linux/usr/lib32/pkgconfig/smartcols.pc' -> '/usr/lib32/pkgconfig/smartcols.pc'
'/pkgs/lib32-util-linux/usr/lib32/pkgconfig/fdisk.pc' -> '/usr/lib32/pkgconfig/fdisk.pc'
lib32-util-linux/
lib32-util-linux/usr/
lib32-util-linux/usr/lib32/
lib32-util-linux/usr/lib32/libmount.so
lib32-util-linux/usr/lib32/libblkid.so
lib32-util-linux/usr/lib32/libsmartcols.so
lib32-util-linux/usr/lib32/libsmartcols.so.1
lib32-util-linux/usr/lib32/libfdisk.so.1
lib32-util-linux/usr/lib32/libmount.so.1
lib32-util-linux/usr/lib32/libmount.so.1.1.0
lib32-util-linux/usr/lib32/libfdisk.so.1.1.0
lib32-util-linux/usr/lib32/libuuid.so.1.3.0
lib32-util-linux/usr/lib32/pkgconfig/
lib32-util-linux/usr/lib32/pkgconfig/uuid.pc
lib32-util-linux/usr/lib32/pkgconfig/smartcols.pc
lib32-util-linux/usr/lib32/pkgconfig/blkid.pc
lib32-util-linux/usr/lib32/pkgconfig/fdisk.pc
lib32-util-linux/usr/lib32/pkgconfig/mount.pc
lib32-util-linux/usr/lib32/libmount.la
lib32-util-linux/usr/lib32/libfdisk.la
lib32-util-linux/usr/lib32/libuuid.so.1
lib32-util-linux/usr/lib32/libblkid.so.1
lib32-util-linux/usr/lib32/libfdisk.so
lib32-util-linux/usr/lib32/libblkid.la
lib32-util-linux/usr/lib32/libblkid.so.1.1.0
lib32-util-linux/usr/lib32/libuuid.la
lib32-util-linux/usr/lib32/libsmartcols.so.1.1.0
lib32-util-linux/usr/lib32/libuuid.so
lib32-util-linux/usr/lib32/libsmartcols.la
lib32-util-linux/version
lib32-util-linux/depends
lib32-util-linux/make-depends
