--2026-03-30 11:33:04--  https://files.pythonhosted.org/packages/source/P/Pygments/pygments-2.20.0.tar.gz
Resolving files.pythonhosted.org (files.pythonhosted.org)... 151.101.128.223, 151.101.192.223, 151.101.0.223, ...
Connecting to files.pythonhosted.org (files.pythonhosted.org)|151.101.128.223|:443... connected.
HTTP request sent, awaiting response... 302 Found
Location: https://files.pythonhosted.org/packages/c3/b2/bc9c9196916376152d655522fdcebac55e66de6603a76a02bca1b6414f6c/pygments-2.20.0.tar.gz [following]
--2026-03-30 11:33:04--  https://files.pythonhosted.org/packages/c3/b2/bc9c9196916376152d655522fdcebac55e66de6603a76a02bca1b6414f6c/pygments-2.20.0.tar.gz
Reusing existing connection to files.pythonhosted.org:443.
HTTP request sent, awaiting response... 200 OK
Length: 4955991 (4.7M) [application/octet-stream]
Saving to: ‘pygments-2.20.0.tar.gz’

     0K .......... .......... .......... .......... ..........  1% 6.98M 1s
    50K .......... .......... .......... .......... ..........  2% 13.6M 1s
   100K .......... .......... .......... .......... ..........  3% 11.5M 0s
   150K .......... .......... .......... .......... ..........  4% 47.4M 0s
   200K .......... .......... .......... .......... ..........  5% 16.2M 0s
   250K .......... .......... .......... .......... ..........  6% 12.7M 0s
   300K .......... .......... .......... .......... ..........  7% 76.1M 0s
   350K .......... .......... .......... .......... ..........  8% 15.0M 0s
   400K .......... .......... .......... .......... ..........  9%  110M 0s
   450K .......... .......... .......... .......... .......... 10%  122M 0s
   500K .......... .......... .......... .......... .......... 11% 15.5M 0s
   550K .......... .......... .......... .......... .......... 12%  118M 0s
   600K .......... .......... .......... .......... .......... 13%  112M 0s
   650K .......... .......... .......... .......... .......... 14%  124M 0s
   700K .......... .......... .......... .......... .......... 15% 16.4M 0s
   750K .......... .......... .......... .......... .......... 16%  103M 0s
   800K .......... .......... .......... .......... .......... 17%  122M 0s
   850K .......... .......... .......... .......... .......... 18% 17.3M 0s
   900K .......... .......... .......... .......... .......... 19%  118M 0s
   950K .......... .......... .......... .......... .......... 20%  120M 0s
  1000K .......... .......... .......... .......... .......... 21%  118M 0s
  1050K .......... .......... .......... .......... .......... 22%  101M 0s
  1100K .......... .......... .......... .......... .......... 23% 18.3M 0s
  1150K .......... .......... .......... .......... .......... 24%  120M 0s
  1200K .......... .......... .......... .......... .......... 25%  119M 0s
  1250K .......... .......... .......... .......... .......... 26%  117M 0s
  1300K .......... .......... .......... .......... .......... 27%  119M 0s
  1350K .......... .......... .......... .......... .......... 28% 21.8M 0s
  1400K .......... .......... .......... .......... .......... 29%  110M 0s
  1450K .......... .......... .......... .......... .......... 30%  125M 0s
  1500K .......... .......... .......... .......... .......... 32% 84.6M 0s
  1550K .......... .......... .......... .......... .......... 33%  121M 0s
  1600K .......... .......... .......... .......... .......... 34% 24.1M 0s
  1650K .......... .......... .......... .......... .......... 35%  118M 0s
  1700K .......... .......... .......... .......... .......... 36%  119M 0s
  1750K .......... .......... .......... .......... .......... 37%  119M 0s
  1800K .......... .......... .......... .......... .......... 38%  118M 0s
  1850K .......... .......... .......... .......... .......... 39%  119M 0s
  1900K .......... .......... .......... .......... .......... 40% 22.9M 0s
  1950K .......... .......... .......... .......... .......... 41%  118M 0s
  2000K .......... .......... .......... .......... .......... 42%  119M 0s
  2050K .......... .......... .......... .......... .......... 43%  118M 0s
  2100K .......... .......... .......... .......... .......... 44%  119M 0s
  2150K .......... .......... .......... .......... .......... 45%  118M 0s
  2200K .......... .......... .......... .......... .......... 46% 28.1M 0s
  2250K .......... .......... .......... .......... .......... 47%  115M 0s
  2300K .......... .......... .......... .......... .......... 48% 86.3M 0s
  2350K .......... .......... .......... .......... .......... 49%  118M 0s
  2400K .......... .......... .......... .......... .......... 50%  118M 0s
  2450K .......... .......... .......... .......... .......... 51%  116M 0s
  2500K .......... .......... .......... .......... .......... 52% 29.6M 0s
  2550K .......... .......... .......... .......... .......... 53%  116M 0s
  2600K .......... .......... .......... .......... .......... 54%  106M 0s
  2650K .......... .......... .......... .......... .......... 55%  119M 0s
  2700K .......... .......... .......... .......... .......... 56%  115M 0s
  2750K .......... .......... .......... .......... .......... 57% 88.3M 0s
  2800K .......... .......... .......... .......... .......... 58%  115M 0s
  2850K .......... .......... .......... .......... .......... 59%  122M 0s
  2900K .......... .......... .......... .......... .......... 60% 43.1M 0s
  2950K .......... .......... .......... .......... .......... 61%  120M 0s
  3000K .......... .......... .......... .......... .......... 63%  118M 0s
  3050K .......... .......... .......... .......... .......... 64%  117M 0s
  3100K .......... .......... .......... .......... .......... 65%  119M 0s
  3150K .......... .......... .......... .......... .......... 66% 86.1M 0s
  3200K .......... .......... .......... .......... .......... 67%  118M 0s
  3250K .......... .......... .......... .......... .......... 68% 32.4M 0s
  3300K .......... .......... .......... .......... .......... 69%  118M 0s
  3350K .......... .......... .......... .......... .......... 70%  118M 0s
  3400K .......... .......... .......... .......... .......... 71%  116M 0s
  3450K .......... .......... .......... .......... .......... 72%  120M 0s
  3500K .......... .......... .......... .......... .......... 73%  117M 0s
  3550K .......... .......... .......... .......... .......... 74% 86.6M 0s
  3600K .......... .......... .......... .......... .......... 75% 42.5M 0s
  3650K .......... .......... .......... .......... .......... 76%  119M 0s
  3700K .......... .......... .......... .......... .......... 77%  119M 0s
  3750K .......... .......... .......... .......... .......... 78%  118M 0s
  3800K .......... .......... .......... .......... .......... 79%  116M 0s
  3850K .......... .......... .......... .......... .......... 80%  119M 0s
  3900K .......... .......... .......... .......... .......... 81%  119M 0s
  3950K .......... .......... .......... .......... .......... 82% 86.1M 0s
  4000K .......... .......... .......... .......... .......... 83% 43.8M 0s
  4050K .......... .......... .......... .......... .......... 84%  104M 0s
  4100K .......... .......... .......... .......... .......... 85%  118M 0s
  4150K .......... .......... .......... .......... .......... 86%  118M 0s
  4200K .......... .......... .......... .......... .......... 87%  118M 0s
  4250K .......... .......... .......... .......... .......... 88%  117M 0s
  4300K .......... .......... .......... .......... .......... 89%  116M 0s
  4350K .......... .......... .......... .......... .......... 90% 38.9M 0s
  4400K .......... .......... .......... .......... .......... 91%  117M 0s
  4450K .......... .......... .......... .......... .......... 92%  120M 0s
  4500K .......... .......... .......... .......... .......... 94%  118M 0s
  4550K .......... .......... .......... .......... .......... 95%  121M 0s
  4600K .......... .......... .......... .......... .......... 96%  114M 0s
  4650K .......... .......... .......... .......... .......... 97%  117M 0s
  4700K .......... .......... .......... .......... .......... 98%  107M 0s
  4750K .......... .......... .......... .......... .......... 99% 18.2M 0s
  4800K .......... .......... .......... .........            100%  185M=0.09s

2026-03-30 11:33:05 (53.4 MB/s) - ‘pygments-2.20.0.tar.gz’ saved [4955991/4955991]

pygments-2.20.0/.coveragerc
pygments-2.20.0/.dockerignore
pygments-2.20.0/.gitattributes
pygments-2.20.0/CHANGES
pygments-2.20.0/README.rst
pygments-2.20.0/requirements.txt
pygments-2.20.0/tox.ini
pygments-2.20.0/.github/workflows/build.yaml
pygments-2.20.0/.github/workflows/docs.yaml
pygments-2.20.0/doc/Makefile
pygments-2.20.0/doc/conf.py
pygments-2.20.0/doc/download.rst
pygments-2.20.0/doc/faq.rst
pygments-2.20.0/doc/index.rst
pygments-2.20.0/doc/languages.rst
pygments-2.20.0/doc/make.bat
pygments-2.20.0/doc/pygmentize.1
pygments-2.20.0/doc/styles.rst
pygments-2.20.0/doc/_static/demo-worker.js
pygments-2.20.0/doc/_static/demo.css
pygments-2.20.0/doc/_static/demo.js
pygments-2.20.0/doc/_static/favicon.ico
pygments-2.20.0/doc/_static/github.png
pygments-2.20.0/doc/_static/logo_new.png
pygments-2.20.0/doc/_static/logo_only.png
pygments-2.20.0/doc/_static/spinner.gif
pygments-2.20.0/doc/_templates/demo.html
pygments-2.20.0/doc/_templates/demo_sidebar.html
pygments-2.20.0/doc/_templates/docssidebar.html
pygments-2.20.0/doc/_templates/index_with_try.html
pygments-2.20.0/doc/_templates/indexsidebar.html
pygments-2.20.0/doc/_templates/styles.html
pygments-2.20.0/doc/_themes/pygments14/layout.html
pygments-2.20.0/doc/_themes/pygments14/localtoc.html
pygments-2.20.0/doc/_themes/pygments14/relations.html
pygments-2.20.0/doc/_themes/pygments14/theme.conf
pygments-2.20.0/doc/_themes/pygments14/static/bodybg.png
pygments-2.20.0/doc/_themes/pygments14/static/docbg.png
pygments-2.20.0/doc/_themes/pygments14/static/listitem.png
pygments-2.20.0/doc/_themes/pygments14/static/pocoo.png
pygments-2.20.0/doc/_themes/pygments14/static/pygments14.css_t
pygments-2.20.0/doc/docs/api.rst
pygments-2.20.0/doc/docs/authors.rst
pygments-2.20.0/doc/docs/changelog.rst
pygments-2.20.0/doc/docs/cmdline.rst
pygments-2.20.0/doc/docs/contributing.rst
pygments-2.20.0/doc/docs/filterdevelopment.rst
pygments-2.20.0/doc/docs/filters.rst
pygments-2.20.0/doc/docs/formatterdevelopment.rst
pygments-2.20.0/doc/docs/formatters.rst
pygments-2.20.0/doc/docs/index.rst
pygments-2.20.0/doc/docs/integrate.rst
pygments-2.20.0/doc/docs/java.rst
pygments-2.20.0/doc/docs/lexerdevelopment.rst
pygments-2.20.0/doc/docs/lexers.rst
pygments-2.20.0/doc/docs/moinmoin.rst
pygments-2.20.0/doc/docs/plugins.rst
pygments-2.20.0/doc/docs/quickstart.rst
pygments-2.20.0/doc/docs/security.rst
pygments-2.20.0/doc/docs/styledevelopment.rst
pygments-2.20.0/doc/docs/styles.rst
pygments-2.20.0/doc/docs/terminal-sessions.rst
pygments-2.20.0/doc/docs/terminaltips.rst
pygments-2.20.0/doc/docs/tokens.rst
pygments-2.20.0/doc/docs/unicode.rst
pygments-2.20.0/doc/examples/example.py
pygments-2.20.0/doc/pyodide/Dockerfile
pygments-2.20.0/doc/pyodide/Dockerfile.base
pygments-2.20.0/doc/pyodide/meta.yaml
pygments-2.20.0/external/autopygmentize
pygments-2.20.0/external/lasso-builtins-generator-9.lasso
pygments-2.20.0/external/lilypond-builtins-generator.ly
pygments-2.20.0/external/markdown-processor.py
pygments-2.20.0/external/moin-parser.py
pygments-2.20.0/external/pygments.bashcomp
pygments-2.20.0/external/scheme-builtins-generator.scm
pygments-2.20.0/pygments/__init__.py
pygments-2.20.0/pygments/__main__.py
pygments-2.20.0/pygments/cmdline.py
pygments-2.20.0/pygments/console.py
pygments-2.20.0/pygments/filter.py
pygments-2.20.0/pygments/formatter.py
pygments-2.20.0/pygments/lexer.py
pygments-2.20.0/pygments/modeline.py
pygments-2.20.0/pygments/plugin.py
pygments-2.20.0/pygments/regexopt.py
pygments-2.20.0/pygments/scanner.py
pygments-2.20.0/pygments/sphinxext.py
pygments-2.20.0/pygments/style.py
pygments-2.20.0/pygments/token.py
pygments-2.20.0/pygments/unistring.py
pygments-2.20.0/pygments/util.py
pygments-2.20.0/pygments/filters/__init__.py
pygments-2.20.0/pygments/formatters/__init__.py
pygments-2.20.0/pygments/formatters/_mapping.py
pygments-2.20.0/pygments/formatters/bbcode.py
pygments-2.20.0/pygments/formatters/groff.py
pygments-2.20.0/pygments/formatters/html.py
pygments-2.20.0/pygments/formatters/img.py
pygments-2.20.0/pygments/formatters/irc.py
pygments-2.20.0/pygments/formatters/latex.py
pygments-2.20.0/pygments/formatters/other.py
pygments-2.20.0/pygments/formatters/pangomarkup.py
pygments-2.20.0/pygments/formatters/rtf.py
pygments-2.20.0/pygments/formatters/svg.py
pygments-2.20.0/pygments/formatters/terminal.py
pygments-2.20.0/pygments/formatters/terminal256.py
pygments-2.20.0/pygments/lexers/__init__.py
pygments-2.20.0/pygments/lexers/_ada_builtins.py
pygments-2.20.0/pygments/lexers/_asy_builtins.py
pygments-2.20.0/pygments/lexers/_cl_builtins.py
pygments-2.20.0/pygments/lexers/_cocoa_builtins.py
pygments-2.20.0/pygments/lexers/_csound_builtins.py
pygments-2.20.0/pygments/lexers/_css_builtins.py
pygments-2.20.0/pygments/lexers/_googlesql_builtins.py
pygments-2.20.0/pygments/lexers/_julia_builtins.py
pygments-2.20.0/pygments/lexers/_lasso_builtins.py
pygments-2.20.0/pygments/lexers/_lilypond_builtins.py
pygments-2.20.0/pygments/lexers/_lua_builtins.py
pygments-2.20.0/pygments/lexers/_luau_builtins.py
pygments-2.20.0/pygments/lexers/_mapping.py
pygments-2.20.0/pygments/lexers/_mql_builtins.py
pygments-2.20.0/pygments/lexers/_mysql_builtins.py
pygments-2.20.0/pygments/lexers/_openedge_builtins.py
pygments-2.20.0/pygments/lexers/_php_builtins.py
pygments-2.20.0/pygments/lexers/_postgres_builtins.py
pygments-2.20.0/pygments/lexers/_qlik_builtins.py
pygments-2.20.0/pygments/lexers/_scheme_builtins.py
pygments-2.20.0/pygments/lexers/_scilab_builtins.py
pygments-2.20.0/pygments/lexers/_sourcemod_builtins.py
pygments-2.20.0/pygments/lexers/_sql_builtins.py
pygments-2.20.0/pygments/lexers/_stan_builtins.py
pygments-2.20.0/pygments/lexers/_stata_builtins.py
pygments-2.20.0/pygments/lexers/_tsql_builtins.py
pygments-2.20.0/pygments/lexers/_usd_builtins.py
pygments-2.20.0/pygments/lexers/_vbscript_builtins.py
pygments-2.20.0/pygments/lexers/_vim_builtins.py
pygments-2.20.0/pygments/lexers/actionscript.py
pygments-2.20.0/pygments/lexers/ada.py
pygments-2.20.0/pygments/lexers/agile.py
pygments-2.20.0/pygments/lexers/algebra.py
pygments-2.20.0/pygments/lexers/ambient.py
pygments-2.20.0/pygments/lexers/amdgpu.py
pygments-2.20.0/pygments/lexers/ampl.py
pygments-2.20.0/pygments/lexers/apdlexer.py
pygments-2.20.0/pygments/lexers/apl.py
pygments-2.20.0/pygments/lexers/archetype.py
pygments-2.20.0/pygments/lexers/arrow.py
pygments-2.20.0/pygments/lexers/arturo.py
pygments-2.20.0/pygments/lexers/asc.py
pygments-2.20.0/pygments/lexers/asm.py
pygments-2.20.0/pygments/lexers/asn1.py
pygments-2.20.0/pygments/lexers/automation.py
pygments-2.20.0/pygments/lexers/bare.py
pygments-2.20.0/pygments/lexers/basic.py
pygments-2.20.0/pygments/lexers/bdd.py
pygments-2.20.0/pygments/lexers/berry.py
pygments-2.20.0/pygments/lexers/bibtex.py
pygments-2.20.0/pygments/lexers/blueprint.py
pygments-2.20.0/pygments/lexers/boa.py
pygments-2.20.0/pygments/lexers/bqn.py
pygments-2.20.0/pygments/lexers/business.py
pygments-2.20.0/pygments/lexers/c_cpp.py
pygments-2.20.0/pygments/lexers/c_like.py
pygments-2.20.0/pygments/lexers/capnproto.py
pygments-2.20.0/pygments/lexers/carbon.py
pygments-2.20.0/pygments/lexers/cddl.py
pygments-2.20.0/pygments/lexers/chapel.py
pygments-2.20.0/pygments/lexers/clean.py
pygments-2.20.0/pygments/lexers/codeql.py
pygments-2.20.0/pygments/lexers/comal.py
pygments-2.20.0/pygments/lexers/compiled.py
pygments-2.20.0/pygments/lexers/configs.py
pygments-2.20.0/pygments/lexers/console.py
pygments-2.20.0/pygments/lexers/cplint.py
pygments-2.20.0/pygments/lexers/crystal.py
pygments-2.20.0/pygments/lexers/csound.py
pygments-2.20.0/pygments/lexers/css.py
pygments-2.20.0/pygments/lexers/d.py
pygments-2.20.0/pygments/lexers/dalvik.py
pygments-2.20.0/pygments/lexers/data.py
pygments-2.20.0/pygments/lexers/dax.py
pygments-2.20.0/pygments/lexers/devicetree.py
pygments-2.20.0/pygments/lexers/diff.py
pygments-2.20.0/pygments/lexers/dns.py
pygments-2.20.0/pygments/lexers/dotnet.py
pygments-2.20.0/pygments/lexers/dsls.py
pygments-2.20.0/pygments/lexers/dylan.py
pygments-2.20.0/pygments/lexers/ecl.py
pygments-2.20.0/pygments/lexers/eiffel.py
pygments-2.20.0/pygments/lexers/elm.py
pygments-2.20.0/pygments/lexers/elpi.py
pygments-2.20.0/pygments/lexers/email.py
pygments-2.20.0/pygments/lexers/erlang.py
pygments-2.20.0/pygments/lexers/esoteric.py
pygments-2.20.0/pygments/lexers/ezhil.py
pygments-2.20.0/pygments/lexers/factor.py
pygments-2.20.0/pygments/lexers/fantom.py
pygments-2.20.0/pygments/lexers/felix.py
pygments-2.20.0/pygments/lexers/fift.py
pygments-2.20.0/pygments/lexers/floscript.py
pygments-2.20.0/pygments/lexers/forth.py
pygments-2.20.0/pygments/lexers/fortran.py
pygments-2.20.0/pygments/lexers/foxpro.py
pygments-2.20.0/pygments/lexers/freefem.py
pygments-2.20.0/pygments/lexers/func.py
pygments-2.20.0/pygments/lexers/functional.py
pygments-2.20.0/pygments/lexers/futhark.py
pygments-2.20.0/pygments/lexers/gcodelexer.py
pygments-2.20.0/pygments/lexers/gdscript.py
pygments-2.20.0/pygments/lexers/gleam.py
pygments-2.20.0/pygments/lexers/go.py
pygments-2.20.0/pygments/lexers/grammar_notation.py
pygments-2.20.0/pygments/lexers/graph.py
pygments-2.20.0/pygments/lexers/graphics.py
pygments-2.20.0/pygments/lexers/graphql.py
pygments-2.20.0/pygments/lexers/graphviz.py
pygments-2.20.0/pygments/lexers/gsql.py
pygments-2.20.0/pygments/lexers/hare.py
pygments-2.20.0/pygments/lexers/haskell.py
pygments-2.20.0/pygments/lexers/haxe.py
pygments-2.20.0/pygments/lexers/hdl.py
pygments-2.20.0/pygments/lexers/hexdump.py
pygments-2.20.0/pygments/lexers/html.py
pygments-2.20.0/pygments/lexers/idl.py
pygments-2.20.0/pygments/lexers/igor.py
pygments-2.20.0/pygments/lexers/inferno.py
pygments-2.20.0/pygments/lexers/installers.py
pygments-2.20.0/pygments/lexers/int_fiction.py
pygments-2.20.0/pygments/lexers/iolang.py
pygments-2.20.0/pygments/lexers/j.py
pygments-2.20.0/pygments/lexers/javascript.py
pygments-2.20.0/pygments/lexers/jmespath.py
pygments-2.20.0/pygments/lexers/jslt.py
pygments-2.20.0/pygments/lexers/json5.py
pygments-2.20.0/pygments/lexers/jsonnet.py
pygments-2.20.0/pygments/lexers/jsx.py
pygments-2.20.0/pygments/lexers/julia.py
pygments-2.20.0/pygments/lexers/jvm.py
pygments-2.20.0/pygments/lexers/kuin.py
pygments-2.20.0/pygments/lexers/kusto.py
pygments-2.20.0/pygments/lexers/ldap.py
pygments-2.20.0/pygments/lexers/lean.py
pygments-2.20.0/pygments/lexers/lilypond.py
pygments-2.20.0/pygments/lexers/lisp.py
pygments-2.20.0/pygments/lexers/macaulay2.py
pygments-2.20.0/pygments/lexers/make.py
pygments-2.20.0/pygments/lexers/maple.py
pygments-2.20.0/pygments/lexers/markup.py
pygments-2.20.0/pygments/lexers/math.py
pygments-2.20.0/pygments/lexers/matlab.py
pygments-2.20.0/pygments/lexers/maxima.py
pygments-2.20.0/pygments/lexers/meson.py
pygments-2.20.0/pygments/lexers/mime.py
pygments-2.20.0/pygments/lexers/minecraft.py
pygments-2.20.0/pygments/lexers/mips.py
pygments-2.20.0/pygments/lexers/ml.py
pygments-2.20.0/pygments/lexers/modeling.py
pygments-2.20.0/pygments/lexers/modula2.py
pygments-2.20.0/pygments/lexers/mojo.py
pygments-2.20.0/pygments/lexers/monte.py
pygments-2.20.0/pygments/lexers/mosel.py
pygments-2.20.0/pygments/lexers/ncl.py
pygments-2.20.0/pygments/lexers/nimrod.py
pygments-2.20.0/pygments/lexers/nit.py
pygments-2.20.0/pygments/lexers/nix.py
pygments-2.20.0/pygments/lexers/numbair.py
pygments-2.20.0/pygments/lexers/oberon.py
pygments-2.20.0/pygments/lexers/objective.py
pygments-2.20.0/pygments/lexers/ooc.py
pygments-2.20.0/pygments/lexers/openscad.py
pygments-2.20.0/pygments/lexers/other.py
pygments-2.20.0/pygments/lexers/parasail.py
pygments-2.20.0/pygments/lexers/parsers.py
pygments-2.20.0/pygments/lexers/pascal.py
pygments-2.20.0/pygments/lexers/pawn.py
pygments-2.20.0/pygments/lexers/pddl.py
pygments-2.20.0/pygments/lexers/perl.py
pygments-2.20.0/pygments/lexers/phix.py
pygments-2.20.0/pygments/lexers/php.py
pygments-2.20.0/pygments/lexers/pointless.py
pygments-2.20.0/pygments/lexers/pony.py
pygments-2.20.0/pygments/lexers/praat.py
pygments-2.20.0/pygments/lexers/procfile.py
pygments-2.20.0/pygments/lexers/prolog.py
pygments-2.20.0/pygments/lexers/promql.py
pygments-2.20.0/pygments/lexers/prql.py
pygments-2.20.0/pygments/lexers/ptx.py
pygments-2.20.0/pygments/lexers/python.py
pygments-2.20.0/pygments/lexers/q.py
pygments-2.20.0/pygments/lexers/qlik.py
pygments-2.20.0/pygments/lexers/qvt.py
pygments-2.20.0/pygments/lexers/r.py
pygments-2.20.0/pygments/lexers/rdf.py
pygments-2.20.0/pygments/lexers/rebol.py
pygments-2.20.0/pygments/lexers/rego.py
pygments-2.20.0/pygments/lexers/rell.py
pygments-2.20.0/pygments/lexers/resource.py
pygments-2.20.0/pygments/lexers/ride.py
pygments-2.20.0/pygments/lexers/rita.py
pygments-2.20.0/pygments/lexers/rnc.py
pygments-2.20.0/pygments/lexers/roboconf.py
pygments-2.20.0/pygments/lexers/robotframework.py
pygments-2.20.0/pygments/lexers/ruby.py
pygments-2.20.0/pygments/lexers/rust.py
pygments-2.20.0/pygments/lexers/sas.py
pygments-2.20.0/pygments/lexers/savi.py
pygments-2.20.0/pygments/lexers/scdoc.py
pygments-2.20.0/pygments/lexers/scripting.py
pygments-2.20.0/pygments/lexers/sgf.py
pygments-2.20.0/pygments/lexers/shell.py
pygments-2.20.0/pygments/lexers/sieve.py
pygments-2.20.0/pygments/lexers/slash.py
pygments-2.20.0/pygments/lexers/smalltalk.py
pygments-2.20.0/pygments/lexers/smithy.py
pygments-2.20.0/pygments/lexers/smv.py
pygments-2.20.0/pygments/lexers/snobol.py
pygments-2.20.0/pygments/lexers/solidity.py
pygments-2.20.0/pygments/lexers/soong.py
pygments-2.20.0/pygments/lexers/sophia.py
pygments-2.20.0/pygments/lexers/special.py
pygments-2.20.0/pygments/lexers/spice.py
pygments-2.20.0/pygments/lexers/sql.py
pygments-2.20.0/pygments/lexers/srcinfo.py
pygments-2.20.0/pygments/lexers/stata.py
pygments-2.20.0/pygments/lexers/supercollider.py
pygments-2.20.0/pygments/lexers/tablegen.py
pygments-2.20.0/pygments/lexers/tact.py
pygments-2.20.0/pygments/lexers/tal.py
pygments-2.20.0/pygments/lexers/tcl.py
pygments-2.20.0/pygments/lexers/teal.py
pygments-2.20.0/pygments/lexers/templates.py
pygments-2.20.0/pygments/lexers/teraterm.py
pygments-2.20.0/pygments/lexers/testing.py
pygments-2.20.0/pygments/lexers/text.py
pygments-2.20.0/pygments/lexers/textedit.py
pygments-2.20.0/pygments/lexers/textfmts.py
pygments-2.20.0/pygments/lexers/theorem.py
pygments-2.20.0/pygments/lexers/thingsdb.py
pygments-2.20.0/pygments/lexers/tlb.py
pygments-2.20.0/pygments/lexers/tls.py
pygments-2.20.0/pygments/lexers/tnt.py
pygments-2.20.0/pygments/lexers/trafficscript.py
pygments-2.20.0/pygments/lexers/typoscript.py
pygments-2.20.0/pygments/lexers/typst.py
pygments-2.20.0/pygments/lexers/ul4.py
pygments-2.20.0/pygments/lexers/unicon.py
pygments-2.20.0/pygments/lexers/urbi.py
pygments-2.20.0/pygments/lexers/usd.py
pygments-2.20.0/pygments/lexers/varnish.py
pygments-2.20.0/pygments/lexers/verification.py
pygments-2.20.0/pygments/lexers/verifpal.py
pygments-2.20.0/pygments/lexers/vip.py
pygments-2.20.0/pygments/lexers/vyper.py
pygments-2.20.0/pygments/lexers/web.py
pygments-2.20.0/pygments/lexers/webassembly.py
pygments-2.20.0/pygments/lexers/webidl.py
pygments-2.20.0/pygments/lexers/webmisc.py
pygments-2.20.0/pygments/lexers/wgsl.py
pygments-2.20.0/pygments/lexers/whiley.py
pygments-2.20.0/pygments/lexers/wowtoc.py
pygments-2.20.0/pygments/lexers/wren.py
pygments-2.20.0/pygments/lexers/x10.py
pygments-2.20.0/pygments/lexers/xorg.py
pygments-2.20.0/pygments/lexers/yang.py
pygments-2.20.0/pygments/lexers/yara.py
pygments-2.20.0/pygments/lexers/zig.py
pygments-2.20.0/pygments/styles/__init__.py
pygments-2.20.0/pygments/styles/_mapping.py
pygments-2.20.0/pygments/styles/abap.py
pygments-2.20.0/pygments/styles/algol.py
pygments-2.20.0/pygments/styles/algol_nu.py
pygments-2.20.0/pygments/styles/arduino.py
pygments-2.20.0/pygments/styles/autumn.py
pygments-2.20.0/pygments/styles/borland.py
pygments-2.20.0/pygments/styles/bw.py
pygments-2.20.0/pygments/styles/coffee.py
pygments-2.20.0/pygments/styles/colorful.py
pygments-2.20.0/pygments/styles/default.py
pygments-2.20.0/pygments/styles/dracula.py
pygments-2.20.0/pygments/styles/emacs.py
pygments-2.20.0/pygments/styles/friendly.py
pygments-2.20.0/pygments/styles/friendly_grayscale.py
pygments-2.20.0/pygments/styles/fruity.py
pygments-2.20.0/pygments/styles/gh_dark.py
pygments-2.20.0/pygments/styles/gruvbox.py
pygments-2.20.0/pygments/styles/igor.py
pygments-2.20.0/pygments/styles/inkpot.py
pygments-2.20.0/pygments/styles/lightbulb.py
pygments-2.20.0/pygments/styles/lilypond.py
pygments-2.20.0/pygments/styles/lovelace.py
pygments-2.20.0/pygments/styles/manni.py
pygments-2.20.0/pygments/styles/material.py
pygments-2.20.0/pygments/styles/monokai.py
pygments-2.20.0/pygments/styles/murphy.py
pygments-2.20.0/pygments/styles/native.py
pygments-2.20.0/pygments/styles/nord.py
pygments-2.20.0/pygments/styles/onedark.py
pygments-2.20.0/pygments/styles/paraiso_dark.py
pygments-2.20.0/pygments/styles/paraiso_light.py
pygments-2.20.0/pygments/styles/pastie.py
pygments-2.20.0/pygments/styles/perldoc.py
pygments-2.20.0/pygments/styles/rainbow_dash.py
pygments-2.20.0/pygments/styles/rrt.py
pygments-2.20.0/pygments/styles/sas.py
pygments-2.20.0/pygments/styles/solarized.py
pygments-2.20.0/pygments/styles/staroffice.py
pygments-2.20.0/pygments/styles/stata_dark.py
pygments-2.20.0/pygments/styles/stata_light.py
pygments-2.20.0/pygments/styles/tango.py
pygments-2.20.0/pygments/styles/trac.py
pygments-2.20.0/pygments/styles/vim.py
pygments-2.20.0/pygments/styles/vs.py
pygments-2.20.0/pygments/styles/xcode.py
pygments-2.20.0/pygments/styles/zenburn.py
pygments-2.20.0/scripts/check_crlf.py
pygments-2.20.0/scripts/check_repeated_token.py
pygments-2.20.0/scripts/check_sources.py
pygments-2.20.0/scripts/check_whitespace_token.py
pygments-2.20.0/scripts/count_token_references.py
pygments-2.20.0/scripts/debug_lexer.py
pygments-2.20.0/scripts/detect_missing_analyse_text.py
pygments-2.20.0/scripts/gen_mapfiles.py
pygments-2.20.0/scripts/get_css_properties.py
pygments-2.20.0/scripts/get_vimkw.py
pygments-2.20.0/scripts/pylintrc
pygments-2.20.0/scripts/release-checklist
pygments-2.20.0/scripts/update_contrasts.py
pygments-2.20.0/scripts/utility.py
pygments-2.20.0/scripts/vim2pygments.py
pygments-2.20.0/tests/__init__.py
pygments-2.20.0/tests/conftest.py
pygments-2.20.0/tests/test_basic_api.py
pygments-2.20.0/tests/test_cmdline.py
pygments-2.20.0/tests/test_coffeescript.py
pygments-2.20.0/tests/test_func.py
pygments-2.20.0/tests/test_graphql.py
pygments-2.20.0/tests/test_groff_formatter.py
pygments-2.20.0/tests/test_guess.py
pygments-2.20.0/tests/test_html_formatter.py
pygments-2.20.0/tests/test_html_formatter_linenos_elements.py
pygments-2.20.0/tests/test_inherit.py
pygments-2.20.0/tests/test_irc_formatter.py
pygments-2.20.0/tests/test_latex_formatter.py
pygments-2.20.0/tests/test_modeline.py
pygments-2.20.0/tests/test_mysql.py
pygments-2.20.0/tests/test_pangomarkup_formatter.py
pygments-2.20.0/tests/test_perllexer.py
pygments-2.20.0/tests/test_raw_token.py
pygments-2.20.0/tests/test_regexlexer.py
pygments-2.20.0/tests/test_regexopt.py
pygments-2.20.0/tests/test_rtf_formatter.py
pygments-2.20.0/tests/test_ruby.py
pygments-2.20.0/tests/test_sql.py
pygments-2.20.0/tests/test_templates.py
pygments-2.20.0/tests/test_terminal_formatter.py
pygments-2.20.0/tests/test_theorem.py
pygments-2.20.0/tests/test_tnt.py
pygments-2.20.0/tests/test_token.py
pygments-2.20.0/tests/test_unistring.py
pygments-2.20.0/tests/test_using_api.py
pygments-2.20.0/tests/test_util.py
pygments-2.20.0/tests/test_words.py
pygments-2.20.0/tests/contrast/min_contrasts.json
pygments-2.20.0/tests/contrast/test_contrasts.py
pygments-2.20.0/tests/dtds/HTML4-f.dtd
pygments-2.20.0/tests/dtds/HTML4-s.dtd
pygments-2.20.0/tests/dtds/HTML4.dcl
pygments-2.20.0/tests/dtds/HTML4.dtd
pygments-2.20.0/tests/dtds/HTML4.soc
pygments-2.20.0/tests/dtds/HTMLlat1.ent
pygments-2.20.0/tests/dtds/HTMLspec.ent
pygments-2.20.0/tests/dtds/HTMLsym.ent
pygments-2.20.0/tests/examplefiles/conftest.py
pygments-2.20.0/tests/examplefiles/abnf/abnf_example1.abnf
pygments-2.20.0/tests/examplefiles/abnf/abnf_example1.abnf.output
pygments-2.20.0/tests/examplefiles/abnf/abnf_example2.abnf
pygments-2.20.0/tests/examplefiles/abnf/abnf_example2.abnf.output
pygments-2.20.0/tests/examplefiles/ada/test.adb
pygments-2.20.0/tests/examplefiles/ada/test.adb.output
pygments-2.20.0/tests/examplefiles/ada/test_ada2022.adb
pygments-2.20.0/tests/examplefiles/ada/test_ada2022.adb.output
pygments-2.20.0/tests/examplefiles/ada/test_ada_aspects.ads
pygments-2.20.0/tests/examplefiles/ada/test_ada_aspects.ads.output
pygments-2.20.0/tests/examplefiles/adl/test.adls
pygments-2.20.0/tests/examplefiles/adl/test.adls.output
pygments-2.20.0/tests/examplefiles/adl/test_basic.adls
pygments-2.20.0/tests/examplefiles/adl/test_basic.adls.output
pygments-2.20.0/tests/examplefiles/agda/test.agda
pygments-2.20.0/tests/examplefiles/agda/test.agda.output
pygments-2.20.0/tests/examplefiles/aheui/durexmania.aheui
pygments-2.20.0/tests/examplefiles/aheui/durexmania.aheui.output
pygments-2.20.0/tests/examplefiles/aheui/fibonacci.tokigun.aheui
pygments-2.20.0/tests/examplefiles/aheui/fibonacci.tokigun.aheui.output
pygments-2.20.0/tests/examplefiles/aheui/hello-world.puzzlet.aheui
pygments-2.20.0/tests/examplefiles/aheui/hello-world.puzzlet.aheui.output
pygments-2.20.0/tests/examplefiles/ahk/demo.ahk
pygments-2.20.0/tests/examplefiles/ahk/demo.ahk.output
pygments-2.20.0/tests/examplefiles/alloy/example.als
pygments-2.20.0/tests/examplefiles/alloy/example.als.output
pygments-2.20.0/tests/examplefiles/amdgpu/amdgpu.isa
pygments-2.20.0/tests/examplefiles/amdgpu/amdgpu.isa.output
pygments-2.20.0/tests/examplefiles/antlr/antlr_ANTLRv3.g
pygments-2.20.0/tests/examplefiles/antlr/antlr_ANTLRv3.g.output
pygments-2.20.0/tests/examplefiles/antlr/antlr_throws
pygments-2.20.0/tests/examplefiles/antlr/antlr_throws.output
pygments-2.20.0/tests/examplefiles/apacheconf/apache2.conf
pygments-2.20.0/tests/examplefiles/apacheconf/apache2.conf.output
pygments-2.20.0/tests/examplefiles/apdl/example1apdl.ans
pygments-2.20.0/tests/examplefiles/apdl/example1apdl.ans.output
pygments-2.20.0/tests/examplefiles/apdl/example2apdl.ans
pygments-2.20.0/tests/examplefiles/apdl/example2apdl.ans.output
pygments-2.20.0/tests/examplefiles/apl/test.apl
pygments-2.20.0/tests/examplefiles/apl/test.apl.output
pygments-2.20.0/tests/examplefiles/applescript/pppoe.applescript
pygments-2.20.0/tests/examplefiles/applescript/pppoe.applescript.output
pygments-2.20.0/tests/examplefiles/applescript/unicode.applescript
pygments-2.20.0/tests/examplefiles/applescript/unicode.applescript.output
pygments-2.20.0/tests/examplefiles/arduino/Blink.ino
pygments-2.20.0/tests/examplefiles/arduino/Blink.ino.output
pygments-2.20.0/tests/examplefiles/arrow/primesieve.arw
pygments-2.20.0/tests/examplefiles/arrow/primesieve.arw.output
pygments-2.20.0/tests/examplefiles/arturo/arturo_test.art
pygments-2.20.0/tests/examplefiles/arturo/arturo_test.art.output
pygments-2.20.0/tests/examplefiles/as3/as3_test.as
pygments-2.20.0/tests/examplefiles/as3/as3_test.as.output
pygments-2.20.0/tests/examplefiles/as3/as3_test2.as
pygments-2.20.0/tests/examplefiles/as3/as3_test2.as.output
pygments-2.20.0/tests/examplefiles/as3/as3_test3.as
pygments-2.20.0/tests/examplefiles/as3/as3_test3.as.output
pygments-2.20.0/tests/examplefiles/asc/id_ecdsa
pygments-2.20.0/tests/examplefiles/asc/id_ecdsa.output
pygments-2.20.0/tests/examplefiles/asn1/x509.asn1
pygments-2.20.0/tests/examplefiles/asn1/x509.asn1.output
pygments-2.20.0/tests/examplefiles/aspx-cs/aspx-cs_example.aspx
pygments-2.20.0/tests/examplefiles/aspx-cs/aspx-cs_example.aspx.output
pygments-2.20.0/tests/examplefiles/aspx-vb/example2.aspx
pygments-2.20.0/tests/examplefiles/aspx-vb/example2.aspx.output
pygments-2.20.0/tests/examplefiles/asy/test.asy
pygments-2.20.0/tests/examplefiles/asy/test.asy.output
pygments-2.20.0/tests/examplefiles/at/hello.at
pygments-2.20.0/tests/examplefiles/at/hello.at.output
pygments-2.20.0/tests/examplefiles/autoit/autoit_submit.au3
pygments-2.20.0/tests/examplefiles/autoit/autoit_submit.au3.output
pygments-2.20.0/tests/examplefiles/awk/test.awk
pygments-2.20.0/tests/examplefiles/awk/test.awk.output
pygments-2.20.0/tests/examplefiles/bare/bare.bare
pygments-2.20.0/tests/examplefiles/bare/bare.bare.output
pygments-2.20.0/tests/examplefiles/bash/example.sh
pygments-2.20.0/tests/examplefiles/bash/example.sh.output
pygments-2.20.0/tests/examplefiles/bash/ltmain.sh
pygments-2.20.0/tests/examplefiles/bash/ltmain.sh.output
pygments-2.20.0/tests/examplefiles/bash/stripheredoc.sh
pygments-2.20.0/tests/examplefiles/bash/stripheredoc.sh.output
pygments-2.20.0/tests/examplefiles/bat/example.bat
pygments-2.20.0/tests/examplefiles/bat/example.bat.output
pygments-2.20.0/tests/examplefiles/bbcbasic/example.bbc
pygments-2.20.0/tests/examplefiles/bbcbasic/example.bbc.output
pygments-2.20.0/tests/examplefiles/bc/example.bc
pygments-2.20.0/tests/examplefiles/bc/example.bc.output
pygments-2.20.0/tests/examplefiles/bdd/example.feature
pygments-2.20.0/tests/examplefiles/bdd/example.feature.output
pygments-2.20.0/tests/examplefiles/berry/berry.be
pygments-2.20.0/tests/examplefiles/berry/berry.be.output
pygments-2.20.0/tests/examplefiles/bib/test.bib
pygments-2.20.0/tests/examplefiles/bib/test.bib.output
pygments-2.20.0/tests/examplefiles/blitzbasic/test.bb
pygments-2.20.0/tests/examplefiles/blitzbasic/test.bb.output
pygments-2.20.0/tests/examplefiles/blitzmax/test.bmx
pygments-2.20.0/tests/examplefiles/blitzmax/test.bmx.output
pygments-2.20.0/tests/examplefiles/blueprint/test.blp
pygments-2.20.0/tests/examplefiles/blueprint/test.blp.output
pygments-2.20.0/tests/examplefiles/bnf/bnf_example1.bnf
pygments-2.20.0/tests/examplefiles/bnf/bnf_example1.bnf.output
pygments-2.20.0/tests/examplefiles/boa/example.boa
pygments-2.20.0/tests/examplefiles/boa/example.boa.output
pygments-2.20.0/tests/examplefiles/boo/test.boo
pygments-2.20.0/tests/examplefiles/boo/test.boo.output
pygments-2.20.0/tests/examplefiles/boogie/test.bpl
pygments-2.20.0/tests/examplefiles/boogie/test.bpl.output
pygments-2.20.0/tests/examplefiles/bst/plain.bst
pygments-2.20.0/tests/examplefiles/bst/plain.bst.output
pygments-2.20.0/tests/examplefiles/bugs/example.bug
pygments-2.20.0/tests/examplefiles/bugs/example.bug.output
pygments-2.20.0/tests/examplefiles/c/ceval.c
pygments-2.20.0/tests/examplefiles/c/ceval.c.output
pygments-2.20.0/tests/examplefiles/c/example.c
pygments-2.20.0/tests/examplefiles/c/example.c.output
pygments-2.20.0/tests/examplefiles/c/labels.c
pygments-2.20.0/tests/examplefiles/c/labels.c.output
pygments-2.20.0/tests/examplefiles/c/numbers.c
pygments-2.20.0/tests/examplefiles/c/numbers.c.output
pygments-2.20.0/tests/examplefiles/ca65/ca65_example.s
pygments-2.20.0/tests/examplefiles/ca65/ca65_example.s.output
pygments-2.20.0/tests/examplefiles/cadl/example1.cadl
pygments-2.20.0/tests/examplefiles/cadl/example1.cadl.output
pygments-2.20.0/tests/examplefiles/cadl/test.cadl
pygments-2.20.0/tests/examplefiles/cadl/test.cadl.output
pygments-2.20.0/tests/examplefiles/camkes/simple.camkes
pygments-2.20.0/tests/examplefiles/camkes/simple.camkes.output
pygments-2.20.0/tests/examplefiles/capdl/capdl_example.cdl
pygments-2.20.0/tests/examplefiles/capdl/capdl_example.cdl.output
pygments-2.20.0/tests/examplefiles/capnp/pets.capnp
pygments-2.20.0/tests/examplefiles/capnp/pets.capnp.output
pygments-2.20.0/tests/examplefiles/carbon/declarations.carbon
pygments-2.20.0/tests/examplefiles/carbon/declarations.carbon.output
pygments-2.20.0/tests/examplefiles/carbon/example.carbon
pygments-2.20.0/tests/examplefiles/carbon/example.carbon.output
pygments-2.20.0/tests/examplefiles/carbon/numbers.carbon
pygments-2.20.0/tests/examplefiles/carbon/numbers.carbon.output
pygments-2.20.0/tests/examplefiles/cbmbas/cbmbas_example.bas
pygments-2.20.0/tests/examplefiles/cbmbas/cbmbas_example.bas.output
pygments-2.20.0/tests/examplefiles/cddl/example.cddl
pygments-2.20.0/tests/examplefiles/cddl/example.cddl.output
pygments-2.20.0/tests/examplefiles/ceylon/example.ceylon
pygments-2.20.0/tests/examplefiles/ceylon/example.ceylon.output
pygments-2.20.0/tests/examplefiles/cfc/exampleScript.cfc
pygments-2.20.0/tests/examplefiles/cfc/exampleScript.cfc.output
pygments-2.20.0/tests/examplefiles/cfc/exampleTag.cfc
pygments-2.20.0/tests/examplefiles/cfc/exampleTag.cfc.output
pygments-2.20.0/tests/examplefiles/cfm/demo.cfm
pygments-2.20.0/tests/examplefiles/cfm/demo.cfm.output
pygments-2.20.0/tests/examplefiles/chai/example.chai
pygments-2.20.0/tests/examplefiles/chai/example.chai.output
pygments-2.20.0/tests/examplefiles/chapel/99_bottles_of_beer.chpl
pygments-2.20.0/tests/examplefiles/chapel/99_bottles_of_beer.chpl.output
pygments-2.20.0/tests/examplefiles/charmci/Charmci.ci
pygments-2.20.0/tests/examplefiles/charmci/Charmci.ci.output
pygments-2.20.0/tests/examplefiles/cheetah/cheetah_example.tmpl
pygments-2.20.0/tests/examplefiles/cheetah/cheetah_example.tmpl.output
pygments-2.20.0/tests/examplefiles/cirru/scope.cirru
pygments-2.20.0/tests/examplefiles/cirru/scope.cirru.output
pygments-2.20.0/tests/examplefiles/clay/example.clay
pygments-2.20.0/tests/examplefiles/clay/example.clay.output
pygments-2.20.0/tests/examplefiles/clean/StdGeneric.icl
pygments-2.20.0/tests/examplefiles/clean/StdGeneric.icl.output
pygments-2.20.0/tests/examplefiles/clojure/clojure-weird-keywords.clj
pygments-2.20.0/tests/examplefiles/clojure/clojure-weird-keywords.clj.output
pygments-2.20.0/tests/examplefiles/clojure/escape_semicolon.clj
pygments-2.20.0/tests/examplefiles/clojure/escape_semicolon.clj.output
pygments-2.20.0/tests/examplefiles/clojure/genclass.clj
pygments-2.20.0/tests/examplefiles/clojure/genclass.clj.output
pygments-2.20.0/tests/examplefiles/clojure/loggers.cljc
pygments-2.20.0/tests/examplefiles/clojure/loggers.cljc.output
pygments-2.20.0/tests/examplefiles/clojurescript/core.cljs
pygments-2.20.0/tests/examplefiles/clojurescript/core.cljs.output
pygments-2.20.0/tests/examplefiles/cmake/main.cmake
pygments-2.20.0/tests/examplefiles/cmake/main.cmake.output
pygments-2.20.0/tests/examplefiles/cobol/example.cob
pygments-2.20.0/tests/examplefiles/cobol/example.cob.output
pygments-2.20.0/tests/examplefiles/coffee-script/example.coffee
pygments-2.20.0/tests/examplefiles/coffee-script/example.coffee.output
pygments-2.20.0/tests/examplefiles/coffee-script/underscore.coffee
pygments-2.20.0/tests/examplefiles/coffee-script/underscore.coffee.output
pygments-2.20.0/tests/examplefiles/comal80/test.comal
pygments-2.20.0/tests/examplefiles/comal80/test.comal.output
pygments-2.20.0/tests/examplefiles/common-lisp/type.lisp
pygments-2.20.0/tests/examplefiles/common-lisp/type.lisp.output
pygments-2.20.0/tests/examplefiles/console/example.sh-session
pygments-2.20.0/tests/examplefiles/console/example.sh-session.output
pygments-2.20.0/tests/examplefiles/console/example.shell-session
pygments-2.20.0/tests/examplefiles/console/example.shell-session.output
pygments-2.20.0/tests/examplefiles/control/control
pygments-2.20.0/tests/examplefiles/control/control.output
pygments-2.20.0/tests/examplefiles/coq/coq_RelationClasses.v
pygments-2.20.0/tests/examplefiles/coq/coq_RelationClasses.v.output
pygments-2.20.0/tests/examplefiles/coq/coq_test.v
pygments-2.20.0/tests/examplefiles/coq/coq_test.v.output
pygments-2.20.0/tests/examplefiles/cplint/bag_game_mpe.pl
pygments-2.20.0/tests/examplefiles/cplint/bag_game_mpe.pl.output
pygments-2.20.0/tests/examplefiles/cplint/coin.pl
pygments-2.20.0/tests/examplefiles/cplint/coin.pl.output
pygments-2.20.0/tests/examplefiles/cplint/dt_umbrella.pl
pygments-2.20.0/tests/examplefiles/cplint/dt_umbrella.pl.output
pygments-2.20.0/tests/examplefiles/cplint/gaussian_mixture.pl
pygments-2.20.0/tests/examplefiles/cplint/gaussian_mixture.pl.output
pygments-2.20.0/tests/examplefiles/cplint/indian_gpadc.pl
pygments-2.20.0/tests/examplefiles/cplint/indian_gpadc.pl.output
pygments-2.20.0/tests/examplefiles/cpp/example.cpp
pygments-2.20.0/tests/examplefiles/cpp/example.cpp.output
pygments-2.20.0/tests/examplefiles/cpp/example2.cpp
pygments-2.20.0/tests/examplefiles/cpp/example2.cpp.output
pygments-2.20.0/tests/examplefiles/cpp/functions.cpp
pygments-2.20.0/tests/examplefiles/cpp/functions.cpp.output
pygments-2.20.0/tests/examplefiles/cpp/namespace.cpp
pygments-2.20.0/tests/examplefiles/cpp/namespace.cpp.output
pygments-2.20.0/tests/examplefiles/cpp/noexcept.cpp
pygments-2.20.0/tests/examplefiles/cpp/noexcept.cpp.output
pygments-2.20.0/tests/examplefiles/cpsa/yahalom.cpsa
pygments-2.20.0/tests/examplefiles/cpsa/yahalom.cpsa.output
pygments-2.20.0/tests/examplefiles/cr/test.cr
pygments-2.20.0/tests/examplefiles/cr/test.cr.output
pygments-2.20.0/tests/examplefiles/crmsh/example.pcmk
pygments-2.20.0/tests/examplefiles/crmsh/example.pcmk.output
pygments-2.20.0/tests/examplefiles/croc/simple.croc
pygments-2.20.0/tests/examplefiles/croc/simple.croc.output
pygments-2.20.0/tests/examplefiles/csharp/numbers.cs
pygments-2.20.0/tests/examplefiles/csharp/numbers.cs.output
pygments-2.20.0/tests/examplefiles/csharp/test.cs
pygments-2.20.0/tests/examplefiles/csharp/test.cs.output
pygments-2.20.0/tests/examplefiles/csound/test.orc
pygments-2.20.0/tests/examplefiles/csound/test.orc.output
pygments-2.20.0/tests/examplefiles/csound-document/test.csd
pygments-2.20.0/tests/examplefiles/csound-document/test.csd.output
pygments-2.20.0/tests/examplefiles/csound-score/test.sco
pygments-2.20.0/tests/examplefiles/csound-score/test.sco.output
pygments-2.20.0/tests/examplefiles/css/test.css
pygments-2.20.0/tests/examplefiles/css/test.css.output
pygments-2.20.0/tests/examplefiles/css/webkit-transition.css
pygments-2.20.0/tests/examplefiles/css/webkit-transition.css.output
pygments-2.20.0/tests/examplefiles/css+mozpreproc/demo.css.in
pygments-2.20.0/tests/examplefiles/css+mozpreproc/demo.css.in.output
pygments-2.20.0/tests/examplefiles/cucumber/example.feature
pygments-2.20.0/tests/examplefiles/cucumber/example.feature.output
pygments-2.20.0/tests/examplefiles/cuda/test.cu
pygments-2.20.0/tests/examplefiles/cuda/test.cu.output
pygments-2.20.0/tests/examplefiles/cypher/test.cyp
pygments-2.20.0/tests/examplefiles/cypher/test.cyp.output
pygments-2.20.0/tests/examplefiles/d/string_delimiters.d
pygments-2.20.0/tests/examplefiles/d/string_delimiters.d.output
pygments-2.20.0/tests/examplefiles/d/test.d
pygments-2.20.0/tests/examplefiles/d/test.d.output
pygments-2.20.0/tests/examplefiles/dart/test.dart
pygments-2.20.0/tests/examplefiles/dart/test.dart.output
pygments-2.20.0/tests/examplefiles/dax/dax_example1.dax
pygments-2.20.0/tests/examplefiles/dax/dax_example1.dax.output
pygments-2.20.0/tests/examplefiles/delphi/example.pas
pygments-2.20.0/tests/examplefiles/delphi/example.pas.output
pygments-2.20.0/tests/examplefiles/delphi/test.pas
pygments-2.20.0/tests/examplefiles/delphi/test.pas.output
pygments-2.20.0/tests/examplefiles/devicetree/example.dts
pygments-2.20.0/tests/examplefiles/devicetree/example.dts.output
pygments-2.20.0/tests/examplefiles/dg/inet_pton6.dg
pygments-2.20.0/tests/examplefiles/dg/inet_pton6.dg.output
pygments-2.20.0/tests/examplefiles/django/django_sample.html+django
pygments-2.20.0/tests/examplefiles/django/django_sample.html+django.output
pygments-2.20.0/tests/examplefiles/docker/docker.docker
pygments-2.20.0/tests/examplefiles/docker/docker.docker.output
pygments-2.20.0/tests/examplefiles/doscon/session
pygments-2.20.0/tests/examplefiles/doscon/session.output
pygments-2.20.0/tests/examplefiles/dtd/test.dtd
pygments-2.20.0/tests/examplefiles/dtd/test.dtd.output
pygments-2.20.0/tests/examplefiles/duel/jbst_example1.jbst
pygments-2.20.0/tests/examplefiles/duel/jbst_example1.jbst.output
pygments-2.20.0/tests/examplefiles/duel/jbst_example2.jbst
pygments-2.20.0/tests/examplefiles/duel/jbst_example2.jbst.output
pygments-2.20.0/tests/examplefiles/dylan/classes.dylan
pygments-2.20.0/tests/examplefiles/dylan/classes.dylan.output
pygments-2.20.0/tests/examplefiles/dylan/nanomsg.intr
pygments-2.20.0/tests/examplefiles/dylan/nanomsg.intr.output
pygments-2.20.0/tests/examplefiles/dylan-console/console.dylan-console
pygments-2.20.0/tests/examplefiles/dylan-console/console.dylan-console.output
pygments-2.20.0/tests/examplefiles/dylan-console/session.dylan-console
pygments-2.20.0/tests/examplefiles/dylan-console/session.dylan-console.output
pygments-2.20.0/tests/examplefiles/dylan-lid/unix-io.lid
pygments-2.20.0/tests/examplefiles/dylan-lid/unix-io.lid.output
pygments-2.20.0/tests/examplefiles/earl-grey/eg_example1.eg
pygments-2.20.0/tests/examplefiles/earl-grey/eg_example1.eg.output
pygments-2.20.0/tests/examplefiles/easytrieve/example.ezt
pygments-2.20.0/tests/examplefiles/easytrieve/example.ezt.output
pygments-2.20.0/tests/examplefiles/easytrieve/example.mac
pygments-2.20.0/tests/examplefiles/easytrieve/example.mac.output
pygments-2.20.0/tests/examplefiles/ebnf/test.ebnf
pygments-2.20.0/tests/examplefiles/ebnf/test.ebnf.output
pygments-2.20.0/tests/examplefiles/ec/test.ec
pygments-2.20.0/tests/examplefiles/ec/test.ec.output
pygments-2.20.0/tests/examplefiles/ec/test.eh
pygments-2.20.0/tests/examplefiles/ec/test.eh.output
pygments-2.20.0/tests/examplefiles/eiffel/example.e
pygments-2.20.0/tests/examplefiles/eiffel/example.e.output
pygments-2.20.0/tests/examplefiles/elixir/example_elixir.ex
pygments-2.20.0/tests/examplefiles/elixir/example_elixir.ex.output
pygments-2.20.0/tests/examplefiles/elm/example.elm
pygments-2.20.0/tests/examplefiles/elm/example.elm.output
pygments-2.20.0/tests/examplefiles/emacs/subr.el
pygments-2.20.0/tests/examplefiles/emacs/subr.el.output
pygments-2.20.0/tests/examplefiles/email/example.eml
pygments-2.20.0/tests/examplefiles/email/example.eml.output
pygments-2.20.0/tests/examplefiles/erl/erl_session.erl-sh
pygments-2.20.0/tests/examplefiles/erl/erl_session.erl-sh.output
pygments-2.20.0/tests/examplefiles/erlang/test.erl
pygments-2.20.0/tests/examplefiles/erlang/test.erl.output
pygments-2.20.0/tests/examplefiles/erlang/test.escript
pygments-2.20.0/tests/examplefiles/erlang/test.escript.output
pygments-2.20.0/tests/examplefiles/evoque/test.evoque
pygments-2.20.0/tests/examplefiles/evoque/test.evoque.output
pygments-2.20.0/tests/examplefiles/execline/example.exec
pygments-2.20.0/tests/examplefiles/execline/example.exec.output
pygments-2.20.0/tests/examplefiles/extempore/example.xtm
pygments-2.20.0/tests/examplefiles/extempore/example.xtm.output
pygments-2.20.0/tests/examplefiles/ezhil/ezhil_primefactors.n
pygments-2.20.0/tests/examplefiles/ezhil/ezhil_primefactors.n.output
pygments-2.20.0/tests/examplefiles/factor/wiki.factor
pygments-2.20.0/tests/examplefiles/factor/wiki.factor.output
pygments-2.20.0/tests/examplefiles/fan/test.fan
pygments-2.20.0/tests/examplefiles/fan/test.fan.output
pygments-2.20.0/tests/examplefiles/fancy/example_file.fy
pygments-2.20.0/tests/examplefiles/fancy/example_file.fy.output
pygments-2.20.0/tests/examplefiles/felix/test.flx
pygments-2.20.0/tests/examplefiles/felix/test.flx.output
pygments-2.20.0/tests/examplefiles/fennel/fennelview.fnl
pygments-2.20.0/tests/examplefiles/fennel/fennelview.fnl.output
pygments-2.20.0/tests/examplefiles/fift/new-wallet-v3.fif
pygments-2.20.0/tests/examplefiles/fift/new-wallet-v3.fif.output
pygments-2.20.0/tests/examplefiles/fish/example.fish
pygments-2.20.0/tests/examplefiles/fish/example.fish.output
pygments-2.20.0/tests/examplefiles/flatline/flatline_example
pygments-2.20.0/tests/examplefiles/flatline/flatline_example.output
pygments-2.20.0/tests/examplefiles/floscript/example.flo
pygments-2.20.0/tests/examplefiles/floscript/example.flo.output
pygments-2.20.0/tests/examplefiles/forth/demo.frt
pygments-2.20.0/tests/examplefiles/forth/demo.frt.output
pygments-2.20.0/tests/examplefiles/fortran/example.f90
pygments-2.20.0/tests/examplefiles/fortran/example.f90.output
pygments-2.20.0/tests/examplefiles/fortran/zmlrpc.f90
pygments-2.20.0/tests/examplefiles/fortran/zmlrpc.f90.output
pygments-2.20.0/tests/examplefiles/fortranfixed/ahcon.f
pygments-2.20.0/tests/examplefiles/fortranfixed/ahcon.f.output
pygments-2.20.0/tests/examplefiles/foxpro/example.prg
pygments-2.20.0/tests/examplefiles/foxpro/example.prg.output
pygments-2.20.0/tests/examplefiles/freefem/freefem.edp
pygments-2.20.0/tests/examplefiles/freefem/freefem.edp.output
pygments-2.20.0/tests/examplefiles/fsharp/Deflate.fs
pygments-2.20.0/tests/examplefiles/fsharp/Deflate.fs.output
pygments-2.20.0/tests/examplefiles/fstar/example.fst
pygments-2.20.0/tests/examplefiles/fstar/example.fst.output
pygments-2.20.0/tests/examplefiles/func/test.fc
pygments-2.20.0/tests/examplefiles/func/test.fc.output
pygments-2.20.0/tests/examplefiles/futhark/example.fut
pygments-2.20.0/tests/examplefiles/futhark/example.fut.output
pygments-2.20.0/tests/examplefiles/gap/example.gd
pygments-2.20.0/tests/examplefiles/gap/example.gd.output
pygments-2.20.0/tests/examplefiles/gap/example.gi
pygments-2.20.0/tests/examplefiles/gap/example.gi.output
pygments-2.20.0/tests/examplefiles/gap-repl/euclidean.tst
pygments-2.20.0/tests/examplefiles/gap-repl/euclidean.tst.output
pygments-2.20.0/tests/examplefiles/gap-repl/magma.tst
pygments-2.20.0/tests/examplefiles/gap-repl/magma.tst.output
pygments-2.20.0/tests/examplefiles/gcode/SupportLogo.gcode
pygments-2.20.0/tests/examplefiles/gcode/SupportLogo.gcode.output
pygments-2.20.0/tests/examplefiles/gcode/boomerangv4.gcode
pygments-2.20.0/tests/examplefiles/gcode/boomerangv4.gcode.output
pygments-2.20.0/tests/examplefiles/gdscript/gdscript_example.gd
pygments-2.20.0/tests/examplefiles/gdscript/gdscript_example.gd.output
pygments-2.20.0/tests/examplefiles/genshi/genshi_example.xml+genshi.kid
pygments-2.20.0/tests/examplefiles/genshi/genshi_example.xml+genshi.kid.output
pygments-2.20.0/tests/examplefiles/genshitext/genshitext_example.genshitext
pygments-2.20.0/tests/examplefiles/genshitext/genshitext_example.genshitext.output
pygments-2.20.0/tests/examplefiles/gleam/gleam.gleam
pygments-2.20.0/tests/examplefiles/gleam/gleam.gleam.output
pygments-2.20.0/tests/examplefiles/glsl/glsl.frag
pygments-2.20.0/tests/examplefiles/glsl/glsl.frag.output
pygments-2.20.0/tests/examplefiles/glsl/glsl.vert
pygments-2.20.0/tests/examplefiles/glsl/glsl.vert.output
pygments-2.20.0/tests/examplefiles/gnuplot/test.plot
pygments-2.20.0/tests/examplefiles/gnuplot/test.plot.output
pygments-2.20.0/tests/examplefiles/go/generics.go
pygments-2.20.0/tests/examplefiles/go/generics.go.output
pygments-2.20.0/tests/examplefiles/go/unicode.go
pygments-2.20.0/tests/examplefiles/go/unicode.go.output
pygments-2.20.0/tests/examplefiles/golo/example.golo
pygments-2.20.0/tests/examplefiles/golo/example.golo.output
pygments-2.20.0/tests/examplefiles/golo/hello.golo
pygments-2.20.0/tests/examplefiles/golo/hello.golo.output
pygments-2.20.0/tests/examplefiles/gooddata-cl/test.gdc
pygments-2.20.0/tests/examplefiles/gooddata-cl/test.gdc.output
pygments-2.20.0/tests/examplefiles/gosu/example.gs
pygments-2.20.0/tests/examplefiles/gosu/example.gs.output
pygments-2.20.0/tests/examplefiles/graphql/ex01_field1.graphql
pygments-2.20.0/tests/examplefiles/graphql/ex01_field1.graphql.output
pygments-2.20.0/tests/examplefiles/graphql/ex02_field2.graphql
pygments-2.20.0/tests/examplefiles/graphql/ex02_field2.graphql.output
pygments-2.20.0/tests/examplefiles/graphql/ex03_arguments1.graphql
pygments-2.20.0/tests/examplefiles/graphql/ex03_arguments1.graphql.output
pygments-2.20.0/tests/examplefiles/graphql/ex04_arguments2.graphql
pygments-2.20.0/tests/examplefiles/graphql/ex04_arguments2.graphql.output
pygments-2.20.0/tests/examplefiles/graphql/ex05_aliases.graphql
pygments-2.20.0/tests/examplefiles/graphql/ex05_aliases.graphql.output
pygments-2.20.0/tests/examplefiles/graphql/ex06_fragments1.graphql
pygments-2.20.0/tests/examplefiles/graphql/ex06_fragments1.graphql.output
pygments-2.20.0/tests/examplefiles/graphql/ex07_fragments2.graphql
pygments-2.20.0/tests/examplefiles/graphql/ex07_fragments2.graphql.output
pygments-2.20.0/tests/examplefiles/graphql/ex08_operation_name.graphql
pygments-2.20.0/tests/examplefiles/graphql/ex08_operation_name.graphql.output
pygments-2.20.0/tests/examplefiles/graphql/ex09_variables1.graphql
pygments-2.20.0/tests/examplefiles/graphql/ex09_variables1.graphql.output
pygments-2.20.0/tests/examplefiles/graphql/ex10_variables2.graphql
pygments-2.20.0/tests/examplefiles/graphql/ex10_variables2.graphql.output
pygments-2.20.0/tests/examplefiles/graphql/ex11_directives.graphql
pygments-2.20.0/tests/examplefiles/graphql/ex11_directives.graphql.output
pygments-2.20.0/tests/examplefiles/graphql/ex12_mutations.graphql
pygments-2.20.0/tests/examplefiles/graphql/ex12_mutations.graphql.output
pygments-2.20.0/tests/examplefiles/graphql/ex13_inline_fragments1.graphql
pygments-2.20.0/tests/examplefiles/graphql/ex13_inline_fragments1.graphql.output
pygments-2.20.0/tests/examplefiles/graphql/ex14_inline_fragments2.graphql
pygments-2.20.0/tests/examplefiles/graphql/ex14_inline_fragments2.graphql.output
pygments-2.20.0/tests/examplefiles/graphviz/graphviz-dot.gv
pygments-2.20.0/tests/examplefiles/graphviz/graphviz-dot.gv.output
pygments-2.20.0/tests/examplefiles/groff/perlfunc.1
pygments-2.20.0/tests/examplefiles/groff/perlfunc.1.output
pygments-2.20.0/tests/examplefiles/groovy/example.groovy
pygments-2.20.0/tests/examplefiles/groovy/example.groovy.output
pygments-2.20.0/tests/examplefiles/groovy/quoted.groovy
pygments-2.20.0/tests/examplefiles/groovy/quoted.groovy.output
pygments-2.20.0/tests/examplefiles/groovy/test.gradle
pygments-2.20.0/tests/examplefiles/groovy/test.gradle.output
pygments-2.20.0/tests/examplefiles/groovy/test.groovy
pygments-2.20.0/tests/examplefiles/groovy/test.groovy.output
pygments-2.20.0/tests/examplefiles/gsql/test.gsql
pygments-2.20.0/tests/examplefiles/gsql/test.gsql.output
pygments-2.20.0/tests/examplefiles/gst/example.gst
pygments-2.20.0/tests/examplefiles/gst/example.gst.output
pygments-2.20.0/tests/examplefiles/haskell/AcidStateAdvanced.hs
pygments-2.20.0/tests/examplefiles/haskell/AcidStateAdvanced.hs.output
pygments-2.20.0/tests/examplefiles/haskell/SmallCheck.hs
pygments-2.20.0/tests/examplefiles/haskell/SmallCheck.hs.output
pygments-2.20.0/tests/examplefiles/haskell/example.hs
pygments-2.20.0/tests/examplefiles/haskell/example.hs.output
pygments-2.20.0/tests/examplefiles/hexdump/hexdump_debugexe
pygments-2.20.0/tests/examplefiles/hexdump/hexdump_debugexe.output
pygments-2.20.0/tests/examplefiles/hexdump/hexdump_hd
pygments-2.20.0/tests/examplefiles/hexdump/hexdump_hd.output
pygments-2.20.0/tests/examplefiles/hexdump/hexdump_hexcat
pygments-2.20.0/tests/examplefiles/hexdump/hexdump_hexcat.output
pygments-2.20.0/tests/examplefiles/hexdump/hexdump_hexdump
pygments-2.20.0/tests/examplefiles/hexdump/hexdump_hexdump.output
pygments-2.20.0/tests/examplefiles/hexdump/hexdump_od
pygments-2.20.0/tests/examplefiles/hexdump/hexdump_od.output
pygments-2.20.0/tests/examplefiles/hexdump/hexdump_xxd
pygments-2.20.0/tests/examplefiles/hexdump/hexdump_xxd.output
pygments-2.20.0/tests/examplefiles/hlsl/example.hlsl
pygments-2.20.0/tests/examplefiles/hlsl/example.hlsl.output
pygments-2.20.0/tests/examplefiles/hsail/test.hsail
pygments-2.20.0/tests/examplefiles/hsail/test.hsail.output
pygments-2.20.0/tests/examplefiles/html/example.xhtml
pygments-2.20.0/tests/examplefiles/html/example.xhtml.output
pygments-2.20.0/tests/examplefiles/html/test.html
pygments-2.20.0/tests/examplefiles/html/test.html.output
pygments-2.20.0/tests/examplefiles/html+handlebars/demo.hbs
pygments-2.20.0/tests/examplefiles/html+handlebars/demo.hbs.output
pygments-2.20.0/tests/examplefiles/html+handlebars/ember.handlebars
pygments-2.20.0/tests/examplefiles/html+handlebars/ember.handlebars.output
pygments-2.20.0/tests/examplefiles/html+ng2/example.ng2
pygments-2.20.0/tests/examplefiles/html+ng2/example.ng2.output
pygments-2.20.0/tests/examplefiles/html+php/html+php_faulty.phtml
pygments-2.20.0/tests/examplefiles/html+php/html+php_faulty.phtml.output
pygments-2.20.0/tests/examplefiles/http/http_request_example
pygments-2.20.0/tests/examplefiles/http/http_request_example.output
pygments-2.20.0/tests/examplefiles/http/http_response_example
pygments-2.20.0/tests/examplefiles/http/http_response_example.output
pygments-2.20.0/tests/examplefiles/hx/OrderedMap.hx
pygments-2.20.0/tests/examplefiles/hx/OrderedMap.hx.output
pygments-2.20.0/tests/examplefiles/hx/example.hx
pygments-2.20.0/tests/examplefiles/hx/example.hx.output
pygments-2.20.0/tests/examplefiles/hybris/hybris_File.hyb
pygments-2.20.0/tests/examplefiles/hybris/hybris_File.hyb.output
pygments-2.20.0/tests/examplefiles/hylang/language.hy
pygments-2.20.0/tests/examplefiles/hylang/language.hy.output
pygments-2.20.0/tests/examplefiles/i6t/example.i6t
pygments-2.20.0/tests/examplefiles/i6t/example.i6t.output
pygments-2.20.0/tests/examplefiles/icon/example.icon
pygments-2.20.0/tests/examplefiles/icon/example.icon.output
pygments-2.20.0/tests/examplefiles/idl/idl_sample.pro
pygments-2.20.0/tests/examplefiles/idl/idl_sample.pro.output
pygments-2.20.0/tests/examplefiles/idris/test.idr
pygments-2.20.0/tests/examplefiles/idris/test.idr.output
pygments-2.20.0/tests/examplefiles/iex/iex_example
pygments-2.20.0/tests/examplefiles/iex/iex_example.output
pygments-2.20.0/tests/examplefiles/inform6/inform6_example.inf
pygments-2.20.0/tests/examplefiles/inform6/inform6_example.inf.output
pygments-2.20.0/tests/examplefiles/inform7/example.i7x
pygments-2.20.0/tests/examplefiles/inform7/example.i7x.output
pygments-2.20.0/tests/examplefiles/inform7/example.ni
pygments-2.20.0/tests/examplefiles/inform7/example.ni.output
pygments-2.20.0/tests/examplefiles/ini/2.19-regression.ini
pygments-2.20.0/tests/examplefiles/ini/2.19-regression.ini.output
pygments-2.20.0/tests/examplefiles/ini/test.ini
pygments-2.20.0/tests/examplefiles/ini/test.ini.output
pygments-2.20.0/tests/examplefiles/ioke/intro.ik
pygments-2.20.0/tests/examplefiles/ioke/intro.ik.output
pygments-2.20.0/tests/examplefiles/irc/example.weechatlog
pygments-2.20.0/tests/examplefiles/irc/example.weechatlog.output
pygments-2.20.0/tests/examplefiles/isabelle/example_ascii.thy
pygments-2.20.0/tests/examplefiles/isabelle/example_ascii.thy.output
pygments-2.20.0/tests/examplefiles/isabelle/example_unicode.thy
pygments-2.20.0/tests/examplefiles/isabelle/example_unicode.thy.output
pygments-2.20.0/tests/examplefiles/j/pacman.ijs
pygments-2.20.0/tests/examplefiles/j/pacman.ijs.output
pygments-2.20.0/tests/examplefiles/jags/example.jag
pygments-2.20.0/tests/examplefiles/jags/example.jag.output
pygments-2.20.0/tests/examplefiles/jasmin/example.j
pygments-2.20.0/tests/examplefiles/jasmin/example.j.output
pygments-2.20.0/tests/examplefiles/java/badcase.java
pygments-2.20.0/tests/examplefiles/java/badcase.java.output
pygments-2.20.0/tests/examplefiles/java/example.java
pygments-2.20.0/tests/examplefiles/java/example.java.output
pygments-2.20.0/tests/examplefiles/java/module-info.java
pygments-2.20.0/tests/examplefiles/java/module-info.java.output
pygments-2.20.0/tests/examplefiles/java/test.java
pygments-2.20.0/tests/examplefiles/java/test.java.output
pygments-2.20.0/tests/examplefiles/javascript+mozpreproc/demo.js.in
pygments-2.20.0/tests/examplefiles/javascript+mozpreproc/demo.js.in.output
pygments-2.20.0/tests/examplefiles/jcl/example.jcl
pygments-2.20.0/tests/examplefiles/jcl/example.jcl.output
pygments-2.20.0/tests/examplefiles/jlcon/console
pygments-2.20.0/tests/examplefiles/jlcon/console.output
pygments-2.20.0/tests/examplefiles/jmespath/example.jp
pygments-2.20.0/tests/examplefiles/jmespath/example.jp.output
pygments-2.20.0/tests/examplefiles/js/BOM.js
pygments-2.20.0/tests/examplefiles/js/BOM.js.output
pygments-2.20.0/tests/examplefiles/js/evil_regex.js
pygments-2.20.0/tests/examplefiles/js/evil_regex.js.output
pygments-2.20.0/tests/examplefiles/js/general.js
pygments-2.20.0/tests/examplefiles/js/general.js.output
pygments-2.20.0/tests/examplefiles/js/regex.js
pygments-2.20.0/tests/examplefiles/js/regex.js.output
pygments-2.20.0/tests/examplefiles/js/unicode.js
pygments-2.20.0/tests/examplefiles/js/unicode.js.output
pygments-2.20.0/tests/examplefiles/jsgf/example.jsgf
pygments-2.20.0/tests/examplefiles/jsgf/example.jsgf.output
pygments-2.20.0/tests/examplefiles/json/json-with-spaces.json
pygments-2.20.0/tests/examplefiles/json/json-with-spaces.json.output
pygments-2.20.0/tests/examplefiles/json/pypi-dump.json
pygments-2.20.0/tests/examplefiles/json/pypi-dump.json.output
pygments-2.20.0/tests/examplefiles/jsonld/example.jsonld
pygments-2.20.0/tests/examplefiles/jsonld/example.jsonld.output
pygments-2.20.0/tests/examplefiles/jsonnet/example.jsonnet
pygments-2.20.0/tests/examplefiles/jsonnet/example.jsonnet.output
pygments-2.20.0/tests/examplefiles/jsp/test.jsp
pygments-2.20.0/tests/examplefiles/jsp/test.jsp.output
pygments-2.20.0/tests/examplefiles/jsx/general.jsx
pygments-2.20.0/tests/examplefiles/jsx/general.jsx.output
pygments-2.20.0/tests/examplefiles/julia/string.jl
pygments-2.20.0/tests/examplefiles/julia/string.jl.output
pygments-2.20.0/tests/examplefiles/juttle/example.juttle
pygments-2.20.0/tests/examplefiles/juttle/example.juttle.output
pygments-2.20.0/tests/examplefiles/kal/example.kal
pygments-2.20.0/tests/examplefiles/kal/example.kal.output
pygments-2.20.0/tests/examplefiles/kconfig/Config.in.cache
pygments-2.20.0/tests/examplefiles/kconfig/Config.in.cache.output
pygments-2.20.0/tests/examplefiles/kmsg/example.dmesg
pygments-2.20.0/tests/examplefiles/kmsg/example.dmesg.output
pygments-2.20.0/tests/examplefiles/koka/garcia-wachs.kk
pygments-2.20.0/tests/examplefiles/koka/garcia-wachs.kk.output
pygments-2.20.0/tests/examplefiles/kotlin/example.kt
pygments-2.20.0/tests/examplefiles/kotlin/example.kt.output
pygments-2.20.0/tests/examplefiles/kuin/example.kn
pygments-2.20.0/tests/examplefiles/kuin/example.kn.output
pygments-2.20.0/tests/examplefiles/kusto/test.kusto
pygments-2.20.0/tests/examplefiles/kusto/test.kusto.output
pygments-2.20.0/tests/examplefiles/lagda/example.lagda
pygments-2.20.0/tests/examplefiles/lagda/example.lagda.output
pygments-2.20.0/tests/examplefiles/lasso/json.lasso
pygments-2.20.0/tests/examplefiles/lasso/json.lasso.output
pygments-2.20.0/tests/examplefiles/lasso/json.lasso9
pygments-2.20.0/tests/examplefiles/lasso/json.lasso9.output
pygments-2.20.0/tests/examplefiles/ldaprc/ldaprc
pygments-2.20.0/tests/examplefiles/ldaprc/ldaprc.output
pygments-2.20.0/tests/examplefiles/ldif/rfc2849.ldif
pygments-2.20.0/tests/examplefiles/ldif/rfc2849.ldif.output
pygments-2.20.0/tests/examplefiles/lean/test.lean
pygments-2.20.0/tests/examplefiles/lean/test.lean.output
pygments-2.20.0/tests/examplefiles/lean4/Test.lean
pygments-2.20.0/tests/examplefiles/lean4/Test.lean.output
pygments-2.20.0/tests/examplefiles/lhs/DancingSudoku.lhs
pygments-2.20.0/tests/examplefiles/lhs/DancingSudoku.lhs.output
pygments-2.20.0/tests/examplefiles/lhs/Sudoku.lhs
pygments-2.20.0/tests/examplefiles/lhs/Sudoku.lhs.output
pygments-2.20.0/tests/examplefiles/lighty/lighttpd.conf
pygments-2.20.0/tests/examplefiles/lighty/lighttpd.conf.output
pygments-2.20.0/tests/examplefiles/lilypond/example.ly
pygments-2.20.0/tests/examplefiles/lilypond/example.ly.output
pygments-2.20.0/tests/examplefiles/limbo/limbo.b
pygments-2.20.0/tests/examplefiles/limbo/limbo.b.output
pygments-2.20.0/tests/examplefiles/liquid/example.liquid
pygments-2.20.0/tests/examplefiles/liquid/example.liquid.output
pygments-2.20.0/tests/examplefiles/live-script/livescript-demo.ls
pygments-2.20.0/tests/examplefiles/live-script/livescript-demo.ls.output
pygments-2.20.0/tests/examplefiles/llvm-mir/llvm-mir.mir
pygments-2.20.0/tests/examplefiles/llvm-mir/llvm-mir.mir.output
pygments-2.20.0/tests/examplefiles/logos/logos_example.xm
pygments-2.20.0/tests/examplefiles/logos/logos_example.xm.output
pygments-2.20.0/tests/examplefiles/logtalk/source.lgt
pygments-2.20.0/tests/examplefiles/logtalk/source.lgt.output
pygments-2.20.0/tests/examplefiles/lsl/hello.lsl
pygments-2.20.0/tests/examplefiles/lsl/hello.lsl.output
pygments-2.20.0/tests/examplefiles/lua/2.19-regression-1.lua
pygments-2.20.0/tests/examplefiles/lua/2.19-regression-1.lua.output
pygments-2.20.0/tests/examplefiles/lua/2.19-regression-2.lua
pygments-2.20.0/tests/examplefiles/lua/2.19-regression-2.lua.output
pygments-2.20.0/tests/examplefiles/lua/example.lua
pygments-2.20.0/tests/examplefiles/lua/example.lua.output
pygments-2.20.0/tests/examplefiles/luau/Guard.luau
pygments-2.20.0/tests/examplefiles/luau/Guard.luau.output
pygments-2.20.0/tests/examplefiles/luau/createSignal.luau
pygments-2.20.0/tests/examplefiles/luau/createSignal.luau.output
pygments-2.20.0/tests/examplefiles/luau/extraTests.luau
pygments-2.20.0/tests/examplefiles/luau/extraTests.luau.output
pygments-2.20.0/tests/examplefiles/macaulay2/test.m2
pygments-2.20.0/tests/examplefiles/macaulay2/test.m2.output
pygments-2.20.0/tests/examplefiles/make/Makefile
pygments-2.20.0/tests/examplefiles/make/Makefile.output
pygments-2.20.0/tests/examplefiles/make/automake.mk
pygments-2.20.0/tests/examplefiles/make/automake.mk.output
pygments-2.20.0/tests/examplefiles/make/firefox.mak
pygments-2.20.0/tests/examplefiles/make/firefox.mak.output
pygments-2.20.0/tests/examplefiles/make/python25-bsd.mak
pygments-2.20.0/tests/examplefiles/make/python25-bsd.mak.output
pygments-2.20.0/tests/examplefiles/make/vpath.mk
pygments-2.20.0/tests/examplefiles/make/vpath.mk.output
pygments-2.20.0/tests/examplefiles/mako/test.mao
pygments-2.20.0/tests/examplefiles/mako/test.mao.output
pygments-2.20.0/tests/examplefiles/maple/Loop.mpl
pygments-2.20.0/tests/examplefiles/maple/Loop.mpl.output
pygments-2.20.0/tests/examplefiles/maple/To.mpl
pygments-2.20.0/tests/examplefiles/maple/To.mpl.output
pygments-2.20.0/tests/examplefiles/maql/test.maql
pygments-2.20.0/tests/examplefiles/maql/test.maql.output
pygments-2.20.0/tests/examplefiles/mask/test.mask
pygments-2.20.0/tests/examplefiles/mask/test.mask.output
pygments-2.20.0/tests/examplefiles/mathematica/example.ma
pygments-2.20.0/tests/examplefiles/mathematica/example.ma.output
pygments-2.20.0/tests/examplefiles/matlab/matlab_noreturn.m
pygments-2.20.0/tests/examplefiles/matlab/matlab_noreturn.m.output
pygments-2.20.0/tests/examplefiles/matlab/matlab_sample.m
pygments-2.20.0/tests/examplefiles/matlab/matlab_sample.m.output
pygments-2.20.0/tests/examplefiles/matlabsession/matlabsession_sample.txt
pygments-2.20.0/tests/examplefiles/matlabsession/matlabsession_sample.txt.output
pygments-2.20.0/tests/examplefiles/maxima/foo.mac
pygments-2.20.0/tests/examplefiles/maxima/foo.mac.output
pygments-2.20.0/tests/examplefiles/mcfunction/main.mcfunction
pygments-2.20.0/tests/examplefiles/mcfunction/main.mcfunction.output
pygments-2.20.0/tests/examplefiles/mcschema/actor_animation.mcschema
pygments-2.20.0/tests/examplefiles/mcschema/actor_animation.mcschema.output
pygments-2.20.0/tests/examplefiles/mcschema/attribute.mcschema
pygments-2.20.0/tests/examplefiles/mcschema/attribute.mcschema.output
pygments-2.20.0/tests/examplefiles/mcschema/geometry.mcschema
pygments-2.20.0/tests/examplefiles/mcschema/geometry.mcschema.output
pygments-2.20.0/tests/examplefiles/mcschema/manifest.mcschema
pygments-2.20.0/tests/examplefiles/mcschema/manifest.mcschema.output
pygments-2.20.0/tests/examplefiles/md/example.md
pygments-2.20.0/tests/examplefiles/md/example.md.output
pygments-2.20.0/tests/examplefiles/meson/meson.build
pygments-2.20.0/tests/examplefiles/meson/meson.build.output
pygments-2.20.0/tests/examplefiles/mime/MIME_example.eml
pygments-2.20.0/tests/examplefiles/mime/MIME_example.eml.output
pygments-2.20.0/tests/examplefiles/mips/function_with_stack.mips
pygments-2.20.0/tests/examplefiles/mips/function_with_stack.mips.output
pygments-2.20.0/tests/examplefiles/modelica/Constants.mo
pygments-2.20.0/tests/examplefiles/modelica/Constants.mo.output
pygments-2.20.0/tests/examplefiles/modula2/Sorting.mod
pygments-2.20.0/tests/examplefiles/modula2/Sorting.mod.output
pygments-2.20.0/tests/examplefiles/modula2/modula2_test_cases.def
pygments-2.20.0/tests/examplefiles/modula2/modula2_test_cases.def.output
pygments-2.20.0/tests/examplefiles/modula2/test.mod
pygments-2.20.0/tests/examplefiles/modula2/test.mod.output
pygments-2.20.0/tests/examplefiles/mojo/sample.mojo
pygments-2.20.0/tests/examplefiles/mojo/sample.mojo.output
pygments-2.20.0/tests/examplefiles/monkey/example.monkey
pygments-2.20.0/tests/examplefiles/monkey/example.monkey.output
pygments-2.20.0/tests/examplefiles/monte/test.mt
pygments-2.20.0/tests/examplefiles/monte/test.mt.output
pygments-2.20.0/tests/examplefiles/moocode/example.moo
pygments-2.20.0/tests/examplefiles/moocode/example.moo.output
pygments-2.20.0/tests/examplefiles/moocode/test.moo
pygments-2.20.0/tests/examplefiles/moocode/test.moo.output
pygments-2.20.0/tests/examplefiles/moon/example.moon
pygments-2.20.0/tests/examplefiles/moon/example.moon.output
pygments-2.20.0/tests/examplefiles/mosel/test.mos
pygments-2.20.0/tests/examplefiles/mosel/test.mos.output
pygments-2.20.0/tests/examplefiles/mql/example.mq4
pygments-2.20.0/tests/examplefiles/mql/example.mq4.output
pygments-2.20.0/tests/examplefiles/mql/example.mqh
pygments-2.20.0/tests/examplefiles/mql/example.mqh.output
pygments-2.20.0/tests/examplefiles/ms/example.ms
pygments-2.20.0/tests/examplefiles/ms/example.ms.output
pygments-2.20.0/tests/examplefiles/mscgen/example.msc
pygments-2.20.0/tests/examplefiles/mscgen/example.msc.output
pygments-2.20.0/tests/examplefiles/mscgen/example2.msc
pygments-2.20.0/tests/examplefiles/mscgen/example2.msc.output
pygments-2.20.0/tests/examplefiles/mupad/AlternatingGroup.mu
pygments-2.20.0/tests/examplefiles/mupad/AlternatingGroup.mu.output
pygments-2.20.0/tests/examplefiles/mupad/function.mu
pygments-2.20.0/tests/examplefiles/mupad/function.mu.output
pygments-2.20.0/tests/examplefiles/myghty/test.myt
pygments-2.20.0/tests/examplefiles/myghty/test.myt.output
pygments-2.20.0/tests/examplefiles/nasm/nasm_aoutso.asm
pygments-2.20.0/tests/examplefiles/nasm/nasm_aoutso.asm.output
pygments-2.20.0/tests/examplefiles/nasm/nasm_objexe.asm
pygments-2.20.0/tests/examplefiles/nasm/nasm_objexe.asm.output
pygments-2.20.0/tests/examplefiles/nasm/nasm_simd.asm
pygments-2.20.0/tests/examplefiles/nasm/nasm_simd.asm.output
pygments-2.20.0/tests/examplefiles/ncl/test.ncl
pygments-2.20.0/tests/examplefiles/ncl/test.ncl.output
pygments-2.20.0/tests/examplefiles/nemerle/nemerle_sample.n
pygments-2.20.0/tests/examplefiles/nemerle/nemerle_sample.n.output
pygments-2.20.0/tests/examplefiles/nesc/IPDispatchC.nc
pygments-2.20.0/tests/examplefiles/nesc/IPDispatchC.nc.output
pygments-2.20.0/tests/examplefiles/nesc/IPDispatchP.nc
pygments-2.20.0/tests/examplefiles/nesc/IPDispatchP.nc.output
pygments-2.20.0/tests/examplefiles/newlisp/irc.lsp
pygments-2.20.0/tests/examplefiles/newlisp/irc.lsp.output
pygments-2.20.0/tests/examplefiles/newlisp/markdown.lsp
pygments-2.20.0/tests/examplefiles/newlisp/markdown.lsp.output
pygments-2.20.0/tests/examplefiles/newlisp/reversi.lsp
pygments-2.20.0/tests/examplefiles/newlisp/reversi.lsp.output
pygments-2.20.0/tests/examplefiles/newspeak/example.ns2
pygments-2.20.0/tests/examplefiles/newspeak/example.ns2.output
pygments-2.20.0/tests/examplefiles/newspeak/minimal.ns2
pygments-2.20.0/tests/examplefiles/newspeak/minimal.ns2.output
pygments-2.20.0/tests/examplefiles/nginx/nginx.conf
pygments-2.20.0/tests/examplefiles/nginx/nginx.conf.output
pygments-2.20.0/tests/examplefiles/nim/example.nim
pygments-2.20.0/tests/examplefiles/nim/example.nim.output
pygments-2.20.0/tests/examplefiles/nim/test.nim
pygments-2.20.0/tests/examplefiles/nim/test.nim.output
pygments-2.20.0/tests/examplefiles/nit/all.nit
pygments-2.20.0/tests/examplefiles/nit/all.nit.output
pygments-2.20.0/tests/examplefiles/nixos/example.nix
pygments-2.20.0/tests/examplefiles/nixos/example.nix.output
pygments-2.20.0/tests/examplefiles/nodejsrepl/nodejsrepl_test.nodejsrepl
pygments-2.20.0/tests/examplefiles/nodejsrepl/nodejsrepl_test.nodejsrepl.output
pygments-2.20.0/tests/examplefiles/notmuch/notmuch_example
pygments-2.20.0/tests/examplefiles/notmuch/notmuch_example.output
pygments-2.20.0/tests/examplefiles/nsis/bigtest.nsi
pygments-2.20.0/tests/examplefiles/nsis/bigtest.nsi.output
pygments-2.20.0/tests/examplefiles/nt/test.nt
pygments-2.20.0/tests/examplefiles/nt/test.nt.output
pygments-2.20.0/tests/examplefiles/nt/test2.nt
pygments-2.20.0/tests/examplefiles/nt/test2.nt.output
pygments-2.20.0/tests/examplefiles/nusmv/guidance.smv
pygments-2.20.0/tests/examplefiles/nusmv/guidance.smv.output
pygments-2.20.0/tests/examplefiles/objdump-nasm/no-show-raw-isns.objdump-intel
pygments-2.20.0/tests/examplefiles/objdump-nasm/no-show-raw-isns.objdump-intel.output
pygments-2.20.0/tests/examplefiles/objective-c/objc_example.m
pygments-2.20.0/tests/examplefiles/objective-c/objc_example.m.output
pygments-2.20.0/tests/examplefiles/objective-j/CPDictionary.j
pygments-2.20.0/tests/examplefiles/objective-j/CPDictionary.j.output
pygments-2.20.0/tests/examplefiles/ocaml/format.ml
pygments-2.20.0/tests/examplefiles/ocaml/format.ml.output
pygments-2.20.0/tests/examplefiles/odin/test.odin
pygments-2.20.0/tests/examplefiles/odin/test.odin.output
pygments-2.20.0/tests/examplefiles/odin/test2.odin
pygments-2.20.0/tests/examplefiles/odin/test2.odin.output
pygments-2.20.0/tests/examplefiles/omg-idl/example.idl
pygments-2.20.0/tests/examplefiles/omg-idl/example.idl.output
pygments-2.20.0/tests/examplefiles/opa/test.opa
pygments-2.20.0/tests/examplefiles/opa/test.opa.output
pygments-2.20.0/tests/examplefiles/openedge/example.cls
pygments-2.20.0/tests/examplefiles/openedge/example.cls.output
pygments-2.20.0/tests/examplefiles/openedge/openedge_example.p
pygments-2.20.0/tests/examplefiles/openedge/openedge_example.p.output
pygments-2.20.0/tests/examplefiles/org/example.org
pygments-2.20.0/tests/examplefiles/org/example.org.output
pygments-2.20.0/tests/examplefiles/output/output
pygments-2.20.0/tests/examplefiles/output/output.output
pygments-2.20.0/tests/examplefiles/pacmanconf/pacman.conf
pygments-2.20.0/tests/examplefiles/pacmanconf/pacman.conf.output
pygments-2.20.0/tests/examplefiles/pan/test.pan
pygments-2.20.0/tests/examplefiles/pan/test.pan.output
pygments-2.20.0/tests/examplefiles/parasail/test.psl
pygments-2.20.0/tests/examplefiles/parasail/test.psl.output
pygments-2.20.0/tests/examplefiles/pawn/pawn_example.p
pygments-2.20.0/tests/examplefiles/pawn/pawn_example.p.output
pygments-2.20.0/tests/examplefiles/pawn/test.pwn
pygments-2.20.0/tests/examplefiles/pawn/test.pwn.output
pygments-2.20.0/tests/examplefiles/pddl/example-domain.pddl
pygments-2.20.0/tests/examplefiles/pddl/example-domain.pddl.output
pygments-2.20.0/tests/examplefiles/pddl/example-problem.pddl
pygments-2.20.0/tests/examplefiles/pddl/example-problem.pddl.output
pygments-2.20.0/tests/examplefiles/perl/perl_misc.pl
pygments-2.20.0/tests/examplefiles/perl/perl_misc.pl.output
pygments-2.20.0/tests/examplefiles/perl/perl_perl5db.pl
pygments-2.20.0/tests/examplefiles/perl/perl_perl5db.pl.output
pygments-2.20.0/tests/examplefiles/perl/perl_regex-delims.pl
pygments-2.20.0/tests/examplefiles/perl/perl_regex-delims.pl.output
pygments-2.20.0/tests/examplefiles/perl6/RoleQ.pm6
pygments-2.20.0/tests/examplefiles/perl6/RoleQ.pm6.output
pygments-2.20.0/tests/examplefiles/perl6/grammar-test.p6
pygments-2.20.0/tests/examplefiles/perl6/grammar-test.p6.output
pygments-2.20.0/tests/examplefiles/perl6/test.p6
pygments-2.20.0/tests/examplefiles/perl6/test.p6.output
pygments-2.20.0/tests/examplefiles/phix/example.exw
pygments-2.20.0/tests/examplefiles/phix/example.exw.output
pygments-2.20.0/tests/examplefiles/php/ints.php
pygments-2.20.0/tests/examplefiles/php/ints.php.output
pygments-2.20.0/tests/examplefiles/php/test.php
pygments-2.20.0/tests/examplefiles/php/test.php.output
pygments-2.20.0/tests/examplefiles/pig/test.pig
pygments-2.20.0/tests/examplefiles/pig/test.pig.output
pygments-2.20.0/tests/examplefiles/pike/Error.pmod
pygments-2.20.0/tests/examplefiles/pike/Error.pmod.output
pygments-2.20.0/tests/examplefiles/pike/FakeFile.pike
pygments-2.20.0/tests/examplefiles/pike/FakeFile.pike.output
pygments-2.20.0/tests/examplefiles/pkgconfig/pkgconfig_example.pc
pygments-2.20.0/tests/examplefiles/pkgconfig/pkgconfig_example.pc.output
pygments-2.20.0/tests/examplefiles/pointless/example.ptls
pygments-2.20.0/tests/examplefiles/pointless/example.ptls.output
pygments-2.20.0/tests/examplefiles/pony/example.pony
pygments-2.20.0/tests/examplefiles/pony/example.pony.output
pygments-2.20.0/tests/examplefiles/portugol/example.alg
pygments-2.20.0/tests/examplefiles/portugol/example.alg.output
pygments-2.20.0/tests/examplefiles/postgres-explain/plan.explain
pygments-2.20.0/tests/examplefiles/postgres-explain/plan.explain.output
pygments-2.20.0/tests/examplefiles/postgresql/postgresql_test.txt
pygments-2.20.0/tests/examplefiles/postgresql/postgresql_test.txt.output
pygments-2.20.0/tests/examplefiles/postscript/cells.ps
pygments-2.20.0/tests/examplefiles/postscript/cells.ps.output
pygments-2.20.0/tests/examplefiles/pot/de.MoinMoin.po
pygments-2.20.0/tests/examplefiles/pot/de.MoinMoin.po.output
pygments-2.20.0/tests/examplefiles/pov/sphere.pov
pygments-2.20.0/tests/examplefiles/pov/sphere.pov.output
pygments-2.20.0/tests/examplefiles/pov/while.pov
pygments-2.20.0/tests/examplefiles/pov/while.pov.output
pygments-2.20.0/tests/examplefiles/powershell/Get-CommandDefinitionHtml.ps1
pygments-2.20.0/tests/examplefiles/powershell/Get-CommandDefinitionHtml.ps1.output
pygments-2.20.0/tests/examplefiles/powershell/test.ps1
pygments-2.20.0/tests/examplefiles/powershell/test.ps1.output
pygments-2.20.0/tests/examplefiles/praat/example.praat
pygments-2.20.0/tests/examplefiles/praat/example.praat.output
pygments-2.20.0/tests/examplefiles/procfile/Procfile
pygments-2.20.0/tests/examplefiles/procfile/Procfile.output
pygments-2.20.0/tests/examplefiles/prolog/qsort.prolog
pygments-2.20.0/tests/examplefiles/prolog/qsort.prolog.output
pygments-2.20.0/tests/examplefiles/prolog/sibling.prolog
pygments-2.20.0/tests/examplefiles/prolog/sibling.prolog.output
pygments-2.20.0/tests/examplefiles/prolog/strings.prolog
pygments-2.20.0/tests/examplefiles/prolog/strings.prolog.output
pygments-2.20.0/tests/examplefiles/promela/calc.pml
pygments-2.20.0/tests/examplefiles/promela/calc.pml.output
pygments-2.20.0/tests/examplefiles/promela/sample.pml
pygments-2.20.0/tests/examplefiles/promela/sample.pml.output
pygments-2.20.0/tests/examplefiles/promql/example.promql
pygments-2.20.0/tests/examplefiles/promql/example.promql.output
pygments-2.20.0/tests/examplefiles/properties/java.properties
pygments-2.20.0/tests/examplefiles/properties/java.properties.output
pygments-2.20.0/tests/examplefiles/protobuf/addressbook.proto
pygments-2.20.0/tests/examplefiles/protobuf/addressbook.proto.output
pygments-2.20.0/tests/examplefiles/prql/example.prql
pygments-2.20.0/tests/examplefiles/prql/example.prql.output
pygments-2.20.0/tests/examplefiles/psql/psql_session.txt
pygments-2.20.0/tests/examplefiles/psql/psql_session.txt.output
pygments-2.20.0/tests/examplefiles/psysh/psysh_test.psysh
pygments-2.20.0/tests/examplefiles/psysh/psysh_test.psysh.output
pygments-2.20.0/tests/examplefiles/puppet/example.pp
pygments-2.20.0/tests/examplefiles/puppet/example.pp.output
pygments-2.20.0/tests/examplefiles/pwsh-session/session
pygments-2.20.0/tests/examplefiles/pwsh-session/session.output
pygments-2.20.0/tests/examplefiles/py2tb/syntax_error.py2tb
pygments-2.20.0/tests/examplefiles/py2tb/syntax_error.py2tb.output
pygments-2.20.0/tests/examplefiles/py2tb/syntax_error_caret_code.py2tb
pygments-2.20.0/tests/examplefiles/py2tb/syntax_error_caret_code.py2tb.output
pygments-2.20.0/tests/examplefiles/pycon/pycon_ctrlc_traceback
pygments-2.20.0/tests/examplefiles/pycon/pycon_ctrlc_traceback.output
pygments-2.20.0/tests/examplefiles/pycon/pycon_test.pycon
pygments-2.20.0/tests/examplefiles/pycon/pycon_test.pycon.output
pygments-2.20.0/tests/examplefiles/pypylog/test.pypylog
pygments-2.20.0/tests/examplefiles/pypylog/test.pypylog.output
pygments-2.20.0/tests/examplefiles/pypylog/test2.pypylog
pygments-2.20.0/tests/examplefiles/pypylog/test2.pypylog.output
pygments-2.20.0/tests/examplefiles/pytb/database.pytb
pygments-2.20.0/tests/examplefiles/pytb/database.pytb.output
pygments-2.20.0/tests/examplefiles/pytb/error_locations.pytb
pygments-2.20.0/tests/examplefiles/pytb/error_locations.pytb.output
pygments-2.20.0/tests/examplefiles/pytb/py3tb_test.py3tb
pygments-2.20.0/tests/examplefiles/pytb/py3tb_test.py3tb.output
pygments-2.20.0/tests/examplefiles/pytb/pytb_test2.pytb
pygments-2.20.0/tests/examplefiles/pytb/pytb_test2.pytb.output
pygments-2.20.0/tests/examplefiles/pytb/pytb_test3.pytb
pygments-2.20.0/tests/examplefiles/pytb/pytb_test3.pytb.output
pygments-2.20.0/tests/examplefiles/pytb/syntax_error.pytb
pygments-2.20.0/tests/examplefiles/pytb/syntax_error.pytb.output
pygments-2.20.0/tests/examplefiles/pytb/syntax_error_caret_code.pytb
pygments-2.20.0/tests/examplefiles/pytb/syntax_error_caret_code.pytb.output
pygments-2.20.0/tests/examplefiles/pytb/truncated.pytb
pygments-2.20.0/tests/examplefiles/pytb/truncated.pytb.output
pygments-2.20.0/tests/examplefiles/python/linecontinuation.py
pygments-2.20.0/tests/examplefiles/python/linecontinuation.py.output
pygments-2.20.0/tests/examplefiles/python/py3_test.py
pygments-2.20.0/tests/examplefiles/python/py3_test.py.output
pygments-2.20.0/tests/examplefiles/python/switch_case.py
pygments-2.20.0/tests/examplefiles/python/switch_case.py.output
pygments-2.20.0/tests/examplefiles/python/unicodedoc.py
pygments-2.20.0/tests/examplefiles/python/unicodedoc.py.output
pygments-2.20.0/tests/examplefiles/q/example.q
pygments-2.20.0/tests/examplefiles/q/example.q.output
pygments-2.20.0/tests/examplefiles/qbasic/qbasic_example.bas
pygments-2.20.0/tests/examplefiles/qbasic/qbasic_example.bas.output
pygments-2.20.0/tests/examplefiles/qlik/example.qvs
pygments-2.20.0/tests/examplefiles/qlik/example.qvs.output
pygments-2.20.0/tests/examplefiles/qml/minehunt.qml
pygments-2.20.0/tests/examplefiles/qml/minehunt.qml.output
pygments-2.20.0/tests/examplefiles/qvto/sample.qvto
pygments-2.20.0/tests/examplefiles/qvto/sample.qvto.output
pygments-2.20.0/tests/examplefiles/racket/example.rkt
pygments-2.20.0/tests/examplefiles/racket/example.rkt.output
pygments-2.20.0/tests/examplefiles/ragel-cpp/ragel-cpp_rlscan.rl
pygments-2.20.0/tests/examplefiles/ragel-cpp/ragel-cpp_rlscan.rl.output
pygments-2.20.0/tests/examplefiles/ragel-cpp/ragel-cpp_snippet.rl
pygments-2.20.0/tests/examplefiles/ragel-cpp/ragel-cpp_snippet.rl.output
pygments-2.20.0/tests/examplefiles/rb/condensed_ruby.rb
pygments-2.20.0/tests/examplefiles/rb/condensed_ruby.rb.output
pygments-2.20.0/tests/examplefiles/rb/example.rb
pygments-2.20.0/tests/examplefiles/rb/example.rb.output
pygments-2.20.0/tests/examplefiles/rb/fucked_up.rb
pygments-2.20.0/tests/examplefiles/rb/fucked_up.rb.output
pygments-2.20.0/tests/examplefiles/rb/hash_syntax.rb
pygments-2.20.0/tests/examplefiles/rb/hash_syntax.rb.output
pygments-2.20.0/tests/examplefiles/rb/multiline_regexes.rb
pygments-2.20.0/tests/examplefiles/rb/multiline_regexes.rb.output
pygments-2.20.0/tests/examplefiles/rb/pleac.in.rb
pygments-2.20.0/tests/examplefiles/rb/pleac.in.rb.output
pygments-2.20.0/tests/examplefiles/rb/ruby_func_def.rb
pygments-2.20.0/tests/examplefiles/rb/ruby_func_def.rb.output
pygments-2.20.0/tests/examplefiles/rb/test.rb
pygments-2.20.0/tests/examplefiles/rb/test.rb.output
pygments-2.20.0/tests/examplefiles/rbcon/console
pygments-2.20.0/tests/examplefiles/rbcon/console.output
pygments-2.20.0/tests/examplefiles/rbcon/irb_heredoc
pygments-2.20.0/tests/examplefiles/rbcon/irb_heredoc.output
pygments-2.20.0/tests/examplefiles/rconsole/r-console-transcript.Rout
pygments-2.20.0/tests/examplefiles/rconsole/r-console-transcript.Rout.output
pygments-2.20.0/tests/examplefiles/rd/example.Rd
pygments-2.20.0/tests/examplefiles/rd/example.Rd.output
pygments-2.20.0/tests/examplefiles/reason/test.re
pygments-2.20.0/tests/examplefiles/reason/test.re.output
pygments-2.20.0/tests/examplefiles/rebol/test.r3
pygments-2.20.0/tests/examplefiles/rebol/test.r3.output
pygments-2.20.0/tests/examplefiles/red/example.red
pygments-2.20.0/tests/examplefiles/red/example.red.output
pygments-2.20.0/tests/examplefiles/red/example.reds
pygments-2.20.0/tests/examplefiles/red/example.reds.output
pygments-2.20.0/tests/examplefiles/redcode/dwarf.cw
pygments-2.20.0/tests/examplefiles/redcode/dwarf.cw.output
pygments-2.20.0/tests/examplefiles/registry/example.reg
pygments-2.20.0/tests/examplefiles/registry/example.reg.output
pygments-2.20.0/tests/examplefiles/rell/example.rell
pygments-2.20.0/tests/examplefiles/rell/example.rell.output
pygments-2.20.0/tests/examplefiles/resource/resourcebundle_demo
pygments-2.20.0/tests/examplefiles/resource/resourcebundle_demo.output
pygments-2.20.0/tests/examplefiles/rexx/example.rexx
pygments-2.20.0/tests/examplefiles/rexx/example.rexx.output
pygments-2.20.0/tests/examplefiles/rhtml/example.rhtml
pygments-2.20.0/tests/examplefiles/rhtml/example.rhtml.output
pygments-2.20.0/tests/examplefiles/rhtml/test.rhtml
pygments-2.20.0/tests/examplefiles/rhtml/test.rhtml.output
pygments-2.20.0/tests/examplefiles/ride/auction.ride
pygments-2.20.0/tests/examplefiles/ride/auction.ride.output
pygments-2.20.0/tests/examplefiles/rita/example.rita
pygments-2.20.0/tests/examplefiles/rita/example.rita.output
pygments-2.20.0/tests/examplefiles/rnc/rnc_example.rnc
pygments-2.20.0/tests/examplefiles/rnc/rnc_example.rnc.output
pygments-2.20.0/tests/examplefiles/roboconf-graph/roboconf.graph
pygments-2.20.0/tests/examplefiles/roboconf-graph/roboconf.graph.output
pygments-2.20.0/tests/examplefiles/roboconf-instances/roboconf.instances
pygments-2.20.0/tests/examplefiles/roboconf-instances/roboconf.instances.output
pygments-2.20.0/tests/examplefiles/robotframework/robotframework_test.robot
pygments-2.20.0/tests/examplefiles/robotframework/robotframework_test.robot.output
pygments-2.20.0/tests/examplefiles/rql/rql-queries.rql
pygments-2.20.0/tests/examplefiles/rql/rql-queries.rql.output
pygments-2.20.0/tests/examplefiles/rsl/test.rsl
pygments-2.20.0/tests/examplefiles/rsl/test.rsl.output
pygments-2.20.0/tests/examplefiles/rst/functional.rst
pygments-2.20.0/tests/examplefiles/rst/functional.rst.output
pygments-2.20.0/tests/examplefiles/rst/jinjadesignerdoc.rst
pygments-2.20.0/tests/examplefiles/rst/jinjadesignerdoc.rst.output
pygments-2.20.0/tests/examplefiles/rts/example.rts
pygments-2.20.0/tests/examplefiles/rts/example.rts.output
pygments-2.20.0/tests/examplefiles/rust/eval.rs
pygments-2.20.0/tests/examplefiles/rust/eval.rs.output
pygments-2.20.0/tests/examplefiles/savi/example.savi
pygments-2.20.0/tests/examplefiles/savi/example.savi.output
pygments-2.20.0/tests/examplefiles/sc/example.scd
pygments-2.20.0/tests/examplefiles/sc/example.scd.output
pygments-2.20.0/tests/examplefiles/scala/char.scala
pygments-2.20.0/tests/examplefiles/scala/char.scala.output
pygments-2.20.0/tests/examplefiles/scala/comments.scala
pygments-2.20.0/tests/examplefiles/scala/comments.scala.output
pygments-2.20.0/tests/examplefiles/scala/constants.scala
pygments-2.20.0/tests/examplefiles/scala/constants.scala.output
pygments-2.20.0/tests/examplefiles/scala/declarations.scala
pygments-2.20.0/tests/examplefiles/scala/declarations.scala.output
pygments-2.20.0/tests/examplefiles/scala/dependent-types.scala
pygments-2.20.0/tests/examplefiles/scala/dependent-types.scala.output
pygments-2.20.0/tests/examplefiles/scala/end-soft-keyword.scala
pygments-2.20.0/tests/examplefiles/scala/end-soft-keyword.scala.output
pygments-2.20.0/tests/examplefiles/scala/end.scala
pygments-2.20.0/tests/examplefiles/scala/end.scala.output
pygments-2.20.0/tests/examplefiles/scala/exports.scala
pygments-2.20.0/tests/examplefiles/scala/exports.scala.output
pygments-2.20.0/tests/examplefiles/scala/extensions.scala
pygments-2.20.0/tests/examplefiles/scala/extensions.scala.output
pygments-2.20.0/tests/examplefiles/scala/for-comprehension.scala
pygments-2.20.0/tests/examplefiles/scala/for-comprehension.scala.output
pygments-2.20.0/tests/examplefiles/scala/imports.scala
pygments-2.20.0/tests/examplefiles/scala/imports.scala.output
pygments-2.20.0/tests/examplefiles/scala/inheritance.scala
pygments-2.20.0/tests/examplefiles/scala/inheritance.scala.output
pygments-2.20.0/tests/examplefiles/scala/inline.scala
pygments-2.20.0/tests/examplefiles/scala/inline.scala.output
pygments-2.20.0/tests/examplefiles/scala/interpolated-string.scala
pygments-2.20.0/tests/examplefiles/scala/interpolated-string.scala.output
pygments-2.20.0/tests/examplefiles/scala/match-types.scala
pygments-2.20.0/tests/examplefiles/scala/match-types.scala.output
pygments-2.20.0/tests/examplefiles/scala/new.scala
pygments-2.20.0/tests/examplefiles/scala/new.scala.output
pygments-2.20.0/tests/examplefiles/scala/operators.scala
pygments-2.20.0/tests/examplefiles/scala/operators.scala.output
pygments-2.20.0/tests/examplefiles/scala/package.scala
pygments-2.20.0/tests/examplefiles/scala/package.scala.output
pygments-2.20.0/tests/examplefiles/scala/pattern-matching.scala
pygments-2.20.0/tests/examplefiles/scala/pattern-matching.scala.output
pygments-2.20.0/tests/examplefiles/scala/quoted.scala
pygments-2.20.0/tests/examplefiles/scala/quoted.scala.output
pygments-2.20.0/tests/examplefiles/scala/singleton-types.scala
pygments-2.20.0/tests/examplefiles/scala/singleton-types.scala.output
pygments-2.20.0/tests/examplefiles/scala/soft-keywords.scala
pygments-2.20.0/tests/examplefiles/scala/soft-keywords.scala.output
pygments-2.20.0/tests/examplefiles/scala/storage-modifiers.scala
pygments-2.20.0/tests/examplefiles/scala/storage-modifiers.scala.output
pygments-2.20.0/tests/examplefiles/scala/symbols.scala
pygments-2.20.0/tests/examplefiles/scala/symbols.scala.output
pygments-2.20.0/tests/examplefiles/scala/type-operators.scala
pygments-2.20.0/tests/examplefiles/scala/type-operators.scala.output
pygments-2.20.0/tests/examplefiles/scala/using.scala
pygments-2.20.0/tests/examplefiles/scala/using.scala.output
pygments-2.20.0/tests/examplefiles/scaml/test.scaml
pygments-2.20.0/tests/examplefiles/scaml/test.scaml.output
pygments-2.20.0/tests/examplefiles/scdoc/scdoc_manual.scd
pygments-2.20.0/tests/examplefiles/scdoc/scdoc_manual.scd.output
pygments-2.20.0/tests/examplefiles/scheme/boot-9.scm
pygments-2.20.0/tests/examplefiles/scheme/boot-9.scm.output
pygments-2.20.0/tests/examplefiles/scheme/r6rs-comments.scm
pygments-2.20.0/tests/examplefiles/scheme/r6rs-comments.scm.output
pygments-2.20.0/tests/examplefiles/scilab/bench_chol.tst
pygments-2.20.0/tests/examplefiles/scilab/bench_chol.tst.output
pygments-2.20.0/tests/examplefiles/scilab/foo.sce
pygments-2.20.0/tests/examplefiles/scilab/foo.sce.output
pygments-2.20.0/tests/examplefiles/scilab/scilab.sci
pygments-2.20.0/tests/examplefiles/scilab/scilab.sci.output
pygments-2.20.0/tests/examplefiles/sed/all_sorts_of_syntax.sed
pygments-2.20.0/tests/examplefiles/sed/all_sorts_of_syntax.sed.output
pygments-2.20.0/tests/examplefiles/sed/count_words.sed
pygments-2.20.0/tests/examplefiles/sed/count_words.sed.output
pygments-2.20.0/tests/examplefiles/sed/increment_number.sed
pygments-2.20.0/tests/examplefiles/sed/increment_number.sed.output
pygments-2.20.0/tests/examplefiles/sed/reverse.sed
pygments-2.20.0/tests/examplefiles/sed/reverse.sed.output
pygments-2.20.0/tests/examplefiles/sgf/example.sgf
pygments-2.20.0/tests/examplefiles/sgf/example.sgf.output
pygments-2.20.0/tests/examplefiles/shen/test.shen
pygments-2.20.0/tests/examplefiles/shen/test.shen.output
pygments-2.20.0/tests/examplefiles/shexc/example.shex
pygments-2.20.0/tests/examplefiles/shexc/example.shex.output
pygments-2.20.0/tests/examplefiles/sieve/example.sieve
pygments-2.20.0/tests/examplefiles/sieve/example.sieve.output
pygments-2.20.0/tests/examplefiles/silver/test.sil
pygments-2.20.0/tests/examplefiles/silver/test.sil.output
pygments-2.20.0/tests/examplefiles/singularity/Singularity
pygments-2.20.0/tests/examplefiles/singularity/Singularity.output
pygments-2.20.0/tests/examplefiles/slim/example.slim
pygments-2.20.0/tests/examplefiles/slim/example.slim.output
pygments-2.20.0/tests/examplefiles/slurm/example.sl
pygments-2.20.0/tests/examplefiles/slurm/example.sl.output
pygments-2.20.0/tests/examplefiles/smali/hello.smali
pygments-2.20.0/tests/examplefiles/smali/hello.smali.output
pygments-2.20.0/tests/examplefiles/smalltalk/Object.st
pygments-2.20.0/tests/examplefiles/smalltalk/Object.st.output
pygments-2.20.0/tests/examplefiles/smarty/smarty_example.tpl
pygments-2.20.0/tests/examplefiles/smarty/smarty_example.tpl.output
pygments-2.20.0/tests/examplefiles/smithy/test.smithy
pygments-2.20.0/tests/examplefiles/smithy/test.smithy.output
pygments-2.20.0/tests/examplefiles/sml/example.sml
pygments-2.20.0/tests/examplefiles/sml/example.sml.output
pygments-2.20.0/tests/examplefiles/sml/intsyn.fun
pygments-2.20.0/tests/examplefiles/sml/intsyn.fun.output
pygments-2.20.0/tests/examplefiles/sml/intsyn.sig
pygments-2.20.0/tests/examplefiles/sml/intsyn.sig.output
pygments-2.20.0/tests/examplefiles/snbt/main.snbt
pygments-2.20.0/tests/examplefiles/snbt/main.snbt.output
pygments-2.20.0/tests/examplefiles/snobol/example.snobol
pygments-2.20.0/tests/examplefiles/snobol/example.snobol.output
pygments-2.20.0/tests/examplefiles/snowball/example.sbl
pygments-2.20.0/tests/examplefiles/snowball/example.sbl.output
pygments-2.20.0/tests/examplefiles/solidity/test.sol
pygments-2.20.0/tests/examplefiles/solidity/test.sol.output
pygments-2.20.0/tests/examplefiles/sophia/test.aes
pygments-2.20.0/tests/examplefiles/sophia/test.aes.output
pygments-2.20.0/tests/examplefiles/sourceslist/sources.list
pygments-2.20.0/tests/examplefiles/sourceslist/sources.list.output
pygments-2.20.0/tests/examplefiles/sp/hello.sp
pygments-2.20.0/tests/examplefiles/sp/hello.sp.output
pygments-2.20.0/tests/examplefiles/sparql/sparql.rq
pygments-2.20.0/tests/examplefiles/sparql/sparql.rq.output
pygments-2.20.0/tests/examplefiles/spec/phpMyAdmin.spec
pygments-2.20.0/tests/examplefiles/spec/phpMyAdmin.spec.output
pygments-2.20.0/tests/examplefiles/spice/dijkstra.spice
pygments-2.20.0/tests/examplefiles/spice/dijkstra.spice.output
pygments-2.20.0/tests/examplefiles/spice/example.spice
pygments-2.20.0/tests/examplefiles/spice/example.spice.output
pygments-2.20.0/tests/examplefiles/splus/test.R
pygments-2.20.0/tests/examplefiles/splus/test.R.output
pygments-2.20.0/tests/examplefiles/sql+jinja/example.sql
pygments-2.20.0/tests/examplefiles/sql+jinja/example.sql.output
pygments-2.20.0/tests/examplefiles/sqlite3/sqlite3.sqlite3-console
pygments-2.20.0/tests/examplefiles/sqlite3/sqlite3.sqlite3-console.output
pygments-2.20.0/tests/examplefiles/squidconf/squid.conf
pygments-2.20.0/tests/examplefiles/squidconf/squid.conf.output
pygments-2.20.0/tests/examplefiles/srcinfo/c-intercal.SRCINFO
pygments-2.20.0/tests/examplefiles/srcinfo/c-intercal.SRCINFO.output
pygments-2.20.0/tests/examplefiles/srcinfo/compiler-rt.SRCINFO
pygments-2.20.0/tests/examplefiles/srcinfo/compiler-rt.SRCINFO.output
pygments-2.20.0/tests/examplefiles/srcinfo/hunspell.SRCINFO
pygments-2.20.0/tests/examplefiles/srcinfo/hunspell.SRCINFO.output
pygments-2.20.0/tests/examplefiles/srcinfo/thunderbird.SRCINFO
pygments-2.20.0/tests/examplefiles/srcinfo/thunderbird.SRCINFO.output
pygments-2.20.0/tests/examplefiles/ssp/test.ssp
pygments-2.20.0/tests/examplefiles/ssp/test.ssp.output
pygments-2.20.0/tests/examplefiles/stan/example.stan
pygments-2.20.0/tests/examplefiles/stan/example.stan.output
pygments-2.20.0/tests/examplefiles/swift/test.swift
pygments-2.20.0/tests/examplefiles/swift/test.swift.output
pygments-2.20.0/tests/examplefiles/swig/swig_java.swg
pygments-2.20.0/tests/examplefiles/swig/swig_java.swg.output
pygments-2.20.0/tests/examplefiles/swig/swig_std_vector.i
pygments-2.20.0/tests/examplefiles/swig/swig_std_vector.i.output
pygments-2.20.0/tests/examplefiles/systemverilog/flipflop.sv
pygments-2.20.0/tests/examplefiles/systemverilog/flipflop.sv.output
pygments-2.20.0/tests/examplefiles/tact/sample.tact
pygments-2.20.0/tests/examplefiles/tact/sample.tact.output
pygments-2.20.0/tests/examplefiles/tads3/tads3_example.t
pygments-2.20.0/tests/examplefiles/tads3/tads3_example.t.output
pygments-2.20.0/tests/examplefiles/tal/piano.tal
pygments-2.20.0/tests/examplefiles/tal/piano.tal.output
pygments-2.20.0/tests/examplefiles/tap/example.tap
pygments-2.20.0/tests/examplefiles/tap/example.tap.output
pygments-2.20.0/tests/examplefiles/tasm/example.tasm
pygments-2.20.0/tests/examplefiles/tasm/example.tasm.output
pygments-2.20.0/tests/examplefiles/tcsh/test.tcsh
pygments-2.20.0/tests/examplefiles/tcsh/test.tcsh.output
pygments-2.20.0/tests/examplefiles/tcshcon/session
pygments-2.20.0/tests/examplefiles/tcshcon/session.output
pygments-2.20.0/tests/examplefiles/tea/example.tea
pygments-2.20.0/tests/examplefiles/tea/example.tea.output
pygments-2.20.0/tests/examplefiles/teal/example.teal
pygments-2.20.0/tests/examplefiles/teal/example.teal.output
pygments-2.20.0/tests/examplefiles/termcap/termcap
pygments-2.20.0/tests/examplefiles/termcap/termcap.output
pygments-2.20.0/tests/examplefiles/terminfo/terminfo
pygments-2.20.0/tests/examplefiles/terminfo/terminfo.output
pygments-2.20.0/tests/examplefiles/text/mysql.txt
pygments-2.20.0/tests/examplefiles/text/mysql.txt.output
pygments-2.20.0/tests/examplefiles/thingsdb/test.ti
pygments-2.20.0/tests/examplefiles/thingsdb/test.ti.output
pygments-2.20.0/tests/examplefiles/thrift/demo.thrift
pygments-2.20.0/tests/examplefiles/thrift/demo.thrift.output
pygments-2.20.0/tests/examplefiles/tid/TiddlyWiki5.tid
pygments-2.20.0/tests/examplefiles/tid/TiddlyWiki5.tid.output
pygments-2.20.0/tests/examplefiles/tlb/block.tlb
pygments-2.20.0/tests/examplefiles/tlb/block.tlb.output
pygments-2.20.0/tests/examplefiles/tls/example.txt
pygments-2.20.0/tests/examplefiles/tls/example.txt.output
pygments-2.20.0/tests/examplefiles/tnt/example.tnt
pygments-2.20.0/tests/examplefiles/tnt/example.tnt.output
pygments-2.20.0/tests/examplefiles/todotxt/example.todotxt
pygments-2.20.0/tests/examplefiles/todotxt/example.todotxt.output
pygments-2.20.0/tests/examplefiles/toml/example.toml
pygments-2.20.0/tests/examplefiles/toml/example.toml.output
pygments-2.20.0/tests/examplefiles/trac-wiki/moin_SyntaxReference.txt
pygments-2.20.0/tests/examplefiles/trac-wiki/moin_SyntaxReference.txt.output
pygments-2.20.0/tests/examplefiles/treetop/metagrammar.treetop
pygments-2.20.0/tests/examplefiles/treetop/metagrammar.treetop.output
pygments-2.20.0/tests/examplefiles/ts/typescript_example.ts
pygments-2.20.0/tests/examplefiles/ts/typescript_example.ts.output
pygments-2.20.0/tests/examplefiles/tsql/tsql_example.sql
pygments-2.20.0/tests/examplefiles/tsql/tsql_example.sql.output
pygments-2.20.0/tests/examplefiles/tsx/sample.tsx
pygments-2.20.0/tests/examplefiles/tsx/sample.tsx.output
pygments-2.20.0/tests/examplefiles/ttl/teraterm.ttl
pygments-2.20.0/tests/examplefiles/ttl/teraterm.ttl.output
pygments-2.20.0/tests/examplefiles/turtle/example.ttl
pygments-2.20.0/tests/examplefiles/turtle/example.ttl.output
pygments-2.20.0/tests/examplefiles/twig/twig_test
pygments-2.20.0/tests/examplefiles/twig/twig_test.output
pygments-2.20.0/tests/examplefiles/typoscript/typoscript_example.typoscript
pygments-2.20.0/tests/examplefiles/typoscript/typoscript_example.typoscript.output
pygments-2.20.0/tests/examplefiles/typst/test.typ
pygments-2.20.0/tests/examplefiles/typst/test.typ.output
pygments-2.20.0/tests/examplefiles/ucode/example.u1
pygments-2.20.0/tests/examplefiles/ucode/example.u1.output
pygments-2.20.0/tests/examplefiles/ul4/example_operators.ul4
pygments-2.20.0/tests/examplefiles/ul4/example_operators.ul4.output
pygments-2.20.0/tests/examplefiles/ul4/example_tags.ul4
pygments-2.20.0/tests/examplefiles/ul4/example_tags.ul4.output
pygments-2.20.0/tests/examplefiles/ul4/example_template.ul4
pygments-2.20.0/tests/examplefiles/ul4/example_template.ul4.output
pygments-2.20.0/tests/examplefiles/ul4/example_types.ul4
pygments-2.20.0/tests/examplefiles/ul4/example_types.ul4.output
pygments-2.20.0/tests/examplefiles/unicon/example.icn
pygments-2.20.0/tests/examplefiles/unicon/example.icn.output
pygments-2.20.0/tests/examplefiles/urbiscript/example.u
pygments-2.20.0/tests/examplefiles/urbiscript/example.u.output
pygments-2.20.0/tests/examplefiles/usd/example.usd
pygments-2.20.0/tests/examplefiles/usd/example.usd.output
pygments-2.20.0/tests/examplefiles/vb.net/test.vb
pygments-2.20.0/tests/examplefiles/vb.net/test.vb.output
pygments-2.20.0/tests/examplefiles/vb.net/vbnet_test.bas
pygments-2.20.0/tests/examplefiles/vb.net/vbnet_test.bas.output
pygments-2.20.0/tests/examplefiles/vbscript/example.vbs
pygments-2.20.0/tests/examplefiles/vbscript/example.vbs.output
pygments-2.20.0/tests/examplefiles/vcl/varnish.vcl
pygments-2.20.0/tests/examplefiles/vcl/varnish.vcl.output
pygments-2.20.0/tests/examplefiles/vctreestatus/vctreestatus_hg
pygments-2.20.0/tests/examplefiles/vctreestatus/vctreestatus_hg.output
pygments-2.20.0/tests/examplefiles/verifpal/verifpal_example.vp
pygments-2.20.0/tests/examplefiles/verifpal/verifpal_example.vp.output
pygments-2.20.0/tests/examplefiles/verilog/example_coq.v
pygments-2.20.0/tests/examplefiles/verilog/example_coq.v.output
pygments-2.20.0/tests/examplefiles/vgl/example.rpf
pygments-2.20.0/tests/examplefiles/vgl/example.rpf.output
pygments-2.20.0/tests/examplefiles/vhdl/test.vhdl
pygments-2.20.0/tests/examplefiles/vhdl/test.vhdl.output
pygments-2.20.0/tests/examplefiles/vim/phpcomplete.vim
pygments-2.20.0/tests/examplefiles/vim/phpcomplete.vim.output
pygments-2.20.0/tests/examplefiles/vim/vimrc
pygments-2.20.0/tests/examplefiles/vim/vimrc.output
pygments-2.20.0/tests/examplefiles/visualprolog/hanoi.pro
pygments-2.20.0/tests/examplefiles/visualprolog/hanoi.pro.output
pygments-2.20.0/tests/examplefiles/visualprolog/test.pro
pygments-2.20.0/tests/examplefiles/visualprolog/test.pro.output
pygments-2.20.0/tests/examplefiles/visualprologgrammar/grammarDef.vipgrm
pygments-2.20.0/tests/examplefiles/visualprologgrammar/grammarDef.vipgrm.output
pygments-2.20.0/tests/examplefiles/visualprologgrammar/test.vipgrm
pygments-2.20.0/tests/examplefiles/visualprologgrammar/test.vipgrm.output
pygments-2.20.0/tests/examplefiles/vue/test.vue
pygments-2.20.0/tests/examplefiles/vue/test.vue.output
pygments-2.20.0/tests/examplefiles/vyper/test.vy
pygments-2.20.0/tests/examplefiles/vyper/test.vy.output
pygments-2.20.0/tests/examplefiles/wat/fib.wat
pygments-2.20.0/tests/examplefiles/wat/fib.wat.output
pygments-2.20.0/tests/examplefiles/wdiff/wdiff_example1.wdiff
pygments-2.20.0/tests/examplefiles/wdiff/wdiff_example1.wdiff.output
pygments-2.20.0/tests/examplefiles/wdiff/wdiff_example3.wdiff
pygments-2.20.0/tests/examplefiles/wdiff/wdiff_example3.wdiff.output
pygments-2.20.0/tests/examplefiles/webidl/example.webidl
pygments-2.20.0/tests/examplefiles/webidl/example.webidl.output
pygments-2.20.0/tests/examplefiles/whiley/example.whiley
pygments-2.20.0/tests/examplefiles/whiley/example.whiley.output
pygments-2.20.0/tests/examplefiles/wikitext/article_france.wikitext
pygments-2.20.0/tests/examplefiles/wikitext/article_france.wikitext.output
pygments-2.20.0/tests/examplefiles/wowtoc/comments.toc
pygments-2.20.0/tests/examplefiles/wowtoc/comments.toc.output
pygments-2.20.0/tests/examplefiles/wowtoc/files.toc
pygments-2.20.0/tests/examplefiles/wowtoc/files.toc.output
pygments-2.20.0/tests/examplefiles/wowtoc/official_tags.toc
pygments-2.20.0/tests/examplefiles/wowtoc/official_tags.toc.output
pygments-2.20.0/tests/examplefiles/wowtoc/other_tags.toc
pygments-2.20.0/tests/examplefiles/wowtoc/other_tags.toc.output
pygments-2.20.0/tests/examplefiles/wren/example.wren
pygments-2.20.0/tests/examplefiles/wren/example.wren.output
pygments-2.20.0/tests/examplefiles/x10/example.x10
pygments-2.20.0/tests/examplefiles/x10/example.x10.output
pygments-2.20.0/tests/examplefiles/xml/xml_example.xml
pygments-2.20.0/tests/examplefiles/xml/xml_example.xml.output
pygments-2.20.0/tests/examplefiles/xorg.conf/xorg.conf
pygments-2.20.0/tests/examplefiles/xorg.conf/xorg.conf.output
pygments-2.20.0/tests/examplefiles/xpp/test.xpp
pygments-2.20.0/tests/examplefiles/xpp/test.xpp.output
pygments-2.20.0/tests/examplefiles/xquery/test-3.0.xq
pygments-2.20.0/tests/examplefiles/xquery/test-3.0.xq.output
pygments-2.20.0/tests/examplefiles/xquery/test-exist-update.xq
pygments-2.20.0/tests/examplefiles/xquery/test-exist-update.xq.output
pygments-2.20.0/tests/examplefiles/xquery/test.xqy
pygments-2.20.0/tests/examplefiles/xquery/test.xqy.output
pygments-2.20.0/tests/examplefiles/xslt/test.xsl
pygments-2.20.0/tests/examplefiles/xslt/test.xsl.output
pygments-2.20.0/tests/examplefiles/xtend/example.xtend
pygments-2.20.0/tests/examplefiles/xtend/example.xtend.output
pygments-2.20.0/tests/examplefiles/xul+mozpreproc/demo.xul.in
pygments-2.20.0/tests/examplefiles/xul+mozpreproc/demo.xul.in.output
pygments-2.20.0/tests/examplefiles/yaml/example.yaml
pygments-2.20.0/tests/examplefiles/yaml/example.yaml.output
pygments-2.20.0/tests/examplefiles/yaml+jinja/example.sls
pygments-2.20.0/tests/examplefiles/yaml+jinja/example.sls.output
pygments-2.20.0/tests/examplefiles/yang/test.yang
pygments-2.20.0/tests/examplefiles/yang/test.yang.output
pygments-2.20.0/tests/examplefiles/yara/example.yar
pygments-2.20.0/tests/examplefiles/yara/example.yar.output
pygments-2.20.0/tests/examplefiles/zeek/test.bro
pygments-2.20.0/tests/examplefiles/zeek/test.bro.output
pygments-2.20.0/tests/examplefiles/zeek/test.zeek
pygments-2.20.0/tests/examplefiles/zeek/test.zeek.output
pygments-2.20.0/tests/examplefiles/zephir/test.zep
pygments-2.20.0/tests/examplefiles/zephir/test.zep.output
pygments-2.20.0/tests/examplefiles/zig/example.zig
pygments-2.20.0/tests/examplefiles/zig/example.zig.output
pygments-2.20.0/tests/examplefiles/zone/dig-output.zone
pygments-2.20.0/tests/examplefiles/zone/dig-output.zone.output
pygments-2.20.0/tests/examplefiles/zone/example.zone
pygments-2.20.0/tests/examplefiles/zone/example.zone.output
pygments-2.20.0/tests/html_linenos_expected_output/inline_cls_step_1_start_1_special_0_anchor_filename.html
pygments-2.20.0/tests/html_linenos_expected_output/inline_cls_step_1_start_1_special_0_anchor_nofilename.html
pygments-2.20.0/tests/html_linenos_expected_output/inline_cls_step_1_start_1_special_0_noanchor_filename.html
pygments-2.20.0/tests/html_linenos_expected_output/inline_cls_step_1_start_1_special_0_noanchor_nofilename.html
pygments-2.20.0/tests/html_linenos_expected_output/inline_cls_step_1_start_1_special_3_anchor_filename.html
pygments-2.20.0/tests/html_linenos_expected_output/inline_cls_step_1_start_1_special_3_anchor_nofilename.html
pygments-2.20.0/tests/html_linenos_expected_output/inline_cls_step_1_start_1_special_3_noanchor_filename.html
pygments-2.20.0/tests/html_linenos_expected_output/inline_cls_step_1_start_1_special_3_noanchor_nofilename.html
pygments-2.20.0/tests/html_linenos_expected_output/inline_cls_step_1_start_8_special_0_anchor_filename.html
pygments-2.20.0/tests/html_linenos_expected_output/inline_cls_step_1_start_8_special_0_anchor_nofilename.html
pygments-2.20.0/tests/html_linenos_expected_output/inline_cls_step_1_start_8_special_0_noanchor_filename.html
pygments-2.20.0/tests/html_linenos_expected_output/inline_cls_step_1_start_8_special_0_noanchor_nofilename.html
pygments-2.20.0/tests/html_linenos_expected_output/inline_cls_step_1_start_8_special_3_anchor_filename.html
pygments-2.20.0/tests/html_linenos_expected_output/inline_cls_step_1_start_8_special_3_anchor_nofilename.html
pygments-2.20.0/tests/html_linenos_expected_output/inline_cls_step_1_start_8_special_3_noanchor_filename.html
pygments-2.20.0/tests/html_linenos_expected_output/inline_cls_step_1_start_8_special_3_noanchor_nofilename.html
pygments-2.20.0/tests/html_linenos_expected_output/inline_cls_step_2_start_1_special_0_anchor_filename.html
pygments-2.20.0/tests/html_linenos_expected_output/inline_cls_step_2_start_1_special_0_anchor_nofilename.html
pygments-2.20.0/tests/html_linenos_expected_output/inline_cls_step_2_start_1_special_0_noanchor_filename.html
pygments-2.20.0/tests/html_linenos_expected_output/inline_cls_step_2_start_1_special_0_noanchor_nofilename.html
pygments-2.20.0/tests/html_linenos_expected_output/inline_cls_step_2_start_1_special_3_anchor_filename.html
pygments-2.20.0/tests/html_linenos_expected_output/inline_cls_step_2_start_1_special_3_anchor_nofilename.html
pygments-2.20.0/tests/html_linenos_expected_output/inline_cls_step_2_start_1_special_3_noanchor_filename.html
pygments-2.20.0/tests/html_linenos_expected_output/inline_cls_step_2_start_1_special_3_noanchor_nofilename.html
pygments-2.20.0/tests/html_linenos_expected_output/inline_cls_step_2_start_8_special_0_anchor_filename.html
pygments-2.20.0/tests/html_linenos_expected_output/inline_cls_step_2_start_8_special_0_anchor_nofilename.html
pygments-2.20.0/tests/html_linenos_expected_output/inline_cls_step_2_start_8_special_0_noanchor_filename.html
pygments-2.20.0/tests/html_linenos_expected_output/inline_cls_step_2_start_8_special_0_noanchor_nofilename.html
pygments-2.20.0/tests/html_linenos_expected_output/inline_cls_step_2_start_8_special_3_anchor_filename.html
pygments-2.20.0/tests/html_linenos_expected_output/inline_cls_step_2_start_8_special_3_anchor_nofilename.html
pygments-2.20.0/tests/html_linenos_expected_output/inline_cls_step_2_start_8_special_3_noanchor_filename.html
pygments-2.20.0/tests/html_linenos_expected_output/inline_cls_step_2_start_8_special_3_noanchor_nofilename.html
pygments-2.20.0/tests/html_linenos_expected_output/inline_nocls_step_1_start_1_special_0_anchor_filename.html
pygments-2.20.0/tests/html_linenos_expected_output/inline_nocls_step_1_start_1_special_0_anchor_nofilename.html
pygments-2.20.0/tests/html_linenos_expected_output/inline_nocls_step_1_start_1_special_0_noanchor_filename.html
pygments-2.20.0/tests/html_linenos_expected_output/inline_nocls_step_1_start_1_special_0_noanchor_nofilename.html
pygments-2.20.0/tests/html_linenos_expected_output/inline_nocls_step_1_start_1_special_3_anchor_filename.html
pygments-2.20.0/tests/html_linenos_expected_output/inline_nocls_step_1_start_1_special_3_anchor_nofilename.html
pygments-2.20.0/tests/html_linenos_expected_output/inline_nocls_step_1_start_1_special_3_noanchor_filename.html
pygments-2.20.0/tests/html_linenos_expected_output/inline_nocls_step_1_start_1_special_3_noanchor_nofilename.html
pygments-2.20.0/tests/html_linenos_expected_output/inline_nocls_step_1_start_8_special_0_anchor_filename.html
pygments-2.20.0/tests/html_linenos_expected_output/inline_nocls_step_1_start_8_special_0_anchor_nofilename.html
pygments-2.20.0/tests/html_linenos_expected_output/inline_nocls_step_1_start_8_special_0_noanchor_filename.html
pygments-2.20.0/tests/html_linenos_expected_output/inline_nocls_step_1_start_8_special_0_noanchor_nofilename.html
pygments-2.20.0/tests/html_linenos_expected_output/inline_nocls_step_1_start_8_special_3_anchor_filename.html
pygments-2.20.0/tests/html_linenos_expected_output/inline_nocls_step_1_start_8_special_3_anchor_nofilename.html
pygments-2.20.0/tests/html_linenos_expected_output/inline_nocls_step_1_start_8_special_3_noanchor_filename.html
pygments-2.20.0/tests/html_linenos_expected_output/inline_nocls_step_1_start_8_special_3_noanchor_nofilename.html
pygments-2.20.0/tests/html_linenos_expected_output/inline_nocls_step_2_start_1_special_0_anchor_filename.html
pygments-2.20.0/tests/html_linenos_expected_output/inline_nocls_step_2_start_1_special_0_anchor_nofilename.html
pygments-2.20.0/tests/html_linenos_expected_output/inline_nocls_step_2_start_1_special_0_noanchor_filename.html
pygments-2.20.0/tests/html_linenos_expected_output/inline_nocls_step_2_start_1_special_0_noanchor_nofilename.html
pygments-2.20.0/tests/html_linenos_expected_output/inline_nocls_step_2_start_1_special_3_anchor_filename.html
pygments-2.20.0/tests/html_linenos_expected_output/inline_nocls_step_2_start_1_special_3_anchor_nofilename.html
pygments-2.20.0/tests/html_linenos_expected_output/inline_nocls_step_2_start_1_special_3_noanchor_filename.html
pygments-2.20.0/tests/html_linenos_expected_output/inline_nocls_step_2_start_1_special_3_noanchor_nofilename.html
pygments-2.20.0/tests/html_linenos_expected_output/inline_nocls_step_2_start_8_special_0_anchor_filename.html
pygments-2.20.0/tests/html_linenos_expected_output/inline_nocls_step_2_start_8_special_0_anchor_nofilename.html
pygments-2.20.0/tests/html_linenos_expected_output/inline_nocls_step_2_start_8_special_0_noanchor_filename.html
pygments-2.20.0/tests/html_linenos_expected_output/inline_nocls_step_2_start_8_special_0_noanchor_nofilename.html
pygments-2.20.0/tests/html_linenos_expected_output/inline_nocls_step_2_start_8_special_3_anchor_filename.html
pygments-2.20.0/tests/html_linenos_expected_output/inline_nocls_step_2_start_8_special_3_anchor_nofilename.html
pygments-2.20.0/tests/html_linenos_expected_output/inline_nocls_step_2_start_8_special_3_noanchor_filename.html
pygments-2.20.0/tests/html_linenos_expected_output/inline_nocls_step_2_start_8_special_3_noanchor_nofilename.html
pygments-2.20.0/tests/html_linenos_expected_output/table_cls_step_1_start_1_special_0_anchor_filename.html
pygments-2.20.0/tests/html_linenos_expected_output/table_cls_step_1_start_1_special_0_anchor_nofilename.html
pygments-2.20.0/tests/html_linenos_expected_output/table_cls_step_1_start_1_special_0_noanchor_filename.html
pygments-2.20.0/tests/html_linenos_expected_output/table_cls_step_1_start_1_special_0_noanchor_nofilename.html
pygments-2.20.0/tests/html_linenos_expected_output/table_cls_step_1_start_1_special_3_anchor_filename.html
pygments-2.20.0/tests/html_linenos_expected_output/table_cls_step_1_start_1_special_3_anchor_nofilename.html
pygments-2.20.0/tests/html_linenos_expected_output/table_cls_step_1_start_1_special_3_noanchor_filename.html
pygments-2.20.0/tests/html_linenos_expected_output/table_cls_step_1_start_1_special_3_noanchor_nofilename.html
pygments-2.20.0/tests/html_linenos_expected_output/table_cls_step_1_start_8_special_0_anchor_filename.html
pygments-2.20.0/tests/html_linenos_expected_output/table_cls_step_1_start_8_special_0_anchor_nofilename.html
pygments-2.20.0/tests/html_linenos_expected_output/table_cls_step_1_start_8_special_0_noanchor_filename.html
pygments-2.20.0/tests/html_linenos_expected_output/table_cls_step_1_start_8_special_0_noanchor_nofilename.html
pygments-2.20.0/tests/html_linenos_expected_output/table_cls_step_1_start_8_special_3_anchor_filename.html
pygments-2.20.0/tests/html_linenos_expected_output/table_cls_step_1_start_8_special_3_anchor_nofilename.html
pygments-2.20.0/tests/html_linenos_expected_output/table_cls_step_1_start_8_special_3_noanchor_filename.html
pygments-2.20.0/tests/html_linenos_expected_output/table_cls_step_1_start_8_special_3_noanchor_nofilename.html
pygments-2.20.0/tests/html_linenos_expected_output/table_cls_step_2_start_1_special_0_anchor_filename.html
pygments-2.20.0/tests/html_linenos_expected_output/table_cls_step_2_start_1_special_0_anchor_nofilename.html
pygments-2.20.0/tests/html_linenos_expected_output/table_cls_step_2_start_1_special_0_noanchor_filename.html
pygments-2.20.0/tests/html_linenos_expected_output/table_cls_step_2_start_1_special_0_noanchor_nofilename.html
pygments-2.20.0/tests/html_linenos_expected_output/table_cls_step_2_start_1_special_3_anchor_filename.html
pygments-2.20.0/tests/html_linenos_expected_output/table_cls_step_2_start_1_special_3_anchor_nofilename.html
pygments-2.20.0/tests/html_linenos_expected_output/table_cls_step_2_start_1_special_3_noanchor_filename.html
pygments-2.20.0/tests/html_linenos_expected_output/table_cls_step_2_start_1_special_3_noanchor_nofilename.html
pygments-2.20.0/tests/html_linenos_expected_output/table_cls_step_2_start_8_special_0_anchor_filename.html
pygments-2.20.0/tests/html_linenos_expected_output/table_cls_step_2_start_8_special_0_anchor_nofilename.html
pygments-2.20.0/tests/html_linenos_expected_output/table_cls_step_2_start_8_special_0_noanchor_filename.html
pygments-2.20.0/tests/html_linenos_expected_output/table_cls_step_2_start_8_special_0_noanchor_nofilename.html
pygments-2.20.0/tests/html_linenos_expected_output/table_cls_step_2_start_8_special_3_anchor_filename.html
pygments-2.20.0/tests/html_linenos_expected_output/table_cls_step_2_start_8_special_3_anchor_nofilename.html
pygments-2.20.0/tests/html_linenos_expected_output/table_cls_step_2_start_8_special_3_noanchor_filename.html
pygments-2.20.0/tests/html_linenos_expected_output/table_cls_step_2_start_8_special_3_noanchor_nofilename.html
pygments-2.20.0/tests/html_linenos_expected_output/table_nocls_step_1_start_1_special_0_anchor_filename.html
pygments-2.20.0/tests/html_linenos_expected_output/table_nocls_step_1_start_1_special_0_anchor_nofilename.html
pygments-2.20.0/tests/html_linenos_expected_output/table_nocls_step_1_start_1_special_0_noanchor_filename.html
pygments-2.20.0/tests/html_linenos_expected_output/table_nocls_step_1_start_1_special_0_noanchor_nofilename.html
pygments-2.20.0/tests/html_linenos_expected_output/table_nocls_step_1_start_1_special_3_anchor_filename.html
pygments-2.20.0/tests/html_linenos_expected_output/table_nocls_step_1_start_1_special_3_anchor_nofilename.html
pygments-2.20.0/tests/html_linenos_expected_output/table_nocls_step_1_start_1_special_3_noanchor_filename.html
pygments-2.20.0/tests/html_linenos_expected_output/table_nocls_step_1_start_1_special_3_noanchor_nofilename.html
pygments-2.20.0/tests/html_linenos_expected_output/table_nocls_step_1_start_8_special_0_anchor_filename.html
pygments-2.20.0/tests/html_linenos_expected_output/table_nocls_step_1_start_8_special_0_anchor_nofilename.html
pygments-2.20.0/tests/html_linenos_expected_output/table_nocls_step_1_start_8_special_0_noanchor_filename.html
pygments-2.20.0/tests/html_linenos_expected_output/table_nocls_step_1_start_8_special_0_noanchor_nofilename.html
pygments-2.20.0/tests/html_linenos_expected_output/table_nocls_step_1_start_8_special_3_anchor_filename.html
pygments-2.20.0/tests/html_linenos_expected_output/table_nocls_step_1_start_8_special_3_anchor_nofilename.html
pygments-2.20.0/tests/html_linenos_expected_output/table_nocls_step_1_start_8_special_3_noanchor_filename.html
pygments-2.20.0/tests/html_linenos_expected_output/table_nocls_step_1_start_8_special_3_noanchor_nofilename.html
pygments-2.20.0/tests/html_linenos_expected_output/table_nocls_step_2_start_1_special_0_anchor_filename.html
pygments-2.20.0/tests/html_linenos_expected_output/table_nocls_step_2_start_1_special_0_anchor_nofilename.html
pygments-2.20.0/tests/html_linenos_expected_output/table_nocls_step_2_start_1_special_0_noanchor_filename.html
pygments-2.20.0/tests/html_linenos_expected_output/table_nocls_step_2_start_1_special_0_noanchor_nofilename.html
pygments-2.20.0/tests/html_linenos_expected_output/table_nocls_step_2_start_1_special_3_anchor_filename.html
pygments-2.20.0/tests/html_linenos_expected_output/table_nocls_step_2_start_1_special_3_anchor_nofilename.html
pygments-2.20.0/tests/html_linenos_expected_output/table_nocls_step_2_start_1_special_3_noanchor_filename.html
pygments-2.20.0/tests/html_linenos_expected_output/table_nocls_step_2_start_1_special_3_noanchor_nofilename.html
pygments-2.20.0/tests/html_linenos_expected_output/table_nocls_step_2_start_8_special_0_anchor_filename.html
pygments-2.20.0/tests/html_linenos_expected_output/table_nocls_step_2_start_8_special_0_anchor_nofilename.html
pygments-2.20.0/tests/html_linenos_expected_output/table_nocls_step_2_start_8_special_0_noanchor_filename.html
pygments-2.20.0/tests/html_linenos_expected_output/table_nocls_step_2_start_8_special_0_noanchor_nofilename.html
pygments-2.20.0/tests/html_linenos_expected_output/table_nocls_step_2_start_8_special_3_anchor_filename.html
pygments-2.20.0/tests/html_linenos_expected_output/table_nocls_step_2_start_8_special_3_anchor_nofilename.html
pygments-2.20.0/tests/html_linenos_expected_output/table_nocls_step_2_start_8_special_3_noanchor_filename.html
pygments-2.20.0/tests/html_linenos_expected_output/table_nocls_step_2_start_8_special_3_noanchor_nofilename.html
pygments-2.20.0/tests/snippets/conftest.py
pygments-2.20.0/tests/snippets/apacheconf/test_directive_no_args.txt
pygments-2.20.0/tests/snippets/apacheconf/test_fix_lock_absolute_path.txt
pygments-2.20.0/tests/snippets/apacheconf/test_include_globs.txt
pygments-2.20.0/tests/snippets/apacheconf/test_malformed_scoped_directive_closing_tag.txt
pygments-2.20.0/tests/snippets/apacheconf/test_multi_include_globs.txt
pygments-2.20.0/tests/snippets/apacheconf/test_multi_include_globs_root.txt
pygments-2.20.0/tests/snippets/apacheconf/test_multiline_argument.txt
pygments-2.20.0/tests/snippets/apacheconf/test_multiline_comment.txt
pygments-2.20.0/tests/snippets/apacheconf/test_normal_scoped_directive.txt
pygments-2.20.0/tests/snippets/apl/test_leading_underscore.txt
pygments-2.20.0/tests/snippets/asm/test_cpuid.txt
pygments-2.20.0/tests/snippets/asn1/certificate.txt
pygments-2.20.0/tests/snippets/asn1/negative-integer.txt
pygments-2.20.0/tests/snippets/asn1/nested-comment.txt
pygments-2.20.0/tests/snippets/awk/test_ternary.txt
pygments-2.20.0/tests/snippets/bibtex/test_basic_bst.txt
pygments-2.20.0/tests/snippets/bibtex/test_comment.txt
pygments-2.20.0/tests/snippets/bibtex/test_entry.txt
pygments-2.20.0/tests/snippets/bibtex/test_mismatched_brace.txt
pygments-2.20.0/tests/snippets/bibtex/test_missing_body.txt
pygments-2.20.0/tests/snippets/bibtex/test_preamble.txt
pygments-2.20.0/tests/snippets/bibtex/test_string.txt
pygments-2.20.0/tests/snippets/bqn/test_arguments.txt
pygments-2.20.0/tests/snippets/bqn/test_comment.txt
pygments-2.20.0/tests/snippets/bqn/test_define.txt
pygments-2.20.0/tests/snippets/bqn/test_inter_word.txt
pygments-2.20.0/tests/snippets/bqn/test_number_underscores.txt
pygments-2.20.0/tests/snippets/bqn/test_recursive_modifier.txt
pygments-2.20.0/tests/snippets/bqn/test_syntax_roles.txt
pygments-2.20.0/tests/snippets/c/builtin_types.txt
pygments-2.20.0/tests/snippets/c/test_comment_end.txt
pygments-2.20.0/tests/snippets/c/test_function_comments.txt
pygments-2.20.0/tests/snippets/c/test_label.txt
pygments-2.20.0/tests/snippets/c/test_label_followed_by_statement.txt
pygments-2.20.0/tests/snippets/c/test_label_space_before_colon.txt
pygments-2.20.0/tests/snippets/c/test_numbers.txt
pygments-2.20.0/tests/snippets/c/test_preproc_file.txt
pygments-2.20.0/tests/snippets/c/test_preproc_file2.txt
pygments-2.20.0/tests/snippets/c/test_preproc_file3.txt
pygments-2.20.0/tests/snippets/c/test_preproc_file4.txt
pygments-2.20.0/tests/snippets/c/test_preproc_file5.txt
pygments-2.20.0/tests/snippets/c/test_string_resembling_decl_end.txt
pygments-2.20.0/tests/snippets/c/test_switch.txt
pygments-2.20.0/tests/snippets/c/test_switch_space_before_colon.txt
pygments-2.20.0/tests/snippets/carbon/unterminated_comment.txt
pygments-2.20.0/tests/snippets/cfm/test_basic_comment.txt
pygments-2.20.0/tests/snippets/cfm/test_nested_comment.txt
pygments-2.20.0/tests/snippets/codeql/redundant_select.txt
pygments-2.20.0/tests/snippets/coffeescript/test_beware_infinite_loop.txt
pygments-2.20.0/tests/snippets/coffeescript/test_mixed_slashes.txt
pygments-2.20.0/tests/snippets/console/fake_ps2_prompt.txt
pygments-2.20.0/tests/snippets/console/prompt_in_output.txt
pygments-2.20.0/tests/snippets/console/ps2_prompt.txt
pygments-2.20.0/tests/snippets/console/test_comment_after_prompt.txt
pygments-2.20.0/tests/snippets/console/test_newline_in_echo_no_ps2.txt
pygments-2.20.0/tests/snippets/console/test_newline_in_echo_ps2.txt
pygments-2.20.0/tests/snippets/console/test_newline_in_ls_no_ps2.txt
pygments-2.20.0/tests/snippets/console/test_newline_in_ls_ps2.txt
pygments-2.20.0/tests/snippets/console/test_virtualenv.txt
pygments-2.20.0/tests/snippets/coq/test_unicode.txt
pygments-2.20.0/tests/snippets/cpp/alternative_tokens.txt
pygments-2.20.0/tests/snippets/cpp/extension_keywords.txt
pygments-2.20.0/tests/snippets/cpp/test_good_comment.txt
pygments-2.20.0/tests/snippets/cpp/test_open_comment.txt
pygments-2.20.0/tests/snippets/cpp/test_unicode_identifiers.txt
pygments-2.20.0/tests/snippets/crystal/test_annotation.txt
pygments-2.20.0/tests/snippets/crystal/test_array_access.txt
pygments-2.20.0/tests/snippets/crystal/test_chars.txt
pygments-2.20.0/tests/snippets/crystal/test_constant_and_module.txt
pygments-2.20.0/tests/snippets/crystal/test_empty_percent_strings.txt
pygments-2.20.0/tests/snippets/crystal/test_escaped_bracestring.txt
pygments-2.20.0/tests/snippets/crystal/test_escaped_interpolation.txt
pygments-2.20.0/tests/snippets/crystal/test_interpolation_nested_curly.txt
pygments-2.20.0/tests/snippets/crystal/test_lib.txt
pygments-2.20.0/tests/snippets/crystal/test_macro.txt
pygments-2.20.0/tests/snippets/crystal/test_numbers.txt
pygments-2.20.0/tests/snippets/crystal/test_operator_methods.txt
pygments-2.20.0/tests/snippets/crystal/test_percent_strings.txt
pygments-2.20.0/tests/snippets/crystal/test_percent_strings_special.txt
pygments-2.20.0/tests/snippets/crystal/test_pseudo_builtins.txt
pygments-2.20.0/tests/snippets/crystal/test_pseudo_keywords.txt
pygments-2.20.0/tests/snippets/crystal/test_range_syntax1.txt
pygments-2.20.0/tests/snippets/crystal/test_range_syntax2.txt
pygments-2.20.0/tests/snippets/crystal/test_string_escapes.txt
pygments-2.20.0/tests/snippets/crystal/test_symbols.txt
pygments-2.20.0/tests/snippets/csharp/test_file_keyword.txt
pygments-2.20.0/tests/snippets/csound/test_braced_strings.txt
pygments-2.20.0/tests/snippets/csound/test_comments.txt
pygments-2.20.0/tests/snippets/csound/test_escape_sequences.txt
pygments-2.20.0/tests/snippets/csound/test_function_like_macro_definitions.txt
pygments-2.20.0/tests/snippets/csound/test_function_like_macros.txt
pygments-2.20.0/tests/snippets/csound/test_global_value_identifiers.txt
pygments-2.20.0/tests/snippets/csound/test_goto_statements.txt
pygments-2.20.0/tests/snippets/csound/test_include_directives.txt
pygments-2.20.0/tests/snippets/csound/test_includestr_directives.txt
pygments-2.20.0/tests/snippets/csound/test_instrument_blocks.txt
pygments-2.20.0/tests/snippets/csound/test_keywords.txt
pygments-2.20.0/tests/snippets/csound/test_labels.txt
pygments-2.20.0/tests/snippets/csound/test_macro_preprocessor_directives.txt
pygments-2.20.0/tests/snippets/csound/test_name.txt
pygments-2.20.0/tests/snippets/csound/test_numbers.txt
pygments-2.20.0/tests/snippets/csound/test_object_like_macro_definitions.txt
pygments-2.20.0/tests/snippets/csound/test_operators.txt
pygments-2.20.0/tests/snippets/csound/test_other_preprocessor_directives.txt
pygments-2.20.0/tests/snippets/csound/test_printks_and_prints_escape_sequences.txt
pygments-2.20.0/tests/snippets/csound/test_quoted_strings.txt
pygments-2.20.0/tests/snippets/csound/test_user_defined_opcodes.txt
pygments-2.20.0/tests/snippets/css/percent_in_func.txt
pygments-2.20.0/tests/snippets/cython/test_builtin_pseudo.txt
pygments-2.20.0/tests/snippets/cython/test_builtins.txt
pygments-2.20.0/tests/snippets/cython/test_bytes_escape_codes.txt
pygments-2.20.0/tests/snippets/cython/test_classes.txt
pygments-2.20.0/tests/snippets/cython/test_cppclass_extern_import.txt
pygments-2.20.0/tests/snippets/cython/test_docstrings.txt
pygments-2.20.0/tests/snippets/cython/test_enums.txt
pygments-2.20.0/tests/snippets/cython/test_floats.txt
pygments-2.20.0/tests/snippets/cython/test_functions.txt
pygments-2.20.0/tests/snippets/cython/test_keywords.txt
pygments-2.20.0/tests/snippets/cython/test_named_exceptions.txt
pygments-2.20.0/tests/snippets/cython/test_structs.txt
pygments-2.20.0/tests/snippets/cython/test_unions.txt
pygments-2.20.0/tests/snippets/debian.sources/debian.sources.txt
pygments-2.20.0/tests/snippets/desktop/example.txt
pygments-2.20.0/tests/snippets/devicetree/test_fragment_out_of_root_node.txt
pygments-2.20.0/tests/snippets/diff/normal.txt
pygments-2.20.0/tests/snippets/diff/unified.txt
pygments-2.20.0/tests/snippets/doscon/test_gt_only.txt
pygments-2.20.0/tests/snippets/elpi/test_catastrophic_backtracking.txt
pygments-2.20.0/tests/snippets/elpi/test_chr.txt
pygments-2.20.0/tests/snippets/elpi/test_clause.txt
pygments-2.20.0/tests/snippets/elpi/test_comment.txt
pygments-2.20.0/tests/snippets/elpi/test_func.txt
pygments-2.20.0/tests/snippets/elpi/test_namespace.txt
pygments-2.20.0/tests/snippets/elpi/test_pred.txt
pygments-2.20.0/tests/snippets/elpi/test_quotations.txt
pygments-2.20.0/tests/snippets/elpi/test_type.txt
pygments-2.20.0/tests/snippets/ezhil/test_function.txt
pygments-2.20.0/tests/snippets/ezhil/test_gcd_expr.txt
pygments-2.20.0/tests/snippets/ezhil/test_if_statement.txt
pygments-2.20.0/tests/snippets/ezhil/test_sum.txt
pygments-2.20.0/tests/snippets/fortran/test_string_cataback.txt
pygments-2.20.0/tests/snippets/gas/test_comments.txt
pygments-2.20.0/tests/snippets/gdscript/test_comment.txt
pygments-2.20.0/tests/snippets/gdscript/test_export_array.txt
pygments-2.20.0/tests/snippets/gdscript/test_function_with_types.txt
pygments-2.20.0/tests/snippets/gdscript/test_inner_class.txt
pygments-2.20.0/tests/snippets/gdscript/test_multiline_string.txt
pygments-2.20.0/tests/snippets/gdscript/test_signal.txt
pygments-2.20.0/tests/snippets/gdscript/test_simple_function.txt
pygments-2.20.0/tests/snippets/gdscript/test_variable_declaration_and_assigment.txt
pygments-2.20.0/tests/snippets/gleam/test_invalid_string.txt
pygments-2.20.0/tests/snippets/gleam/test_numbers.txt
pygments-2.20.0/tests/snippets/gleam/test_operators.txt
pygments-2.20.0/tests/snippets/gleam/test_punctuation.txt
pygments-2.20.0/tests/snippets/gleam/test_sample.txt
pygments-2.20.0/tests/snippets/gleam/test_strings.txt
pygments-2.20.0/tests/snippets/googlesql/googlesql_test.txt
pygments-2.20.0/tests/snippets/hare/hello-world.txt
pygments-2.20.0/tests/snippets/haskell/test_char_escape_literals.txt
pygments-2.20.0/tests/snippets/haskell/test_promoted_names.txt
pygments-2.20.0/tests/snippets/html/css.txt
pygments-2.20.0/tests/snippets/html/css_backtracking.txt
pygments-2.20.0/tests/snippets/html/javascript.txt
pygments-2.20.0/tests/snippets/html/javascript_backtracking.txt
pygments-2.20.0/tests/snippets/html/javascript_unclosed.txt
pygments-2.20.0/tests/snippets/html/multiline-comment-catastrophic-backtracking.txt
pygments-2.20.0/tests/snippets/http/test_application_calendar_xml.txt
pygments-2.20.0/tests/snippets/http/test_application_xml.txt
pygments-2.20.0/tests/snippets/http/test_http_status_line.txt
pygments-2.20.0/tests/snippets/http/test_http_status_line_without_reason_phrase.txt
pygments-2.20.0/tests/snippets/http/test_http_status_line_without_reason_phrase_rfc_7230.txt
pygments-2.20.0/tests/snippets/http/test_urlencoded.txt
pygments-2.20.0/tests/snippets/idris/test_compiler_directive.txt
pygments-2.20.0/tests/snippets/idris/test_reserved_word.txt
pygments-2.20.0/tests/snippets/ini/test_indented_entries_1.txt
pygments-2.20.0/tests/snippets/ini/test_indented_entries_2.txt
pygments-2.20.0/tests/snippets/ini/test_indented_entries_3.txt
pygments-2.20.0/tests/snippets/ini/test_quoted_entries.txt
pygments-2.20.0/tests/snippets/j/test_deal_operator.txt
pygments-2.20.0/tests/snippets/j/test_deal_operator_fixed_seed.txt
pygments-2.20.0/tests/snippets/janet/bool_lit-false.txt
pygments-2.20.0/tests/snippets/janet/bool_lit-true.txt
pygments-2.20.0/tests/snippets/janet/buf_lit-multiline.txt
pygments-2.20.0/tests/snippets/janet/buf_lit-simple.txt
pygments-2.20.0/tests/snippets/janet/buf_lit-with-escape.txt
pygments-2.20.0/tests/snippets/janet/buf_lit-with-hex-escape.txt
pygments-2.20.0/tests/snippets/janet/buf_lit-with-utf8-four-hex-digits-escape.txt
pygments-2.20.0/tests/snippets/janet/buf_lit-with-utf8-six-hex-digits-escape.txt
pygments-2.20.0/tests/snippets/janet/comment-multiple.txt
pygments-2.20.0/tests/snippets/janet/comment-simple.txt
pygments-2.20.0/tests/snippets/janet/kwd_lit-just-a-colon.txt
pygments-2.20.0/tests/snippets/janet/kwd_lit-just-two-colons.txt
pygments-2.20.0/tests/snippets/janet/kwd_lit-simple.txt
pygments-2.20.0/tests/snippets/janet/kwd_lit-with-leading-number.txt
pygments-2.20.0/tests/snippets/janet/long_buf_lit-more-than-one-backtick-per-delim.txt
pygments-2.20.0/tests/snippets/janet/long_buf_lit-simple.txt
pygments-2.20.0/tests/snippets/janet/long_str_lit-more-than-one-backtick-per-delim.txt
pygments-2.20.0/tests/snippets/janet/long_str_lit-simple.txt
pygments-2.20.0/tests/snippets/janet/nil_lit-the-only.txt
pygments-2.20.0/tests/snippets/janet/num_lit-double-with-exponent.txt
pygments-2.20.0/tests/snippets/janet/num_lit-double-with-negative-exponent.txt
pygments-2.20.0/tests/snippets/janet/num_lit-double-with-underscores.txt
pygments-2.20.0/tests/snippets/janet/num_lit-double.txt
pygments-2.20.0/tests/snippets/janet/num_lit-hex-with-fractional-part-and-underscores.txt
pygments-2.20.0/tests/snippets/janet/num_lit-hex-with-fractional-part.txt
pygments-2.20.0/tests/snippets/janet/num_lit-hex-with-underscores.txt
pygments-2.20.0/tests/snippets/janet/num_lit-hex.txt
pygments-2.20.0/tests/snippets/janet/num_lit-integer-ending-with-underscores.txt
pygments-2.20.0/tests/snippets/janet/num_lit-integer-with-sequential-underscores.txt
pygments-2.20.0/tests/snippets/janet/num_lit-integer-with-underscores.txt
pygments-2.20.0/tests/snippets/janet/num_lit-integer.txt
pygments-2.20.0/tests/snippets/janet/num_lit-negative-double.txt
pygments-2.20.0/tests/snippets/janet/num_lit-negative-hex.txt
pygments-2.20.0/tests/snippets/janet/num_lit-negative-integer.txt
pygments-2.20.0/tests/snippets/janet/num_lit-negative-radix.txt
pygments-2.20.0/tests/snippets/janet/num_lit-radix-with-exponent.txt
pygments-2.20.0/tests/snippets/janet/num_lit-radix.txt
pygments-2.20.0/tests/snippets/janet/num_lit-shouting-double-with-exponent.txt
pygments-2.20.0/tests/snippets/janet/par_arr_lit-empty.txt
pygments-2.20.0/tests/snippets/janet/par_arr_lit-recursive.txt
pygments-2.20.0/tests/snippets/janet/par_arr_lit-simple.txt
pygments-2.20.0/tests/snippets/janet/par_tup_lit-empty.txt
pygments-2.20.0/tests/snippets/janet/par_tup_lit-recurisve.txt
pygments-2.20.0/tests/snippets/janet/par_tup_lit-simple.txt
pygments-2.20.0/tests/snippets/janet/qq_lit-paren-tuple.txt
pygments-2.20.0/tests/snippets/janet/qq_lit-simple.txt
pygments-2.20.0/tests/snippets/janet/quote_lit-simple.txt
pygments-2.20.0/tests/snippets/janet/quote_lit-tuple.txt
pygments-2.20.0/tests/snippets/janet/short_fn_lit-call.txt
pygments-2.20.0/tests/snippets/janet/short_fn_lit-keyword.txt
pygments-2.20.0/tests/snippets/janet/short_fn_lit-number.txt
pygments-2.20.0/tests/snippets/janet/short_fn_lit-square-bracket-array.txt
pygments-2.20.0/tests/snippets/janet/short_fn_lit-square-bracket-tuple.txt
pygments-2.20.0/tests/snippets/janet/short_fn_lit-string.txt
pygments-2.20.0/tests/snippets/janet/short_fn_lit-struct.txt
pygments-2.20.0/tests/snippets/janet/short_fn_lit-symbol.txt
pygments-2.20.0/tests/snippets/janet/splice_lit-in-call.txt
pygments-2.20.0/tests/snippets/janet/sqr_arr_lit-empty.txt
pygments-2.20.0/tests/snippets/janet/sqr_arr_lit-recursive.txt
pygments-2.20.0/tests/snippets/janet/sqr_arr_lit-simple.txt
pygments-2.20.0/tests/snippets/janet/sqr_tup_lit-empty.txt
pygments-2.20.0/tests/snippets/janet/sqr_tup_lit-recursive.txt
pygments-2.20.0/tests/snippets/janet/sqr_tup_lit-simple.txt
pygments-2.20.0/tests/snippets/janet/str_lit-multiline.txt
pygments-2.20.0/tests/snippets/janet/str_lit-simple.txt
pygments-2.20.0/tests/snippets/janet/str_lit-with-escapes.txt
pygments-2.20.0/tests/snippets/janet/str_lit-with-hex-escape.txt
pygments-2.20.0/tests/snippets/janet/str_lit-with-utf8-four-hex-digits-escape.txt
pygments-2.20.0/tests/snippets/janet/str_lit-with-utf8-six-hex-digits-escape.txt
pygments-2.20.0/tests/snippets/janet/struct_lit-empty.txt
pygments-2.20.0/tests/snippets/janet/struct_lit-recursive.txt
pygments-2.20.0/tests/snippets/janet/struct_lit-simple.txt
pygments-2.20.0/tests/snippets/janet/sym_lit-alphabetic.txt
pygments-2.20.0/tests/snippets/janet/sym_lit-ear-muffs.txt
pygments-2.20.0/tests/snippets/janet/sym_lit-full-of-stars.txt
pygments-2.20.0/tests/snippets/janet/sym_lit-kebab-case.txt
pygments-2.20.0/tests/snippets/janet/sym_lit-legal-but-hard-to-read.txt
pygments-2.20.0/tests/snippets/janet/sym_lit-name-with-module-name.txt
pygments-2.20.0/tests/snippets/janet/sym_lit-snake-case.txt
pygments-2.20.0/tests/snippets/janet/tbl_lit-empty.txt
pygments-2.20.0/tests/snippets/janet/tbl_lit-recursive.txt
pygments-2.20.0/tests/snippets/janet/tbl_lit-simple.txt
pygments-2.20.0/tests/snippets/janet/unquote_lit-in-compile-call.txt
pygments-2.20.0/tests/snippets/janet/unquote_lit-in-quasiquote.txt
pygments-2.20.0/tests/snippets/java/test_backtracking.txt
pygments-2.20.0/tests/snippets/java/test_default.txt
pygments-2.20.0/tests/snippets/java/test_enhanced_for.txt
pygments-2.20.0/tests/snippets/java/test_multiline_string.txt
pygments-2.20.0/tests/snippets/java/test_multiline_string_only.txt
pygments-2.20.0/tests/snippets/java/test_numeric_literals.txt
pygments-2.20.0/tests/snippets/java/test_question_mark_type.txt
pygments-2.20.0/tests/snippets/java/test_record.txt
pygments-2.20.0/tests/snippets/java/test_string_literals.txt
pygments-2.20.0/tests/snippets/javascript/test_binary_literal_negative_matches.txt
pygments-2.20.0/tests/snippets/javascript/test_binary_literal_positive_matches.txt
pygments-2.20.0/tests/snippets/javascript/test_float_literals_negative_matches.txt
pygments-2.20.0/tests/snippets/javascript/test_float_literals_positive_matches.txt
pygments-2.20.0/tests/snippets/javascript/test_hexadecimal_literal_negative_matches.txt
pygments-2.20.0/tests/snippets/javascript/test_hexadecimal_literal_positive_matches.txt
pygments-2.20.0/tests/snippets/javascript/test_integer_literal_negative_matches.txt
pygments-2.20.0/tests/snippets/javascript/test_integer_literal_positive_matches.txt
pygments-2.20.0/tests/snippets/javascript/test_octal_literal_negative_matches.txt
pygments-2.20.0/tests/snippets/javascript/test_octal_literal_positive_matches.txt
pygments-2.20.0/tests/snippets/js/2671.txt
pygments-2.20.0/tests/snippets/js/super.txt
pygments-2.20.0/tests/snippets/jslt/test_sample.txt
pygments-2.20.0/tests/snippets/json/test_arrays.txt
pygments-2.20.0/tests/snippets/json/test_backtracking.txt
pygments-2.20.0/tests/snippets/json/test_basic.txt
pygments-2.20.0/tests/snippets/json/test_basic_bare.txt
pygments-2.20.0/tests/snippets/json/test_comments.txt
pygments-2.20.0/tests/snippets/json/test_constants.txt
pygments-2.20.0/tests/snippets/json/test_escape_sequences.txt
pygments-2.20.0/tests/snippets/json/test_floats.txt
pygments-2.20.0/tests/snippets/json/test_integers.txt
pygments-2.20.0/tests/snippets/json/test_objects.txt
pygments-2.20.0/tests/snippets/json/test_round_trip.txt
pygments-2.20.0/tests/snippets/json/test_strings.txt
pygments-2.20.0/tests/snippets/json/test_whitespace.txt
pygments-2.20.0/tests/snippets/json5/test_arrays.txt
pygments-2.20.0/tests/snippets/json5/test_example.txt
pygments-2.20.0/tests/snippets/json5/test_numbers.txt
pygments-2.20.0/tests/snippets/json5/test_objects.txt
pygments-2.20.0/tests/snippets/jsonld/test_json_ld.txt
pygments-2.20.0/tests/snippets/jsx/test_aria_attribute.txt
pygments-2.20.0/tests/snippets/jsx/test_arrow_function_attribute.txt
pygments-2.20.0/tests/snippets/jsx/test_fragment.txt
pygments-2.20.0/tests/snippets/jsx/test_function_returning_jsx.text
pygments-2.20.0/tests/snippets/jsx/test_multiple_attributes.txt
pygments-2.20.0/tests/snippets/jsx/test_object_attribute.txt
pygments-2.20.0/tests/snippets/jsx/test_short_syntax.txt
pygments-2.20.0/tests/snippets/julia/test_keywords.txt
pygments-2.20.0/tests/snippets/julia/test_macros.txt
pygments-2.20.0/tests/snippets/julia/test_names.txt
pygments-2.20.0/tests/snippets/julia/test_numbers.txt
pygments-2.20.0/tests/snippets/julia/test_operators.txt
pygments-2.20.0/tests/snippets/julia/test_strings.txt
pygments-2.20.0/tests/snippets/julia/test_symbols.txt
pygments-2.20.0/tests/snippets/julia/test_types.txt
pygments-2.20.0/tests/snippets/julia/test_unicode.txt
pygments-2.20.0/tests/snippets/julia-repl/test_repl.txt
pygments-2.20.0/tests/snippets/kotlin/test_can_cope_generics_in_destructuring.txt
pygments-2.20.0/tests/snippets/kotlin/test_can_cope_with_backtick_names_in_functions.txt
pygments-2.20.0/tests/snippets/kotlin/test_can_cope_with_commas_and_dashes_in_backtick_Names.txt
pygments-2.20.0/tests/snippets/kotlin/test_can_cope_with_destructuring.txt
pygments-2.20.0/tests/snippets/kotlin/test_can_cope_with_generics.txt
pygments-2.20.0/tests/snippets/kotlin/test_modifier_keyword.txt
pygments-2.20.0/tests/snippets/kotlin/test_should_cope_with_multiline_comments.txt
pygments-2.20.0/tests/snippets/kotlin/test_string_interpolation.txt
pygments-2.20.0/tests/snippets/kusto/test_kusto.txt
pygments-2.20.0/tests/snippets/less/test_single_line_comments.txt
pygments-2.20.0/tests/snippets/llvm/test_constants.txt
pygments-2.20.0/tests/snippets/llvm/test_vectors.txt
pygments-2.20.0/tests/snippets/lua/test_no_hang_comments.txt
pygments-2.20.0/tests/snippets/markdown/test_code.txt
pygments-2.20.0/tests/snippets/markdown/test_headings.txt
pygments-2.20.0/tests/snippets/markdown/test_invalid_code.txt
pygments-2.20.0/tests/snippets/markdown/test_setext_headings.txt
pygments-2.20.0/tests/snippets/markdown/test_setext_subheadings.txt
pygments-2.20.0/tests/snippets/markdown/test_subheadings.txt
pygments-2.20.0/tests/snippets/mason/test_handles_tags_correctly.txt
pygments-2.20.0/tests/snippets/matlab/test_classes_with_properties.txt
pygments-2.20.0/tests/snippets/matlab/test_command_mode.txt
pygments-2.20.0/tests/snippets/matlab/test_comment_after_continuation.txt
pygments-2.20.0/tests/snippets/matlab/test_dot_operator.txt
pygments-2.20.0/tests/snippets/matlab/test_keywords_ended_by_newline.txt
pygments-2.20.0/tests/snippets/matlab/test_line_continuation.txt
pygments-2.20.0/tests/snippets/matlab/test_multiple_spaces_variable_assignment.txt
pygments-2.20.0/tests/snippets/matlab/test_one_space_assignment.txt
pygments-2.20.0/tests/snippets/matlab/test_operator_multiple_space.txt
pygments-2.20.0/tests/snippets/matlab/test_single_line.txt
pygments-2.20.0/tests/snippets/matlabsession/test_wrong_continuation.txt
pygments-2.20.0/tests/snippets/mcfunction/commenting.txt
pygments-2.20.0/tests/snippets/mcfunction/coordinates.txt
pygments-2.20.0/tests/snippets/mcfunction/data.txt
pygments-2.20.0/tests/snippets/mcfunction/difficult_1.txt
pygments-2.20.0/tests/snippets/mcfunction/multiline.txt
pygments-2.20.0/tests/snippets/mcfunction/selectors.txt
pygments-2.20.0/tests/snippets/mcfunction/simple.txt
pygments-2.20.0/tests/snippets/md/test_bold_fenced_by_asterisk.txt
pygments-2.20.0/tests/snippets/md/test_bold_fenced_by_underscore.txt
pygments-2.20.0/tests/snippets/md/test_bulleted_list_1.txt
pygments-2.20.0/tests/snippets/md/test_bulleted_list_2.txt
pygments-2.20.0/tests/snippets/md/test_bulleted_list_3.txt
pygments-2.20.0/tests/snippets/md/test_bulleted_list_4.txt
pygments-2.20.0/tests/snippets/md/test_code_block_fenced_by_backticks.txt
pygments-2.20.0/tests/snippets/md/test_code_block_with_language.txt
pygments-2.20.0/tests/snippets/md/test_escape_italics.txt
pygments-2.20.0/tests/snippets/md/test_inline_code.txt
pygments-2.20.0/tests/snippets/md/test_inline_code_after_block.txt
pygments-2.20.0/tests/snippets/md/test_inline_code_in_list.txt
pygments-2.20.0/tests/snippets/md/test_invalid_bold.txt
pygments-2.20.0/tests/snippets/md/test_invalid_italics.txt
pygments-2.20.0/tests/snippets/md/test_italics_and_bold.txt
pygments-2.20.0/tests/snippets/md/test_italics_fenced_by_asterisk.txt
pygments-2.20.0/tests/snippets/md/test_italics_fenced_by_underscore.txt
pygments-2.20.0/tests/snippets/md/test_italics_no_multiline.txt
pygments-2.20.0/tests/snippets/md/test_links.txt
pygments-2.20.0/tests/snippets/md/test_mentions.txt
pygments-2.20.0/tests/snippets/md/test_numbered_list.txt
pygments-2.20.0/tests/snippets/md/test_quote.txt
pygments-2.20.0/tests/snippets/md/test_reference_style_links.txt
pygments-2.20.0/tests/snippets/md/test_strikethrough.txt
pygments-2.20.0/tests/snippets/md/test_task_list.txt
pygments-2.20.0/tests/snippets/md/test_topics.txt
pygments-2.20.0/tests/snippets/mips/deprecated_substrings.txt
pygments-2.20.0/tests/snippets/mips/keyword_substrings.txt
pygments-2.20.0/tests/snippets/mips/variable_substrings.txt
pygments-2.20.0/tests/snippets/mojo/test_floats.txt
pygments-2.20.0/tests/snippets/mojo/test_kw.txt
pygments-2.20.0/tests/snippets/mojo/test_needs_name.txt
pygments-2.20.0/tests/snippets/mojo/test_soft_kwds.txt
pygments-2.20.0/tests/snippets/moon/test_string_interpolation.txt
pygments-2.20.0/tests/snippets/nasm/checkid.txt
pygments-2.20.0/tests/snippets/nix/basic_values.txt
pygments-2.20.0/tests/snippets/nix/built_in.txt
pygments-2.20.0/tests/snippets/nix/comments.txt
pygments-2.20.0/tests/snippets/nix/compound_values.txt
pygments-2.20.0/tests/snippets/nix/computed_property_names.txt
pygments-2.20.0/tests/snippets/nix/control_structures.txt
pygments-2.20.0/tests/snippets/nix/floats.txt
pygments-2.20.0/tests/snippets/nix/functions.txt
pygments-2.20.0/tests/snippets/nix/operators.txt
pygments-2.20.0/tests/snippets/nix/string_escape.txt
pygments-2.20.0/tests/snippets/numbair/test_numba_ir_snippet.txt
pygments-2.20.0/tests/snippets/objectivec/test_literal_number_bool.txt
pygments-2.20.0/tests/snippets/objectivec/test_literal_number_bool_expression.txt
pygments-2.20.0/tests/snippets/objectivec/test_literal_number_expression.txt
pygments-2.20.0/tests/snippets/objectivec/test_literal_number_int.txt
pygments-2.20.0/tests/snippets/objectivec/test_literal_number_nested_expression.txt
pygments-2.20.0/tests/snippets/objectivec/test_module_import.txt
pygments-2.20.0/tests/snippets/octave/test_multilinecomment.txt
pygments-2.20.0/tests/snippets/omg-idl/annotation_named_params.txt
pygments-2.20.0/tests/snippets/omg-idl/enumerators.txt
pygments-2.20.0/tests/snippets/openscad/test_basic.txt
pygments-2.20.0/tests/snippets/peg/test_basic.txt
pygments-2.20.0/tests/snippets/peg/test_modified_strings.txt
pygments-2.20.0/tests/snippets/peg/test_operators.txt
pygments-2.20.0/tests/snippets/php/anonymous_class.txt
pygments-2.20.0/tests/snippets/php/attributes.txt
pygments-2.20.0/tests/snippets/php/test_backslashes_in_strings.txt
pygments-2.20.0/tests/snippets/php/test_string_escaping_run.txt
pygments-2.20.0/tests/snippets/php/variable_variable.txt
pygments-2.20.0/tests/snippets/powershell/test_colon_punctuation.txt
pygments-2.20.0/tests/snippets/powershell/test_remoting_session.txt
pygments-2.20.0/tests/snippets/powershell/test_session.txt
pygments-2.20.0/tests/snippets/praat/test_broken_unquoted_string.txt
pygments-2.20.0/tests/snippets/praat/test_function_call.txt
pygments-2.20.0/tests/snippets/praat/test_inline_if.txt
pygments-2.20.0/tests/snippets/praat/test_interpolated_indexed_numeric_with_precision.txt
pygments-2.20.0/tests/snippets/praat/test_interpolated_local_numeric_with_precision.txt
pygments-2.20.0/tests/snippets/praat/test_interpolated_numeric_hash.txt
pygments-2.20.0/tests/snippets/praat/test_interpolated_numeric_indexed.txt
pygments-2.20.0/tests/snippets/praat/test_interpolated_numeric_with_precision.txt
pygments-2.20.0/tests/snippets/praat/test_interpolated_string_hash.txt
pygments-2.20.0/tests/snippets/praat/test_interpolated_string_indexed.txt
pygments-2.20.0/tests/snippets/praat/test_interpolation_boundary.txt
pygments-2.20.0/tests/snippets/praat/test_numeric_assignment.txt
pygments-2.20.0/tests/snippets/praat/test_string_assignment.txt
pygments-2.20.0/tests/snippets/praat/test_string_escaped_quotes.txt
pygments-2.20.0/tests/snippets/procfile/test_basic.txt
pygments-2.20.0/tests/snippets/promela/do.txt
pygments-2.20.0/tests/snippets/promela/dotted-assign.txt
pygments-2.20.0/tests/snippets/promela/if.txt
pygments-2.20.0/tests/snippets/promela/intruder.txt
pygments-2.20.0/tests/snippets/promela/ltl.txt
pygments-2.20.0/tests/snippets/promela/msg.txt
pygments-2.20.0/tests/snippets/promela/skip.txt
pygments-2.20.0/tests/snippets/promela/welfare.txt
pygments-2.20.0/tests/snippets/promql/test_complex_exp_single_quotes.txt
pygments-2.20.0/tests/snippets/promql/test_expression_and_comment.txt
pygments-2.20.0/tests/snippets/promql/test_function_delta.txt
pygments-2.20.0/tests/snippets/promql/test_function_multi_line.txt
pygments-2.20.0/tests/snippets/promql/test_function_multi_line_with_offset.txt
pygments-2.20.0/tests/snippets/promql/test_function_sum_with_args.txt
pygments-2.20.0/tests/snippets/promql/test_matching_operator_no_regex_match.txt
pygments-2.20.0/tests/snippets/promql/test_metric.txt
pygments-2.20.0/tests/snippets/promql/test_metric_multiple_labels.txt
pygments-2.20.0/tests/snippets/promql/test_metric_multiple_labels_with_spaces.txt
pygments-2.20.0/tests/snippets/promql/test_metric_one_label.txt
pygments-2.20.0/tests/snippets/properties/test_comments.txt
pygments-2.20.0/tests/snippets/properties/test_escaped_space_in_key.txt
pygments-2.20.0/tests/snippets/properties/test_escaped_space_in_value.txt
pygments-2.20.0/tests/snippets/properties/test_just_key.txt
pygments-2.20.0/tests/snippets/properties/test_just_key_with_space.txt
pygments-2.20.0/tests/snippets/properties/test_leading_whitespace_comments.txt
pygments-2.20.0/tests/snippets/properties/test_space_delimited_kv_pair.txt
pygments-2.20.0/tests/snippets/prql/filename.txt
pygments-2.20.0/tests/snippets/prql/fstring.txt
pygments-2.20.0/tests/snippets/prql/rstring.txt
pygments-2.20.0/tests/snippets/prql/sstring.txt
pygments-2.20.0/tests/snippets/ptx/test_ptx_snippet.txt
pygments-2.20.0/tests/snippets/pwsh-session/test_continuation.txt
pygments-2.20.0/tests/snippets/pycon/broken_tb.txt
pygments-2.20.0/tests/snippets/pycon/multiple_tb.txt
pygments-2.20.0/tests/snippets/pycon/unterminated_tb.txt
pygments-2.20.0/tests/snippets/python/test_bytes_escape_codes.txt
pygments-2.20.0/tests/snippets/python/test_floats.txt
pygments-2.20.0/tests/snippets/python/test_fstring_01a.txt
pygments-2.20.0/tests/snippets/python/test_fstring_01b.txt
pygments-2.20.0/tests/snippets/python/test_fstring_02a.txt
pygments-2.20.0/tests/snippets/python/test_fstring_02b.txt
pygments-2.20.0/tests/snippets/python/test_fstring_03a.txt
pygments-2.20.0/tests/snippets/python/test_fstring_03b.txt
pygments-2.20.0/tests/snippets/python/test_fstring_04a.txt
pygments-2.20.0/tests/snippets/python/test_fstring_04b.txt
pygments-2.20.0/tests/snippets/python/test_fstring_05a.txt
pygments-2.20.0/tests/snippets/python/test_fstring_05b.txt
pygments-2.20.0/tests/snippets/python/test_fstring_06a.txt
pygments-2.20.0/tests/snippets/python/test_fstring_06b.txt
pygments-2.20.0/tests/snippets/python/test_fstring_07a.txt
pygments-2.20.0/tests/snippets/python/test_fstring_07b.txt
pygments-2.20.0/tests/snippets/python/test_fstring_08a.txt
pygments-2.20.0/tests/snippets/python/test_fstring_08b.txt
pygments-2.20.0/tests/snippets/python/test_fstring_09a.txt
pygments-2.20.0/tests/snippets/python/test_fstring_09b.txt
pygments-2.20.0/tests/snippets/python/test_fstring_10a.txt
pygments-2.20.0/tests/snippets/python/test_fstring_10b.txt
pygments-2.20.0/tests/snippets/python/test_fstring_11a.txt
pygments-2.20.0/tests/snippets/python/test_fstring_11b.txt
pygments-2.20.0/tests/snippets/python/test_fstring_12a.txt
pygments-2.20.0/tests/snippets/python/test_fstring_12b.txt
pygments-2.20.0/tests/snippets/python/test_fstring_13a.txt
pygments-2.20.0/tests/snippets/python/test_fstring_13b.txt
pygments-2.20.0/tests/snippets/python/test_fstring_14a.txt
pygments-2.20.0/tests/snippets/python/test_fstring_14b.txt
pygments-2.20.0/tests/snippets/python/test_fstring_15a.txt
pygments-2.20.0/tests/snippets/python/test_fstring_15b.txt
pygments-2.20.0/tests/snippets/python/test_fstring_16a.txt
pygments-2.20.0/tests/snippets/python/test_fstring_16b.txt
pygments-2.20.0/tests/snippets/python/test_fstring_17a.txt
pygments-2.20.0/tests/snippets/python/test_fstring_17b.txt
pygments-2.20.0/tests/snippets/python/test_fstring_18a.txt
pygments-2.20.0/tests/snippets/python/test_fstring_18b.txt
pygments-2.20.0/tests/snippets/python/test_fstring_19a.txt
pygments-2.20.0/tests/snippets/python/test_fstring_19b.txt
pygments-2.20.0/tests/snippets/python/test_fstring_20a.txt
pygments-2.20.0/tests/snippets/python/test_fstring_20b.txt
pygments-2.20.0/tests/snippets/python/test_fstring_21a.txt
pygments-2.20.0/tests/snippets/python/test_fstring_21b.txt
pygments-2.20.0/tests/snippets/python/test_fstring_22a.txt
pygments-2.20.0/tests/snippets/python/test_fstring_22b.txt
pygments-2.20.0/tests/snippets/python/test_fstring_23a.txt
pygments-2.20.0/tests/snippets/python/test_fstring_23b.txt
pygments-2.20.0/tests/snippets/python/test_fstring_24a.txt
pygments-2.20.0/tests/snippets/python/test_fstring_24b.txt
pygments-2.20.0/tests/snippets/python/test_fstring_25a.txt
pygments-2.20.0/tests/snippets/python/test_fstring_25b.txt
pygments-2.20.0/tests/snippets/python/test_fstring_26a.txt
pygments-2.20.0/tests/snippets/python/test_fstring_26b.txt
pygments-2.20.0/tests/snippets/python/test_fstring_27a.txt
pygments-2.20.0/tests/snippets/python/test_fstring_27b.txt
pygments-2.20.0/tests/snippets/python/test_fstring_28a.txt
pygments-2.20.0/tests/snippets/python/test_fstring_28b.txt
pygments-2.20.0/tests/snippets/python/test_fstring_29a.txt
pygments-2.20.0/tests/snippets/python/test_fstring_29b.txt
pygments-2.20.0/tests/snippets/python/test_fstring_30a.txt
pygments-2.20.0/tests/snippets/python/test_fstring_30b.txt
pygments-2.20.0/tests/snippets/python/test_fstring_31a.txt
pygments-2.20.0/tests/snippets/python/test_fstring_31b.txt
pygments-2.20.0/tests/snippets/python/test_fstring_32a.txt
pygments-2.20.0/tests/snippets/python/test_fstring_32b.txt
pygments-2.20.0/tests/snippets/python/test_fstring_33a.txt
pygments-2.20.0/tests/snippets/python/test_fstring_33b.txt
pygments-2.20.0/tests/snippets/python/test_fstring_34a.txt
pygments-2.20.0/tests/snippets/python/test_fstring_34b.txt
pygments-2.20.0/tests/snippets/python/test_fstring_35a.txt
pygments-2.20.0/tests/snippets/python/test_fstring_35b.txt
pygments-2.20.0/tests/snippets/python/test_fstring_36a.txt
pygments-2.20.0/tests/snippets/python/test_fstring_36b.txt
pygments-2.20.0/tests/snippets/python/test_needs_name.txt
pygments-2.20.0/tests/snippets/python/test_pep_515.txt
pygments-2.20.0/tests/snippets/python/test_raw_fstring.txt
pygments-2.20.0/tests/snippets/python/test_raw_tstring.txt
pygments-2.20.0/tests/snippets/python/test_soft_kwds.txt
pygments-2.20.0/tests/snippets/python/test_string_escape_codes.txt
pygments-2.20.0/tests/snippets/python/test_tstring_a.txt
pygments-2.20.0/tests/snippets/python/test_tstring_b.txt
pygments-2.20.0/tests/snippets/python/test_walrus_operator.txt
pygments-2.20.0/tests/snippets/python2/test_cls_builtin.txt
pygments-2.20.0/tests/snippets/qbasic/test_keywords_with_dollar.txt
pygments-2.20.0/tests/snippets/r/test_call.txt
pygments-2.20.0/tests/snippets/r/test_custom_operator.txt
pygments-2.20.0/tests/snippets/r/test_dot_indexing.txt
pygments-2.20.0/tests/snippets/r/test_dot_name.txt
pygments-2.20.0/tests/snippets/r/test_indexing.txt
pygments-2.20.0/tests/snippets/r/test_name1.txt
pygments-2.20.0/tests/snippets/r/test_name2.txt
pygments-2.20.0/tests/snippets/r/test_name3.txt
pygments-2.20.0/tests/snippets/rego/test_assignment_and_equality.txt
pygments-2.20.0/tests/snippets/rego/test_builtin_functions.txt
pygments-2.20.0/tests/snippets/rego/test_for_all.txt
pygments-2.20.0/tests/snippets/rego/test_iteration.txt
pygments-2.20.0/tests/snippets/rego/test_lookup.txt
pygments-2.20.0/tests/snippets/rego/test_rules.txt
pygments-2.20.0/tests/snippets/robotframework/test_basic.txt
pygments-2.20.0/tests/snippets/ruby/test_escaped_bracestring.txt
pygments-2.20.0/tests/snippets/ruby/test_interpolation_nested_curly.txt
pygments-2.20.0/tests/snippets/ruby/test_operator_methods.txt
pygments-2.20.0/tests/snippets/ruby/test_range_syntax1.txt
pygments-2.20.0/tests/snippets/ruby/test_range_syntax2.txt
pygments-2.20.0/tests/snippets/ruby/test_range_syntax3.txt
pygments-2.20.0/tests/snippets/rust/test_attribute.txt
pygments-2.20.0/tests/snippets/rust/test_break.txt
pygments-2.20.0/tests/snippets/rust/test_func.txt
pygments-2.20.0/tests/snippets/rust/test_rawstrings.txt
pygments-2.20.0/tests/snippets/rust/test_struct.txt
pygments-2.20.0/tests/snippets/rust/test_use.txt
pygments-2.20.0/tests/snippets/scala/test_colon_colon_function_name.txt
pygments-2.20.0/tests/snippets/scala/test_default_parameter.txt
pygments-2.20.0/tests/snippets/scala/test_end_val.txt
pygments-2.20.0/tests/snippets/scala/test_end_valx.txt
pygments-2.20.0/tests/snippets/scala/test_float_with_exponents.txt
pygments-2.20.0/tests/snippets/scala/test_function_operator_name.txt
pygments-2.20.0/tests/snippets/scala/test_import_path.txt
pygments-2.20.0/tests/snippets/scala/test_invalid_symbol_and_invalid_char.txt
pygments-2.20.0/tests/snippets/scala/test_open_soft_keyword.txt
pygments-2.20.0/tests/snippets/scala/test_package_name.txt
pygments-2.20.0/tests/snippets/scala/test_prepend_operator.txt
pygments-2.20.0/tests/snippets/scala/test_qualified_name.txt
pygments-2.20.0/tests/snippets/scala/test_qualified_name_class.txt
pygments-2.20.0/tests/snippets/scala/test_script_header.txt
pygments-2.20.0/tests/snippets/scala/test_symbol_followed_by_op.txt
pygments-2.20.0/tests/snippets/scala/test_symbol_name_ending_with_star.txt
pygments-2.20.0/tests/snippets/scala/test_underscore_name.txt
pygments-2.20.0/tests/snippets/scheme/keywords.txt
pygments-2.20.0/tests/snippets/scheme/numbers.txt
pygments-2.20.0/tests/snippets/scheme/strings.txt
pygments-2.20.0/tests/snippets/shell/test_array_nums.txt
pygments-2.20.0/tests/snippets/shell/test_curly_no_escape_and_quotes.txt
pygments-2.20.0/tests/snippets/shell/test_curly_with_escape.txt
pygments-2.20.0/tests/snippets/shell/test_end_of_line_nums.txt
pygments-2.20.0/tests/snippets/shell/test_math.txt
pygments-2.20.0/tests/snippets/shell/test_parsed_single.txt
pygments-2.20.0/tests/snippets/shell/test_short_variable_names.txt
pygments-2.20.0/tests/snippets/shexc/test_prefixed_name_starting_with_number.txt
pygments-2.20.0/tests/snippets/smarty/test_nested_curly.txt
pygments-2.20.0/tests/snippets/snbt/json.txt
pygments-2.20.0/tests/snippets/snbt/literals.txt
pygments-2.20.0/tests/snippets/snbt/multiline.txt
pygments-2.20.0/tests/snippets/snbt/nesting.txt
pygments-2.20.0/tests/snippets/snbt/quoted_keys.txt
pygments-2.20.0/tests/snippets/soong/test_comments.txt
pygments-2.20.0/tests/snippets/soong/test_modules.txt
pygments-2.20.0/tests/snippets/soong/test_variable_assignment_after_module.txt
pygments-2.20.0/tests/snippets/soong/test_variable_assignments.txt
pygments-2.20.0/tests/snippets/swift/strings.txt
pygments-2.20.0/tests/snippets/systemd/example1.txt
pygments-2.20.0/tests/snippets/systemverilog/test_basic.txt
pygments-2.20.0/tests/snippets/systemverilog/test_classes.txt
pygments-2.20.0/tests/snippets/systemverilog/test_numbers.txt
pygments-2.20.0/tests/snippets/systemverilog/test_operators.txt
pygments-2.20.0/tests/snippets/tablegen/test_bang_operators.txt
pygments-2.20.0/tests/snippets/tablegen/test_code_blocks.txt
pygments-2.20.0/tests/snippets/tablegen/test_comments.txt
pygments-2.20.0/tests/snippets/tablegen/test_identifiers.txt
pygments-2.20.0/tests/snippets/tablegen/test_keywords.txt
pygments-2.20.0/tests/snippets/tablegen/test_numeric_literals.txt
pygments-2.20.0/tests/snippets/tablegen/test_punctuation.txt
pygments-2.20.0/tests/snippets/tablegen/test_strings.txt
pygments-2.20.0/tests/snippets/tcl/test_comma_and_at.txt
pygments-2.20.0/tests/snippets/tcl/test_vars.txt
pygments-2.20.0/tests/snippets/teal/test_comments.txt
pygments-2.20.0/tests/snippets/teal/test_literals.txt
pygments-2.20.0/tests/snippets/teal/test_strings.txt
pygments-2.20.0/tests/snippets/terraform/test_attributes.txt
pygments-2.20.0/tests/snippets/terraform/test_backend.txt
pygments-2.20.0/tests/snippets/terraform/test_comment.txt
pygments-2.20.0/tests/snippets/terraform/test_functions.txt
pygments-2.20.0/tests/snippets/terraform/test_heredoc.txt
pygments-2.20.0/tests/snippets/terraform/test_module.txt
pygments-2.20.0/tests/snippets/terraform/test_resource.txt
pygments-2.20.0/tests/snippets/terraform/test_types.txt
pygments-2.20.0/tests/snippets/terraform/test_variable_declaration.txt
pygments-2.20.0/tests/snippets/terraform/test_variable_read.txt
pygments-2.20.0/tests/snippets/tex/test_basic.txt
pygments-2.20.0/tests/snippets/tex/test_math.txt
pygments-2.20.0/tests/snippets/thingsdb/basic.txt
pygments-2.20.0/tests/snippets/toml/bool-comment.txt
pygments-2.20.0/tests/snippets/toml/comment-section-header.txt
pygments-2.20.0/tests/snippets/toml/multiline-string-comment.txt
pygments-2.20.0/tests/snippets/toml/number-keys.txt
pygments-2.20.0/tests/snippets/toml/section-header-whitespace.txt
pygments-2.20.0/tests/snippets/toml/string-escapes.txt
pygments-2.20.0/tests/snippets/toml/strings-eager.txt
pygments-2.20.0/tests/snippets/toml/table-header-string.txt
pygments-2.20.0/tests/snippets/toml/toml-1.1.0.txt
pygments-2.20.0/tests/snippets/tsql/test_single_line_comment.txt
pygments-2.20.0/tests/snippets/turtle/test_prefixed_name_starting_with_number.txt
pygments-2.20.0/tests/snippets/typescript/2671.txt
pygments-2.20.0/tests/snippets/typescript/test_function_definition.txt
pygments-2.20.0/tests/snippets/typst/headings.txt
pygments-2.20.0/tests/snippets/typst/imports.txt
pygments-2.20.0/tests/snippets/typst/literals.txt
pygments-2.20.0/tests/snippets/typst/nesting_1.txt
pygments-2.20.0/tests/snippets/typst/nesting_10.txt
pygments-2.20.0/tests/snippets/typst/nesting_11.txt
pygments-2.20.0/tests/snippets/typst/nesting_12.txt
pygments-2.20.0/tests/snippets/typst/nesting_2.txt
pygments-2.20.0/tests/snippets/typst/nesting_3.txt
pygments-2.20.0/tests/snippets/typst/nesting_4.txt
pygments-2.20.0/tests/snippets/typst/nesting_5.txt
pygments-2.20.0/tests/snippets/typst/nesting_6.txt
pygments-2.20.0/tests/snippets/typst/nesting_7.txt
pygments-2.20.0/tests/snippets/typst/nesting_8.txt
pygments-2.20.0/tests/snippets/typst/nesting_9.txt
pygments-2.20.0/tests/snippets/typst/numbered_list.txt
pygments-2.20.0/tests/snippets/typst/numbers.txt
pygments-2.20.0/tests/snippets/typst/reference_math.txt
pygments-2.20.0/tests/snippets/unixconfig/etc_group.txt
pygments-2.20.0/tests/snippets/unixconfig/etc_passwd.txt
pygments-2.20.0/tests/snippets/unixconfig/etc_shadow.txt
pygments-2.20.0/tests/snippets/urlencoded/example.txt
pygments-2.20.0/tests/snippets/usd/basic.txt
pygments-2.20.0/tests/snippets/usd/test_attribute.txt
pygments-2.20.0/tests/snippets/usd/test_composition_arcs.txt
pygments-2.20.0/tests/snippets/usd/test_metadata.txt
pygments-2.20.0/tests/snippets/usd/test_numbers.txt
pygments-2.20.0/tests/snippets/usd/test_outer_match_at_sign.txt
pygments-2.20.0/tests/snippets/usd/test_outer_match_double.txt
pygments-2.20.0/tests/snippets/usd/test_outer_match_single.txt
pygments-2.20.0/tests/snippets/usd/test_string_multiple_line.txt
pygments-2.20.0/tests/snippets/usd/test_string_priority.txt
pygments-2.20.0/tests/snippets/usd/test_string_single_line.txt
pygments-2.20.0/tests/snippets/vbscript/test_floats.txt
pygments-2.20.0/tests/snippets/vbscript/test_floats_multiple.txt
pygments-2.20.0/tests/snippets/vbscript/test_integers.txt
pygments-2.20.0/tests/snippets/vbscript/test_invalid_character.txt
pygments-2.20.0/tests/snippets/vbscript/test_names.txt
pygments-2.20.0/tests/snippets/vbscript/test_reject_almost_float.txt
pygments-2.20.0/tests/snippets/vbscript/test_unterminated_string.txt
pygments-2.20.0/tests/snippets/vyper/test.txt
pygments-2.20.0/tests/snippets/wat/test_align_and_offset_accept_hexadecimal_numbers.txt
pygments-2.20.0/tests/snippets/wat/test_comment_with_open_paren.txt
pygments-2.20.0/tests/snippets/wat/test_comment_with_semicolon.txt
pygments-2.20.0/tests/snippets/wat/test_i32_const_is_builtin.txt
pygments-2.20.0/tests/snippets/wat/test_multiline_comment.txt
pygments-2.20.0/tests/snippets/wat/test_nested_comment.txt
pygments-2.20.0/tests/snippets/wat/test_string_byte_escape.txt
pygments-2.20.0/tests/snippets/wat/test_string_with_escape.txt
pygments-2.20.0/tests/snippets/wat/test_variable_name_pattern.txt
pygments-2.20.0/tests/snippets/wgsl/address-space.txt
pygments-2.20.0/tests/snippets/wgsl/attribute.txt
pygments-2.20.0/tests/snippets/wgsl/block-comment.txt
pygments-2.20.0/tests/snippets/wgsl/bool-types.txt
pygments-2.20.0/tests/snippets/wgsl/const-numbers.txt
pygments-2.20.0/tests/snippets/wgsl/depth-texture.txt
pygments-2.20.0/tests/snippets/wgsl/external-texture.txt
pygments-2.20.0/tests/snippets/wgsl/line-comment.txt
pygments-2.20.0/tests/snippets/wgsl/multisampled-texture.txt
pygments-2.20.0/tests/snippets/wgsl/numeric-types.txt
pygments-2.20.0/tests/snippets/wgsl/sampled-texture.txt
pygments-2.20.0/tests/snippets/wgsl/storage-texture.txt
pygments-2.20.0/tests/snippets/wgsl/texel-formats.txt
pygments-2.20.0/tests/snippets/wgsl/tiny-render.txt
pygments-2.20.0/tests/snippets/wgsl/type-generators.txt
pygments-2.20.0/tests/snippets/whiley/test_whiley_operator.txt
pygments-2.20.0/tests/snippets/wikitext/bold-italic.txt
pygments-2.20.0/tests/snippets/wikitext/entity.txt
pygments-2.20.0/tests/snippets/wikitext/extlink.txt
pygments-2.20.0/tests/snippets/wikitext/heading.txt
pygments-2.20.0/tests/snippets/wikitext/hr.txt
pygments-2.20.0/tests/snippets/wikitext/html.txt
pygments-2.20.0/tests/snippets/wikitext/language-converter.txt
pygments-2.20.0/tests/snippets/wikitext/list.txt
pygments-2.20.0/tests/snippets/wikitext/magic-link.txt
pygments-2.20.0/tests/snippets/wikitext/magic-word.txt
pygments-2.20.0/tests/snippets/wikitext/medialink.txt
pygments-2.20.0/tests/snippets/wikitext/only-highlight-first-redirect.txt
pygments-2.20.0/tests/snippets/wikitext/parser-function.txt
pygments-2.20.0/tests/snippets/wikitext/parser-tag.txt
pygments-2.20.0/tests/snippets/wikitext/signurature.txt
pygments-2.20.0/tests/snippets/wikitext/table.txt
pygments-2.20.0/tests/snippets/wikitext/template.txt
pygments-2.20.0/tests/snippets/wikitext/wikilink.txt
pygments-2.20.0/tests/snippets/wren/lonely-paren.txt
pygments-2.20.0/tests/snippets/xml/multiline-comment-catastrophic-backtracking.txt
pygments-2.20.0/tests/snippets/yaml/test_yaml.txt
pygments-2.20.0/tests/snippets/yaml/test_yaml_colon_in_key.txt
pygments-2.20.0/tests/snippets/yaml/test_yaml_colon_in_key_double.txt
pygments-2.20.0/tests/snippets/yaml/test_yaml_colon_in_key_start.txt
pygments-2.20.0/tests/snippets/yang/test_float_value.txt
pygments-2.20.0/tests/snippets/yang/test_integer_value.txt
pygments-2.20.0/tests/snippets/yang/test_namespace_1.txt
pygments-2.20.0/tests/snippets/yang/test_namespace_2.txt
pygments-2.20.0/tests/snippets/yang/test_revision_date.txt
pygments-2.20.0/tests/snippets/yang/test_string_value.txt
pygments-2.20.0/tests/snippets/zone/a-record.txt
pygments-2.20.0/tests/snippets/zone/include.txt
pygments-2.20.0/tests/snippets/zone/soa.txt
pygments-2.20.0/tests/support/empty.py
pygments-2.20.0/tests/support/html_formatter.py
pygments-2.20.0/tests/support/python_lexer.py
pygments-2.20.0/tests/support/structural_diff.py
pygments-2.20.0/tests/support/tags
pygments-2.20.0/.gitignore
pygments-2.20.0/AUTHORS
pygments-2.20.0/LICENSE
pygments-2.20.0/description.rst
pygments-2.20.0/pyproject.toml
pygments-2.20.0/PKG-INFO
* Creating isolated environment: venv+pip...
* Installing packages in isolated environment:
  - hatchling>=1.27
* Getting build dependencies for wheel...
* Building wheel...
Successfully built pygments-2.20.0-py3-none-any.whl
'pygments/usr/bin/pygmentize' -> '/usr/bin/pygmentize'
'pygments/usr/lib/python3.14/site-packages/pygments/__init__.py' -> '/usr/lib/python3.14/site-packages/pygments/__init__.py'
'pygments/usr/lib/python3.14/site-packages/pygments/__main__.py' -> '/usr/lib/python3.14/site-packages/pygments/__main__.py'
'pygments/usr/lib/python3.14/site-packages/pygments/cmdline.py' -> '/usr/lib/python3.14/site-packages/pygments/cmdline.py'
'pygments/usr/lib/python3.14/site-packages/pygments/console.py' -> '/usr/lib/python3.14/site-packages/pygments/console.py'
'pygments/usr/lib/python3.14/site-packages/pygments/filter.py' -> '/usr/lib/python3.14/site-packages/pygments/filter.py'
'pygments/usr/lib/python3.14/site-packages/pygments/formatter.py' -> '/usr/lib/python3.14/site-packages/pygments/formatter.py'
'pygments/usr/lib/python3.14/site-packages/pygments/lexer.py' -> '/usr/lib/python3.14/site-packages/pygments/lexer.py'
'pygments/usr/lib/python3.14/site-packages/pygments/modeline.py' -> '/usr/lib/python3.14/site-packages/pygments/modeline.py'
'pygments/usr/lib/python3.14/site-packages/pygments/plugin.py' -> '/usr/lib/python3.14/site-packages/pygments/plugin.py'
'pygments/usr/lib/python3.14/site-packages/pygments/regexopt.py' -> '/usr/lib/python3.14/site-packages/pygments/regexopt.py'
'pygments/usr/lib/python3.14/site-packages/pygments/scanner.py' -> '/usr/lib/python3.14/site-packages/pygments/scanner.py'
'pygments/usr/lib/python3.14/site-packages/pygments/sphinxext.py' -> '/usr/lib/python3.14/site-packages/pygments/sphinxext.py'
'pygments/usr/lib/python3.14/site-packages/pygments/style.py' -> '/usr/lib/python3.14/site-packages/pygments/style.py'
'pygments/usr/lib/python3.14/site-packages/pygments/token.py' -> '/usr/lib/python3.14/site-packages/pygments/token.py'
'pygments/usr/lib/python3.14/site-packages/pygments/unistring.py' -> '/usr/lib/python3.14/site-packages/pygments/unistring.py'
'pygments/usr/lib/python3.14/site-packages/pygments/util.py' -> '/usr/lib/python3.14/site-packages/pygments/util.py'
'pygments/usr/lib/python3.14/site-packages/pygments/filters/__init__.py' -> '/usr/lib/python3.14/site-packages/pygments/filters/__init__.py'
'pygments/usr/lib/python3.14/site-packages/pygments/filters/__pycache__/__init__.cpython-314.pyc' -> '/usr/lib/python3.14/site-packages/pygments/filters/__pycache__/__init__.cpython-314.pyc'
'pygments/usr/lib/python3.14/site-packages/pygments/filters/__pycache__/__init__.cpython-314.opt-1.pyc' -> '/usr/lib/python3.14/site-packages/pygments/filters/__pycache__/__init__.cpython-314.opt-1.pyc'
'pygments/usr/lib/python3.14/site-packages/pygments/formatters/__init__.py' -> '/usr/lib/python3.14/site-packages/pygments/formatters/__init__.py'
'pygments/usr/lib/python3.14/site-packages/pygments/formatters/_mapping.py' -> '/usr/lib/python3.14/site-packages/pygments/formatters/_mapping.py'
'pygments/usr/lib/python3.14/site-packages/pygments/formatters/bbcode.py' -> '/usr/lib/python3.14/site-packages/pygments/formatters/bbcode.py'
'pygments/usr/lib/python3.14/site-packages/pygments/formatters/groff.py' -> '/usr/lib/python3.14/site-packages/pygments/formatters/groff.py'
'pygments/usr/lib/python3.14/site-packages/pygments/formatters/html.py' -> '/usr/lib/python3.14/site-packages/pygments/formatters/html.py'
'pygments/usr/lib/python3.14/site-packages/pygments/formatters/img.py' -> '/usr/lib/python3.14/site-packages/pygments/formatters/img.py'
'pygments/usr/lib/python3.14/site-packages/pygments/formatters/irc.py' -> '/usr/lib/python3.14/site-packages/pygments/formatters/irc.py'
'pygments/usr/lib/python3.14/site-packages/pygments/formatters/latex.py' -> '/usr/lib/python3.14/site-packages/pygments/formatters/latex.py'
'pygments/usr/lib/python3.14/site-packages/pygments/formatters/other.py' -> '/usr/lib/python3.14/site-packages/pygments/formatters/other.py'
'pygments/usr/lib/python3.14/site-packages/pygments/formatters/pangomarkup.py' -> '/usr/lib/python3.14/site-packages/pygments/formatters/pangomarkup.py'
'pygments/usr/lib/python3.14/site-packages/pygments/formatters/rtf.py' -> '/usr/lib/python3.14/site-packages/pygments/formatters/rtf.py'
'pygments/usr/lib/python3.14/site-packages/pygments/formatters/svg.py' -> '/usr/lib/python3.14/site-packages/pygments/formatters/svg.py'
'pygments/usr/lib/python3.14/site-packages/pygments/formatters/terminal.py' -> '/usr/lib/python3.14/site-packages/pygments/formatters/terminal.py'
'pygments/usr/lib/python3.14/site-packages/pygments/formatters/terminal256.py' -> '/usr/lib/python3.14/site-packages/pygments/formatters/terminal256.py'
'pygments/usr/lib/python3.14/site-packages/pygments/formatters/__pycache__/__init__.cpython-314.pyc' -> '/usr/lib/python3.14/site-packages/pygments/formatters/__pycache__/__init__.cpython-314.pyc'
'pygments/usr/lib/python3.14/site-packages/pygments/formatters/__pycache__/__init__.cpython-314.opt-1.pyc' -> '/usr/lib/python3.14/site-packages/pygments/formatters/__pycache__/__init__.cpython-314.opt-1.pyc'
'pygments/usr/lib/python3.14/site-packages/pygments/formatters/__pycache__/_mapping.cpython-314.pyc' -> '/usr/lib/python3.14/site-packages/pygments/formatters/__pycache__/_mapping.cpython-314.pyc'
'pygments/usr/lib/python3.14/site-packages/pygments/formatters/__pycache__/_mapping.cpython-314.opt-1.pyc' -> '/usr/lib/python3.14/site-packages/pygments/formatters/__pycache__/_mapping.cpython-314.opt-1.pyc'
'pygments/usr/lib/python3.14/site-packages/pygments/formatters/__pycache__/bbcode.cpython-314.pyc' -> '/usr/lib/python3.14/site-packages/pygments/formatters/__pycache__/bbcode.cpython-314.pyc'
'pygments/usr/lib/python3.14/site-packages/pygments/formatters/__pycache__/bbcode.cpython-314.opt-1.pyc' -> '/usr/lib/python3.14/site-packages/pygments/formatters/__pycache__/bbcode.cpython-314.opt-1.pyc'
'pygments/usr/lib/python3.14/site-packages/pygments/formatters/__pycache__/groff.cpython-314.pyc' -> '/usr/lib/python3.14/site-packages/pygments/formatters/__pycache__/groff.cpython-314.pyc'
'pygments/usr/lib/python3.14/site-packages/pygments/formatters/__pycache__/groff.cpython-314.opt-1.pyc' -> '/usr/lib/python3.14/site-packages/pygments/formatters/__pycache__/groff.cpython-314.opt-1.pyc'
'pygments/usr/lib/python3.14/site-packages/pygments/formatters/__pycache__/html.cpython-314.pyc' -> '/usr/lib/python3.14/site-packages/pygments/formatters/__pycache__/html.cpython-314.pyc'
'pygments/usr/lib/python3.14/site-packages/pygments/formatters/__pycache__/html.cpython-314.opt-1.pyc' -> '/usr/lib/python3.14/site-packages/pygments/formatters/__pycache__/html.cpython-314.opt-1.pyc'
'pygments/usr/lib/python3.14/site-packages/pygments/formatters/__pycache__/img.cpython-314.pyc' -> '/usr/lib/python3.14/site-packages/pygments/formatters/__pycache__/img.cpython-314.pyc'
'pygments/usr/lib/python3.14/site-packages/pygments/formatters/__pycache__/img.cpython-314.opt-1.pyc' -> '/usr/lib/python3.14/site-packages/pygments/formatters/__pycache__/img.cpython-314.opt-1.pyc'
'pygments/usr/lib/python3.14/site-packages/pygments/formatters/__pycache__/irc.cpython-314.pyc' -> '/usr/lib/python3.14/site-packages/pygments/formatters/__pycache__/irc.cpython-314.pyc'
'pygments/usr/lib/python3.14/site-packages/pygments/formatters/__pycache__/irc.cpython-314.opt-1.pyc' -> '/usr/lib/python3.14/site-packages/pygments/formatters/__pycache__/irc.cpython-314.opt-1.pyc'
'pygments/usr/lib/python3.14/site-packages/pygments/formatters/__pycache__/latex.cpython-314.pyc' -> '/usr/lib/python3.14/site-packages/pygments/formatters/__pycache__/latex.cpython-314.pyc'
'pygments/usr/lib/python3.14/site-packages/pygments/formatters/__pycache__/latex.cpython-314.opt-1.pyc' -> '/usr/lib/python3.14/site-packages/pygments/formatters/__pycache__/latex.cpython-314.opt-1.pyc'
'pygments/usr/lib/python3.14/site-packages/pygments/formatters/__pycache__/other.cpython-314.pyc' -> '/usr/lib/python3.14/site-packages/pygments/formatters/__pycache__/other.cpython-314.pyc'
'pygments/usr/lib/python3.14/site-packages/pygments/formatters/__pycache__/other.cpython-314.opt-1.pyc' -> '/usr/lib/python3.14/site-packages/pygments/formatters/__pycache__/other.cpython-314.opt-1.pyc'
'pygments/usr/lib/python3.14/site-packages/pygments/formatters/__pycache__/pangomarkup.cpython-314.pyc' -> '/usr/lib/python3.14/site-packages/pygments/formatters/__pycache__/pangomarkup.cpython-314.pyc'
'pygments/usr/lib/python3.14/site-packages/pygments/formatters/__pycache__/pangomarkup.cpython-314.opt-1.pyc' -> '/usr/lib/python3.14/site-packages/pygments/formatters/__pycache__/pangomarkup.cpython-314.opt-1.pyc'
'pygments/usr/lib/python3.14/site-packages/pygments/formatters/__pycache__/rtf.cpython-314.pyc' -> '/usr/lib/python3.14/site-packages/pygments/formatters/__pycache__/rtf.cpython-314.pyc'
'pygments/usr/lib/python3.14/site-packages/pygments/formatters/__pycache__/rtf.cpython-314.opt-1.pyc' -> '/usr/lib/python3.14/site-packages/pygments/formatters/__pycache__/rtf.cpython-314.opt-1.pyc'
'pygments/usr/lib/python3.14/site-packages/pygments/formatters/__pycache__/svg.cpython-314.pyc' -> '/usr/lib/python3.14/site-packages/pygments/formatters/__pycache__/svg.cpython-314.pyc'
'pygments/usr/lib/python3.14/site-packages/pygments/formatters/__pycache__/svg.cpython-314.opt-1.pyc' -> '/usr/lib/python3.14/site-packages/pygments/formatters/__pycache__/svg.cpython-314.opt-1.pyc'
'pygments/usr/lib/python3.14/site-packages/pygments/formatters/__pycache__/terminal.cpython-314.pyc' -> '/usr/lib/python3.14/site-packages/pygments/formatters/__pycache__/terminal.cpython-314.pyc'
'pygments/usr/lib/python3.14/site-packages/pygments/formatters/__pycache__/terminal.cpython-314.opt-1.pyc' -> '/usr/lib/python3.14/site-packages/pygments/formatters/__pycache__/terminal.cpython-314.opt-1.pyc'
'pygments/usr/lib/python3.14/site-packages/pygments/formatters/__pycache__/terminal256.cpython-314.pyc' -> '/usr/lib/python3.14/site-packages/pygments/formatters/__pycache__/terminal256.cpython-314.pyc'
'pygments/usr/lib/python3.14/site-packages/pygments/formatters/__pycache__/terminal256.cpython-314.opt-1.pyc' -> '/usr/lib/python3.14/site-packages/pygments/formatters/__pycache__/terminal256.cpython-314.opt-1.pyc'
'pygments/usr/lib/python3.14/site-packages/pygments/lexers/__init__.py' -> '/usr/lib/python3.14/site-packages/pygments/lexers/__init__.py'
'pygments/usr/lib/python3.14/site-packages/pygments/lexers/_ada_builtins.py' -> '/usr/lib/python3.14/site-packages/pygments/lexers/_ada_builtins.py'
'pygments/usr/lib/python3.14/site-packages/pygments/lexers/_asy_builtins.py' -> '/usr/lib/python3.14/site-packages/pygments/lexers/_asy_builtins.py'
'pygments/usr/lib/python3.14/site-packages/pygments/lexers/_cl_builtins.py' -> '/usr/lib/python3.14/site-packages/pygments/lexers/_cl_builtins.py'
'pygments/usr/lib/python3.14/site-packages/pygments/lexers/_cocoa_builtins.py' -> '/usr/lib/python3.14/site-packages/pygments/lexers/_cocoa_builtins.py'
'pygments/usr/lib/python3.14/site-packages/pygments/lexers/_csound_builtins.py' -> '/usr/lib/python3.14/site-packages/pygments/lexers/_csound_builtins.py'
'pygments/usr/lib/python3.14/site-packages/pygments/lexers/_css_builtins.py' -> '/usr/lib/python3.14/site-packages/pygments/lexers/_css_builtins.py'
'pygments/usr/lib/python3.14/site-packages/pygments/lexers/_googlesql_builtins.py' -> '/usr/lib/python3.14/site-packages/pygments/lexers/_googlesql_builtins.py'
'pygments/usr/lib/python3.14/site-packages/pygments/lexers/_julia_builtins.py' -> '/usr/lib/python3.14/site-packages/pygments/lexers/_julia_builtins.py'
'pygments/usr/lib/python3.14/site-packages/pygments/lexers/_lasso_builtins.py' -> '/usr/lib/python3.14/site-packages/pygments/lexers/_lasso_builtins.py'
'pygments/usr/lib/python3.14/site-packages/pygments/lexers/_lilypond_builtins.py' -> '/usr/lib/python3.14/site-packages/pygments/lexers/_lilypond_builtins.py'
'pygments/usr/lib/python3.14/site-packages/pygments/lexers/_lua_builtins.py' -> '/usr/lib/python3.14/site-packages/pygments/lexers/_lua_builtins.py'
'pygments/usr/lib/python3.14/site-packages/pygments/lexers/_luau_builtins.py' -> '/usr/lib/python3.14/site-packages/pygments/lexers/_luau_builtins.py'
'pygments/usr/lib/python3.14/site-packages/pygments/lexers/_mapping.py' -> '/usr/lib/python3.14/site-packages/pygments/lexers/_mapping.py'
'pygments/usr/lib/python3.14/site-packages/pygments/lexers/_mql_builtins.py' -> '/usr/lib/python3.14/site-packages/pygments/lexers/_mql_builtins.py'
'pygments/usr/lib/python3.14/site-packages/pygments/lexers/_mysql_builtins.py' -> '/usr/lib/python3.14/site-packages/pygments/lexers/_mysql_builtins.py'
'pygments/usr/lib/python3.14/site-packages/pygments/lexers/_openedge_builtins.py' -> '/usr/lib/python3.14/site-packages/pygments/lexers/_openedge_builtins.py'
'pygments/usr/lib/python3.14/site-packages/pygments/lexers/_php_builtins.py' -> '/usr/lib/python3.14/site-packages/pygments/lexers/_php_builtins.py'
'pygments/usr/lib/python3.14/site-packages/pygments/lexers/_postgres_builtins.py' -> '/usr/lib/python3.14/site-packages/pygments/lexers/_postgres_builtins.py'
'pygments/usr/lib/python3.14/site-packages/pygments/lexers/_qlik_builtins.py' -> '/usr/lib/python3.14/site-packages/pygments/lexers/_qlik_builtins.py'
'pygments/usr/lib/python3.14/site-packages/pygments/lexers/_scheme_builtins.py' -> '/usr/lib/python3.14/site-packages/pygments/lexers/_scheme_builtins.py'
'pygments/usr/lib/python3.14/site-packages/pygments/lexers/_scilab_builtins.py' -> '/usr/lib/python3.14/site-packages/pygments/lexers/_scilab_builtins.py'
'pygments/usr/lib/python3.14/site-packages/pygments/lexers/_sourcemod_builtins.py' -> '/usr/lib/python3.14/site-packages/pygments/lexers/_sourcemod_builtins.py'
'pygments/usr/lib/python3.14/site-packages/pygments/lexers/_sql_builtins.py' -> '/usr/lib/python3.14/site-packages/pygments/lexers/_sql_builtins.py'
'pygments/usr/lib/python3.14/site-packages/pygments/lexers/_stan_builtins.py' -> '/usr/lib/python3.14/site-packages/pygments/lexers/_stan_builtins.py'
'pygments/usr/lib/python3.14/site-packages/pygments/lexers/_stata_builtins.py' -> '/usr/lib/python3.14/site-packages/pygments/lexers/_stata_builtins.py'
'pygments/usr/lib/python3.14/site-packages/pygments/lexers/_tsql_builtins.py' -> '/usr/lib/python3.14/site-packages/pygments/lexers/_tsql_builtins.py'
'pygments/usr/lib/python3.14/site-packages/pygments/lexers/_usd_builtins.py' -> '/usr/lib/python3.14/site-packages/pygments/lexers/_usd_builtins.py'
'pygments/usr/lib/python3.14/site-packages/pygments/lexers/_vbscript_builtins.py' -> '/usr/lib/python3.14/site-packages/pygments/lexers/_vbscript_builtins.py'
'pygments/usr/lib/python3.14/site-packages/pygments/lexers/_vim_builtins.py' -> '/usr/lib/python3.14/site-packages/pygments/lexers/_vim_builtins.py'
'pygments/usr/lib/python3.14/site-packages/pygments/lexers/actionscript.py' -> '/usr/lib/python3.14/site-packages/pygments/lexers/actionscript.py'
'pygments/usr/lib/python3.14/site-packages/pygments/lexers/ada.py' -> '/usr/lib/python3.14/site-packages/pygments/lexers/ada.py'
'pygments/usr/lib/python3.14/site-packages/pygments/lexers/agile.py' -> '/usr/lib/python3.14/site-packages/pygments/lexers/agile.py'
'pygments/usr/lib/python3.14/site-packages/pygments/lexers/algebra.py' -> '/usr/lib/python3.14/site-packages/pygments/lexers/algebra.py'
'pygments/usr/lib/python3.14/site-packages/pygments/lexers/ambient.py' -> '/usr/lib/python3.14/site-packages/pygments/lexers/ambient.py'
'pygments/usr/lib/python3.14/site-packages/pygments/lexers/amdgpu.py' -> '/usr/lib/python3.14/site-packages/pygments/lexers/amdgpu.py'
'pygments/usr/lib/python3.14/site-packages/pygments/lexers/ampl.py' -> '/usr/lib/python3.14/site-packages/pygments/lexers/ampl.py'
'pygments/usr/lib/python3.14/site-packages/pygments/lexers/apdlexer.py' -> '/usr/lib/python3.14/site-packages/pygments/lexers/apdlexer.py'
'pygments/usr/lib/python3.14/site-packages/pygments/lexers/apl.py' -> '/usr/lib/python3.14/site-packages/pygments/lexers/apl.py'
'pygments/usr/lib/python3.14/site-packages/pygments/lexers/archetype.py' -> '/usr/lib/python3.14/site-packages/pygments/lexers/archetype.py'
'pygments/usr/lib/python3.14/site-packages/pygments/lexers/arrow.py' -> '/usr/lib/python3.14/site-packages/pygments/lexers/arrow.py'
'pygments/usr/lib/python3.14/site-packages/pygments/lexers/arturo.py' -> '/usr/lib/python3.14/site-packages/pygments/lexers/arturo.py'
'pygments/usr/lib/python3.14/site-packages/pygments/lexers/asc.py' -> '/usr/lib/python3.14/site-packages/pygments/lexers/asc.py'
'pygments/usr/lib/python3.14/site-packages/pygments/lexers/asm.py' -> '/usr/lib/python3.14/site-packages/pygments/lexers/asm.py'
'pygments/usr/lib/python3.14/site-packages/pygments/lexers/asn1.py' -> '/usr/lib/python3.14/site-packages/pygments/lexers/asn1.py'
'pygments/usr/lib/python3.14/site-packages/pygments/lexers/automation.py' -> '/usr/lib/python3.14/site-packages/pygments/lexers/automation.py'
'pygments/usr/lib/python3.14/site-packages/pygments/lexers/bare.py' -> '/usr/lib/python3.14/site-packages/pygments/lexers/bare.py'
'pygments/usr/lib/python3.14/site-packages/pygments/lexers/basic.py' -> '/usr/lib/python3.14/site-packages/pygments/lexers/basic.py'
'pygments/usr/lib/python3.14/site-packages/pygments/lexers/bdd.py' -> '/usr/lib/python3.14/site-packages/pygments/lexers/bdd.py'
'pygments/usr/lib/python3.14/site-packages/pygments/lexers/berry.py' -> '/usr/lib/python3.14/site-packages/pygments/lexers/berry.py'
'pygments/usr/lib/python3.14/site-packages/pygments/lexers/bibtex.py' -> '/usr/lib/python3.14/site-packages/pygments/lexers/bibtex.py'
'pygments/usr/lib/python3.14/site-packages/pygments/lexers/blueprint.py' -> '/usr/lib/python3.14/site-packages/pygments/lexers/blueprint.py'
'pygments/usr/lib/python3.14/site-packages/pygments/lexers/boa.py' -> '/usr/lib/python3.14/site-packages/pygments/lexers/boa.py'
'pygments/usr/lib/python3.14/site-packages/pygments/lexers/bqn.py' -> '/usr/lib/python3.14/site-packages/pygments/lexers/bqn.py'
'pygments/usr/lib/python3.14/site-packages/pygments/lexers/business.py' -> '/usr/lib/python3.14/site-packages/pygments/lexers/business.py'
'pygments/usr/lib/python3.14/site-packages/pygments/lexers/c_cpp.py' -> '/usr/lib/python3.14/site-packages/pygments/lexers/c_cpp.py'
'pygments/usr/lib/python3.14/site-packages/pygments/lexers/c_like.py' -> '/usr/lib/python3.14/site-packages/pygments/lexers/c_like.py'
'pygments/usr/lib/python3.14/site-packages/pygments/lexers/capnproto.py' -> '/usr/lib/python3.14/site-packages/pygments/lexers/capnproto.py'
'pygments/usr/lib/python3.14/site-packages/pygments/lexers/carbon.py' -> '/usr/lib/python3.14/site-packages/pygments/lexers/carbon.py'
'pygments/usr/lib/python3.14/site-packages/pygments/lexers/cddl.py' -> '/usr/lib/python3.14/site-packages/pygments/lexers/cddl.py'
'pygments/usr/lib/python3.14/site-packages/pygments/lexers/chapel.py' -> '/usr/lib/python3.14/site-packages/pygments/lexers/chapel.py'
'pygments/usr/lib/python3.14/site-packages/pygments/lexers/clean.py' -> '/usr/lib/python3.14/site-packages/pygments/lexers/clean.py'
'pygments/usr/lib/python3.14/site-packages/pygments/lexers/codeql.py' -> '/usr/lib/python3.14/site-packages/pygments/lexers/codeql.py'
'pygments/usr/lib/python3.14/site-packages/pygments/lexers/comal.py' -> '/usr/lib/python3.14/site-packages/pygments/lexers/comal.py'
'pygments/usr/lib/python3.14/site-packages/pygments/lexers/compiled.py' -> '/usr/lib/python3.14/site-packages/pygments/lexers/compiled.py'
'pygments/usr/lib/python3.14/site-packages/pygments/lexers/configs.py' -> '/usr/lib/python3.14/site-packages/pygments/lexers/configs.py'
'pygments/usr/lib/python3.14/site-packages/pygments/lexers/console.py' -> '/usr/lib/python3.14/site-packages/pygments/lexers/console.py'
'pygments/usr/lib/python3.14/site-packages/pygments/lexers/cplint.py' -> '/usr/lib/python3.14/site-packages/pygments/lexers/cplint.py'
'pygments/usr/lib/python3.14/site-packages/pygments/lexers/crystal.py' -> '/usr/lib/python3.14/site-packages/pygments/lexers/crystal.py'
'pygments/usr/lib/python3.14/site-packages/pygments/lexers/csound.py' -> '/usr/lib/python3.14/site-packages/pygments/lexers/csound.py'
'pygments/usr/lib/python3.14/site-packages/pygments/lexers/css.py' -> '/usr/lib/python3.14/site-packages/pygments/lexers/css.py'
'pygments/usr/lib/python3.14/site-packages/pygments/lexers/d.py' -> '/usr/lib/python3.14/site-packages/pygments/lexers/d.py'
'pygments/usr/lib/python3.14/site-packages/pygments/lexers/dalvik.py' -> '/usr/lib/python3.14/site-packages/pygments/lexers/dalvik.py'
'pygments/usr/lib/python3.14/site-packages/pygments/lexers/data.py' -> '/usr/lib/python3.14/site-packages/pygments/lexers/data.py'
'pygments/usr/lib/python3.14/site-packages/pygments/lexers/dax.py' -> '/usr/lib/python3.14/site-packages/pygments/lexers/dax.py'
'pygments/usr/lib/python3.14/site-packages/pygments/lexers/devicetree.py' -> '/usr/lib/python3.14/site-packages/pygments/lexers/devicetree.py'
'pygments/usr/lib/python3.14/site-packages/pygments/lexers/diff.py' -> '/usr/lib/python3.14/site-packages/pygments/lexers/diff.py'
'pygments/usr/lib/python3.14/site-packages/pygments/lexers/dns.py' -> '/usr/lib/python3.14/site-packages/pygments/lexers/dns.py'
'pygments/usr/lib/python3.14/site-packages/pygments/lexers/dotnet.py' -> '/usr/lib/python3.14/site-packages/pygments/lexers/dotnet.py'
'pygments/usr/lib/python3.14/site-packages/pygments/lexers/dsls.py' -> '/usr/lib/python3.14/site-packages/pygments/lexers/dsls.py'
'pygments/usr/lib/python3.14/site-packages/pygments/lexers/dylan.py' -> '/usr/lib/python3.14/site-packages/pygments/lexers/dylan.py'
'pygments/usr/lib/python3.14/site-packages/pygments/lexers/ecl.py' -> '/usr/lib/python3.14/site-packages/pygments/lexers/ecl.py'
'pygments/usr/lib/python3.14/site-packages/pygments/lexers/eiffel.py' -> '/usr/lib/python3.14/site-packages/pygments/lexers/eiffel.py'
'pygments/usr/lib/python3.14/site-packages/pygments/lexers/elm.py' -> '/usr/lib/python3.14/site-packages/pygments/lexers/elm.py'
'pygments/usr/lib/python3.14/site-packages/pygments/lexers/elpi.py' -> '/usr/lib/python3.14/site-packages/pygments/lexers/elpi.py'
'pygments/usr/lib/python3.14/site-packages/pygments/lexers/email.py' -> '/usr/lib/python3.14/site-packages/pygments/lexers/email.py'
'pygments/usr/lib/python3.14/site-packages/pygments/lexers/erlang.py' -> '/usr/lib/python3.14/site-packages/pygments/lexers/erlang.py'
'pygments/usr/lib/python3.14/site-packages/pygments/lexers/esoteric.py' -> '/usr/lib/python3.14/site-packages/pygments/lexers/esoteric.py'
'pygments/usr/lib/python3.14/site-packages/pygments/lexers/ezhil.py' -> '/usr/lib/python3.14/site-packages/pygments/lexers/ezhil.py'
'pygments/usr/lib/python3.14/site-packages/pygments/lexers/factor.py' -> '/usr/lib/python3.14/site-packages/pygments/lexers/factor.py'
'pygments/usr/lib/python3.14/site-packages/pygments/lexers/fantom.py' -> '/usr/lib/python3.14/site-packages/pygments/lexers/fantom.py'
'pygments/usr/lib/python3.14/site-packages/pygments/lexers/felix.py' -> '/usr/lib/python3.14/site-packages/pygments/lexers/felix.py'
'pygments/usr/lib/python3.14/site-packages/pygments/lexers/fift.py' -> '/usr/lib/python3.14/site-packages/pygments/lexers/fift.py'
'pygments/usr/lib/python3.14/site-packages/pygments/lexers/floscript.py' -> '/usr/lib/python3.14/site-packages/pygments/lexers/floscript.py'
'pygments/usr/lib/python3.14/site-packages/pygments/lexers/forth.py' -> '/usr/lib/python3.14/site-packages/pygments/lexers/forth.py'
'pygments/usr/lib/python3.14/site-packages/pygments/lexers/fortran.py' -> '/usr/lib/python3.14/site-packages/pygments/lexers/fortran.py'
'pygments/usr/lib/python3.14/site-packages/pygments/lexers/foxpro.py' -> '/usr/lib/python3.14/site-packages/pygments/lexers/foxpro.py'
'pygments/usr/lib/python3.14/site-packages/pygments/lexers/freefem.py' -> '/usr/lib/python3.14/site-packages/pygments/lexers/freefem.py'
'pygments/usr/lib/python3.14/site-packages/pygments/lexers/func.py' -> '/usr/lib/python3.14/site-packages/pygments/lexers/func.py'
'pygments/usr/lib/python3.14/site-packages/pygments/lexers/functional.py' -> '/usr/lib/python3.14/site-packages/pygments/lexers/functional.py'
'pygments/usr/lib/python3.14/site-packages/pygments/lexers/futhark.py' -> '/usr/lib/python3.14/site-packages/pygments/lexers/futhark.py'
'pygments/usr/lib/python3.14/site-packages/pygments/lexers/gcodelexer.py' -> '/usr/lib/python3.14/site-packages/pygments/lexers/gcodelexer.py'
'pygments/usr/lib/python3.14/site-packages/pygments/lexers/gdscript.py' -> '/usr/lib/python3.14/site-packages/pygments/lexers/gdscript.py'
'pygments/usr/lib/python3.14/site-packages/pygments/lexers/gleam.py' -> '/usr/lib/python3.14/site-packages/pygments/lexers/gleam.py'
'pygments/usr/lib/python3.14/site-packages/pygments/lexers/go.py' -> '/usr/lib/python3.14/site-packages/pygments/lexers/go.py'
'pygments/usr/lib/python3.14/site-packages/pygments/lexers/grammar_notation.py' -> '/usr/lib/python3.14/site-packages/pygments/lexers/grammar_notation.py'
'pygments/usr/lib/python3.14/site-packages/pygments/lexers/graph.py' -> '/usr/lib/python3.14/site-packages/pygments/lexers/graph.py'
'pygments/usr/lib/python3.14/site-packages/pygments/lexers/graphics.py' -> '/usr/lib/python3.14/site-packages/pygments/lexers/graphics.py'
'pygments/usr/lib/python3.14/site-packages/pygments/lexers/graphql.py' -> '/usr/lib/python3.14/site-packages/pygments/lexers/graphql.py'
'pygments/usr/lib/python3.14/site-packages/pygments/lexers/graphviz.py' -> '/usr/lib/python3.14/site-packages/pygments/lexers/graphviz.py'
'pygments/usr/lib/python3.14/site-packages/pygments/lexers/gsql.py' -> '/usr/lib/python3.14/site-packages/pygments/lexers/gsql.py'
'pygments/usr/lib/python3.14/site-packages/pygments/lexers/hare.py' -> '/usr/lib/python3.14/site-packages/pygments/lexers/hare.py'
'pygments/usr/lib/python3.14/site-packages/pygments/lexers/haskell.py' -> '/usr/lib/python3.14/site-packages/pygments/lexers/haskell.py'
'pygments/usr/lib/python3.14/site-packages/pygments/lexers/haxe.py' -> '/usr/lib/python3.14/site-packages/pygments/lexers/haxe.py'
'pygments/usr/lib/python3.14/site-packages/pygments/lexers/hdl.py' -> '/usr/lib/python3.14/site-packages/pygments/lexers/hdl.py'
'pygments/usr/lib/python3.14/site-packages/pygments/lexers/hexdump.py' -> '/usr/lib/python3.14/site-packages/pygments/lexers/hexdump.py'
'pygments/usr/lib/python3.14/site-packages/pygments/lexers/html.py' -> '/usr/lib/python3.14/site-packages/pygments/lexers/html.py'
'pygments/usr/lib/python3.14/site-packages/pygments/lexers/idl.py' -> '/usr/lib/python3.14/site-packages/pygments/lexers/idl.py'
'pygments/usr/lib/python3.14/site-packages/pygments/lexers/igor.py' -> '/usr/lib/python3.14/site-packages/pygments/lexers/igor.py'
'pygments/usr/lib/python3.14/site-packages/pygments/lexers/inferno.py' -> '/usr/lib/python3.14/site-packages/pygments/lexers/inferno.py'
'pygments/usr/lib/python3.14/site-packages/pygments/lexers/installers.py' -> '/usr/lib/python3.14/site-packages/pygments/lexers/installers.py'
'pygments/usr/lib/python3.14/site-packages/pygments/lexers/int_fiction.py' -> '/usr/lib/python3.14/site-packages/pygments/lexers/int_fiction.py'
'pygments/usr/lib/python3.14/site-packages/pygments/lexers/iolang.py' -> '/usr/lib/python3.14/site-packages/pygments/lexers/iolang.py'
'pygments/usr/lib/python3.14/site-packages/pygments/lexers/j.py' -> '/usr/lib/python3.14/site-packages/pygments/lexers/j.py'
'pygments/usr/lib/python3.14/site-packages/pygments/lexers/javascript.py' -> '/usr/lib/python3.14/site-packages/pygments/lexers/javascript.py'
'pygments/usr/lib/python3.14/site-packages/pygments/lexers/jmespath.py' -> '/usr/lib/python3.14/site-packages/pygments/lexers/jmespath.py'
'pygments/usr/lib/python3.14/site-packages/pygments/lexers/jslt.py' -> '/usr/lib/python3.14/site-packages/pygments/lexers/jslt.py'
'pygments/usr/lib/python3.14/site-packages/pygments/lexers/json5.py' -> '/usr/lib/python3.14/site-packages/pygments/lexers/json5.py'
'pygments/usr/lib/python3.14/site-packages/pygments/lexers/jsonnet.py' -> '/usr/lib/python3.14/site-packages/pygments/lexers/jsonnet.py'
'pygments/usr/lib/python3.14/site-packages/pygments/lexers/jsx.py' -> '/usr/lib/python3.14/site-packages/pygments/lexers/jsx.py'
'pygments/usr/lib/python3.14/site-packages/pygments/lexers/julia.py' -> '/usr/lib/python3.14/site-packages/pygments/lexers/julia.py'
'pygments/usr/lib/python3.14/site-packages/pygments/lexers/jvm.py' -> '/usr/lib/python3.14/site-packages/pygments/lexers/jvm.py'
'pygments/usr/lib/python3.14/site-packages/pygments/lexers/kuin.py' -> '/usr/lib/python3.14/site-packages/pygments/lexers/kuin.py'
'pygments/usr/lib/python3.14/site-packages/pygments/lexers/kusto.py' -> '/usr/lib/python3.14/site-packages/pygments/lexers/kusto.py'
'pygments/usr/lib/python3.14/site-packages/pygments/lexers/ldap.py' -> '/usr/lib/python3.14/site-packages/pygments/lexers/ldap.py'
'pygments/usr/lib/python3.14/site-packages/pygments/lexers/lean.py' -> '/usr/lib/python3.14/site-packages/pygments/lexers/lean.py'
'pygments/usr/lib/python3.14/site-packages/pygments/lexers/lilypond.py' -> '/usr/lib/python3.14/site-packages/pygments/lexers/lilypond.py'
'pygments/usr/lib/python3.14/site-packages/pygments/lexers/lisp.py' -> '/usr/lib/python3.14/site-packages/pygments/lexers/lisp.py'
'pygments/usr/lib/python3.14/site-packages/pygments/lexers/macaulay2.py' -> '/usr/lib/python3.14/site-packages/pygments/lexers/macaulay2.py'
'pygments/usr/lib/python3.14/site-packages/pygments/lexers/make.py' -> '/usr/lib/python3.14/site-packages/pygments/lexers/make.py'
'pygments/usr/lib/python3.14/site-packages/pygments/lexers/maple.py' -> '/usr/lib/python3.14/site-packages/pygments/lexers/maple.py'
'pygments/usr/lib/python3.14/site-packages/pygments/lexers/markup.py' -> '/usr/lib/python3.14/site-packages/pygments/lexers/markup.py'
'pygments/usr/lib/python3.14/site-packages/pygments/lexers/math.py' -> '/usr/lib/python3.14/site-packages/pygments/lexers/math.py'
'pygments/usr/lib/python3.14/site-packages/pygments/lexers/matlab.py' -> '/usr/lib/python3.14/site-packages/pygments/lexers/matlab.py'
'pygments/usr/lib/python3.14/site-packages/pygments/lexers/maxima.py' -> '/usr/lib/python3.14/site-packages/pygments/lexers/maxima.py'
'pygments/usr/lib/python3.14/site-packages/pygments/lexers/meson.py' -> '/usr/lib/python3.14/site-packages/pygments/lexers/meson.py'
'pygments/usr/lib/python3.14/site-packages/pygments/lexers/mime.py' -> '/usr/lib/python3.14/site-packages/pygments/lexers/mime.py'
'pygments/usr/lib/python3.14/site-packages/pygments/lexers/minecraft.py' -> '/usr/lib/python3.14/site-packages/pygments/lexers/minecraft.py'
'pygments/usr/lib/python3.14/site-packages/pygments/lexers/mips.py' -> '/usr/lib/python3.14/site-packages/pygments/lexers/mips.py'
'pygments/usr/lib/python3.14/site-packages/pygments/lexers/ml.py' -> '/usr/lib/python3.14/site-packages/pygments/lexers/ml.py'
'pygments/usr/lib/python3.14/site-packages/pygments/lexers/modeling.py' -> '/usr/lib/python3.14/site-packages/pygments/lexers/modeling.py'
'pygments/usr/lib/python3.14/site-packages/pygments/lexers/modula2.py' -> '/usr/lib/python3.14/site-packages/pygments/lexers/modula2.py'
'pygments/usr/lib/python3.14/site-packages/pygments/lexers/mojo.py' -> '/usr/lib/python3.14/site-packages/pygments/lexers/mojo.py'
'pygments/usr/lib/python3.14/site-packages/pygments/lexers/monte.py' -> '/usr/lib/python3.14/site-packages/pygments/lexers/monte.py'
'pygments/usr/lib/python3.14/site-packages/pygments/lexers/mosel.py' -> '/usr/lib/python3.14/site-packages/pygments/lexers/mosel.py'
'pygments/usr/lib/python3.14/site-packages/pygments/lexers/ncl.py' -> '/usr/lib/python3.14/site-packages/pygments/lexers/ncl.py'
'pygments/usr/lib/python3.14/site-packages/pygments/lexers/nimrod.py' -> '/usr/lib/python3.14/site-packages/pygments/lexers/nimrod.py'
'pygments/usr/lib/python3.14/site-packages/pygments/lexers/nit.py' -> '/usr/lib/python3.14/site-packages/pygments/lexers/nit.py'
'pygments/usr/lib/python3.14/site-packages/pygments/lexers/nix.py' -> '/usr/lib/python3.14/site-packages/pygments/lexers/nix.py'
'pygments/usr/lib/python3.14/site-packages/pygments/lexers/numbair.py' -> '/usr/lib/python3.14/site-packages/pygments/lexers/numbair.py'
'pygments/usr/lib/python3.14/site-packages/pygments/lexers/oberon.py' -> '/usr/lib/python3.14/site-packages/pygments/lexers/oberon.py'
'pygments/usr/lib/python3.14/site-packages/pygments/lexers/objective.py' -> '/usr/lib/python3.14/site-packages/pygments/lexers/objective.py'
'pygments/usr/lib/python3.14/site-packages/pygments/lexers/ooc.py' -> '/usr/lib/python3.14/site-packages/pygments/lexers/ooc.py'
'pygments/usr/lib/python3.14/site-packages/pygments/lexers/openscad.py' -> '/usr/lib/python3.14/site-packages/pygments/lexers/openscad.py'
'pygments/usr/lib/python3.14/site-packages/pygments/lexers/other.py' -> '/usr/lib/python3.14/site-packages/pygments/lexers/other.py'
'pygments/usr/lib/python3.14/site-packages/pygments/lexers/parasail.py' -> '/usr/lib/python3.14/site-packages/pygments/lexers/parasail.py'
'pygments/usr/lib/python3.14/site-packages/pygments/lexers/parsers.py' -> '/usr/lib/python3.14/site-packages/pygments/lexers/parsers.py'
'pygments/usr/lib/python3.14/site-packages/pygments/lexers/pascal.py' -> '/usr/lib/python3.14/site-packages/pygments/lexers/pascal.py'
'pygments/usr/lib/python3.14/site-packages/pygments/lexers/pawn.py' -> '/usr/lib/python3.14/site-packages/pygments/lexers/pawn.py'
'pygments/usr/lib/python3.14/site-packages/pygments/lexers/pddl.py' -> '/usr/lib/python3.14/site-packages/pygments/lexers/pddl.py'
'pygments/usr/lib/python3.14/site-packages/pygments/lexers/perl.py' -> '/usr/lib/python3.14/site-packages/pygments/lexers/perl.py'
'pygments/usr/lib/python3.14/site-packages/pygments/lexers/phix.py' -> '/usr/lib/python3.14/site-packages/pygments/lexers/phix.py'
'pygments/usr/lib/python3.14/site-packages/pygments/lexers/php.py' -> '/usr/lib/python3.14/site-packages/pygments/lexers/php.py'
'pygments/usr/lib/python3.14/site-packages/pygments/lexers/pointless.py' -> '/usr/lib/python3.14/site-packages/pygments/lexers/pointless.py'
'pygments/usr/lib/python3.14/site-packages/pygments/lexers/pony.py' -> '/usr/lib/python3.14/site-packages/pygments/lexers/pony.py'
'pygments/usr/lib/python3.14/site-packages/pygments/lexers/praat.py' -> '/usr/lib/python3.14/site-packages/pygments/lexers/praat.py'
'pygments/usr/lib/python3.14/site-packages/pygments/lexers/procfile.py' -> '/usr/lib/python3.14/site-packages/pygments/lexers/procfile.py'
'pygments/usr/lib/python3.14/site-packages/pygments/lexers/prolog.py' -> '/usr/lib/python3.14/site-packages/pygments/lexers/prolog.py'
'pygments/usr/lib/python3.14/site-packages/pygments/lexers/promql.py' -> '/usr/lib/python3.14/site-packages/pygments/lexers/promql.py'
'pygments/usr/lib/python3.14/site-packages/pygments/lexers/prql.py' -> '/usr/lib/python3.14/site-packages/pygments/lexers/prql.py'
'pygments/usr/lib/python3.14/site-packages/pygments/lexers/ptx.py' -> '/usr/lib/python3.14/site-packages/pygments/lexers/ptx.py'
'pygments/usr/lib/python3.14/site-packages/pygments/lexers/python.py' -> '/usr/lib/python3.14/site-packages/pygments/lexers/python.py'
'pygments/usr/lib/python3.14/site-packages/pygments/lexers/q.py' -> '/usr/lib/python3.14/site-packages/pygments/lexers/q.py'
'pygments/usr/lib/python3.14/site-packages/pygments/lexers/qlik.py' -> '/usr/lib/python3.14/site-packages/pygments/lexers/qlik.py'
'pygments/usr/lib/python3.14/site-packages/pygments/lexers/qvt.py' -> '/usr/lib/python3.14/site-packages/pygments/lexers/qvt.py'
'pygments/usr/lib/python3.14/site-packages/pygments/lexers/r.py' -> '/usr/lib/python3.14/site-packages/pygments/lexers/r.py'
'pygments/usr/lib/python3.14/site-packages/pygments/lexers/rdf.py' -> '/usr/lib/python3.14/site-packages/pygments/lexers/rdf.py'
'pygments/usr/lib/python3.14/site-packages/pygments/lexers/rebol.py' -> '/usr/lib/python3.14/site-packages/pygments/lexers/rebol.py'
'pygments/usr/lib/python3.14/site-packages/pygments/lexers/rego.py' -> '/usr/lib/python3.14/site-packages/pygments/lexers/rego.py'
'pygments/usr/lib/python3.14/site-packages/pygments/lexers/rell.py' -> '/usr/lib/python3.14/site-packages/pygments/lexers/rell.py'
'pygments/usr/lib/python3.14/site-packages/pygments/lexers/resource.py' -> '/usr/lib/python3.14/site-packages/pygments/lexers/resource.py'
'pygments/usr/lib/python3.14/site-packages/pygments/lexers/ride.py' -> '/usr/lib/python3.14/site-packages/pygments/lexers/ride.py'
'pygments/usr/lib/python3.14/site-packages/pygments/lexers/rita.py' -> '/usr/lib/python3.14/site-packages/pygments/lexers/rita.py'
'pygments/usr/lib/python3.14/site-packages/pygments/lexers/rnc.py' -> '/usr/lib/python3.14/site-packages/pygments/lexers/rnc.py'
'pygments/usr/lib/python3.14/site-packages/pygments/lexers/roboconf.py' -> '/usr/lib/python3.14/site-packages/pygments/lexers/roboconf.py'
'pygments/usr/lib/python3.14/site-packages/pygments/lexers/robotframework.py' -> '/usr/lib/python3.14/site-packages/pygments/lexers/robotframework.py'
'pygments/usr/lib/python3.14/site-packages/pygments/lexers/ruby.py' -> '/usr/lib/python3.14/site-packages/pygments/lexers/ruby.py'
'pygments/usr/lib/python3.14/site-packages/pygments/lexers/rust.py' -> '/usr/lib/python3.14/site-packages/pygments/lexers/rust.py'
'pygments/usr/lib/python3.14/site-packages/pygments/lexers/sas.py' -> '/usr/lib/python3.14/site-packages/pygments/lexers/sas.py'
'pygments/usr/lib/python3.14/site-packages/pygments/lexers/savi.py' -> '/usr/lib/python3.14/site-packages/pygments/lexers/savi.py'
'pygments/usr/lib/python3.14/site-packages/pygments/lexers/scdoc.py' -> '/usr/lib/python3.14/site-packages/pygments/lexers/scdoc.py'
'pygments/usr/lib/python3.14/site-packages/pygments/lexers/scripting.py' -> '/usr/lib/python3.14/site-packages/pygments/lexers/scripting.py'
'pygments/usr/lib/python3.14/site-packages/pygments/lexers/sgf.py' -> '/usr/lib/python3.14/site-packages/pygments/lexers/sgf.py'
'pygments/usr/lib/python3.14/site-packages/pygments/lexers/shell.py' -> '/usr/lib/python3.14/site-packages/pygments/lexers/shell.py'
'pygments/usr/lib/python3.14/site-packages/pygments/lexers/sieve.py' -> '/usr/lib/python3.14/site-packages/pygments/lexers/sieve.py'
'pygments/usr/lib/python3.14/site-packages/pygments/lexers/slash.py' -> '/usr/lib/python3.14/site-packages/pygments/lexers/slash.py'
'pygments/usr/lib/python3.14/site-packages/pygments/lexers/smalltalk.py' -> '/usr/lib/python3.14/site-packages/pygments/lexers/smalltalk.py'
'pygments/usr/lib/python3.14/site-packages/pygments/lexers/smithy.py' -> '/usr/lib/python3.14/site-packages/pygments/lexers/smithy.py'
'pygments/usr/lib/python3.14/site-packages/pygments/lexers/smv.py' -> '/usr/lib/python3.14/site-packages/pygments/lexers/smv.py'
'pygments/usr/lib/python3.14/site-packages/pygments/lexers/snobol.py' -> '/usr/lib/python3.14/site-packages/pygments/lexers/snobol.py'
'pygments/usr/lib/python3.14/site-packages/pygments/lexers/solidity.py' -> '/usr/lib/python3.14/site-packages/pygments/lexers/solidity.py'
'pygments/usr/lib/python3.14/site-packages/pygments/lexers/soong.py' -> '/usr/lib/python3.14/site-packages/pygments/lexers/soong.py'
'pygments/usr/lib/python3.14/site-packages/pygments/lexers/sophia.py' -> '/usr/lib/python3.14/site-packages/pygments/lexers/sophia.py'
'pygments/usr/lib/python3.14/site-packages/pygments/lexers/special.py' -> '/usr/lib/python3.14/site-packages/pygments/lexers/special.py'
'pygments/usr/lib/python3.14/site-packages/pygments/lexers/spice.py' -> '/usr/lib/python3.14/site-packages/pygments/lexers/spice.py'
'pygments/usr/lib/python3.14/site-packages/pygments/lexers/sql.py' -> '/usr/lib/python3.14/site-packages/pygments/lexers/sql.py'
'pygments/usr/lib/python3.14/site-packages/pygments/lexers/srcinfo.py' -> '/usr/lib/python3.14/site-packages/pygments/lexers/srcinfo.py'
'pygments/usr/lib/python3.14/site-packages/pygments/lexers/stata.py' -> '/usr/lib/python3.14/site-packages/pygments/lexers/stata.py'
'pygments/usr/lib/python3.14/site-packages/pygments/lexers/supercollider.py' -> '/usr/lib/python3.14/site-packages/pygments/lexers/supercollider.py'
'pygments/usr/lib/python3.14/site-packages/pygments/lexers/tablegen.py' -> '/usr/lib/python3.14/site-packages/pygments/lexers/tablegen.py'
'pygments/usr/lib/python3.14/site-packages/pygments/lexers/tact.py' -> '/usr/lib/python3.14/site-packages/pygments/lexers/tact.py'
'pygments/usr/lib/python3.14/site-packages/pygments/lexers/tal.py' -> '/usr/lib/python3.14/site-packages/pygments/lexers/tal.py'
'pygments/usr/lib/python3.14/site-packages/pygments/lexers/tcl.py' -> '/usr/lib/python3.14/site-packages/pygments/lexers/tcl.py'
'pygments/usr/lib/python3.14/site-packages/pygments/lexers/teal.py' -> '/usr/lib/python3.14/site-packages/pygments/lexers/teal.py'
'pygments/usr/lib/python3.14/site-packages/pygments/lexers/templates.py' -> '/usr/lib/python3.14/site-packages/pygments/lexers/templates.py'
'pygments/usr/lib/python3.14/site-packages/pygments/lexers/teraterm.py' -> '/usr/lib/python3.14/site-packages/pygments/lexers/teraterm.py'
'pygments/usr/lib/python3.14/site-packages/pygments/lexers/testing.py' -> '/usr/lib/python3.14/site-packages/pygments/lexers/testing.py'
'pygments/usr/lib/python3.14/site-packages/pygments/lexers/text.py' -> '/usr/lib/python3.14/site-packages/pygments/lexers/text.py'
'pygments/usr/lib/python3.14/site-packages/pygments/lexers/textedit.py' -> '/usr/lib/python3.14/site-packages/pygments/lexers/textedit.py'
'pygments/usr/lib/python3.14/site-packages/pygments/lexers/textfmts.py' -> '/usr/lib/python3.14/site-packages/pygments/lexers/textfmts.py'
'pygments/usr/lib/python3.14/site-packages/pygments/lexers/theorem.py' -> '/usr/lib/python3.14/site-packages/pygments/lexers/theorem.py'
'pygments/usr/lib/python3.14/site-packages/pygments/lexers/thingsdb.py' -> '/usr/lib/python3.14/site-packages/pygments/lexers/thingsdb.py'
'pygments/usr/lib/python3.14/site-packages/pygments/lexers/tlb.py' -> '/usr/lib/python3.14/site-packages/pygments/lexers/tlb.py'
'pygments/usr/lib/python3.14/site-packages/pygments/lexers/tls.py' -> '/usr/lib/python3.14/site-packages/pygments/lexers/tls.py'
'pygments/usr/lib/python3.14/site-packages/pygments/lexers/tnt.py' -> '/usr/lib/python3.14/site-packages/pygments/lexers/tnt.py'
'pygments/usr/lib/python3.14/site-packages/pygments/lexers/trafficscript.py' -> '/usr/lib/python3.14/site-packages/pygments/lexers/trafficscript.py'
'pygments/usr/lib/python3.14/site-packages/pygments/lexers/typoscript.py' -> '/usr/lib/python3.14/site-packages/pygments/lexers/typoscript.py'
'pygments/usr/lib/python3.14/site-packages/pygments/lexers/typst.py' -> '/usr/lib/python3.14/site-packages/pygments/lexers/typst.py'
'pygments/usr/lib/python3.14/site-packages/pygments/lexers/ul4.py' -> '/usr/lib/python3.14/site-packages/pygments/lexers/ul4.py'
'pygments/usr/lib/python3.14/site-packages/pygments/lexers/unicon.py' -> '/usr/lib/python3.14/site-packages/pygments/lexers/unicon.py'
'pygments/usr/lib/python3.14/site-packages/pygments/lexers/urbi.py' -> '/usr/lib/python3.14/site-packages/pygments/lexers/urbi.py'
'pygments/usr/lib/python3.14/site-packages/pygments/lexers/usd.py' -> '/usr/lib/python3.14/site-packages/pygments/lexers/usd.py'
'pygments/usr/lib/python3.14/site-packages/pygments/lexers/varnish.py' -> '/usr/lib/python3.14/site-packages/pygments/lexers/varnish.py'
'pygments/usr/lib/python3.14/site-packages/pygments/lexers/verification.py' -> '/usr/lib/python3.14/site-packages/pygments/lexers/verification.py'
'pygments/usr/lib/python3.14/site-packages/pygments/lexers/verifpal.py' -> '/usr/lib/python3.14/site-packages/pygments/lexers/verifpal.py'
'pygments/usr/lib/python3.14/site-packages/pygments/lexers/vip.py' -> '/usr/lib/python3.14/site-packages/pygments/lexers/vip.py'
'pygments/usr/lib/python3.14/site-packages/pygments/lexers/vyper.py' -> '/usr/lib/python3.14/site-packages/pygments/lexers/vyper.py'
'pygments/usr/lib/python3.14/site-packages/pygments/lexers/web.py' -> '/usr/lib/python3.14/site-packages/pygments/lexers/web.py'
'pygments/usr/lib/python3.14/site-packages/pygments/lexers/webassembly.py' -> '/usr/lib/python3.14/site-packages/pygments/lexers/webassembly.py'
'pygments/usr/lib/python3.14/site-packages/pygments/lexers/webidl.py' -> '/usr/lib/python3.14/site-packages/pygments/lexers/webidl.py'
'pygments/usr/lib/python3.14/site-packages/pygments/lexers/webmisc.py' -> '/usr/lib/python3.14/site-packages/pygments/lexers/webmisc.py'
'pygments/usr/lib/python3.14/site-packages/pygments/lexers/wgsl.py' -> '/usr/lib/python3.14/site-packages/pygments/lexers/wgsl.py'
'pygments/usr/lib/python3.14/site-packages/pygments/lexers/whiley.py' -> '/usr/lib/python3.14/site-packages/pygments/lexers/whiley.py'
'pygments/usr/lib/python3.14/site-packages/pygments/lexers/wowtoc.py' -> '/usr/lib/python3.14/site-packages/pygments/lexers/wowtoc.py'
'pygments/usr/lib/python3.14/site-packages/pygments/lexers/wren.py' -> '/usr/lib/python3.14/site-packages/pygments/lexers/wren.py'
'pygments/usr/lib/python3.14/site-packages/pygments/lexers/x10.py' -> '/usr/lib/python3.14/site-packages/pygments/lexers/x10.py'
'pygments/usr/lib/python3.14/site-packages/pygments/lexers/xorg.py' -> '/usr/lib/python3.14/site-packages/pygments/lexers/xorg.py'
'pygments/usr/lib/python3.14/site-packages/pygments/lexers/yang.py' -> '/usr/lib/python3.14/site-packages/pygments/lexers/yang.py'
'pygments/usr/lib/python3.14/site-packages/pygments/lexers/yara.py' -> '/usr/lib/python3.14/site-packages/pygments/lexers/yara.py'
'pygments/usr/lib/python3.14/site-packages/pygments/lexers/zig.py' -> '/usr/lib/python3.14/site-packages/pygments/lexers/zig.py'
'pygments/usr/lib/python3.14/site-packages/pygments/lexers/__pycache__/__init__.cpython-314.pyc' -> '/usr/lib/python3.14/site-packages/pygments/lexers/__pycache__/__init__.cpython-314.pyc'
'pygments/usr/lib/python3.14/site-packages/pygments/lexers/__pycache__/__init__.cpython-314.opt-1.pyc' -> '/usr/lib/python3.14/site-packages/pygments/lexers/__pycache__/__init__.cpython-314.opt-1.pyc'
'pygments/usr/lib/python3.14/site-packages/pygments/lexers/__pycache__/_ada_builtins.cpython-314.pyc' -> '/usr/lib/python3.14/site-packages/pygments/lexers/__pycache__/_ada_builtins.cpython-314.pyc'
'pygments/usr/lib/python3.14/site-packages/pygments/lexers/__pycache__/_ada_builtins.cpython-314.opt-1.pyc' -> '/usr/lib/python3.14/site-packages/pygments/lexers/__pycache__/_ada_builtins.cpython-314.opt-1.pyc'
'pygments/usr/lib/python3.14/site-packages/pygments/lexers/__pycache__/_asy_builtins.cpython-314.pyc' -> '/usr/lib/python3.14/site-packages/pygments/lexers/__pycache__/_asy_builtins.cpython-314.pyc'
'pygments/usr/lib/python3.14/site-packages/pygments/lexers/__pycache__/_asy_builtins.cpython-314.opt-1.pyc' -> '/usr/lib/python3.14/site-packages/pygments/lexers/__pycache__/_asy_builtins.cpython-314.opt-1.pyc'
'pygments/usr/lib/python3.14/site-packages/pygments/lexers/__pycache__/_cl_builtins.cpython-314.pyc' -> '/usr/lib/python3.14/site-packages/pygments/lexers/__pycache__/_cl_builtins.cpython-314.pyc'
'pygments/usr/lib/python3.14/site-packages/pygments/lexers/__pycache__/_cl_builtins.cpython-314.opt-1.pyc' -> '/usr/lib/python3.14/site-packages/pygments/lexers/__pycache__/_cl_builtins.cpython-314.opt-1.pyc'
'pygments/usr/lib/python3.14/site-packages/pygments/lexers/__pycache__/_cocoa_builtins.cpython-314.pyc' -> '/usr/lib/python3.14/site-packages/pygments/lexers/__pycache__/_cocoa_builtins.cpython-314.pyc'
'pygments/usr/lib/python3.14/site-packages/pygments/lexers/__pycache__/_cocoa_builtins.cpython-314.opt-1.pyc' -> '/usr/lib/python3.14/site-packages/pygments/lexers/__pycache__/_cocoa_builtins.cpython-314.opt-1.pyc'
'pygments/usr/lib/python3.14/site-packages/pygments/lexers/__pycache__/_csound_builtins.cpython-314.pyc' -> '/usr/lib/python3.14/site-packages/pygments/lexers/__pycache__/_csound_builtins.cpython-314.pyc'
'pygments/usr/lib/python3.14/site-packages/pygments/lexers/__pycache__/_csound_builtins.cpython-314.opt-1.pyc' -> '/usr/lib/python3.14/site-packages/pygments/lexers/__pycache__/_csound_builtins.cpython-314.opt-1.pyc'
'pygments/usr/lib/python3.14/site-packages/pygments/lexers/__pycache__/_css_builtins.cpython-314.pyc' -> '/usr/lib/python3.14/site-packages/pygments/lexers/__pycache__/_css_builtins.cpython-314.pyc'
'pygments/usr/lib/python3.14/site-packages/pygments/lexers/__pycache__/_css_builtins.cpython-314.opt-1.pyc' -> '/usr/lib/python3.14/site-packages/pygments/lexers/__pycache__/_css_builtins.cpython-314.opt-1.pyc'
'pygments/usr/lib/python3.14/site-packages/pygments/lexers/__pycache__/_googlesql_builtins.cpython-314.pyc' -> '/usr/lib/python3.14/site-packages/pygments/lexers/__pycache__/_googlesql_builtins.cpython-314.pyc'
'pygments/usr/lib/python3.14/site-packages/pygments/lexers/__pycache__/_googlesql_builtins.cpython-314.opt-1.pyc' -> '/usr/lib/python3.14/site-packages/pygments/lexers/__pycache__/_googlesql_builtins.cpython-314.opt-1.pyc'
'pygments/usr/lib/python3.14/site-packages/pygments/lexers/__pycache__/_julia_builtins.cpython-314.pyc' -> '/usr/lib/python3.14/site-packages/pygments/lexers/__pycache__/_julia_builtins.cpython-314.pyc'
'pygments/usr/lib/python3.14/site-packages/pygments/lexers/__pycache__/_julia_builtins.cpython-314.opt-1.pyc' -> '/usr/lib/python3.14/site-packages/pygments/lexers/__pycache__/_julia_builtins.cpython-314.opt-1.pyc'
'pygments/usr/lib/python3.14/site-packages/pygments/lexers/__pycache__/_lasso_builtins.cpython-314.pyc' -> '/usr/lib/python3.14/site-packages/pygments/lexers/__pycache__/_lasso_builtins.cpython-314.pyc'
'pygments/usr/lib/python3.14/site-packages/pygments/lexers/__pycache__/_lasso_builtins.cpython-314.opt-1.pyc' -> '/usr/lib/python3.14/site-packages/pygments/lexers/__pycache__/_lasso_builtins.cpython-314.opt-1.pyc'
'pygments/usr/lib/python3.14/site-packages/pygments/lexers/__pycache__/_lilypond_builtins.cpython-314.pyc' -> '/usr/lib/python3.14/site-packages/pygments/lexers/__pycache__/_lilypond_builtins.cpython-314.pyc'
'pygments/usr/lib/python3.14/site-packages/pygments/lexers/__pycache__/_lilypond_builtins.cpython-314.opt-1.pyc' -> '/usr/lib/python3.14/site-packages/pygments/lexers/__pycache__/_lilypond_builtins.cpython-314.opt-1.pyc'
'pygments/usr/lib/python3.14/site-packages/pygments/lexers/__pycache__/_lua_builtins.cpython-314.pyc' -> '/usr/lib/python3.14/site-packages/pygments/lexers/__pycache__/_lua_builtins.cpython-314.pyc'
'pygments/usr/lib/python3.14/site-packages/pygments/lexers/__pycache__/_lua_builtins.cpython-314.opt-1.pyc' -> '/usr/lib/python3.14/site-packages/pygments/lexers/__pycache__/_lua_builtins.cpython-314.opt-1.pyc'
'pygments/usr/lib/python3.14/site-packages/pygments/lexers/__pycache__/_luau_builtins.cpython-314.pyc' -> '/usr/lib/python3.14/site-packages/pygments/lexers/__pycache__/_luau_builtins.cpython-314.pyc'
'pygments/usr/lib/python3.14/site-packages/pygments/lexers/__pycache__/_luau_builtins.cpython-314.opt-1.pyc' -> '/usr/lib/python3.14/site-packages/pygments/lexers/__pycache__/_luau_builtins.cpython-314.opt-1.pyc'
'pygments/usr/lib/python3.14/site-packages/pygments/lexers/__pycache__/_mapping.cpython-314.pyc' -> '/usr/lib/python3.14/site-packages/pygments/lexers/__pycache__/_mapping.cpython-314.pyc'
'pygments/usr/lib/python3.14/site-packages/pygments/lexers/__pycache__/_mapping.cpython-314.opt-1.pyc' -> '/usr/lib/python3.14/site-packages/pygments/lexers/__pycache__/_mapping.cpython-314.opt-1.pyc'
'pygments/usr/lib/python3.14/site-packages/pygments/lexers/__pycache__/_mql_builtins.cpython-314.pyc' -> '/usr/lib/python3.14/site-packages/pygments/lexers/__pycache__/_mql_builtins.cpython-314.pyc'
'pygments/usr/lib/python3.14/site-packages/pygments/lexers/__pycache__/_mql_builtins.cpython-314.opt-1.pyc' -> '/usr/lib/python3.14/site-packages/pygments/lexers/__pycache__/_mql_builtins.cpython-314.opt-1.pyc'
'pygments/usr/lib/python3.14/site-packages/pygments/lexers/__pycache__/_mysql_builtins.cpython-314.pyc' -> '/usr/lib/python3.14/site-packages/pygments/lexers/__pycache__/_mysql_builtins.cpython-314.pyc'
'pygments/usr/lib/python3.14/site-packages/pygments/lexers/__pycache__/_mysql_builtins.cpython-314.opt-1.pyc' -> '/usr/lib/python3.14/site-packages/pygments/lexers/__pycache__/_mysql_builtins.cpython-314.opt-1.pyc'
'pygments/usr/lib/python3.14/site-packages/pygments/lexers/__pycache__/_openedge_builtins.cpython-314.pyc' -> '/usr/lib/python3.14/site-packages/pygments/lexers/__pycache__/_openedge_builtins.cpython-314.pyc'
'pygments/usr/lib/python3.14/site-packages/pygments/lexers/__pycache__/_openedge_builtins.cpython-314.opt-1.pyc' -> '/usr/lib/python3.14/site-packages/pygments/lexers/__pycache__/_openedge_builtins.cpython-314.opt-1.pyc'
'pygments/usr/lib/python3.14/site-packages/pygments/lexers/__pycache__/_php_builtins.cpython-314.pyc' -> '/usr/lib/python3.14/site-packages/pygments/lexers/__pycache__/_php_builtins.cpython-314.pyc'
'pygments/usr/lib/python3.14/site-packages/pygments/lexers/__pycache__/_php_builtins.cpython-314.opt-1.pyc' -> '/usr/lib/python3.14/site-packages/pygments/lexers/__pycache__/_php_builtins.cpython-314.opt-1.pyc'
'pygments/usr/lib/python3.14/site-packages/pygments/lexers/__pycache__/_postgres_builtins.cpython-314.pyc' -> '/usr/lib/python3.14/site-packages/pygments/lexers/__pycache__/_postgres_builtins.cpython-314.pyc'
'pygments/usr/lib/python3.14/site-packages/pygments/lexers/__pycache__/_postgres_builtins.cpython-314.opt-1.pyc' -> '/usr/lib/python3.14/site-packages/pygments/lexers/__pycache__/_postgres_builtins.cpython-314.opt-1.pyc'
'pygments/usr/lib/python3.14/site-packages/pygments/lexers/__pycache__/_qlik_builtins.cpython-314.pyc' -> '/usr/lib/python3.14/site-packages/pygments/lexers/__pycache__/_qlik_builtins.cpython-314.pyc'
'pygments/usr/lib/python3.14/site-packages/pygments/lexers/__pycache__/_qlik_builtins.cpython-314.opt-1.pyc' -> '/usr/lib/python3.14/site-packages/pygments/lexers/__pycache__/_qlik_builtins.cpython-314.opt-1.pyc'
'pygments/usr/lib/python3.14/site-packages/pygments/lexers/__pycache__/_scheme_builtins.cpython-314.pyc' -> '/usr/lib/python3.14/site-packages/pygments/lexers/__pycache__/_scheme_builtins.cpython-314.pyc'
'pygments/usr/lib/python3.14/site-packages/pygments/lexers/__pycache__/_scheme_builtins.cpython-314.opt-1.pyc' -> '/usr/lib/python3.14/site-packages/pygments/lexers/__pycache__/_scheme_builtins.cpython-314.opt-1.pyc'
'pygments/usr/lib/python3.14/site-packages/pygments/lexers/__pycache__/_scilab_builtins.cpython-314.pyc' -> '/usr/lib/python3.14/site-packages/pygments/lexers/__pycache__/_scilab_builtins.cpython-314.pyc'
'pygments/usr/lib/python3.14/site-packages/pygments/lexers/__pycache__/_scilab_builtins.cpython-314.opt-1.pyc' -> '/usr/lib/python3.14/site-packages/pygments/lexers/__pycache__/_scilab_builtins.cpython-314.opt-1.pyc'
'pygments/usr/lib/python3.14/site-packages/pygments/lexers/__pycache__/_sourcemod_builtins.cpython-314.pyc' -> '/usr/lib/python3.14/site-packages/pygments/lexers/__pycache__/_sourcemod_builtins.cpython-314.pyc'
'pygments/usr/lib/python3.14/site-packages/pygments/lexers/__pycache__/_sourcemod_builtins.cpython-314.opt-1.pyc' -> '/usr/lib/python3.14/site-packages/pygments/lexers/__pycache__/_sourcemod_builtins.cpython-314.opt-1.pyc'
'pygments/usr/lib/python3.14/site-packages/pygments/lexers/__pycache__/_sql_builtins.cpython-314.pyc' -> '/usr/lib/python3.14/site-packages/pygments/lexers/__pycache__/_sql_builtins.cpython-314.pyc'
'pygments/usr/lib/python3.14/site-packages/pygments/lexers/__pycache__/_sql_builtins.cpython-314.opt-1.pyc' -> '/usr/lib/python3.14/site-packages/pygments/lexers/__pycache__/_sql_builtins.cpython-314.opt-1.pyc'
'pygments/usr/lib/python3.14/site-packages/pygments/lexers/__pycache__/_stan_builtins.cpython-314.pyc' -> '/usr/lib/python3.14/site-packages/pygments/lexers/__pycache__/_stan_builtins.cpython-314.pyc'
'pygments/usr/lib/python3.14/site-packages/pygments/lexers/__pycache__/_stan_builtins.cpython-314.opt-1.pyc' -> '/usr/lib/python3.14/site-packages/pygments/lexers/__pycache__/_stan_builtins.cpython-314.opt-1.pyc'
'pygments/usr/lib/python3.14/site-packages/pygments/lexers/__pycache__/_stata_builtins.cpython-314.pyc' -> '/usr/lib/python3.14/site-packages/pygments/lexers/__pycache__/_stata_builtins.cpython-314.pyc'
'pygments/usr/lib/python3.14/site-packages/pygments/lexers/__pycache__/_stata_builtins.cpython-314.opt-1.pyc' -> '/usr/lib/python3.14/site-packages/pygments/lexers/__pycache__/_stata_builtins.cpython-314.opt-1.pyc'
'pygments/usr/lib/python3.14/site-packages/pygments/lexers/__pycache__/_tsql_builtins.cpython-314.pyc' -> '/usr/lib/python3.14/site-packages/pygments/lexers/__pycache__/_tsql_builtins.cpython-314.pyc'
'pygments/usr/lib/python3.14/site-packages/pygments/lexers/__pycache__/_tsql_builtins.cpython-314.opt-1.pyc' -> '/usr/lib/python3.14/site-packages/pygments/lexers/__pycache__/_tsql_builtins.cpython-314.opt-1.pyc'
'pygments/usr/lib/python3.14/site-packages/pygments/lexers/__pycache__/_usd_builtins.cpython-314.pyc' -> '/usr/lib/python3.14/site-packages/pygments/lexers/__pycache__/_usd_builtins.cpython-314.pyc'
'pygments/usr/lib/python3.14/site-packages/pygments/lexers/__pycache__/_usd_builtins.cpython-314.opt-1.pyc' -> '/usr/lib/python3.14/site-packages/pygments/lexers/__pycache__/_usd_builtins.cpython-314.opt-1.pyc'
'pygments/usr/lib/python3.14/site-packages/pygments/lexers/__pycache__/_vbscript_builtins.cpython-314.pyc' -> '/usr/lib/python3.14/site-packages/pygments/lexers/__pycache__/_vbscript_builtins.cpython-314.pyc'
'pygments/usr/lib/python3.14/site-packages/pygments/lexers/__pycache__/_vbscript_builtins.cpython-314.opt-1.pyc' -> '/usr/lib/python3.14/site-packages/pygments/lexers/__pycache__/_vbscript_builtins.cpython-314.opt-1.pyc'
'pygments/usr/lib/python3.14/site-packages/pygments/lexers/__pycache__/_vim_builtins.cpython-314.pyc' -> '/usr/lib/python3.14/site-packages/pygments/lexers/__pycache__/_vim_builtins.cpython-314.pyc'
'pygments/usr/lib/python3.14/site-packages/pygments/lexers/__pycache__/_vim_builtins.cpython-314.opt-1.pyc' -> '/usr/lib/python3.14/site-packages/pygments/lexers/__pycache__/_vim_builtins.cpython-314.opt-1.pyc'
'pygments/usr/lib/python3.14/site-packages/pygments/lexers/__pycache__/actionscript.cpython-314.pyc' -> '/usr/lib/python3.14/site-packages/pygments/lexers/__pycache__/actionscript.cpython-314.pyc'
'pygments/usr/lib/python3.14/site-packages/pygments/lexers/__pycache__/actionscript.cpython-314.opt-1.pyc' -> '/usr/lib/python3.14/site-packages/pygments/lexers/__pycache__/actionscript.cpython-314.opt-1.pyc'
'pygments/usr/lib/python3.14/site-packages/pygments/lexers/__pycache__/ada.cpython-314.pyc' -> '/usr/lib/python3.14/site-packages/pygments/lexers/__pycache__/ada.cpython-314.pyc'
'pygments/usr/lib/python3.14/site-packages/pygments/lexers/__pycache__/ada.cpython-314.opt-1.pyc' -> '/usr/lib/python3.14/site-packages/pygments/lexers/__pycache__/ada.cpython-314.opt-1.pyc'
'pygments/usr/lib/python3.14/site-packages/pygments/lexers/__pycache__/agile.cpython-314.pyc' -> '/usr/lib/python3.14/site-packages/pygments/lexers/__pycache__/agile.cpython-314.pyc'
'pygments/usr/lib/python3.14/site-packages/pygments/lexers/__pycache__/agile.cpython-314.opt-1.pyc' -> '/usr/lib/python3.14/site-packages/pygments/lexers/__pycache__/agile.cpython-314.opt-1.pyc'
'pygments/usr/lib/python3.14/site-packages/pygments/lexers/__pycache__/algebra.cpython-314.pyc' -> '/usr/lib/python3.14/site-packages/pygments/lexers/__pycache__/algebra.cpython-314.pyc'
'pygments/usr/lib/python3.14/site-packages/pygments/lexers/__pycache__/algebra.cpython-314.opt-1.pyc' -> '/usr/lib/python3.14/site-packages/pygments/lexers/__pycache__/algebra.cpython-314.opt-1.pyc'
'pygments/usr/lib/python3.14/site-packages/pygments/lexers/__pycache__/ambient.cpython-314.pyc' -> '/usr/lib/python3.14/site-packages/pygments/lexers/__pycache__/ambient.cpython-314.pyc'
'pygments/usr/lib/python3.14/site-packages/pygments/lexers/__pycache__/ambient.cpython-314.opt-1.pyc' -> '/usr/lib/python3.14/site-packages/pygments/lexers/__pycache__/ambient.cpython-314.opt-1.pyc'
'pygments/usr/lib/python3.14/site-packages/pygments/lexers/__pycache__/amdgpu.cpython-314.pyc' -> '/usr/lib/python3.14/site-packages/pygments/lexers/__pycache__/amdgpu.cpython-314.pyc'
'pygments/usr/lib/python3.14/site-packages/pygments/lexers/__pycache__/amdgpu.cpython-314.opt-1.pyc' -> '/usr/lib/python3.14/site-packages/pygments/lexers/__pycache__/amdgpu.cpython-314.opt-1.pyc'
'pygments/usr/lib/python3.14/site-packages/pygments/lexers/__pycache__/ampl.cpython-314.pyc' -> '/usr/lib/python3.14/site-packages/pygments/lexers/__pycache__/ampl.cpython-314.pyc'
'pygments/usr/lib/python3.14/site-packages/pygments/lexers/__pycache__/ampl.cpython-314.opt-1.pyc' -> '/usr/lib/python3.14/site-packages/pygments/lexers/__pycache__/ampl.cpython-314.opt-1.pyc'
'pygments/usr/lib/python3.14/site-packages/pygments/lexers/__pycache__/apdlexer.cpython-314.pyc' -> '/usr/lib/python3.14/site-packages/pygments/lexers/__pycache__/apdlexer.cpython-314.pyc'
'pygments/usr/lib/python3.14/site-packages/pygments/lexers/__pycache__/apdlexer.cpython-314.opt-1.pyc' -> '/usr/lib/python3.14/site-packages/pygments/lexers/__pycache__/apdlexer.cpython-314.opt-1.pyc'
'pygments/usr/lib/python3.14/site-packages/pygments/lexers/__pycache__/apl.cpython-314.pyc' -> '/usr/lib/python3.14/site-packages/pygments/lexers/__pycache__/apl.cpython-314.pyc'
'pygments/usr/lib/python3.14/site-packages/pygments/lexers/__pycache__/apl.cpython-314.opt-1.pyc' -> '/usr/lib/python3.14/site-packages/pygments/lexers/__pycache__/apl.cpython-314.opt-1.pyc'
'pygments/usr/lib/python3.14/site-packages/pygments/lexers/__pycache__/archetype.cpython-314.pyc' -> '/usr/lib/python3.14/site-packages/pygments/lexers/__pycache__/archetype.cpython-314.pyc'
'pygments/usr/lib/python3.14/site-packages/pygments/lexers/__pycache__/archetype.cpython-314.opt-1.pyc' -> '/usr/lib/python3.14/site-packages/pygments/lexers/__pycache__/archetype.cpython-314.opt-1.pyc'
'pygments/usr/lib/python3.14/site-packages/pygments/lexers/__pycache__/arrow.cpython-314.pyc' -> '/usr/lib/python3.14/site-packages/pygments/lexers/__pycache__/arrow.cpython-314.pyc'
'pygments/usr/lib/python3.14/site-packages/pygments/lexers/__pycache__/arrow.cpython-314.opt-1.pyc' -> '/usr/lib/python3.14/site-packages/pygments/lexers/__pycache__/arrow.cpython-314.opt-1.pyc'
'pygments/usr/lib/python3.14/site-packages/pygments/lexers/__pycache__/arturo.cpython-314.pyc' -> '/usr/lib/python3.14/site-packages/pygments/lexers/__pycache__/arturo.cpython-314.pyc'
'pygments/usr/lib/python3.14/site-packages/pygments/lexers/__pycache__/arturo.cpython-314.opt-1.pyc' -> '/usr/lib/python3.14/site-packages/pygments/lexers/__pycache__/arturo.cpython-314.opt-1.pyc'
'pygments/usr/lib/python3.14/site-packages/pygments/lexers/__pycache__/asc.cpython-314.pyc' -> '/usr/lib/python3.14/site-packages/pygments/lexers/__pycache__/asc.cpython-314.pyc'
'pygments/usr/lib/python3.14/site-packages/pygments/lexers/__pycache__/asc.cpython-314.opt-1.pyc' -> '/usr/lib/python3.14/site-packages/pygments/lexers/__pycache__/asc.cpython-314.opt-1.pyc'
'pygments/usr/lib/python3.14/site-packages/pygments/lexers/__pycache__/asm.cpython-314.pyc' -> '/usr/lib/python3.14/site-packages/pygments/lexers/__pycache__/asm.cpython-314.pyc'
'pygments/usr/lib/python3.14/site-packages/pygments/lexers/__pycache__/asm.cpython-314.opt-1.pyc' -> '/usr/lib/python3.14/site-packages/pygments/lexers/__pycache__/asm.cpython-314.opt-1.pyc'
'pygments/usr/lib/python3.14/site-packages/pygments/lexers/__pycache__/asn1.cpython-314.pyc' -> '/usr/lib/python3.14/site-packages/pygments/lexers/__pycache__/asn1.cpython-314.pyc'
'pygments/usr/lib/python3.14/site-packages/pygments/lexers/__pycache__/asn1.cpython-314.opt-1.pyc' -> '/usr/lib/python3.14/site-packages/pygments/lexers/__pycache__/asn1.cpython-314.opt-1.pyc'
'pygments/usr/lib/python3.14/site-packages/pygments/lexers/__pycache__/automation.cpython-314.pyc' -> '/usr/lib/python3.14/site-packages/pygments/lexers/__pycache__/automation.cpython-314.pyc'
'pygments/usr/lib/python3.14/site-packages/pygments/lexers/__pycache__/automation.cpython-314.opt-1.pyc' -> '/usr/lib/python3.14/site-packages/pygments/lexers/__pycache__/automation.cpython-314.opt-1.pyc'
'pygments/usr/lib/python3.14/site-packages/pygments/lexers/__pycache__/bare.cpython-314.pyc' -> '/usr/lib/python3.14/site-packages/pygments/lexers/__pycache__/bare.cpython-314.pyc'
'pygments/usr/lib/python3.14/site-packages/pygments/lexers/__pycache__/bare.cpython-314.opt-1.pyc' -> '/usr/lib/python3.14/site-packages/pygments/lexers/__pycache__/bare.cpython-314.opt-1.pyc'
'pygments/usr/lib/python3.14/site-packages/pygments/lexers/__pycache__/basic.cpython-314.pyc' -> '/usr/lib/python3.14/site-packages/pygments/lexers/__pycache__/basic.cpython-314.pyc'
'pygments/usr/lib/python3.14/site-packages/pygments/lexers/__pycache__/basic.cpython-314.opt-1.pyc' -> '/usr/lib/python3.14/site-packages/pygments/lexers/__pycache__/basic.cpython-314.opt-1.pyc'
'pygments/usr/lib/python3.14/site-packages/pygments/lexers/__pycache__/bdd.cpython-314.pyc' -> '/usr/lib/python3.14/site-packages/pygments/lexers/__pycache__/bdd.cpython-314.pyc'
'pygments/usr/lib/python3.14/site-packages/pygments/lexers/__pycache__/bdd.cpython-314.opt-1.pyc' -> '/usr/lib/python3.14/site-packages/pygments/lexers/__pycache__/bdd.cpython-314.opt-1.pyc'
'pygments/usr/lib/python3.14/site-packages/pygments/lexers/__pycache__/berry.cpython-314.pyc' -> '/usr/lib/python3.14/site-packages/pygments/lexers/__pycache__/berry.cpython-314.pyc'
'pygments/usr/lib/python3.14/site-packages/pygments/lexers/__pycache__/berry.cpython-314.opt-1.pyc' -> '/usr/lib/python3.14/site-packages/pygments/lexers/__pycache__/berry.cpython-314.opt-1.pyc'
'pygments/usr/lib/python3.14/site-packages/pygments/lexers/__pycache__/bibtex.cpython-314.pyc' -> '/usr/lib/python3.14/site-packages/pygments/lexers/__pycache__/bibtex.cpython-314.pyc'
'pygments/usr/lib/python3.14/site-packages/pygments/lexers/__pycache__/bibtex.cpython-314.opt-1.pyc' -> '/usr/lib/python3.14/site-packages/pygments/lexers/__pycache__/bibtex.cpython-314.opt-1.pyc'
'pygments/usr/lib/python3.14/site-packages/pygments/lexers/__pycache__/blueprint.cpython-314.pyc' -> '/usr/lib/python3.14/site-packages/pygments/lexers/__pycache__/blueprint.cpython-314.pyc'
'pygments/usr/lib/python3.14/site-packages/pygments/lexers/__pycache__/blueprint.cpython-314.opt-1.pyc' -> '/usr/lib/python3.14/site-packages/pygments/lexers/__pycache__/blueprint.cpython-314.opt-1.pyc'
'pygments/usr/lib/python3.14/site-packages/pygments/lexers/__pycache__/boa.cpython-314.pyc' -> '/usr/lib/python3.14/site-packages/pygments/lexers/__pycache__/boa.cpython-314.pyc'
'pygments/usr/lib/python3.14/site-packages/pygments/lexers/__pycache__/boa.cpython-314.opt-1.pyc' -> '/usr/lib/python3.14/site-packages/pygments/lexers/__pycache__/boa.cpython-314.opt-1.pyc'
'pygments/usr/lib/python3.14/site-packages/pygments/lexers/__pycache__/bqn.cpython-314.pyc' -> '/usr/lib/python3.14/site-packages/pygments/lexers/__pycache__/bqn.cpython-314.pyc'
'pygments/usr/lib/python3.14/site-packages/pygments/lexers/__pycache__/bqn.cpython-314.opt-1.pyc' -> '/usr/lib/python3.14/site-packages/pygments/lexers/__pycache__/bqn.cpython-314.opt-1.pyc'
'pygments/usr/lib/python3.14/site-packages/pygments/lexers/__pycache__/business.cpython-314.pyc' -> '/usr/lib/python3.14/site-packages/pygments/lexers/__pycache__/business.cpython-314.pyc'
'pygments/usr/lib/python3.14/site-packages/pygments/lexers/__pycache__/business.cpython-314.opt-1.pyc' -> '/usr/lib/python3.14/site-packages/pygments/lexers/__pycache__/business.cpython-314.opt-1.pyc'
'pygments/usr/lib/python3.14/site-packages/pygments/lexers/__pycache__/c_cpp.cpython-314.pyc' -> '/usr/lib/python3.14/site-packages/pygments/lexers/__pycache__/c_cpp.cpython-314.pyc'
'pygments/usr/lib/python3.14/site-packages/pygments/lexers/__pycache__/c_cpp.cpython-314.opt-1.pyc' -> '/usr/lib/python3.14/site-packages/pygments/lexers/__pycache__/c_cpp.cpython-314.opt-1.pyc'
'pygments/usr/lib/python3.14/site-packages/pygments/lexers/__pycache__/c_like.cpython-314.pyc' -> '/usr/lib/python3.14/site-packages/pygments/lexers/__pycache__/c_like.cpython-314.pyc'
'pygments/usr/lib/python3.14/site-packages/pygments/lexers/__pycache__/c_like.cpython-314.opt-1.pyc' -> '/usr/lib/python3.14/site-packages/pygments/lexers/__pycache__/c_like.cpython-314.opt-1.pyc'
'pygments/usr/lib/python3.14/site-packages/pygments/lexers/__pycache__/capnproto.cpython-314.pyc' -> '/usr/lib/python3.14/site-packages/pygments/lexers/__pycache__/capnproto.cpython-314.pyc'
'pygments/usr/lib/python3.14/site-packages/pygments/lexers/__pycache__/capnproto.cpython-314.opt-1.pyc' -> '/usr/lib/python3.14/site-packages/pygments/lexers/__pycache__/capnproto.cpython-314.opt-1.pyc'
'pygments/usr/lib/python3.14/site-packages/pygments/lexers/__pycache__/carbon.cpython-314.pyc' -> '/usr/lib/python3.14/site-packages/pygments/lexers/__pycache__/carbon.cpython-314.pyc'
'pygments/usr/lib/python3.14/site-packages/pygments/lexers/__pycache__/carbon.cpython-314.opt-1.pyc' -> '/usr/lib/python3.14/site-packages/pygments/lexers/__pycache__/carbon.cpython-314.opt-1.pyc'
'pygments/usr/lib/python3.14/site-packages/pygments/lexers/__pycache__/cddl.cpython-314.pyc' -> '/usr/lib/python3.14/site-packages/pygments/lexers/__pycache__/cddl.cpython-314.pyc'
'pygments/usr/lib/python3.14/site-packages/pygments/lexers/__pycache__/cddl.cpython-314.opt-1.pyc' -> '/usr/lib/python3.14/site-packages/pygments/lexers/__pycache__/cddl.cpython-314.opt-1.pyc'
'pygments/usr/lib/python3.14/site-packages/pygments/lexers/__pycache__/chapel.cpython-314.pyc' -> '/usr/lib/python3.14/site-packages/pygments/lexers/__pycache__/chapel.cpython-314.pyc'
'pygments/usr/lib/python3.14/site-packages/pygments/lexers/__pycache__/chapel.cpython-314.opt-1.pyc' -> '/usr/lib/python3.14/site-packages/pygments/lexers/__pycache__/chapel.cpython-314.opt-1.pyc'
'pygments/usr/lib/python3.14/site-packages/pygments/lexers/__pycache__/clean.cpython-314.pyc' -> '/usr/lib/python3.14/site-packages/pygments/lexers/__pycache__/clean.cpython-314.pyc'
'pygments/usr/lib/python3.14/site-packages/pygments/lexers/__pycache__/clean.cpython-314.opt-1.pyc' -> '/usr/lib/python3.14/site-packages/pygments/lexers/__pycache__/clean.cpython-314.opt-1.pyc'
'pygments/usr/lib/python3.14/site-packages/pygments/lexers/__pycache__/codeql.cpython-314.pyc' -> '/usr/lib/python3.14/site-packages/pygments/lexers/__pycache__/codeql.cpython-314.pyc'
'pygments/usr/lib/python3.14/site-packages/pygments/lexers/__pycache__/codeql.cpython-314.opt-1.pyc' -> '/usr/lib/python3.14/site-packages/pygments/lexers/__pycache__/codeql.cpython-314.opt-1.pyc'
'pygments/usr/lib/python3.14/site-packages/pygments/lexers/__pycache__/comal.cpython-314.pyc' -> '/usr/lib/python3.14/site-packages/pygments/lexers/__pycache__/comal.cpython-314.pyc'
'pygments/usr/lib/python3.14/site-packages/pygments/lexers/__pycache__/comal.cpython-314.opt-1.pyc' -> '/usr/lib/python3.14/site-packages/pygments/lexers/__pycache__/comal.cpython-314.opt-1.pyc'
'pygments/usr/lib/python3.14/site-packages/pygments/lexers/__pycache__/compiled.cpython-314.pyc' -> '/usr/lib/python3.14/site-packages/pygments/lexers/__pycache__/compiled.cpython-314.pyc'
'pygments/usr/lib/python3.14/site-packages/pygments/lexers/__pycache__/compiled.cpython-314.opt-1.pyc' -> '/usr/lib/python3.14/site-packages/pygments/lexers/__pycache__/compiled.cpython-314.opt-1.pyc'
'pygments/usr/lib/python3.14/site-packages/pygments/lexers/__pycache__/configs.cpython-314.pyc' -> '/usr/lib/python3.14/site-packages/pygments/lexers/__pycache__/configs.cpython-314.pyc'
'pygments/usr/lib/python3.14/site-packages/pygments/lexers/__pycache__/configs.cpython-314.opt-1.pyc' -> '/usr/lib/python3.14/site-packages/pygments/lexers/__pycache__/configs.cpython-314.opt-1.pyc'
'pygments/usr/lib/python3.14/site-packages/pygments/lexers/__pycache__/console.cpython-314.pyc' -> '/usr/lib/python3.14/site-packages/pygments/lexers/__pycache__/console.cpython-314.pyc'
'pygments/usr/lib/python3.14/site-packages/pygments/lexers/__pycache__/console.cpython-314.opt-1.pyc' -> '/usr/lib/python3.14/site-packages/pygments/lexers/__pycache__/console.cpython-314.opt-1.pyc'
'pygments/usr/lib/python3.14/site-packages/pygments/lexers/__pycache__/cplint.cpython-314.pyc' -> '/usr/lib/python3.14/site-packages/pygments/lexers/__pycache__/cplint.cpython-314.pyc'
'pygments/usr/lib/python3.14/site-packages/pygments/lexers/__pycache__/cplint.cpython-314.opt-1.pyc' -> '/usr/lib/python3.14/site-packages/pygments/lexers/__pycache__/cplint.cpython-314.opt-1.pyc'
'pygments/usr/lib/python3.14/site-packages/pygments/lexers/__pycache__/crystal.cpython-314.pyc' -> '/usr/lib/python3.14/site-packages/pygments/lexers/__pycache__/crystal.cpython-314.pyc'
'pygments/usr/lib/python3.14/site-packages/pygments/lexers/__pycache__/crystal.cpython-314.opt-1.pyc' -> '/usr/lib/python3.14/site-packages/pygments/lexers/__pycache__/crystal.cpython-314.opt-1.pyc'
'pygments/usr/lib/python3.14/site-packages/pygments/lexers/__pycache__/csound.cpython-314.pyc' -> '/usr/lib/python3.14/site-packages/pygments/lexers/__pycache__/csound.cpython-314.pyc'
'pygments/usr/lib/python3.14/site-packages/pygments/lexers/__pycache__/csound.cpython-314.opt-1.pyc' -> '/usr/lib/python3.14/site-packages/pygments/lexers/__pycache__/csound.cpython-314.opt-1.pyc'
'pygments/usr/lib/python3.14/site-packages/pygments/lexers/__pycache__/css.cpython-314.pyc' -> '/usr/lib/python3.14/site-packages/pygments/lexers/__pycache__/css.cpython-314.pyc'
'pygments/usr/lib/python3.14/site-packages/pygments/lexers/__pycache__/css.cpython-314.opt-1.pyc' -> '/usr/lib/python3.14/site-packages/pygments/lexers/__pycache__/css.cpython-314.opt-1.pyc'
'pygments/usr/lib/python3.14/site-packages/pygments/lexers/__pycache__/d.cpython-314.pyc' -> '/usr/lib/python3.14/site-packages/pygments/lexers/__pycache__/d.cpython-314.pyc'
'pygments/usr/lib/python3.14/site-packages/pygments/lexers/__pycache__/d.cpython-314.opt-1.pyc' -> '/usr/lib/python3.14/site-packages/pygments/lexers/__pycache__/d.cpython-314.opt-1.pyc'
'pygments/usr/lib/python3.14/site-packages/pygments/lexers/__pycache__/dalvik.cpython-314.pyc' -> '/usr/lib/python3.14/site-packages/pygments/lexers/__pycache__/dalvik.cpython-314.pyc'
'pygments/usr/lib/python3.14/site-packages/pygments/lexers/__pycache__/dalvik.cpython-314.opt-1.pyc' -> '/usr/lib/python3.14/site-packages/pygments/lexers/__pycache__/dalvik.cpython-314.opt-1.pyc'
'pygments/usr/lib/python3.14/site-packages/pygments/lexers/__pycache__/data.cpython-314.pyc' -> '/usr/lib/python3.14/site-packages/pygments/lexers/__pycache__/data.cpython-314.pyc'
'pygments/usr/lib/python3.14/site-packages/pygments/lexers/__pycache__/data.cpython-314.opt-1.pyc' -> '/usr/lib/python3.14/site-packages/pygments/lexers/__pycache__/data.cpython-314.opt-1.pyc'
'pygments/usr/lib/python3.14/site-packages/pygments/lexers/__pycache__/dax.cpython-314.pyc' -> '/usr/lib/python3.14/site-packages/pygments/lexers/__pycache__/dax.cpython-314.pyc'
'pygments/usr/lib/python3.14/site-packages/pygments/lexers/__pycache__/dax.cpython-314.opt-1.pyc' -> '/usr/lib/python3.14/site-packages/pygments/lexers/__pycache__/dax.cpython-314.opt-1.pyc'
'pygments/usr/lib/python3.14/site-packages/pygments/lexers/__pycache__/devicetree.cpython-314.pyc' -> '/usr/lib/python3.14/site-packages/pygments/lexers/__pycache__/devicetree.cpython-314.pyc'
'pygments/usr/lib/python3.14/site-packages/pygments/lexers/__pycache__/devicetree.cpython-314.opt-1.pyc' -> '/usr/lib/python3.14/site-packages/pygments/lexers/__pycache__/devicetree.cpython-314.opt-1.pyc'
'pygments/usr/lib/python3.14/site-packages/pygments/lexers/__pycache__/diff.cpython-314.pyc' -> '/usr/lib/python3.14/site-packages/pygments/lexers/__pycache__/diff.cpython-314.pyc'
'pygments/usr/lib/python3.14/site-packages/pygments/lexers/__pycache__/diff.cpython-314.opt-1.pyc' -> '/usr/lib/python3.14/site-packages/pygments/lexers/__pycache__/diff.cpython-314.opt-1.pyc'
'pygments/usr/lib/python3.14/site-packages/pygments/lexers/__pycache__/dns.cpython-314.pyc' -> '/usr/lib/python3.14/site-packages/pygments/lexers/__pycache__/dns.cpython-314.pyc'
'pygments/usr/lib/python3.14/site-packages/pygments/lexers/__pycache__/dns.cpython-314.opt-1.pyc' -> '/usr/lib/python3.14/site-packages/pygments/lexers/__pycache__/dns.cpython-314.opt-1.pyc'
'pygments/usr/lib/python3.14/site-packages/pygments/lexers/__pycache__/dotnet.cpython-314.pyc' -> '/usr/lib/python3.14/site-packages/pygments/lexers/__pycache__/dotnet.cpython-314.pyc'
'pygments/usr/lib/python3.14/site-packages/pygments/lexers/__pycache__/dotnet.cpython-314.opt-1.pyc' -> '/usr/lib/python3.14/site-packages/pygments/lexers/__pycache__/dotnet.cpython-314.opt-1.pyc'
'pygments/usr/lib/python3.14/site-packages/pygments/lexers/__pycache__/dsls.cpython-314.pyc' -> '/usr/lib/python3.14/site-packages/pygments/lexers/__pycache__/dsls.cpython-314.pyc'
'pygments/usr/lib/python3.14/site-packages/pygments/lexers/__pycache__/dsls.cpython-314.opt-1.pyc' -> '/usr/lib/python3.14/site-packages/pygments/lexers/__pycache__/dsls.cpython-314.opt-1.pyc'
'pygments/usr/lib/python3.14/site-packages/pygments/lexers/__pycache__/dylan.cpython-314.pyc' -> '/usr/lib/python3.14/site-packages/pygments/lexers/__pycache__/dylan.cpython-314.pyc'
'pygments/usr/lib/python3.14/site-packages/pygments/lexers/__pycache__/dylan.cpython-314.opt-1.pyc' -> '/usr/lib/python3.14/site-packages/pygments/lexers/__pycache__/dylan.cpython-314.opt-1.pyc'
'pygments/usr/lib/python3.14/site-packages/pygments/lexers/__pycache__/ecl.cpython-314.pyc' -> '/usr/lib/python3.14/site-packages/pygments/lexers/__pycache__/ecl.cpython-314.pyc'
'pygments/usr/lib/python3.14/site-packages/pygments/lexers/__pycache__/ecl.cpython-314.opt-1.pyc' -> '/usr/lib/python3.14/site-packages/pygments/lexers/__pycache__/ecl.cpython-314.opt-1.pyc'
'pygments/usr/lib/python3.14/site-packages/pygments/lexers/__pycache__/eiffel.cpython-314.pyc' -> '/usr/lib/python3.14/site-packages/pygments/lexers/__pycache__/eiffel.cpython-314.pyc'
'pygments/usr/lib/python3.14/site-packages/pygments/lexers/__pycache__/eiffel.cpython-314.opt-1.pyc' -> '/usr/lib/python3.14/site-packages/pygments/lexers/__pycache__/eiffel.cpython-314.opt-1.pyc'
'pygments/usr/lib/python3.14/site-packages/pygments/lexers/__pycache__/elm.cpython-314.pyc' -> '/usr/lib/python3.14/site-packages/pygments/lexers/__pycache__/elm.cpython-314.pyc'
'pygments/usr/lib/python3.14/site-packages/pygments/lexers/__pycache__/elm.cpython-314.opt-1.pyc' -> '/usr/lib/python3.14/site-packages/pygments/lexers/__pycache__/elm.cpython-314.opt-1.pyc'
'pygments/usr/lib/python3.14/site-packages/pygments/lexers/__pycache__/elpi.cpython-314.pyc' -> '/usr/lib/python3.14/site-packages/pygments/lexers/__pycache__/elpi.cpython-314.pyc'
'pygments/usr/lib/python3.14/site-packages/pygments/lexers/__pycache__/elpi.cpython-314.opt-1.pyc' -> '/usr/lib/python3.14/site-packages/pygments/lexers/__pycache__/elpi.cpython-314.opt-1.pyc'
'pygments/usr/lib/python3.14/site-packages/pygments/lexers/__pycache__/email.cpython-314.pyc' -> '/usr/lib/python3.14/site-packages/pygments/lexers/__pycache__/email.cpython-314.pyc'
'pygments/usr/lib/python3.14/site-packages/pygments/lexers/__pycache__/email.cpython-314.opt-1.pyc' -> '/usr/lib/python3.14/site-packages/pygments/lexers/__pycache__/email.cpython-314.opt-1.pyc'
'pygments/usr/lib/python3.14/site-packages/pygments/lexers/__pycache__/erlang.cpython-314.pyc' -> '/usr/lib/python3.14/site-packages/pygments/lexers/__pycache__/erlang.cpython-314.pyc'
'pygments/usr/lib/python3.14/site-packages/pygments/lexers/__pycache__/erlang.cpython-314.opt-1.pyc' -> '/usr/lib/python3.14/site-packages/pygments/lexers/__pycache__/erlang.cpython-314.opt-1.pyc'
'pygments/usr/lib/python3.14/site-packages/pygments/lexers/__pycache__/esoteric.cpython-314.pyc' -> '/usr/lib/python3.14/site-packages/pygments/lexers/__pycache__/esoteric.cpython-314.pyc'
'pygments/usr/lib/python3.14/site-packages/pygments/lexers/__pycache__/esoteric.cpython-314.opt-1.pyc' -> '/usr/lib/python3.14/site-packages/pygments/lexers/__pycache__/esoteric.cpython-314.opt-1.pyc'
'pygments/usr/lib/python3.14/site-packages/pygments/lexers/__pycache__/ezhil.cpython-314.pyc' -> '/usr/lib/python3.14/site-packages/pygments/lexers/__pycache__/ezhil.cpython-314.pyc'
'pygments/usr/lib/python3.14/site-packages/pygments/lexers/__pycache__/ezhil.cpython-314.opt-1.pyc' -> '/usr/lib/python3.14/site-packages/pygments/lexers/__pycache__/ezhil.cpython-314.opt-1.pyc'
'pygments/usr/lib/python3.14/site-packages/pygments/lexers/__pycache__/factor.cpython-314.pyc' -> '/usr/lib/python3.14/site-packages/pygments/lexers/__pycache__/factor.cpython-314.pyc'
'pygments/usr/lib/python3.14/site-packages/pygments/lexers/__pycache__/factor.cpython-314.opt-1.pyc' -> '/usr/lib/python3.14/site-packages/pygments/lexers/__pycache__/factor.cpython-314.opt-1.pyc'
'pygments/usr/lib/python3.14/site-packages/pygments/lexers/__pycache__/fantom.cpython-314.pyc' -> '/usr/lib/python3.14/site-packages/pygments/lexers/__pycache__/fantom.cpython-314.pyc'
'pygments/usr/lib/python3.14/site-packages/pygments/lexers/__pycache__/fantom.cpython-314.opt-1.pyc' -> '/usr/lib/python3.14/site-packages/pygments/lexers/__pycache__/fantom.cpython-314.opt-1.pyc'
'pygments/usr/lib/python3.14/site-packages/pygments/lexers/__pycache__/felix.cpython-314.pyc' -> '/usr/lib/python3.14/site-packages/pygments/lexers/__pycache__/felix.cpython-314.pyc'
'pygments/usr/lib/python3.14/site-packages/pygments/lexers/__pycache__/felix.cpython-314.opt-1.pyc' -> '/usr/lib/python3.14/site-packages/pygments/lexers/__pycache__/felix.cpython-314.opt-1.pyc'
'pygments/usr/lib/python3.14/site-packages/pygments/lexers/__pycache__/fift.cpython-314.pyc' -> '/usr/lib/python3.14/site-packages/pygments/lexers/__pycache__/fift.cpython-314.pyc'
'pygments/usr/lib/python3.14/site-packages/pygments/lexers/__pycache__/fift.cpython-314.opt-1.pyc' -> '/usr/lib/python3.14/site-packages/pygments/lexers/__pycache__/fift.cpython-314.opt-1.pyc'
'pygments/usr/lib/python3.14/site-packages/pygments/lexers/__pycache__/floscript.cpython-314.pyc' -> '/usr/lib/python3.14/site-packages/pygments/lexers/__pycache__/floscript.cpython-314.pyc'
'pygments/usr/lib/python3.14/site-packages/pygments/lexers/__pycache__/floscript.cpython-314.opt-1.pyc' -> '/usr/lib/python3.14/site-packages/pygments/lexers/__pycache__/floscript.cpython-314.opt-1.pyc'
'pygments/usr/lib/python3.14/site-packages/pygments/lexers/__pycache__/forth.cpython-314.pyc' -> '/usr/lib/python3.14/site-packages/pygments/lexers/__pycache__/forth.cpython-314.pyc'
'pygments/usr/lib/python3.14/site-packages/pygments/lexers/__pycache__/forth.cpython-314.opt-1.pyc' -> '/usr/lib/python3.14/site-packages/pygments/lexers/__pycache__/forth.cpython-314.opt-1.pyc'
'pygments/usr/lib/python3.14/site-packages/pygments/lexers/__pycache__/fortran.cpython-314.pyc' -> '/usr/lib/python3.14/site-packages/pygments/lexers/__pycache__/fortran.cpython-314.pyc'
'pygments/usr/lib/python3.14/site-packages/pygments/lexers/__pycache__/fortran.cpython-314.opt-1.pyc' -> '/usr/lib/python3.14/site-packages/pygments/lexers/__pycache__/fortran.cpython-314.opt-1.pyc'
'pygments/usr/lib/python3.14/site-packages/pygments/lexers/__pycache__/foxpro.cpython-314.pyc' -> '/usr/lib/python3.14/site-packages/pygments/lexers/__pycache__/foxpro.cpython-314.pyc'
'pygments/usr/lib/python3.14/site-packages/pygments/lexers/__pycache__/foxpro.cpython-314.opt-1.pyc' -> '/usr/lib/python3.14/site-packages/pygments/lexers/__pycache__/foxpro.cpython-314.opt-1.pyc'
'pygments/usr/lib/python3.14/site-packages/pygments/lexers/__pycache__/freefem.cpython-314.pyc' -> '/usr/lib/python3.14/site-packages/pygments/lexers/__pycache__/freefem.cpython-314.pyc'
'pygments/usr/lib/python3.14/site-packages/pygments/lexers/__pycache__/freefem.cpython-314.opt-1.pyc' -> '/usr/lib/python3.14/site-packages/pygments/lexers/__pycache__/freefem.cpython-314.opt-1.pyc'
'pygments/usr/lib/python3.14/site-packages/pygments/lexers/__pycache__/func.cpython-314.pyc' -> '/usr/lib/python3.14/site-packages/pygments/lexers/__pycache__/func.cpython-314.pyc'
'pygments/usr/lib/python3.14/site-packages/pygments/lexers/__pycache__/func.cpython-314.opt-1.pyc' -> '/usr/lib/python3.14/site-packages/pygments/lexers/__pycache__/func.cpython-314.opt-1.pyc'
'pygments/usr/lib/python3.14/site-packages/pygments/lexers/__pycache__/functional.cpython-314.pyc' -> '/usr/lib/python3.14/site-packages/pygments/lexers/__pycache__/functional.cpython-314.pyc'
'pygments/usr/lib/python3.14/site-packages/pygments/lexers/__pycache__/functional.cpython-314.opt-1.pyc' -> '/usr/lib/python3.14/site-packages/pygments/lexers/__pycache__/functional.cpython-314.opt-1.pyc'
'pygments/usr/lib/python3.14/site-packages/pygments/lexers/__pycache__/futhark.cpython-314.pyc' -> '/usr/lib/python3.14/site-packages/pygments/lexers/__pycache__/futhark.cpython-314.pyc'
'pygments/usr/lib/python3.14/site-packages/pygments/lexers/__pycache__/futhark.cpython-314.opt-1.pyc' -> '/usr/lib/python3.14/site-packages/pygments/lexers/__pycache__/futhark.cpython-314.opt-1.pyc'
'pygments/usr/lib/python3.14/site-packages/pygments/lexers/__pycache__/gcodelexer.cpython-314.pyc' -> '/usr/lib/python3.14/site-packages/pygments/lexers/__pycache__/gcodelexer.cpython-314.pyc'
'pygments/usr/lib/python3.14/site-packages/pygments/lexers/__pycache__/gcodelexer.cpython-314.opt-1.pyc' -> '/usr/lib/python3.14/site-packages/pygments/lexers/__pycache__/gcodelexer.cpython-314.opt-1.pyc'
'pygments/usr/lib/python3.14/site-packages/pygments/lexers/__pycache__/gdscript.cpython-314.pyc' -> '/usr/lib/python3.14/site-packages/pygments/lexers/__pycache__/gdscript.cpython-314.pyc'
'pygments/usr/lib/python3.14/site-packages/pygments/lexers/__pycache__/gdscript.cpython-314.opt-1.pyc' -> '/usr/lib/python3.14/site-packages/pygments/lexers/__pycache__/gdscript.cpython-314.opt-1.pyc'
'pygments/usr/lib/python3.14/site-packages/pygments/lexers/__pycache__/gleam.cpython-314.pyc' -> '/usr/lib/python3.14/site-packages/pygments/lexers/__pycache__/gleam.cpython-314.pyc'
'pygments/usr/lib/python3.14/site-packages/pygments/lexers/__pycache__/gleam.cpython-314.opt-1.pyc' -> '/usr/lib/python3.14/site-packages/pygments/lexers/__pycache__/gleam.cpython-314.opt-1.pyc'
'pygments/usr/lib/python3.14/site-packages/pygments/lexers/__pycache__/go.cpython-314.pyc' -> '/usr/lib/python3.14/site-packages/pygments/lexers/__pycache__/go.cpython-314.pyc'
'pygments/usr/lib/python3.14/site-packages/pygments/lexers/__pycache__/go.cpython-314.opt-1.pyc' -> '/usr/lib/python3.14/site-packages/pygments/lexers/__pycache__/go.cpython-314.opt-1.pyc'
'pygments/usr/lib/python3.14/site-packages/pygments/lexers/__pycache__/grammar_notation.cpython-314.pyc' -> '/usr/lib/python3.14/site-packages/pygments/lexers/__pycache__/grammar_notation.cpython-314.pyc'
'pygments/usr/lib/python3.14/site-packages/pygments/lexers/__pycache__/grammar_notation.cpython-314.opt-1.pyc' -> '/usr/lib/python3.14/site-packages/pygments/lexers/__pycache__/grammar_notation.cpython-314.opt-1.pyc'
'pygments/usr/lib/python3.14/site-packages/pygments/lexers/__pycache__/graph.cpython-314.pyc' -> '/usr/lib/python3.14/site-packages/pygments/lexers/__pycache__/graph.cpython-314.pyc'
'pygments/usr/lib/python3.14/site-packages/pygments/lexers/__pycache__/graph.cpython-314.opt-1.pyc' -> '/usr/lib/python3.14/site-packages/pygments/lexers/__pycache__/graph.cpython-314.opt-1.pyc'
'pygments/usr/lib/python3.14/site-packages/pygments/lexers/__pycache__/graphics.cpython-314.pyc' -> '/usr/lib/python3.14/site-packages/pygments/lexers/__pycache__/graphics.cpython-314.pyc'
'pygments/usr/lib/python3.14/site-packages/pygments/lexers/__pycache__/graphics.cpython-314.opt-1.pyc' -> '/usr/lib/python3.14/site-packages/pygments/lexers/__pycache__/graphics.cpython-314.opt-1.pyc'
'pygments/usr/lib/python3.14/site-packages/pygments/lexers/__pycache__/graphql.cpython-314.pyc' -> '/usr/lib/python3.14/site-packages/pygments/lexers/__pycache__/graphql.cpython-314.pyc'
'pygments/usr/lib/python3.14/site-packages/pygments/lexers/__pycache__/graphql.cpython-314.opt-1.pyc' -> '/usr/lib/python3.14/site-packages/pygments/lexers/__pycache__/graphql.cpython-314.opt-1.pyc'
'pygments/usr/lib/python3.14/site-packages/pygments/lexers/__pycache__/graphviz.cpython-314.pyc' -> '/usr/lib/python3.14/site-packages/pygments/lexers/__pycache__/graphviz.cpython-314.pyc'
'pygments/usr/lib/python3.14/site-packages/pygments/lexers/__pycache__/graphviz.cpython-314.opt-1.pyc' -> '/usr/lib/python3.14/site-packages/pygments/lexers/__pycache__/graphviz.cpython-314.opt-1.pyc'
'pygments/usr/lib/python3.14/site-packages/pygments/lexers/__pycache__/gsql.cpython-314.pyc' -> '/usr/lib/python3.14/site-packages/pygments/lexers/__pycache__/gsql.cpython-314.pyc'
'pygments/usr/lib/python3.14/site-packages/pygments/lexers/__pycache__/gsql.cpython-314.opt-1.pyc' -> '/usr/lib/python3.14/site-packages/pygments/lexers/__pycache__/gsql.cpython-314.opt-1.pyc'
'pygments/usr/lib/python3.14/site-packages/pygments/lexers/__pycache__/hare.cpython-314.pyc' -> '/usr/lib/python3.14/site-packages/pygments/lexers/__pycache__/hare.cpython-314.pyc'
'pygments/usr/lib/python3.14/site-packages/pygments/lexers/__pycache__/hare.cpython-314.opt-1.pyc' -> '/usr/lib/python3.14/site-packages/pygments/lexers/__pycache__/hare.cpython-314.opt-1.pyc'
'pygments/usr/lib/python3.14/site-packages/pygments/lexers/__pycache__/haskell.cpython-314.pyc' -> '/usr/lib/python3.14/site-packages/pygments/lexers/__pycache__/haskell.cpython-314.pyc'
'pygments/usr/lib/python3.14/site-packages/pygments/lexers/__pycache__/haskell.cpython-314.opt-1.pyc' -> '/usr/lib/python3.14/site-packages/pygments/lexers/__pycache__/haskell.cpython-314.opt-1.pyc'
'pygments/usr/lib/python3.14/site-packages/pygments/lexers/__pycache__/haxe.cpython-314.pyc' -> '/usr/lib/python3.14/site-packages/pygments/lexers/__pycache__/haxe.cpython-314.pyc'
'pygments/usr/lib/python3.14/site-packages/pygments/lexers/__pycache__/haxe.cpython-314.opt-1.pyc' -> '/usr/lib/python3.14/site-packages/pygments/lexers/__pycache__/haxe.cpython-314.opt-1.pyc'
'pygments/usr/lib/python3.14/site-packages/pygments/lexers/__pycache__/hdl.cpython-314.pyc' -> '/usr/lib/python3.14/site-packages/pygments/lexers/__pycache__/hdl.cpython-314.pyc'
'pygments/usr/lib/python3.14/site-packages/pygments/lexers/__pycache__/hdl.cpython-314.opt-1.pyc' -> '/usr/lib/python3.14/site-packages/pygments/lexers/__pycache__/hdl.cpython-314.opt-1.pyc'
'pygments/usr/lib/python3.14/site-packages/pygments/lexers/__pycache__/hexdump.cpython-314.pyc' -> '/usr/lib/python3.14/site-packages/pygments/lexers/__pycache__/hexdump.cpython-314.pyc'
'pygments/usr/lib/python3.14/site-packages/pygments/lexers/__pycache__/hexdump.cpython-314.opt-1.pyc' -> '/usr/lib/python3.14/site-packages/pygments/lexers/__pycache__/hexdump.cpython-314.opt-1.pyc'
'pygments/usr/lib/python3.14/site-packages/pygments/lexers/__pycache__/html.cpython-314.pyc' -> '/usr/lib/python3.14/site-packages/pygments/lexers/__pycache__/html.cpython-314.pyc'
'pygments/usr/lib/python3.14/site-packages/pygments/lexers/__pycache__/html.cpython-314.opt-1.pyc' -> '/usr/lib/python3.14/site-packages/pygments/lexers/__pycache__/html.cpython-314.opt-1.pyc'
'pygments/usr/lib/python3.14/site-packages/pygments/lexers/__pycache__/idl.cpython-314.pyc' -> '/usr/lib/python3.14/site-packages/pygments/lexers/__pycache__/idl.cpython-314.pyc'
'pygments/usr/lib/python3.14/site-packages/pygments/lexers/__pycache__/idl.cpython-314.opt-1.pyc' -> '/usr/lib/python3.14/site-packages/pygments/lexers/__pycache__/idl.cpython-314.opt-1.pyc'
'pygments/usr/lib/python3.14/site-packages/pygments/lexers/__pycache__/igor.cpython-314.pyc' -> '/usr/lib/python3.14/site-packages/pygments/lexers/__pycache__/igor.cpython-314.pyc'
'pygments/usr/lib/python3.14/site-packages/pygments/lexers/__pycache__/igor.cpython-314.opt-1.pyc' -> '/usr/lib/python3.14/site-packages/pygments/lexers/__pycache__/igor.cpython-314.opt-1.pyc'
'pygments/usr/lib/python3.14/site-packages/pygments/lexers/__pycache__/inferno.cpython-314.pyc' -> '/usr/lib/python3.14/site-packages/pygments/lexers/__pycache__/inferno.cpython-314.pyc'
'pygments/usr/lib/python3.14/site-packages/pygments/lexers/__pycache__/inferno.cpython-314.opt-1.pyc' -> '/usr/lib/python3.14/site-packages/pygments/lexers/__pycache__/inferno.cpython-314.opt-1.pyc'
'pygments/usr/lib/python3.14/site-packages/pygments/lexers/__pycache__/installers.cpython-314.pyc' -> '/usr/lib/python3.14/site-packages/pygments/lexers/__pycache__/installers.cpython-314.pyc'
'pygments/usr/lib/python3.14/site-packages/pygments/lexers/__pycache__/installers.cpython-314.opt-1.pyc' -> '/usr/lib/python3.14/site-packages/pygments/lexers/__pycache__/installers.cpython-314.opt-1.pyc'
'pygments/usr/lib/python3.14/site-packages/pygments/lexers/__pycache__/int_fiction.cpython-314.pyc' -> '/usr/lib/python3.14/site-packages/pygments/lexers/__pycache__/int_fiction.cpython-314.pyc'
'pygments/usr/lib/python3.14/site-packages/pygments/lexers/__pycache__/int_fiction.cpython-314.opt-1.pyc' -> '/usr/lib/python3.14/site-packages/pygments/lexers/__pycache__/int_fiction.cpython-314.opt-1.pyc'
'pygments/usr/lib/python3.14/site-packages/pygments/lexers/__pycache__/iolang.cpython-314.pyc' -> '/usr/lib/python3.14/site-packages/pygments/lexers/__pycache__/iolang.cpython-314.pyc'
'pygments/usr/lib/python3.14/site-packages/pygments/lexers/__pycache__/iolang.cpython-314.opt-1.pyc' -> '/usr/lib/python3.14/site-packages/pygments/lexers/__pycache__/iolang.cpython-314.opt-1.pyc'
'pygments/usr/lib/python3.14/site-packages/pygments/lexers/__pycache__/j.cpython-314.pyc' -> '/usr/lib/python3.14/site-packages/pygments/lexers/__pycache__/j.cpython-314.pyc'
'pygments/usr/lib/python3.14/site-packages/pygments/lexers/__pycache__/j.cpython-314.opt-1.pyc' -> '/usr/lib/python3.14/site-packages/pygments/lexers/__pycache__/j.cpython-314.opt-1.pyc'
'pygments/usr/lib/python3.14/site-packages/pygments/lexers/__pycache__/javascript.cpython-314.pyc' -> '/usr/lib/python3.14/site-packages/pygments/lexers/__pycache__/javascript.cpython-314.pyc'
'pygments/usr/lib/python3.14/site-packages/pygments/lexers/__pycache__/javascript.cpython-314.opt-1.pyc' -> '/usr/lib/python3.14/site-packages/pygments/lexers/__pycache__/javascript.cpython-314.opt-1.pyc'
'pygments/usr/lib/python3.14/site-packages/pygments/lexers/__pycache__/jmespath.cpython-314.pyc' -> '/usr/lib/python3.14/site-packages/pygments/lexers/__pycache__/jmespath.cpython-314.pyc'
'pygments/usr/lib/python3.14/site-packages/pygments/lexers/__pycache__/jmespath.cpython-314.opt-1.pyc' -> '/usr/lib/python3.14/site-packages/pygments/lexers/__pycache__/jmespath.cpython-314.opt-1.pyc'
'pygments/usr/lib/python3.14/site-packages/pygments/lexers/__pycache__/jslt.cpython-314.pyc' -> '/usr/lib/python3.14/site-packages/pygments/lexers/__pycache__/jslt.cpython-314.pyc'
'pygments/usr/lib/python3.14/site-packages/pygments/lexers/__pycache__/jslt.cpython-314.opt-1.pyc' -> '/usr/lib/python3.14/site-packages/pygments/lexers/__pycache__/jslt.cpython-314.opt-1.pyc'
'pygments/usr/lib/python3.14/site-packages/pygments/lexers/__pycache__/json5.cpython-314.pyc' -> '/usr/lib/python3.14/site-packages/pygments/lexers/__pycache__/json5.cpython-314.pyc'
'pygments/usr/lib/python3.14/site-packages/pygments/lexers/__pycache__/json5.cpython-314.opt-1.pyc' -> '/usr/lib/python3.14/site-packages/pygments/lexers/__pycache__/json5.cpython-314.opt-1.pyc'
'pygments/usr/lib/python3.14/site-packages/pygments/lexers/__pycache__/jsonnet.cpython-314.pyc' -> '/usr/lib/python3.14/site-packages/pygments/lexers/__pycache__/jsonnet.cpython-314.pyc'
'pygments/usr/lib/python3.14/site-packages/pygments/lexers/__pycache__/jsonnet.cpython-314.opt-1.pyc' -> '/usr/lib/python3.14/site-packages/pygments/lexers/__pycache__/jsonnet.cpython-314.opt-1.pyc'
'pygments/usr/lib/python3.14/site-packages/pygments/lexers/__pycache__/jsx.cpython-314.pyc' -> '/usr/lib/python3.14/site-packages/pygments/lexers/__pycache__/jsx.cpython-314.pyc'
'pygments/usr/lib/python3.14/site-packages/pygments/lexers/__pycache__/jsx.cpython-314.opt-1.pyc' -> '/usr/lib/python3.14/site-packages/pygments/lexers/__pycache__/jsx.cpython-314.opt-1.pyc'
'pygments/usr/lib/python3.14/site-packages/pygments/lexers/__pycache__/julia.cpython-314.pyc' -> '/usr/lib/python3.14/site-packages/pygments/lexers/__pycache__/julia.cpython-314.pyc'
'pygments/usr/lib/python3.14/site-packages/pygments/lexers/__pycache__/julia.cpython-314.opt-1.pyc' -> '/usr/lib/python3.14/site-packages/pygments/lexers/__pycache__/julia.cpython-314.opt-1.pyc'
'pygments/usr/lib/python3.14/site-packages/pygments/lexers/__pycache__/jvm.cpython-314.pyc' -> '/usr/lib/python3.14/site-packages/pygments/lexers/__pycache__/jvm.cpython-314.pyc'
'pygments/usr/lib/python3.14/site-packages/pygments/lexers/__pycache__/jvm.cpython-314.opt-1.pyc' -> '/usr/lib/python3.14/site-packages/pygments/lexers/__pycache__/jvm.cpython-314.opt-1.pyc'
'pygments/usr/lib/python3.14/site-packages/pygments/lexers/__pycache__/kuin.cpython-314.pyc' -> '/usr/lib/python3.14/site-packages/pygments/lexers/__pycache__/kuin.cpython-314.pyc'
'pygments/usr/lib/python3.14/site-packages/pygments/lexers/__pycache__/kuin.cpython-314.opt-1.pyc' -> '/usr/lib/python3.14/site-packages/pygments/lexers/__pycache__/kuin.cpython-314.opt-1.pyc'
'pygments/usr/lib/python3.14/site-packages/pygments/lexers/__pycache__/kusto.cpython-314.pyc' -> '/usr/lib/python3.14/site-packages/pygments/lexers/__pycache__/kusto.cpython-314.pyc'
'pygments/usr/lib/python3.14/site-packages/pygments/lexers/__pycache__/kusto.cpython-314.opt-1.pyc' -> '/usr/lib/python3.14/site-packages/pygments/lexers/__pycache__/kusto.cpython-314.opt-1.pyc'
'pygments/usr/lib/python3.14/site-packages/pygments/lexers/__pycache__/ldap.cpython-314.pyc' -> '/usr/lib/python3.14/site-packages/pygments/lexers/__pycache__/ldap.cpython-314.pyc'
'pygments/usr/lib/python3.14/site-packages/pygments/lexers/__pycache__/ldap.cpython-314.opt-1.pyc' -> '/usr/lib/python3.14/site-packages/pygments/lexers/__pycache__/ldap.cpython-314.opt-1.pyc'
'pygments/usr/lib/python3.14/site-packages/pygments/lexers/__pycache__/lean.cpython-314.pyc' -> '/usr/lib/python3.14/site-packages/pygments/lexers/__pycache__/lean.cpython-314.pyc'
'pygments/usr/lib/python3.14/site-packages/pygments/lexers/__pycache__/lean.cpython-314.opt-1.pyc' -> '/usr/lib/python3.14/site-packages/pygments/lexers/__pycache__/lean.cpython-314.opt-1.pyc'
'pygments/usr/lib/python3.14/site-packages/pygments/lexers/__pycache__/lilypond.cpython-314.pyc' -> '/usr/lib/python3.14/site-packages/pygments/lexers/__pycache__/lilypond.cpython-314.pyc'
'pygments/usr/lib/python3.14/site-packages/pygments/lexers/__pycache__/lilypond.cpython-314.opt-1.pyc' -> '/usr/lib/python3.14/site-packages/pygments/lexers/__pycache__/lilypond.cpython-314.opt-1.pyc'
'pygments/usr/lib/python3.14/site-packages/pygments/lexers/__pycache__/lisp.cpython-314.pyc' -> '/usr/lib/python3.14/site-packages/pygments/lexers/__pycache__/lisp.cpython-314.pyc'
'pygments/usr/lib/python3.14/site-packages/pygments/lexers/__pycache__/lisp.cpython-314.opt-1.pyc' -> '/usr/lib/python3.14/site-packages/pygments/lexers/__pycache__/lisp.cpython-314.opt-1.pyc'
'pygments/usr/lib/python3.14/site-packages/pygments/lexers/__pycache__/macaulay2.cpython-314.pyc' -> '/usr/lib/python3.14/site-packages/pygments/lexers/__pycache__/macaulay2.cpython-314.pyc'
'pygments/usr/lib/python3.14/site-packages/pygments/lexers/__pycache__/macaulay2.cpython-314.opt-1.pyc' -> '/usr/lib/python3.14/site-packages/pygments/lexers/__pycache__/macaulay2.cpython-314.opt-1.pyc'
'pygments/usr/lib/python3.14/site-packages/pygments/lexers/__pycache__/make.cpython-314.pyc' -> '/usr/lib/python3.14/site-packages/pygments/lexers/__pycache__/make.cpython-314.pyc'
'pygments/usr/lib/python3.14/site-packages/pygments/lexers/__pycache__/make.cpython-314.opt-1.pyc' -> '/usr/lib/python3.14/site-packages/pygments/lexers/__pycache__/make.cpython-314.opt-1.pyc'
'pygments/usr/lib/python3.14/site-packages/pygments/lexers/__pycache__/maple.cpython-314.pyc' -> '/usr/lib/python3.14/site-packages/pygments/lexers/__pycache__/maple.cpython-314.pyc'
'pygments/usr/lib/python3.14/site-packages/pygments/lexers/__pycache__/maple.cpython-314.opt-1.pyc' -> '/usr/lib/python3.14/site-packages/pygments/lexers/__pycache__/maple.cpython-314.opt-1.pyc'
'pygments/usr/lib/python3.14/site-packages/pygments/lexers/__pycache__/markup.cpython-314.pyc' -> '/usr/lib/python3.14/site-packages/pygments/lexers/__pycache__/markup.cpython-314.pyc'
'pygments/usr/lib/python3.14/site-packages/pygments/lexers/__pycache__/markup.cpython-314.opt-1.pyc' -> '/usr/lib/python3.14/site-packages/pygments/lexers/__pycache__/markup.cpython-314.opt-1.pyc'
'pygments/usr/lib/python3.14/site-packages/pygments/lexers/__pycache__/math.cpython-314.pyc' -> '/usr/lib/python3.14/site-packages/pygments/lexers/__pycache__/math.cpython-314.pyc'
'pygments/usr/lib/python3.14/site-packages/pygments/lexers/__pycache__/math.cpython-314.opt-1.pyc' -> '/usr/lib/python3.14/site-packages/pygments/lexers/__pycache__/math.cpython-314.opt-1.pyc'
'pygments/usr/lib/python3.14/site-packages/pygments/lexers/__pycache__/matlab.cpython-314.pyc' -> '/usr/lib/python3.14/site-packages/pygments/lexers/__pycache__/matlab.cpython-314.pyc'
'pygments/usr/lib/python3.14/site-packages/pygments/lexers/__pycache__/matlab.cpython-314.opt-1.pyc' -> '/usr/lib/python3.14/site-packages/pygments/lexers/__pycache__/matlab.cpython-314.opt-1.pyc'
'pygments/usr/lib/python3.14/site-packages/pygments/lexers/__pycache__/maxima.cpython-314.pyc' -> '/usr/lib/python3.14/site-packages/pygments/lexers/__pycache__/maxima.cpython-314.pyc'
'pygments/usr/lib/python3.14/site-packages/pygments/lexers/__pycache__/maxima.cpython-314.opt-1.pyc' -> '/usr/lib/python3.14/site-packages/pygments/lexers/__pycache__/maxima.cpython-314.opt-1.pyc'
'pygments/usr/lib/python3.14/site-packages/pygments/lexers/__pycache__/meson.cpython-314.pyc' -> '/usr/lib/python3.14/site-packages/pygments/lexers/__pycache__/meson.cpython-314.pyc'
'pygments/usr/lib/python3.14/site-packages/pygments/lexers/__pycache__/meson.cpython-314.opt-1.pyc' -> '/usr/lib/python3.14/site-packages/pygments/lexers/__pycache__/meson.cpython-314.opt-1.pyc'
'pygments/usr/lib/python3.14/site-packages/pygments/lexers/__pycache__/mime.cpython-314.pyc' -> '/usr/lib/python3.14/site-packages/pygments/lexers/__pycache__/mime.cpython-314.pyc'
'pygments/usr/lib/python3.14/site-packages/pygments/lexers/__pycache__/mime.cpython-314.opt-1.pyc' -> '/usr/lib/python3.14/site-packages/pygments/lexers/__pycache__/mime.cpython-314.opt-1.pyc'
'pygments/usr/lib/python3.14/site-packages/pygments/lexers/__pycache__/minecraft.cpython-314.pyc' -> '/usr/lib/python3.14/site-packages/pygments/lexers/__pycache__/minecraft.cpython-314.pyc'
'pygments/usr/lib/python3.14/site-packages/pygments/lexers/__pycache__/minecraft.cpython-314.opt-1.pyc' -> '/usr/lib/python3.14/site-packages/pygments/lexers/__pycache__/minecraft.cpython-314.opt-1.pyc'
'pygments/usr/lib/python3.14/site-packages/pygments/lexers/__pycache__/mips.cpython-314.pyc' -> '/usr/lib/python3.14/site-packages/pygments/lexers/__pycache__/mips.cpython-314.pyc'
'pygments/usr/lib/python3.14/site-packages/pygments/lexers/__pycache__/mips.cpython-314.opt-1.pyc' -> '/usr/lib/python3.14/site-packages/pygments/lexers/__pycache__/mips.cpython-314.opt-1.pyc'
'pygments/usr/lib/python3.14/site-packages/pygments/lexers/__pycache__/ml.cpython-314.pyc' -> '/usr/lib/python3.14/site-packages/pygments/lexers/__pycache__/ml.cpython-314.pyc'
'pygments/usr/lib/python3.14/site-packages/pygments/lexers/__pycache__/ml.cpython-314.opt-1.pyc' -> '/usr/lib/python3.14/site-packages/pygments/lexers/__pycache__/ml.cpython-314.opt-1.pyc'
'pygments/usr/lib/python3.14/site-packages/pygments/lexers/__pycache__/modeling.cpython-314.pyc' -> '/usr/lib/python3.14/site-packages/pygments/lexers/__pycache__/modeling.cpython-314.pyc'
'pygments/usr/lib/python3.14/site-packages/pygments/lexers/__pycache__/modeling.cpython-314.opt-1.pyc' -> '/usr/lib/python3.14/site-packages/pygments/lexers/__pycache__/modeling.cpython-314.opt-1.pyc'
'pygments/usr/lib/python3.14/site-packages/pygments/lexers/__pycache__/modula2.cpython-314.pyc' -> '/usr/lib/python3.14/site-packages/pygments/lexers/__pycache__/modula2.cpython-314.pyc'
'pygments/usr/lib/python3.14/site-packages/pygments/lexers/__pycache__/modula2.cpython-314.opt-1.pyc' -> '/usr/lib/python3.14/site-packages/pygments/lexers/__pycache__/modula2.cpython-314.opt-1.pyc'
'pygments/usr/lib/python3.14/site-packages/pygments/lexers/__pycache__/mojo.cpython-314.pyc' -> '/usr/lib/python3.14/site-packages/pygments/lexers/__pycache__/mojo.cpython-314.pyc'
'pygments/usr/lib/python3.14/site-packages/pygments/lexers/__pycache__/mojo.cpython-314.opt-1.pyc' -> '/usr/lib/python3.14/site-packages/pygments/lexers/__pycache__/mojo.cpython-314.opt-1.pyc'
'pygments/usr/lib/python3.14/site-packages/pygments/lexers/__pycache__/monte.cpython-314.pyc' -> '/usr/lib/python3.14/site-packages/pygments/lexers/__pycache__/monte.cpython-314.pyc'
'pygments/usr/lib/python3.14/site-packages/pygments/lexers/__pycache__/monte.cpython-314.opt-1.pyc' -> '/usr/lib/python3.14/site-packages/pygments/lexers/__pycache__/monte.cpython-314.opt-1.pyc'
'pygments/usr/lib/python3.14/site-packages/pygments/lexers/__pycache__/mosel.cpython-314.pyc' -> '/usr/lib/python3.14/site-packages/pygments/lexers/__pycache__/mosel.cpython-314.pyc'
'pygments/usr/lib/python3.14/site-packages/pygments/lexers/__pycache__/mosel.cpython-314.opt-1.pyc' -> '/usr/lib/python3.14/site-packages/pygments/lexers/__pycache__/mosel.cpython-314.opt-1.pyc'
'pygments/usr/lib/python3.14/site-packages/pygments/lexers/__pycache__/ncl.cpython-314.pyc' -> '/usr/lib/python3.14/site-packages/pygments/lexers/__pycache__/ncl.cpython-314.pyc'
'pygments/usr/lib/python3.14/site-packages/pygments/lexers/__pycache__/ncl.cpython-314.opt-1.pyc' -> '/usr/lib/python3.14/site-packages/pygments/lexers/__pycache__/ncl.cpython-314.opt-1.pyc'
'pygments/usr/lib/python3.14/site-packages/pygments/lexers/__pycache__/nimrod.cpython-314.pyc' -> '/usr/lib/python3.14/site-packages/pygments/lexers/__pycache__/nimrod.cpython-314.pyc'
'pygments/usr/lib/python3.14/site-packages/pygments/lexers/__pycache__/nimrod.cpython-314.opt-1.pyc' -> '/usr/lib/python3.14/site-packages/pygments/lexers/__pycache__/nimrod.cpython-314.opt-1.pyc'
'pygments/usr/lib/python3.14/site-packages/pygments/lexers/__pycache__/nit.cpython-314.pyc' -> '/usr/lib/python3.14/site-packages/pygments/lexers/__pycache__/nit.cpython-314.pyc'
'pygments/usr/lib/python3.14/site-packages/pygments/lexers/__pycache__/nit.cpython-314.opt-1.pyc' -> '/usr/lib/python3.14/site-packages/pygments/lexers/__pycache__/nit.cpython-314.opt-1.pyc'
'pygments/usr/lib/python3.14/site-packages/pygments/lexers/__pycache__/nix.cpython-314.pyc' -> '/usr/lib/python3.14/site-packages/pygments/lexers/__pycache__/nix.cpython-314.pyc'
'pygments/usr/lib/python3.14/site-packages/pygments/lexers/__pycache__/nix.cpython-314.opt-1.pyc' -> '/usr/lib/python3.14/site-packages/pygments/lexers/__pycache__/nix.cpython-314.opt-1.pyc'
'pygments/usr/lib/python3.14/site-packages/pygments/lexers/__pycache__/numbair.cpython-314.pyc' -> '/usr/lib/python3.14/site-packages/pygments/lexers/__pycache__/numbair.cpython-314.pyc'
'pygments/usr/lib/python3.14/site-packages/pygments/lexers/__pycache__/numbair.cpython-314.opt-1.pyc' -> '/usr/lib/python3.14/site-packages/pygments/lexers/__pycache__/numbair.cpython-314.opt-1.pyc'
'pygments/usr/lib/python3.14/site-packages/pygments/lexers/__pycache__/oberon.cpython-314.pyc' -> '/usr/lib/python3.14/site-packages/pygments/lexers/__pycache__/oberon.cpython-314.pyc'
'pygments/usr/lib/python3.14/site-packages/pygments/lexers/__pycache__/oberon.cpython-314.opt-1.pyc' -> '/usr/lib/python3.14/site-packages/pygments/lexers/__pycache__/oberon.cpython-314.opt-1.pyc'
'pygments/usr/lib/python3.14/site-packages/pygments/lexers/__pycache__/objective.cpython-314.pyc' -> '/usr/lib/python3.14/site-packages/pygments/lexers/__pycache__/objective.cpython-314.pyc'
'pygments/usr/lib/python3.14/site-packages/pygments/lexers/__pycache__/objective.cpython-314.opt-1.pyc' -> '/usr/lib/python3.14/site-packages/pygments/lexers/__pycache__/objective.cpython-314.opt-1.pyc'
'pygments/usr/lib/python3.14/site-packages/pygments/lexers/__pycache__/ooc.cpython-314.pyc' -> '/usr/lib/python3.14/site-packages/pygments/lexers/__pycache__/ooc.cpython-314.pyc'
'pygments/usr/lib/python3.14/site-packages/pygments/lexers/__pycache__/ooc.cpython-314.opt-1.pyc' -> '/usr/lib/python3.14/site-packages/pygments/lexers/__pycache__/ooc.cpython-314.opt-1.pyc'
'pygments/usr/lib/python3.14/site-packages/pygments/lexers/__pycache__/openscad.cpython-314.pyc' -> '/usr/lib/python3.14/site-packages/pygments/lexers/__pycache__/openscad.cpython-314.pyc'
'pygments/usr/lib/python3.14/site-packages/pygments/lexers/__pycache__/openscad.cpython-314.opt-1.pyc' -> '/usr/lib/python3.14/site-packages/pygments/lexers/__pycache__/openscad.cpython-314.opt-1.pyc'
'pygments/usr/lib/python3.14/site-packages/pygments/lexers/__pycache__/other.cpython-314.pyc' -> '/usr/lib/python3.14/site-packages/pygments/lexers/__pycache__/other.cpython-314.pyc'
'pygments/usr/lib/python3.14/site-packages/pygments/lexers/__pycache__/other.cpython-314.opt-1.pyc' -> '/usr/lib/python3.14/site-packages/pygments/lexers/__pycache__/other.cpython-314.opt-1.pyc'
'pygments/usr/lib/python3.14/site-packages/pygments/lexers/__pycache__/parasail.cpython-314.pyc' -> '/usr/lib/python3.14/site-packages/pygments/lexers/__pycache__/parasail.cpython-314.pyc'
'pygments/usr/lib/python3.14/site-packages/pygments/lexers/__pycache__/parasail.cpython-314.opt-1.pyc' -> '/usr/lib/python3.14/site-packages/pygments/lexers/__pycache__/parasail.cpython-314.opt-1.pyc'
'pygments/usr/lib/python3.14/site-packages/pygments/lexers/__pycache__/parsers.cpython-314.pyc' -> '/usr/lib/python3.14/site-packages/pygments/lexers/__pycache__/parsers.cpython-314.pyc'
'pygments/usr/lib/python3.14/site-packages/pygments/lexers/__pycache__/parsers.cpython-314.opt-1.pyc' -> '/usr/lib/python3.14/site-packages/pygments/lexers/__pycache__/parsers.cpython-314.opt-1.pyc'
'pygments/usr/lib/python3.14/site-packages/pygments/lexers/__pycache__/pascal.cpython-314.pyc' -> '/usr/lib/python3.14/site-packages/pygments/lexers/__pycache__/pascal.cpython-314.pyc'
'pygments/usr/lib/python3.14/site-packages/pygments/lexers/__pycache__/pascal.cpython-314.opt-1.pyc' -> '/usr/lib/python3.14/site-packages/pygments/lexers/__pycache__/pascal.cpython-314.opt-1.pyc'
'pygments/usr/lib/python3.14/site-packages/pygments/lexers/__pycache__/pawn.cpython-314.pyc' -> '/usr/lib/python3.14/site-packages/pygments/lexers/__pycache__/pawn.cpython-314.pyc'
'pygments/usr/lib/python3.14/site-packages/pygments/lexers/__pycache__/pawn.cpython-314.opt-1.pyc' -> '/usr/lib/python3.14/site-packages/pygments/lexers/__pycache__/pawn.cpython-314.opt-1.pyc'
'pygments/usr/lib/python3.14/site-packages/pygments/lexers/__pycache__/pddl.cpython-314.pyc' -> '/usr/lib/python3.14/site-packages/pygments/lexers/__pycache__/pddl.cpython-314.pyc'
'pygments/usr/lib/python3.14/site-packages/pygments/lexers/__pycache__/pddl.cpython-314.opt-1.pyc' -> '/usr/lib/python3.14/site-packages/pygments/lexers/__pycache__/pddl.cpython-314.opt-1.pyc'
'pygments/usr/lib/python3.14/site-packages/pygments/lexers/__pycache__/perl.cpython-314.pyc' -> '/usr/lib/python3.14/site-packages/pygments/lexers/__pycache__/perl.cpython-314.pyc'
'pygments/usr/lib/python3.14/site-packages/pygments/lexers/__pycache__/perl.cpython-314.opt-1.pyc' -> '/usr/lib/python3.14/site-packages/pygments/lexers/__pycache__/perl.cpython-314.opt-1.pyc'
'pygments/usr/lib/python3.14/site-packages/pygments/lexers/__pycache__/phix.cpython-314.pyc' -> '/usr/lib/python3.14/site-packages/pygments/lexers/__pycache__/phix.cpython-314.pyc'
'pygments/usr/lib/python3.14/site-packages/pygments/lexers/__pycache__/phix.cpython-314.opt-1.pyc' -> '/usr/lib/python3.14/site-packages/pygments/lexers/__pycache__/phix.cpython-314.opt-1.pyc'
'pygments/usr/lib/python3.14/site-packages/pygments/lexers/__pycache__/php.cpython-314.pyc' -> '/usr/lib/python3.14/site-packages/pygments/lexers/__pycache__/php.cpython-314.pyc'
'pygments/usr/lib/python3.14/site-packages/pygments/lexers/__pycache__/php.cpython-314.opt-1.pyc' -> '/usr/lib/python3.14/site-packages/pygments/lexers/__pycache__/php.cpython-314.opt-1.pyc'
'pygments/usr/lib/python3.14/site-packages/pygments/lexers/__pycache__/pointless.cpython-314.pyc' -> '/usr/lib/python3.14/site-packages/pygments/lexers/__pycache__/pointless.cpython-314.pyc'
'pygments/usr/lib/python3.14/site-packages/pygments/lexers/__pycache__/pointless.cpython-314.opt-1.pyc' -> '/usr/lib/python3.14/site-packages/pygments/lexers/__pycache__/pointless.cpython-314.opt-1.pyc'
'pygments/usr/lib/python3.14/site-packages/pygments/lexers/__pycache__/pony.cpython-314.pyc' -> '/usr/lib/python3.14/site-packages/pygments/lexers/__pycache__/pony.cpython-314.pyc'
'pygments/usr/lib/python3.14/site-packages/pygments/lexers/__pycache__/pony.cpython-314.opt-1.pyc' -> '/usr/lib/python3.14/site-packages/pygments/lexers/__pycache__/pony.cpython-314.opt-1.pyc'
'pygments/usr/lib/python3.14/site-packages/pygments/lexers/__pycache__/praat.cpython-314.pyc' -> '/usr/lib/python3.14/site-packages/pygments/lexers/__pycache__/praat.cpython-314.pyc'
'pygments/usr/lib/python3.14/site-packages/pygments/lexers/__pycache__/praat.cpython-314.opt-1.pyc' -> '/usr/lib/python3.14/site-packages/pygments/lexers/__pycache__/praat.cpython-314.opt-1.pyc'
'pygments/usr/lib/python3.14/site-packages/pygments/lexers/__pycache__/procfile.cpython-314.pyc' -> '/usr/lib/python3.14/site-packages/pygments/lexers/__pycache__/procfile.cpython-314.pyc'
'pygments/usr/lib/python3.14/site-packages/pygments/lexers/__pycache__/procfile.cpython-314.opt-1.pyc' -> '/usr/lib/python3.14/site-packages/pygments/lexers/__pycache__/procfile.cpython-314.opt-1.pyc'
'pygments/usr/lib/python3.14/site-packages/pygments/lexers/__pycache__/prolog.cpython-314.pyc' -> '/usr/lib/python3.14/site-packages/pygments/lexers/__pycache__/prolog.cpython-314.pyc'
'pygments/usr/lib/python3.14/site-packages/pygments/lexers/__pycache__/prolog.cpython-314.opt-1.pyc' -> '/usr/lib/python3.14/site-packages/pygments/lexers/__pycache__/prolog.cpython-314.opt-1.pyc'
'pygments/usr/lib/python3.14/site-packages/pygments/lexers/__pycache__/promql.cpython-314.pyc' -> '/usr/lib/python3.14/site-packages/pygments/lexers/__pycache__/promql.cpython-314.pyc'
'pygments/usr/lib/python3.14/site-packages/pygments/lexers/__pycache__/promql.cpython-314.opt-1.pyc' -> '/usr/lib/python3.14/site-packages/pygments/lexers/__pycache__/promql.cpython-314.opt-1.pyc'
'pygments/usr/lib/python3.14/site-packages/pygments/lexers/__pycache__/prql.cpython-314.pyc' -> '/usr/lib/python3.14/site-packages/pygments/lexers/__pycache__/prql.cpython-314.pyc'
'pygments/usr/lib/python3.14/site-packages/pygments/lexers/__pycache__/prql.cpython-314.opt-1.pyc' -> '/usr/lib/python3.14/site-packages/pygments/lexers/__pycache__/prql.cpython-314.opt-1.pyc'
'pygments/usr/lib/python3.14/site-packages/pygments/lexers/__pycache__/ptx.cpython-314.pyc' -> '/usr/lib/python3.14/site-packages/pygments/lexers/__pycache__/ptx.cpython-314.pyc'
'pygments/usr/lib/python3.14/site-packages/pygments/lexers/__pycache__/ptx.cpython-314.opt-1.pyc' -> '/usr/lib/python3.14/site-packages/pygments/lexers/__pycache__/ptx.cpython-314.opt-1.pyc'
'pygments/usr/lib/python3.14/site-packages/pygments/lexers/__pycache__/python.cpython-314.pyc' -> '/usr/lib/python3.14/site-packages/pygments/lexers/__pycache__/python.cpython-314.pyc'
'pygments/usr/lib/python3.14/site-packages/pygments/lexers/__pycache__/python.cpython-314.opt-1.pyc' -> '/usr/lib/python3.14/site-packages/pygments/lexers/__pycache__/python.cpython-314.opt-1.pyc'
'pygments/usr/lib/python3.14/site-packages/pygments/lexers/__pycache__/q.cpython-314.pyc' -> '/usr/lib/python3.14/site-packages/pygments/lexers/__pycache__/q.cpython-314.pyc'
'pygments/usr/lib/python3.14/site-packages/pygments/lexers/__pycache__/q.cpython-314.opt-1.pyc' -> '/usr/lib/python3.14/site-packages/pygments/lexers/__pycache__/q.cpython-314.opt-1.pyc'
'pygments/usr/lib/python3.14/site-packages/pygments/lexers/__pycache__/qlik.cpython-314.pyc' -> '/usr/lib/python3.14/site-packages/pygments/lexers/__pycache__/qlik.cpython-314.pyc'
'pygments/usr/lib/python3.14/site-packages/pygments/lexers/__pycache__/qlik.cpython-314.opt-1.pyc' -> '/usr/lib/python3.14/site-packages/pygments/lexers/__pycache__/qlik.cpython-314.opt-1.pyc'
'pygments/usr/lib/python3.14/site-packages/pygments/lexers/__pycache__/qvt.cpython-314.pyc' -> '/usr/lib/python3.14/site-packages/pygments/lexers/__pycache__/qvt.cpython-314.pyc'
'pygments/usr/lib/python3.14/site-packages/pygments/lexers/__pycache__/qvt.cpython-314.opt-1.pyc' -> '/usr/lib/python3.14/site-packages/pygments/lexers/__pycache__/qvt.cpython-314.opt-1.pyc'
'pygments/usr/lib/python3.14/site-packages/pygments/lexers/__pycache__/r.cpython-314.pyc' -> '/usr/lib/python3.14/site-packages/pygments/lexers/__pycache__/r.cpython-314.pyc'
'pygments/usr/lib/python3.14/site-packages/pygments/lexers/__pycache__/r.cpython-314.opt-1.pyc' -> '/usr/lib/python3.14/site-packages/pygments/lexers/__pycache__/r.cpython-314.opt-1.pyc'
'pygments/usr/lib/python3.14/site-packages/pygments/lexers/__pycache__/rdf.cpython-314.pyc' -> '/usr/lib/python3.14/site-packages/pygments/lexers/__pycache__/rdf.cpython-314.pyc'
'pygments/usr/lib/python3.14/site-packages/pygments/lexers/__pycache__/rdf.cpython-314.opt-1.pyc' -> '/usr/lib/python3.14/site-packages/pygments/lexers/__pycache__/rdf.cpython-314.opt-1.pyc'
'pygments/usr/lib/python3.14/site-packages/pygments/lexers/__pycache__/rebol.cpython-314.pyc' -> '/usr/lib/python3.14/site-packages/pygments/lexers/__pycache__/rebol.cpython-314.pyc'
'pygments/usr/lib/python3.14/site-packages/pygments/lexers/__pycache__/rebol.cpython-314.opt-1.pyc' -> '/usr/lib/python3.14/site-packages/pygments/lexers/__pycache__/rebol.cpython-314.opt-1.pyc'
'pygments/usr/lib/python3.14/site-packages/pygments/lexers/__pycache__/rego.cpython-314.pyc' -> '/usr/lib/python3.14/site-packages/pygments/lexers/__pycache__/rego.cpython-314.pyc'
'pygments/usr/lib/python3.14/site-packages/pygments/lexers/__pycache__/rego.cpython-314.opt-1.pyc' -> '/usr/lib/python3.14/site-packages/pygments/lexers/__pycache__/rego.cpython-314.opt-1.pyc'
'pygments/usr/lib/python3.14/site-packages/pygments/lexers/__pycache__/rell.cpython-314.pyc' -> '/usr/lib/python3.14/site-packages/pygments/lexers/__pycache__/rell.cpython-314.pyc'
'pygments/usr/lib/python3.14/site-packages/pygments/lexers/__pycache__/rell.cpython-314.opt-1.pyc' -> '/usr/lib/python3.14/site-packages/pygments/lexers/__pycache__/rell.cpython-314.opt-1.pyc'
'pygments/usr/lib/python3.14/site-packages/pygments/lexers/__pycache__/resource.cpython-314.pyc' -> '/usr/lib/python3.14/site-packages/pygments/lexers/__pycache__/resource.cpython-314.pyc'
'pygments/usr/lib/python3.14/site-packages/pygments/lexers/__pycache__/resource.cpython-314.opt-1.pyc' -> '/usr/lib/python3.14/site-packages/pygments/lexers/__pycache__/resource.cpython-314.opt-1.pyc'
'pygments/usr/lib/python3.14/site-packages/pygments/lexers/__pycache__/ride.cpython-314.pyc' -> '/usr/lib/python3.14/site-packages/pygments/lexers/__pycache__/ride.cpython-314.pyc'
'pygments/usr/lib/python3.14/site-packages/pygments/lexers/__pycache__/ride.cpython-314.opt-1.pyc' -> '/usr/lib/python3.14/site-packages/pygments/lexers/__pycache__/ride.cpython-314.opt-1.pyc'
'pygments/usr/lib/python3.14/site-packages/pygments/lexers/__pycache__/rita.cpython-314.pyc' -> '/usr/lib/python3.14/site-packages/pygments/lexers/__pycache__/rita.cpython-314.pyc'
'pygments/usr/lib/python3.14/site-packages/pygments/lexers/__pycache__/rita.cpython-314.opt-1.pyc' -> '/usr/lib/python3.14/site-packages/pygments/lexers/__pycache__/rita.cpython-314.opt-1.pyc'
'pygments/usr/lib/python3.14/site-packages/pygments/lexers/__pycache__/rnc.cpython-314.pyc' -> '/usr/lib/python3.14/site-packages/pygments/lexers/__pycache__/rnc.cpython-314.pyc'
'pygments/usr/lib/python3.14/site-packages/pygments/lexers/__pycache__/rnc.cpython-314.opt-1.pyc' -> '/usr/lib/python3.14/site-packages/pygments/lexers/__pycache__/rnc.cpython-314.opt-1.pyc'
'pygments/usr/lib/python3.14/site-packages/pygments/lexers/__pycache__/roboconf.cpython-314.pyc' -> '/usr/lib/python3.14/site-packages/pygments/lexers/__pycache__/roboconf.cpython-314.pyc'
'pygments/usr/lib/python3.14/site-packages/pygments/lexers/__pycache__/roboconf.cpython-314.opt-1.pyc' -> '/usr/lib/python3.14/site-packages/pygments/lexers/__pycache__/roboconf.cpython-314.opt-1.pyc'
'pygments/usr/lib/python3.14/site-packages/pygments/lexers/__pycache__/robotframework.cpython-314.pyc' -> '/usr/lib/python3.14/site-packages/pygments/lexers/__pycache__/robotframework.cpython-314.pyc'
'pygments/usr/lib/python3.14/site-packages/pygments/lexers/__pycache__/robotframework.cpython-314.opt-1.pyc' -> '/usr/lib/python3.14/site-packages/pygments/lexers/__pycache__/robotframework.cpython-314.opt-1.pyc'
'pygments/usr/lib/python3.14/site-packages/pygments/lexers/__pycache__/ruby.cpython-314.pyc' -> '/usr/lib/python3.14/site-packages/pygments/lexers/__pycache__/ruby.cpython-314.pyc'
'pygments/usr/lib/python3.14/site-packages/pygments/lexers/__pycache__/ruby.cpython-314.opt-1.pyc' -> '/usr/lib/python3.14/site-packages/pygments/lexers/__pycache__/ruby.cpython-314.opt-1.pyc'
'pygments/usr/lib/python3.14/site-packages/pygments/lexers/__pycache__/rust.cpython-314.pyc' -> '/usr/lib/python3.14/site-packages/pygments/lexers/__pycache__/rust.cpython-314.pyc'
'pygments/usr/lib/python3.14/site-packages/pygments/lexers/__pycache__/rust.cpython-314.opt-1.pyc' -> '/usr/lib/python3.14/site-packages/pygments/lexers/__pycache__/rust.cpython-314.opt-1.pyc'
'pygments/usr/lib/python3.14/site-packages/pygments/lexers/__pycache__/sas.cpython-314.pyc' -> '/usr/lib/python3.14/site-packages/pygments/lexers/__pycache__/sas.cpython-314.pyc'
'pygments/usr/lib/python3.14/site-packages/pygments/lexers/__pycache__/sas.cpython-314.opt-1.pyc' -> '/usr/lib/python3.14/site-packages/pygments/lexers/__pycache__/sas.cpython-314.opt-1.pyc'
'pygments/usr/lib/python3.14/site-packages/pygments/lexers/__pycache__/savi.cpython-314.pyc' -> '/usr/lib/python3.14/site-packages/pygments/lexers/__pycache__/savi.cpython-314.pyc'
'pygments/usr/lib/python3.14/site-packages/pygments/lexers/__pycache__/savi.cpython-314.opt-1.pyc' -> '/usr/lib/python3.14/site-packages/pygments/lexers/__pycache__/savi.cpython-314.opt-1.pyc'
'pygments/usr/lib/python3.14/site-packages/pygments/lexers/__pycache__/scdoc.cpython-314.pyc' -> '/usr/lib/python3.14/site-packages/pygments/lexers/__pycache__/scdoc.cpython-314.pyc'
'pygments/usr/lib/python3.14/site-packages/pygments/lexers/__pycache__/scdoc.cpython-314.opt-1.pyc' -> '/usr/lib/python3.14/site-packages/pygments/lexers/__pycache__/scdoc.cpython-314.opt-1.pyc'
'pygments/usr/lib/python3.14/site-packages/pygments/lexers/__pycache__/scripting.cpython-314.pyc' -> '/usr/lib/python3.14/site-packages/pygments/lexers/__pycache__/scripting.cpython-314.pyc'
'pygments/usr/lib/python3.14/site-packages/pygments/lexers/__pycache__/scripting.cpython-314.opt-1.pyc' -> '/usr/lib/python3.14/site-packages/pygments/lexers/__pycache__/scripting.cpython-314.opt-1.pyc'
'pygments/usr/lib/python3.14/site-packages/pygments/lexers/__pycache__/sgf.cpython-314.pyc' -> '/usr/lib/python3.14/site-packages/pygments/lexers/__pycache__/sgf.cpython-314.pyc'
'pygments/usr/lib/python3.14/site-packages/pygments/lexers/__pycache__/sgf.cpython-314.opt-1.pyc' -> '/usr/lib/python3.14/site-packages/pygments/lexers/__pycache__/sgf.cpython-314.opt-1.pyc'
'pygments/usr/lib/python3.14/site-packages/pygments/lexers/__pycache__/shell.cpython-314.pyc' -> '/usr/lib/python3.14/site-packages/pygments/lexers/__pycache__/shell.cpython-314.pyc'
'pygments/usr/lib/python3.14/site-packages/pygments/lexers/__pycache__/shell.cpython-314.opt-1.pyc' -> '/usr/lib/python3.14/site-packages/pygments/lexers/__pycache__/shell.cpython-314.opt-1.pyc'
'pygments/usr/lib/python3.14/site-packages/pygments/lexers/__pycache__/sieve.cpython-314.pyc' -> '/usr/lib/python3.14/site-packages/pygments/lexers/__pycache__/sieve.cpython-314.pyc'
'pygments/usr/lib/python3.14/site-packages/pygments/lexers/__pycache__/sieve.cpython-314.opt-1.pyc' -> '/usr/lib/python3.14/site-packages/pygments/lexers/__pycache__/sieve.cpython-314.opt-1.pyc'
'pygments/usr/lib/python3.14/site-packages/pygments/lexers/__pycache__/slash.cpython-314.pyc' -> '/usr/lib/python3.14/site-packages/pygments/lexers/__pycache__/slash.cpython-314.pyc'
'pygments/usr/lib/python3.14/site-packages/pygments/lexers/__pycache__/slash.cpython-314.opt-1.pyc' -> '/usr/lib/python3.14/site-packages/pygments/lexers/__pycache__/slash.cpython-314.opt-1.pyc'
'pygments/usr/lib/python3.14/site-packages/pygments/lexers/__pycache__/smalltalk.cpython-314.pyc' -> '/usr/lib/python3.14/site-packages/pygments/lexers/__pycache__/smalltalk.cpython-314.pyc'
'pygments/usr/lib/python3.14/site-packages/pygments/lexers/__pycache__/smalltalk.cpython-314.opt-1.pyc' -> '/usr/lib/python3.14/site-packages/pygments/lexers/__pycache__/smalltalk.cpython-314.opt-1.pyc'
'pygments/usr/lib/python3.14/site-packages/pygments/lexers/__pycache__/smithy.cpython-314.pyc' -> '/usr/lib/python3.14/site-packages/pygments/lexers/__pycache__/smithy.cpython-314.pyc'
'pygments/usr/lib/python3.14/site-packages/pygments/lexers/__pycache__/smithy.cpython-314.opt-1.pyc' -> '/usr/lib/python3.14/site-packages/pygments/lexers/__pycache__/smithy.cpython-314.opt-1.pyc'
'pygments/usr/lib/python3.14/site-packages/pygments/lexers/__pycache__/smv.cpython-314.pyc' -> '/usr/lib/python3.14/site-packages/pygments/lexers/__pycache__/smv.cpython-314.pyc'
'pygments/usr/lib/python3.14/site-packages/pygments/lexers/__pycache__/smv.cpython-314.opt-1.pyc' -> '/usr/lib/python3.14/site-packages/pygments/lexers/__pycache__/smv.cpython-314.opt-1.pyc'
'pygments/usr/lib/python3.14/site-packages/pygments/lexers/__pycache__/snobol.cpython-314.pyc' -> '/usr/lib/python3.14/site-packages/pygments/lexers/__pycache__/snobol.cpython-314.pyc'
'pygments/usr/lib/python3.14/site-packages/pygments/lexers/__pycache__/snobol.cpython-314.opt-1.pyc' -> '/usr/lib/python3.14/site-packages/pygments/lexers/__pycache__/snobol.cpython-314.opt-1.pyc'
'pygments/usr/lib/python3.14/site-packages/pygments/lexers/__pycache__/solidity.cpython-314.pyc' -> '/usr/lib/python3.14/site-packages/pygments/lexers/__pycache__/solidity.cpython-314.pyc'
'pygments/usr/lib/python3.14/site-packages/pygments/lexers/__pycache__/solidity.cpython-314.opt-1.pyc' -> '/usr/lib/python3.14/site-packages/pygments/lexers/__pycache__/solidity.cpython-314.opt-1.pyc'
'pygments/usr/lib/python3.14/site-packages/pygments/lexers/__pycache__/soong.cpython-314.pyc' -> '/usr/lib/python3.14/site-packages/pygments/lexers/__pycache__/soong.cpython-314.pyc'
'pygments/usr/lib/python3.14/site-packages/pygments/lexers/__pycache__/soong.cpython-314.opt-1.pyc' -> '/usr/lib/python3.14/site-packages/pygments/lexers/__pycache__/soong.cpython-314.opt-1.pyc'
'pygments/usr/lib/python3.14/site-packages/pygments/lexers/__pycache__/sophia.cpython-314.pyc' -> '/usr/lib/python3.14/site-packages/pygments/lexers/__pycache__/sophia.cpython-314.pyc'
'pygments/usr/lib/python3.14/site-packages/pygments/lexers/__pycache__/sophia.cpython-314.opt-1.pyc' -> '/usr/lib/python3.14/site-packages/pygments/lexers/__pycache__/sophia.cpython-314.opt-1.pyc'
'pygments/usr/lib/python3.14/site-packages/pygments/lexers/__pycache__/special.cpython-314.pyc' -> '/usr/lib/python3.14/site-packages/pygments/lexers/__pycache__/special.cpython-314.pyc'
'pygments/usr/lib/python3.14/site-packages/pygments/lexers/__pycache__/special.cpython-314.opt-1.pyc' -> '/usr/lib/python3.14/site-packages/pygments/lexers/__pycache__/special.cpython-314.opt-1.pyc'
'pygments/usr/lib/python3.14/site-packages/pygments/lexers/__pycache__/spice.cpython-314.pyc' -> '/usr/lib/python3.14/site-packages/pygments/lexers/__pycache__/spice.cpython-314.pyc'
'pygments/usr/lib/python3.14/site-packages/pygments/lexers/__pycache__/spice.cpython-314.opt-1.pyc' -> '/usr/lib/python3.14/site-packages/pygments/lexers/__pycache__/spice.cpython-314.opt-1.pyc'
'pygments/usr/lib/python3.14/site-packages/pygments/lexers/__pycache__/sql.cpython-314.pyc' -> '/usr/lib/python3.14/site-packages/pygments/lexers/__pycache__/sql.cpython-314.pyc'
'pygments/usr/lib/python3.14/site-packages/pygments/lexers/__pycache__/sql.cpython-314.opt-1.pyc' -> '/usr/lib/python3.14/site-packages/pygments/lexers/__pycache__/sql.cpython-314.opt-1.pyc'
'pygments/usr/lib/python3.14/site-packages/pygments/lexers/__pycache__/srcinfo.cpython-314.pyc' -> '/usr/lib/python3.14/site-packages/pygments/lexers/__pycache__/srcinfo.cpython-314.pyc'
'pygments/usr/lib/python3.14/site-packages/pygments/lexers/__pycache__/srcinfo.cpython-314.opt-1.pyc' -> '/usr/lib/python3.14/site-packages/pygments/lexers/__pycache__/srcinfo.cpython-314.opt-1.pyc'
'pygments/usr/lib/python3.14/site-packages/pygments/lexers/__pycache__/stata.cpython-314.pyc' -> '/usr/lib/python3.14/site-packages/pygments/lexers/__pycache__/stata.cpython-314.pyc'
'pygments/usr/lib/python3.14/site-packages/pygments/lexers/__pycache__/stata.cpython-314.opt-1.pyc' -> '/usr/lib/python3.14/site-packages/pygments/lexers/__pycache__/stata.cpython-314.opt-1.pyc'
'pygments/usr/lib/python3.14/site-packages/pygments/lexers/__pycache__/supercollider.cpython-314.pyc' -> '/usr/lib/python3.14/site-packages/pygments/lexers/__pycache__/supercollider.cpython-314.pyc'
'pygments/usr/lib/python3.14/site-packages/pygments/lexers/__pycache__/supercollider.cpython-314.opt-1.pyc' -> '/usr/lib/python3.14/site-packages/pygments/lexers/__pycache__/supercollider.cpython-314.opt-1.pyc'
'pygments/usr/lib/python3.14/site-packages/pygments/lexers/__pycache__/tablegen.cpython-314.pyc' -> '/usr/lib/python3.14/site-packages/pygments/lexers/__pycache__/tablegen.cpython-314.pyc'
'pygments/usr/lib/python3.14/site-packages/pygments/lexers/__pycache__/tablegen.cpython-314.opt-1.pyc' -> '/usr/lib/python3.14/site-packages/pygments/lexers/__pycache__/tablegen.cpython-314.opt-1.pyc'
'pygments/usr/lib/python3.14/site-packages/pygments/lexers/__pycache__/tact.cpython-314.pyc' -> '/usr/lib/python3.14/site-packages/pygments/lexers/__pycache__/tact.cpython-314.pyc'
'pygments/usr/lib/python3.14/site-packages/pygments/lexers/__pycache__/tact.cpython-314.opt-1.pyc' -> '/usr/lib/python3.14/site-packages/pygments/lexers/__pycache__/tact.cpython-314.opt-1.pyc'
'pygments/usr/lib/python3.14/site-packages/pygments/lexers/__pycache__/tal.cpython-314.pyc' -> '/usr/lib/python3.14/site-packages/pygments/lexers/__pycache__/tal.cpython-314.pyc'
'pygments/usr/lib/python3.14/site-packages/pygments/lexers/__pycache__/tal.cpython-314.opt-1.pyc' -> '/usr/lib/python3.14/site-packages/pygments/lexers/__pycache__/tal.cpython-314.opt-1.pyc'
'pygments/usr/lib/python3.14/site-packages/pygments/lexers/__pycache__/tcl.cpython-314.pyc' -> '/usr/lib/python3.14/site-packages/pygments/lexers/__pycache__/tcl.cpython-314.pyc'
'pygments/usr/lib/python3.14/site-packages/pygments/lexers/__pycache__/tcl.cpython-314.opt-1.pyc' -> '/usr/lib/python3.14/site-packages/pygments/lexers/__pycache__/tcl.cpython-314.opt-1.pyc'
'pygments/usr/lib/python3.14/site-packages/pygments/lexers/__pycache__/teal.cpython-314.pyc' -> '/usr/lib/python3.14/site-packages/pygments/lexers/__pycache__/teal.cpython-314.pyc'
'pygments/usr/lib/python3.14/site-packages/pygments/lexers/__pycache__/teal.cpython-314.opt-1.pyc' -> '/usr/lib/python3.14/site-packages/pygments/lexers/__pycache__/teal.cpython-314.opt-1.pyc'
'pygments/usr/lib/python3.14/site-packages/pygments/lexers/__pycache__/templates.cpython-314.pyc' -> '/usr/lib/python3.14/site-packages/pygments/lexers/__pycache__/templates.cpython-314.pyc'
'pygments/usr/lib/python3.14/site-packages/pygments/lexers/__pycache__/templates.cpython-314.opt-1.pyc' -> '/usr/lib/python3.14/site-packages/pygments/lexers/__pycache__/templates.cpython-314.opt-1.pyc'
'pygments/usr/lib/python3.14/site-packages/pygments/lexers/__pycache__/teraterm.cpython-314.pyc' -> '/usr/lib/python3.14/site-packages/pygments/lexers/__pycache__/teraterm.cpython-314.pyc'
'pygments/usr/lib/python3.14/site-packages/pygments/lexers/__pycache__/teraterm.cpython-314.opt-1.pyc' -> '/usr/lib/python3.14/site-packages/pygments/lexers/__pycache__/teraterm.cpython-314.opt-1.pyc'
'pygments/usr/lib/python3.14/site-packages/pygments/lexers/__pycache__/testing.cpython-314.pyc' -> '/usr/lib/python3.14/site-packages/pygments/lexers/__pycache__/testing.cpython-314.pyc'
'pygments/usr/lib/python3.14/site-packages/pygments/lexers/__pycache__/testing.cpython-314.opt-1.pyc' -> '/usr/lib/python3.14/site-packages/pygments/lexers/__pycache__/testing.cpython-314.opt-1.pyc'
'pygments/usr/lib/python3.14/site-packages/pygments/lexers/__pycache__/text.cpython-314.pyc' -> '/usr/lib/python3.14/site-packages/pygments/lexers/__pycache__/text.cpython-314.pyc'
'pygments/usr/lib/python3.14/site-packages/pygments/lexers/__pycache__/text.cpython-314.opt-1.pyc' -> '/usr/lib/python3.14/site-packages/pygments/lexers/__pycache__/text.cpython-314.opt-1.pyc'
'pygments/usr/lib/python3.14/site-packages/pygments/lexers/__pycache__/textedit.cpython-314.pyc' -> '/usr/lib/python3.14/site-packages/pygments/lexers/__pycache__/textedit.cpython-314.pyc'
'pygments/usr/lib/python3.14/site-packages/pygments/lexers/__pycache__/textedit.cpython-314.opt-1.pyc' -> '/usr/lib/python3.14/site-packages/pygments/lexers/__pycache__/textedit.cpython-314.opt-1.pyc'
'pygments/usr/lib/python3.14/site-packages/pygments/lexers/__pycache__/textfmts.cpython-314.pyc' -> '/usr/lib/python3.14/site-packages/pygments/lexers/__pycache__/textfmts.cpython-314.pyc'
'pygments/usr/lib/python3.14/site-packages/pygments/lexers/__pycache__/textfmts.cpython-314.opt-1.pyc' -> '/usr/lib/python3.14/site-packages/pygments/lexers/__pycache__/textfmts.cpython-314.opt-1.pyc'
'pygments/usr/lib/python3.14/site-packages/pygments/lexers/__pycache__/theorem.cpython-314.pyc' -> '/usr/lib/python3.14/site-packages/pygments/lexers/__pycache__/theorem.cpython-314.pyc'
'pygments/usr/lib/python3.14/site-packages/pygments/lexers/__pycache__/theorem.cpython-314.opt-1.pyc' -> '/usr/lib/python3.14/site-packages/pygments/lexers/__pycache__/theorem.cpython-314.opt-1.pyc'
'pygments/usr/lib/python3.14/site-packages/pygments/lexers/__pycache__/thingsdb.cpython-314.pyc' -> '/usr/lib/python3.14/site-packages/pygments/lexers/__pycache__/thingsdb.cpython-314.pyc'
'pygments/usr/lib/python3.14/site-packages/pygments/lexers/__pycache__/thingsdb.cpython-314.opt-1.pyc' -> '/usr/lib/python3.14/site-packages/pygments/lexers/__pycache__/thingsdb.cpython-314.opt-1.pyc'
'pygments/usr/lib/python3.14/site-packages/pygments/lexers/__pycache__/tlb.cpython-314.pyc' -> '/usr/lib/python3.14/site-packages/pygments/lexers/__pycache__/tlb.cpython-314.pyc'
'pygments/usr/lib/python3.14/site-packages/pygments/lexers/__pycache__/tlb.cpython-314.opt-1.pyc' -> '/usr/lib/python3.14/site-packages/pygments/lexers/__pycache__/tlb.cpython-314.opt-1.pyc'
'pygments/usr/lib/python3.14/site-packages/pygments/lexers/__pycache__/tls.cpython-314.pyc' -> '/usr/lib/python3.14/site-packages/pygments/lexers/__pycache__/tls.cpython-314.pyc'
'pygments/usr/lib/python3.14/site-packages/pygments/lexers/__pycache__/tls.cpython-314.opt-1.pyc' -> '/usr/lib/python3.14/site-packages/pygments/lexers/__pycache__/tls.cpython-314.opt-1.pyc'
'pygments/usr/lib/python3.14/site-packages/pygments/lexers/__pycache__/tnt.cpython-314.pyc' -> '/usr/lib/python3.14/site-packages/pygments/lexers/__pycache__/tnt.cpython-314.pyc'
'pygments/usr/lib/python3.14/site-packages/pygments/lexers/__pycache__/tnt.cpython-314.opt-1.pyc' -> '/usr/lib/python3.14/site-packages/pygments/lexers/__pycache__/tnt.cpython-314.opt-1.pyc'
'pygments/usr/lib/python3.14/site-packages/pygments/lexers/__pycache__/trafficscript.cpython-314.pyc' -> '/usr/lib/python3.14/site-packages/pygments/lexers/__pycache__/trafficscript.cpython-314.pyc'
'pygments/usr/lib/python3.14/site-packages/pygments/lexers/__pycache__/trafficscript.cpython-314.opt-1.pyc' -> '/usr/lib/python3.14/site-packages/pygments/lexers/__pycache__/trafficscript.cpython-314.opt-1.pyc'
'pygments/usr/lib/python3.14/site-packages/pygments/lexers/__pycache__/typoscript.cpython-314.pyc' -> '/usr/lib/python3.14/site-packages/pygments/lexers/__pycache__/typoscript.cpython-314.pyc'
'pygments/usr/lib/python3.14/site-packages/pygments/lexers/__pycache__/typoscript.cpython-314.opt-1.pyc' -> '/usr/lib/python3.14/site-packages/pygments/lexers/__pycache__/typoscript.cpython-314.opt-1.pyc'
'pygments/usr/lib/python3.14/site-packages/pygments/lexers/__pycache__/typst.cpython-314.pyc' -> '/usr/lib/python3.14/site-packages/pygments/lexers/__pycache__/typst.cpython-314.pyc'
'pygments/usr/lib/python3.14/site-packages/pygments/lexers/__pycache__/typst.cpython-314.opt-1.pyc' -> '/usr/lib/python3.14/site-packages/pygments/lexers/__pycache__/typst.cpython-314.opt-1.pyc'
'pygments/usr/lib/python3.14/site-packages/pygments/lexers/__pycache__/ul4.cpython-314.pyc' -> '/usr/lib/python3.14/site-packages/pygments/lexers/__pycache__/ul4.cpython-314.pyc'
'pygments/usr/lib/python3.14/site-packages/pygments/lexers/__pycache__/ul4.cpython-314.opt-1.pyc' -> '/usr/lib/python3.14/site-packages/pygments/lexers/__pycache__/ul4.cpython-314.opt-1.pyc'
'pygments/usr/lib/python3.14/site-packages/pygments/lexers/__pycache__/unicon.cpython-314.pyc' -> '/usr/lib/python3.14/site-packages/pygments/lexers/__pycache__/unicon.cpython-314.pyc'
'pygments/usr/lib/python3.14/site-packages/pygments/lexers/__pycache__/unicon.cpython-314.opt-1.pyc' -> '/usr/lib/python3.14/site-packages/pygments/lexers/__pycache__/unicon.cpython-314.opt-1.pyc'
'pygments/usr/lib/python3.14/site-packages/pygments/lexers/__pycache__/urbi.cpython-314.pyc' -> '/usr/lib/python3.14/site-packages/pygments/lexers/__pycache__/urbi.cpython-314.pyc'
'pygments/usr/lib/python3.14/site-packages/pygments/lexers/__pycache__/urbi.cpython-314.opt-1.pyc' -> '/usr/lib/python3.14/site-packages/pygments/lexers/__pycache__/urbi.cpython-314.opt-1.pyc'
'pygments/usr/lib/python3.14/site-packages/pygments/lexers/__pycache__/usd.cpython-314.pyc' -> '/usr/lib/python3.14/site-packages/pygments/lexers/__pycache__/usd.cpython-314.pyc'
'pygments/usr/lib/python3.14/site-packages/pygments/lexers/__pycache__/usd.cpython-314.opt-1.pyc' -> '/usr/lib/python3.14/site-packages/pygments/lexers/__pycache__/usd.cpython-314.opt-1.pyc'
'pygments/usr/lib/python3.14/site-packages/pygments/lexers/__pycache__/varnish.cpython-314.pyc' -> '/usr/lib/python3.14/site-packages/pygments/lexers/__pycache__/varnish.cpython-314.pyc'
'pygments/usr/lib/python3.14/site-packages/pygments/lexers/__pycache__/varnish.cpython-314.opt-1.pyc' -> '/usr/lib/python3.14/site-packages/pygments/lexers/__pycache__/varnish.cpython-314.opt-1.pyc'
'pygments/usr/lib/python3.14/site-packages/pygments/lexers/__pycache__/verification.cpython-314.pyc' -> '/usr/lib/python3.14/site-packages/pygments/lexers/__pycache__/verification.cpython-314.pyc'
'pygments/usr/lib/python3.14/site-packages/pygments/lexers/__pycache__/verification.cpython-314.opt-1.pyc' -> '/usr/lib/python3.14/site-packages/pygments/lexers/__pycache__/verification.cpython-314.opt-1.pyc'
'pygments/usr/lib/python3.14/site-packages/pygments/lexers/__pycache__/verifpal.cpython-314.pyc' -> '/usr/lib/python3.14/site-packages/pygments/lexers/__pycache__/verifpal.cpython-314.pyc'
'pygments/usr/lib/python3.14/site-packages/pygments/lexers/__pycache__/verifpal.cpython-314.opt-1.pyc' -> '/usr/lib/python3.14/site-packages/pygments/lexers/__pycache__/verifpal.cpython-314.opt-1.pyc'
'pygments/usr/lib/python3.14/site-packages/pygments/lexers/__pycache__/vip.cpython-314.pyc' -> '/usr/lib/python3.14/site-packages/pygments/lexers/__pycache__/vip.cpython-314.pyc'
'pygments/usr/lib/python3.14/site-packages/pygments/lexers/__pycache__/vip.cpython-314.opt-1.pyc' -> '/usr/lib/python3.14/site-packages/pygments/lexers/__pycache__/vip.cpython-314.opt-1.pyc'
'pygments/usr/lib/python3.14/site-packages/pygments/lexers/__pycache__/vyper.cpython-314.pyc' -> '/usr/lib/python3.14/site-packages/pygments/lexers/__pycache__/vyper.cpython-314.pyc'
'pygments/usr/lib/python3.14/site-packages/pygments/lexers/__pycache__/vyper.cpython-314.opt-1.pyc' -> '/usr/lib/python3.14/site-packages/pygments/lexers/__pycache__/vyper.cpython-314.opt-1.pyc'
'pygments/usr/lib/python3.14/site-packages/pygments/lexers/__pycache__/web.cpython-314.pyc' -> '/usr/lib/python3.14/site-packages/pygments/lexers/__pycache__/web.cpython-314.pyc'
'pygments/usr/lib/python3.14/site-packages/pygments/lexers/__pycache__/web.cpython-314.opt-1.pyc' -> '/usr/lib/python3.14/site-packages/pygments/lexers/__pycache__/web.cpython-314.opt-1.pyc'
'pygments/usr/lib/python3.14/site-packages/pygments/lexers/__pycache__/webassembly.cpython-314.pyc' -> '/usr/lib/python3.14/site-packages/pygments/lexers/__pycache__/webassembly.cpython-314.pyc'
'pygments/usr/lib/python3.14/site-packages/pygments/lexers/__pycache__/webassembly.cpython-314.opt-1.pyc' -> '/usr/lib/python3.14/site-packages/pygments/lexers/__pycache__/webassembly.cpython-314.opt-1.pyc'
'pygments/usr/lib/python3.14/site-packages/pygments/lexers/__pycache__/webidl.cpython-314.pyc' -> '/usr/lib/python3.14/site-packages/pygments/lexers/__pycache__/webidl.cpython-314.pyc'
'pygments/usr/lib/python3.14/site-packages/pygments/lexers/__pycache__/webidl.cpython-314.opt-1.pyc' -> '/usr/lib/python3.14/site-packages/pygments/lexers/__pycache__/webidl.cpython-314.opt-1.pyc'
'pygments/usr/lib/python3.14/site-packages/pygments/lexers/__pycache__/webmisc.cpython-314.pyc' -> '/usr/lib/python3.14/site-packages/pygments/lexers/__pycache__/webmisc.cpython-314.pyc'
'pygments/usr/lib/python3.14/site-packages/pygments/lexers/__pycache__/webmisc.cpython-314.opt-1.pyc' -> '/usr/lib/python3.14/site-packages/pygments/lexers/__pycache__/webmisc.cpython-314.opt-1.pyc'
'pygments/usr/lib/python3.14/site-packages/pygments/lexers/__pycache__/wgsl.cpython-314.pyc' -> '/usr/lib/python3.14/site-packages/pygments/lexers/__pycache__/wgsl.cpython-314.pyc'
'pygments/usr/lib/python3.14/site-packages/pygments/lexers/__pycache__/wgsl.cpython-314.opt-1.pyc' -> '/usr/lib/python3.14/site-packages/pygments/lexers/__pycache__/wgsl.cpython-314.opt-1.pyc'
'pygments/usr/lib/python3.14/site-packages/pygments/lexers/__pycache__/whiley.cpython-314.pyc' -> '/usr/lib/python3.14/site-packages/pygments/lexers/__pycache__/whiley.cpython-314.pyc'
'pygments/usr/lib/python3.14/site-packages/pygments/lexers/__pycache__/whiley.cpython-314.opt-1.pyc' -> '/usr/lib/python3.14/site-packages/pygments/lexers/__pycache__/whiley.cpython-314.opt-1.pyc'
'pygments/usr/lib/python3.14/site-packages/pygments/lexers/__pycache__/wowtoc.cpython-314.pyc' -> '/usr/lib/python3.14/site-packages/pygments/lexers/__pycache__/wowtoc.cpython-314.pyc'
'pygments/usr/lib/python3.14/site-packages/pygments/lexers/__pycache__/wowtoc.cpython-314.opt-1.pyc' -> '/usr/lib/python3.14/site-packages/pygments/lexers/__pycache__/wowtoc.cpython-314.opt-1.pyc'
'pygments/usr/lib/python3.14/site-packages/pygments/lexers/__pycache__/wren.cpython-314.pyc' -> '/usr/lib/python3.14/site-packages/pygments/lexers/__pycache__/wren.cpython-314.pyc'
'pygments/usr/lib/python3.14/site-packages/pygments/lexers/__pycache__/wren.cpython-314.opt-1.pyc' -> '/usr/lib/python3.14/site-packages/pygments/lexers/__pycache__/wren.cpython-314.opt-1.pyc'
'pygments/usr/lib/python3.14/site-packages/pygments/lexers/__pycache__/x10.cpython-314.pyc' -> '/usr/lib/python3.14/site-packages/pygments/lexers/__pycache__/x10.cpython-314.pyc'
'pygments/usr/lib/python3.14/site-packages/pygments/lexers/__pycache__/x10.cpython-314.opt-1.pyc' -> '/usr/lib/python3.14/site-packages/pygments/lexers/__pycache__/x10.cpython-314.opt-1.pyc'
'pygments/usr/lib/python3.14/site-packages/pygments/lexers/__pycache__/xorg.cpython-314.pyc' -> '/usr/lib/python3.14/site-packages/pygments/lexers/__pycache__/xorg.cpython-314.pyc'
'pygments/usr/lib/python3.14/site-packages/pygments/lexers/__pycache__/xorg.cpython-314.opt-1.pyc' -> '/usr/lib/python3.14/site-packages/pygments/lexers/__pycache__/xorg.cpython-314.opt-1.pyc'
'pygments/usr/lib/python3.14/site-packages/pygments/lexers/__pycache__/yang.cpython-314.pyc' -> '/usr/lib/python3.14/site-packages/pygments/lexers/__pycache__/yang.cpython-314.pyc'
'pygments/usr/lib/python3.14/site-packages/pygments/lexers/__pycache__/yang.cpython-314.opt-1.pyc' -> '/usr/lib/python3.14/site-packages/pygments/lexers/__pycache__/yang.cpython-314.opt-1.pyc'
'pygments/usr/lib/python3.14/site-packages/pygments/lexers/__pycache__/yara.cpython-314.pyc' -> '/usr/lib/python3.14/site-packages/pygments/lexers/__pycache__/yara.cpython-314.pyc'
'pygments/usr/lib/python3.14/site-packages/pygments/lexers/__pycache__/yara.cpython-314.opt-1.pyc' -> '/usr/lib/python3.14/site-packages/pygments/lexers/__pycache__/yara.cpython-314.opt-1.pyc'
'pygments/usr/lib/python3.14/site-packages/pygments/lexers/__pycache__/zig.cpython-314.pyc' -> '/usr/lib/python3.14/site-packages/pygments/lexers/__pycache__/zig.cpython-314.pyc'
'pygments/usr/lib/python3.14/site-packages/pygments/lexers/__pycache__/zig.cpython-314.opt-1.pyc' -> '/usr/lib/python3.14/site-packages/pygments/lexers/__pycache__/zig.cpython-314.opt-1.pyc'
'pygments/usr/lib/python3.14/site-packages/pygments/styles/__init__.py' -> '/usr/lib/python3.14/site-packages/pygments/styles/__init__.py'
'pygments/usr/lib/python3.14/site-packages/pygments/styles/_mapping.py' -> '/usr/lib/python3.14/site-packages/pygments/styles/_mapping.py'
'pygments/usr/lib/python3.14/site-packages/pygments/styles/abap.py' -> '/usr/lib/python3.14/site-packages/pygments/styles/abap.py'
'pygments/usr/lib/python3.14/site-packages/pygments/styles/algol.py' -> '/usr/lib/python3.14/site-packages/pygments/styles/algol.py'
'pygments/usr/lib/python3.14/site-packages/pygments/styles/algol_nu.py' -> '/usr/lib/python3.14/site-packages/pygments/styles/algol_nu.py'
'pygments/usr/lib/python3.14/site-packages/pygments/styles/arduino.py' -> '/usr/lib/python3.14/site-packages/pygments/styles/arduino.py'
'pygments/usr/lib/python3.14/site-packages/pygments/styles/autumn.py' -> '/usr/lib/python3.14/site-packages/pygments/styles/autumn.py'
'pygments/usr/lib/python3.14/site-packages/pygments/styles/borland.py' -> '/usr/lib/python3.14/site-packages/pygments/styles/borland.py'
'pygments/usr/lib/python3.14/site-packages/pygments/styles/bw.py' -> '/usr/lib/python3.14/site-packages/pygments/styles/bw.py'
'pygments/usr/lib/python3.14/site-packages/pygments/styles/coffee.py' -> '/usr/lib/python3.14/site-packages/pygments/styles/coffee.py'
'pygments/usr/lib/python3.14/site-packages/pygments/styles/colorful.py' -> '/usr/lib/python3.14/site-packages/pygments/styles/colorful.py'
'pygments/usr/lib/python3.14/site-packages/pygments/styles/default.py' -> '/usr/lib/python3.14/site-packages/pygments/styles/default.py'
'pygments/usr/lib/python3.14/site-packages/pygments/styles/dracula.py' -> '/usr/lib/python3.14/site-packages/pygments/styles/dracula.py'
'pygments/usr/lib/python3.14/site-packages/pygments/styles/emacs.py' -> '/usr/lib/python3.14/site-packages/pygments/styles/emacs.py'
'pygments/usr/lib/python3.14/site-packages/pygments/styles/friendly.py' -> '/usr/lib/python3.14/site-packages/pygments/styles/friendly.py'
'pygments/usr/lib/python3.14/site-packages/pygments/styles/friendly_grayscale.py' -> '/usr/lib/python3.14/site-packages/pygments/styles/friendly_grayscale.py'
'pygments/usr/lib/python3.14/site-packages/pygments/styles/fruity.py' -> '/usr/lib/python3.14/site-packages/pygments/styles/fruity.py'
'pygments/usr/lib/python3.14/site-packages/pygments/styles/gh_dark.py' -> '/usr/lib/python3.14/site-packages/pygments/styles/gh_dark.py'
'pygments/usr/lib/python3.14/site-packages/pygments/styles/gruvbox.py' -> '/usr/lib/python3.14/site-packages/pygments/styles/gruvbox.py'
'pygments/usr/lib/python3.14/site-packages/pygments/styles/igor.py' -> '/usr/lib/python3.14/site-packages/pygments/styles/igor.py'
'pygments/usr/lib/python3.14/site-packages/pygments/styles/inkpot.py' -> '/usr/lib/python3.14/site-packages/pygments/styles/inkpot.py'
'pygments/usr/lib/python3.14/site-packages/pygments/styles/lightbulb.py' -> '/usr/lib/python3.14/site-packages/pygments/styles/lightbulb.py'
'pygments/usr/lib/python3.14/site-packages/pygments/styles/lilypond.py' -> '/usr/lib/python3.14/site-packages/pygments/styles/lilypond.py'
'pygments/usr/lib/python3.14/site-packages/pygments/styles/lovelace.py' -> '/usr/lib/python3.14/site-packages/pygments/styles/lovelace.py'
'pygments/usr/lib/python3.14/site-packages/pygments/styles/manni.py' -> '/usr/lib/python3.14/site-packages/pygments/styles/manni.py'
'pygments/usr/lib/python3.14/site-packages/pygments/styles/material.py' -> '/usr/lib/python3.14/site-packages/pygments/styles/material.py'
'pygments/usr/lib/python3.14/site-packages/pygments/styles/monokai.py' -> '/usr/lib/python3.14/site-packages/pygments/styles/monokai.py'
'pygments/usr/lib/python3.14/site-packages/pygments/styles/murphy.py' -> '/usr/lib/python3.14/site-packages/pygments/styles/murphy.py'
'pygments/usr/lib/python3.14/site-packages/pygments/styles/native.py' -> '/usr/lib/python3.14/site-packages/pygments/styles/native.py'
'pygments/usr/lib/python3.14/site-packages/pygments/styles/nord.py' -> '/usr/lib/python3.14/site-packages/pygments/styles/nord.py'
'pygments/usr/lib/python3.14/site-packages/pygments/styles/onedark.py' -> '/usr/lib/python3.14/site-packages/pygments/styles/onedark.py'
'pygments/usr/lib/python3.14/site-packages/pygments/styles/paraiso_dark.py' -> '/usr/lib/python3.14/site-packages/pygments/styles/paraiso_dark.py'
'pygments/usr/lib/python3.14/site-packages/pygments/styles/paraiso_light.py' -> '/usr/lib/python3.14/site-packages/pygments/styles/paraiso_light.py'
'pygments/usr/lib/python3.14/site-packages/pygments/styles/pastie.py' -> '/usr/lib/python3.14/site-packages/pygments/styles/pastie.py'
'pygments/usr/lib/python3.14/site-packages/pygments/styles/perldoc.py' -> '/usr/lib/python3.14/site-packages/pygments/styles/perldoc.py'
'pygments/usr/lib/python3.14/site-packages/pygments/styles/rainbow_dash.py' -> '/usr/lib/python3.14/site-packages/pygments/styles/rainbow_dash.py'
'pygments/usr/lib/python3.14/site-packages/pygments/styles/rrt.py' -> '/usr/lib/python3.14/site-packages/pygments/styles/rrt.py'
'pygments/usr/lib/python3.14/site-packages/pygments/styles/sas.py' -> '/usr/lib/python3.14/site-packages/pygments/styles/sas.py'
'pygments/usr/lib/python3.14/site-packages/pygments/styles/solarized.py' -> '/usr/lib/python3.14/site-packages/pygments/styles/solarized.py'
'pygments/usr/lib/python3.14/site-packages/pygments/styles/staroffice.py' -> '/usr/lib/python3.14/site-packages/pygments/styles/staroffice.py'
'pygments/usr/lib/python3.14/site-packages/pygments/styles/stata_dark.py' -> '/usr/lib/python3.14/site-packages/pygments/styles/stata_dark.py'
'pygments/usr/lib/python3.14/site-packages/pygments/styles/stata_light.py' -> '/usr/lib/python3.14/site-packages/pygments/styles/stata_light.py'
'pygments/usr/lib/python3.14/site-packages/pygments/styles/tango.py' -> '/usr/lib/python3.14/site-packages/pygments/styles/tango.py'
'pygments/usr/lib/python3.14/site-packages/pygments/styles/trac.py' -> '/usr/lib/python3.14/site-packages/pygments/styles/trac.py'
'pygments/usr/lib/python3.14/site-packages/pygments/styles/vim.py' -> '/usr/lib/python3.14/site-packages/pygments/styles/vim.py'
'pygments/usr/lib/python3.14/site-packages/pygments/styles/vs.py' -> '/usr/lib/python3.14/site-packages/pygments/styles/vs.py'
'pygments/usr/lib/python3.14/site-packages/pygments/styles/xcode.py' -> '/usr/lib/python3.14/site-packages/pygments/styles/xcode.py'
'pygments/usr/lib/python3.14/site-packages/pygments/styles/zenburn.py' -> '/usr/lib/python3.14/site-packages/pygments/styles/zenburn.py'
'pygments/usr/lib/python3.14/site-packages/pygments/styles/__pycache__/__init__.cpython-314.pyc' -> '/usr/lib/python3.14/site-packages/pygments/styles/__pycache__/__init__.cpython-314.pyc'
'pygments/usr/lib/python3.14/site-packages/pygments/styles/__pycache__/__init__.cpython-314.opt-1.pyc' -> '/usr/lib/python3.14/site-packages/pygments/styles/__pycache__/__init__.cpython-314.opt-1.pyc'
'pygments/usr/lib/python3.14/site-packages/pygments/styles/__pycache__/_mapping.cpython-314.pyc' -> '/usr/lib/python3.14/site-packages/pygments/styles/__pycache__/_mapping.cpython-314.pyc'
'pygments/usr/lib/python3.14/site-packages/pygments/styles/__pycache__/_mapping.cpython-314.opt-1.pyc' -> '/usr/lib/python3.14/site-packages/pygments/styles/__pycache__/_mapping.cpython-314.opt-1.pyc'
'pygments/usr/lib/python3.14/site-packages/pygments/styles/__pycache__/abap.cpython-314.pyc' -> '/usr/lib/python3.14/site-packages/pygments/styles/__pycache__/abap.cpython-314.pyc'
'pygments/usr/lib/python3.14/site-packages/pygments/styles/__pycache__/abap.cpython-314.opt-1.pyc' -> '/usr/lib/python3.14/site-packages/pygments/styles/__pycache__/abap.cpython-314.opt-1.pyc'
'pygments/usr/lib/python3.14/site-packages/pygments/styles/__pycache__/algol.cpython-314.pyc' -> '/usr/lib/python3.14/site-packages/pygments/styles/__pycache__/algol.cpython-314.pyc'
'pygments/usr/lib/python3.14/site-packages/pygments/styles/__pycache__/algol.cpython-314.opt-1.pyc' -> '/usr/lib/python3.14/site-packages/pygments/styles/__pycache__/algol.cpython-314.opt-1.pyc'
'pygments/usr/lib/python3.14/site-packages/pygments/styles/__pycache__/algol_nu.cpython-314.pyc' -> '/usr/lib/python3.14/site-packages/pygments/styles/__pycache__/algol_nu.cpython-314.pyc'
'pygments/usr/lib/python3.14/site-packages/pygments/styles/__pycache__/algol_nu.cpython-314.opt-1.pyc' -> '/usr/lib/python3.14/site-packages/pygments/styles/__pycache__/algol_nu.cpython-314.opt-1.pyc'
'pygments/usr/lib/python3.14/site-packages/pygments/styles/__pycache__/arduino.cpython-314.pyc' -> '/usr/lib/python3.14/site-packages/pygments/styles/__pycache__/arduino.cpython-314.pyc'
'pygments/usr/lib/python3.14/site-packages/pygments/styles/__pycache__/arduino.cpython-314.opt-1.pyc' -> '/usr/lib/python3.14/site-packages/pygments/styles/__pycache__/arduino.cpython-314.opt-1.pyc'
'pygments/usr/lib/python3.14/site-packages/pygments/styles/__pycache__/autumn.cpython-314.pyc' -> '/usr/lib/python3.14/site-packages/pygments/styles/__pycache__/autumn.cpython-314.pyc'
'pygments/usr/lib/python3.14/site-packages/pygments/styles/__pycache__/autumn.cpython-314.opt-1.pyc' -> '/usr/lib/python3.14/site-packages/pygments/styles/__pycache__/autumn.cpython-314.opt-1.pyc'
'pygments/usr/lib/python3.14/site-packages/pygments/styles/__pycache__/borland.cpython-314.pyc' -> '/usr/lib/python3.14/site-packages/pygments/styles/__pycache__/borland.cpython-314.pyc'
'pygments/usr/lib/python3.14/site-packages/pygments/styles/__pycache__/borland.cpython-314.opt-1.pyc' -> '/usr/lib/python3.14/site-packages/pygments/styles/__pycache__/borland.cpython-314.opt-1.pyc'
'pygments/usr/lib/python3.14/site-packages/pygments/styles/__pycache__/bw.cpython-314.pyc' -> '/usr/lib/python3.14/site-packages/pygments/styles/__pycache__/bw.cpython-314.pyc'
'pygments/usr/lib/python3.14/site-packages/pygments/styles/__pycache__/bw.cpython-314.opt-1.pyc' -> '/usr/lib/python3.14/site-packages/pygments/styles/__pycache__/bw.cpython-314.opt-1.pyc'
'pygments/usr/lib/python3.14/site-packages/pygments/styles/__pycache__/coffee.cpython-314.pyc' -> '/usr/lib/python3.14/site-packages/pygments/styles/__pycache__/coffee.cpython-314.pyc'
'pygments/usr/lib/python3.14/site-packages/pygments/styles/__pycache__/coffee.cpython-314.opt-1.pyc' -> '/usr/lib/python3.14/site-packages/pygments/styles/__pycache__/coffee.cpython-314.opt-1.pyc'
'pygments/usr/lib/python3.14/site-packages/pygments/styles/__pycache__/colorful.cpython-314.pyc' -> '/usr/lib/python3.14/site-packages/pygments/styles/__pycache__/colorful.cpython-314.pyc'
'pygments/usr/lib/python3.14/site-packages/pygments/styles/__pycache__/colorful.cpython-314.opt-1.pyc' -> '/usr/lib/python3.14/site-packages/pygments/styles/__pycache__/colorful.cpython-314.opt-1.pyc'
'pygments/usr/lib/python3.14/site-packages/pygments/styles/__pycache__/default.cpython-314.pyc' -> '/usr/lib/python3.14/site-packages/pygments/styles/__pycache__/default.cpython-314.pyc'
'pygments/usr/lib/python3.14/site-packages/pygments/styles/__pycache__/default.cpython-314.opt-1.pyc' -> '/usr/lib/python3.14/site-packages/pygments/styles/__pycache__/default.cpython-314.opt-1.pyc'
'pygments/usr/lib/python3.14/site-packages/pygments/styles/__pycache__/dracula.cpython-314.pyc' -> '/usr/lib/python3.14/site-packages/pygments/styles/__pycache__/dracula.cpython-314.pyc'
'pygments/usr/lib/python3.14/site-packages/pygments/styles/__pycache__/dracula.cpython-314.opt-1.pyc' -> '/usr/lib/python3.14/site-packages/pygments/styles/__pycache__/dracula.cpython-314.opt-1.pyc'
'pygments/usr/lib/python3.14/site-packages/pygments/styles/__pycache__/emacs.cpython-314.pyc' -> '/usr/lib/python3.14/site-packages/pygments/styles/__pycache__/emacs.cpython-314.pyc'
'pygments/usr/lib/python3.14/site-packages/pygments/styles/__pycache__/emacs.cpython-314.opt-1.pyc' -> '/usr/lib/python3.14/site-packages/pygments/styles/__pycache__/emacs.cpython-314.opt-1.pyc'
'pygments/usr/lib/python3.14/site-packages/pygments/styles/__pycache__/friendly.cpython-314.pyc' -> '/usr/lib/python3.14/site-packages/pygments/styles/__pycache__/friendly.cpython-314.pyc'
'pygments/usr/lib/python3.14/site-packages/pygments/styles/__pycache__/friendly.cpython-314.opt-1.pyc' -> '/usr/lib/python3.14/site-packages/pygments/styles/__pycache__/friendly.cpython-314.opt-1.pyc'
'pygments/usr/lib/python3.14/site-packages/pygments/styles/__pycache__/friendly_grayscale.cpython-314.pyc' -> '/usr/lib/python3.14/site-packages/pygments/styles/__pycache__/friendly_grayscale.cpython-314.pyc'
'pygments/usr/lib/python3.14/site-packages/pygments/styles/__pycache__/friendly_grayscale.cpython-314.opt-1.pyc' -> '/usr/lib/python3.14/site-packages/pygments/styles/__pycache__/friendly_grayscale.cpython-314.opt-1.pyc'
'pygments/usr/lib/python3.14/site-packages/pygments/styles/__pycache__/fruity.cpython-314.pyc' -> '/usr/lib/python3.14/site-packages/pygments/styles/__pycache__/fruity.cpython-314.pyc'
'pygments/usr/lib/python3.14/site-packages/pygments/styles/__pycache__/fruity.cpython-314.opt-1.pyc' -> '/usr/lib/python3.14/site-packages/pygments/styles/__pycache__/fruity.cpython-314.opt-1.pyc'
'pygments/usr/lib/python3.14/site-packages/pygments/styles/__pycache__/gh_dark.cpython-314.pyc' -> '/usr/lib/python3.14/site-packages/pygments/styles/__pycache__/gh_dark.cpython-314.pyc'
'pygments/usr/lib/python3.14/site-packages/pygments/styles/__pycache__/gh_dark.cpython-314.opt-1.pyc' -> '/usr/lib/python3.14/site-packages/pygments/styles/__pycache__/gh_dark.cpython-314.opt-1.pyc'
'pygments/usr/lib/python3.14/site-packages/pygments/styles/__pycache__/gruvbox.cpython-314.pyc' -> '/usr/lib/python3.14/site-packages/pygments/styles/__pycache__/gruvbox.cpython-314.pyc'
'pygments/usr/lib/python3.14/site-packages/pygments/styles/__pycache__/gruvbox.cpython-314.opt-1.pyc' -> '/usr/lib/python3.14/site-packages/pygments/styles/__pycache__/gruvbox.cpython-314.opt-1.pyc'
'pygments/usr/lib/python3.14/site-packages/pygments/styles/__pycache__/igor.cpython-314.pyc' -> '/usr/lib/python3.14/site-packages/pygments/styles/__pycache__/igor.cpython-314.pyc'
'pygments/usr/lib/python3.14/site-packages/pygments/styles/__pycache__/igor.cpython-314.opt-1.pyc' -> '/usr/lib/python3.14/site-packages/pygments/styles/__pycache__/igor.cpython-314.opt-1.pyc'
'pygments/usr/lib/python3.14/site-packages/pygments/styles/__pycache__/inkpot.cpython-314.pyc' -> '/usr/lib/python3.14/site-packages/pygments/styles/__pycache__/inkpot.cpython-314.pyc'
'pygments/usr/lib/python3.14/site-packages/pygments/styles/__pycache__/inkpot.cpython-314.opt-1.pyc' -> '/usr/lib/python3.14/site-packages/pygments/styles/__pycache__/inkpot.cpython-314.opt-1.pyc'
'pygments/usr/lib/python3.14/site-packages/pygments/styles/__pycache__/lightbulb.cpython-314.pyc' -> '/usr/lib/python3.14/site-packages/pygments/styles/__pycache__/lightbulb.cpython-314.pyc'
'pygments/usr/lib/python3.14/site-packages/pygments/styles/__pycache__/lightbulb.cpython-314.opt-1.pyc' -> '/usr/lib/python3.14/site-packages/pygments/styles/__pycache__/lightbulb.cpython-314.opt-1.pyc'
'pygments/usr/lib/python3.14/site-packages/pygments/styles/__pycache__/lilypond.cpython-314.pyc' -> '/usr/lib/python3.14/site-packages/pygments/styles/__pycache__/lilypond.cpython-314.pyc'
'pygments/usr/lib/python3.14/site-packages/pygments/styles/__pycache__/lilypond.cpython-314.opt-1.pyc' -> '/usr/lib/python3.14/site-packages/pygments/styles/__pycache__/lilypond.cpython-314.opt-1.pyc'
'pygments/usr/lib/python3.14/site-packages/pygments/styles/__pycache__/lovelace.cpython-314.pyc' -> '/usr/lib/python3.14/site-packages/pygments/styles/__pycache__/lovelace.cpython-314.pyc'
'pygments/usr/lib/python3.14/site-packages/pygments/styles/__pycache__/lovelace.cpython-314.opt-1.pyc' -> '/usr/lib/python3.14/site-packages/pygments/styles/__pycache__/lovelace.cpython-314.opt-1.pyc'
'pygments/usr/lib/python3.14/site-packages/pygments/styles/__pycache__/manni.cpython-314.pyc' -> '/usr/lib/python3.14/site-packages/pygments/styles/__pycache__/manni.cpython-314.pyc'
'pygments/usr/lib/python3.14/site-packages/pygments/styles/__pycache__/manni.cpython-314.opt-1.pyc' -> '/usr/lib/python3.14/site-packages/pygments/styles/__pycache__/manni.cpython-314.opt-1.pyc'
'pygments/usr/lib/python3.14/site-packages/pygments/styles/__pycache__/material.cpython-314.pyc' -> '/usr/lib/python3.14/site-packages/pygments/styles/__pycache__/material.cpython-314.pyc'
'pygments/usr/lib/python3.14/site-packages/pygments/styles/__pycache__/material.cpython-314.opt-1.pyc' -> '/usr/lib/python3.14/site-packages/pygments/styles/__pycache__/material.cpython-314.opt-1.pyc'
'pygments/usr/lib/python3.14/site-packages/pygments/styles/__pycache__/monokai.cpython-314.pyc' -> '/usr/lib/python3.14/site-packages/pygments/styles/__pycache__/monokai.cpython-314.pyc'
'pygments/usr/lib/python3.14/site-packages/pygments/styles/__pycache__/monokai.cpython-314.opt-1.pyc' -> '/usr/lib/python3.14/site-packages/pygments/styles/__pycache__/monokai.cpython-314.opt-1.pyc'
'pygments/usr/lib/python3.14/site-packages/pygments/styles/__pycache__/murphy.cpython-314.pyc' -> '/usr/lib/python3.14/site-packages/pygments/styles/__pycache__/murphy.cpython-314.pyc'
'pygments/usr/lib/python3.14/site-packages/pygments/styles/__pycache__/murphy.cpython-314.opt-1.pyc' -> '/usr/lib/python3.14/site-packages/pygments/styles/__pycache__/murphy.cpython-314.opt-1.pyc'
'pygments/usr/lib/python3.14/site-packages/pygments/styles/__pycache__/native.cpython-314.pyc' -> '/usr/lib/python3.14/site-packages/pygments/styles/__pycache__/native.cpython-314.pyc'
'pygments/usr/lib/python3.14/site-packages/pygments/styles/__pycache__/native.cpython-314.opt-1.pyc' -> '/usr/lib/python3.14/site-packages/pygments/styles/__pycache__/native.cpython-314.opt-1.pyc'
'pygments/usr/lib/python3.14/site-packages/pygments/styles/__pycache__/nord.cpython-314.pyc' -> '/usr/lib/python3.14/site-packages/pygments/styles/__pycache__/nord.cpython-314.pyc'
'pygments/usr/lib/python3.14/site-packages/pygments/styles/__pycache__/nord.cpython-314.opt-1.pyc' -> '/usr/lib/python3.14/site-packages/pygments/styles/__pycache__/nord.cpython-314.opt-1.pyc'
'pygments/usr/lib/python3.14/site-packages/pygments/styles/__pycache__/onedark.cpython-314.pyc' -> '/usr/lib/python3.14/site-packages/pygments/styles/__pycache__/onedark.cpython-314.pyc'
'pygments/usr/lib/python3.14/site-packages/pygments/styles/__pycache__/onedark.cpython-314.opt-1.pyc' -> '/usr/lib/python3.14/site-packages/pygments/styles/__pycache__/onedark.cpython-314.opt-1.pyc'
'pygments/usr/lib/python3.14/site-packages/pygments/styles/__pycache__/paraiso_dark.cpython-314.pyc' -> '/usr/lib/python3.14/site-packages/pygments/styles/__pycache__/paraiso_dark.cpython-314.pyc'
'pygments/usr/lib/python3.14/site-packages/pygments/styles/__pycache__/paraiso_dark.cpython-314.opt-1.pyc' -> '/usr/lib/python3.14/site-packages/pygments/styles/__pycache__/paraiso_dark.cpython-314.opt-1.pyc'
'pygments/usr/lib/python3.14/site-packages/pygments/styles/__pycache__/paraiso_light.cpython-314.pyc' -> '/usr/lib/python3.14/site-packages/pygments/styles/__pycache__/paraiso_light.cpython-314.pyc'
'pygments/usr/lib/python3.14/site-packages/pygments/styles/__pycache__/paraiso_light.cpython-314.opt-1.pyc' -> '/usr/lib/python3.14/site-packages/pygments/styles/__pycache__/paraiso_light.cpython-314.opt-1.pyc'
'pygments/usr/lib/python3.14/site-packages/pygments/styles/__pycache__/pastie.cpython-314.pyc' -> '/usr/lib/python3.14/site-packages/pygments/styles/__pycache__/pastie.cpython-314.pyc'
'pygments/usr/lib/python3.14/site-packages/pygments/styles/__pycache__/pastie.cpython-314.opt-1.pyc' -> '/usr/lib/python3.14/site-packages/pygments/styles/__pycache__/pastie.cpython-314.opt-1.pyc'
'pygments/usr/lib/python3.14/site-packages/pygments/styles/__pycache__/perldoc.cpython-314.pyc' -> '/usr/lib/python3.14/site-packages/pygments/styles/__pycache__/perldoc.cpython-314.pyc'
'pygments/usr/lib/python3.14/site-packages/pygments/styles/__pycache__/perldoc.cpython-314.opt-1.pyc' -> '/usr/lib/python3.14/site-packages/pygments/styles/__pycache__/perldoc.cpython-314.opt-1.pyc'
'pygments/usr/lib/python3.14/site-packages/pygments/styles/__pycache__/rainbow_dash.cpython-314.pyc' -> '/usr/lib/python3.14/site-packages/pygments/styles/__pycache__/rainbow_dash.cpython-314.pyc'
'pygments/usr/lib/python3.14/site-packages/pygments/styles/__pycache__/rainbow_dash.cpython-314.opt-1.pyc' -> '/usr/lib/python3.14/site-packages/pygments/styles/__pycache__/rainbow_dash.cpython-314.opt-1.pyc'
'pygments/usr/lib/python3.14/site-packages/pygments/styles/__pycache__/rrt.cpython-314.pyc' -> '/usr/lib/python3.14/site-packages/pygments/styles/__pycache__/rrt.cpython-314.pyc'
'pygments/usr/lib/python3.14/site-packages/pygments/styles/__pycache__/rrt.cpython-314.opt-1.pyc' -> '/usr/lib/python3.14/site-packages/pygments/styles/__pycache__/rrt.cpython-314.opt-1.pyc'
'pygments/usr/lib/python3.14/site-packages/pygments/styles/__pycache__/sas.cpython-314.pyc' -> '/usr/lib/python3.14/site-packages/pygments/styles/__pycache__/sas.cpython-314.pyc'
'pygments/usr/lib/python3.14/site-packages/pygments/styles/__pycache__/sas.cpython-314.opt-1.pyc' -> '/usr/lib/python3.14/site-packages/pygments/styles/__pycache__/sas.cpython-314.opt-1.pyc'
'pygments/usr/lib/python3.14/site-packages/pygments/styles/__pycache__/solarized.cpython-314.pyc' -> '/usr/lib/python3.14/site-packages/pygments/styles/__pycache__/solarized.cpython-314.pyc'
'pygments/usr/lib/python3.14/site-packages/pygments/styles/__pycache__/solarized.cpython-314.opt-1.pyc' -> '/usr/lib/python3.14/site-packages/pygments/styles/__pycache__/solarized.cpython-314.opt-1.pyc'
'pygments/usr/lib/python3.14/site-packages/pygments/styles/__pycache__/staroffice.cpython-314.pyc' -> '/usr/lib/python3.14/site-packages/pygments/styles/__pycache__/staroffice.cpython-314.pyc'
'pygments/usr/lib/python3.14/site-packages/pygments/styles/__pycache__/staroffice.cpython-314.opt-1.pyc' -> '/usr/lib/python3.14/site-packages/pygments/styles/__pycache__/staroffice.cpython-314.opt-1.pyc'
'pygments/usr/lib/python3.14/site-packages/pygments/styles/__pycache__/stata_dark.cpython-314.pyc' -> '/usr/lib/python3.14/site-packages/pygments/styles/__pycache__/stata_dark.cpython-314.pyc'
'pygments/usr/lib/python3.14/site-packages/pygments/styles/__pycache__/stata_dark.cpython-314.opt-1.pyc' -> '/usr/lib/python3.14/site-packages/pygments/styles/__pycache__/stata_dark.cpython-314.opt-1.pyc'
'pygments/usr/lib/python3.14/site-packages/pygments/styles/__pycache__/stata_light.cpython-314.pyc' -> '/usr/lib/python3.14/site-packages/pygments/styles/__pycache__/stata_light.cpython-314.pyc'
'pygments/usr/lib/python3.14/site-packages/pygments/styles/__pycache__/stata_light.cpython-314.opt-1.pyc' -> '/usr/lib/python3.14/site-packages/pygments/styles/__pycache__/stata_light.cpython-314.opt-1.pyc'
'pygments/usr/lib/python3.14/site-packages/pygments/styles/__pycache__/tango.cpython-314.pyc' -> '/usr/lib/python3.14/site-packages/pygments/styles/__pycache__/tango.cpython-314.pyc'
'pygments/usr/lib/python3.14/site-packages/pygments/styles/__pycache__/tango.cpython-314.opt-1.pyc' -> '/usr/lib/python3.14/site-packages/pygments/styles/__pycache__/tango.cpython-314.opt-1.pyc'
'pygments/usr/lib/python3.14/site-packages/pygments/styles/__pycache__/trac.cpython-314.pyc' -> '/usr/lib/python3.14/site-packages/pygments/styles/__pycache__/trac.cpython-314.pyc'
'pygments/usr/lib/python3.14/site-packages/pygments/styles/__pycache__/trac.cpython-314.opt-1.pyc' -> '/usr/lib/python3.14/site-packages/pygments/styles/__pycache__/trac.cpython-314.opt-1.pyc'
'pygments/usr/lib/python3.14/site-packages/pygments/styles/__pycache__/vim.cpython-314.pyc' -> '/usr/lib/python3.14/site-packages/pygments/styles/__pycache__/vim.cpython-314.pyc'
'pygments/usr/lib/python3.14/site-packages/pygments/styles/__pycache__/vim.cpython-314.opt-1.pyc' -> '/usr/lib/python3.14/site-packages/pygments/styles/__pycache__/vim.cpython-314.opt-1.pyc'
'pygments/usr/lib/python3.14/site-packages/pygments/styles/__pycache__/vs.cpython-314.pyc' -> '/usr/lib/python3.14/site-packages/pygments/styles/__pycache__/vs.cpython-314.pyc'
'pygments/usr/lib/python3.14/site-packages/pygments/styles/__pycache__/vs.cpython-314.opt-1.pyc' -> '/usr/lib/python3.14/site-packages/pygments/styles/__pycache__/vs.cpython-314.opt-1.pyc'
'pygments/usr/lib/python3.14/site-packages/pygments/styles/__pycache__/xcode.cpython-314.pyc' -> '/usr/lib/python3.14/site-packages/pygments/styles/__pycache__/xcode.cpython-314.pyc'
'pygments/usr/lib/python3.14/site-packages/pygments/styles/__pycache__/xcode.cpython-314.opt-1.pyc' -> '/usr/lib/python3.14/site-packages/pygments/styles/__pycache__/xcode.cpython-314.opt-1.pyc'
'pygments/usr/lib/python3.14/site-packages/pygments/styles/__pycache__/zenburn.cpython-314.pyc' -> '/usr/lib/python3.14/site-packages/pygments/styles/__pycache__/zenburn.cpython-314.pyc'
'pygments/usr/lib/python3.14/site-packages/pygments/styles/__pycache__/zenburn.cpython-314.opt-1.pyc' -> '/usr/lib/python3.14/site-packages/pygments/styles/__pycache__/zenburn.cpython-314.opt-1.pyc'
'pygments/usr/lib/python3.14/site-packages/pygments/__pycache__/__init__.cpython-314.pyc' -> '/usr/lib/python3.14/site-packages/pygments/__pycache__/__init__.cpython-314.pyc'
'pygments/usr/lib/python3.14/site-packages/pygments/__pycache__/__init__.cpython-314.opt-1.pyc' -> '/usr/lib/python3.14/site-packages/pygments/__pycache__/__init__.cpython-314.opt-1.pyc'
'pygments/usr/lib/python3.14/site-packages/pygments/__pycache__/__main__.cpython-314.pyc' -> '/usr/lib/python3.14/site-packages/pygments/__pycache__/__main__.cpython-314.pyc'
'pygments/usr/lib/python3.14/site-packages/pygments/__pycache__/__main__.cpython-314.opt-1.pyc' -> '/usr/lib/python3.14/site-packages/pygments/__pycache__/__main__.cpython-314.opt-1.pyc'
'pygments/usr/lib/python3.14/site-packages/pygments/__pycache__/cmdline.cpython-314.pyc' -> '/usr/lib/python3.14/site-packages/pygments/__pycache__/cmdline.cpython-314.pyc'
'pygments/usr/lib/python3.14/site-packages/pygments/__pycache__/cmdline.cpython-314.opt-1.pyc' -> '/usr/lib/python3.14/site-packages/pygments/__pycache__/cmdline.cpython-314.opt-1.pyc'
'pygments/usr/lib/python3.14/site-packages/pygments/__pycache__/console.cpython-314.pyc' -> '/usr/lib/python3.14/site-packages/pygments/__pycache__/console.cpython-314.pyc'
'pygments/usr/lib/python3.14/site-packages/pygments/__pycache__/console.cpython-314.opt-1.pyc' -> '/usr/lib/python3.14/site-packages/pygments/__pycache__/console.cpython-314.opt-1.pyc'
'pygments/usr/lib/python3.14/site-packages/pygments/__pycache__/filter.cpython-314.pyc' -> '/usr/lib/python3.14/site-packages/pygments/__pycache__/filter.cpython-314.pyc'
'pygments/usr/lib/python3.14/site-packages/pygments/__pycache__/filter.cpython-314.opt-1.pyc' -> '/usr/lib/python3.14/site-packages/pygments/__pycache__/filter.cpython-314.opt-1.pyc'
'pygments/usr/lib/python3.14/site-packages/pygments/__pycache__/formatter.cpython-314.pyc' -> '/usr/lib/python3.14/site-packages/pygments/__pycache__/formatter.cpython-314.pyc'
'pygments/usr/lib/python3.14/site-packages/pygments/__pycache__/formatter.cpython-314.opt-1.pyc' -> '/usr/lib/python3.14/site-packages/pygments/__pycache__/formatter.cpython-314.opt-1.pyc'
'pygments/usr/lib/python3.14/site-packages/pygments/__pycache__/lexer.cpython-314.pyc' -> '/usr/lib/python3.14/site-packages/pygments/__pycache__/lexer.cpython-314.pyc'
'pygments/usr/lib/python3.14/site-packages/pygments/__pycache__/lexer.cpython-314.opt-1.pyc' -> '/usr/lib/python3.14/site-packages/pygments/__pycache__/lexer.cpython-314.opt-1.pyc'
'pygments/usr/lib/python3.14/site-packages/pygments/__pycache__/modeline.cpython-314.pyc' -> '/usr/lib/python3.14/site-packages/pygments/__pycache__/modeline.cpython-314.pyc'
'pygments/usr/lib/python3.14/site-packages/pygments/__pycache__/modeline.cpython-314.opt-1.pyc' -> '/usr/lib/python3.14/site-packages/pygments/__pycache__/modeline.cpython-314.opt-1.pyc'
'pygments/usr/lib/python3.14/site-packages/pygments/__pycache__/plugin.cpython-314.pyc' -> '/usr/lib/python3.14/site-packages/pygments/__pycache__/plugin.cpython-314.pyc'
'pygments/usr/lib/python3.14/site-packages/pygments/__pycache__/plugin.cpython-314.opt-1.pyc' -> '/usr/lib/python3.14/site-packages/pygments/__pycache__/plugin.cpython-314.opt-1.pyc'
'pygments/usr/lib/python3.14/site-packages/pygments/__pycache__/regexopt.cpython-314.pyc' -> '/usr/lib/python3.14/site-packages/pygments/__pycache__/regexopt.cpython-314.pyc'
'pygments/usr/lib/python3.14/site-packages/pygments/__pycache__/regexopt.cpython-314.opt-1.pyc' -> '/usr/lib/python3.14/site-packages/pygments/__pycache__/regexopt.cpython-314.opt-1.pyc'
'pygments/usr/lib/python3.14/site-packages/pygments/__pycache__/scanner.cpython-314.pyc' -> '/usr/lib/python3.14/site-packages/pygments/__pycache__/scanner.cpython-314.pyc'
'pygments/usr/lib/python3.14/site-packages/pygments/__pycache__/scanner.cpython-314.opt-1.pyc' -> '/usr/lib/python3.14/site-packages/pygments/__pycache__/scanner.cpython-314.opt-1.pyc'
'pygments/usr/lib/python3.14/site-packages/pygments/__pycache__/sphinxext.cpython-314.pyc' -> '/usr/lib/python3.14/site-packages/pygments/__pycache__/sphinxext.cpython-314.pyc'
'pygments/usr/lib/python3.14/site-packages/pygments/__pycache__/sphinxext.cpython-314.opt-1.pyc' -> '/usr/lib/python3.14/site-packages/pygments/__pycache__/sphinxext.cpython-314.opt-1.pyc'
'pygments/usr/lib/python3.14/site-packages/pygments/__pycache__/style.cpython-314.pyc' -> '/usr/lib/python3.14/site-packages/pygments/__pycache__/style.cpython-314.pyc'
'pygments/usr/lib/python3.14/site-packages/pygments/__pycache__/style.cpython-314.opt-1.pyc' -> '/usr/lib/python3.14/site-packages/pygments/__pycache__/style.cpython-314.opt-1.pyc'
'pygments/usr/lib/python3.14/site-packages/pygments/__pycache__/token.cpython-314.pyc' -> '/usr/lib/python3.14/site-packages/pygments/__pycache__/token.cpython-314.pyc'
'pygments/usr/lib/python3.14/site-packages/pygments/__pycache__/token.cpython-314.opt-1.pyc' -> '/usr/lib/python3.14/site-packages/pygments/__pycache__/token.cpython-314.opt-1.pyc'
'pygments/usr/lib/python3.14/site-packages/pygments/__pycache__/unistring.cpython-314.pyc' -> '/usr/lib/python3.14/site-packages/pygments/__pycache__/unistring.cpython-314.pyc'
'pygments/usr/lib/python3.14/site-packages/pygments/__pycache__/unistring.cpython-314.opt-1.pyc' -> '/usr/lib/python3.14/site-packages/pygments/__pycache__/unistring.cpython-314.opt-1.pyc'
'pygments/usr/lib/python3.14/site-packages/pygments/__pycache__/util.cpython-314.pyc' -> '/usr/lib/python3.14/site-packages/pygments/__pycache__/util.cpython-314.pyc'
'pygments/usr/lib/python3.14/site-packages/pygments/__pycache__/util.cpython-314.opt-1.pyc' -> '/usr/lib/python3.14/site-packages/pygments/__pycache__/util.cpython-314.opt-1.pyc'
'pygments/usr/lib/python3.14/site-packages/pygments-2.20.0.dist-info' -> '/usr/lib/python3.14/site-packages/pygments-2.20.0.dist-info'
'pygments/usr/lib/python3.14/site-packages/pygments-2.20.0.dist-info/METADATA' -> '/usr/lib/python3.14/site-packages/pygments-2.20.0.dist-info/METADATA'
'pygments/usr/lib/python3.14/site-packages/pygments-2.20.0.dist-info/WHEEL' -> '/usr/lib/python3.14/site-packages/pygments-2.20.0.dist-info/WHEEL'
'pygments/usr/lib/python3.14/site-packages/pygments-2.20.0.dist-info/entry_points.txt' -> '/usr/lib/python3.14/site-packages/pygments-2.20.0.dist-info/entry_points.txt'
'pygments/usr/lib/python3.14/site-packages/pygments-2.20.0.dist-info/RECORD' -> '/usr/lib/python3.14/site-packages/pygments-2.20.0.dist-info/RECORD'
'pygments/usr/lib/python3.14/site-packages/pygments-2.20.0.dist-info/licenses' -> '/usr/lib/python3.14/site-packages/pygments-2.20.0.dist-info/licenses'
'pygments/usr/lib/python3.14/site-packages/pygments-2.20.0.dist-info/licenses/AUTHORS' -> '/usr/lib/python3.14/site-packages/pygments-2.20.0.dist-info/licenses/AUTHORS'
'pygments/usr/lib/python3.14/site-packages/pygments-2.20.0.dist-info/licenses/LICENSE' -> '/usr/lib/python3.14/site-packages/pygments-2.20.0.dist-info/licenses/LICENSE'
pygments/
pygments/usr/
pygments/usr/bin/
pygments/usr/bin/pygmentize
pygments/usr/lib/
pygments/usr/lib/python3.14/
pygments/usr/lib/python3.14/site-packages/
pygments/usr/lib/python3.14/site-packages/pygments-2.20.0.dist-info/
pygments/usr/lib/python3.14/site-packages/pygments-2.20.0.dist-info/RECORD
pygments/usr/lib/python3.14/site-packages/pygments-2.20.0.dist-info/METADATA
pygments/usr/lib/python3.14/site-packages/pygments-2.20.0.dist-info/WHEEL
pygments/usr/lib/python3.14/site-packages/pygments-2.20.0.dist-info/licenses/
pygments/usr/lib/python3.14/site-packages/pygments-2.20.0.dist-info/licenses/AUTHORS
pygments/usr/lib/python3.14/site-packages/pygments-2.20.0.dist-info/licenses/LICENSE
pygments/usr/lib/python3.14/site-packages/pygments-2.20.0.dist-info/entry_points.txt
pygments/usr/lib/python3.14/site-packages/pygments/
pygments/usr/lib/python3.14/site-packages/pygments/regexopt.py
pygments/usr/lib/python3.14/site-packages/pygments/scanner.py
pygments/usr/lib/python3.14/site-packages/pygments/formatters/
pygments/usr/lib/python3.14/site-packages/pygments/formatters/terminal.py
pygments/usr/lib/python3.14/site-packages/pygments/formatters/html.py
pygments/usr/lib/python3.14/site-packages/pygments/formatters/__pycache__/
pygments/usr/lib/python3.14/site-packages/pygments/formatters/__pycache__/latex.cpython-314.pyc
pygments/usr/lib/python3.14/site-packages/pygments/formatters/__pycache__/terminal256.cpython-314.opt-1.pyc
pygments/usr/lib/python3.14/site-packages/pygments/formatters/__pycache__/_mapping.cpython-314.pyc
pygments/usr/lib/python3.14/site-packages/pygments/formatters/__pycache__/__init__.cpython-314.opt-1.pyc
pygments/usr/lib/python3.14/site-packages/pygments/formatters/__pycache__/bbcode.cpython-314.pyc
pygments/usr/lib/python3.14/site-packages/pygments/formatters/__pycache__/groff.cpython-314.opt-1.pyc
pygments/usr/lib/python3.14/site-packages/pygments/formatters/__pycache__/html.cpython-314.opt-1.pyc
pygments/usr/lib/python3.14/site-packages/pygments/formatters/__pycache__/terminal.cpython-314.opt-1.pyc
pygments/usr/lib/python3.14/site-packages/pygments/formatters/__pycache__/pangomarkup.cpython-314.opt-1.pyc
pygments/usr/lib/python3.14/site-packages/pygments/formatters/__pycache__/other.cpython-314.pyc
pygments/usr/lib/python3.14/site-packages/pygments/formatters/__pycache__/img.cpython-314.pyc
pygments/usr/lib/python3.14/site-packages/pygments/formatters/__pycache__/img.cpython-314.opt-1.pyc
pygments/usr/lib/python3.14/site-packages/pygments/formatters/__pycache__/irc.cpython-314.opt-1.pyc
pygments/usr/lib/python3.14/site-packages/pygments/formatters/__pycache__/svg.cpython-314.opt-1.pyc
pygments/usr/lib/python3.14/site-packages/pygments/formatters/__pycache__/terminal256.cpython-314.pyc
pygments/usr/lib/python3.14/site-packages/pygments/formatters/__pycache__/rtf.cpython-314.pyc
pygments/usr/lib/python3.14/site-packages/pygments/formatters/__pycache__/bbcode.cpython-314.opt-1.pyc
pygments/usr/lib/python3.14/site-packages/pygments/formatters/__pycache__/irc.cpython-314.pyc
pygments/usr/lib/python3.14/site-packages/pygments/formatters/__pycache__/html.cpython-314.pyc
pygments/usr/lib/python3.14/site-packages/pygments/formatters/__pycache__/other.cpython-314.opt-1.pyc
pygments/usr/lib/python3.14/site-packages/pygments/formatters/__pycache__/pangomarkup.cpython-314.pyc
pygments/usr/lib/python3.14/site-packages/pygments/formatters/__pycache__/__init__.cpython-314.pyc
pygments/usr/lib/python3.14/site-packages/pygments/formatters/__pycache__/svg.cpython-314.pyc
pygments/usr/lib/python3.14/site-packages/pygments/formatters/__pycache__/_mapping.cpython-314.opt-1.pyc
pygments/usr/lib/python3.14/site-packages/pygments/formatters/__pycache__/terminal.cpython-314.pyc
pygments/usr/lib/python3.14/site-packages/pygments/formatters/__pycache__/rtf.cpython-314.opt-1.pyc
pygments/usr/lib/python3.14/site-packages/pygments/formatters/__pycache__/groff.cpython-314.pyc
pygments/usr/lib/python3.14/site-packages/pygments/formatters/__pycache__/latex.cpython-314.opt-1.pyc
pygments/usr/lib/python3.14/site-packages/pygments/formatters/terminal256.py
pygments/usr/lib/python3.14/site-packages/pygments/formatters/rtf.py
pygments/usr/lib/python3.14/site-packages/pygments/formatters/groff.py
pygments/usr/lib/python3.14/site-packages/pygments/formatters/img.py
pygments/usr/lib/python3.14/site-packages/pygments/formatters/__init__.py
pygments/usr/lib/python3.14/site-packages/pygments/formatters/svg.py
pygments/usr/lib/python3.14/site-packages/pygments/formatters/irc.py
pygments/usr/lib/python3.14/site-packages/pygments/formatters/bbcode.py
pygments/usr/lib/python3.14/site-packages/pygments/formatters/pangomarkup.py
pygments/usr/lib/python3.14/site-packages/pygments/formatters/_mapping.py
pygments/usr/lib/python3.14/site-packages/pygments/formatters/latex.py
pygments/usr/lib/python3.14/site-packages/pygments/formatters/other.py
pygments/usr/lib/python3.14/site-packages/pygments/filter.py
pygments/usr/lib/python3.14/site-packages/pygments/styles/
pygments/usr/lib/python3.14/site-packages/pygments/styles/colorful.py
pygments/usr/lib/python3.14/site-packages/pygments/styles/rainbow_dash.py
pygments/usr/lib/python3.14/site-packages/pygments/styles/borland.py
pygments/usr/lib/python3.14/site-packages/pygments/styles/murphy.py
pygments/usr/lib/python3.14/site-packages/pygments/styles/paraiso_light.py
pygments/usr/lib/python3.14/site-packages/pygments/styles/emacs.py
pygments/usr/lib/python3.14/site-packages/pygments/styles/stata_light.py
pygments/usr/lib/python3.14/site-packages/pygments/styles/igor.py
pygments/usr/lib/python3.14/site-packages/pygments/styles/solarized.py
pygments/usr/lib/python3.14/site-packages/pygments/styles/perldoc.py
pygments/usr/lib/python3.14/site-packages/pygments/styles/__pycache__/
pygments/usr/lib/python3.14/site-packages/pygments/styles/__pycache__/default.cpython-314.opt-1.pyc
pygments/usr/lib/python3.14/site-packages/pygments/styles/__pycache__/murphy.cpython-314.opt-1.pyc
pygments/usr/lib/python3.14/site-packages/pygments/styles/__pycache__/abap.cpython-314.pyc
pygments/usr/lib/python3.14/site-packages/pygments/styles/__pycache__/fruity.cpython-314.pyc
pygments/usr/lib/python3.14/site-packages/pygments/styles/__pycache__/friendly.cpython-314.opt-1.pyc
pygments/usr/lib/python3.14/site-packages/pygments/styles/__pycache__/emacs.cpython-314.pyc
pygments/usr/lib/python3.14/site-packages/pygments/styles/__pycache__/stata_dark.cpython-314.pyc
pygments/usr/lib/python3.14/site-packages/pygments/styles/__pycache__/borland.cpython-314.opt-1.pyc
pygments/usr/lib/python3.14/site-packages/pygments/styles/__pycache__/autumn.cpython-314.opt-1.pyc
pygments/usr/lib/python3.14/site-packages/pygments/styles/__pycache__/monokai.cpython-314.opt-1.pyc
pygments/usr/lib/python3.14/site-packages/pygments/styles/__pycache__/manni.cpython-314.opt-1.pyc
pygments/usr/lib/python3.14/site-packages/pygments/styles/__pycache__/vim.cpython-314.opt-1.pyc
pygments/usr/lib/python3.14/site-packages/pygments/styles/__pycache__/nord.cpython-314.pyc
pygments/usr/lib/python3.14/site-packages/pygments/styles/__pycache__/nord.cpython-314.opt-1.pyc
pygments/usr/lib/python3.14/site-packages/pygments/styles/__pycache__/colorful.cpython-314.pyc
pygments/usr/lib/python3.14/site-packages/pygments/styles/__pycache__/dracula.cpython-314.opt-1.pyc
pygments/usr/lib/python3.14/site-packages/pygments/styles/__pycache__/paraiso_light.cpython-314.opt-1.pyc
pygments/usr/lib/python3.14/site-packages/pygments/styles/__pycache__/gh_dark.cpython-314.pyc
pygments/usr/lib/python3.14/site-packages/pygments/styles/__pycache__/lilypond.cpython-314.pyc
pygments/usr/lib/python3.14/site-packages/pygments/styles/__pycache__/algol_nu.cpython-314.pyc
pygments/usr/lib/python3.14/site-packages/pygments/styles/__pycache__/inkpot.cpython-314.opt-1.pyc
pygments/usr/lib/python3.14/site-packages/pygments/styles/__pycache__/_mapping.cpython-314.pyc
pygments/usr/lib/python3.14/site-packages/pygments/styles/__pycache__/gruvbox.cpython-314.pyc
pygments/usr/lib/python3.14/site-packages/pygments/styles/__pycache__/rrt.cpython-314.opt-1.pyc
pygments/usr/lib/python3.14/site-packages/pygments/styles/__pycache__/lightbulb.cpython-314.opt-1.pyc
pygments/usr/lib/python3.14/site-packages/pygments/styles/__pycache__/friendly_grayscale.cpython-314.opt-1.pyc
pygments/usr/lib/python3.14/site-packages/pygments/styles/__pycache__/__init__.cpython-314.opt-1.pyc
pygments/usr/lib/python3.14/site-packages/pygments/styles/__pycache__/coffee.cpython-314.pyc
pygments/usr/lib/python3.14/site-packages/pygments/styles/__pycache__/material.cpython-314.opt-1.pyc
pygments/usr/lib/python3.14/site-packages/pygments/styles/__pycache__/gruvbox.cpython-314.opt-1.pyc
pygments/usr/lib/python3.14/site-packages/pygments/styles/__pycache__/lightbulb.cpython-314.pyc
pygments/usr/lib/python3.14/site-packages/pygments/styles/__pycache__/rainbow_dash.cpython-314.pyc
pygments/usr/lib/python3.14/site-packages/pygments/styles/__pycache__/arduino.cpython-314.pyc
pygments/usr/lib/python3.14/site-packages/pygments/styles/__pycache__/sas.cpython-314.opt-1.pyc
pygments/usr/lib/python3.14/site-packages/pygments/styles/__pycache__/staroffice.cpython-314.pyc
pygments/usr/lib/python3.14/site-packages/pygments/styles/__pycache__/algol.cpython-314.pyc
pygments/usr/lib/python3.14/site-packages/pygments/styles/__pycache__/rrt.cpython-314.pyc
pygments/usr/lib/python3.14/site-packages/pygments/styles/__pycache__/lovelace.cpython-314.pyc
pygments/usr/lib/python3.14/site-packages/pygments/styles/__pycache__/native.cpython-314.pyc
pygments/usr/lib/python3.14/site-packages/pygments/styles/__pycache__/default.cpython-314.pyc
pygments/usr/lib/python3.14/site-packages/pygments/styles/__pycache__/zenburn.cpython-314.pyc
pygments/usr/lib/python3.14/site-packages/pygments/styles/__pycache__/tango.cpython-314.pyc
pygments/usr/lib/python3.14/site-packages/pygments/styles/__pycache__/perldoc.cpython-314.opt-1.pyc
pygments/usr/lib/python3.14/site-packages/pygments/styles/__pycache__/vim.cpython-314.pyc
pygments/usr/lib/python3.14/site-packages/pygments/styles/__pycache__/pastie.cpython-314.opt-1.pyc
pygments/usr/lib/python3.14/site-packages/pygments/styles/__pycache__/borland.cpython-314.pyc
pygments/usr/lib/python3.14/site-packages/pygments/styles/__pycache__/friendly_grayscale.cpython-314.pyc
pygments/usr/lib/python3.14/site-packages/pygments/styles/__pycache__/bw.cpython-314.pyc
pygments/usr/lib/python3.14/site-packages/pygments/styles/__pycache__/xcode.cpython-314.pyc
pygments/usr/lib/python3.14/site-packages/pygments/styles/__pycache__/zenburn.cpython-314.opt-1.pyc
pygments/usr/lib/python3.14/site-packages/pygments/styles/__pycache__/lilypond.cpython-314.opt-1.pyc
pygments/usr/lib/python3.14/site-packages/pygments/styles/__pycache__/inkpot.cpython-314.pyc
pygments/usr/lib/python3.14/site-packages/pygments/styles/__pycache__/coffee.cpython-314.opt-1.pyc
pygments/usr/lib/python3.14/site-packages/pygments/styles/__pycache__/rainbow_dash.cpython-314.opt-1.pyc
pygments/usr/lib/python3.14/site-packages/pygments/styles/__pycache__/gh_dark.cpython-314.opt-1.pyc
pygments/usr/lib/python3.14/site-packages/pygments/styles/__pycache__/emacs.cpython-314.opt-1.pyc
pygments/usr/lib/python3.14/site-packages/pygments/styles/__pycache__/paraiso_dark.cpython-314.pyc
pygments/usr/lib/python3.14/site-packages/pygments/styles/__pycache__/igor.cpython-314.pyc
pygments/usr/lib/python3.14/site-packages/pygments/styles/__pycache__/pastie.cpython-314.pyc
pygments/usr/lib/python3.14/site-packages/pygments/styles/__pycache__/murphy.cpython-314.pyc
pygments/usr/lib/python3.14/site-packages/pygments/styles/__pycache__/algol_nu.cpython-314.opt-1.pyc
pygments/usr/lib/python3.14/site-packages/pygments/styles/__pycache__/native.cpython-314.opt-1.pyc
pygments/usr/lib/python3.14/site-packages/pygments/styles/__pycache__/trac.cpython-314.pyc
pygments/usr/lib/python3.14/site-packages/pygments/styles/__pycache__/stata_light.cpython-314.opt-1.pyc
pygments/usr/lib/python3.14/site-packages/pygments/styles/__pycache__/dracula.cpython-314.pyc
pygments/usr/lib/python3.14/site-packages/pygments/styles/__pycache__/abap.cpython-314.opt-1.pyc
pygments/usr/lib/python3.14/site-packages/pygments/styles/__pycache__/friendly.cpython-314.pyc
pygments/usr/lib/python3.14/site-packages/pygments/styles/__pycache__/staroffice.cpython-314.opt-1.pyc
pygments/usr/lib/python3.14/site-packages/pygments/styles/__pycache__/onedark.cpython-314.opt-1.pyc
pygments/usr/lib/python3.14/site-packages/pygments/styles/__pycache__/tango.cpython-314.opt-1.pyc
pygments/usr/lib/python3.14/site-packages/pygments/styles/__pycache__/autumn.cpython-314.pyc
pygments/usr/lib/python3.14/site-packages/pygments/styles/__pycache__/perldoc.cpython-314.pyc
pygments/usr/lib/python3.14/site-packages/pygments/styles/__pycache__/solarized.cpython-314.opt-1.pyc
pygments/usr/lib/python3.14/site-packages/pygments/styles/__pycache__/monokai.cpython-314.pyc
pygments/usr/lib/python3.14/site-packages/pygments/styles/__pycache__/fruity.cpython-314.opt-1.pyc
pygments/usr/lib/python3.14/site-packages/pygments/styles/__pycache__/paraiso_dark.cpython-314.opt-1.pyc
pygments/usr/lib/python3.14/site-packages/pygments/styles/__pycache__/colorful.cpython-314.opt-1.pyc
pygments/usr/lib/python3.14/site-packages/pygments/styles/__pycache__/manni.cpython-314.pyc
pygments/usr/lib/python3.14/site-packages/pygments/styles/__pycache__/paraiso_light.cpython-314.pyc
pygments/usr/lib/python3.14/site-packages/pygments/styles/__pycache__/igor.cpython-314.opt-1.pyc
pygments/usr/lib/python3.14/site-packages/pygments/styles/__pycache__/sas.cpython-314.pyc
pygments/usr/lib/python3.14/site-packages/pygments/styles/__pycache__/algol.cpython-314.opt-1.pyc
pygments/usr/lib/python3.14/site-packages/pygments/styles/__pycache__/lovelace.cpython-314.opt-1.pyc
pygments/usr/lib/python3.14/site-packages/pygments/styles/__pycache__/bw.cpython-314.opt-1.pyc
pygments/usr/lib/python3.14/site-packages/pygments/styles/__pycache__/__init__.cpython-314.pyc
pygments/usr/lib/python3.14/site-packages/pygments/styles/__pycache__/_mapping.cpython-314.opt-1.pyc
pygments/usr/lib/python3.14/site-packages/pygments/styles/__pycache__/stata_light.cpython-314.pyc
pygments/usr/lib/python3.14/site-packages/pygments/styles/__pycache__/vs.cpython-314.pyc
pygments/usr/lib/python3.14/site-packages/pygments/styles/__pycache__/stata_dark.cpython-314.opt-1.pyc
pygments/usr/lib/python3.14/site-packages/pygments/styles/__pycache__/xcode.cpython-314.opt-1.pyc
pygments/usr/lib/python3.14/site-packages/pygments/styles/__pycache__/vs.cpython-314.opt-1.pyc
pygments/usr/lib/python3.14/site-packages/pygments/styles/__pycache__/material.cpython-314.pyc
pygments/usr/lib/python3.14/site-packages/pygments/styles/__pycache__/onedark.cpython-314.pyc
pygments/usr/lib/python3.14/site-packages/pygments/styles/__pycache__/trac.cpython-314.opt-1.pyc
pygments/usr/lib/python3.14/site-packages/pygments/styles/__pycache__/arduino.cpython-314.opt-1.pyc
pygments/usr/lib/python3.14/site-packages/pygments/styles/__pycache__/solarized.cpython-314.pyc
pygments/usr/lib/python3.14/site-packages/pygments/styles/onedark.py
pygments/usr/lib/python3.14/site-packages/pygments/styles/material.py
pygments/usr/lib/python3.14/site-packages/pygments/styles/manni.py
pygments/usr/lib/python3.14/site-packages/pygments/styles/fruity.py
pygments/usr/lib/python3.14/site-packages/pygments/styles/stata_dark.py
pygments/usr/lib/python3.14/site-packages/pygments/styles/pastie.py
pygments/usr/lib/python3.14/site-packages/pygments/styles/rrt.py
pygments/usr/lib/python3.14/site-packages/pygments/styles/sas.py
pygments/usr/lib/python3.14/site-packages/pygments/styles/default.py
pygments/usr/lib/python3.14/site-packages/pygments/styles/abap.py
pygments/usr/lib/python3.14/site-packages/pygments/styles/monokai.py
pygments/usr/lib/python3.14/site-packages/pygments/styles/vs.py
pygments/usr/lib/python3.14/site-packages/pygments/styles/autumn.py
pygments/usr/lib/python3.14/site-packages/pygments/styles/gruvbox.py
pygments/usr/lib/python3.14/site-packages/pygments/styles/trac.py
pygments/usr/lib/python3.14/site-packages/pygments/styles/dracula.py
pygments/usr/lib/python3.14/site-packages/pygments/styles/algol.py
pygments/usr/lib/python3.14/site-packages/pygments/styles/__init__.py
pygments/usr/lib/python3.14/site-packages/pygments/styles/lightbulb.py
pygments/usr/lib/python3.14/site-packages/pygments/styles/vim.py
pygments/usr/lib/python3.14/site-packages/pygments/styles/xcode.py
pygments/usr/lib/python3.14/site-packages/pygments/styles/lovelace.py
pygments/usr/lib/python3.14/site-packages/pygments/styles/friendly.py
pygments/usr/lib/python3.14/site-packages/pygments/styles/gh_dark.py
pygments/usr/lib/python3.14/site-packages/pygments/styles/zenburn.py
pygments/usr/lib/python3.14/site-packages/pygments/styles/native.py
pygments/usr/lib/python3.14/site-packages/pygments/styles/nord.py
pygments/usr/lib/python3.14/site-packages/pygments/styles/lilypond.py
pygments/usr/lib/python3.14/site-packages/pygments/styles/inkpot.py
pygments/usr/lib/python3.14/site-packages/pygments/styles/friendly_grayscale.py
pygments/usr/lib/python3.14/site-packages/pygments/styles/coffee.py
pygments/usr/lib/python3.14/site-packages/pygments/styles/_mapping.py
pygments/usr/lib/python3.14/site-packages/pygments/styles/arduino.py
pygments/usr/lib/python3.14/site-packages/pygments/styles/paraiso_dark.py
pygments/usr/lib/python3.14/site-packages/pygments/styles/bw.py
pygments/usr/lib/python3.14/site-packages/pygments/styles/algol_nu.py
pygments/usr/lib/python3.14/site-packages/pygments/styles/tango.py
pygments/usr/lib/python3.14/site-packages/pygments/styles/staroffice.py
pygments/usr/lib/python3.14/site-packages/pygments/__pycache__/
pygments/usr/lib/python3.14/site-packages/pygments/__pycache__/unistring.cpython-314.pyc
pygments/usr/lib/python3.14/site-packages/pygments/__pycache__/lexer.cpython-314.opt-1.pyc
pygments/usr/lib/python3.14/site-packages/pygments/__pycache__/style.cpython-314.pyc
pygments/usr/lib/python3.14/site-packages/pygments/__pycache__/cmdline.cpython-314.opt-1.pyc
pygments/usr/lib/python3.14/site-packages/pygments/__pycache__/formatter.cpython-314.pyc
pygments/usr/lib/python3.14/site-packages/pygments/__pycache__/token.cpython-314.pyc
pygments/usr/lib/python3.14/site-packages/pygments/__pycache__/sphinxext.cpython-314.pyc
pygments/usr/lib/python3.14/site-packages/pygments/__pycache__/__init__.cpython-314.opt-1.pyc
pygments/usr/lib/python3.14/site-packages/pygments/__pycache__/plugin.cpython-314.pyc
pygments/usr/lib/python3.14/site-packages/pygments/__pycache__/__main__.cpython-314.opt-1.pyc
pygments/usr/lib/python3.14/site-packages/pygments/__pycache__/scanner.cpython-314.opt-1.pyc
pygments/usr/lib/python3.14/site-packages/pygments/__pycache__/sphinxext.cpython-314.opt-1.pyc
pygments/usr/lib/python3.14/site-packages/pygments/__pycache__/cmdline.cpython-314.pyc
pygments/usr/lib/python3.14/site-packages/pygments/__pycache__/util.cpython-314.pyc
pygments/usr/lib/python3.14/site-packages/pygments/__pycache__/console.cpython-314.opt-1.pyc
pygments/usr/lib/python3.14/site-packages/pygments/__pycache__/filter.cpython-314.pyc
pygments/usr/lib/python3.14/site-packages/pygments/__pycache__/unistring.cpython-314.opt-1.pyc
pygments/usr/lib/python3.14/site-packages/pygments/__pycache__/filter.cpython-314.opt-1.pyc
pygments/usr/lib/python3.14/site-packages/pygments/__pycache__/plugin.cpython-314.opt-1.pyc
pygments/usr/lib/python3.14/site-packages/pygments/__pycache__/modeline.cpython-314.opt-1.pyc
pygments/usr/lib/python3.14/site-packages/pygments/__pycache__/regexopt.cpython-314.pyc
pygments/usr/lib/python3.14/site-packages/pygments/__pycache__/console.cpython-314.pyc
pygments/usr/lib/python3.14/site-packages/pygments/__pycache__/modeline.cpython-314.pyc
pygments/usr/lib/python3.14/site-packages/pygments/__pycache__/formatter.cpython-314.opt-1.pyc
pygments/usr/lib/python3.14/site-packages/pygments/__pycache__/token.cpython-314.opt-1.pyc
pygments/usr/lib/python3.14/site-packages/pygments/__pycache__/__main__.cpython-314.pyc
pygments/usr/lib/python3.14/site-packages/pygments/__pycache__/__init__.cpython-314.pyc
pygments/usr/lib/python3.14/site-packages/pygments/__pycache__/lexer.cpython-314.pyc
pygments/usr/lib/python3.14/site-packages/pygments/__pycache__/style.cpython-314.opt-1.pyc
pygments/usr/lib/python3.14/site-packages/pygments/__pycache__/scanner.cpython-314.pyc
pygments/usr/lib/python3.14/site-packages/pygments/__pycache__/util.cpython-314.opt-1.pyc
pygments/usr/lib/python3.14/site-packages/pygments/__pycache__/regexopt.cpython-314.opt-1.pyc
pygments/usr/lib/python3.14/site-packages/pygments/cmdline.py
pygments/usr/lib/python3.14/site-packages/pygments/style.py
pygments/usr/lib/python3.14/site-packages/pygments/console.py
pygments/usr/lib/python3.14/site-packages/pygments/plugin.py
pygments/usr/lib/python3.14/site-packages/pygments/lexer.py
pygments/usr/lib/python3.14/site-packages/pygments/util.py
pygments/usr/lib/python3.14/site-packages/pygments/__main__.py
pygments/usr/lib/python3.14/site-packages/pygments/modeline.py
pygments/usr/lib/python3.14/site-packages/pygments/unistring.py
pygments/usr/lib/python3.14/site-packages/pygments/__init__.py
pygments/usr/lib/python3.14/site-packages/pygments/filters/
pygments/usr/lib/python3.14/site-packages/pygments/filters/__pycache__/
pygments/usr/lib/python3.14/site-packages/pygments/filters/__pycache__/__init__.cpython-314.opt-1.pyc
pygments/usr/lib/python3.14/site-packages/pygments/filters/__pycache__/__init__.cpython-314.pyc
pygments/usr/lib/python3.14/site-packages/pygments/filters/__init__.py
pygments/usr/lib/python3.14/site-packages/pygments/token.py
pygments/usr/lib/python3.14/site-packages/pygments/formatter.py
pygments/usr/lib/python3.14/site-packages/pygments/lexers/
pygments/usr/lib/python3.14/site-packages/pygments/lexers/usd.py
pygments/usr/lib/python3.14/site-packages/pygments/lexers/pawn.py
pygments/usr/lib/python3.14/site-packages/pygments/lexers/varnish.py
pygments/usr/lib/python3.14/site-packages/pygments/lexers/supercollider.py
pygments/usr/lib/python3.14/site-packages/pygments/lexers/slash.py
pygments/usr/lib/python3.14/site-packages/pygments/lexers/algebra.py
pygments/usr/lib/python3.14/site-packages/pygments/lexers/data.py
pygments/usr/lib/python3.14/site-packages/pygments/lexers/html.py
pygments/usr/lib/python3.14/site-packages/pygments/lexers/forth.py
pygments/usr/lib/python3.14/site-packages/pygments/lexers/sophia.py
pygments/usr/lib/python3.14/site-packages/pygments/lexers/_tsql_builtins.py
pygments/usr/lib/python3.14/site-packages/pygments/lexers/nimrod.py
pygments/usr/lib/python3.14/site-packages/pygments/lexers/monte.py
pygments/usr/lib/python3.14/site-packages/pygments/lexers/j.py
pygments/usr/lib/python3.14/site-packages/pygments/lexers/floscript.py
pygments/usr/lib/python3.14/site-packages/pygments/lexers/sieve.py
pygments/usr/lib/python3.14/site-packages/pygments/lexers/macaulay2.py
pygments/usr/lib/python3.14/site-packages/pygments/lexers/dax.py
pygments/usr/lib/python3.14/site-packages/pygments/lexers/_qlik_builtins.py
pygments/usr/lib/python3.14/site-packages/pygments/lexers/agile.py
pygments/usr/lib/python3.14/site-packages/pygments/lexers/jmespath.py
pygments/usr/lib/python3.14/site-packages/pygments/lexers/igor.py
pygments/usr/lib/python3.14/site-packages/pygments/lexers/make.py
pygments/usr/lib/python3.14/site-packages/pygments/lexers/email.py
pygments/usr/lib/python3.14/site-packages/pygments/lexers/ride.py
pygments/usr/lib/python3.14/site-packages/pygments/lexers/stata.py
pygments/usr/lib/python3.14/site-packages/pygments/lexers/_openedge_builtins.py
pygments/usr/lib/python3.14/site-packages/pygments/lexers/erlang.py
pygments/usr/lib/python3.14/site-packages/pygments/lexers/parasail.py
pygments/usr/lib/python3.14/site-packages/pygments/lexers/graphql.py
pygments/usr/lib/python3.14/site-packages/pygments/lexers/_stata_builtins.py
pygments/usr/lib/python3.14/site-packages/pygments/lexers/yara.py
pygments/usr/lib/python3.14/site-packages/pygments/lexers/_julia_builtins.py
pygments/usr/lib/python3.14/site-packages/pygments/lexers/go.py
pygments/usr/lib/python3.14/site-packages/pygments/lexers/esoteric.py
pygments/usr/lib/python3.14/site-packages/pygments/lexers/testing.py
pygments/usr/lib/python3.14/site-packages/pygments/lexers/qlik.py
pygments/usr/lib/python3.14/site-packages/pygments/lexers/_sql_builtins.py
pygments/usr/lib/python3.14/site-packages/pygments/lexers/objective.py
pygments/usr/lib/python3.14/site-packages/pygments/lexers/arturo.py
pygments/usr/lib/python3.14/site-packages/pygments/lexers/foxpro.py
pygments/usr/lib/python3.14/site-packages/pygments/lexers/_scheme_builtins.py
pygments/usr/lib/python3.14/site-packages/pygments/lexers/fift.py
pygments/usr/lib/python3.14/site-packages/pygments/lexers/_ada_builtins.py
pygments/usr/lib/python3.14/site-packages/pygments/lexers/verification.py
pygments/usr/lib/python3.14/site-packages/pygments/lexers/c_like.py
pygments/usr/lib/python3.14/site-packages/pygments/lexers/lean.py
pygments/usr/lib/python3.14/site-packages/pygments/lexers/numbair.py
pygments/usr/lib/python3.14/site-packages/pygments/lexers/dylan.py
pygments/usr/lib/python3.14/site-packages/pygments/lexers/__pycache__/
pygments/usr/lib/python3.14/site-packages/pygments/lexers/__pycache__/rita.cpython-314.pyc
pygments/usr/lib/python3.14/site-packages/pygments/lexers/__pycache__/ptx.cpython-314.opt-1.pyc
pygments/usr/lib/python3.14/site-packages/pygments/lexers/__pycache__/ampl.cpython-314.pyc
pygments/usr/lib/python3.14/site-packages/pygments/lexers/__pycache__/wowtoc.cpython-314.pyc
pygments/usr/lib/python3.14/site-packages/pygments/lexers/__pycache__/gsql.cpython-314.pyc
pygments/usr/lib/python3.14/site-packages/pygments/lexers/__pycache__/configs.cpython-314.opt-1.pyc
pygments/usr/lib/python3.14/site-packages/pygments/lexers/__pycache__/_stata_builtins.cpython-314.opt-1.pyc
pygments/usr/lib/python3.14/site-packages/pygments/lexers/__pycache__/xorg.cpython-314.opt-1.pyc
pygments/usr/lib/python3.14/site-packages/pygments/lexers/__pycache__/javascript.cpython-314.opt-1.pyc
pygments/usr/lib/python3.14/site-packages/pygments/lexers/__pycache__/teal.cpython-314.pyc
pygments/usr/lib/python3.14/site-packages/pygments/lexers/__pycache__/_googlesql_builtins.cpython-314.pyc
pygments/usr/lib/python3.14/site-packages/pygments/lexers/__pycache__/codeql.cpython-314.pyc
pygments/usr/lib/python3.14/site-packages/pygments/lexers/__pycache__/json5.cpython-314.pyc
pygments/usr/lib/python3.14/site-packages/pygments/lexers/__pycache__/maple.cpython-314.opt-1.pyc
pygments/usr/lib/python3.14/site-packages/pygments/lexers/__pycache__/d.cpython-314.opt-1.pyc
pygments/usr/lib/python3.14/site-packages/pygments/lexers/__pycache__/felix.cpython-314.pyc
pygments/usr/lib/python3.14/site-packages/pygments/lexers/__pycache__/_php_builtins.cpython-314.pyc
pygments/usr/lib/python3.14/site-packages/pygments/lexers/__pycache__/amdgpu.cpython-314.pyc
pygments/usr/lib/python3.14/site-packages/pygments/lexers/__pycache__/tact.cpython-314.opt-1.pyc
pygments/usr/lib/python3.14/site-packages/pygments/lexers/__pycache__/shell.cpython-314.opt-1.pyc
pygments/usr/lib/python3.14/site-packages/pygments/lexers/__pycache__/gsql.cpython-314.opt-1.pyc
pygments/usr/lib/python3.14/site-packages/pygments/lexers/__pycache__/pawn.cpython-314.pyc
pygments/usr/lib/python3.14/site-packages/pygments/lexers/__pycache__/_cocoa_builtins.cpython-314.opt-1.pyc
pygments/usr/lib/python3.14/site-packages/pygments/lexers/__pycache__/_usd_builtins.cpython-314.opt-1.pyc
pygments/usr/lib/python3.14/site-packages/pygments/lexers/__pycache__/freefem.cpython-314.opt-1.pyc
pygments/usr/lib/python3.14/site-packages/pygments/lexers/__pycache__/snobol.cpython-314.opt-1.pyc
pygments/usr/lib/python3.14/site-packages/pygments/lexers/__pycache__/julia.cpython-314.pyc
pygments/usr/lib/python3.14/site-packages/pygments/lexers/__pycache__/scripting.cpython-314.pyc
pygments/usr/lib/python3.14/site-packages/pygments/lexers/__pycache__/supercollider.cpython-314.opt-1.pyc
pygments/usr/lib/python3.14/site-packages/pygments/lexers/__pycache__/_qlik_builtins.cpython-314.opt-1.pyc
pygments/usr/lib/python3.14/site-packages/pygments/lexers/__pycache__/lean.cpython-314.pyc
pygments/usr/lib/python3.14/site-packages/pygments/lexers/__pycache__/hexdump.cpython-314.opt-1.pyc
pygments/usr/lib/python3.14/site-packages/pygments/lexers/__pycache__/jsx.cpython-314.pyc
pygments/usr/lib/python3.14/site-packages/pygments/lexers/__pycache__/asn1.cpython-314.pyc
pygments/usr/lib/python3.14/site-packages/pygments/lexers/__pycache__/gcodelexer.cpython-314.pyc
pygments/usr/lib/python3.14/site-packages/pygments/lexers/__pycache__/vyper.cpython-314.opt-1.pyc
pygments/usr/lib/python3.14/site-packages/pygments/lexers/__pycache__/_luau_builtins.cpython-314.pyc
pygments/usr/lib/python3.14/site-packages/pygments/lexers/__pycache__/trafficscript.cpython-314.pyc
pygments/usr/lib/python3.14/site-packages/pygments/lexers/__pycache__/smalltalk.cpython-314.pyc
pygments/usr/lib/python3.14/site-packages/pygments/lexers/__pycache__/yara.cpython-314.opt-1.pyc
pygments/usr/lib/python3.14/site-packages/pygments/lexers/__pycache__/dotnet.cpython-314.pyc
pygments/usr/lib/python3.14/site-packages/pygments/lexers/__pycache__/func.cpython-314.pyc
pygments/usr/lib/python3.14/site-packages/pygments/lexers/__pycache__/cplint.cpython-314.opt-1.pyc
pygments/usr/lib/python3.14/site-packages/pygments/lexers/__pycache__/rego.cpython-314.opt-1.pyc
pygments/usr/lib/python3.14/site-packages/pygments/lexers/__pycache__/pascal.cpython-314.pyc
pygments/usr/lib/python3.14/site-packages/pygments/lexers/__pycache__/esoteric.cpython-314.opt-1.pyc
pygments/usr/lib/python3.14/site-packages/pygments/lexers/__pycache__/yara.cpython-314.pyc
pygments/usr/lib/python3.14/site-packages/pygments/lexers/__pycache__/rnc.cpython-314.pyc
pygments/usr/lib/python3.14/site-packages/pygments/lexers/__pycache__/pony.cpython-314.pyc
pygments/usr/lib/python3.14/site-packages/pygments/lexers/__pycache__/kuin.cpython-314.opt-1.pyc
pygments/usr/lib/python3.14/site-packages/pygments/lexers/__pycache__/inferno.cpython-314.pyc
pygments/usr/lib/python3.14/site-packages/pygments/lexers/__pycache__/forth.cpython-314.pyc
pygments/usr/lib/python3.14/site-packages/pygments/lexers/__pycache__/_lua_builtins.cpython-314.pyc
pygments/usr/lib/python3.14/site-packages/pygments/lexers/__pycache__/lean.cpython-314.opt-1.pyc
pygments/usr/lib/python3.14/site-packages/pygments/lexers/__pycache__/verifpal.cpython-314.pyc
pygments/usr/lib/python3.14/site-packages/pygments/lexers/__pycache__/email.cpython-314.pyc
pygments/usr/lib/python3.14/site-packages/pygments/lexers/__pycache__/berry.cpython-314.pyc
pygments/usr/lib/python3.14/site-packages/pygments/lexers/__pycache__/_vbscript_builtins.cpython-314.opt-1.pyc
pygments/usr/lib/python3.14/site-packages/pygments/lexers/__pycache__/futhark.cpython-314.pyc
pygments/usr/lib/python3.14/site-packages/pygments/lexers/__pycache__/sgf.cpython-314.opt-1.pyc
pygments/usr/lib/python3.14/site-packages/pygments/lexers/__pycache__/tnt.cpython-314.pyc
pygments/usr/lib/python3.14/site-packages/pygments/lexers/__pycache__/graphql.cpython-314.pyc
pygments/usr/lib/python3.14/site-packages/pygments/lexers/__pycache__/fortran.cpython-314.pyc
pygments/usr/lib/python3.14/site-packages/pygments/lexers/__pycache__/robotframework.cpython-314.opt-1.pyc
pygments/usr/lib/python3.14/site-packages/pygments/lexers/__pycache__/praat.cpython-314.opt-1.pyc
pygments/usr/lib/python3.14/site-packages/pygments/lexers/__pycache__/python.cpython-314.pyc
pygments/usr/lib/python3.14/site-packages/pygments/lexers/__pycache__/macaulay2.cpython-314.pyc
pygments/usr/lib/python3.14/site-packages/pygments/lexers/__pycache__/shell.cpython-314.pyc
pygments/usr/lib/python3.14/site-packages/pygments/lexers/__pycache__/haxe.cpython-314.opt-1.pyc
pygments/usr/lib/python3.14/site-packages/pygments/lexers/__pycache__/math.cpython-314.pyc
pygments/usr/lib/python3.14/site-packages/pygments/lexers/__pycache__/floscript.cpython-314.opt-1.pyc
pygments/usr/lib/python3.14/site-packages/pygments/lexers/__pycache__/ada.cpython-314.pyc
pygments/usr/lib/python3.14/site-packages/pygments/lexers/__pycache__/business.cpython-314.opt-1.pyc
pygments/usr/lib/python3.14/site-packages/pygments/lexers/__pycache__/felix.cpython-314.opt-1.pyc
pygments/usr/lib/python3.14/site-packages/pygments/lexers/__pycache__/wren.cpython-314.pyc
pygments/usr/lib/python3.14/site-packages/pygments/lexers/__pycache__/solidity.cpython-314.opt-1.pyc
pygments/usr/lib/python3.14/site-packages/pygments/lexers/__pycache__/smithy.cpython-314.pyc
pygments/usr/lib/python3.14/site-packages/pygments/lexers/__pycache__/robotframework.cpython-314.pyc
pygments/usr/lib/python3.14/site-packages/pygments/lexers/__pycache__/_cl_builtins.cpython-314.opt-1.pyc
pygments/usr/lib/python3.14/site-packages/pygments/lexers/__pycache__/_stan_builtins.cpython-314.pyc
pygments/usr/lib/python3.14/site-packages/pygments/lexers/__pycache__/graphics.cpython-314.pyc
pygments/usr/lib/python3.14/site-packages/pygments/lexers/__pycache__/openscad.cpython-314.opt-1.pyc
pygments/usr/lib/python3.14/site-packages/pygments/lexers/__pycache__/_ada_builtins.cpython-314.pyc
pygments/usr/lib/python3.14/site-packages/pygments/lexers/__pycache__/compiled.cpython-314.pyc
pygments/usr/lib/python3.14/site-packages/pygments/lexers/__pycache__/prolog.cpython-314.opt-1.pyc
pygments/usr/lib/python3.14/site-packages/pygments/lexers/__pycache__/clean.cpython-314.opt-1.pyc
pygments/usr/lib/python3.14/site-packages/pygments/lexers/__pycache__/hare.cpython-314.pyc
pygments/usr/lib/python3.14/site-packages/pygments/lexers/__pycache__/apdlexer.cpython-314.pyc
pygments/usr/lib/python3.14/site-packages/pygments/lexers/__pycache__/elm.cpython-314.opt-1.pyc
pygments/usr/lib/python3.14/site-packages/pygments/lexers/__pycache__/archetype.cpython-314.pyc
pygments/usr/lib/python3.14/site-packages/pygments/lexers/__pycache__/python.cpython-314.opt-1.pyc
pygments/usr/lib/python3.14/site-packages/pygments/lexers/__pycache__/_lasso_builtins.cpython-314.opt-1.pyc
pygments/usr/lib/python3.14/site-packages/pygments/lexers/__pycache__/objective.cpython-314.pyc
pygments/usr/lib/python3.14/site-packages/pygments/lexers/__pycache__/forth.cpython-314.opt-1.pyc
pygments/usr/lib/python3.14/site-packages/pygments/lexers/__pycache__/graphviz.cpython-314.pyc
pygments/usr/lib/python3.14/site-packages/pygments/lexers/__pycache__/mosel.cpython-314.pyc
pygments/usr/lib/python3.14/site-packages/pygments/lexers/__pycache__/jslt.cpython-314.pyc
pygments/usr/lib/python3.14/site-packages/pygments/lexers/__pycache__/bare.cpython-314.pyc
pygments/usr/lib/python3.14/site-packages/pygments/lexers/__pycache__/ml.cpython-314.pyc
pygments/usr/lib/python3.14/site-packages/pygments/lexers/__pycache__/textedit.cpython-314.pyc
pygments/usr/lib/python3.14/site-packages/pygments/lexers/__pycache__/ride.cpython-314.pyc
pygments/usr/lib/python3.14/site-packages/pygments/lexers/__pycache__/qvt.cpython-314.pyc
pygments/usr/lib/python3.14/site-packages/pygments/lexers/__pycache__/whiley.cpython-314.pyc
pygments/usr/lib/python3.14/site-packages/pygments/lexers/__pycache__/graphviz.cpython-314.opt-1.pyc
pygments/usr/lib/python3.14/site-packages/pygments/lexers/__pycache__/foxpro.cpython-314.pyc
pygments/usr/lib/python3.14/site-packages/pygments/lexers/__pycache__/compiled.cpython-314.opt-1.pyc
pygments/usr/lib/python3.14/site-packages/pygments/lexers/__pycache__/_stata_builtins.cpython-314.pyc
pygments/usr/lib/python3.14/site-packages/pygments/lexers/__pycache__/ml.cpython-314.opt-1.pyc
pygments/usr/lib/python3.14/site-packages/pygments/lexers/__pycache__/lilypond.cpython-314.pyc
pygments/usr/lib/python3.14/site-packages/pygments/lexers/__pycache__/wren.cpython-314.opt-1.pyc
pygments/usr/lib/python3.14/site-packages/pygments/lexers/__pycache__/ldap.cpython-314.opt-1.pyc
pygments/usr/lib/python3.14/site-packages/pygments/lexers/__pycache__/d.cpython-314.pyc
pygments/usr/lib/python3.14/site-packages/pygments/lexers/__pycache__/stata.cpython-314.opt-1.pyc
pygments/usr/lib/python3.14/site-packages/pygments/lexers/__pycache__/go.cpython-314.pyc
pygments/usr/lib/python3.14/site-packages/pygments/lexers/__pycache__/_scheme_builtins.cpython-314.opt-1.pyc
pygments/usr/lib/python3.14/site-packages/pygments/lexers/__pycache__/_mapping.cpython-314.pyc
pygments/usr/lib/python3.14/site-packages/pygments/lexers/__pycache__/savi.cpython-314.opt-1.pyc
pygments/usr/lib/python3.14/site-packages/pygments/lexers/__pycache__/jmespath.cpython-314.pyc
pygments/usr/lib/python3.14/site-packages/pygments/lexers/__pycache__/procfile.cpython-314.pyc
pygments/usr/lib/python3.14/site-packages/pygments/lexers/__pycache__/rebol.cpython-314.pyc
pygments/usr/lib/python3.14/site-packages/pygments/lexers/__pycache__/futhark.cpython-314.opt-1.pyc
pygments/usr/lib/python3.14/site-packages/pygments/lexers/__pycache__/soong.cpython-314.opt-1.pyc
pygments/usr/lib/python3.14/site-packages/pygments/lexers/__pycache__/factor.cpython-314.opt-1.pyc
pygments/usr/lib/python3.14/site-packages/pygments/lexers/__pycache__/cddl.cpython-314.pyc
pygments/usr/lib/python3.14/site-packages/pygments/lexers/__pycache__/elpi.cpython-314.opt-1.pyc
pygments/usr/lib/python3.14/site-packages/pygments/lexers/__pycache__/fantom.cpython-314.pyc
pygments/usr/lib/python3.14/site-packages/pygments/lexers/__pycache__/verification.cpython-314.pyc
pygments/usr/lib/python3.14/site-packages/pygments/lexers/__pycache__/rust.cpython-314.pyc
pygments/usr/lib/python3.14/site-packages/pygments/lexers/__pycache__/php.cpython-314.opt-1.pyc
pygments/usr/lib/python3.14/site-packages/pygments/lexers/__pycache__/eiffel.cpython-314.pyc
pygments/usr/lib/python3.14/site-packages/pygments/lexers/__pycache__/iolang.cpython-314.pyc
pygments/usr/lib/python3.14/site-packages/pygments/lexers/__pycache__/wgsl.cpython-314.pyc
pygments/usr/lib/python3.14/site-packages/pygments/lexers/__pycache__/actionscript.cpython-314.opt-1.pyc
pygments/usr/lib/python3.14/site-packages/pygments/lexers/__pycache__/_php_builtins.cpython-314.opt-1.pyc
pygments/usr/lib/python3.14/site-packages/pygments/lexers/__pycache__/automation.cpython-314.opt-1.pyc
pygments/usr/lib/python3.14/site-packages/pygments/lexers/__pycache__/ooc.cpython-314.pyc
pygments/usr/lib/python3.14/site-packages/pygments/lexers/__pycache__/modula2.cpython-314.opt-1.pyc
pygments/usr/lib/python3.14/site-packages/pygments/lexers/__pycache__/functional.cpython-314.pyc
pygments/usr/lib/python3.14/site-packages/pygments/lexers/__pycache__/berry.cpython-314.opt-1.pyc
pygments/usr/lib/python3.14/site-packages/pygments/lexers/__pycache__/tablegen.cpython-314.opt-1.pyc
pygments/usr/lib/python3.14/site-packages/pygments/lexers/__pycache__/gcodelexer.cpython-314.opt-1.pyc
pygments/usr/lib/python3.14/site-packages/pygments/lexers/__pycache__/verification.cpython-314.opt-1.pyc
pygments/usr/lib/python3.14/site-packages/pygments/lexers/__pycache__/savi.cpython-314.pyc
pygments/usr/lib/python3.14/site-packages/pygments/lexers/__pycache__/theorem.cpython-314.opt-1.pyc
pygments/usr/lib/python3.14/site-packages/pygments/lexers/__pycache__/phix.cpython-314.pyc
pygments/usr/lib/python3.14/site-packages/pygments/lexers/__pycache__/objective.cpython-314.opt-1.pyc
pygments/usr/lib/python3.14/site-packages/pygments/lexers/__pycache__/r.cpython-314.opt-1.pyc
pygments/usr/lib/python3.14/site-packages/pygments/lexers/__pycache__/maple.cpython-314.pyc
pygments/usr/lib/python3.14/site-packages/pygments/lexers/__pycache__/jsx.cpython-314.opt-1.pyc
pygments/usr/lib/python3.14/site-packages/pygments/lexers/__pycache__/fift.cpython-314.pyc
pygments/usr/lib/python3.14/site-packages/pygments/lexers/__pycache__/srcinfo.cpython-314.pyc
pygments/usr/lib/python3.14/site-packages/pygments/lexers/__pycache__/__init__.cpython-314.opt-1.pyc
pygments/usr/lib/python3.14/site-packages/pygments/lexers/__pycache__/eiffel.cpython-314.opt-1.pyc
pygments/usr/lib/python3.14/site-packages/pygments/lexers/__pycache__/devicetree.cpython-314.pyc
pygments/usr/lib/python3.14/site-packages/pygments/lexers/__pycache__/tal.cpython-314.opt-1.pyc
pygments/usr/lib/python3.14/site-packages/pygments/lexers/__pycache__/idl.cpython-314.opt-1.pyc
pygments/usr/lib/python3.14/site-packages/pygments/lexers/__pycache__/asc.cpython-314.pyc
pygments/usr/lib/python3.14/site-packages/pygments/lexers/__pycache__/textedit.cpython-314.opt-1.pyc
pygments/usr/lib/python3.14/site-packages/pygments/lexers/__pycache__/jvm.cpython-314.pyc
pygments/usr/lib/python3.14/site-packages/pygments/lexers/__pycache__/_vim_builtins.cpython-314.pyc
pygments/usr/lib/python3.14/site-packages/pygments/lexers/__pycache__/maxima.cpython-314.opt-1.pyc
pygments/usr/lib/python3.14/site-packages/pygments/lexers/__pycache__/modeling.cpython-314.opt-1.pyc
pygments/usr/lib/python3.14/site-packages/pygments/lexers/__pycache__/blueprint.cpython-314.opt-1.pyc
pygments/usr/lib/python3.14/site-packages/pygments/lexers/__pycache__/ecl.cpython-314.opt-1.pyc
pygments/usr/lib/python3.14/site-packages/pygments/lexers/__pycache__/parasail.cpython-314.opt-1.pyc
pygments/usr/lib/python3.14/site-packages/pygments/lexers/__pycache__/erlang.cpython-314.pyc
pygments/usr/lib/python3.14/site-packages/pygments/lexers/__pycache__/html.cpython-314.opt-1.pyc
pygments/usr/lib/python3.14/site-packages/pygments/lexers/__pycache__/haskell.cpython-314.opt-1.pyc
pygments/usr/lib/python3.14/site-packages/pygments/lexers/__pycache__/_sourcemod_builtins.cpython-314.opt-1.pyc
pygments/usr/lib/python3.14/site-packages/pygments/lexers/__pycache__/_scheme_builtins.cpython-314.pyc
pygments/usr/lib/python3.14/site-packages/pygments/lexers/__pycache__/dylan.cpython-314.pyc
pygments/usr/lib/python3.14/site-packages/pygments/lexers/__pycache__/numbair.cpython-314.pyc
pygments/usr/lib/python3.14/site-packages/pygments/lexers/__pycache__/pawn.cpython-314.opt-1.pyc
pygments/usr/lib/python3.14/site-packages/pygments/lexers/__pycache__/supercollider.cpython-314.pyc
pygments/usr/lib/python3.14/site-packages/pygments/lexers/__pycache__/mips.cpython-314.pyc
pygments/usr/lib/python3.14/site-packages/pygments/lexers/__pycache__/_sql_builtins.cpython-314.opt-1.pyc
pygments/usr/lib/python3.14/site-packages/pygments/lexers/__pycache__/_tsql_builtins.cpython-314.pyc
pygments/usr/lib/python3.14/site-packages/pygments/lexers/__pycache__/tls.cpython-314.opt-1.pyc
pygments/usr/lib/python3.14/site-packages/pygments/lexers/__pycache__/nimrod.cpython-314.opt-1.pyc
pygments/usr/lib/python3.14/site-packages/pygments/lexers/__pycache__/j.cpython-314.pyc
pygments/usr/lib/python3.14/site-packages/pygments/lexers/__pycache__/scdoc.cpython-314.opt-1.pyc
pygments/usr/lib/python3.14/site-packages/pygments/lexers/__pycache__/diff.cpython-314.pyc
pygments/usr/lib/python3.14/site-packages/pygments/lexers/__pycache__/_csound_builtins.cpython-314.opt-1.pyc
pygments/usr/lib/python3.14/site-packages/pygments/lexers/__pycache__/blueprint.cpython-314.pyc
pygments/usr/lib/python3.14/site-packages/pygments/lexers/__pycache__/amdgpu.cpython-314.opt-1.pyc
pygments/usr/lib/python3.14/site-packages/pygments/lexers/__pycache__/monte.cpython-314.opt-1.pyc
pygments/usr/lib/python3.14/site-packages/pygments/lexers/__pycache__/chapel.cpython-314.opt-1.pyc
pygments/usr/lib/python3.14/site-packages/pygments/lexers/__pycache__/erlang.cpython-314.opt-1.pyc
pygments/usr/lib/python3.14/site-packages/pygments/lexers/__pycache__/slash.cpython-314.pyc
pygments/usr/lib/python3.14/site-packages/pygments/lexers/__pycache__/codeql.cpython-314.opt-1.pyc
pygments/usr/lib/python3.14/site-packages/pygments/lexers/__pycache__/tlb.cpython-314.pyc
pygments/usr/lib/python3.14/site-packages/pygments/lexers/__pycache__/dalvik.cpython-314.opt-1.pyc
pygments/usr/lib/python3.14/site-packages/pygments/lexers/__pycache__/hdl.cpython-314.pyc
pygments/usr/lib/python3.14/site-packages/pygments/lexers/__pycache__/dsls.cpython-314.opt-1.pyc
pygments/usr/lib/python3.14/site-packages/pygments/lexers/__pycache__/promql.cpython-314.opt-1.pyc
pygments/usr/lib/python3.14/site-packages/pygments/lexers/__pycache__/sieve.cpython-314.opt-1.pyc
pygments/usr/lib/python3.14/site-packages/pygments/lexers/__pycache__/resource.cpython-314.pyc
pygments/usr/lib/python3.14/site-packages/pygments/lexers/__pycache__/solidity.cpython-314.pyc
pygments/usr/lib/python3.14/site-packages/pygments/lexers/__pycache__/installers.cpython-314.pyc
pygments/usr/lib/python3.14/site-packages/pygments/lexers/__pycache__/business.cpython-314.pyc
pygments/usr/lib/python3.14/site-packages/pygments/lexers/__pycache__/varnish.cpython-314.pyc
pygments/usr/lib/python3.14/site-packages/pygments/lexers/__pycache__/iolang.cpython-314.opt-1.pyc
pygments/usr/lib/python3.14/site-packages/pygments/lexers/__pycache__/typoscript.cpython-314.opt-1.pyc
pygments/usr/lib/python3.14/site-packages/pygments/lexers/__pycache__/_cl_builtins.cpython-314.pyc
pygments/usr/lib/python3.14/site-packages/pygments/lexers/__pycache__/basic.cpython-314.pyc
pygments/usr/lib/python3.14/site-packages/pygments/lexers/__pycache__/rebol.cpython-314.opt-1.pyc
pygments/usr/lib/python3.14/site-packages/pygments/lexers/__pycache__/hexdump.cpython-314.pyc
pygments/usr/lib/python3.14/site-packages/pygments/lexers/__pycache__/templates.cpython-314.pyc
pygments/usr/lib/python3.14/site-packages/pygments/lexers/__pycache__/q.cpython-314.pyc
pygments/usr/lib/python3.14/site-packages/pygments/lexers/__pycache__/scripting.cpython-314.opt-1.pyc
pygments/usr/lib/python3.14/site-packages/pygments/lexers/__pycache__/sas.cpython-314.opt-1.pyc
pygments/usr/lib/python3.14/site-packages/pygments/lexers/__pycache__/crystal.cpython-314.opt-1.pyc
pygments/usr/lib/python3.14/site-packages/pygments/lexers/__pycache__/smv.cpython-314.pyc
pygments/usr/lib/python3.14/site-packages/pygments/lexers/__pycache__/bdd.cpython-314.opt-1.pyc
pygments/usr/lib/python3.14/site-packages/pygments/lexers/__pycache__/algebra.cpython-314.pyc
pygments/usr/lib/python3.14/site-packages/pygments/lexers/__pycache__/julia.cpython-314.opt-1.pyc
pygments/usr/lib/python3.14/site-packages/pygments/lexers/__pycache__/kusto.cpython-314.pyc
pygments/usr/lib/python3.14/site-packages/pygments/lexers/__pycache__/_googlesql_builtins.cpython-314.opt-1.pyc
pygments/usr/lib/python3.14/site-packages/pygments/lexers/__pycache__/xorg.cpython-314.pyc
pygments/usr/lib/python3.14/site-packages/pygments/lexers/__pycache__/roboconf.cpython-314.opt-1.pyc
pygments/usr/lib/python3.14/site-packages/pygments/lexers/__pycache__/chapel.cpython-314.pyc
pygments/usr/lib/python3.14/site-packages/pygments/lexers/__pycache__/freefem.cpython-314.pyc
pygments/usr/lib/python3.14/site-packages/pygments/lexers/__pycache__/numbair.cpython-314.opt-1.pyc
pygments/usr/lib/python3.14/site-packages/pygments/lexers/__pycache__/mips.cpython-314.opt-1.pyc
pygments/usr/lib/python3.14/site-packages/pygments/lexers/__pycache__/_mysql_builtins.cpython-314.pyc
pygments/usr/lib/python3.14/site-packages/pygments/lexers/__pycache__/dalvik.cpython-314.pyc
pygments/usr/lib/python3.14/site-packages/pygments/lexers/__pycache__/graphql.cpython-314.opt-1.pyc
pygments/usr/lib/python3.14/site-packages/pygments/lexers/__pycache__/carbon.cpython-314.pyc
pygments/usr/lib/python3.14/site-packages/pygments/lexers/__pycache__/asn1.cpython-314.opt-1.pyc
pygments/usr/lib/python3.14/site-packages/pygments/lexers/__pycache__/nit.cpython-314.opt-1.pyc
pygments/usr/lib/python3.14/site-packages/pygments/lexers/__pycache__/ncl.cpython-314.pyc
pygments/usr/lib/python3.14/site-packages/pygments/lexers/__pycache__/hare.cpython-314.opt-1.pyc
pygments/usr/lib/python3.14/site-packages/pygments/lexers/__pycache__/other.cpython-314.pyc
pygments/usr/lib/python3.14/site-packages/pygments/lexers/__pycache__/diff.cpython-314.opt-1.pyc
pygments/usr/lib/python3.14/site-packages/pygments/lexers/__pycache__/foxpro.cpython-314.opt-1.pyc
pygments/usr/lib/python3.14/site-packages/pygments/lexers/__pycache__/tact.cpython-314.pyc
pygments/usr/lib/python3.14/site-packages/pygments/lexers/__pycache__/css.cpython-314.pyc
pygments/usr/lib/python3.14/site-packages/pygments/lexers/__pycache__/_ada_builtins.cpython-314.opt-1.pyc
pygments/usr/lib/python3.14/site-packages/pygments/lexers/__pycache__/tlb.cpython-314.opt-1.pyc
pygments/usr/lib/python3.14/site-packages/pygments/lexers/__pycache__/boa.cpython-314.opt-1.pyc
pygments/usr/lib/python3.14/site-packages/pygments/lexers/__pycache__/ezhil.cpython-314.opt-1.pyc
pygments/usr/lib/python3.14/site-packages/pygments/lexers/__pycache__/typst.cpython-314.pyc
pygments/usr/lib/python3.14/site-packages/pygments/lexers/__pycache__/_scilab_builtins.cpython-314.pyc
pygments/usr/lib/python3.14/site-packages/pygments/lexers/__pycache__/_lilypond_builtins.cpython-314.pyc
pygments/usr/lib/python3.14/site-packages/pygments/lexers/__pycache__/go.cpython-314.opt-1.pyc
pygments/usr/lib/python3.14/site-packages/pygments/lexers/__pycache__/verifpal.cpython-314.opt-1.pyc
pygments/usr/lib/python3.14/site-packages/pygments/lexers/__pycache__/algebra.cpython-314.opt-1.pyc
pygments/usr/lib/python3.14/site-packages/pygments/lexers/__pycache__/gdscript.cpython-314.pyc
pygments/usr/lib/python3.14/site-packages/pygments/lexers/__pycache__/maxima.cpython-314.pyc
pygments/usr/lib/python3.14/site-packages/pygments/lexers/__pycache__/_lasso_builtins.cpython-314.pyc
pygments/usr/lib/python3.14/site-packages/pygments/lexers/__pycache__/dax.cpython-314.opt-1.pyc
pygments/usr/lib/python3.14/site-packages/pygments/lexers/__pycache__/c_like.cpython-314.opt-1.pyc
pygments/usr/lib/python3.14/site-packages/pygments/lexers/__pycache__/text.cpython-314.pyc
pygments/usr/lib/python3.14/site-packages/pygments/lexers/__pycache__/func.cpython-314.opt-1.pyc
pygments/usr/lib/python3.14/site-packages/pygments/lexers/__pycache__/_css_builtins.cpython-314.opt-1.pyc
pygments/usr/lib/python3.14/site-packages/pygments/lexers/__pycache__/smithy.cpython-314.opt-1.pyc
pygments/usr/lib/python3.14/site-packages/pygments/lexers/__pycache__/macaulay2.cpython-314.opt-1.pyc
pygments/usr/lib/python3.14/site-packages/pygments/lexers/__pycache__/usd.cpython-314.opt-1.pyc
pygments/usr/lib/python3.14/site-packages/pygments/lexers/__pycache__/data.cpython-314.pyc
pygments/usr/lib/python3.14/site-packages/pygments/lexers/__pycache__/rdf.cpython-314.pyc
pygments/usr/lib/python3.14/site-packages/pygments/lexers/__pycache__/ruby.cpython-314.pyc
pygments/usr/lib/python3.14/site-packages/pygments/lexers/__pycache__/minecraft.cpython-314.opt-1.pyc
pygments/usr/lib/python3.14/site-packages/pygments/lexers/__pycache__/console.cpython-314.opt-1.pyc
pygments/usr/lib/python3.14/site-packages/pygments/lexers/__pycache__/oberon.cpython-314.opt-1.pyc
pygments/usr/lib/python3.14/site-packages/pygments/lexers/__pycache__/mosel.cpython-314.opt-1.pyc
pygments/usr/lib/python3.14/site-packages/pygments/lexers/__pycache__/openscad.cpython-314.pyc
pygments/usr/lib/python3.14/site-packages/pygments/lexers/__pycache__/ooc.cpython-314.opt-1.pyc
pygments/usr/lib/python3.14/site-packages/pygments/lexers/__pycache__/c_cpp.cpython-314.opt-1.pyc
pygments/usr/lib/python3.14/site-packages/pygments/lexers/__pycache__/clean.cpython-314.pyc
pygments/usr/lib/python3.14/site-packages/pygments/lexers/__pycache__/automation.cpython-314.pyc
pygments/usr/lib/python3.14/site-packages/pygments/lexers/__pycache__/qlik.cpython-314.opt-1.pyc
pygments/usr/lib/python3.14/site-packages/pygments/lexers/__pycache__/ldap.cpython-314.pyc
pygments/usr/lib/python3.14/site-packages/pygments/lexers/__pycache__/tal.cpython-314.pyc
pygments/usr/lib/python3.14/site-packages/pygments/lexers/__pycache__/javascript.cpython-314.pyc
pygments/usr/lib/python3.14/site-packages/pygments/lexers/__pycache__/scdoc.cpython-314.pyc
pygments/usr/lib/python3.14/site-packages/pygments/lexers/__pycache__/lilypond.cpython-314.opt-1.pyc
pygments/usr/lib/python3.14/site-packages/pygments/lexers/__pycache__/snobol.cpython-314.pyc
pygments/usr/lib/python3.14/site-packages/pygments/lexers/__pycache__/arturo.cpython-314.opt-1.pyc
pygments/usr/lib/python3.14/site-packages/pygments/lexers/__pycache__/webassembly.cpython-314.opt-1.pyc
pygments/usr/lib/python3.14/site-packages/pygments/lexers/__pycache__/rego.cpython-314.pyc
pygments/usr/lib/python3.14/site-packages/pygments/lexers/__pycache__/special.cpython-314.pyc
pygments/usr/lib/python3.14/site-packages/pygments/lexers/__pycache__/prolog.cpython-314.pyc
pygments/usr/lib/python3.14/site-packages/pygments/lexers/__pycache__/actionscript.cpython-314.pyc
pygments/usr/lib/python3.14/site-packages/pygments/lexers/__pycache__/comal.cpython-314.opt-1.pyc
pygments/usr/lib/python3.14/site-packages/pygments/lexers/__pycache__/tls.cpython-314.pyc
pygments/usr/lib/python3.14/site-packages/pygments/lexers/__pycache__/sieve.cpython-314.pyc
pygments/usr/lib/python3.14/site-packages/pygments/lexers/__pycache__/jslt.cpython-314.opt-1.pyc
pygments/usr/lib/python3.14/site-packages/pygments/lexers/__pycache__/hdl.cpython-314.opt-1.pyc
pygments/usr/lib/python3.14/site-packages/pygments/lexers/__pycache__/_tsql_builtins.cpython-314.opt-1.pyc
pygments/usr/lib/python3.14/site-packages/pygments/lexers/__pycache__/web.cpython-314.opt-1.pyc
pygments/usr/lib/python3.14/site-packages/pygments/lexers/__pycache__/ambient.cpython-314.opt-1.pyc
pygments/usr/lib/python3.14/site-packages/pygments/lexers/__pycache__/devicetree.cpython-314.opt-1.pyc
pygments/usr/lib/python3.14/site-packages/pygments/lexers/__pycache__/modula2.cpython-314.pyc
pygments/usr/lib/python3.14/site-packages/pygments/lexers/__pycache__/_qlik_builtins.cpython-314.pyc
pygments/usr/lib/python3.14/site-packages/pygments/lexers/__pycache__/yang.cpython-314.opt-1.pyc
pygments/usr/lib/python3.14/site-packages/pygments/lexers/__pycache__/_sql_builtins.cpython-314.pyc
pygments/usr/lib/python3.14/site-packages/pygments/lexers/__pycache__/_lilypond_builtins.cpython-314.opt-1.pyc
pygments/usr/lib/python3.14/site-packages/pygments/lexers/__pycache__/gdscript.cpython-314.opt-1.pyc
pygments/usr/lib/python3.14/site-packages/pygments/lexers/__pycache__/thingsdb.cpython-314.opt-1.pyc
pygments/usr/lib/python3.14/site-packages/pygments/lexers/__pycache__/_mql_builtins.cpython-314.pyc
pygments/usr/lib/python3.14/site-packages/pygments/lexers/__pycache__/installers.cpython-314.opt-1.pyc
pygments/usr/lib/python3.14/site-packages/pygments/lexers/__pycache__/igor.cpython-314.pyc
pygments/usr/lib/python3.14/site-packages/pygments/lexers/__pycache__/ul4.cpython-314.opt-1.pyc
pygments/usr/lib/python3.14/site-packages/pygments/lexers/__pycache__/matlab.cpython-314.opt-1.pyc
pygments/usr/lib/python3.14/site-packages/pygments/lexers/__pycache__/monte.cpython-314.pyc
pygments/usr/lib/python3.14/site-packages/pygments/lexers/__pycache__/perl.cpython-314.pyc
pygments/usr/lib/python3.14/site-packages/pygments/lexers/__pycache__/vip.cpython-314.opt-1.pyc
pygments/usr/lib/python3.14/site-packages/pygments/lexers/__pycache__/spice.cpython-314.opt-1.pyc
pygments/usr/lib/python3.14/site-packages/pygments/lexers/__pycache__/make.cpython-314.pyc
pygments/usr/lib/python3.14/site-packages/pygments/lexers/__pycache__/functional.cpython-314.opt-1.pyc
pygments/usr/lib/python3.14/site-packages/pygments/lexers/__pycache__/console.cpython-314.pyc
pygments/usr/lib/python3.14/site-packages/pygments/lexers/__pycache__/elpi.cpython-314.pyc
pygments/usr/lib/python3.14/site-packages/pygments/lexers/__pycache__/_asy_builtins.cpython-314.pyc
pygments/usr/lib/python3.14/site-packages/pygments/lexers/__pycache__/dns.cpython-314.opt-1.pyc
pygments/usr/lib/python3.14/site-packages/pygments/lexers/__pycache__/typoscript.cpython-314.pyc
pygments/usr/lib/python3.14/site-packages/pygments/lexers/__pycache__/idl.cpython-314.pyc
pygments/usr/lib/python3.14/site-packages/pygments/lexers/__pycache__/textfmts.cpython-314.opt-1.pyc
pygments/usr/lib/python3.14/site-packages/pygments/lexers/__pycache__/_vim_builtins.cpython-314.opt-1.pyc
pygments/usr/lib/python3.14/site-packages/pygments/lexers/__pycache__/promql.cpython-314.pyc
pygments/usr/lib/python3.14/site-packages/pygments/lexers/__pycache__/nimrod.cpython-314.pyc
pygments/usr/lib/python3.14/site-packages/pygments/lexers/__pycache__/zig.cpython-314.opt-1.pyc
pygments/usr/lib/python3.14/site-packages/pygments/lexers/__pycache__/qvt.cpython-314.opt-1.pyc
pygments/usr/lib/python3.14/site-packages/pygments/lexers/__pycache__/zig.cpython-314.pyc
pygments/usr/lib/python3.14/site-packages/pygments/lexers/__pycache__/graph.cpython-314.opt-1.pyc
pygments/usr/lib/python3.14/site-packages/pygments/lexers/__pycache__/json5.cpython-314.opt-1.pyc
pygments/usr/lib/python3.14/site-packages/pygments/lexers/__pycache__/webmisc.cpython-314.opt-1.pyc
pygments/usr/lib/python3.14/site-packages/pygments/lexers/__pycache__/matlab.cpython-314.pyc
pygments/usr/lib/python3.14/site-packages/pygments/lexers/__pycache__/unicon.cpython-314.opt-1.pyc
pygments/usr/lib/python3.14/site-packages/pygments/lexers/__pycache__/ampl.cpython-314.opt-1.pyc
pygments/usr/lib/python3.14/site-packages/pygments/lexers/__pycache__/testing.cpython-314.pyc
pygments/usr/lib/python3.14/site-packages/pygments/lexers/__pycache__/_postgres_builtins.cpython-314.opt-1.pyc
pygments/usr/lib/python3.14/site-packages/pygments/lexers/__pycache__/_csound_builtins.cpython-314.pyc
pygments/usr/lib/python3.14/site-packages/pygments/lexers/__pycache__/webidl.cpython-314.opt-1.pyc
pygments/usr/lib/python3.14/site-packages/pygments/lexers/__pycache__/carbon.cpython-314.opt-1.pyc
pygments/usr/lib/python3.14/site-packages/pygments/lexers/__pycache__/agile.cpython-314.pyc
pygments/usr/lib/python3.14/site-packages/pygments/lexers/__pycache__/pointless.cpython-314.pyc
pygments/usr/lib/python3.14/site-packages/pygments/lexers/__pycache__/inferno.cpython-314.opt-1.pyc
pygments/usr/lib/python3.14/site-packages/pygments/lexers/__pycache__/stata.cpython-314.pyc
pygments/usr/lib/python3.14/site-packages/pygments/lexers/__pycache__/esoteric.cpython-314.pyc
pygments/usr/lib/python3.14/site-packages/pygments/lexers/__pycache__/pony.cpython-314.opt-1.pyc
pygments/usr/lib/python3.14/site-packages/pygments/lexers/__pycache__/ncl.cpython-314.opt-1.pyc
pygments/usr/lib/python3.14/site-packages/pygments/lexers/__pycache__/kusto.cpython-314.opt-1.pyc
pygments/usr/lib/python3.14/site-packages/pygments/lexers/__pycache__/rell.cpython-314.pyc
pygments/usr/lib/python3.14/site-packages/pygments/lexers/__pycache__/parsers.cpython-314.pyc
pygments/usr/lib/python3.14/site-packages/pygments/lexers/__pycache__/factor.cpython-314.pyc
pygments/usr/lib/python3.14/site-packages/pygments/lexers/__pycache__/fift.cpython-314.opt-1.pyc
pygments/usr/lib/python3.14/site-packages/pygments/lexers/__pycache__/fortran.cpython-314.opt-1.pyc
pygments/usr/lib/python3.14/site-packages/pygments/lexers/__pycache__/_luau_builtins.cpython-314.opt-1.pyc
pygments/usr/lib/python3.14/site-packages/pygments/lexers/__pycache__/elm.cpython-314.pyc
pygments/usr/lib/python3.14/site-packages/pygments/lexers/__pycache__/configs.cpython-314.pyc
pygments/usr/lib/python3.14/site-packages/pygments/lexers/__pycache__/graph.cpython-314.pyc
pygments/usr/lib/python3.14/site-packages/pygments/lexers/__pycache__/x10.cpython-314.opt-1.pyc
pygments/usr/lib/python3.14/site-packages/pygments/lexers/__pycache__/bibtex.cpython-314.opt-1.pyc
pygments/usr/lib/python3.14/site-packages/pygments/lexers/__pycache__/int_fiction.cpython-314.pyc
pygments/usr/lib/python3.14/site-packages/pygments/lexers/__pycache__/html.cpython-314.pyc
pygments/usr/lib/python3.14/site-packages/pygments/lexers/__pycache__/ambient.cpython-314.pyc
pygments/usr/lib/python3.14/site-packages/pygments/lexers/__pycache__/rdf.cpython-314.opt-1.pyc
pygments/usr/lib/python3.14/site-packages/pygments/lexers/__pycache__/csound.cpython-314.opt-1.pyc
pygments/usr/lib/python3.14/site-packages/pygments/lexers/__pycache__/_postgres_builtins.cpython-314.pyc
pygments/usr/lib/python3.14/site-packages/pygments/lexers/__pycache__/web.cpython-314.pyc
pygments/usr/lib/python3.14/site-packages/pygments/lexers/__pycache__/vyper.cpython-314.pyc
pygments/usr/lib/python3.14/site-packages/pygments/lexers/__pycache__/unicon.cpython-314.pyc
pygments/usr/lib/python3.14/site-packages/pygments/lexers/__pycache__/floscript.cpython-314.pyc
pygments/usr/lib/python3.14/site-packages/pygments/lexers/__pycache__/_scilab_builtins.cpython-314.opt-1.pyc
pygments/usr/lib/python3.14/site-packages/pygments/lexers/__pycache__/_sourcemod_builtins.cpython-314.pyc
pygments/usr/lib/python3.14/site-packages/pygments/lexers/__pycache__/jsonnet.cpython-314.opt-1.pyc
pygments/usr/lib/python3.14/site-packages/pygments/lexers/__pycache__/jmespath.cpython-314.opt-1.pyc
pygments/usr/lib/python3.14/site-packages/pygments/lexers/__pycache__/agile.cpython-314.opt-1.pyc
pygments/usr/lib/python3.14/site-packages/pygments/lexers/__pycache__/other.cpython-314.opt-1.pyc
pygments/usr/lib/python3.14/site-packages/pygments/lexers/__pycache__/_mysql_builtins.cpython-314.opt-1.pyc
pygments/usr/lib/python3.14/site-packages/pygments/lexers/__pycache__/yang.cpython-314.pyc
pygments/usr/lib/python3.14/site-packages/pygments/lexers/__pycache__/spice.cpython-314.pyc
pygments/usr/lib/python3.14/site-packages/pygments/lexers/__pycache__/_css_builtins.cpython-314.pyc
pygments/usr/lib/python3.14/site-packages/pygments/lexers/__pycache__/capnproto.cpython-314.opt-1.pyc
pygments/usr/lib/python3.14/site-packages/pygments/lexers/__pycache__/tnt.cpython-314.opt-1.pyc
pygments/usr/lib/python3.14/site-packages/pygments/lexers/__pycache__/wowtoc.cpython-314.opt-1.pyc
pygments/usr/lib/python3.14/site-packages/pygments/lexers/__pycache__/arrow.cpython-314.pyc
pygments/usr/lib/python3.14/site-packages/pygments/lexers/__pycache__/vip.cpython-314.pyc
pygments/usr/lib/python3.14/site-packages/pygments/lexers/__pycache__/webidl.cpython-314.pyc
pygments/usr/lib/python3.14/site-packages/pygments/lexers/__pycache__/arrow.cpython-314.opt-1.pyc
pygments/usr/lib/python3.14/site-packages/pygments/lexers/__pycache__/tcl.cpython-314.pyc
pygments/usr/lib/python3.14/site-packages/pygments/lexers/__pycache__/kuin.cpython-314.pyc
pygments/usr/lib/python3.14/site-packages/pygments/lexers/__pycache__/comal.cpython-314.pyc
pygments/usr/lib/python3.14/site-packages/pygments/lexers/__pycache__/praat.cpython-314.pyc
pygments/usr/lib/python3.14/site-packages/pygments/lexers/__pycache__/templates.cpython-314.opt-1.pyc
pygments/usr/lib/python3.14/site-packages/pygments/lexers/__pycache__/procfile.cpython-314.opt-1.pyc
pygments/usr/lib/python3.14/site-packages/pygments/lexers/__pycache__/mojo.cpython-314.opt-1.pyc
pygments/usr/lib/python3.14/site-packages/pygments/lexers/__pycache__/_cocoa_builtins.cpython-314.pyc
pygments/usr/lib/python3.14/site-packages/pygments/lexers/__pycache__/thingsdb.cpython-314.pyc
pygments/usr/lib/python3.14/site-packages/pygments/lexers/__pycache__/bdd.cpython-314.pyc
pygments/usr/lib/python3.14/site-packages/pygments/lexers/__pycache__/mime.cpython-314.pyc
pygments/usr/lib/python3.14/site-packages/pygments/lexers/__pycache__/basic.cpython-314.opt-1.pyc
pygments/usr/lib/python3.14/site-packages/pygments/lexers/__pycache__/urbi.cpython-314.opt-1.pyc
pygments/usr/lib/python3.14/site-packages/pygments/lexers/__pycache__/pddl.cpython-314.opt-1.pyc
pygments/usr/lib/python3.14/site-packages/pygments/lexers/__pycache__/ptx.cpython-314.pyc
pygments/usr/lib/python3.14/site-packages/pygments/lexers/__pycache__/jvm.cpython-314.opt-1.pyc
pygments/usr/lib/python3.14/site-packages/pygments/lexers/__pycache__/igor.cpython-314.opt-1.pyc
pygments/usr/lib/python3.14/site-packages/pygments/lexers/__pycache__/sas.cpython-314.pyc
pygments/usr/lib/python3.14/site-packages/pygments/lexers/__pycache__/teraterm.cpython-314.pyc
pygments/usr/lib/python3.14/site-packages/pygments/lexers/__pycache__/apl.cpython-314.opt-1.pyc
pygments/usr/lib/python3.14/site-packages/pygments/lexers/__pycache__/_mql_builtins.cpython-314.opt-1.pyc
pygments/usr/lib/python3.14/site-packages/pygments/lexers/__pycache__/_asy_builtins.cpython-314.opt-1.pyc
pygments/usr/lib/python3.14/site-packages/pygments/lexers/__pycache__/phix.cpython-314.opt-1.pyc
pygments/usr/lib/python3.14/site-packages/pygments/lexers/__pycache__/special.cpython-314.opt-1.pyc
pygments/usr/lib/python3.14/site-packages/pygments/lexers/__pycache__/c_like.cpython-314.pyc
pygments/usr/lib/python3.14/site-packages/pygments/lexers/__pycache__/sql.cpython-314.opt-1.pyc
pygments/usr/lib/python3.14/site-packages/pygments/lexers/__pycache__/_julia_builtins.cpython-314.opt-1.pyc
pygments/usr/lib/python3.14/site-packages/pygments/lexers/__pycache__/sophia.cpython-314.opt-1.pyc
pygments/usr/lib/python3.14/site-packages/pygments/lexers/__pycache__/tcl.cpython-314.opt-1.pyc
pygments/usr/lib/python3.14/site-packages/pygments/lexers/__pycache__/mime.cpython-314.opt-1.pyc
pygments/usr/lib/python3.14/site-packages/pygments/lexers/__pycache__/fantom.cpython-314.opt-1.pyc
pygments/usr/lib/python3.14/site-packages/pygments/lexers/__pycache__/x10.cpython-314.pyc
pygments/usr/lib/python3.14/site-packages/pygments/lexers/__pycache__/resource.cpython-314.opt-1.pyc
pygments/usr/lib/python3.14/site-packages/pygments/lexers/__pycache__/asc.cpython-314.opt-1.pyc
pygments/usr/lib/python3.14/site-packages/pygments/lexers/__pycache__/markup.cpython-314.opt-1.pyc
pygments/usr/lib/python3.14/site-packages/pygments/lexers/__pycache__/data.cpython-314.opt-1.pyc
pygments/usr/lib/python3.14/site-packages/pygments/lexers/__pycache__/dylan.cpython-314.opt-1.pyc
pygments/usr/lib/python3.14/site-packages/pygments/lexers/__pycache__/apdlexer.cpython-314.opt-1.pyc
pygments/usr/lib/python3.14/site-packages/pygments/lexers/__pycache__/bibtex.cpython-314.pyc
pygments/usr/lib/python3.14/site-packages/pygments/lexers/__pycache__/csound.cpython-314.pyc
pygments/usr/lib/python3.14/site-packages/pygments/lexers/__pycache__/j.cpython-314.opt-1.pyc
pygments/usr/lib/python3.14/site-packages/pygments/lexers/__pycache__/sophia.cpython-314.pyc
pygments/usr/lib/python3.14/site-packages/pygments/lexers/__pycache__/__init__.cpython-314.pyc
pygments/usr/lib/python3.14/site-packages/pygments/lexers/__pycache__/dotnet.cpython-314.opt-1.pyc
pygments/usr/lib/python3.14/site-packages/pygments/lexers/__pycache__/email.cpython-314.opt-1.pyc
pygments/usr/lib/python3.14/site-packages/pygments/lexers/__pycache__/_openedge_builtins.cpython-314.opt-1.pyc
pygments/usr/lib/python3.14/site-packages/pygments/lexers/__pycache__/parsers.cpython-314.opt-1.pyc
pygments/usr/lib/python3.14/site-packages/pygments/lexers/__pycache__/jsonnet.cpython-314.pyc
pygments/usr/lib/python3.14/site-packages/pygments/lexers/__pycache__/smv.cpython-314.opt-1.pyc
pygments/usr/lib/python3.14/site-packages/pygments/lexers/__pycache__/_usd_builtins.cpython-314.pyc
pygments/usr/lib/python3.14/site-packages/pygments/lexers/__pycache__/cplint.cpython-314.pyc
pygments/usr/lib/python3.14/site-packages/pygments/lexers/__pycache__/tablegen.cpython-314.pyc
pygments/usr/lib/python3.14/site-packages/pygments/lexers/__pycache__/make.cpython-314.opt-1.pyc
pygments/usr/lib/python3.14/site-packages/pygments/lexers/__pycache__/bqn.cpython-314.opt-1.pyc
pygments/usr/lib/python3.14/site-packages/pygments/lexers/__pycache__/trafficscript.cpython-314.opt-1.pyc
pygments/usr/lib/python3.14/site-packages/pygments/lexers/__pycache__/asm.cpython-314.opt-1.pyc
pygments/usr/lib/python3.14/site-packages/pygments/lexers/__pycache__/bare.cpython-314.opt-1.pyc
pygments/usr/lib/python3.14/site-packages/pygments/lexers/__pycache__/php.cpython-314.pyc
pygments/usr/lib/python3.14/site-packages/pygments/lexers/__pycache__/whiley.cpython-314.opt-1.pyc
pygments/usr/lib/python3.14/site-packages/pygments/lexers/__pycache__/webassembly.cpython-314.pyc
pygments/usr/lib/python3.14/site-packages/pygments/lexers/__pycache__/lisp.cpython-314.pyc
pygments/usr/lib/python3.14/site-packages/pygments/lexers/__pycache__/grammar_notation.cpython-314.opt-1.pyc
pygments/usr/lib/python3.14/site-packages/pygments/lexers/__pycache__/gleam.cpython-314.opt-1.pyc
pygments/usr/lib/python3.14/site-packages/pygments/lexers/__pycache__/parasail.cpython-314.pyc
pygments/usr/lib/python3.14/site-packages/pygments/lexers/__pycache__/ada.cpython-314.opt-1.pyc
pygments/usr/lib/python3.14/site-packages/pygments/lexers/__pycache__/minecraft.cpython-314.pyc
pygments/usr/lib/python3.14/site-packages/pygments/lexers/__pycache__/apl.cpython-314.pyc
pygments/usr/lib/python3.14/site-packages/pygments/lexers/__pycache__/dns.cpython-314.pyc
pygments/usr/lib/python3.14/site-packages/pygments/lexers/__pycache__/arturo.cpython-314.pyc
pygments/usr/lib/python3.14/site-packages/pygments/lexers/__pycache__/pascal.cpython-314.opt-1.pyc
pygments/usr/lib/python3.14/site-packages/pygments/lexers/__pycache__/_mapping.cpython-314.opt-1.pyc
pygments/usr/lib/python3.14/site-packages/pygments/lexers/__pycache__/archetype.cpython-314.opt-1.pyc
pygments/usr/lib/python3.14/site-packages/pygments/lexers/__pycache__/ride.cpython-314.opt-1.pyc
pygments/usr/lib/python3.14/site-packages/pygments/lexers/__pycache__/int_fiction.cpython-314.opt-1.pyc
pygments/usr/lib/python3.14/site-packages/pygments/lexers/__pycache__/c_cpp.cpython-314.pyc
pygments/usr/lib/python3.14/site-packages/pygments/lexers/__pycache__/capnproto.cpython-314.pyc
pygments/usr/lib/python3.14/site-packages/pygments/lexers/__pycache__/varnish.cpython-314.opt-1.pyc
pygments/usr/lib/python3.14/site-packages/pygments/lexers/__pycache__/_julia_builtins.cpython-314.pyc
pygments/usr/lib/python3.14/site-packages/pygments/lexers/__pycache__/sgf.cpython-314.pyc
pygments/usr/lib/python3.14/site-packages/pygments/lexers/__pycache__/prql.cpython-314.opt-1.pyc
pygments/usr/lib/python3.14/site-packages/pygments/lexers/__pycache__/meson.cpython-314.opt-1.pyc
pygments/usr/lib/python3.14/site-packages/pygments/lexers/__pycache__/modeling.cpython-314.pyc
pygments/usr/lib/python3.14/site-packages/pygments/lexers/__pycache__/nix.cpython-314.opt-1.pyc
pygments/usr/lib/python3.14/site-packages/pygments/lexers/__pycache__/roboconf.cpython-314.pyc
pygments/usr/lib/python3.14/site-packages/pygments/lexers/__pycache__/ruby.cpython-314.opt-1.pyc
pygments/usr/lib/python3.14/site-packages/pygments/lexers/__pycache__/rnc.cpython-314.opt-1.pyc
pygments/usr/lib/python3.14/site-packages/pygments/lexers/__pycache__/rita.cpython-314.opt-1.pyc
pygments/usr/lib/python3.14/site-packages/pygments/lexers/__pycache__/teal.cpython-314.opt-1.pyc
pygments/usr/lib/python3.14/site-packages/pygments/lexers/__pycache__/textfmts.cpython-314.pyc
pygments/usr/lib/python3.14/site-packages/pygments/lexers/__pycache__/sql.cpython-314.pyc
pygments/usr/lib/python3.14/site-packages/pygments/lexers/__pycache__/asm.cpython-314.pyc
pygments/usr/lib/python3.14/site-packages/pygments/lexers/__pycache__/_openedge_builtins.cpython-314.pyc
pygments/usr/lib/python3.14/site-packages/pygments/lexers/__pycache__/urbi.cpython-314.pyc
pygments/usr/lib/python3.14/site-packages/pygments/lexers/__pycache__/math.cpython-314.opt-1.pyc
pygments/usr/lib/python3.14/site-packages/pygments/lexers/__pycache__/webmisc.cpython-314.pyc
pygments/usr/lib/python3.14/site-packages/pygments/lexers/__pycache__/slash.cpython-314.opt-1.pyc
pygments/usr/lib/python3.14/site-packages/pygments/lexers/__pycache__/text.cpython-314.opt-1.pyc
pygments/usr/lib/python3.14/site-packages/pygments/lexers/__pycache__/dsls.cpython-314.pyc
pygments/usr/lib/python3.14/site-packages/pygments/lexers/__pycache__/cddl.cpython-314.opt-1.pyc
pygments/usr/lib/python3.14/site-packages/pygments/lexers/__pycache__/lisp.cpython-314.opt-1.pyc
pygments/usr/lib/python3.14/site-packages/pygments/lexers/__pycache__/perl.cpython-314.opt-1.pyc
pygments/usr/lib/python3.14/site-packages/pygments/lexers/__pycache__/pddl.cpython-314.pyc
pygments/usr/lib/python3.14/site-packages/pygments/lexers/__pycache__/_stan_builtins.cpython-314.opt-1.pyc
pygments/usr/lib/python3.14/site-packages/pygments/lexers/__pycache__/markup.cpython-314.pyc
pygments/usr/lib/python3.14/site-packages/pygments/lexers/__pycache__/soong.cpython-314.pyc
pygments/usr/lib/python3.14/site-packages/pygments/lexers/__pycache__/css.cpython-314.opt-1.pyc
pygments/usr/lib/python3.14/site-packages/pygments/lexers/__pycache__/q.cpython-314.opt-1.pyc
pygments/usr/lib/python3.14/site-packages/pygments/lexers/__pycache__/usd.cpython-314.pyc
pygments/usr/lib/python3.14/site-packages/pygments/lexers/__pycache__/grammar_notation.cpython-314.pyc
pygments/usr/lib/python3.14/site-packages/pygments/lexers/__pycache__/bqn.cpython-314.pyc
pygments/usr/lib/python3.14/site-packages/pygments/lexers/__pycache__/crystal.cpython-314.pyc
pygments/usr/lib/python3.14/site-packages/pygments/lexers/__pycache__/mojo.cpython-314.pyc
pygments/usr/lib/python3.14/site-packages/pygments/lexers/__pycache__/nix.cpython-314.pyc
pygments/usr/lib/python3.14/site-packages/pygments/lexers/__pycache__/haxe.cpython-314.pyc
pygments/usr/lib/python3.14/site-packages/pygments/lexers/__pycache__/rust.cpython-314.opt-1.pyc
pygments/usr/lib/python3.14/site-packages/pygments/lexers/__pycache__/r.cpython-314.pyc
pygments/usr/lib/python3.14/site-packages/pygments/lexers/__pycache__/rell.cpython-314.opt-1.pyc
pygments/usr/lib/python3.14/site-packages/pygments/lexers/__pycache__/oberon.cpython-314.pyc
pygments/usr/lib/python3.14/site-packages/pygments/lexers/__pycache__/typst.cpython-314.opt-1.pyc
pygments/usr/lib/python3.14/site-packages/pygments/lexers/__pycache__/wgsl.cpython-314.opt-1.pyc
pygments/usr/lib/python3.14/site-packages/pygments/lexers/__pycache__/ul4.cpython-314.pyc
pygments/usr/lib/python3.14/site-packages/pygments/lexers/__pycache__/ecl.cpython-314.pyc
pygments/usr/lib/python3.14/site-packages/pygments/lexers/__pycache__/_vbscript_builtins.cpython-314.pyc
pygments/usr/lib/python3.14/site-packages/pygments/lexers/__pycache__/theorem.cpython-314.pyc
pygments/usr/lib/python3.14/site-packages/pygments/lexers/__pycache__/nit.cpython-314.pyc
pygments/usr/lib/python3.14/site-packages/pygments/lexers/__pycache__/pointless.cpython-314.opt-1.pyc
pygments/usr/lib/python3.14/site-packages/pygments/lexers/__pycache__/qlik.cpython-314.pyc
pygments/usr/lib/python3.14/site-packages/pygments/lexers/__pycache__/gleam.cpython-314.pyc
pygments/usr/lib/python3.14/site-packages/pygments/lexers/__pycache__/graphics.cpython-314.opt-1.pyc
pygments/usr/lib/python3.14/site-packages/pygments/lexers/__pycache__/prql.cpython-314.pyc
pygments/usr/lib/python3.14/site-packages/pygments/lexers/__pycache__/teraterm.cpython-314.opt-1.pyc
pygments/usr/lib/python3.14/site-packages/pygments/lexers/__pycache__/srcinfo.cpython-314.opt-1.pyc
pygments/usr/lib/python3.14/site-packages/pygments/lexers/__pycache__/ezhil.cpython-314.pyc
pygments/usr/lib/python3.14/site-packages/pygments/lexers/__pycache__/boa.cpython-314.pyc
pygments/usr/lib/python3.14/site-packages/pygments/lexers/__pycache__/dax.cpython-314.pyc
pygments/usr/lib/python3.14/site-packages/pygments/lexers/__pycache__/_lua_builtins.cpython-314.opt-1.pyc
pygments/usr/lib/python3.14/site-packages/pygments/lexers/__pycache__/testing.cpython-314.opt-1.pyc
pygments/usr/lib/python3.14/site-packages/pygments/lexers/__pycache__/meson.cpython-314.pyc
pygments/usr/lib/python3.14/site-packages/pygments/lexers/__pycache__/smalltalk.cpython-314.opt-1.pyc
pygments/usr/lib/python3.14/site-packages/pygments/lexers/__pycache__/haskell.cpython-314.pyc
pygments/usr/lib/python3.14/site-packages/pygments/lexers/theorem.py
pygments/usr/lib/python3.14/site-packages/pygments/lexers/snobol.py
pygments/usr/lib/python3.14/site-packages/pygments/lexers/soong.py
pygments/usr/lib/python3.14/site-packages/pygments/lexers/pointless.py
pygments/usr/lib/python3.14/site-packages/pygments/lexers/rego.py
pygments/usr/lib/python3.14/site-packages/pygments/lexers/_lilypond_builtins.py
pygments/usr/lib/python3.14/site-packages/pygments/lexers/_scilab_builtins.py
pygments/usr/lib/python3.14/site-packages/pygments/lexers/tact.py
pygments/usr/lib/python3.14/site-packages/pygments/lexers/verifpal.py
pygments/usr/lib/python3.14/site-packages/pygments/lexers/webassembly.py
pygments/usr/lib/python3.14/site-packages/pygments/lexers/ada.py
pygments/usr/lib/python3.14/site-packages/pygments/lexers/modula2.py
pygments/usr/lib/python3.14/site-packages/pygments/lexers/gsql.py
pygments/usr/lib/python3.14/site-packages/pygments/lexers/vyper.py
pygments/usr/lib/python3.14/site-packages/pygments/lexers/bqn.py
pygments/usr/lib/python3.14/site-packages/pygments/lexers/procfile.py
pygments/usr/lib/python3.14/site-packages/pygments/lexers/ml.py
pygments/usr/lib/python3.14/site-packages/pygments/lexers/meson.py
pygments/usr/lib/python3.14/site-packages/pygments/lexers/console.py
pygments/usr/lib/python3.14/site-packages/pygments/lexers/php.py
pygments/usr/lib/python3.14/site-packages/pygments/lexers/tal.py
pygments/usr/lib/python3.14/site-packages/pygments/lexers/_cocoa_builtins.py
pygments/usr/lib/python3.14/site-packages/pygments/lexers/basic.py
pygments/usr/lib/python3.14/site-packages/pygments/lexers/wren.py
pygments/usr/lib/python3.14/site-packages/pygments/lexers/arrow.py
pygments/usr/lib/python3.14/site-packages/pygments/lexers/func.py
pygments/usr/lib/python3.14/site-packages/pygments/lexers/hexdump.py
pygments/usr/lib/python3.14/site-packages/pygments/lexers/lisp.py
pygments/usr/lib/python3.14/site-packages/pygments/lexers/tls.py
pygments/usr/lib/python3.14/site-packages/pygments/lexers/sas.py
pygments/usr/lib/python3.14/site-packages/pygments/lexers/solidity.py
pygments/usr/lib/python3.14/site-packages/pygments/lexers/maple.py
pygments/usr/lib/python3.14/site-packages/pygments/lexers/berry.py
pygments/usr/lib/python3.14/site-packages/pygments/lexers/diff.py
pygments/usr/lib/python3.14/site-packages/pygments/lexers/_asy_builtins.py
pygments/usr/lib/python3.14/site-packages/pygments/lexers/clean.py
pygments/usr/lib/python3.14/site-packages/pygments/lexers/gdscript.py
pygments/usr/lib/python3.14/site-packages/pygments/lexers/jsx.py
pygments/usr/lib/python3.14/site-packages/pygments/lexers/maxima.py
pygments/usr/lib/python3.14/site-packages/pygments/lexers/graphics.py
pygments/usr/lib/python3.14/site-packages/pygments/lexers/smithy.py
pygments/usr/lib/python3.14/site-packages/pygments/lexers/pddl.py
pygments/usr/lib/python3.14/site-packages/pygments/lexers/web.py
pygments/usr/lib/python3.14/site-packages/pygments/lexers/nit.py
pygments/usr/lib/python3.14/site-packages/pygments/lexers/haxe.py
pygments/usr/lib/python3.14/site-packages/pygments/lexers/mime.py
pygments/usr/lib/python3.14/site-packages/pygments/lexers/cplint.py
pygments/usr/lib/python3.14/site-packages/pygments/lexers/graph.py
pygments/usr/lib/python3.14/site-packages/pygments/lexers/fortran.py
pygments/usr/lib/python3.14/site-packages/pygments/lexers/parsers.py
pygments/usr/lib/python3.14/site-packages/pygments/lexers/_php_builtins.py
pygments/usr/lib/python3.14/site-packages/pygments/lexers/business.py
pygments/usr/lib/python3.14/site-packages/pygments/lexers/ecl.py
pygments/usr/lib/python3.14/site-packages/pygments/lexers/_sourcemod_builtins.py
pygments/usr/lib/python3.14/site-packages/pygments/lexers/elm.py
pygments/usr/lib/python3.14/site-packages/pygments/lexers/css.py
pygments/usr/lib/python3.14/site-packages/pygments/lexers/apl.py
pygments/usr/lib/python3.14/site-packages/pygments/lexers/freefem.py
pygments/usr/lib/python3.14/site-packages/pygments/lexers/wowtoc.py
pygments/usr/lib/python3.14/site-packages/pygments/lexers/_googlesql_builtins.py
pygments/usr/lib/python3.14/site-packages/pygments/lexers/yang.py
pygments/usr/lib/python3.14/site-packages/pygments/lexers/_vbscript_builtins.py
pygments/usr/lib/python3.14/site-packages/pygments/lexers/templates.py
pygments/usr/lib/python3.14/site-packages/pygments/lexers/mojo.py
pygments/usr/lib/python3.14/site-packages/pygments/lexers/factor.py
pygments/usr/lib/python3.14/site-packages/pygments/lexers/mips.py
pygments/usr/lib/python3.14/site-packages/pygments/lexers/shell.py
pygments/usr/lib/python3.14/site-packages/pygments/lexers/promql.py
pygments/usr/lib/python3.14/site-packages/pygments/lexers/gcodelexer.py
pygments/usr/lib/python3.14/site-packages/pygments/lexers/_luau_builtins.py
pygments/usr/lib/python3.14/site-packages/pygments/lexers/actionscript.py
pygments/usr/lib/python3.14/site-packages/pygments/lexers/qvt.py
pygments/usr/lib/python3.14/site-packages/pygments/lexers/amdgpu.py
pygments/usr/lib/python3.14/site-packages/pygments/lexers/iolang.py
pygments/usr/lib/python3.14/site-packages/pygments/lexers/resource.py
pygments/usr/lib/python3.14/site-packages/pygments/lexers/boa.py
pygments/usr/lib/python3.14/site-packages/pygments/lexers/urbi.py
pygments/usr/lib/python3.14/site-packages/pygments/lexers/__init__.py
pygments/usr/lib/python3.14/site-packages/pygments/lexers/archetype.py
pygments/usr/lib/python3.14/site-packages/pygments/lexers/int_fiction.py
pygments/usr/lib/python3.14/site-packages/pygments/lexers/praat.py
pygments/usr/lib/python3.14/site-packages/pygments/lexers/sql.py
pygments/usr/lib/python3.14/site-packages/pygments/lexers/tnt.py
pygments/usr/lib/python3.14/site-packages/pygments/lexers/idl.py
pygments/usr/lib/python3.14/site-packages/pygments/lexers/_postgres_builtins.py
pygments/usr/lib/python3.14/site-packages/pygments/lexers/webidl.py
pygments/usr/lib/python3.14/site-packages/pygments/lexers/phix.py
pygments/usr/lib/python3.14/site-packages/pygments/lexers/ul4.py
pygments/usr/lib/python3.14/site-packages/pygments/lexers/openscad.py
pygments/usr/lib/python3.14/site-packages/pygments/lexers/jsonnet.py
pygments/usr/lib/python3.14/site-packages/pygments/lexers/rust.py
pygments/usr/lib/python3.14/site-packages/pygments/lexers/dalvik.py
pygments/usr/lib/python3.14/site-packages/pygments/lexers/markup.py
pygments/usr/lib/python3.14/site-packages/pygments/lexers/rebol.py
pygments/usr/lib/python3.14/site-packages/pygments/lexers/felix.py
pygments/usr/lib/python3.14/site-packages/pygments/lexers/cddl.py
pygments/usr/lib/python3.14/site-packages/pygments/lexers/pony.py
pygments/usr/lib/python3.14/site-packages/pygments/lexers/typoscript.py
pygments/usr/lib/python3.14/site-packages/pygments/lexers/scripting.py
pygments/usr/lib/python3.14/site-packages/pygments/lexers/mosel.py
pygments/usr/lib/python3.14/site-packages/pygments/lexers/elpi.py
pygments/usr/lib/python3.14/site-packages/pygments/lexers/gleam.py
pygments/usr/lib/python3.14/site-packages/pygments/lexers/inferno.py
pygments/usr/lib/python3.14/site-packages/pygments/lexers/automation.py
pygments/usr/lib/python3.14/site-packages/pygments/lexers/carbon.py
pygments/usr/lib/python3.14/site-packages/pygments/lexers/kusto.py
pygments/usr/lib/python3.14/site-packages/pygments/lexers/_lua_builtins.py
pygments/usr/lib/python3.14/site-packages/pygments/lexers/roboconf.py
pygments/usr/lib/python3.14/site-packages/pygments/lexers/robotframework.py
pygments/usr/lib/python3.14/site-packages/pygments/lexers/xorg.py
pygments/usr/lib/python3.14/site-packages/pygments/lexers/trafficscript.py
pygments/usr/lib/python3.14/site-packages/pygments/lexers/graphviz.py
pygments/usr/lib/python3.14/site-packages/pygments/lexers/rdf.py
pygments/usr/lib/python3.14/site-packages/pygments/lexers/spice.py
pygments/usr/lib/python3.14/site-packages/pygments/lexers/asn1.py
pygments/usr/lib/python3.14/site-packages/pygments/lexers/capnproto.py
pygments/usr/lib/python3.14/site-packages/pygments/lexers/csound.py
pygments/usr/lib/python3.14/site-packages/pygments/lexers/wgsl.py
pygments/usr/lib/python3.14/site-packages/pygments/lexers/hdl.py
pygments/usr/lib/python3.14/site-packages/pygments/lexers/asm.py
pygments/usr/lib/python3.14/site-packages/pygments/lexers/_stan_builtins.py
pygments/usr/lib/python3.14/site-packages/pygments/lexers/math.py
pygments/usr/lib/python3.14/site-packages/pygments/lexers/devicetree.py
pygments/usr/lib/python3.14/site-packages/pygments/lexers/minecraft.py
pygments/usr/lib/python3.14/site-packages/pygments/lexers/vip.py
pygments/usr/lib/python3.14/site-packages/pygments/lexers/sgf.py
pygments/usr/lib/python3.14/site-packages/pygments/lexers/rell.py
pygments/usr/lib/python3.14/site-packages/pygments/lexers/smv.py
pygments/usr/lib/python3.14/site-packages/pygments/lexers/q.py
pygments/usr/lib/python3.14/site-packages/pygments/lexers/installers.py
pygments/usr/lib/python3.14/site-packages/pygments/lexers/prql.py
pygments/usr/lib/python3.14/site-packages/pygments/lexers/srcinfo.py
pygments/usr/lib/python3.14/site-packages/pygments/lexers/bibtex.py
pygments/usr/lib/python3.14/site-packages/pygments/lexers/codeql.py
pygments/usr/lib/python3.14/site-packages/pygments/lexers/webmisc.py
pygments/usr/lib/python3.14/site-packages/pygments/lexers/ooc.py
pygments/usr/lib/python3.14/site-packages/pygments/lexers/asc.py
pygments/usr/lib/python3.14/site-packages/pygments/lexers/hare.py
pygments/usr/lib/python3.14/site-packages/pygments/lexers/lilypond.py
pygments/usr/lib/python3.14/site-packages/pygments/lexers/_cl_builtins.py
pygments/usr/lib/python3.14/site-packages/pygments/lexers/c_cpp.py
pygments/usr/lib/python3.14/site-packages/pygments/lexers/savi.py
pygments/usr/lib/python3.14/site-packages/pygments/lexers/dns.py
pygments/usr/lib/python3.14/site-packages/pygments/lexers/ruby.py
pygments/usr/lib/python3.14/site-packages/pygments/lexers/ldap.py
pygments/usr/lib/python3.14/site-packages/pygments/lexers/oberon.py
pygments/usr/lib/python3.14/site-packages/pygments/lexers/_mapping.py
pygments/usr/lib/python3.14/site-packages/pygments/lexers/bare.py
pygments/usr/lib/python3.14/site-packages/pygments/lexers/d.py
pygments/usr/lib/python3.14/site-packages/pygments/lexers/ptx.py
pygments/usr/lib/python3.14/site-packages/pygments/lexers/thingsdb.py
pygments/usr/lib/python3.14/site-packages/pygments/lexers/blueprint.py
pygments/usr/lib/python3.14/site-packages/pygments/lexers/smalltalk.py
pygments/usr/lib/python3.14/site-packages/pygments/lexers/javascript.py
pygments/usr/lib/python3.14/site-packages/pygments/lexers/dotnet.py
pygments/usr/lib/python3.14/site-packages/pygments/lexers/haskell.py
pygments/usr/lib/python3.14/site-packages/pygments/lexers/nix.py
pygments/usr/lib/python3.14/site-packages/pygments/lexers/special.py
pygments/usr/lib/python3.14/site-packages/pygments/lexers/apdlexer.py
pygments/usr/lib/python3.14/site-packages/pygments/lexers/bdd.py
pygments/usr/lib/python3.14/site-packages/pygments/lexers/tcl.py
pygments/usr/lib/python3.14/site-packages/pygments/lexers/ncl.py
pygments/usr/lib/python3.14/site-packages/pygments/lexers/modeling.py
pygments/usr/lib/python3.14/site-packages/pygments/lexers/futhark.py
pygments/usr/lib/python3.14/site-packages/pygments/lexers/kuin.py
pygments/usr/lib/python3.14/site-packages/pygments/lexers/matlab.py
pygments/usr/lib/python3.14/site-packages/pygments/lexers/chapel.py
pygments/usr/lib/python3.14/site-packages/pygments/lexers/rita.py
pygments/usr/lib/python3.14/site-packages/pygments/lexers/_mysql_builtins.py
pygments/usr/lib/python3.14/site-packages/pygments/lexers/_lasso_builtins.py
pygments/usr/lib/python3.14/site-packages/pygments/lexers/zig.py
pygments/usr/lib/python3.14/site-packages/pygments/lexers/textfmts.py
pygments/usr/lib/python3.14/site-packages/pygments/lexers/textedit.py
pygments/usr/lib/python3.14/site-packages/pygments/lexers/eiffel.py
pygments/usr/lib/python3.14/site-packages/pygments/lexers/prolog.py
pygments/usr/lib/python3.14/site-packages/pygments/lexers/r.py
pygments/usr/lib/python3.14/site-packages/pygments/lexers/_mql_builtins.py
pygments/usr/lib/python3.14/site-packages/pygments/lexers/perl.py
pygments/usr/lib/python3.14/site-packages/pygments/lexers/typst.py
pygments/usr/lib/python3.14/site-packages/pygments/lexers/comal.py
pygments/usr/lib/python3.14/site-packages/pygments/lexers/grammar_notation.py
pygments/usr/lib/python3.14/site-packages/pygments/lexers/crystal.py
pygments/usr/lib/python3.14/site-packages/pygments/lexers/functional.py
pygments/usr/lib/python3.14/site-packages/pygments/lexers/scdoc.py
pygments/usr/lib/python3.14/site-packages/pygments/lexers/ampl.py
pygments/usr/lib/python3.14/site-packages/pygments/lexers/ezhil.py
pygments/usr/lib/python3.14/site-packages/pygments/lexers/_vim_builtins.py
pygments/usr/lib/python3.14/site-packages/pygments/lexers/_css_builtins.py
pygments/usr/lib/python3.14/site-packages/pygments/lexers/whiley.py
pygments/usr/lib/python3.14/site-packages/pygments/lexers/json5.py
pygments/usr/lib/python3.14/site-packages/pygments/lexers/other.py
pygments/usr/lib/python3.14/site-packages/pygments/lexers/_usd_builtins.py
pygments/usr/lib/python3.14/site-packages/pygments/lexers/text.py
pygments/usr/lib/python3.14/site-packages/pygments/lexers/rnc.py
pygments/usr/lib/python3.14/site-packages/pygments/lexers/teal.py
pygments/usr/lib/python3.14/site-packages/pygments/lexers/compiled.py
pygments/usr/lib/python3.14/site-packages/pygments/lexers/configs.py
pygments/usr/lib/python3.14/site-packages/pygments/lexers/ambient.py
pygments/usr/lib/python3.14/site-packages/pygments/lexers/teraterm.py
pygments/usr/lib/python3.14/site-packages/pygments/lexers/python.py
pygments/usr/lib/python3.14/site-packages/pygments/lexers/julia.py
pygments/usr/lib/python3.14/site-packages/pygments/lexers/jvm.py
pygments/usr/lib/python3.14/site-packages/pygments/lexers/tlb.py
pygments/usr/lib/python3.14/site-packages/pygments/lexers/dsls.py
pygments/usr/lib/python3.14/site-packages/pygments/lexers/x10.py
pygments/usr/lib/python3.14/site-packages/pygments/lexers/fantom.py
pygments/usr/lib/python3.14/site-packages/pygments/lexers/jslt.py
pygments/usr/lib/python3.14/site-packages/pygments/lexers/unicon.py
pygments/usr/lib/python3.14/site-packages/pygments/lexers/pascal.py
pygments/usr/lib/python3.14/site-packages/pygments/lexers/_csound_builtins.py
pygments/usr/lib/python3.14/site-packages/pygments/lexers/tablegen.py
pygments/usr/lib/python3.14/site-packages/pygments/sphinxext.py
pygments/version
pygments/depends
pygments/make-depends
