--2025-12-22 17:49:26--  https://github.com/llvm/llvm-project/releases/download/llvmorg-21.1.8/libclc-21.1.8.src.tar.xz
Resolving github.com (github.com)... 140.82.112.3
Connecting to github.com (github.com)|140.82.112.3|:443... connected.
HTTP request sent, awaiting response... 302 Found
Location: https://release-assets.githubusercontent.com/github-production-release-asset/75821432/4250604b-b067-43bd-a246-dabf549f907b?sp=r&sv=2018-11-09&sr=b&spr=https&se=2025-12-22T18%3A36%3A07Z&rscd=attachment%3B+filename%3Dlibclc-21.1.8.src.tar.xz&rsct=application%2Foctet-stream&skoid=96c2d410-5711-43a1-aedd-ab1947aa7ab0&sktid=398a6654-997b-47e9-b12b-9515b896b4de&skt=2025-12-22T17%3A35%3A50Z&ske=2025-12-22T18%3A36%3A07Z&sks=b&skv=2018-11-09&sig=464i6xetRW%2BJ4wwCECmYvdWinY8tcJ2Tb4elh1%2B73Go%3D&jwt=eyJ0eXAiOiJKV1QiLCJhbGciOiJIUzI1NiJ9.eyJpc3MiOiJnaXRodWIuY29tIiwiYXVkIjoicmVsZWFzZS1hc3NldHMuZ2l0aHVidXNlcmNvbnRlbnQuY29tIiwia2V5Ijoia2V5MSIsImV4cCI6MTc2NjQyNjA2NiwibmJmIjoxNzY2NDI1NzY2LCJwYXRoIjoicmVsZWFzZWFzc2V0cHJvZHVjdGlvbi5ibG9iLmNvcmUud2luZG93cy5uZXQifQ.2WBpdQIbTGXy5lBElTyJoP7gt6sA9wbDGbMz0pBMXno&response-content-disposition=attachment%3B%20filename%3Dlibclc-21.1.8.src.tar.xz&response-content-type=application%2Foctet-stream [following]
--2025-12-22 17:49:26--  https://release-assets.githubusercontent.com/github-production-release-asset/75821432/4250604b-b067-43bd-a246-dabf549f907b?sp=r&sv=2018-11-09&sr=b&spr=https&se=2025-12-22T18%3A36%3A07Z&rscd=attachment%3B+filename%3Dlibclc-21.1.8.src.tar.xz&rsct=application%2Foctet-stream&skoid=96c2d410-5711-43a1-aedd-ab1947aa7ab0&sktid=398a6654-997b-47e9-b12b-9515b896b4de&skt=2025-12-22T17%3A35%3A50Z&ske=2025-12-22T18%3A36%3A07Z&sks=b&skv=2018-11-09&sig=464i6xetRW%2BJ4wwCECmYvdWinY8tcJ2Tb4elh1%2B73Go%3D&jwt=eyJ0eXAiOiJKV1QiLCJhbGciOiJIUzI1NiJ9.eyJpc3MiOiJnaXRodWIuY29tIiwiYXVkIjoicmVsZWFzZS1hc3NldHMuZ2l0aHVidXNlcmNvbnRlbnQuY29tIiwia2V5Ijoia2V5MSIsImV4cCI6MTc2NjQyNjA2NiwibmJmIjoxNzY2NDI1NzY2LCJwYXRoIjoicmVsZWFzZWFzc2V0cHJvZHVjdGlvbi5ibG9iLmNvcmUud2luZG93cy5uZXQifQ.2WBpdQIbTGXy5lBElTyJoP7gt6sA9wbDGbMz0pBMXno&response-content-disposition=attachment%3B%20filename%3Dlibclc-21.1.8.src.tar.xz&response-content-type=application%2Foctet-stream
Resolving release-assets.githubusercontent.com (release-assets.githubusercontent.com)... 185.199.110.133, 185.199.109.133, 185.199.108.133, ...
Connecting to release-assets.githubusercontent.com (release-assets.githubusercontent.com)|185.199.110.133|:443... connected.
HTTP request sent, awaiting response... 200 OK
Length: 149764 (146K) [application/octet-stream]
Saving to: ‘libclc-21.1.8.src.tar.xz’

     0K .......... .......... .......... .......... .......... 34% 16.0M 0s
    50K .......... .......... .......... .......... .......... 68% 6.31M 0s
   100K .......... .......... .......... .......... ......    100% 94.1M=0.01s

2025-12-22 17:49:26 (12.7 MB/s) - ‘libclc-21.1.8.src.tar.xz’ saved [149764/149764]

libclc-21.1.8.src/
libclc-21.1.8.src/CMakeLists.txt
libclc-21.1.8.src/CREDITS.TXT
libclc-21.1.8.src/LICENSE.TXT
libclc-21.1.8.src/Maintainers.md
libclc-21.1.8.src/README.md
libclc-21.1.8.src/check_external_calls.sh
libclc-21.1.8.src/clc/
libclc-21.1.8.src/clc/include/
libclc-21.1.8.src/clc/include/clc/
libclc-21.1.8.src/clc/include/clc/async/
libclc-21.1.8.src/clc/include/clc/async/clc_prefetch.h
libclc-21.1.8.src/clc/include/clc/async/clc_prefetch.inc
libclc-21.1.8.src/clc/include/clc/clc_as_type.h
libclc-21.1.8.src/clc/include/clc/clc_convert.h
libclc-21.1.8.src/clc/include/clc/clcfunc.h
libclc-21.1.8.src/clc/include/clc/clcmacro.h
libclc-21.1.8.src/clc/include/clc/clctypes.h
libclc-21.1.8.src/clc/include/clc/common/
libclc-21.1.8.src/clc/include/clc/common/clc_degrees.h
libclc-21.1.8.src/clc/include/clc/common/clc_radians.h
libclc-21.1.8.src/clc/include/clc/common/clc_sign.h
libclc-21.1.8.src/clc/include/clc/common/clc_smoothstep.h
libclc-21.1.8.src/clc/include/clc/common/clc_smoothstep.inc
libclc-21.1.8.src/clc/include/clc/common/clc_step.h
libclc-21.1.8.src/clc/include/clc/float/
libclc-21.1.8.src/clc/include/clc/float/definitions.h
libclc-21.1.8.src/clc/include/clc/geometric/
libclc-21.1.8.src/clc/include/clc/geometric/binary_decl.inc
libclc-21.1.8.src/clc/include/clc/geometric/binary_def.inc
libclc-21.1.8.src/clc/include/clc/geometric/clc_cross.h
libclc-21.1.8.src/clc/include/clc/geometric/clc_distance.h
libclc-21.1.8.src/clc/include/clc/geometric/clc_dot.h
libclc-21.1.8.src/clc/include/clc/geometric/clc_fast_distance.h
libclc-21.1.8.src/clc/include/clc/geometric/clc_fast_length.h
libclc-21.1.8.src/clc/include/clc/geometric/clc_fast_normalize.h
libclc-21.1.8.src/clc/include/clc/geometric/clc_length.h
libclc-21.1.8.src/clc/include/clc/geometric/clc_normalize.h
libclc-21.1.8.src/clc/include/clc/geometric/unary_decl.inc
libclc-21.1.8.src/clc/include/clc/geometric/unary_def.inc
libclc-21.1.8.src/clc/include/clc/integer/
libclc-21.1.8.src/clc/include/clc/integer/clc_abs.h
libclc-21.1.8.src/clc/include/clc/integer/clc_abs.inc
libclc-21.1.8.src/clc/include/clc/integer/clc_abs_diff.h
libclc-21.1.8.src/clc/include/clc/integer/clc_abs_diff.inc
libclc-21.1.8.src/clc/include/clc/integer/clc_add_sat.h
libclc-21.1.8.src/clc/include/clc/integer/clc_clz.h
libclc-21.1.8.src/clc/include/clc/integer/clc_ctz.h
libclc-21.1.8.src/clc/include/clc/integer/clc_hadd.h
libclc-21.1.8.src/clc/include/clc/integer/clc_mad24.h
libclc-21.1.8.src/clc/include/clc/integer/clc_mad_hi.h
libclc-21.1.8.src/clc/include/clc/integer/clc_mad_sat.h
libclc-21.1.8.src/clc/include/clc/integer/clc_mul24.h
libclc-21.1.8.src/clc/include/clc/integer/clc_mul_hi.h
libclc-21.1.8.src/clc/include/clc/integer/clc_popcount.h
libclc-21.1.8.src/clc/include/clc/integer/clc_rhadd.h
libclc-21.1.8.src/clc/include/clc/integer/clc_rotate.h
libclc-21.1.8.src/clc/include/clc/integer/clc_sub_sat.h
libclc-21.1.8.src/clc/include/clc/integer/clc_upsample.h
libclc-21.1.8.src/clc/include/clc/integer/definitions.h
libclc-21.1.8.src/clc/include/clc/integer/gentype.inc
libclc-21.1.8.src/clc/include/clc/integer/gentype24.inc
libclc-21.1.8.src/clc/include/clc/internal/
libclc-21.1.8.src/clc/include/clc/internal/clc.h
libclc-21.1.8.src/clc/include/clc/internal/math/
libclc-21.1.8.src/clc/include/clc/internal/math/clc_sw_fma.h
libclc-21.1.8.src/clc/include/clc/math/
libclc-21.1.8.src/clc/include/clc/math/binary_decl_with_scalar_second_arg.inc
libclc-21.1.8.src/clc/include/clc/math/binary_def_via_fp32.inc
libclc-21.1.8.src/clc/include/clc/math/clc_acos.h
libclc-21.1.8.src/clc/include/clc/math/clc_acosh.h
libclc-21.1.8.src/clc/include/clc/math/clc_acospi.h
libclc-21.1.8.src/clc/include/clc/math/clc_asin.h
libclc-21.1.8.src/clc/include/clc/math/clc_asinh.h
libclc-21.1.8.src/clc/include/clc/math/clc_asinpi.h
libclc-21.1.8.src/clc/include/clc/math/clc_atan.h
libclc-21.1.8.src/clc/include/clc/math/clc_atan2.h
libclc-21.1.8.src/clc/include/clc/math/clc_atan2pi.h
libclc-21.1.8.src/clc/include/clc/math/clc_atanh.h
libclc-21.1.8.src/clc/include/clc/math/clc_atanpi.h
libclc-21.1.8.src/clc/include/clc/math/clc_cbrt.inc
libclc-21.1.8.src/clc/include/clc/math/clc_ceil.h
libclc-21.1.8.src/clc/include/clc/math/clc_copysign.h
libclc-21.1.8.src/clc/include/clc/math/clc_cos.h
libclc-21.1.8.src/clc/include/clc/math/clc_cosh.h
libclc-21.1.8.src/clc/include/clc/math/clc_cospi.h
libclc-21.1.8.src/clc/include/clc/math/clc_ep_log.h
libclc-21.1.8.src/clc/include/clc/math/clc_ep_log.inc
libclc-21.1.8.src/clc/include/clc/math/clc_erf.h
libclc-21.1.8.src/clc/include/clc/math/clc_erfc.h
libclc-21.1.8.src/clc/include/clc/math/clc_exp.h
libclc-21.1.8.src/clc/include/clc/math/clc_exp10.h
libclc-21.1.8.src/clc/include/clc/math/clc_exp2.h
libclc-21.1.8.src/clc/include/clc/math/clc_exp_helper.h
libclc-21.1.8.src/clc/include/clc/math/clc_exp_helper.inc
libclc-21.1.8.src/clc/include/clc/math/clc_expm1.h
libclc-21.1.8.src/clc/include/clc/math/clc_fabs.h
libclc-21.1.8.src/clc/include/clc/math/clc_fdim.h
libclc-21.1.8.src/clc/include/clc/math/clc_floor.h
libclc-21.1.8.src/clc/include/clc/math/clc_fma.h
libclc-21.1.8.src/clc/include/clc/math/clc_fmax.h
libclc-21.1.8.src/clc/include/clc/math/clc_fmin.h
libclc-21.1.8.src/clc/include/clc/math/clc_fmod.h
libclc-21.1.8.src/clc/include/clc/math/clc_fract.h
libclc-21.1.8.src/clc/include/clc/math/clc_frexp.h
libclc-21.1.8.src/clc/include/clc/math/clc_half_cos.h
libclc-21.1.8.src/clc/include/clc/math/clc_half_divide.h
libclc-21.1.8.src/clc/include/clc/math/clc_half_exp.h
libclc-21.1.8.src/clc/include/clc/math/clc_half_exp10.h
libclc-21.1.8.src/clc/include/clc/math/clc_half_exp2.h
libclc-21.1.8.src/clc/include/clc/math/clc_half_log.h
libclc-21.1.8.src/clc/include/clc/math/clc_half_log10.h
libclc-21.1.8.src/clc/include/clc/math/clc_half_log2.h
libclc-21.1.8.src/clc/include/clc/math/clc_half_powr.h
libclc-21.1.8.src/clc/include/clc/math/clc_half_recip.h
libclc-21.1.8.src/clc/include/clc/math/clc_half_rsqrt.h
libclc-21.1.8.src/clc/include/clc/math/clc_half_sin.h
libclc-21.1.8.src/clc/include/clc/math/clc_half_sqrt.h
libclc-21.1.8.src/clc/include/clc/math/clc_half_tan.h
libclc-21.1.8.src/clc/include/clc/math/clc_hypot.h
libclc-21.1.8.src/clc/include/clc/math/clc_ilogb.h
libclc-21.1.8.src/clc/include/clc/math/clc_ldexp.h
libclc-21.1.8.src/clc/include/clc/math/clc_ldexp.inc
libclc-21.1.8.src/clc/include/clc/math/clc_lgamma.h
libclc-21.1.8.src/clc/include/clc/math/clc_lgamma_r.h
libclc-21.1.8.src/clc/include/clc/math/clc_log.h
libclc-21.1.8.src/clc/include/clc/math/clc_log10.h
libclc-21.1.8.src/clc/include/clc/math/clc_log1p.h
libclc-21.1.8.src/clc/include/clc/math/clc_log2.h
libclc-21.1.8.src/clc/include/clc/math/clc_logb.h
libclc-21.1.8.src/clc/include/clc/math/clc_mad.h
libclc-21.1.8.src/clc/include/clc/math/clc_maxmag.h
libclc-21.1.8.src/clc/include/clc/math/clc_minmag.h
libclc-21.1.8.src/clc/include/clc/math/clc_modf.h
libclc-21.1.8.src/clc/include/clc/math/clc_nan.h
libclc-21.1.8.src/clc/include/clc/math/clc_nan.inc
libclc-21.1.8.src/clc/include/clc/math/clc_native_cos.h
libclc-21.1.8.src/clc/include/clc/math/clc_native_divide.h
libclc-21.1.8.src/clc/include/clc/math/clc_native_exp.h
libclc-21.1.8.src/clc/include/clc/math/clc_native_exp10.h
libclc-21.1.8.src/clc/include/clc/math/clc_native_exp2.h
libclc-21.1.8.src/clc/include/clc/math/clc_native_log.h
libclc-21.1.8.src/clc/include/clc/math/clc_native_log10.h
libclc-21.1.8.src/clc/include/clc/math/clc_native_log2.h
libclc-21.1.8.src/clc/include/clc/math/clc_native_powr.h
libclc-21.1.8.src/clc/include/clc/math/clc_native_recip.h
libclc-21.1.8.src/clc/include/clc/math/clc_native_rsqrt.h
libclc-21.1.8.src/clc/include/clc/math/clc_native_sin.h
libclc-21.1.8.src/clc/include/clc/math/clc_native_sqrt.h
libclc-21.1.8.src/clc/include/clc/math/clc_native_tan.h
libclc-21.1.8.src/clc/include/clc/math/clc_nextafter.h
libclc-21.1.8.src/clc/include/clc/math/clc_pow.h
libclc-21.1.8.src/clc/include/clc/math/clc_pown.h
libclc-21.1.8.src/clc/include/clc/math/clc_powr.h
libclc-21.1.8.src/clc/include/clc/math/clc_remainder.h
libclc-21.1.8.src/clc/include/clc/math/clc_remquo.h
libclc-21.1.8.src/clc/include/clc/math/clc_rint.h
libclc-21.1.8.src/clc/include/clc/math/clc_rootn.h
libclc-21.1.8.src/clc/include/clc/math/clc_round.h
libclc-21.1.8.src/clc/include/clc/math/clc_rsqrt.h
libclc-21.1.8.src/clc/include/clc/math/clc_sin.h
libclc-21.1.8.src/clc/include/clc/math/clc_sincos.h
libclc-21.1.8.src/clc/include/clc/math/clc_sincos_helpers.h
libclc-21.1.8.src/clc/include/clc/math/clc_sincos_helpers.inc
libclc-21.1.8.src/clc/include/clc/math/clc_sincos_helpers_fp64.inc
libclc-21.1.8.src/clc/include/clc/math/clc_sincos_piby4.h
libclc-21.1.8.src/clc/include/clc/math/clc_sincos_piby4.inc
libclc-21.1.8.src/clc/include/clc/math/clc_sinh.h
libclc-21.1.8.src/clc/include/clc/math/clc_sinpi.h
libclc-21.1.8.src/clc/include/clc/math/clc_sqrt.h
libclc-21.1.8.src/clc/include/clc/math/clc_subnormal_config.h
libclc-21.1.8.src/clc/include/clc/math/clc_tan.h
libclc-21.1.8.src/clc/include/clc/math/clc_tanh.h
libclc-21.1.8.src/clc/include/clc/math/clc_tanpi.h
libclc-21.1.8.src/clc/include/clc/math/clc_tgamma.h
libclc-21.1.8.src/clc/include/clc/math/clc_trunc.h
libclc-21.1.8.src/clc/include/clc/math/gentype.inc
libclc-21.1.8.src/clc/include/clc/math/math.h
libclc-21.1.8.src/clc/include/clc/math/remquo_decl.inc
libclc-21.1.8.src/clc/include/clc/math/tables.h
libclc-21.1.8.src/clc/include/clc/math/unary_decl.inc
libclc-21.1.8.src/clc/include/clc/math/unary_decl_with_int_ptr.inc
libclc-21.1.8.src/clc/include/clc/math/unary_decl_with_int_return.inc
libclc-21.1.8.src/clc/include/clc/math/unary_decl_with_ptr.inc
libclc-21.1.8.src/clc/include/clc/math/unary_def_via_fp32.inc
libclc-21.1.8.src/clc/include/clc/math/unary_def_with_int_ptr.inc
libclc-21.1.8.src/clc/include/clc/math/unary_def_with_int_return.inc
libclc-21.1.8.src/clc/include/clc/math/unary_def_with_ptr.inc
libclc-21.1.8.src/clc/include/clc/misc/
libclc-21.1.8.src/clc/include/clc/misc/clc_shuffle.h
libclc-21.1.8.src/clc/include/clc/misc/clc_shuffle2.h
libclc-21.1.8.src/clc/include/clc/misc/shuffle2_decl.inc
libclc-21.1.8.src/clc/include/clc/misc/shuffle2_def.inc
libclc-21.1.8.src/clc/include/clc/misc/shuffle_decl.inc
libclc-21.1.8.src/clc/include/clc/misc/shuffle_def.inc
libclc-21.1.8.src/clc/include/clc/relational/
libclc-21.1.8.src/clc/include/clc/relational/binary_decl.inc
libclc-21.1.8.src/clc/include/clc/relational/clc_all.h
libclc-21.1.8.src/clc/include/clc/relational/clc_any.h
libclc-21.1.8.src/clc/include/clc/relational/clc_bitselect.h
libclc-21.1.8.src/clc/include/clc/relational/clc_bitselect.inc
libclc-21.1.8.src/clc/include/clc/relational/clc_isequal.h
libclc-21.1.8.src/clc/include/clc/relational/clc_isfinite.h
libclc-21.1.8.src/clc/include/clc/relational/clc_isgreater.h
libclc-21.1.8.src/clc/include/clc/relational/clc_isgreaterequal.h
libclc-21.1.8.src/clc/include/clc/relational/clc_isinf.h
libclc-21.1.8.src/clc/include/clc/relational/clc_isless.h
libclc-21.1.8.src/clc/include/clc/relational/clc_islessequal.h
libclc-21.1.8.src/clc/include/clc/relational/clc_islessgreater.h
libclc-21.1.8.src/clc/include/clc/relational/clc_isnan.h
libclc-21.1.8.src/clc/include/clc/relational/clc_isnormal.h
libclc-21.1.8.src/clc/include/clc/relational/clc_isnotequal.h
libclc-21.1.8.src/clc/include/clc/relational/clc_isordered.h
libclc-21.1.8.src/clc/include/clc/relational/clc_isunordered.h
libclc-21.1.8.src/clc/include/clc/relational/clc_select.h
libclc-21.1.8.src/clc/include/clc/relational/clc_select_decl.inc
libclc-21.1.8.src/clc/include/clc/relational/clc_select_impl.inc
libclc-21.1.8.src/clc/include/clc/relational/clc_signbit.h
libclc-21.1.8.src/clc/include/clc/relational/floatn.inc
libclc-21.1.8.src/clc/include/clc/relational/relational.h
libclc-21.1.8.src/clc/include/clc/relational/unary_decl.inc
libclc-21.1.8.src/clc/include/clc/shared/
libclc-21.1.8.src/clc/include/clc/shared/binary_decl.inc
libclc-21.1.8.src/clc/include/clc/shared/binary_decl_with_int_second_arg.inc
libclc-21.1.8.src/clc/include/clc/shared/binary_decl_with_scalar_second_arg.inc
libclc-21.1.8.src/clc/include/clc/shared/binary_def.inc
libclc-21.1.8.src/clc/include/clc/shared/binary_def_scalarize.inc
libclc-21.1.8.src/clc/include/clc/shared/binary_def_with_int_second_arg.inc
libclc-21.1.8.src/clc/include/clc/shared/binary_def_with_scalar_second_arg.inc
libclc-21.1.8.src/clc/include/clc/shared/clc_clamp.h
libclc-21.1.8.src/clc/include/clc/shared/clc_clamp.inc
libclc-21.1.8.src/clc/include/clc/shared/clc_less_aligned_types.h
libclc-21.1.8.src/clc/include/clc/shared/clc_less_aligned_types.inc
libclc-21.1.8.src/clc/include/clc/shared/clc_max.h
libclc-21.1.8.src/clc/include/clc/shared/clc_max.inc
libclc-21.1.8.src/clc/include/clc/shared/clc_min.h
libclc-21.1.8.src/clc/include/clc/shared/clc_min.inc
libclc-21.1.8.src/clc/include/clc/shared/clc_vload.h
libclc-21.1.8.src/clc/include/clc/shared/clc_vload.inc
libclc-21.1.8.src/clc/include/clc/shared/clc_vstore.h
libclc-21.1.8.src/clc/include/clc/shared/clc_vstore.inc
libclc-21.1.8.src/clc/include/clc/shared/ternary_decl.inc
libclc-21.1.8.src/clc/include/clc/shared/ternary_def.inc
libclc-21.1.8.src/clc/include/clc/shared/ternary_def_scalarize.inc
libclc-21.1.8.src/clc/include/clc/shared/unary_decl.inc
libclc-21.1.8.src/clc/include/clc/shared/unary_def.inc
libclc-21.1.8.src/clc/include/clc/shared/unary_def_scalarize.inc
libclc-21.1.8.src/clc/include/clc/utils.h
libclc-21.1.8.src/clc/include/clc/workitem/
libclc-21.1.8.src/clc/include/clc/workitem/clc_get_global_id.h
libclc-21.1.8.src/clc/include/clc/workitem/clc_get_global_offset.h
libclc-21.1.8.src/clc/include/clc/workitem/clc_get_global_size.h
libclc-21.1.8.src/clc/include/clc/workitem/clc_get_group_id.h
libclc-21.1.8.src/clc/include/clc/workitem/clc_get_local_id.h
libclc-21.1.8.src/clc/include/clc/workitem/clc_get_local_linear_id.h
libclc-21.1.8.src/clc/include/clc/workitem/clc_get_local_size.h
libclc-21.1.8.src/clc/include/clc/workitem/clc_get_max_sub_group_size.h
libclc-21.1.8.src/clc/include/clc/workitem/clc_get_num_groups.h
libclc-21.1.8.src/clc/include/clc/workitem/clc_get_num_sub_groups.h
libclc-21.1.8.src/clc/include/clc/workitem/clc_get_sub_group_id.h
libclc-21.1.8.src/clc/include/clc/workitem/clc_get_sub_group_local_id.h
libclc-21.1.8.src/clc/include/clc/workitem/clc_get_sub_group_size.h
libclc-21.1.8.src/clc/include/clc/workitem/clc_get_work_dim.h
libclc-21.1.8.src/clc/lib/
libclc-21.1.8.src/clc/lib/amdgcn/
libclc-21.1.8.src/clc/lib/amdgcn/SOURCES
libclc-21.1.8.src/clc/lib/amdgcn/math/
libclc-21.1.8.src/clc/lib/amdgcn/math/clc_fmax.cl
libclc-21.1.8.src/clc/lib/amdgcn/math/clc_fmin.cl
libclc-21.1.8.src/clc/lib/amdgcn/math/clc_ldexp_override.cl
libclc-21.1.8.src/clc/lib/amdgcn/workitem/
libclc-21.1.8.src/clc/lib/amdgcn/workitem/clc_get_global_offset.cl
libclc-21.1.8.src/clc/lib/amdgcn/workitem/clc_get_global_size.cl
libclc-21.1.8.src/clc/lib/amdgcn/workitem/clc_get_group_id.cl
libclc-21.1.8.src/clc/lib/amdgcn/workitem/clc_get_local_id.cl
libclc-21.1.8.src/clc/lib/amdgcn/workitem/clc_get_work_dim.cl
libclc-21.1.8.src/clc/lib/amdgpu/
libclc-21.1.8.src/clc/lib/amdgpu/SOURCES
libclc-21.1.8.src/clc/lib/amdgpu/math/
libclc-21.1.8.src/clc/lib/amdgpu/math/clc_half_exp.cl
libclc-21.1.8.src/clc/lib/amdgpu/math/clc_half_exp10.cl
libclc-21.1.8.src/clc/lib/amdgpu/math/clc_half_exp2.cl
libclc-21.1.8.src/clc/lib/amdgpu/math/clc_half_log.cl
libclc-21.1.8.src/clc/lib/amdgpu/math/clc_half_log10.cl
libclc-21.1.8.src/clc/lib/amdgpu/math/clc_half_log2.cl
libclc-21.1.8.src/clc/lib/amdgpu/math/clc_half_native_unary.inc
libclc-21.1.8.src/clc/lib/amdgpu/math/clc_half_recip.cl
libclc-21.1.8.src/clc/lib/amdgpu/math/clc_half_rsqrt.cl
libclc-21.1.8.src/clc/lib/amdgpu/math/clc_half_sqrt.cl
libclc-21.1.8.src/clc/lib/amdgpu/math/clc_native_exp.cl
libclc-21.1.8.src/clc/lib/amdgpu/math/clc_native_exp.inc
libclc-21.1.8.src/clc/lib/amdgpu/math/clc_native_exp2.cl
libclc-21.1.8.src/clc/lib/amdgpu/math/clc_native_log10.cl
libclc-21.1.8.src/clc/lib/amdgpu/math/clc_native_log10.inc
libclc-21.1.8.src/clc/lib/amdgpu/math/clc_sqrt_fp64.cl
libclc-21.1.8.src/clc/lib/clspv/
libclc-21.1.8.src/clc/lib/clspv/SOURCES
libclc-21.1.8.src/clc/lib/clspv/integer/
libclc-21.1.8.src/clc/lib/clspv/integer/clc_mul_hi.cl
libclc-21.1.8.src/clc/lib/clspv/math/
libclc-21.1.8.src/clc/lib/clspv/math/clc_sw_fma.cl
libclc-21.1.8.src/clc/lib/generic/
libclc-21.1.8.src/clc/lib/generic/SOURCES
libclc-21.1.8.src/clc/lib/generic/async/
libclc-21.1.8.src/clc/lib/generic/async/clc_prefetch.cl
libclc-21.1.8.src/clc/lib/generic/async/clc_prefetch.inc
libclc-21.1.8.src/clc/lib/generic/common/
libclc-21.1.8.src/clc/lib/generic/common/clc_degrees.cl
libclc-21.1.8.src/clc/lib/generic/common/clc_radians.cl
libclc-21.1.8.src/clc/lib/generic/common/clc_sign.cl
libclc-21.1.8.src/clc/lib/generic/common/clc_sign.inc
libclc-21.1.8.src/clc/lib/generic/common/clc_smoothstep.cl
libclc-21.1.8.src/clc/lib/generic/common/clc_step.cl
libclc-21.1.8.src/clc/lib/generic/common/clc_step.inc
libclc-21.1.8.src/clc/lib/generic/geometric/
libclc-21.1.8.src/clc/lib/generic/geometric/clc_cross.cl
libclc-21.1.8.src/clc/lib/generic/geometric/clc_cross.inc
libclc-21.1.8.src/clc/lib/generic/geometric/clc_distance.cl
libclc-21.1.8.src/clc/lib/generic/geometric/clc_distance.inc
libclc-21.1.8.src/clc/lib/generic/geometric/clc_dot.cl
libclc-21.1.8.src/clc/lib/generic/geometric/clc_dot.inc
libclc-21.1.8.src/clc/lib/generic/geometric/clc_fast_distance.cl
libclc-21.1.8.src/clc/lib/generic/geometric/clc_fast_distance.inc
libclc-21.1.8.src/clc/lib/generic/geometric/clc_fast_length.cl
libclc-21.1.8.src/clc/lib/generic/geometric/clc_fast_normalize.cl
libclc-21.1.8.src/clc/lib/generic/geometric/clc_fast_normalize.inc
libclc-21.1.8.src/clc/lib/generic/geometric/clc_length.cl
libclc-21.1.8.src/clc/lib/generic/geometric/clc_length.inc
libclc-21.1.8.src/clc/lib/generic/geometric/clc_normalize.cl
libclc-21.1.8.src/clc/lib/generic/geometric/clc_normalize.inc
libclc-21.1.8.src/clc/lib/generic/integer/
libclc-21.1.8.src/clc/lib/generic/integer/clc_abs.cl
libclc-21.1.8.src/clc/lib/generic/integer/clc_abs.inc
libclc-21.1.8.src/clc/lib/generic/integer/clc_abs_diff.cl
libclc-21.1.8.src/clc/lib/generic/integer/clc_abs_diff.inc
libclc-21.1.8.src/clc/lib/generic/integer/clc_add_sat.cl
libclc-21.1.8.src/clc/lib/generic/integer/clc_clz.cl
libclc-21.1.8.src/clc/lib/generic/integer/clc_ctz.cl
libclc-21.1.8.src/clc/lib/generic/integer/clc_hadd.cl
libclc-21.1.8.src/clc/lib/generic/integer/clc_hadd.inc
libclc-21.1.8.src/clc/lib/generic/integer/clc_mad24.cl
libclc-21.1.8.src/clc/lib/generic/integer/clc_mad24.inc
libclc-21.1.8.src/clc/lib/generic/integer/clc_mad_sat.cl
libclc-21.1.8.src/clc/lib/generic/integer/clc_mul24.cl
libclc-21.1.8.src/clc/lib/generic/integer/clc_mul24.inc
libclc-21.1.8.src/clc/lib/generic/integer/clc_mul_hi.cl
libclc-21.1.8.src/clc/lib/generic/integer/clc_popcount.cl
libclc-21.1.8.src/clc/lib/generic/integer/clc_rhadd.cl
libclc-21.1.8.src/clc/lib/generic/integer/clc_rhadd.inc
libclc-21.1.8.src/clc/lib/generic/integer/clc_rotate.cl
libclc-21.1.8.src/clc/lib/generic/integer/clc_rotate.inc
libclc-21.1.8.src/clc/lib/generic/integer/clc_sub_sat.cl
libclc-21.1.8.src/clc/lib/generic/integer/clc_upsample.cl
libclc-21.1.8.src/clc/lib/generic/math/
libclc-21.1.8.src/clc/lib/generic/math/clc_acos.cl
libclc-21.1.8.src/clc/lib/generic/math/clc_acos.inc
libclc-21.1.8.src/clc/lib/generic/math/clc_acosh.cl
libclc-21.1.8.src/clc/lib/generic/math/clc_acosh.inc
libclc-21.1.8.src/clc/lib/generic/math/clc_acospi.cl
libclc-21.1.8.src/clc/lib/generic/math/clc_acospi.inc
libclc-21.1.8.src/clc/lib/generic/math/clc_asin.cl
libclc-21.1.8.src/clc/lib/generic/math/clc_asin.inc
libclc-21.1.8.src/clc/lib/generic/math/clc_asinh.cl
libclc-21.1.8.src/clc/lib/generic/math/clc_asinh.inc
libclc-21.1.8.src/clc/lib/generic/math/clc_asinpi.cl
libclc-21.1.8.src/clc/lib/generic/math/clc_asinpi.inc
libclc-21.1.8.src/clc/lib/generic/math/clc_atan.cl
libclc-21.1.8.src/clc/lib/generic/math/clc_atan.inc
libclc-21.1.8.src/clc/lib/generic/math/clc_atan2.cl
libclc-21.1.8.src/clc/lib/generic/math/clc_atan2.inc
libclc-21.1.8.src/clc/lib/generic/math/clc_atan2pi.cl
libclc-21.1.8.src/clc/lib/generic/math/clc_atan2pi.inc
libclc-21.1.8.src/clc/lib/generic/math/clc_atanh.cl
libclc-21.1.8.src/clc/lib/generic/math/clc_atanh.inc
libclc-21.1.8.src/clc/lib/generic/math/clc_atanpi.cl
libclc-21.1.8.src/clc/lib/generic/math/clc_atanpi.inc
libclc-21.1.8.src/clc/lib/generic/math/clc_cbrt.cl
libclc-21.1.8.src/clc/lib/generic/math/clc_cbrt.inc
libclc-21.1.8.src/clc/lib/generic/math/clc_ceil.cl
libclc-21.1.8.src/clc/lib/generic/math/clc_copysign.cl
libclc-21.1.8.src/clc/lib/generic/math/clc_cos.cl
libclc-21.1.8.src/clc/lib/generic/math/clc_cos.inc
libclc-21.1.8.src/clc/lib/generic/math/clc_cosh.cl
libclc-21.1.8.src/clc/lib/generic/math/clc_cosh.inc
libclc-21.1.8.src/clc/lib/generic/math/clc_cospi.cl
libclc-21.1.8.src/clc/lib/generic/math/clc_cospi.inc
libclc-21.1.8.src/clc/lib/generic/math/clc_ep_log.cl
libclc-21.1.8.src/clc/lib/generic/math/clc_ep_log.inc
libclc-21.1.8.src/clc/lib/generic/math/clc_erf.cl
libclc-21.1.8.src/clc/lib/generic/math/clc_erfc.cl
libclc-21.1.8.src/clc/lib/generic/math/clc_exp.cl
libclc-21.1.8.src/clc/lib/generic/math/clc_exp.inc
libclc-21.1.8.src/clc/lib/generic/math/clc_exp10.cl
libclc-21.1.8.src/clc/lib/generic/math/clc_exp10.inc
libclc-21.1.8.src/clc/lib/generic/math/clc_exp2.cl
libclc-21.1.8.src/clc/lib/generic/math/clc_exp2.inc
libclc-21.1.8.src/clc/lib/generic/math/clc_exp_helper.cl
libclc-21.1.8.src/clc/lib/generic/math/clc_exp_helper.inc
libclc-21.1.8.src/clc/lib/generic/math/clc_expm1.cl
libclc-21.1.8.src/clc/lib/generic/math/clc_expm1.inc
libclc-21.1.8.src/clc/lib/generic/math/clc_fabs.cl
libclc-21.1.8.src/clc/lib/generic/math/clc_fdim.cl
libclc-21.1.8.src/clc/lib/generic/math/clc_fdim.inc
libclc-21.1.8.src/clc/lib/generic/math/clc_floor.cl
libclc-21.1.8.src/clc/lib/generic/math/clc_fma.cl
libclc-21.1.8.src/clc/lib/generic/math/clc_fma.inc
libclc-21.1.8.src/clc/lib/generic/math/clc_fmax.cl
libclc-21.1.8.src/clc/lib/generic/math/clc_fmin.cl
libclc-21.1.8.src/clc/lib/generic/math/clc_fmod.cl
libclc-21.1.8.src/clc/lib/generic/math/clc_fract.cl
libclc-21.1.8.src/clc/lib/generic/math/clc_fract.inc
libclc-21.1.8.src/clc/lib/generic/math/clc_frexp.cl
libclc-21.1.8.src/clc/lib/generic/math/clc_frexp.inc
libclc-21.1.8.src/clc/lib/generic/math/clc_half_cos.cl
libclc-21.1.8.src/clc/lib/generic/math/clc_half_divide.cl
libclc-21.1.8.src/clc/lib/generic/math/clc_half_divide.inc
libclc-21.1.8.src/clc/lib/generic/math/clc_half_exp.cl
libclc-21.1.8.src/clc/lib/generic/math/clc_half_exp10.cl
libclc-21.1.8.src/clc/lib/generic/math/clc_half_exp2.cl
libclc-21.1.8.src/clc/lib/generic/math/clc_half_log.cl
libclc-21.1.8.src/clc/lib/generic/math/clc_half_log10.cl
libclc-21.1.8.src/clc/lib/generic/math/clc_half_log2.cl
libclc-21.1.8.src/clc/lib/generic/math/clc_half_powr.cl
libclc-21.1.8.src/clc/lib/generic/math/clc_half_recip.cl
libclc-21.1.8.src/clc/lib/generic/math/clc_half_recip.inc
libclc-21.1.8.src/clc/lib/generic/math/clc_half_rsqrt.cl
libclc-21.1.8.src/clc/lib/generic/math/clc_half_sin.cl
libclc-21.1.8.src/clc/lib/generic/math/clc_half_sqrt.cl
libclc-21.1.8.src/clc/lib/generic/math/clc_half_tan.cl
libclc-21.1.8.src/clc/lib/generic/math/clc_hypot.cl
libclc-21.1.8.src/clc/lib/generic/math/clc_hypot.inc
libclc-21.1.8.src/clc/lib/generic/math/clc_ilogb.cl
libclc-21.1.8.src/clc/lib/generic/math/clc_ilogb.inc
libclc-21.1.8.src/clc/lib/generic/math/clc_ldexp.cl
libclc-21.1.8.src/clc/lib/generic/math/clc_lgamma.cl
libclc-21.1.8.src/clc/lib/generic/math/clc_lgamma.inc
libclc-21.1.8.src/clc/lib/generic/math/clc_lgamma_r.cl
libclc-21.1.8.src/clc/lib/generic/math/clc_lgamma_r.inc
libclc-21.1.8.src/clc/lib/generic/math/clc_log.cl
libclc-21.1.8.src/clc/lib/generic/math/clc_log10.cl
libclc-21.1.8.src/clc/lib/generic/math/clc_log1p.cl
libclc-21.1.8.src/clc/lib/generic/math/clc_log1p.inc
libclc-21.1.8.src/clc/lib/generic/math/clc_log2.cl
libclc-21.1.8.src/clc/lib/generic/math/clc_log_base.h
libclc-21.1.8.src/clc/lib/generic/math/clc_logb.cl
libclc-21.1.8.src/clc/lib/generic/math/clc_logb.inc
libclc-21.1.8.src/clc/lib/generic/math/clc_mad.cl
libclc-21.1.8.src/clc/lib/generic/math/clc_mad.inc
libclc-21.1.8.src/clc/lib/generic/math/clc_maxmag.cl
libclc-21.1.8.src/clc/lib/generic/math/clc_maxmag.inc
libclc-21.1.8.src/clc/lib/generic/math/clc_minmag.cl
libclc-21.1.8.src/clc/lib/generic/math/clc_minmag.inc
libclc-21.1.8.src/clc/lib/generic/math/clc_modf.cl
libclc-21.1.8.src/clc/lib/generic/math/clc_modf.inc
libclc-21.1.8.src/clc/lib/generic/math/clc_nan.cl
libclc-21.1.8.src/clc/lib/generic/math/clc_nan.inc
libclc-21.1.8.src/clc/lib/generic/math/clc_native_cos.cl
libclc-21.1.8.src/clc/lib/generic/math/clc_native_divide.cl
libclc-21.1.8.src/clc/lib/generic/math/clc_native_divide.inc
libclc-21.1.8.src/clc/lib/generic/math/clc_native_exp.cl
libclc-21.1.8.src/clc/lib/generic/math/clc_native_exp10.cl
libclc-21.1.8.src/clc/lib/generic/math/clc_native_exp10.inc
libclc-21.1.8.src/clc/lib/generic/math/clc_native_exp2.cl
libclc-21.1.8.src/clc/lib/generic/math/clc_native_log.cl
libclc-21.1.8.src/clc/lib/generic/math/clc_native_log10.cl
libclc-21.1.8.src/clc/lib/generic/math/clc_native_log2.cl
libclc-21.1.8.src/clc/lib/generic/math/clc_native_powr.cl
libclc-21.1.8.src/clc/lib/generic/math/clc_native_powr.inc
libclc-21.1.8.src/clc/lib/generic/math/clc_native_recip.cl
libclc-21.1.8.src/clc/lib/generic/math/clc_native_recip.inc
libclc-21.1.8.src/clc/lib/generic/math/clc_native_rsqrt.cl
libclc-21.1.8.src/clc/lib/generic/math/clc_native_rsqrt.inc
libclc-21.1.8.src/clc/lib/generic/math/clc_native_sin.cl
libclc-21.1.8.src/clc/lib/generic/math/clc_native_sqrt.cl
libclc-21.1.8.src/clc/lib/generic/math/clc_native_tan.cl
libclc-21.1.8.src/clc/lib/generic/math/clc_native_tan.inc
libclc-21.1.8.src/clc/lib/generic/math/clc_nextafter.cl
libclc-21.1.8.src/clc/lib/generic/math/clc_pow.cl
libclc-21.1.8.src/clc/lib/generic/math/clc_pow.inc
libclc-21.1.8.src/clc/lib/generic/math/clc_pown.cl
libclc-21.1.8.src/clc/lib/generic/math/clc_pown.inc
libclc-21.1.8.src/clc/lib/generic/math/clc_powr.cl
libclc-21.1.8.src/clc/lib/generic/math/clc_powr.inc
libclc-21.1.8.src/clc/lib/generic/math/clc_remainder.cl
libclc-21.1.8.src/clc/lib/generic/math/clc_remquo.cl
libclc-21.1.8.src/clc/lib/generic/math/clc_remquo.inc
libclc-21.1.8.src/clc/lib/generic/math/clc_rint.cl
libclc-21.1.8.src/clc/lib/generic/math/clc_rootn.cl
libclc-21.1.8.src/clc/lib/generic/math/clc_rootn.inc
libclc-21.1.8.src/clc/lib/generic/math/clc_round.cl
libclc-21.1.8.src/clc/lib/generic/math/clc_rsqrt.cl
libclc-21.1.8.src/clc/lib/generic/math/clc_rsqrt.inc
libclc-21.1.8.src/clc/lib/generic/math/clc_sin.cl
libclc-21.1.8.src/clc/lib/generic/math/clc_sin.inc
libclc-21.1.8.src/clc/lib/generic/math/clc_sincos.cl
libclc-21.1.8.src/clc/lib/generic/math/clc_sincos.inc
libclc-21.1.8.src/clc/lib/generic/math/clc_sincos_helpers.cl
libclc-21.1.8.src/clc/lib/generic/math/clc_sincos_helpers.inc
libclc-21.1.8.src/clc/lib/generic/math/clc_sincos_helpers_fp64.inc
libclc-21.1.8.src/clc/lib/generic/math/clc_sinh.cl
libclc-21.1.8.src/clc/lib/generic/math/clc_sinh.inc
libclc-21.1.8.src/clc/lib/generic/math/clc_sinpi.cl
libclc-21.1.8.src/clc/lib/generic/math/clc_sinpi.inc
libclc-21.1.8.src/clc/lib/generic/math/clc_sqrt.cl
libclc-21.1.8.src/clc/lib/generic/math/clc_sqrt.inc
libclc-21.1.8.src/clc/lib/generic/math/clc_sw_fma.cl
libclc-21.1.8.src/clc/lib/generic/math/clc_tables.cl
libclc-21.1.8.src/clc/lib/generic/math/clc_tan.cl
libclc-21.1.8.src/clc/lib/generic/math/clc_tan.inc
libclc-21.1.8.src/clc/lib/generic/math/clc_tanh.cl
libclc-21.1.8.src/clc/lib/generic/math/clc_tanh.inc
libclc-21.1.8.src/clc/lib/generic/math/clc_tanpi.cl
libclc-21.1.8.src/clc/lib/generic/math/clc_tanpi.inc
libclc-21.1.8.src/clc/lib/generic/math/clc_tgamma.cl
libclc-21.1.8.src/clc/lib/generic/math/clc_trunc.cl
libclc-21.1.8.src/clc/lib/generic/misc/
libclc-21.1.8.src/clc/lib/generic/misc/clc_shuffle.cl
libclc-21.1.8.src/clc/lib/generic/misc/clc_shuffle2.cl
libclc-21.1.8.src/clc/lib/generic/relational/
libclc-21.1.8.src/clc/lib/generic/relational/clc_all.cl
libclc-21.1.8.src/clc/lib/generic/relational/clc_any.cl
libclc-21.1.8.src/clc/lib/generic/relational/clc_bitselect.cl
libclc-21.1.8.src/clc/lib/generic/relational/clc_bitselect.inc
libclc-21.1.8.src/clc/lib/generic/relational/clc_isequal.cl
libclc-21.1.8.src/clc/lib/generic/relational/clc_isfinite.cl
libclc-21.1.8.src/clc/lib/generic/relational/clc_isgreater.cl
libclc-21.1.8.src/clc/lib/generic/relational/clc_isgreaterequal.cl
libclc-21.1.8.src/clc/lib/generic/relational/clc_isinf.cl
libclc-21.1.8.src/clc/lib/generic/relational/clc_isless.cl
libclc-21.1.8.src/clc/lib/generic/relational/clc_islessequal.cl
libclc-21.1.8.src/clc/lib/generic/relational/clc_islessgreater.cl
libclc-21.1.8.src/clc/lib/generic/relational/clc_isnan.cl
libclc-21.1.8.src/clc/lib/generic/relational/clc_isnormal.cl
libclc-21.1.8.src/clc/lib/generic/relational/clc_isnotequal.cl
libclc-21.1.8.src/clc/lib/generic/relational/clc_isordered.cl
libclc-21.1.8.src/clc/lib/generic/relational/clc_isunordered.cl
libclc-21.1.8.src/clc/lib/generic/relational/clc_select.cl
libclc-21.1.8.src/clc/lib/generic/relational/clc_signbit.cl
libclc-21.1.8.src/clc/lib/generic/shared/
libclc-21.1.8.src/clc/lib/generic/shared/clc_clamp.cl
libclc-21.1.8.src/clc/lib/generic/shared/clc_clamp.inc
libclc-21.1.8.src/clc/lib/generic/shared/clc_max.cl
libclc-21.1.8.src/clc/lib/generic/shared/clc_max.inc
libclc-21.1.8.src/clc/lib/generic/shared/clc_min.cl
libclc-21.1.8.src/clc/lib/generic/shared/clc_min.inc
libclc-21.1.8.src/clc/lib/generic/shared/clc_vload.cl
libclc-21.1.8.src/clc/lib/generic/shared/clc_vload_half.inc
libclc-21.1.8.src/clc/lib/generic/shared/clc_vstore.cl
libclc-21.1.8.src/clc/lib/generic/shared/clc_vstore_half.inc
libclc-21.1.8.src/clc/lib/generic/workitem/
libclc-21.1.8.src/clc/lib/generic/workitem/clc_get_local_linear_id.cl
libclc-21.1.8.src/clc/lib/generic/workitem/clc_get_num_sub_groups.cl
libclc-21.1.8.src/clc/lib/generic/workitem/clc_get_sub_group_id.cl
libclc-21.1.8.src/clc/lib/generic/workitem/clc_get_sub_group_size.cl
libclc-21.1.8.src/clc/lib/ptx-nvidiacl/
libclc-21.1.8.src/clc/lib/ptx-nvidiacl/SOURCES
libclc-21.1.8.src/clc/lib/ptx-nvidiacl/workitem/
libclc-21.1.8.src/clc/lib/ptx-nvidiacl/workitem/clc_get_global_id.cl
libclc-21.1.8.src/clc/lib/ptx-nvidiacl/workitem/clc_get_group_id.cl
libclc-21.1.8.src/clc/lib/ptx-nvidiacl/workitem/clc_get_local_id.cl
libclc-21.1.8.src/clc/lib/ptx-nvidiacl/workitem/clc_get_local_size.cl
libclc-21.1.8.src/clc/lib/ptx-nvidiacl/workitem/clc_get_max_sub_group_size.cl
libclc-21.1.8.src/clc/lib/ptx-nvidiacl/workitem/clc_get_num_groups.cl
libclc-21.1.8.src/clc/lib/ptx-nvidiacl/workitem/clc_get_sub_group_local_id.cl
libclc-21.1.8.src/clc/lib/r600/
libclc-21.1.8.src/clc/lib/r600/SOURCES
libclc-21.1.8.src/clc/lib/r600/math/
libclc-21.1.8.src/clc/lib/r600/math/clc_fmax.cl
libclc-21.1.8.src/clc/lib/r600/math/clc_fmin.cl
libclc-21.1.8.src/clc/lib/r600/math/clc_native_rsqrt.cl
libclc-21.1.8.src/clc/lib/r600/math/clc_rsqrt_override.cl
libclc-21.1.8.src/clc/lib/spirv/
libclc-21.1.8.src/clc/lib/spirv/SOURCES
libclc-21.1.8.src/clc/lib/spirv/math/
libclc-21.1.8.src/clc/lib/spirv/math/clc_runtime_has_hw_fma32.cl
libclc-21.1.8.src/cmake/
libclc-21.1.8.src/cmake/modules/
libclc-21.1.8.src/cmake/modules/AddLibclc.cmake
libclc-21.1.8.src/compile-test.sh
libclc-21.1.8.src/libclc.pc.in
libclc-21.1.8.src/opencl/
libclc-21.1.8.src/opencl/include/
libclc-21.1.8.src/opencl/include/clc/
libclc-21.1.8.src/opencl/include/clc/opencl/
libclc-21.1.8.src/opencl/include/clc/opencl/as_type.h
libclc-21.1.8.src/opencl/include/clc/opencl/async/
libclc-21.1.8.src/opencl/include/clc/opencl/async/async_work_group_copy.h
libclc-21.1.8.src/opencl/include/clc/opencl/async/async_work_group_copy.inc
libclc-21.1.8.src/opencl/include/clc/opencl/async/async_work_group_strided_copy.h
libclc-21.1.8.src/opencl/include/clc/opencl/async/async_work_group_strided_copy.inc
libclc-21.1.8.src/opencl/include/clc/opencl/async/prefetch.h
libclc-21.1.8.src/opencl/include/clc/opencl/async/prefetch.inc
libclc-21.1.8.src/opencl/include/clc/opencl/async/wait_group_events.h
libclc-21.1.8.src/opencl/include/clc/opencl/atomic/
libclc-21.1.8.src/opencl/include/clc/opencl/atomic/atom_add.h
libclc-21.1.8.src/opencl/include/clc/opencl/atomic/atom_and.h
libclc-21.1.8.src/opencl/include/clc/opencl/atomic/atom_cmpxchg.h
libclc-21.1.8.src/opencl/include/clc/opencl/atomic/atom_dec.h
libclc-21.1.8.src/opencl/include/clc/opencl/atomic/atom_decl_int32.inc
libclc-21.1.8.src/opencl/include/clc/opencl/atomic/atom_decl_int64.inc
libclc-21.1.8.src/opencl/include/clc/opencl/atomic/atom_inc.h
libclc-21.1.8.src/opencl/include/clc/opencl/atomic/atom_max.h
libclc-21.1.8.src/opencl/include/clc/opencl/atomic/atom_min.h
libclc-21.1.8.src/opencl/include/clc/opencl/atomic/atom_or.h
libclc-21.1.8.src/opencl/include/clc/opencl/atomic/atom_sub.h
libclc-21.1.8.src/opencl/include/clc/opencl/atomic/atom_xchg.h
libclc-21.1.8.src/opencl/include/clc/opencl/atomic/atom_xor.h
libclc-21.1.8.src/opencl/include/clc/opencl/atomic/atomic_add.h
libclc-21.1.8.src/opencl/include/clc/opencl/atomic/atomic_and.h
libclc-21.1.8.src/opencl/include/clc/opencl/atomic/atomic_cmpxchg.h
libclc-21.1.8.src/opencl/include/clc/opencl/atomic/atomic_dec.h
libclc-21.1.8.src/opencl/include/clc/opencl/atomic/atomic_decl.inc
libclc-21.1.8.src/opencl/include/clc/opencl/atomic/atomic_inc.h
libclc-21.1.8.src/opencl/include/clc/opencl/atomic/atomic_max.h
libclc-21.1.8.src/opencl/include/clc/opencl/atomic/atomic_min.h
libclc-21.1.8.src/opencl/include/clc/opencl/atomic/atomic_or.h
libclc-21.1.8.src/opencl/include/clc/opencl/atomic/atomic_sub.h
libclc-21.1.8.src/opencl/include/clc/opencl/atomic/atomic_xchg.h
libclc-21.1.8.src/opencl/include/clc/opencl/atomic/atomic_xor.h
libclc-21.1.8.src/opencl/include/clc/opencl/common/
libclc-21.1.8.src/opencl/include/clc/opencl/common/degrees.h
libclc-21.1.8.src/opencl/include/clc/opencl/common/mix.h
libclc-21.1.8.src/opencl/include/clc/opencl/common/mix.inc
libclc-21.1.8.src/opencl/include/clc/opencl/common/radians.h
libclc-21.1.8.src/opencl/include/clc/opencl/common/sign.h
libclc-21.1.8.src/opencl/include/clc/opencl/common/smoothstep.h
libclc-21.1.8.src/opencl/include/clc/opencl/common/smoothstep.inc
libclc-21.1.8.src/opencl/include/clc/opencl/common/step.h
libclc-21.1.8.src/opencl/include/clc/opencl/common/step.inc
libclc-21.1.8.src/opencl/include/clc/opencl/convert.h
libclc-21.1.8.src/opencl/include/clc/opencl/explicit_fence/
libclc-21.1.8.src/opencl/include/clc/opencl/explicit_fence/explicit_memory_fence.h
libclc-21.1.8.src/opencl/include/clc/opencl/geometric/
libclc-21.1.8.src/opencl/include/clc/opencl/geometric/cross.h
libclc-21.1.8.src/opencl/include/clc/opencl/geometric/distance.h
libclc-21.1.8.src/opencl/include/clc/opencl/geometric/dot.h
libclc-21.1.8.src/opencl/include/clc/opencl/geometric/fast_distance.h
libclc-21.1.8.src/opencl/include/clc/opencl/geometric/fast_length.h
libclc-21.1.8.src/opencl/include/clc/opencl/geometric/fast_normalize.h
libclc-21.1.8.src/opencl/include/clc/opencl/geometric/length.h
libclc-21.1.8.src/opencl/include/clc/opencl/geometric/normalize.h
libclc-21.1.8.src/opencl/include/clc/opencl/image/
libclc-21.1.8.src/opencl/include/clc/opencl/image/image.h
libclc-21.1.8.src/opencl/include/clc/opencl/image/image_defines.h
libclc-21.1.8.src/opencl/include/clc/opencl/integer/
libclc-21.1.8.src/opencl/include/clc/opencl/integer/abs.h
libclc-21.1.8.src/opencl/include/clc/opencl/integer/abs.inc
libclc-21.1.8.src/opencl/include/clc/opencl/integer/abs_diff.h
libclc-21.1.8.src/opencl/include/clc/opencl/integer/abs_diff.inc
libclc-21.1.8.src/opencl/include/clc/opencl/integer/add_sat.h
libclc-21.1.8.src/opencl/include/clc/opencl/integer/clz.h
libclc-21.1.8.src/opencl/include/clc/opencl/integer/ctz.h
libclc-21.1.8.src/opencl/include/clc/opencl/integer/hadd.h
libclc-21.1.8.src/opencl/include/clc/opencl/integer/mad24.h
libclc-21.1.8.src/opencl/include/clc/opencl/integer/mad_hi.h
libclc-21.1.8.src/opencl/include/clc/opencl/integer/mad_sat.h
libclc-21.1.8.src/opencl/include/clc/opencl/integer/mul24.h
libclc-21.1.8.src/opencl/include/clc/opencl/integer/mul_hi.h
libclc-21.1.8.src/opencl/include/clc/opencl/integer/popcount.h
libclc-21.1.8.src/opencl/include/clc/opencl/integer/rhadd.h
libclc-21.1.8.src/opencl/include/clc/opencl/integer/rotate.h
libclc-21.1.8.src/opencl/include/clc/opencl/integer/sub_sat.h
libclc-21.1.8.src/opencl/include/clc/opencl/integer/upsample.h
libclc-21.1.8.src/opencl/include/clc/opencl/math/
libclc-21.1.8.src/opencl/include/clc/opencl/math/acos.h
libclc-21.1.8.src/opencl/include/clc/opencl/math/acosh.h
libclc-21.1.8.src/opencl/include/clc/opencl/math/acospi.h
libclc-21.1.8.src/opencl/include/clc/opencl/math/asin.h
libclc-21.1.8.src/opencl/include/clc/opencl/math/asinh.h
libclc-21.1.8.src/opencl/include/clc/opencl/math/asinpi.h
libclc-21.1.8.src/opencl/include/clc/opencl/math/atan.h
libclc-21.1.8.src/opencl/include/clc/opencl/math/atan2.h
libclc-21.1.8.src/opencl/include/clc/opencl/math/atan2pi.h
libclc-21.1.8.src/opencl/include/clc/opencl/math/atanh.h
libclc-21.1.8.src/opencl/include/clc/opencl/math/atanpi.h
libclc-21.1.8.src/opencl/include/clc/opencl/math/cbrt.h
libclc-21.1.8.src/opencl/include/clc/opencl/math/ceil.h
libclc-21.1.8.src/opencl/include/clc/opencl/math/copysign.h
libclc-21.1.8.src/opencl/include/clc/opencl/math/cos.h
libclc-21.1.8.src/opencl/include/clc/opencl/math/cosh.h
libclc-21.1.8.src/opencl/include/clc/opencl/math/cospi.h
libclc-21.1.8.src/opencl/include/clc/opencl/math/erf.h
libclc-21.1.8.src/opencl/include/clc/opencl/math/erfc.h
libclc-21.1.8.src/opencl/include/clc/opencl/math/exp.h
libclc-21.1.8.src/opencl/include/clc/opencl/math/exp10.h
libclc-21.1.8.src/opencl/include/clc/opencl/math/exp2.h
libclc-21.1.8.src/opencl/include/clc/opencl/math/expm1.h
libclc-21.1.8.src/opencl/include/clc/opencl/math/fabs.h
libclc-21.1.8.src/opencl/include/clc/opencl/math/fdim.h
libclc-21.1.8.src/opencl/include/clc/opencl/math/floor.h
libclc-21.1.8.src/opencl/include/clc/opencl/math/fma.h
libclc-21.1.8.src/opencl/include/clc/opencl/math/fmax.h
libclc-21.1.8.src/opencl/include/clc/opencl/math/fmin.h
libclc-21.1.8.src/opencl/include/clc/opencl/math/fmod.h
libclc-21.1.8.src/opencl/include/clc/opencl/math/fract.h
libclc-21.1.8.src/opencl/include/clc/opencl/math/frexp.h
libclc-21.1.8.src/opencl/include/clc/opencl/math/half_cos.h
libclc-21.1.8.src/opencl/include/clc/opencl/math/half_divide.h
libclc-21.1.8.src/opencl/include/clc/opencl/math/half_exp.h
libclc-21.1.8.src/opencl/include/clc/opencl/math/half_exp10.h
libclc-21.1.8.src/opencl/include/clc/opencl/math/half_exp2.h
libclc-21.1.8.src/opencl/include/clc/opencl/math/half_log.h
libclc-21.1.8.src/opencl/include/clc/opencl/math/half_log10.h
libclc-21.1.8.src/opencl/include/clc/opencl/math/half_log2.h
libclc-21.1.8.src/opencl/include/clc/opencl/math/half_powr.h
libclc-21.1.8.src/opencl/include/clc/opencl/math/half_recip.h
libclc-21.1.8.src/opencl/include/clc/opencl/math/half_rsqrt.h
libclc-21.1.8.src/opencl/include/clc/opencl/math/half_sin.h
libclc-21.1.8.src/opencl/include/clc/opencl/math/half_sqrt.h
libclc-21.1.8.src/opencl/include/clc/opencl/math/half_tan.h
libclc-21.1.8.src/opencl/include/clc/opencl/math/hypot.h
libclc-21.1.8.src/opencl/include/clc/opencl/math/ilogb.h
libclc-21.1.8.src/opencl/include/clc/opencl/math/ldexp.h
libclc-21.1.8.src/opencl/include/clc/opencl/math/ldexp.inc
libclc-21.1.8.src/opencl/include/clc/opencl/math/lgamma.h
libclc-21.1.8.src/opencl/include/clc/opencl/math/lgamma_r.h
libclc-21.1.8.src/opencl/include/clc/opencl/math/log.h
libclc-21.1.8.src/opencl/include/clc/opencl/math/log10.h
libclc-21.1.8.src/opencl/include/clc/opencl/math/log1p.h
libclc-21.1.8.src/opencl/include/clc/opencl/math/log2.h
libclc-21.1.8.src/opencl/include/clc/opencl/math/logb.h
libclc-21.1.8.src/opencl/include/clc/opencl/math/mad.h
libclc-21.1.8.src/opencl/include/clc/opencl/math/maxmag.h
libclc-21.1.8.src/opencl/include/clc/opencl/math/minmag.h
libclc-21.1.8.src/opencl/include/clc/opencl/math/modf.h
libclc-21.1.8.src/opencl/include/clc/opencl/math/nan.h
libclc-21.1.8.src/opencl/include/clc/opencl/math/nan.inc
libclc-21.1.8.src/opencl/include/clc/opencl/math/native_cos.h
libclc-21.1.8.src/opencl/include/clc/opencl/math/native_divide.h
libclc-21.1.8.src/opencl/include/clc/opencl/math/native_exp.h
libclc-21.1.8.src/opencl/include/clc/opencl/math/native_exp10.h
libclc-21.1.8.src/opencl/include/clc/opencl/math/native_exp2.h
libclc-21.1.8.src/opencl/include/clc/opencl/math/native_log.h
libclc-21.1.8.src/opencl/include/clc/opencl/math/native_log10.h
libclc-21.1.8.src/opencl/include/clc/opencl/math/native_log2.h
libclc-21.1.8.src/opencl/include/clc/opencl/math/native_powr.h
libclc-21.1.8.src/opencl/include/clc/opencl/math/native_recip.h
libclc-21.1.8.src/opencl/include/clc/opencl/math/native_rsqrt.h
libclc-21.1.8.src/opencl/include/clc/opencl/math/native_sin.h
libclc-21.1.8.src/opencl/include/clc/opencl/math/native_sqrt.h
libclc-21.1.8.src/opencl/include/clc/opencl/math/native_tan.h
libclc-21.1.8.src/opencl/include/clc/opencl/math/nextafter.h
libclc-21.1.8.src/opencl/include/clc/opencl/math/pow.h
libclc-21.1.8.src/opencl/include/clc/opencl/math/pown.h
libclc-21.1.8.src/opencl/include/clc/opencl/math/powr.h
libclc-21.1.8.src/opencl/include/clc/opencl/math/remainder.h
libclc-21.1.8.src/opencl/include/clc/opencl/math/remquo.h
libclc-21.1.8.src/opencl/include/clc/opencl/math/rint.h
libclc-21.1.8.src/opencl/include/clc/opencl/math/rootn.h
libclc-21.1.8.src/opencl/include/clc/opencl/math/round.h
libclc-21.1.8.src/opencl/include/clc/opencl/math/rsqrt.h
libclc-21.1.8.src/opencl/include/clc/opencl/math/sin.h
libclc-21.1.8.src/opencl/include/clc/opencl/math/sincos.h
libclc-21.1.8.src/opencl/include/clc/opencl/math/sinh.h
libclc-21.1.8.src/opencl/include/clc/opencl/math/sinpi.h
libclc-21.1.8.src/opencl/include/clc/opencl/math/sqrt.h
libclc-21.1.8.src/opencl/include/clc/opencl/math/tan.h
libclc-21.1.8.src/opencl/include/clc/opencl/math/tanh.h
libclc-21.1.8.src/opencl/include/clc/opencl/math/tanpi.h
libclc-21.1.8.src/opencl/include/clc/opencl/math/tgamma.h
libclc-21.1.8.src/opencl/include/clc/opencl/math/trunc.h
libclc-21.1.8.src/opencl/include/clc/opencl/misc/
libclc-21.1.8.src/opencl/include/clc/opencl/misc/shuffle.h
libclc-21.1.8.src/opencl/include/clc/opencl/misc/shuffle2.h
libclc-21.1.8.src/opencl/include/clc/opencl/opencl-base.h
libclc-21.1.8.src/opencl/include/clc/opencl/relational/
libclc-21.1.8.src/opencl/include/clc/opencl/relational/all.h
libclc-21.1.8.src/opencl/include/clc/opencl/relational/any.h
libclc-21.1.8.src/opencl/include/clc/opencl/relational/bitselect.h
libclc-21.1.8.src/opencl/include/clc/opencl/relational/bitselect.inc
libclc-21.1.8.src/opencl/include/clc/opencl/relational/isequal.h
libclc-21.1.8.src/opencl/include/clc/opencl/relational/isfinite.h
libclc-21.1.8.src/opencl/include/clc/opencl/relational/isgreater.h
libclc-21.1.8.src/opencl/include/clc/opencl/relational/isgreaterequal.h
libclc-21.1.8.src/opencl/include/clc/opencl/relational/isinf.h
libclc-21.1.8.src/opencl/include/clc/opencl/relational/isless.h
libclc-21.1.8.src/opencl/include/clc/opencl/relational/islessequal.h
libclc-21.1.8.src/opencl/include/clc/opencl/relational/islessgreater.h
libclc-21.1.8.src/opencl/include/clc/opencl/relational/isnan.h
libclc-21.1.8.src/opencl/include/clc/opencl/relational/isnormal.h
libclc-21.1.8.src/opencl/include/clc/opencl/relational/isnotequal.h
libclc-21.1.8.src/opencl/include/clc/opencl/relational/isordered.h
libclc-21.1.8.src/opencl/include/clc/opencl/relational/isunordered.h
libclc-21.1.8.src/opencl/include/clc/opencl/relational/select.h
libclc-21.1.8.src/opencl/include/clc/opencl/relational/signbit.h
libclc-21.1.8.src/opencl/include/clc/opencl/shared/
libclc-21.1.8.src/opencl/include/clc/opencl/shared/clamp.h
libclc-21.1.8.src/opencl/include/clc/opencl/shared/clamp.inc
libclc-21.1.8.src/opencl/include/clc/opencl/shared/max.h
libclc-21.1.8.src/opencl/include/clc/opencl/shared/max.inc
libclc-21.1.8.src/opencl/include/clc/opencl/shared/min.h
libclc-21.1.8.src/opencl/include/clc/opencl/shared/min.inc
libclc-21.1.8.src/opencl/include/clc/opencl/shared/vload.h
libclc-21.1.8.src/opencl/include/clc/opencl/shared/vstore.h
libclc-21.1.8.src/opencl/include/clc/opencl/synchronization/
libclc-21.1.8.src/opencl/include/clc/opencl/synchronization/barrier.h
libclc-21.1.8.src/opencl/include/clc/opencl/synchronization/cl_mem_fence_flags.h
libclc-21.1.8.src/opencl/include/clc/opencl/workitem/
libclc-21.1.8.src/opencl/include/clc/opencl/workitem/get_global_id.h
libclc-21.1.8.src/opencl/include/clc/opencl/workitem/get_global_offset.h
libclc-21.1.8.src/opencl/include/clc/opencl/workitem/get_global_size.h
libclc-21.1.8.src/opencl/include/clc/opencl/workitem/get_group_id.h
libclc-21.1.8.src/opencl/include/clc/opencl/workitem/get_local_id.h
libclc-21.1.8.src/opencl/include/clc/opencl/workitem/get_local_linear_id.h
libclc-21.1.8.src/opencl/include/clc/opencl/workitem/get_local_size.h
libclc-21.1.8.src/opencl/include/clc/opencl/workitem/get_max_sub_group_size.h
libclc-21.1.8.src/opencl/include/clc/opencl/workitem/get_num_groups.h
libclc-21.1.8.src/opencl/include/clc/opencl/workitem/get_num_sub_groups.h
libclc-21.1.8.src/opencl/include/clc/opencl/workitem/get_sub_group_id.h
libclc-21.1.8.src/opencl/include/clc/opencl/workitem/get_sub_group_local_id.h
libclc-21.1.8.src/opencl/include/clc/opencl/workitem/get_sub_group_size.h
libclc-21.1.8.src/opencl/include/clc/opencl/workitem/get_work_dim.h
libclc-21.1.8.src/opencl/lib/
libclc-21.1.8.src/opencl/lib/amdgcn-amdhsa/
libclc-21.1.8.src/opencl/lib/amdgcn-amdhsa/SOURCES
libclc-21.1.8.src/opencl/lib/amdgcn-amdhsa/workitem/
libclc-21.1.8.src/opencl/lib/amdgcn-amdhsa/workitem/get_global_size.cl
libclc-21.1.8.src/opencl/lib/amdgcn-amdhsa/workitem/get_local_size.cl
libclc-21.1.8.src/opencl/lib/amdgcn-amdhsa/workitem/get_num_groups.cl
libclc-21.1.8.src/opencl/lib/amdgcn/
libclc-21.1.8.src/opencl/lib/amdgcn/SOURCES
libclc-21.1.8.src/opencl/lib/amdgcn/cl_khr_int64_extended_atomics/
libclc-21.1.8.src/opencl/lib/amdgcn/cl_khr_int64_extended_atomics/minmax_helpers.ll
libclc-21.1.8.src/opencl/lib/amdgcn/mem_fence/
libclc-21.1.8.src/opencl/lib/amdgcn/mem_fence/fence.cl
libclc-21.1.8.src/opencl/lib/amdgcn/synchronization/
libclc-21.1.8.src/opencl/lib/amdgcn/synchronization/barrier.cl
libclc-21.1.8.src/opencl/lib/amdgcn/workitem/
libclc-21.1.8.src/opencl/lib/amdgcn/workitem/get_global_offset.cl
libclc-21.1.8.src/opencl/lib/amdgcn/workitem/get_global_size.cl
libclc-21.1.8.src/opencl/lib/amdgcn/workitem/get_group_id.cl
libclc-21.1.8.src/opencl/lib/amdgcn/workitem/get_local_id.cl
libclc-21.1.8.src/opencl/lib/amdgcn/workitem/get_local_size.cl
libclc-21.1.8.src/opencl/lib/amdgcn/workitem/get_num_groups.cl
libclc-21.1.8.src/opencl/lib/amdgcn/workitem/get_work_dim.cl
libclc-21.1.8.src/opencl/lib/clspv/
libclc-21.1.8.src/opencl/lib/clspv/SOURCES
libclc-21.1.8.src/opencl/lib/clspv/math/
libclc-21.1.8.src/opencl/lib/clspv/math/fma.cl
libclc-21.1.8.src/opencl/lib/clspv/shared/
libclc-21.1.8.src/opencl/lib/clspv/shared/vstore_half.cl
libclc-21.1.8.src/opencl/lib/clspv/shared/vstore_half.inc
libclc-21.1.8.src/opencl/lib/clspv/subnormal_config.cl
libclc-21.1.8.src/opencl/lib/generic/
libclc-21.1.8.src/opencl/lib/generic/SOURCES
libclc-21.1.8.src/opencl/lib/generic/async/
libclc-21.1.8.src/opencl/lib/generic/async/async_work_group_copy.cl
libclc-21.1.8.src/opencl/lib/generic/async/async_work_group_copy.inc
libclc-21.1.8.src/opencl/lib/generic/async/async_work_group_strided_copy.cl
libclc-21.1.8.src/opencl/lib/generic/async/async_work_group_strided_copy.inc
libclc-21.1.8.src/opencl/lib/generic/async/prefetch.cl
libclc-21.1.8.src/opencl/lib/generic/async/prefetch.inc
libclc-21.1.8.src/opencl/lib/generic/async/wait_group_events.cl
libclc-21.1.8.src/opencl/lib/generic/atomic/
libclc-21.1.8.src/opencl/lib/generic/atomic/atom_add.cl
libclc-21.1.8.src/opencl/lib/generic/atomic/atom_and.cl
libclc-21.1.8.src/opencl/lib/generic/atomic/atom_cmpxchg.cl
libclc-21.1.8.src/opencl/lib/generic/atomic/atom_dec.cl
libclc-21.1.8.src/opencl/lib/generic/atomic/atom_inc.cl
libclc-21.1.8.src/opencl/lib/generic/atomic/atom_int32_binary.inc
libclc-21.1.8.src/opencl/lib/generic/atomic/atom_max.cl
libclc-21.1.8.src/opencl/lib/generic/atomic/atom_min.cl
libclc-21.1.8.src/opencl/lib/generic/atomic/atom_or.cl
libclc-21.1.8.src/opencl/lib/generic/atomic/atom_sub.cl
libclc-21.1.8.src/opencl/lib/generic/atomic/atom_xchg.cl
libclc-21.1.8.src/opencl/lib/generic/atomic/atom_xor.cl
libclc-21.1.8.src/opencl/lib/generic/atomic/atomic_add.cl
libclc-21.1.8.src/opencl/lib/generic/atomic/atomic_and.cl
libclc-21.1.8.src/opencl/lib/generic/atomic/atomic_cmpxchg.cl
libclc-21.1.8.src/opencl/lib/generic/atomic/atomic_dec.cl
libclc-21.1.8.src/opencl/lib/generic/atomic/atomic_inc.cl
libclc-21.1.8.src/opencl/lib/generic/atomic/atomic_max.cl
libclc-21.1.8.src/opencl/lib/generic/atomic/atomic_min.cl
libclc-21.1.8.src/opencl/lib/generic/atomic/atomic_or.cl
libclc-21.1.8.src/opencl/lib/generic/atomic/atomic_sub.cl
libclc-21.1.8.src/opencl/lib/generic/atomic/atomic_xchg.cl
libclc-21.1.8.src/opencl/lib/generic/atomic/atomic_xor.cl
libclc-21.1.8.src/opencl/lib/generic/common/
libclc-21.1.8.src/opencl/lib/generic/common/degrees.cl
libclc-21.1.8.src/opencl/lib/generic/common/mix.cl
libclc-21.1.8.src/opencl/lib/generic/common/mix.inc
libclc-21.1.8.src/opencl/lib/generic/common/radians.cl
libclc-21.1.8.src/opencl/lib/generic/common/sign.cl
libclc-21.1.8.src/opencl/lib/generic/common/smoothstep.cl
libclc-21.1.8.src/opencl/lib/generic/common/step.cl
libclc-21.1.8.src/opencl/lib/generic/common/step.inc
libclc-21.1.8.src/opencl/lib/generic/geometric/
libclc-21.1.8.src/opencl/lib/generic/geometric/cross.cl
libclc-21.1.8.src/opencl/lib/generic/geometric/distance.cl
libclc-21.1.8.src/opencl/lib/generic/geometric/dot.cl
libclc-21.1.8.src/opencl/lib/generic/geometric/fast_distance.cl
libclc-21.1.8.src/opencl/lib/generic/geometric/fast_length.cl
libclc-21.1.8.src/opencl/lib/generic/geometric/fast_normalize.cl
libclc-21.1.8.src/opencl/lib/generic/geometric/length.cl
libclc-21.1.8.src/opencl/lib/generic/geometric/normalize.cl
libclc-21.1.8.src/opencl/lib/generic/integer/
libclc-21.1.8.src/opencl/lib/generic/integer/abs.cl
libclc-21.1.8.src/opencl/lib/generic/integer/abs.inc
libclc-21.1.8.src/opencl/lib/generic/integer/abs_diff.cl
libclc-21.1.8.src/opencl/lib/generic/integer/abs_diff.inc
libclc-21.1.8.src/opencl/lib/generic/integer/add_sat.cl
libclc-21.1.8.src/opencl/lib/generic/integer/clz.cl
libclc-21.1.8.src/opencl/lib/generic/integer/ctz.cl
libclc-21.1.8.src/opencl/lib/generic/integer/hadd.cl
libclc-21.1.8.src/opencl/lib/generic/integer/mad24.cl
libclc-21.1.8.src/opencl/lib/generic/integer/mad_hi.cl
libclc-21.1.8.src/opencl/lib/generic/integer/mad_sat.cl
libclc-21.1.8.src/opencl/lib/generic/integer/mul24.cl
libclc-21.1.8.src/opencl/lib/generic/integer/mul_hi.cl
libclc-21.1.8.src/opencl/lib/generic/integer/popcount.cl
libclc-21.1.8.src/opencl/lib/generic/integer/rhadd.cl
libclc-21.1.8.src/opencl/lib/generic/integer/rotate.cl
libclc-21.1.8.src/opencl/lib/generic/integer/sub_sat.cl
libclc-21.1.8.src/opencl/lib/generic/integer/upsample.cl
libclc-21.1.8.src/opencl/lib/generic/math/
libclc-21.1.8.src/opencl/lib/generic/math/acos.cl
libclc-21.1.8.src/opencl/lib/generic/math/acosh.cl
libclc-21.1.8.src/opencl/lib/generic/math/acospi.cl
libclc-21.1.8.src/opencl/lib/generic/math/asin.cl
libclc-21.1.8.src/opencl/lib/generic/math/asinh.cl
libclc-21.1.8.src/opencl/lib/generic/math/asinpi.cl
libclc-21.1.8.src/opencl/lib/generic/math/atan.cl
libclc-21.1.8.src/opencl/lib/generic/math/atan2.cl
libclc-21.1.8.src/opencl/lib/generic/math/atan2pi.cl
libclc-21.1.8.src/opencl/lib/generic/math/atanh.cl
libclc-21.1.8.src/opencl/lib/generic/math/atanpi.cl
libclc-21.1.8.src/opencl/lib/generic/math/cbrt.cl
libclc-21.1.8.src/opencl/lib/generic/math/ceil.cl
libclc-21.1.8.src/opencl/lib/generic/math/copysign.cl
libclc-21.1.8.src/opencl/lib/generic/math/cos.cl
libclc-21.1.8.src/opencl/lib/generic/math/cosh.cl
libclc-21.1.8.src/opencl/lib/generic/math/cospi.cl
libclc-21.1.8.src/opencl/lib/generic/math/erf.cl
libclc-21.1.8.src/opencl/lib/generic/math/erfc.cl
libclc-21.1.8.src/opencl/lib/generic/math/exp.cl
libclc-21.1.8.src/opencl/lib/generic/math/exp10.cl
libclc-21.1.8.src/opencl/lib/generic/math/exp2.cl
libclc-21.1.8.src/opencl/lib/generic/math/expm1.cl
libclc-21.1.8.src/opencl/lib/generic/math/fabs.cl
libclc-21.1.8.src/opencl/lib/generic/math/fdim.cl
libclc-21.1.8.src/opencl/lib/generic/math/floor.cl
libclc-21.1.8.src/opencl/lib/generic/math/fma.cl
libclc-21.1.8.src/opencl/lib/generic/math/fmax.cl
libclc-21.1.8.src/opencl/lib/generic/math/fmax.inc
libclc-21.1.8.src/opencl/lib/generic/math/fmin.cl
libclc-21.1.8.src/opencl/lib/generic/math/fmin.inc
libclc-21.1.8.src/opencl/lib/generic/math/fmod.cl
libclc-21.1.8.src/opencl/lib/generic/math/fract.cl
libclc-21.1.8.src/opencl/lib/generic/math/frexp.cl
libclc-21.1.8.src/opencl/lib/generic/math/half_cos.cl
libclc-21.1.8.src/opencl/lib/generic/math/half_divide.cl
libclc-21.1.8.src/opencl/lib/generic/math/half_exp.cl
libclc-21.1.8.src/opencl/lib/generic/math/half_exp10.cl
libclc-21.1.8.src/opencl/lib/generic/math/half_exp2.cl
libclc-21.1.8.src/opencl/lib/generic/math/half_log.cl
libclc-21.1.8.src/opencl/lib/generic/math/half_log10.cl
libclc-21.1.8.src/opencl/lib/generic/math/half_log2.cl
libclc-21.1.8.src/opencl/lib/generic/math/half_powr.cl
libclc-21.1.8.src/opencl/lib/generic/math/half_recip.cl
libclc-21.1.8.src/opencl/lib/generic/math/half_rsqrt.cl
libclc-21.1.8.src/opencl/lib/generic/math/half_sin.cl
libclc-21.1.8.src/opencl/lib/generic/math/half_sqrt.cl
libclc-21.1.8.src/opencl/lib/generic/math/half_tan.cl
libclc-21.1.8.src/opencl/lib/generic/math/hypot.cl
libclc-21.1.8.src/opencl/lib/generic/math/ilogb.cl
libclc-21.1.8.src/opencl/lib/generic/math/ldexp.cl
libclc-21.1.8.src/opencl/lib/generic/math/ldexp.inc
libclc-21.1.8.src/opencl/lib/generic/math/lgamma.cl
libclc-21.1.8.src/opencl/lib/generic/math/lgamma_r.cl
libclc-21.1.8.src/opencl/lib/generic/math/log.cl
libclc-21.1.8.src/opencl/lib/generic/math/log10.cl
libclc-21.1.8.src/opencl/lib/generic/math/log1p.cl
libclc-21.1.8.src/opencl/lib/generic/math/log2.cl
libclc-21.1.8.src/opencl/lib/generic/math/logb.cl
libclc-21.1.8.src/opencl/lib/generic/math/mad.cl
libclc-21.1.8.src/opencl/lib/generic/math/maxmag.cl
libclc-21.1.8.src/opencl/lib/generic/math/minmag.cl
libclc-21.1.8.src/opencl/lib/generic/math/modf.cl
libclc-21.1.8.src/opencl/lib/generic/math/nan.cl
libclc-21.1.8.src/opencl/lib/generic/math/nan.inc
libclc-21.1.8.src/opencl/lib/generic/math/native_cos.cl
libclc-21.1.8.src/opencl/lib/generic/math/native_divide.cl
libclc-21.1.8.src/opencl/lib/generic/math/native_exp.cl
libclc-21.1.8.src/opencl/lib/generic/math/native_exp10.cl
libclc-21.1.8.src/opencl/lib/generic/math/native_exp2.cl
libclc-21.1.8.src/opencl/lib/generic/math/native_log.cl
libclc-21.1.8.src/opencl/lib/generic/math/native_log10.cl
libclc-21.1.8.src/opencl/lib/generic/math/native_log2.cl
libclc-21.1.8.src/opencl/lib/generic/math/native_powr.cl
libclc-21.1.8.src/opencl/lib/generic/math/native_recip.cl
libclc-21.1.8.src/opencl/lib/generic/math/native_rsqrt.cl
libclc-21.1.8.src/opencl/lib/generic/math/native_sin.cl
libclc-21.1.8.src/opencl/lib/generic/math/native_sqrt.cl
libclc-21.1.8.src/opencl/lib/generic/math/native_tan.cl
libclc-21.1.8.src/opencl/lib/generic/math/nextafter.cl
libclc-21.1.8.src/opencl/lib/generic/math/pow.cl
libclc-21.1.8.src/opencl/lib/generic/math/pown.cl
libclc-21.1.8.src/opencl/lib/generic/math/powr.cl
libclc-21.1.8.src/opencl/lib/generic/math/remainder.cl
libclc-21.1.8.src/opencl/lib/generic/math/remquo.cl
libclc-21.1.8.src/opencl/lib/generic/math/remquo.inc
libclc-21.1.8.src/opencl/lib/generic/math/rint.cl
libclc-21.1.8.src/opencl/lib/generic/math/rootn.cl
libclc-21.1.8.src/opencl/lib/generic/math/round.cl
libclc-21.1.8.src/opencl/lib/generic/math/rsqrt.cl
libclc-21.1.8.src/opencl/lib/generic/math/sin.cl
libclc-21.1.8.src/opencl/lib/generic/math/sincos.cl
libclc-21.1.8.src/opencl/lib/generic/math/sinh.cl
libclc-21.1.8.src/opencl/lib/generic/math/sinpi.cl
libclc-21.1.8.src/opencl/lib/generic/math/sqrt.cl
libclc-21.1.8.src/opencl/lib/generic/math/tan.cl
libclc-21.1.8.src/opencl/lib/generic/math/tanh.cl
libclc-21.1.8.src/opencl/lib/generic/math/tanpi.cl
libclc-21.1.8.src/opencl/lib/generic/math/tgamma.cl
libclc-21.1.8.src/opencl/lib/generic/math/trunc.cl
libclc-21.1.8.src/opencl/lib/generic/misc/
libclc-21.1.8.src/opencl/lib/generic/misc/shuffle.cl
libclc-21.1.8.src/opencl/lib/generic/misc/shuffle2.cl
libclc-21.1.8.src/opencl/lib/generic/relational/
libclc-21.1.8.src/opencl/lib/generic/relational/all.cl
libclc-21.1.8.src/opencl/lib/generic/relational/any.cl
libclc-21.1.8.src/opencl/lib/generic/relational/binary_def.inc
libclc-21.1.8.src/opencl/lib/generic/relational/bitselect.cl
libclc-21.1.8.src/opencl/lib/generic/relational/bitselect.inc
libclc-21.1.8.src/opencl/lib/generic/relational/isequal.cl
libclc-21.1.8.src/opencl/lib/generic/relational/isfinite.cl
libclc-21.1.8.src/opencl/lib/generic/relational/isgreater.cl
libclc-21.1.8.src/opencl/lib/generic/relational/isgreaterequal.cl
libclc-21.1.8.src/opencl/lib/generic/relational/isinf.cl
libclc-21.1.8.src/opencl/lib/generic/relational/isless.cl
libclc-21.1.8.src/opencl/lib/generic/relational/islessequal.cl
libclc-21.1.8.src/opencl/lib/generic/relational/islessgreater.cl
libclc-21.1.8.src/opencl/lib/generic/relational/isnan.cl
libclc-21.1.8.src/opencl/lib/generic/relational/isnormal.cl
libclc-21.1.8.src/opencl/lib/generic/relational/isnotequal.cl
libclc-21.1.8.src/opencl/lib/generic/relational/isordered.cl
libclc-21.1.8.src/opencl/lib/generic/relational/isunordered.cl
libclc-21.1.8.src/opencl/lib/generic/relational/select.cl
libclc-21.1.8.src/opencl/lib/generic/relational/signbit.cl
libclc-21.1.8.src/opencl/lib/generic/relational/unary_def.inc
libclc-21.1.8.src/opencl/lib/generic/shared/
libclc-21.1.8.src/opencl/lib/generic/shared/clamp.cl
libclc-21.1.8.src/opencl/lib/generic/shared/clamp.inc
libclc-21.1.8.src/opencl/lib/generic/shared/max.cl
libclc-21.1.8.src/opencl/lib/generic/shared/max.inc
libclc-21.1.8.src/opencl/lib/generic/shared/min.cl
libclc-21.1.8.src/opencl/lib/generic/shared/min.inc
libclc-21.1.8.src/opencl/lib/generic/shared/vload.cl
libclc-21.1.8.src/opencl/lib/generic/shared/vload.inc
libclc-21.1.8.src/opencl/lib/generic/shared/vstore.cl
libclc-21.1.8.src/opencl/lib/generic/shared/vstore.inc
libclc-21.1.8.src/opencl/lib/generic/subnormal_config.cl
libclc-21.1.8.src/opencl/lib/generic/subnormal_disable.ll
libclc-21.1.8.src/opencl/lib/generic/subnormal_helper_func.ll
libclc-21.1.8.src/opencl/lib/generic/subnormal_use_default.ll
libclc-21.1.8.src/opencl/lib/generic/workitem/
libclc-21.1.8.src/opencl/lib/generic/workitem/get_global_id.cl
libclc-21.1.8.src/opencl/lib/generic/workitem/get_global_size.cl
libclc-21.1.8.src/opencl/lib/ptx-nvidiacl/
libclc-21.1.8.src/opencl/lib/ptx-nvidiacl/SOURCES
libclc-21.1.8.src/opencl/lib/ptx-nvidiacl/mem_fence/
libclc-21.1.8.src/opencl/lib/ptx-nvidiacl/mem_fence/fence.cl
libclc-21.1.8.src/opencl/lib/ptx-nvidiacl/synchronization/
libclc-21.1.8.src/opencl/lib/ptx-nvidiacl/synchronization/barrier.cl
libclc-21.1.8.src/opencl/lib/ptx-nvidiacl/workitem/
libclc-21.1.8.src/opencl/lib/ptx-nvidiacl/workitem/get_global_id.cl
libclc-21.1.8.src/opencl/lib/ptx-nvidiacl/workitem/get_group_id.cl
libclc-21.1.8.src/opencl/lib/ptx-nvidiacl/workitem/get_local_id.cl
libclc-21.1.8.src/opencl/lib/ptx-nvidiacl/workitem/get_local_linear_id.cl
libclc-21.1.8.src/opencl/lib/ptx-nvidiacl/workitem/get_local_size.cl
libclc-21.1.8.src/opencl/lib/ptx-nvidiacl/workitem/get_max_sub_group_size.cl
libclc-21.1.8.src/opencl/lib/ptx-nvidiacl/workitem/get_num_groups.cl
libclc-21.1.8.src/opencl/lib/ptx-nvidiacl/workitem/get_num_sub_groups.cl
libclc-21.1.8.src/opencl/lib/ptx-nvidiacl/workitem/get_sub_group_id.cl
libclc-21.1.8.src/opencl/lib/ptx-nvidiacl/workitem/get_sub_group_local_id.cl
libclc-21.1.8.src/opencl/lib/ptx-nvidiacl/workitem/get_sub_group_size.cl
libclc-21.1.8.src/opencl/lib/r600/
libclc-21.1.8.src/opencl/lib/r600/SOURCES
libclc-21.1.8.src/opencl/lib/r600/SOURCES_3.9
libclc-21.1.8.src/opencl/lib/r600/image/
libclc-21.1.8.src/opencl/lib/r600/image/get_image_attributes_impl.ll
libclc-21.1.8.src/opencl/lib/r600/image/get_image_channel_data_type.cl
libclc-21.1.8.src/opencl/lib/r600/image/get_image_channel_order.cl
libclc-21.1.8.src/opencl/lib/r600/image/get_image_depth.cl
libclc-21.1.8.src/opencl/lib/r600/image/get_image_dim.cl
libclc-21.1.8.src/opencl/lib/r600/image/get_image_height.cl
libclc-21.1.8.src/opencl/lib/r600/image/get_image_width.cl
libclc-21.1.8.src/opencl/lib/r600/image/read_image_impl.ll
libclc-21.1.8.src/opencl/lib/r600/image/read_imagef.cl
libclc-21.1.8.src/opencl/lib/r600/image/read_imagei.cl
libclc-21.1.8.src/opencl/lib/r600/image/read_imageui.cl
libclc-21.1.8.src/opencl/lib/r600/image/write_image_impl.ll
libclc-21.1.8.src/opencl/lib/r600/image/write_imagef.cl
libclc-21.1.8.src/opencl/lib/r600/image/write_imagei.cl
libclc-21.1.8.src/opencl/lib/r600/image/write_imageui.cl
libclc-21.1.8.src/opencl/lib/r600/synchronization/
libclc-21.1.8.src/opencl/lib/r600/synchronization/barrier.cl
libclc-21.1.8.src/opencl/lib/r600/workitem/
libclc-21.1.8.src/opencl/lib/r600/workitem/get_global_offset.cl
libclc-21.1.8.src/opencl/lib/r600/workitem/get_global_size.cl
libclc-21.1.8.src/opencl/lib/r600/workitem/get_group_id.cl
libclc-21.1.8.src/opencl/lib/r600/workitem/get_local_id.cl
libclc-21.1.8.src/opencl/lib/r600/workitem/get_local_size.cl
libclc-21.1.8.src/opencl/lib/r600/workitem/get_num_groups.cl
libclc-21.1.8.src/opencl/lib/r600/workitem/get_work_dim.cl
libclc-21.1.8.src/opencl/lib/spirv/
libclc-21.1.8.src/opencl/lib/spirv/SOURCES
libclc-21.1.8.src/opencl/lib/spirv/math/
libclc-21.1.8.src/opencl/lib/spirv/math/fma.cl
libclc-21.1.8.src/opencl/lib/spirv/subnormal_config.cl
libclc-21.1.8.src/test/
libclc-21.1.8.src/test/add_sat.cl
libclc-21.1.8.src/test/as_type.cl
libclc-21.1.8.src/test/convert.cl
libclc-21.1.8.src/test/cos.cl
libclc-21.1.8.src/test/cross.cl
libclc-21.1.8.src/test/fabs.cl
libclc-21.1.8.src/test/get_group_id.cl
libclc-21.1.8.src/test/rsqrt.cl
libclc-21.1.8.src/test/subsat.cl
libclc-21.1.8.src/utils/
libclc-21.1.8.src/utils/gen_convert.py
libclc-21.1.8.src/utils/prepare-builtins.cpp
libclc-21.1.8.src/www/
libclc-21.1.8.src/www/index.html
-- The CXX compiler identification is GNU 15.2.0
-- The C compiler identification is GNU 15.2.0
-- Detecting CXX compiler ABI info
-- Detecting CXX compiler ABI info - done
-- Check for working CXX compiler: /usr/bin/c++ - skipped
-- Detecting CXX compile features
-- Detecting CXX compile features - done
-- Detecting C compiler ABI info
-- Detecting C compiler ABI info - done
-- Check for working C compiler: /usr/bin/cc - skipped
-- Detecting C compile features
-- Detecting C compile features - done
-- Performing Test HAVE_FFI_CALL
-- Performing Test HAVE_FFI_CALL - Success
-- Found FFI: /usr/lib/libffi.so
-- Found ZLIB: /usr/lib/libz.so (found version "1.3.1")
-- Found zstd: /usr/lib/libzstd.so
-- Found LibXml2: /usr/lib/libxml2.so (found version "2.15.1")
-- Linker detection: GNU ld
-- libclc LLVM version: 21.1.8
-- Performing Test LLVM_LINKER_SUPPORTS_B_SYMBOLIC_FUNCTIONS
-- Performing Test LLVM_LINKER_SUPPORTS_B_SYMBOLIC_FUNCTIONS - Success
-- Found Python3: /usr/bin/python3.14 (found version "3.14.2") found components: Interpreter
-- libclc target 'amdgcn--' is enabled
--   device: tahiti ( pitcairn;verde;oland;hainan;bonaire;kabini;kaveri;hawaii;mullins;tonga;tongapro;iceland;carrizo;fiji;stoney;polaris10;polaris11;gfx602;gfx705;gfx805;gfx900;gfx902;gfx904;gfx906;gfx908;gfx909;gfx90a;gfx90c;gfx942;gfx950;gfx1010;gfx1011;gfx1012;gfx1013;gfx1030;gfx1031;gfx1032;gfx1033;gfx1034;gfx1035;gfx1036;gfx1100;gfx1101;gfx1102;gfx1103;gfx1150;gfx1151;gfx1152;gfx1153;gfx1200;gfx1201 )
-- libclc target 'amdgcn--amdhsa' is enabled
--   device: none (  )
-- libclc target 'amdgcn-mesa-mesa3d' is enabled
--   device: tahiti ( pitcairn;verde;oland;hainan;bonaire;kabini;kaveri;hawaii;mullins;tonga;tongapro;iceland;carrizo;fiji;stoney;polaris10;polaris11;gfx602;gfx705;gfx805;gfx900;gfx902;gfx904;gfx906;gfx908;gfx909;gfx90a;gfx90c;gfx942;gfx950;gfx1010;gfx1011;gfx1012;gfx1013;gfx1030;gfx1031;gfx1032;gfx1033;gfx1034;gfx1035;gfx1036;gfx1100;gfx1101;gfx1102;gfx1103;gfx1150;gfx1151;gfx1152;gfx1153;gfx1200;gfx1201 )
-- libclc target 'clspv--' is enabled
--   device: none (  )
-- libclc target 'clspv64--' is enabled
--   device: none (  )
-- libclc target 'nvptx--' is enabled
--   device: none (  )
-- libclc target 'nvptx--nvidiacl' is enabled
--   device: none (  )
-- libclc target 'nvptx64--' is enabled
--   device: none (  )
-- libclc target 'nvptx64--nvidiacl' is enabled
--   device: none (  )
-- libclc target 'r600--' is enabled
--   device: cedar ( palm;sumo;sumo2;redwood;juniper )
--   device: cypress ( hemlock )
--   device: barts ( turks;caicos )
--   device: cayman ( aruba )
-- libclc target 'spirv-mesa3d-' is enabled
--   device: none (  )
-- libclc target 'spirv64-mesa3d-' is enabled
--   device: none (  )
-- Configuring done (1.8s)
-- Generating done (3.3s)
-- Build files have been written to: /blfs/builds/libclc-21.1.8.src/build
[1/5017] Generating obj.libclc.dir/tahiti-amdgcn--/opencl/lib/amdgcn/cl_khr_int64_extended_atomics/minmax_helpers.ll.bc.tmp
[2/5017] Generating obj.libclc.dir/tahiti-amdgcn--/opencl/lib/generic/subnormal_use_default.ll.bc.tmp
[3/5017] Generating convert.cl
[4/5017] Generating clc-convert.cl
[5/5017] Generating obj.libclc.dir/tahiti-amdgcn--/opencl/lib/generic/subnormal_helper_func.ll.bc.tmp
[6/5017] Generating obj.libclc.dir/tahiti-amdgcn--/opencl/lib/amdgcn/workitem/get_local_id.cl.bc
[7/5017] Generating obj.libclc.dir/tahiti-amdgcn--/opencl/lib/amdgcn/workitem/get_local_size.cl.bc
[8/5017] Generating obj.libclc.dir/tahiti-amdgcn--/opencl/lib/generic/subnormal_config.cl.bc
[9/5017] Generating obj.libclc.dir/tahiti-amdgcn--/opencl/lib/amdgcn/mem_fence/fence.cl.bc
[10/5017] Generating obj.libclc.dir/tahiti-amdgcn--/opencl/lib/amdgcn/synchronization/barrier.cl.bc
[11/5017] Generating obj.libclc.dir/tahiti-amdgcn--/opencl/lib/amdgcn/workitem/get_global_offset.cl.bc
[12/5017] Generating obj.libclc.dir/tahiti-amdgcn--/opencl/lib/amdgcn/workitem/get_group_id.cl.bc
[13/5017] Generating obj.libclc.dir/tahiti-amdgcn--/opencl/lib/amdgcn/workitem/get_global_size.cl.bc
[14/5017] Generating obj.libclc.dir/tahiti-amdgcn--/opencl/lib/amdgcn/workitem/get_num_groups.cl.bc
[15/5017] Generating obj.libclc.dir/tahiti-amdgcn--/opencl/lib/amdgcn/workitem/get_work_dim.cl.bc
[16/5017] Generating obj.libclc.dir/tahiti-amdgcn--/opencl/lib/generic/async/async_work_group_copy.cl.bc
[17/5017] Generating obj.libclc.dir/tahiti-amdgcn--/opencl/lib/generic/atomic/atom_and.cl.bc
[18/5017] Generating obj.libclc.dir/tahiti-amdgcn--/opencl/lib/generic/atomic/atom_dec.cl.bc
[19/5017] Generating obj.libclc.dir/tahiti-amdgcn--/opencl/lib/generic/atomic/atom_inc.cl.bc
[20/5017] Generating obj.libclc.dir/tahiti-amdgcn--/opencl/lib/generic/atomic/atom_cmpxchg.cl.bc
[21/5017] Generating obj.libclc.dir/tahiti-amdgcn--/opencl/lib/generic/async/wait_group_events.cl.bc
[22/5017] Generating obj.libclc.dir/tahiti-amdgcn--/opencl/lib/generic/atomic/atom_min.cl.bc
[23/5017] Generating obj.libclc.dir/tahiti-amdgcn--/opencl/lib/generic/atomic/atom_add.cl.bc
[24/5017] Generating obj.libclc.dir/tahiti-amdgcn--/opencl/lib/generic/atomic/atom_max.cl.bc
[25/5017] Generating obj.libclc.dir/tahiti-amdgcn--/opencl/lib/generic/atomic/atom_or.cl.bc
[26/5017] Generating obj.libclc.dir/tahiti-amdgcn--/opencl/lib/generic/async/prefetch.cl.bc
[27/5017] Generating obj.libclc.dir/tahiti-amdgcn--/opencl/lib/generic/atomic/atom_xchg.cl.bc
[28/5017] Generating obj.libclc.dir/tahiti-amdgcn--/opencl/lib/generic/atomic/atomic_cmpxchg.cl.bc
[29/5017] Generating obj.libclc.dir/tahiti-amdgcn--/opencl/lib/generic/atomic/atomic_inc.cl.bc
[30/5017] Generating obj.libclc.dir/tahiti-amdgcn--/opencl/lib/generic/atomic/atomic_min.cl.bc
[31/5017] Generating obj.libclc.dir/tahiti-amdgcn--/opencl/lib/generic/atomic/atomic_and.cl.bc
[32/5017] Generating obj.libclc.dir/tahiti-amdgcn--/opencl/lib/generic/atomic/atomic_dec.cl.bc
[33/5017] Generating obj.libclc.dir/tahiti-amdgcn--/opencl/lib/generic/atomic/atom_sub.cl.bc
[34/5017] Generating obj.libclc.dir/tahiti-amdgcn--/opencl/lib/generic/atomic/atomic_add.cl.bc
[35/5017] Generating obj.libclc.dir/tahiti-amdgcn--/opencl/lib/generic/atomic/atomic_or.cl.bc
[36/5017] Generating obj.libclc.dir/tahiti-amdgcn--/opencl/lib/generic/atomic/atomic_sub.cl.bc
[37/5017] Generating obj.libclc.dir/tahiti-amdgcn--/opencl/lib/generic/atomic/atomic_max.cl.bc
[38/5017] Generating obj.libclc.dir/tahiti-amdgcn--/opencl/lib/generic/atomic/atom_xor.cl.bc
[39/5017] Generating obj.libclc.dir/tahiti-amdgcn--/opencl/lib/generic/atomic/atomic_xor.cl.bc
[40/5017] Generating obj.libclc.dir/tahiti-amdgcn--/opencl/lib/generic/atomic/atomic_xchg.cl.bc
[41/5017] Generating obj.libclc.dir/tahiti-amdgcn--/opencl/lib/generic/common/mix.cl.bc
[42/5017] Generating obj.libclc.dir/tahiti-amdgcn--/opencl/lib/generic/common/degrees.cl.bc
[43/5017] Generating obj.libclc.dir/tahiti-amdgcn--/opencl/lib/generic/common/smoothstep.cl.bc
[44/5017] Generating obj.libclc.dir/tahiti-amdgcn--/opencl/lib/generic/common/radians.cl.bc
[45/5017] Generating obj.libclc.dir/tahiti-amdgcn--/opencl/lib/generic/common/sign.cl.bc
[46/5017] Generating obj.libclc.dir/tahiti-amdgcn--/opencl/lib/generic/common/step.cl.bc
[47/5017] Generating obj.libclc.dir/tahiti-amdgcn--/opencl/lib/generic/geometric/cross.cl.bc
[48/5017] Generating obj.libclc.dir/tahiti-amdgcn--/opencl/lib/generic/geometric/distance.cl.bc
[49/5017] Generating obj.libclc.dir/tahiti-amdgcn--/opencl/lib/generic/geometric/fast_length.cl.bc
[50/5017] Generating obj.libclc.dir/tahiti-amdgcn--/opencl/lib/generic/geometric/length.cl.bc
[51/5017] Generating obj.libclc.dir/tahiti-amdgcn--/opencl/lib/generic/geometric/fast_distance.cl.bc
[52/5017] Generating obj.libclc.dir/tahiti-amdgcn--/opencl/lib/generic/geometric/normalize.cl.bc
[53/5017] Generating obj.libclc.dir/tahiti-amdgcn--/opencl/lib/generic/geometric/fast_normalize.cl.bc
[54/5017] Generating obj.libclc.dir/tahiti-amdgcn--/opencl/lib/generic/geometric/dot.cl.bc
[55/5017] Generating obj.libclc.dir/tahiti-amdgcn--/opencl/lib/generic/integer/abs_diff.cl.bc
[56/5017] Generating obj.libclc.dir/tahiti-amdgcn--/opencl/lib/generic/integer/add_sat.cl.bc
[57/5017] Generating obj.libclc.dir/tahiti-amdgcn--/opencl/lib/generic/integer/abs.cl.bc
[58/5017] Generating obj.libclc.dir/tahiti-amdgcn--/opencl/lib/generic/integer/ctz.cl.bc
[59/5017] Generating obj.libclc.dir/tahiti-amdgcn--/opencl/lib/generic/integer/clz.cl.bc
[60/5017] Generating obj.libclc.dir/tahiti-amdgcn--/opencl/lib/generic/integer/mad24.cl.bc
[61/5017] Generating obj.libclc.dir/tahiti-amdgcn--/opencl/lib/generic/integer/mul24.cl.bc
[62/5017] Generating obj.libclc.dir/tahiti-amdgcn--/opencl/lib/generic/integer/hadd.cl.bc
[63/5017] Generating obj.libclc.dir/tahiti-amdgcn--/opencl/lib/generic/integer/popcount.cl.bc
[64/5017] Generating obj.libclc.dir/tahiti-amdgcn--/opencl/lib/generic/integer/mul_hi.cl.bc
[65/5017] Generating obj.libclc.dir/tahiti-amdgcn--/opencl/lib/generic/integer/mad_sat.cl.bc
[66/5017] Generating obj.libclc.dir/tahiti-amdgcn--/opencl/lib/generic/integer/mad_hi.cl.bc
[67/5017] Generating obj.libclc.dir/tahiti-amdgcn--/opencl/lib/generic/integer/rotate.cl.bc
[68/5017] Generating obj.libclc.dir/tahiti-amdgcn--/opencl/lib/generic/integer/rhadd.cl.bc
[69/5017] Generating obj.libclc.dir/tahiti-amdgcn--/opencl/lib/generic/math/acosh.cl.bc
[70/5017] Generating obj.libclc.dir/tahiti-amdgcn--/opencl/lib/generic/math/acos.cl.bc
[71/5017] Generating obj.libclc.dir/tahiti-amdgcn--/opencl/lib/generic/integer/upsample.cl.bc
[72/5017] Generating obj.libclc.dir/tahiti-amdgcn--/opencl/lib/generic/math/acospi.cl.bc
[73/5017] Generating obj.libclc.dir/tahiti-amdgcn--/opencl/lib/generic/integer/sub_sat.cl.bc
[74/5017] Generating obj.libclc.dir/tahiti-amdgcn--/opencl/lib/generic/async/async_work_group_strided_copy.cl.bc
[75/5017] Generating obj.libclc.dir/tahiti-amdgcn--/opencl/lib/generic/math/asin.cl.bc
[76/5017] Generating obj.libclc.dir/tahiti-amdgcn--/opencl/lib/generic/math/atan.cl.bc
[77/5017] Generating obj.libclc.dir/tahiti-amdgcn--/opencl/lib/generic/math/asinh.cl.bc
[78/5017] Generating obj.libclc.dir/tahiti-amdgcn--/opencl/lib/generic/math/atan2.cl.bc
[79/5017] Generating obj.libclc.dir/tahiti-amdgcn--/opencl/lib/generic/math/atan2pi.cl.bc
[80/5017] Generating obj.libclc.dir/tahiti-amdgcn--/opencl/lib/generic/math/atanpi.cl.bc
[81/5017] Generating obj.libclc.dir/tahiti-amdgcn--/opencl/lib/generic/math/asinpi.cl.bc
[82/5017] Generating obj.libclc.dir/tahiti-amdgcn--/opencl/lib/generic/math/ceil.cl.bc
[83/5017] Generating obj.libclc.dir/tahiti-amdgcn--/opencl/lib/generic/math/cbrt.cl.bc
[84/5017] Generating obj.libclc.dir/tahiti-amdgcn--/opencl/lib/generic/math/copysign.cl.bc
[85/5017] Generating obj.libclc.dir/tahiti-amdgcn--/opencl/lib/generic/math/erfc.cl.bc
[86/5017] Generating obj.libclc.dir/tahiti-amdgcn--/opencl/lib/generic/math/erf.cl.bc
[87/5017] Generating obj.libclc.dir/tahiti-amdgcn--/opencl/lib/generic/math/atanh.cl.bc
[88/5017] Generating obj.libclc.dir/tahiti-amdgcn--/opencl/lib/generic/math/cospi.cl.bc
[89/5017] Generating obj.libclc.dir/tahiti-amdgcn--/opencl/lib/generic/math/expm1.cl.bc
[90/5017] Generating obj.libclc.dir/tahiti-amdgcn--/opencl/lib/generic/math/exp.cl.bc
[91/5017] Generating obj.libclc.dir/tahiti-amdgcn--/opencl/lib/generic/math/cos.cl.bc
[92/5017] Generating obj.libclc.dir/tahiti-amdgcn--/opencl/lib/generic/math/cosh.cl.bc
[93/5017] Generating obj.libclc.dir/tahiti-amdgcn--/opencl/lib/generic/math/floor.cl.bc
[94/5017] Generating obj.libclc.dir/tahiti-amdgcn--/opencl/lib/generic/math/fma.cl.bc
[95/5017] Generating obj.libclc.dir/tahiti-amdgcn--/opencl/lib/generic/math/exp2.cl.bc
[96/5017] Generating obj.libclc.dir/tahiti-amdgcn--/opencl/lib/generic/math/exp10.cl.bc
[97/5017] Generating obj.libclc.dir/tahiti-amdgcn--/opencl/lib/generic/math/fabs.cl.bc
[98/5017] Generating obj.libclc.dir/tahiti-amdgcn--/opencl/lib/generic/math/fmod.cl.bc
[99/5017] Generating obj.libclc.dir/tahiti-amdgcn--/opencl/lib/generic/math/fdim.cl.bc
[100/5017] Generating obj.libclc.dir/tahiti-amdgcn--/opencl/lib/generic/math/fmax.cl.bc
[101/5017] Generating obj.libclc.dir/tahiti-amdgcn--/opencl/lib/generic/math/half_cos.cl.bc
[102/5017] Generating obj.libclc.dir/tahiti-amdgcn--/opencl/lib/generic/math/half_divide.cl.bc
[103/5017] Generating obj.libclc.dir/tahiti-amdgcn--/opencl/lib/generic/math/fmin.cl.bc
[104/5017] Generating obj.libclc.dir/tahiti-amdgcn--/opencl/lib/generic/math/fract.cl.bc
[105/5017] Generating obj.libclc.dir/tahiti-amdgcn--/opencl/lib/generic/math/half_log2.cl.bc
[106/5017] Generating obj.libclc.dir/tahiti-amdgcn--/opencl/lib/generic/math/frexp.cl.bc
[107/5017] Generating obj.libclc.dir/tahiti-amdgcn--/opencl/lib/generic/math/half_exp2.cl.bc
[108/5017] Generating obj.libclc.dir/tahiti-amdgcn--/opencl/lib/generic/math/half_powr.cl.bc
[109/5017] Generating obj.libclc.dir/tahiti-amdgcn--/opencl/lib/generic/math/half_log.cl.bc
[110/5017] Generating obj.libclc.dir/tahiti-amdgcn--/opencl/lib/generic/math/half_recip.cl.bc
[111/5017] Generating obj.libclc.dir/tahiti-amdgcn--/opencl/lib/generic/math/half_log10.cl.bc
[112/5017] Generating obj.libclc.dir/tahiti-amdgcn--/opencl/lib/generic/math/half_sqrt.cl.bc
[113/5017] Generating obj.libclc.dir/tahiti-amdgcn--/opencl/lib/generic/math/half_sin.cl.bc
[114/5017] Generating obj.libclc.dir/tahiti-amdgcn--/opencl/lib/generic/math/half_tan.cl.bc
[115/5017] Generating obj.libclc.dir/tahiti-amdgcn--/opencl/lib/generic/math/half_exp.cl.bc
[116/5017] Generating obj.libclc.dir/tahiti-amdgcn--/opencl/lib/generic/math/half_exp10.cl.bc
[117/5017] Generating obj.libclc.dir/tahiti-amdgcn--/opencl/lib/generic/math/half_rsqrt.cl.bc
[118/5017] Generating obj.libclc.dir/tahiti-amdgcn--/opencl/lib/generic/math/ilogb.cl.bc
[119/5017] Generating obj.libclc.dir/tahiti-amdgcn--/opencl/lib/generic/math/ldexp.cl.bc
[120/5017] Generating obj.libclc.dir/tahiti-amdgcn--/opencl/lib/generic/math/hypot.cl.bc
[121/5017] Generating obj.libclc.dir/tahiti-amdgcn--/opencl/lib/generic/math/log10.cl.bc
[122/5017] Generating obj.libclc.dir/tahiti-amdgcn--/opencl/lib/generic/math/log1p.cl.bc
[123/5017] Generating obj.libclc.dir/tahiti-amdgcn--/opencl/lib/generic/math/log.cl.bc
[124/5017] Generating obj.libclc.dir/tahiti-amdgcn--/opencl/lib/generic/math/lgamma.cl.bc
[125/5017] Generating obj.libclc.dir/tahiti-amdgcn--/opencl/lib/generic/math/logb.cl.bc
[126/5017] Generating obj.libclc.dir/tahiti-amdgcn--/opencl/lib/generic/math/log2.cl.bc
[127/5017] Generating obj.libclc.dir/tahiti-amdgcn--/opencl/lib/generic/math/mad.cl.bc
[128/5017] Generating obj.libclc.dir/tahiti-amdgcn--/opencl/lib/generic/math/minmag.cl.bc
[129/5017] Generating obj.libclc.dir/tahiti-amdgcn--/opencl/lib/generic/math/maxmag.cl.bc
[130/5017] Generating obj.libclc.dir/tahiti-amdgcn--/opencl/lib/generic/math/native_cos.cl.bc
[131/5017] Generating obj.libclc.dir/tahiti-amdgcn--/opencl/lib/generic/math/nan.cl.bc
[132/5017] Generating obj.libclc.dir/tahiti-amdgcn--/opencl/lib/generic/math/native_divide.cl.bc
[133/5017] Generating obj.libclc.dir/tahiti-amdgcn--/opencl/lib/generic/math/modf.cl.bc
[134/5017] Generating obj.libclc.dir/tahiti-amdgcn--/opencl/lib/generic/math/lgamma_r.cl.bc
[135/5017] Generating obj.libclc.dir/tahiti-amdgcn--/opencl/lib/generic/math/native_exp2.cl.bc
[136/5017] Generating obj.libclc.dir/tahiti-amdgcn--/opencl/lib/generic/math/native_exp.cl.bc
[137/5017] Generating obj.libclc.dir/tahiti-amdgcn--/opencl/lib/generic/math/native_log10.cl.bc
[138/5017] Generating obj.libclc.dir/tahiti-amdgcn--/opencl/lib/generic/math/native_log2.cl.bc
[139/5017] Generating obj.libclc.dir/tahiti-amdgcn--/opencl/lib/generic/math/native_powr.cl.bc
[140/5017] Generating obj.libclc.dir/tahiti-amdgcn--/opencl/lib/generic/math/native_rsqrt.cl.bc
[141/5017] Generating obj.libclc.dir/tahiti-amdgcn--/opencl/lib/generic/math/native_log.cl.bc
[142/5017] Generating obj.libclc.dir/tahiti-amdgcn--/opencl/lib/generic/math/native_recip.cl.bc
[143/5017] Generating obj.libclc.dir/tahiti-amdgcn--/opencl/lib/generic/math/native_exp10.cl.bc
[144/5017] Generating obj.libclc.dir/tahiti-amdgcn--/opencl/lib/generic/math/native_sin.cl.bc
[145/5017] Generating obj.libclc.dir/tahiti-amdgcn--/opencl/lib/generic/math/native_sqrt.cl.bc
[146/5017] Generating obj.libclc.dir/tahiti-amdgcn--/opencl/lib/generic/math/remainder.cl.bc
[147/5017] Generating obj.libclc.dir/tahiti-amdgcn--/opencl/lib/generic/math/rint.cl.bc
[148/5017] Generating obj.libclc.dir/tahiti-amdgcn--/opencl/lib/generic/math/powr.cl.bc
[149/5017] Generating obj.libclc.dir/tahiti-amdgcn--/opencl/lib/generic/math/round.cl.bc
[150/5017] Generating obj.libclc.dir/tahiti-amdgcn--/opencl/lib/generic/math/rootn.cl.bc
[151/5017] Generating obj.libclc.dir/tahiti-amdgcn--/opencl/lib/generic/math/native_tan.cl.bc
[152/5017] Generating obj.libclc.dir/tahiti-amdgcn--/opencl/lib/generic/math/pow.cl.bc
[153/5017] Generating obj.libclc.dir/tahiti-amdgcn--/opencl/lib/generic/math/pown.cl.bc
[154/5017] Generating obj.libclc.dir/tahiti-amdgcn--/opencl/lib/generic/math/remquo.cl.bc
[155/5017] Generating obj.libclc.dir/tahiti-amdgcn--/opencl/lib/generic/math/nextafter.cl.bc
[156/5017] Generating obj.libclc.dir/tahiti-amdgcn--/opencl/lib/generic/math/sin.cl.bc
[157/5017] Generating obj.libclc.dir/tahiti-amdgcn--/opencl/lib/generic/math/rsqrt.cl.bc
[158/5017] Generating obj.libclc.dir/tahiti-amdgcn--/opencl/lib/generic/math/tan.cl.bc
[159/5017] Generating obj.libclc.dir/tahiti-amdgcn--/opencl/lib/generic/math/tanpi.cl.bc
[160/5017] Generating obj.libclc.dir/tahiti-amdgcn--/opencl/lib/generic/math/sincos.cl.bc
[161/5017] Generating obj.libclc.dir/tahiti-amdgcn--/opencl/lib/generic/math/sinh.cl.bc
[162/5017] Generating obj.libclc.dir/tahiti-amdgcn--/opencl/lib/generic/math/sqrt.cl.bc
[163/5017] Generating obj.libclc.dir/tahiti-amdgcn--/opencl/lib/generic/math/tanh.cl.bc
[164/5017] Generating obj.libclc.dir/tahiti-amdgcn--/opencl/lib/generic/math/sinpi.cl.bc
[165/5017] Generating obj.libclc.dir/tahiti-amdgcn--/opencl/lib/generic/math/tgamma.cl.bc
[166/5017] Generating obj.libclc.dir/tahiti-amdgcn--/opencl/lib/generic/math/trunc.cl.bc
[167/5017] Generating obj.libclc.dir/tahiti-amdgcn--/opencl/lib/generic/relational/all.cl.bc
[168/5017] Generating obj.libclc.dir/tahiti-amdgcn--/opencl/lib/generic/relational/any.cl.bc
[169/5017] Generating obj.libclc.dir/tahiti-amdgcn--/opencl/lib/generic/relational/isfinite.cl.bc
[170/5017] Generating obj.libclc.dir/tahiti-amdgcn--/opencl/lib/generic/relational/isequal.cl.bc
[171/5017] Generating obj.libclc.dir/tahiti-amdgcn--/opencl/lib/generic/relational/bitselect.cl.bc
[172/5017] Generating obj.libclc.dir/tahiti-amdgcn--/opencl/lib/generic/relational/isgreater.cl.bc
[173/5017] Generating obj.libclc.dir/tahiti-amdgcn--/opencl/lib/generic/relational/isless.cl.bc
[174/5017] Generating obj.libclc.dir/tahiti-amdgcn--/opencl/lib/generic/relational/isnan.cl.bc
[175/5017] Generating obj.libclc.dir/tahiti-amdgcn--/opencl/lib/generic/relational/isgreaterequal.cl.bc
[176/5017] Generating obj.libclc.dir/tahiti-amdgcn--/opencl/lib/generic/misc/shuffle.cl.bc
[177/5017] Generating obj.libclc.dir/tahiti-amdgcn--/opencl/lib/generic/relational/isinf.cl.bc
[178/5017] Generating obj.libclc.dir/tahiti-amdgcn--/opencl/lib/generic/relational/isnotequal.cl.bc
[179/5017] Generating obj.libclc.dir/tahiti-amdgcn--/opencl/lib/generic/relational/isnormal.cl.bc
[180/5017] Generating obj.libclc.dir/tahiti-amdgcn--/opencl/lib/generic/relational/isunordered.cl.bc
[181/5017] Generating obj.libclc.dir/tahiti-amdgcn--/opencl/lib/generic/relational/islessgreater.cl.bc
[182/5017] Generating obj.libclc.dir/tahiti-amdgcn--/opencl/lib/generic/relational/islessequal.cl.bc
[183/5017] Generating obj.libclc.dir/tahiti-amdgcn--/opencl/lib/generic/relational/isordered.cl.bc
[184/5017] Generating obj.libclc.dir/tahiti-amdgcn--/opencl/lib/generic/relational/signbit.cl.bc
[185/5017] Generating obj.libclc.dir/tahiti-amdgcn-mesa-mesa3d/opencl/lib/amdgcn/cl_khr_int64_extended_atomics/minmax_helpers.ll.bc.tmp
[186/5017] Generating obj.libclc.dir/tahiti-amdgcn--/opencl/lib/generic/relational/select.cl.bc
[187/5017] Generating obj.libclc.dir/tahiti-amdgcn--/opencl/lib/generic/shared/clamp.cl.bc
[188/5017] Generating obj.libclc.dir/tahiti-amdgcn-mesa-mesa3d/opencl/lib/generic/subnormal_use_default.ll.bc.tmp
[189/5017] Generating obj.libclc.dir/tahiti-amdgcn--/opencl/lib/generic/shared/min.cl.bc
[190/5017] Generating obj.libclc.dir/tahiti-amdgcn--/opencl/lib/generic/workitem/get_global_id.cl.bc
[191/5017] Generating obj.libclc.dir/tahiti-amdgcn--/opencl/lib/generic/misc/shuffle2.cl.bc
[192/5017] Generating obj.libclc.dir/tahiti-amdgcn--/opencl/lib/generic/shared/max.cl.bc
[193/5017] Generating obj.libclc.dir/tahiti-amdgcn-mesa-mesa3d/opencl/lib/amdgcn/workitem/get_global_offset.cl.bc
[194/5017] Generating obj.libclc.dir/tahiti-amdgcn-mesa-mesa3d/opencl/lib/amdgcn/workitem/get_local_size.cl.bc
[195/5017] Generating obj.libclc.dir/tahiti-amdgcn-mesa-mesa3d/opencl/lib/amdgcn/workitem/get_group_id.cl.bc
[196/5017] Generating obj.libclc.dir/tahiti-amdgcn-mesa-mesa3d/opencl/lib/amdgcn/workitem/get_num_groups.cl.bc
[197/5017] Generating obj.libclc.dir/tahiti-amdgcn-mesa-mesa3d/opencl/lib/amdgcn/synchronization/barrier.cl.bc
[198/5017] Generating obj.libclc.dir/tahiti-amdgcn-mesa-mesa3d/opencl/lib/amdgcn/workitem/get_local_id.cl.bc
[199/5017] Generating obj.libclc.dir/tahiti-amdgcn-mesa-mesa3d/opencl/lib/amdgcn/workitem/get_global_size.cl.bc
[200/5017] Generating obj.libclc.dir/tahiti-amdgcn-mesa-mesa3d/opencl/lib/amdgcn/mem_fence/fence.cl.bc
[201/5017] Generating obj.libclc.dir/tahiti-amdgcn-mesa-mesa3d/opencl/lib/generic/subnormal_config.cl.bc
[202/5017] Generating obj.libclc.dir/tahiti-amdgcn-mesa-mesa3d/opencl/lib/generic/subnormal_helper_func.ll.bc.tmp
[203/5017] Generating obj.libclc.dir/tahiti-amdgcn-mesa-mesa3d/opencl/lib/amdgcn/workitem/get_work_dim.cl.bc
[204/5017] Generating obj.libclc.dir/tahiti-amdgcn--/opencl/lib/generic/shared/vload.cl.bc
[205/5017] Generating obj.libclc.dir/tahiti-amdgcn-mesa-mesa3d/opencl/lib/generic/async/wait_group_events.cl.bc
[206/5017] Generating obj.libclc.dir/tahiti-amdgcn-mesa-mesa3d/opencl/lib/generic/atomic/atom_add.cl.bc
[207/5017] Generating obj.libclc.dir/tahiti-amdgcn-mesa-mesa3d/opencl/lib/generic/atomic/atom_dec.cl.bc
[208/5017] Generating obj.libclc.dir/tahiti-amdgcn-mesa-mesa3d/opencl/lib/generic/atomic/atom_and.cl.bc
[209/5017] Generating obj.libclc.dir/tahiti-amdgcn-mesa-mesa3d/opencl/lib/generic/atomic/atom_cmpxchg.cl.bc
[210/5017] Generating obj.libclc.dir/tahiti-amdgcn-mesa-mesa3d/opencl/lib/generic/atomic/atom_inc.cl.bc
[211/5017] Generating obj.libclc.dir/tahiti-amdgcn--/opencl/lib/generic/shared/vstore.cl.bc
[212/5017] Generating obj.libclc.dir/tahiti-amdgcn-mesa-mesa3d/opencl/lib/generic/async/prefetch.cl.bc
[213/5017] Generating obj.libclc.dir/tahiti-amdgcn-mesa-mesa3d/opencl/lib/generic/atomic/atom_max.cl.bc
[214/5017] Generating obj.libclc.dir/tahiti-amdgcn-mesa-mesa3d/opencl/lib/generic/atomic/atom_xor.cl.bc
[215/5017] Generating obj.libclc.dir/tahiti-amdgcn-mesa-mesa3d/opencl/lib/generic/atomic/atom_or.cl.bc
[216/5017] Generating obj.libclc.dir/tahiti-amdgcn-mesa-mesa3d/opencl/lib/generic/atomic/atom_min.cl.bc
[217/5017] Generating obj.libclc.dir/tahiti-amdgcn-mesa-mesa3d/opencl/lib/generic/atomic/atom_sub.cl.bc
[218/5017] Generating obj.libclc.dir/tahiti-amdgcn-mesa-mesa3d/opencl/lib/generic/atomic/atom_xchg.cl.bc
[219/5017] Generating obj.libclc.dir/tahiti-amdgcn-mesa-mesa3d/opencl/lib/generic/atomic/atomic_add.cl.bc
[220/5017] Generating obj.libclc.dir/tahiti-amdgcn-mesa-mesa3d/opencl/lib/generic/atomic/atomic_and.cl.bc
[221/5017] Generating obj.libclc.dir/tahiti-amdgcn-mesa-mesa3d/opencl/lib/generic/atomic/atomic_max.cl.bc
[222/5017] Generating obj.libclc.dir/tahiti-amdgcn-mesa-mesa3d/opencl/lib/generic/atomic/atomic_inc.cl.bc
[223/5017] Generating obj.libclc.dir/tahiti-amdgcn-mesa-mesa3d/opencl/lib/generic/atomic/atomic_cmpxchg.cl.bc
[224/5017] Generating obj.libclc.dir/tahiti-amdgcn-mesa-mesa3d/opencl/lib/generic/async/async_work_group_copy.cl.bc
[225/5017] Generating obj.libclc.dir/tahiti-amdgcn-mesa-mesa3d/opencl/lib/generic/atomic/atomic_or.cl.bc
[226/5017] Generating obj.libclc.dir/tahiti-amdgcn-mesa-mesa3d/opencl/lib/generic/atomic/atomic_xor.cl.bc
[227/5017] Generating obj.libclc.dir/tahiti-amdgcn-mesa-mesa3d/opencl/lib/generic/atomic/atomic_sub.cl.bc
[228/5017] Generating obj.libclc.dir/tahiti-amdgcn-mesa-mesa3d/opencl/lib/generic/atomic/atomic_dec.cl.bc
[229/5017] Generating obj.libclc.dir/tahiti-amdgcn-mesa-mesa3d/opencl/lib/generic/atomic/atomic_min.cl.bc
[230/5017] Generating obj.libclc.dir/tahiti-amdgcn-mesa-mesa3d/opencl/lib/generic/atomic/atomic_xchg.cl.bc
[231/5017] Generating obj.libclc.dir/tahiti-amdgcn-mesa-mesa3d/opencl/lib/generic/common/degrees.cl.bc
[232/5017] Generating obj.libclc.dir/tahiti-amdgcn-mesa-mesa3d/opencl/lib/generic/common/radians.cl.bc
[233/5017] Generating obj.libclc.dir/tahiti-amdgcn-mesa-mesa3d/opencl/lib/generic/geometric/cross.cl.bc
[234/5017] Generating obj.libclc.dir/tahiti-amdgcn-mesa-mesa3d/opencl/lib/generic/common/sign.cl.bc
[235/5017] Generating obj.libclc.dir/tahiti-amdgcn-mesa-mesa3d/opencl/lib/generic/common/mix.cl.bc
[236/5017] Generating obj.libclc.dir/tahiti-amdgcn-mesa-mesa3d/opencl/lib/generic/common/step.cl.bc
[237/5017] Generating obj.libclc.dir/tahiti-amdgcn-mesa-mesa3d/opencl/lib/generic/geometric/distance.cl.bc
[238/5017] Generating obj.libclc.dir/tahiti-amdgcn-mesa-mesa3d/opencl/lib/generic/async/async_work_group_strided_copy.cl.bc
[239/5017] Generating obj.libclc.dir/tahiti-amdgcn-mesa-mesa3d/opencl/lib/generic/geometric/fast_length.cl.bc
[240/5017] Generating obj.libclc.dir/tahiti-amdgcn-mesa-mesa3d/opencl/lib/generic/geometric/length.cl.bc
[241/5017] Generating obj.libclc.dir/tahiti-amdgcn-mesa-mesa3d/opencl/lib/generic/common/smoothstep.cl.bc
[242/5017] Generating obj.libclc.dir/tahiti-amdgcn-mesa-mesa3d/opencl/lib/generic/geometric/fast_normalize.cl.bc
[243/5017] Generating obj.libclc.dir/tahiti-amdgcn-mesa-mesa3d/opencl/lib/generic/geometric/fast_distance.cl.bc
[244/5017] Generating obj.libclc.dir/tahiti-amdgcn-mesa-mesa3d/opencl/lib/generic/geometric/dot.cl.bc
[245/5017] Generating obj.libclc.dir/tahiti-amdgcn-mesa-mesa3d/opencl/lib/generic/geometric/normalize.cl.bc
[246/5017] Generating obj.libclc.dir/tahiti-amdgcn-mesa-mesa3d/opencl/lib/generic/integer/abs_diff.cl.bc
[247/5017] Generating obj.libclc.dir/tahiti-amdgcn-mesa-mesa3d/opencl/lib/generic/integer/ctz.cl.bc
[248/5017] Generating obj.libclc.dir/tahiti-amdgcn-mesa-mesa3d/opencl/lib/generic/integer/add_sat.cl.bc
[249/5017] Generating obj.libclc.dir/tahiti-amdgcn-mesa-mesa3d/opencl/lib/generic/integer/abs.cl.bc
[250/5017] Generating obj.libclc.dir/tahiti-amdgcn-mesa-mesa3d/opencl/lib/generic/integer/mad_sat.cl.bc
[251/5017] Generating obj.libclc.dir/tahiti-amdgcn-mesa-mesa3d/opencl/lib/generic/integer/clz.cl.bc
[252/5017] Generating obj.libclc.dir/tahiti-amdgcn-mesa-mesa3d/opencl/lib/generic/integer/mad24.cl.bc
[253/5017] Generating obj.libclc.dir/tahiti-amdgcn-mesa-mesa3d/opencl/lib/generic/integer/mul24.cl.bc
[254/5017] Generating obj.libclc.dir/tahiti-amdgcn-mesa-mesa3d/opencl/lib/generic/integer/rhadd.cl.bc
[255/5017] Generating obj.libclc.dir/tahiti-amdgcn-mesa-mesa3d/opencl/lib/generic/integer/mul_hi.cl.bc
[256/5017] Generating obj.libclc.dir/tahiti-amdgcn-mesa-mesa3d/opencl/lib/generic/integer/popcount.cl.bc
[257/5017] Generating obj.libclc.dir/tahiti-amdgcn-mesa-mesa3d/opencl/lib/generic/integer/hadd.cl.bc
[258/5017] Generating obj.libclc.dir/tahiti-amdgcn-mesa-mesa3d/opencl/lib/generic/integer/mad_hi.cl.bc
[259/5017] Generating obj.libclc.dir/tahiti-amdgcn-mesa-mesa3d/opencl/lib/generic/integer/sub_sat.cl.bc
[260/5017] Generating obj.libclc.dir/tahiti-amdgcn-mesa-mesa3d/opencl/lib/generic/integer/upsample.cl.bc
[261/5017] Generating obj.libclc.dir/tahiti-amdgcn-mesa-mesa3d/opencl/lib/generic/integer/rotate.cl.bc
[262/5017] Generating obj.libclc.dir/tahiti-amdgcn-mesa-mesa3d/opencl/lib/generic/math/acospi.cl.bc
[263/5017] Generating obj.libclc.dir/tahiti-amdgcn-mesa-mesa3d/opencl/lib/generic/math/asin.cl.bc
[264/5017] Generating obj.libclc.dir/tahiti-amdgcn-mesa-mesa3d/opencl/lib/generic/math/acos.cl.bc
[265/5017] Generating obj.libclc.dir/tahiti-amdgcn-mesa-mesa3d/opencl/lib/generic/math/acosh.cl.bc
[266/5017] Generating obj.libclc.dir/tahiti-amdgcn-mesa-mesa3d/opencl/lib/generic/math/atan2.cl.bc
[267/5017] Generating obj.libclc.dir/tahiti-amdgcn-mesa-mesa3d/opencl/lib/generic/math/atan.cl.bc
[268/5017] Generating obj.libclc.dir/tahiti-amdgcn-mesa-mesa3d/opencl/lib/generic/math/asinpi.cl.bc
[269/5017] Generating obj.libclc.dir/tahiti-amdgcn-mesa-mesa3d/opencl/lib/generic/math/asinh.cl.bc
[270/5017] Generating obj.libclc.dir/tahiti-amdgcn-mesa-mesa3d/opencl/lib/generic/math/atanpi.cl.bc
[271/5017] Generating obj.libclc.dir/tahiti-amdgcn-mesa-mesa3d/opencl/lib/generic/math/atan2pi.cl.bc
[272/5017] Generating obj.libclc.dir/tahiti-amdgcn-mesa-mesa3d/opencl/lib/generic/math/atanh.cl.bc
[273/5017] Generating obj.libclc.dir/tahiti-amdgcn-mesa-mesa3d/opencl/lib/generic/math/ceil.cl.bc
[274/5017] Generating obj.libclc.dir/tahiti-amdgcn-mesa-mesa3d/opencl/lib/generic/math/cbrt.cl.bc
[275/5017] Generating obj.libclc.dir/tahiti-amdgcn-mesa-mesa3d/opencl/lib/generic/math/cos.cl.bc
[276/5017] Generating obj.libclc.dir/tahiti-amdgcn-mesa-mesa3d/opencl/lib/generic/math/erfc.cl.bc
[277/5017] Generating obj.libclc.dir/tahiti-amdgcn-mesa-mesa3d/opencl/lib/generic/math/copysign.cl.bc
[278/5017] Generating obj.libclc.dir/tahiti-amdgcn-mesa-mesa3d/opencl/lib/generic/math/erf.cl.bc
[279/5017] Generating obj.libclc.dir/tahiti-amdgcn-mesa-mesa3d/opencl/lib/generic/math/exp10.cl.bc
[280/5017] Generating obj.libclc.dir/tahiti-amdgcn-mesa-mesa3d/opencl/lib/generic/math/exp.cl.bc
[281/5017] Generating obj.libclc.dir/tahiti-amdgcn-mesa-mesa3d/opencl/lib/generic/math/expm1.cl.bc
[282/5017] Generating obj.libclc.dir/tahiti-amdgcn-mesa-mesa3d/opencl/lib/generic/math/cosh.cl.bc
[283/5017] Generating obj.libclc.dir/tahiti-amdgcn-mesa-mesa3d/opencl/lib/generic/math/fdim.cl.bc
[284/5017] Generating obj.libclc.dir/tahiti-amdgcn-mesa-mesa3d/opencl/lib/generic/math/cospi.cl.bc
[285/5017] Generating obj.libclc.dir/tahiti-amdgcn-mesa-mesa3d/opencl/lib/generic/math/fma.cl.bc
[286/5017] Generating obj.libclc.dir/tahiti-amdgcn-mesa-mesa3d/opencl/lib/generic/math/exp2.cl.bc
[287/5017] Generating obj.libclc.dir/tahiti-amdgcn-mesa-mesa3d/opencl/lib/generic/math/floor.cl.bc
[288/5017] Generating obj.libclc.dir/tahiti-amdgcn-mesa-mesa3d/opencl/lib/generic/math/fabs.cl.bc
[289/5017] Generating obj.libclc.dir/tahiti-amdgcn-mesa-mesa3d/opencl/lib/generic/math/fmod.cl.bc
[290/5017] Generating obj.libclc.dir/tahiti-amdgcn-mesa-mesa3d/opencl/lib/generic/math/fmin.cl.bc
[291/5017] Generating obj.libclc.dir/tahiti-amdgcn-mesa-mesa3d/opencl/lib/generic/math/fract.cl.bc
[292/5017] Generating obj.libclc.dir/tahiti-amdgcn-mesa-mesa3d/opencl/lib/generic/math/fmax.cl.bc
[293/5017] Generating obj.libclc.dir/tahiti-amdgcn-mesa-mesa3d/opencl/lib/generic/math/half_divide.cl.bc
[294/5017] Generating obj.libclc.dir/tahiti-amdgcn-mesa-mesa3d/opencl/lib/generic/math/half_cos.cl.bc
[295/5017] Generating obj.libclc.dir/tahiti-amdgcn-mesa-mesa3d/opencl/lib/generic/math/frexp.cl.bc
[296/5017] Generating obj.libclc.dir/tahiti-amdgcn-mesa-mesa3d/opencl/lib/generic/math/half_exp.cl.bc
[297/5017] Generating obj.libclc.dir/tahiti-amdgcn-mesa-mesa3d/opencl/lib/generic/math/half_exp10.cl.bc
[298/5017] Generating obj.libclc.dir/tahiti-amdgcn-mesa-mesa3d/opencl/lib/generic/math/half_log2.cl.bc
[299/5017] Generating obj.libclc.dir/tahiti-amdgcn-mesa-mesa3d/opencl/lib/generic/math/half_log10.cl.bc
[300/5017] Generating obj.libclc.dir/tahiti-amdgcn-mesa-mesa3d/opencl/lib/generic/math/half_recip.cl.bc
[301/5017] Generating obj.libclc.dir/tahiti-amdgcn-mesa-mesa3d/opencl/lib/generic/math/half_exp2.cl.bc
[302/5017] Generating obj.libclc.dir/tahiti-amdgcn-mesa-mesa3d/opencl/lib/generic/math/half_log.cl.bc
[303/5017] Generating obj.libclc.dir/tahiti-amdgcn-mesa-mesa3d/opencl/lib/generic/math/half_powr.cl.bc
[304/5017] Generating obj.libclc.dir/tahiti-amdgcn-mesa-mesa3d/opencl/lib/generic/math/half_rsqrt.cl.bc
[305/5017] Generating obj.libclc.dir/tahiti-amdgcn-mesa-mesa3d/opencl/lib/generic/math/half_sin.cl.bc
[306/5017] Generating obj.libclc.dir/tahiti-amdgcn-mesa-mesa3d/opencl/lib/generic/math/half_sqrt.cl.bc
[307/5017] Generating obj.libclc.dir/tahiti-amdgcn-mesa-mesa3d/opencl/lib/generic/math/hypot.cl.bc
[308/5017] Generating obj.libclc.dir/tahiti-amdgcn-mesa-mesa3d/opencl/lib/generic/math/half_tan.cl.bc
[309/5017] Generating obj.libclc.dir/tahiti-amdgcn-mesa-mesa3d/opencl/lib/generic/math/log10.cl.bc
[310/5017] Generating obj.libclc.dir/tahiti-amdgcn-mesa-mesa3d/opencl/lib/generic/math/log1p.cl.bc
[311/5017] Generating obj.libclc.dir/tahiti-amdgcn-mesa-mesa3d/opencl/lib/generic/math/log.cl.bc
[312/5017] Generating obj.libclc.dir/tahiti-amdgcn-mesa-mesa3d/opencl/lib/generic/math/ilogb.cl.bc
[313/5017] Generating obj.libclc.dir/tahiti-amdgcn-mesa-mesa3d/opencl/lib/generic/math/logb.cl.bc
[314/5017] Generating obj.libclc.dir/tahiti-amdgcn-mesa-mesa3d/opencl/lib/generic/math/ldexp.cl.bc
[315/5017] Generating obj.libclc.dir/tahiti-amdgcn-mesa-mesa3d/opencl/lib/generic/math/lgamma.cl.bc
[316/5017] Generating obj.libclc.dir/tahiti-amdgcn-mesa-mesa3d/opencl/lib/generic/math/minmag.cl.bc
[317/5017] Generating obj.libclc.dir/tahiti-amdgcn-mesa-mesa3d/opencl/lib/generic/math/maxmag.cl.bc
[318/5017] Generating obj.libclc.dir/tahiti-amdgcn-mesa-mesa3d/opencl/lib/generic/math/log2.cl.bc
[319/5017] Generating obj.libclc.dir/tahiti-amdgcn-mesa-mesa3d/opencl/lib/generic/math/lgamma_r.cl.bc
[320/5017] Generating obj.libclc.dir/tahiti-amdgcn-mesa-mesa3d/opencl/lib/generic/math/mad.cl.bc
[321/5017] Generating obj.libclc.dir/tahiti-amdgcn-mesa-mesa3d/opencl/lib/generic/math/native_cos.cl.bc
[322/5017] Generating obj.libclc.dir/tahiti-amdgcn-mesa-mesa3d/opencl/lib/generic/math/modf.cl.bc
[323/5017] Generating obj.libclc.dir/tahiti-amdgcn-mesa-mesa3d/opencl/lib/generic/math/nan.cl.bc
[324/5017] Generating obj.libclc.dir/tahiti-amdgcn-mesa-mesa3d/opencl/lib/generic/math/native_exp10.cl.bc
[325/5017] Generating obj.libclc.dir/tahiti-amdgcn-mesa-mesa3d/opencl/lib/generic/math/native_log.cl.bc
[326/5017] Generating obj.libclc.dir/tahiti-amdgcn-mesa-mesa3d/opencl/lib/generic/math/native_exp.cl.bc
[327/5017] Generating obj.libclc.dir/tahiti-amdgcn-mesa-mesa3d/opencl/lib/generic/math/native_divide.cl.bc
[328/5017] Generating obj.libclc.dir/tahiti-amdgcn-mesa-mesa3d/opencl/lib/generic/math/native_powr.cl.bc
[329/5017] Generating obj.libclc.dir/tahiti-amdgcn-mesa-mesa3d/opencl/lib/generic/math/native_exp2.cl.bc
[330/5017] Generating obj.libclc.dir/tahiti-amdgcn-mesa-mesa3d/opencl/lib/generic/math/native_rsqrt.cl.bc
[331/5017] Generating obj.libclc.dir/tahiti-amdgcn-mesa-mesa3d/opencl/lib/generic/math/native_sin.cl.bc
[332/5017] Generating obj.libclc.dir/tahiti-amdgcn-mesa-mesa3d/opencl/lib/generic/math/native_recip.cl.bc
[333/5017] Generating obj.libclc.dir/tahiti-amdgcn-mesa-mesa3d/opencl/lib/generic/math/native_sqrt.cl.bc
[334/5017] Generating obj.libclc.dir/tahiti-amdgcn-mesa-mesa3d/opencl/lib/generic/math/native_tan.cl.bc
[335/5017] Generating obj.libclc.dir/tahiti-amdgcn-mesa-mesa3d/opencl/lib/generic/math/native_log2.cl.bc
[336/5017] Generating obj.libclc.dir/tahiti-amdgcn-mesa-mesa3d/opencl/lib/generic/math/native_log10.cl.bc
[337/5017] Generating obj.libclc.dir/tahiti-amdgcn-mesa-mesa3d/opencl/lib/generic/math/nextafter.cl.bc
[338/5017] Generating obj.libclc.dir/tahiti-amdgcn-mesa-mesa3d/opencl/lib/generic/math/pow.cl.bc
[339/5017] Generating obj.libclc.dir/tahiti-amdgcn-mesa-mesa3d/opencl/lib/generic/math/powr.cl.bc
[340/5017] Generating obj.libclc.dir/tahiti-amdgcn-mesa-mesa3d/opencl/lib/generic/math/pown.cl.bc
[341/5017] Generating obj.libclc.dir/tahiti-amdgcn-mesa-mesa3d/opencl/lib/generic/math/remainder.cl.bc
[342/5017] Generating obj.libclc.dir/tahiti-amdgcn-mesa-mesa3d/opencl/lib/generic/math/rint.cl.bc
[343/5017] Generating obj.libclc.dir/tahiti-amdgcn-mesa-mesa3d/opencl/lib/generic/math/rsqrt.cl.bc
[344/5017] Generating obj.libclc.dir/tahiti-amdgcn-mesa-mesa3d/opencl/lib/generic/math/rootn.cl.bc
[345/5017] Generating obj.libclc.dir/tahiti-amdgcn-mesa-mesa3d/opencl/lib/generic/math/sin.cl.bc
[346/5017] Generating obj.libclc.dir/tahiti-amdgcn-mesa-mesa3d/opencl/lib/generic/math/sinh.cl.bc
[347/5017] Generating obj.libclc.dir/tahiti-amdgcn-mesa-mesa3d/opencl/lib/generic/math/tan.cl.bc
[348/5017] Generating obj.libclc.dir/tahiti-amdgcn-mesa-mesa3d/opencl/lib/generic/math/remquo.cl.bc
[349/5017] Generating obj.libclc.dir/tahiti-amdgcn-mesa-mesa3d/opencl/lib/generic/math/round.cl.bc
[350/5017] Generating obj.libclc.dir/tahiti-amdgcn-mesa-mesa3d/opencl/lib/generic/math/tanh.cl.bc
[351/5017] Generating obj.libclc.dir/tahiti-amdgcn-mesa-mesa3d/opencl/lib/generic/math/sqrt.cl.bc
[352/5017] Generating obj.libclc.dir/tahiti-amdgcn-mesa-mesa3d/opencl/lib/generic/math/sincos.cl.bc
[353/5017] Generating obj.libclc.dir/tahiti-amdgcn-mesa-mesa3d/opencl/lib/generic/math/trunc.cl.bc
[354/5017] Generating obj.libclc.dir/tahiti-amdgcn-mesa-mesa3d/opencl/lib/generic/math/sinpi.cl.bc
[355/5017] Generating obj.libclc.dir/tahiti-amdgcn-mesa-mesa3d/opencl/lib/generic/math/tanpi.cl.bc
[356/5017] Generating obj.libclc.dir/tahiti-amdgcn-mesa-mesa3d/opencl/lib/generic/math/tgamma.cl.bc
[357/5017] Generating obj.libclc.dir/tahiti-amdgcn-mesa-mesa3d/opencl/lib/generic/relational/isequal.cl.bc
[358/5017] Generating obj.libclc.dir/tahiti-amdgcn-mesa-mesa3d/opencl/lib/generic/relational/any.cl.bc
[359/5017] Generating obj.libclc.dir/tahiti-amdgcn-mesa-mesa3d/opencl/lib/generic/relational/isfinite.cl.bc
[360/5017] Generating obj.libclc.dir/tahiti-amdgcn-mesa-mesa3d/opencl/lib/generic/relational/bitselect.cl.bc
[361/5017] Generating obj.libclc.dir/tahiti-amdgcn-mesa-mesa3d/opencl/lib/generic/relational/all.cl.bc
[362/5017] Generating obj.libclc.dir/tahiti-amdgcn-mesa-mesa3d/opencl/lib/generic/relational/isgreater.cl.bc
[363/5017] Generating obj.libclc.dir/tahiti-amdgcn-mesa-mesa3d/opencl/lib/generic/relational/isinf.cl.bc
[364/5017] Generating obj.libclc.dir/tahiti-amdgcn-mesa-mesa3d/opencl/lib/generic/relational/isless.cl.bc
[365/5017] Generating obj.libclc.dir/tahiti-amdgcn-mesa-mesa3d/opencl/lib/generic/relational/isgreaterequal.cl.bc
[366/5017] Generating obj.libclc.dir/tahiti-amdgcn-mesa-mesa3d/opencl/lib/generic/relational/islessequal.cl.bc
[367/5017] Generating obj.libclc.dir/tahiti-amdgcn-mesa-mesa3d/opencl/lib/generic/misc/shuffle.cl.bc
[368/5017] Generating obj.libclc.dir/tahiti-amdgcn-mesa-mesa3d/opencl/lib/generic/misc/shuffle2.cl.bc
[369/5017] Generating obj.libclc.dir/tahiti-amdgcn-mesa-mesa3d/opencl/lib/generic/relational/islessgreater.cl.bc
[370/5017] Generating obj.libclc.dir/tahiti-amdgcn-mesa-mesa3d/opencl/lib/generic/relational/isunordered.cl.bc
[371/5017] Generating obj.libclc.dir/tahiti-amdgcn-mesa-mesa3d/opencl/lib/generic/relational/isnotequal.cl.bc
[372/5017] Generating obj.libclc.dir/tahiti-amdgcn-mesa-mesa3d/opencl/lib/generic/relational/isordered.cl.bc
[373/5017] Generating obj.libclc.dir/tahiti-amdgcn-mesa-mesa3d/opencl/lib/generic/relational/isnan.cl.bc
[374/5017] Generating obj.libclc.dir/tahiti-amdgcn-mesa-mesa3d/opencl/lib/generic/relational/signbit.cl.bc
[375/5017] Generating obj.libclc.dir/tahiti-amdgcn-mesa-mesa3d/opencl/lib/generic/relational/isnormal.cl.bc
[376/5017] Generating obj.libclc.dir/cedar-r600--/opencl/lib/generic/subnormal_use_default.ll.bc.tmp
[377/5017] Generating obj.libclc.dir/cedar-r600--/opencl/lib/r600/workitem/get_global_offset.cl.bc
[378/5017] Generating obj.libclc.dir/tahiti-amdgcn-mesa-mesa3d/opencl/lib/generic/shared/max.cl.bc
[379/5017] Generating obj.libclc.dir/tahiti-amdgcn-mesa-mesa3d/opencl/lib/generic/workitem/get_global_id.cl.bc
[380/5017] Generating obj.libclc.dir/cedar-r600--/opencl/lib/r600/synchronization/barrier.cl.bc
[381/5017] Generating obj.libclc.dir/tahiti-amdgcn-mesa-mesa3d/opencl/lib/generic/shared/min.cl.bc
[382/5017] Generating obj.libclc.dir/cedar-r600--/opencl/lib/r600/workitem/get_group_id.cl.bc
[383/5017] Generating obj.libclc.dir/cedar-r600--/opencl/lib/r600/workitem/get_num_groups.cl.bc
[384/5017] Generating obj.libclc.dir/cedar-r600--/opencl/lib/r600/workitem/get_local_size.cl.bc
[385/5017] Generating obj.libclc.dir/cedar-r600--/opencl/lib/r600/workitem/get_local_id.cl.bc
[386/5017] Generating obj.libclc.dir/cedar-r600--/opencl/lib/r600/workitem/get_work_dim.cl.bc
[387/5017] Generating obj.libclc.dir/cedar-r600--/opencl/lib/r600/workitem/get_global_size.cl.bc
[388/5017] Generating obj.libclc.dir/cedar-r600--/opencl/lib/generic/subnormal_config.cl.bc
[389/5017] Generating obj.libclc.dir/tahiti-amdgcn-mesa-mesa3d/opencl/lib/generic/shared/clamp.cl.bc
[390/5017] Generating obj.libclc.dir/tahiti-amdgcn-mesa-mesa3d/opencl/lib/generic/relational/select.cl.bc
[391/5017] Generating obj.libclc.dir/cedar-r600--/opencl/lib/generic/subnormal_helper_func.ll.bc.tmp
[392/5017] Generating obj.libclc.dir/cedar-r600--/opencl/lib/generic/atomic/atom_add.cl.bc
[393/5017] Generating obj.libclc.dir/cedar-r600--/opencl/lib/generic/async/wait_group_events.cl.bc
[394/5017] Generating obj.libclc.dir/tahiti-amdgcn-mesa-mesa3d/opencl/lib/generic/shared/vload.cl.bc
[395/5017] Generating obj.libclc.dir/cedar-r600--/opencl/lib/generic/atomic/atom_and.cl.bc
[396/5017] Generating obj.libclc.dir/cedar-r600--/opencl/lib/generic/async/async_work_group_copy.cl.bc
[397/5017] Generating obj.libclc.dir/cedar-r600--/opencl/lib/generic/atomic/atom_inc.cl.bc
[398/5017] Generating obj.libclc.dir/cedar-r600--/opencl/lib/generic/atomic/atom_cmpxchg.cl.bc
[399/5017] Generating obj.libclc.dir/cedar-r600--/opencl/lib/generic/atomic/atom_dec.cl.bc
[400/5017] Generating obj.libclc.dir/cedar-r600--/opencl/lib/generic/async/prefetch.cl.bc
[401/5017] Generating obj.libclc.dir/cedar-r600--/opencl/lib/generic/atomic/atom_max.cl.bc
[402/5017] Generating obj.libclc.dir/cedar-r600--/opencl/lib/generic/atomic/atom_or.cl.bc
[403/5017] Generating obj.libclc.dir/cedar-r600--/opencl/lib/generic/atomic/atom_sub.cl.bc
[404/5017] Generating obj.libclc.dir/cedar-r600--/opencl/lib/generic/atomic/atomic_cmpxchg.cl.bc
[405/5017] Generating obj.libclc.dir/cedar-r600--/opencl/lib/generic/atomic/atom_min.cl.bc
[406/5017] Generating obj.libclc.dir/cedar-r600--/opencl/lib/generic/atomic/atom_xor.cl.bc
[407/5017] Generating obj.libclc.dir/cedar-r600--/opencl/lib/generic/atomic/atomic_and.cl.bc
[408/5017] Generating obj.libclc.dir/cedar-r600--/opencl/lib/generic/atomic/atom_xchg.cl.bc
[409/5017] Generating obj.libclc.dir/cedar-r600--/opencl/lib/generic/atomic/atomic_dec.cl.bc
[410/5017] Generating obj.libclc.dir/cedar-r600--/opencl/lib/generic/atomic/atomic_add.cl.bc
[411/5017] Generating obj.libclc.dir/cedar-r600--/opencl/lib/generic/atomic/atomic_inc.cl.bc
[412/5017] Generating obj.libclc.dir/cedar-r600--/opencl/lib/generic/atomic/atomic_max.cl.bc
[413/5017] Generating obj.libclc.dir/cedar-r600--/opencl/lib/generic/async/async_work_group_strided_copy.cl.bc
[414/5017] Generating obj.libclc.dir/cedar-r600--/opencl/lib/generic/atomic/atomic_or.cl.bc
[415/5017] Generating obj.libclc.dir/cedar-r600--/opencl/lib/generic/common/degrees.cl.bc
[416/5017] Generating obj.libclc.dir/cedar-r600--/opencl/lib/generic/atomic/atomic_xchg.cl.bc
[417/5017] Generating obj.libclc.dir/cedar-r600--/opencl/lib/generic/atomic/atomic_xor.cl.bc
[418/5017] Generating obj.libclc.dir/cedar-r600--/opencl/lib/generic/common/mix.cl.bc
[419/5017] Generating obj.libclc.dir/cedar-r600--/opencl/lib/generic/common/radians.cl.bc
[420/5017] Generating obj.libclc.dir/tahiti-amdgcn--/convert.cl.bc
[421/5017] Generating obj.libclc.dir/cedar-r600--/opencl/lib/generic/atomic/atomic_sub.cl.bc
[422/5017] Generating obj.libclc.dir/tahiti-amdgcn-mesa-mesa3d/opencl/lib/generic/shared/vstore.cl.bc
[423/5017] Generating obj.libclc.dir/cedar-r600--/opencl/lib/generic/atomic/atomic_min.cl.bc
[424/5017] Generating obj.libclc.dir/cedar-r600--/opencl/lib/generic/geometric/cross.cl.bc
[425/5017] Generating obj.libclc.dir/cedar-r600--/opencl/lib/generic/geometric/distance.cl.bc
[426/5017] Generating obj.libclc.dir/cedar-r600--/opencl/lib/generic/common/smoothstep.cl.bc
[427/5017] Generating obj.libclc.dir/cedar-r600--/opencl/lib/generic/geometric/dot.cl.bc
[428/5017] Generating obj.libclc.dir/cedar-r600--/opencl/lib/generic/common/sign.cl.bc
[429/5017] Generating obj.libclc.dir/cedar-r600--/opencl/lib/generic/common/step.cl.bc
[430/5017] Generating obj.libclc.dir/cedar-r600--/opencl/lib/generic/geometric/fast_distance.cl.bc
[431/5017] Generating obj.libclc.dir/cedar-r600--/opencl/lib/generic/geometric/fast_length.cl.bc
[432/5017] Generating obj.libclc.dir/cedar-r600--/opencl/lib/generic/geometric/normalize.cl.bc
[433/5017] Generating obj.libclc.dir/cedar-r600--/opencl/lib/generic/geometric/length.cl.bc
[434/5017] Generating obj.libclc.dir/cedar-r600--/opencl/lib/generic/integer/add_sat.cl.bc
[435/5017] Generating obj.libclc.dir/cedar-r600--/opencl/lib/generic/geometric/fast_normalize.cl.bc
[436/5017] Generating obj.libclc.dir/cedar-r600--/opencl/lib/generic/integer/abs.cl.bc
[437/5017] Generating obj.libclc.dir/cedar-r600--/opencl/lib/generic/integer/mad24.cl.bc
[438/5017] Generating obj.libclc.dir/cedar-r600--/opencl/lib/generic/integer/clz.cl.bc
[439/5017] Generating obj.libclc.dir/cedar-r600--/opencl/lib/generic/integer/ctz.cl.bc
[440/5017] Generating obj.libclc.dir/cedar-r600--/opencl/lib/generic/integer/abs_diff.cl.bc
[441/5017] Generating obj.libclc.dir/cedar-r600--/opencl/lib/generic/integer/mul24.cl.bc
[442/5017] Generating obj.libclc.dir/cedar-r600--/opencl/lib/generic/integer/hadd.cl.bc
[443/5017] Generating obj.libclc.dir/cedar-r600--/opencl/lib/generic/integer/mad_sat.cl.bc
[444/5017] Generating obj.libclc.dir/cedar-r600--/opencl/lib/generic/integer/mul_hi.cl.bc
[445/5017] Generating obj.libclc.dir/cedar-r600--/opencl/lib/generic/integer/mad_hi.cl.bc
[446/5017] Generating obj.libclc.dir/cedar-r600--/opencl/lib/generic/integer/rhadd.cl.bc
[447/5017] Generating obj.libclc.dir/cedar-r600--/opencl/lib/generic/integer/upsample.cl.bc
[448/5017] Generating obj.libclc.dir/cedar-r600--/opencl/lib/generic/math/acos.cl.bc
[449/5017] Generating obj.libclc.dir/cedar-r600--/opencl/lib/generic/integer/sub_sat.cl.bc
[450/5017] Generating obj.libclc.dir/cedar-r600--/opencl/lib/generic/integer/rotate.cl.bc
[451/5017] Generating obj.libclc.dir/cedar-r600--/opencl/lib/generic/math/acospi.cl.bc
[452/5017] Generating obj.libclc.dir/cedar-r600--/opencl/lib/generic/integer/popcount.cl.bc
[453/5017] Generating obj.libclc.dir/cedar-r600--/opencl/lib/generic/math/acosh.cl.bc
[454/5017] Generating obj.libclc.dir/cedar-r600--/opencl/lib/generic/math/asinpi.cl.bc
[455/5017] Generating obj.libclc.dir/cedar-r600--/opencl/lib/generic/math/asinh.cl.bc
[456/5017] Generating obj.libclc.dir/cedar-r600--/opencl/lib/generic/math/atan.cl.bc
[457/5017] Generating obj.libclc.dir/cedar-r600--/opencl/lib/generic/math/asin.cl.bc
[458/5017] Generating obj.libclc.dir/cedar-r600--/opencl/lib/generic/math/atan2.cl.bc
[459/5017] Generating obj.libclc.dir/cedar-r600--/opencl/lib/generic/math/atanpi.cl.bc
[460/5017] Generating obj.libclc.dir/cedar-r600--/opencl/lib/generic/math/copysign.cl.bc
[461/5017] Generating obj.libclc.dir/cedar-r600--/opencl/lib/generic/math/cbrt.cl.bc
[462/5017] Generating obj.libclc.dir/cedar-r600--/opencl/lib/generic/math/cospi.cl.bc
[463/5017] Generating obj.libclc.dir/cedar-r600--/opencl/lib/generic/math/atan2pi.cl.bc
[464/5017] Generating obj.libclc.dir/cedar-r600--/opencl/lib/generic/math/cosh.cl.bc
[465/5017] Generating obj.libclc.dir/cedar-r600--/opencl/lib/generic/math/ceil.cl.bc
[466/5017] Generating obj.libclc.dir/cedar-r600--/opencl/lib/generic/math/cos.cl.bc
[467/5017] Generating obj.libclc.dir/cedar-r600--/opencl/lib/generic/math/erf.cl.bc
[468/5017] Generating obj.libclc.dir/cedar-r600--/opencl/lib/generic/math/erfc.cl.bc
[469/5017] Generating obj.libclc.dir/cedar-r600--/opencl/lib/generic/math/exp.cl.bc
[470/5017] Generating obj.libclc.dir/cedar-r600--/opencl/lib/generic/math/atanh.cl.bc
[471/5017] Generating obj.libclc.dir/cedar-r600--/opencl/lib/generic/math/exp2.cl.bc
[472/5017] Generating obj.libclc.dir/cedar-r600--/opencl/lib/generic/math/expm1.cl.bc
[473/5017] Generating obj.libclc.dir/cedar-r600--/opencl/lib/generic/math/floor.cl.bc
[474/5017] Generating obj.libclc.dir/cedar-r600--/opencl/lib/generic/math/fma.cl.bc
[475/5017] Generating obj.libclc.dir/cedar-r600--/opencl/lib/generic/math/exp10.cl.bc
[476/5017] Generating obj.libclc.dir/cedar-r600--/opencl/lib/generic/math/fabs.cl.bc
[477/5017] Generating obj.libclc.dir/cedar-r600--/opencl/lib/generic/math/fmin.cl.bc
[478/5017] Generating obj.libclc.dir/cedar-r600--/opencl/lib/generic/math/fract.cl.bc
[479/5017] Generating obj.libclc.dir/cedar-r600--/opencl/lib/generic/math/fmod.cl.bc
[480/5017] Generating obj.libclc.dir/cedar-r600--/opencl/lib/generic/math/fdim.cl.bc
[481/5017] Generating obj.libclc.dir/cedar-r600--/opencl/lib/generic/math/half_cos.cl.bc
[482/5017] Generating obj.libclc.dir/cedar-r600--/opencl/lib/generic/math/half_divide.cl.bc
[483/5017] Generating obj.libclc.dir/cedar-r600--/opencl/lib/generic/math/fmax.cl.bc
[484/5017] Generating obj.libclc.dir/cedar-r600--/opencl/lib/generic/math/frexp.cl.bc
[485/5017] Generating obj.libclc.dir/cedar-r600--/opencl/lib/generic/math/half_log.cl.bc
[486/5017] Generating obj.libclc.dir/cedar-r600--/opencl/lib/generic/math/half_exp10.cl.bc
[487/5017] Generating obj.libclc.dir/cedar-r600--/opencl/lib/generic/math/half_exp2.cl.bc
[488/5017] Generating obj.libclc.dir/cedar-r600--/opencl/lib/generic/math/half_exp.cl.bc
[489/5017] Generating obj.libclc.dir/cedar-r600--/opencl/lib/generic/math/half_powr.cl.bc
[490/5017] Generating obj.libclc.dir/cedar-r600--/opencl/lib/generic/math/half_recip.cl.bc
[491/5017] Generating obj.libclc.dir/cedar-r600--/opencl/lib/generic/math/half_log2.cl.bc
[492/5017] Generating obj.libclc.dir/cedar-r600--/opencl/lib/generic/math/half_sqrt.cl.bc
[493/5017] Generating obj.libclc.dir/cedar-r600--/opencl/lib/generic/math/half_log10.cl.bc
[494/5017] Generating obj.libclc.dir/cedar-r600--/opencl/lib/generic/math/half_sin.cl.bc
[495/5017] Generating obj.libclc.dir/cedar-r600--/opencl/lib/generic/math/half_rsqrt.cl.bc
[496/5017] Generating obj.libclc.dir/cedar-r600--/opencl/lib/generic/math/half_tan.cl.bc
[497/5017] Generating obj.libclc.dir/cedar-r600--/opencl/lib/generic/math/ldexp.cl.bc
[498/5017] Generating obj.libclc.dir/cedar-r600--/opencl/lib/generic/math/lgamma.cl.bc
[499/5017] Generating obj.libclc.dir/cedar-r600--/opencl/lib/generic/math/ilogb.cl.bc
[500/5017] Generating obj.libclc.dir/cedar-r600--/opencl/lib/generic/math/log.cl.bc
[501/5017] Generating obj.libclc.dir/cedar-r600--/opencl/lib/generic/math/hypot.cl.bc
[502/5017] Generating obj.libclc.dir/cedar-r600--/opencl/lib/generic/math/lgamma_r.cl.bc
[503/5017] Generating obj.libclc.dir/cedar-r600--/opencl/lib/generic/math/log10.cl.bc
[504/5017] Generating obj.libclc.dir/cedar-r600--/opencl/lib/generic/math/mad.cl.bc
[505/5017] Generating obj.libclc.dir/cedar-r600--/opencl/lib/generic/math/maxmag.cl.bc
[506/5017] Generating obj.libclc.dir/cedar-r600--/opencl/lib/generic/math/log2.cl.bc
[507/5017] Generating obj.libclc.dir/cedar-r600--/opencl/lib/generic/math/minmag.cl.bc
[508/5017] Generating obj.libclc.dir/cedar-r600--/opencl/lib/generic/math/modf.cl.bc
[509/5017] Generating obj.libclc.dir/cedar-r600--/opencl/lib/generic/math/native_cos.cl.bc
[510/5017] Generating obj.libclc.dir/cedar-r600--/opencl/lib/generic/math/native_exp.cl.bc
[511/5017] Generating obj.libclc.dir/cedar-r600--/opencl/lib/generic/math/logb.cl.bc
[512/5017] Generating obj.libclc.dir/cedar-r600--/opencl/lib/generic/math/native_divide.cl.bc
[513/5017] Generating obj.libclc.dir/cedar-r600--/opencl/lib/generic/math/log1p.cl.bc
[514/5017] Generating obj.libclc.dir/cedar-r600--/opencl/lib/generic/math/native_exp2.cl.bc
[515/5017] Generating obj.libclc.dir/cedar-r600--/opencl/lib/generic/math/native_log10.cl.bc
[516/5017] Generating obj.libclc.dir/cedar-r600--/opencl/lib/generic/math/nan.cl.bc
[517/5017] Generating obj.libclc.dir/cedar-r600--/opencl/lib/generic/math/native_exp10.cl.bc
[518/5017] Generating obj.libclc.dir/cedar-r600--/opencl/lib/generic/math/native_log2.cl.bc
[519/5017] Generating obj.libclc.dir/cedar-r600--/opencl/lib/generic/math/native_log.cl.bc
[520/5017] Generating obj.libclc.dir/cedar-r600--/opencl/lib/generic/math/native_powr.cl.bc
[521/5017] Generating obj.libclc.dir/cedar-r600--/opencl/lib/generic/math/native_sin.cl.bc
[522/5017] Generating obj.libclc.dir/cedar-r600--/opencl/lib/generic/math/native_recip.cl.bc
[523/5017] Generating obj.libclc.dir/cedar-r600--/opencl/lib/generic/math/native_tan.cl.bc
[524/5017] Generating obj.libclc.dir/cedar-r600--/opencl/lib/generic/math/native_rsqrt.cl.bc
[525/5017] Generating obj.libclc.dir/cedar-r600--/opencl/lib/generic/math/nextafter.cl.bc
[526/5017] Generating obj.libclc.dir/cedar-r600--/opencl/lib/generic/math/remainder.cl.bc
[527/5017] Generating obj.libclc.dir/cedar-r600--/opencl/lib/generic/math/pow.cl.bc
[528/5017] Generating obj.libclc.dir/cedar-r600--/opencl/lib/generic/math/remquo.cl.bc
[529/5017] Generating obj.libclc.dir/cedar-r600--/opencl/lib/generic/math/rootn.cl.bc
[530/5017] Generating obj.libclc.dir/cedar-r600--/opencl/lib/generic/math/pown.cl.bc
[531/5017] Generating obj.libclc.dir/cedar-r600--/opencl/lib/generic/math/native_sqrt.cl.bc
[532/5017] Generating obj.libclc.dir/cedar-r600--/opencl/lib/generic/math/powr.cl.bc
[533/5017] Generating obj.libclc.dir/cedar-r600--/opencl/lib/generic/math/rint.cl.bc
[534/5017] Generating obj.libclc.dir/cedar-r600--/opencl/lib/generic/math/rsqrt.cl.bc
[535/5017] Generating obj.libclc.dir/cedar-r600--/opencl/lib/generic/math/round.cl.bc
[536/5017] Generating obj.libclc.dir/cedar-r600--/opencl/lib/generic/math/sin.cl.bc
[537/5017] Generating obj.libclc.dir/cedar-r600--/opencl/lib/generic/math/sinh.cl.bc
[538/5017] Generating obj.libclc.dir/cedar-r600--/opencl/lib/generic/math/sqrt.cl.bc
[539/5017] Generating obj.libclc.dir/cedar-r600--/opencl/lib/generic/math/sinpi.cl.bc
[540/5017] Generating obj.libclc.dir/cedar-r600--/opencl/lib/generic/math/sincos.cl.bc
[541/5017] Generating obj.libclc.dir/cedar-r600--/opencl/lib/generic/math/tan.cl.bc
[542/5017] Generating obj.libclc.dir/cedar-r600--/opencl/lib/generic/math/tanh.cl.bc
[543/5017] Generating obj.libclc.dir/cedar-r600--/opencl/lib/generic/math/tanpi.cl.bc
[544/5017] Generating obj.libclc.dir/cedar-r600--/opencl/lib/generic/math/trunc.cl.bc
[545/5017] Generating obj.libclc.dir/cedar-r600--/opencl/lib/generic/relational/all.cl.bc
[546/5017] Generating obj.libclc.dir/cedar-r600--/opencl/lib/generic/math/tgamma.cl.bc
[547/5017] Generating obj.libclc.dir/cedar-r600--/opencl/lib/generic/relational/any.cl.bc
[548/5017] Generating obj.libclc.dir/cedar-r600--/opencl/lib/generic/relational/isinf.cl.bc
[549/5017] Generating obj.libclc.dir/cedar-r600--/opencl/lib/generic/relational/bitselect.cl.bc
[550/5017] Generating obj.libclc.dir/cedar-r600--/opencl/lib/generic/relational/isequal.cl.bc
[551/5017] Generating obj.libclc.dir/cedar-r600--/opencl/lib/generic/relational/isgreaterequal.cl.bc
[552/5017] Generating obj.libclc.dir/cedar-r600--/opencl/lib/generic/relational/islessequal.cl.bc
[553/5017] Generating obj.libclc.dir/cedar-r600--/opencl/lib/generic/relational/isless.cl.bc
[554/5017] Generating obj.libclc.dir/cedar-r600--/opencl/lib/generic/relational/isfinite.cl.bc
[555/5017] Generating obj.libclc.dir/cedar-r600--/opencl/lib/generic/relational/islessgreater.cl.bc
[556/5017] Generating obj.libclc.dir/cedar-r600--/opencl/lib/generic/relational/isgreater.cl.bc
[557/5017] Generating obj.libclc.dir/cedar-r600--/opencl/lib/generic/misc/shuffle2.cl.bc
[558/5017] Generating obj.libclc.dir/cedar-r600--/opencl/lib/generic/relational/isnan.cl.bc
[559/5017] Generating obj.libclc.dir/cedar-r600--/opencl/lib/generic/relational/isnotequal.cl.bc
[560/5017] Generating obj.libclc.dir/cedar-r600--/opencl/lib/generic/relational/isordered.cl.bc
[561/5017] Generating obj.libclc.dir/cedar-r600--/opencl/lib/generic/misc/shuffle.cl.bc
[562/5017] Generating obj.libclc.dir/cedar-r600--/opencl/lib/generic/relational/isnormal.cl.bc
[563/5017] Generating obj.libclc.dir/cedar-r600--/opencl/lib/generic/relational/isunordered.cl.bc
[564/5017] Generating obj.libclc.dir/cedar-r600--/opencl/lib/generic/relational/signbit.cl.bc
[565/5017] Generating obj.libclc.dir/cedar-r600--/opencl/lib/generic/shared/max.cl.bc
[566/5017] Generating obj.libclc.dir/cedar-r600--/opencl/lib/generic/workitem/get_global_id.cl.bc
[567/5017] Generating obj.libclc.dir/cypress-r600--/opencl/lib/generic/subnormal_use_default.ll.bc.tmp
[568/5017] Generating obj.libclc.dir/cedar-r600--/opencl/lib/generic/shared/clamp.cl.bc
[569/5017] Generating obj.libclc.dir/cypress-r600--/opencl/lib/r600/synchronization/barrier.cl.bc
[570/5017] Generating obj.libclc.dir/cypress-r600--/opencl/lib/r600/workitem/get_global_offset.cl.bc
[571/5017] Generating obj.libclc.dir/cedar-r600--/opencl/lib/generic/shared/min.cl.bc
[572/5017] Generating obj.libclc.dir/cypress-r600--/opencl/lib/r600/workitem/get_global_size.cl.bc
[573/5017] Generating obj.libclc.dir/cedar-r600--/opencl/lib/generic/shared/vload.cl.bc
[574/5017] Generating obj.libclc.dir/cypress-r600--/opencl/lib/r600/workitem/get_group_id.cl.bc
[575/5017] Generating obj.libclc.dir/cypress-r600--/opencl/lib/r600/workitem/get_local_id.cl.bc
[576/5017] Generating obj.libclc.dir/cedar-r600--/opencl/lib/generic/relational/select.cl.bc
[577/5017] Generating obj.libclc.dir/cypress-r600--/opencl/lib/generic/subnormal_config.cl.bc
[578/5017] Generating obj.libclc.dir/cypress-r600--/opencl/lib/r600/workitem/get_local_size.cl.bc
[579/5017] Generating obj.libclc.dir/cypress-r600--/opencl/lib/r600/workitem/get_num_groups.cl.bc
[580/5017] Generating obj.libclc.dir/cypress-r600--/opencl/lib/r600/workitem/get_work_dim.cl.bc
[581/5017] Generating obj.libclc.dir/cypress-r600--/opencl/lib/generic/subnormal_helper_func.ll.bc.tmp
[582/5017] Generating obj.libclc.dir/cedar-r600--/opencl/lib/generic/shared/vstore.cl.bc
[583/5017] Generating obj.libclc.dir/cypress-r600--/opencl/lib/generic/async/wait_group_events.cl.bc
[584/5017] Generating obj.libclc.dir/cypress-r600--/opencl/lib/generic/atomic/atom_dec.cl.bc
[585/5017] Generating obj.libclc.dir/cypress-r600--/opencl/lib/generic/atomic/atom_and.cl.bc
[586/5017] Generating obj.libclc.dir/cypress-r600--/opencl/lib/generic/atomic/atom_add.cl.bc
[587/5017] Generating obj.libclc.dir/cypress-r600--/opencl/lib/generic/atomic/atom_inc.cl.bc
[588/5017] Generating obj.libclc.dir/cypress-r600--/opencl/lib/generic/atomic/atom_max.cl.bc
[589/5017] Generating obj.libclc.dir/cypress-r600--/opencl/lib/generic/atomic/atom_cmpxchg.cl.bc
[590/5017] Generating obj.libclc.dir/cypress-r600--/opencl/lib/generic/atomic/atom_min.cl.bc
[591/5017] Generating obj.libclc.dir/cypress-r600--/opencl/lib/generic/async/prefetch.cl.bc
[592/5017] Generating obj.libclc.dir/cypress-r600--/opencl/lib/generic/atomic/atom_xchg.cl.bc
[593/5017] Generating obj.libclc.dir/cypress-r600--/opencl/lib/generic/async/async_work_group_copy.cl.bc
[594/5017] Generating obj.libclc.dir/cypress-r600--/opencl/lib/generic/atomic/atom_xor.cl.bc
[595/5017] Generating obj.libclc.dir/cypress-r600--/opencl/lib/generic/atomic/atomic_add.cl.bc
[596/5017] Generating obj.libclc.dir/cypress-r600--/opencl/lib/generic/atomic/atom_sub.cl.bc
[597/5017] Generating obj.libclc.dir/cypress-r600--/opencl/lib/generic/atomic/atom_or.cl.bc
[598/5017] Generating obj.libclc.dir/cypress-r600--/opencl/lib/generic/atomic/atomic_and.cl.bc
[599/5017] Generating obj.libclc.dir/cypress-r600--/opencl/lib/generic/atomic/atomic_dec.cl.bc
[600/5017] Generating obj.libclc.dir/cypress-r600--/opencl/lib/generic/atomic/atomic_min.cl.bc
[601/5017] Generating obj.libclc.dir/cypress-r600--/opencl/lib/generic/atomic/atomic_inc.cl.bc
[602/5017] Generating obj.libclc.dir/cypress-r600--/opencl/lib/generic/atomic/atomic_max.cl.bc
[603/5017] Generating obj.libclc.dir/cypress-r600--/opencl/lib/generic/atomic/atomic_cmpxchg.cl.bc
[604/5017] Generating obj.libclc.dir/cypress-r600--/opencl/lib/generic/atomic/atomic_or.cl.bc
[605/5017] Generating obj.libclc.dir/cypress-r600--/opencl/lib/generic/atomic/atomic_xor.cl.bc
[606/5017] Generating obj.libclc.dir/cypress-r600--/opencl/lib/generic/atomic/atomic_sub.cl.bc
[607/5017] Generating obj.libclc.dir/cypress-r600--/opencl/lib/generic/common/mix.cl.bc
[608/5017] Generating obj.libclc.dir/cypress-r600--/opencl/lib/generic/common/sign.cl.bc
[609/5017] Generating obj.libclc.dir/cypress-r600--/opencl/lib/generic/common/radians.cl.bc
[610/5017] Generating obj.libclc.dir/cypress-r600--/opencl/lib/generic/common/degrees.cl.bc
[611/5017] Generating obj.libclc.dir/cypress-r600--/opencl/lib/generic/async/async_work_group_strided_copy.cl.bc
[612/5017] Generating obj.libclc.dir/cypress-r600--/opencl/lib/generic/atomic/atomic_xchg.cl.bc
[613/5017] Generating obj.libclc.dir/cypress-r600--/opencl/lib/generic/common/step.cl.bc
[614/5017] Generating obj.libclc.dir/cypress-r600--/opencl/lib/generic/common/smoothstep.cl.bc
[615/5017] Generating obj.libclc.dir/cypress-r600--/opencl/lib/generic/geometric/cross.cl.bc
[616/5017] Generating obj.libclc.dir/cypress-r600--/opencl/lib/generic/geometric/distance.cl.bc
[617/5017] Generating obj.libclc.dir/cypress-r600--/opencl/lib/generic/geometric/fast_distance.cl.bc
[618/5017] Generating obj.libclc.dir/cypress-r600--/opencl/lib/generic/geometric/dot.cl.bc
[619/5017] Generating obj.libclc.dir/cypress-r600--/opencl/lib/generic/geometric/fast_length.cl.bc
[620/5017] Generating obj.libclc.dir/cypress-r600--/opencl/lib/generic/geometric/normalize.cl.bc
[621/5017] Generating obj.libclc.dir/cypress-r600--/opencl/lib/generic/geometric/length.cl.bc
[622/5017] Generating obj.libclc.dir/cypress-r600--/opencl/lib/generic/geometric/fast_normalize.cl.bc
[623/5017] Generating obj.libclc.dir/cypress-r600--/opencl/lib/generic/integer/abs.cl.bc
[624/5017] Generating obj.libclc.dir/cypress-r600--/opencl/lib/generic/integer/add_sat.cl.bc
[625/5017] Generating obj.libclc.dir/cypress-r600--/opencl/lib/generic/integer/mad24.cl.bc
[626/5017] Generating obj.libclc.dir/cypress-r600--/opencl/lib/generic/integer/abs_diff.cl.bc
[627/5017] Generating obj.libclc.dir/cypress-r600--/opencl/lib/generic/integer/clz.cl.bc
[628/5017] Generating obj.libclc.dir/cypress-r600--/opencl/lib/generic/integer/ctz.cl.bc
[629/5017] Generating obj.libclc.dir/cypress-r600--/opencl/lib/generic/integer/hadd.cl.bc
[630/5017] Generating obj.libclc.dir/cypress-r600--/opencl/lib/generic/integer/mad_hi.cl.bc
[631/5017] Generating obj.libclc.dir/cypress-r600--/opencl/lib/generic/integer/mul24.cl.bc
[632/5017] Generating obj.libclc.dir/cypress-r600--/opencl/lib/generic/integer/popcount.cl.bc
[633/5017] Generating obj.libclc.dir/cypress-r600--/opencl/lib/generic/integer/mad_sat.cl.bc
[634/5017] Generating obj.libclc.dir/cypress-r600--/opencl/lib/generic/integer/rhadd.cl.bc
[635/5017] Generating obj.libclc.dir/cypress-r600--/opencl/lib/generic/math/acos.cl.bc
[636/5017] Generating obj.libclc.dir/cypress-r600--/opencl/lib/generic/integer/mul_hi.cl.bc
[637/5017] Generating obj.libclc.dir/cypress-r600--/opencl/lib/generic/integer/rotate.cl.bc
[638/5017] Generating obj.libclc.dir/cypress-r600--/opencl/lib/generic/integer/upsample.cl.bc
[639/5017] Generating obj.libclc.dir/cypress-r600--/opencl/lib/generic/math/asinh.cl.bc
[640/5017] Generating obj.libclc.dir/cypress-r600--/opencl/lib/generic/math/acospi.cl.bc
[641/5017] Generating obj.libclc.dir/cypress-r600--/opencl/lib/generic/math/acosh.cl.bc
[642/5017] Generating obj.libclc.dir/cypress-r600--/opencl/lib/generic/math/asinpi.cl.bc
[643/5017] Generating obj.libclc.dir/cypress-r600--/opencl/lib/generic/math/asin.cl.bc
[644/5017] Generating obj.libclc.dir/cypress-r600--/opencl/lib/generic/integer/sub_sat.cl.bc
[645/5017] Generating obj.libclc.dir/cypress-r600--/opencl/lib/generic/math/atan2.cl.bc
[646/5017] Generating obj.libclc.dir/cypress-r600--/opencl/lib/generic/math/atan.cl.bc
[647/5017] Generating obj.libclc.dir/cypress-r600--/opencl/lib/generic/math/atanh.cl.bc
[648/5017] Generating obj.libclc.dir/cypress-r600--/opencl/lib/generic/math/atan2pi.cl.bc
[649/5017] Generating obj.libclc.dir/cypress-r600--/opencl/lib/generic/math/cbrt.cl.bc
[650/5017] Generating obj.libclc.dir/cypress-r600--/opencl/lib/generic/math/cos.cl.bc
[651/5017] Generating obj.libclc.dir/cypress-r600--/opencl/lib/generic/math/cospi.cl.bc
[652/5017] Generating obj.libclc.dir/cypress-r600--/opencl/lib/generic/math/atanpi.cl.bc
[653/5017] Generating obj.libclc.dir/cypress-r600--/opencl/lib/generic/math/cosh.cl.bc
[654/5017] Generating obj.libclc.dir/cypress-r600--/opencl/lib/generic/math/copysign.cl.bc
[655/5017] Generating obj.libclc.dir/cypress-r600--/opencl/lib/generic/math/ceil.cl.bc
[656/5017] Generating obj.libclc.dir/cypress-r600--/opencl/lib/generic/math/erf.cl.bc
[657/5017] Generating obj.libclc.dir/cypress-r600--/opencl/lib/generic/math/exp.cl.bc
[658/5017] Generating obj.libclc.dir/cypress-r600--/opencl/lib/generic/math/erfc.cl.bc
[659/5017] Generating obj.libclc.dir/cypress-r600--/opencl/lib/generic/math/fabs.cl.bc
[660/5017] Generating obj.libclc.dir/cypress-r600--/opencl/lib/generic/math/exp10.cl.bc
[661/5017] Generating obj.libclc.dir/cypress-r600--/opencl/lib/generic/math/fdim.cl.bc
[662/5017] Generating obj.libclc.dir/cypress-r600--/opencl/lib/generic/math/expm1.cl.bc
[663/5017] Generating obj.libclc.dir/cypress-r600--/opencl/lib/generic/math/fmax.cl.bc
[664/5017] Generating obj.libclc.dir/cypress-r600--/opencl/lib/generic/math/floor.cl.bc
[665/5017] Generating obj.libclc.dir/cypress-r600--/opencl/lib/generic/math/fma.cl.bc
[666/5017] Generating obj.libclc.dir/cypress-r600--/opencl/lib/generic/math/fract.cl.bc
[667/5017] Generating obj.libclc.dir/cypress-r600--/opencl/lib/generic/math/exp2.cl.bc
[668/5017] Generating obj.libclc.dir/cypress-r600--/opencl/lib/generic/math/half_divide.cl.bc
[669/5017] Generating obj.libclc.dir/cypress-r600--/opencl/lib/generic/math/fmod.cl.bc
[670/5017] Generating obj.libclc.dir/cypress-r600--/opencl/lib/generic/math/fmin.cl.bc
[671/5017] Generating obj.libclc.dir/cypress-r600--/opencl/lib/generic/math/half_cos.cl.bc
[672/5017] Generating obj.libclc.dir/cypress-r600--/opencl/lib/generic/math/frexp.cl.bc
[673/5017] Generating obj.libclc.dir/cypress-r600--/opencl/lib/generic/math/half_exp.cl.bc
[674/5017] Generating obj.libclc.dir/cypress-r600--/opencl/lib/generic/math/half_exp2.cl.bc
[675/5017] Generating obj.libclc.dir/cypress-r600--/opencl/lib/generic/math/half_log10.cl.bc
[676/5017] Generating obj.libclc.dir/cypress-r600--/opencl/lib/generic/math/half_log2.cl.bc
[677/5017] Generating obj.libclc.dir/cypress-r600--/opencl/lib/generic/math/half_exp10.cl.bc
[678/5017] Generating obj.libclc.dir/cypress-r600--/opencl/lib/generic/math/half_recip.cl.bc
[679/5017] Generating obj.libclc.dir/cypress-r600--/opencl/lib/generic/math/half_powr.cl.bc
[680/5017] Generating obj.libclc.dir/cypress-r600--/opencl/lib/generic/math/half_log.cl.bc
[681/5017] Generating obj.libclc.dir/cypress-r600--/opencl/lib/generic/math/half_rsqrt.cl.bc
[682/5017] Generating obj.libclc.dir/cypress-r600--/opencl/lib/generic/math/half_sin.cl.bc
[683/5017] Generating obj.libclc.dir/cypress-r600--/opencl/lib/generic/math/half_sqrt.cl.bc
[684/5017] Generating obj.libclc.dir/cypress-r600--/opencl/lib/generic/math/hypot.cl.bc
[685/5017] Generating obj.libclc.dir/cypress-r600--/opencl/lib/generic/math/ilogb.cl.bc
[686/5017] Generating obj.libclc.dir/cypress-r600--/opencl/lib/generic/math/log.cl.bc
[687/5017] Generating obj.libclc.dir/cypress-r600--/opencl/lib/generic/math/log10.cl.bc
[688/5017] Generating obj.libclc.dir/cypress-r600--/opencl/lib/generic/math/half_tan.cl.bc
[689/5017] Generating obj.libclc.dir/cypress-r600--/opencl/lib/generic/math/lgamma_r.cl.bc
[690/5017] Generating obj.libclc.dir/cypress-r600--/opencl/lib/generic/math/lgamma.cl.bc
[691/5017] Generating obj.libclc.dir/cypress-r600--/opencl/lib/generic/math/ldexp.cl.bc
[692/5017] Generating obj.libclc.dir/cypress-r600--/opencl/lib/generic/math/logb.cl.bc
[693/5017] Generating obj.libclc.dir/cypress-r600--/opencl/lib/generic/math/log1p.cl.bc
[694/5017] Generating obj.libclc.dir/cypress-r600--/opencl/lib/generic/math/log2.cl.bc
[695/5017] Generating obj.libclc.dir/cypress-r600--/opencl/lib/generic/math/mad.cl.bc
[696/5017] Generating obj.libclc.dir/cypress-r600--/opencl/lib/generic/math/minmag.cl.bc
[697/5017] Generating obj.libclc.dir/cypress-r600--/opencl/lib/generic/math/nan.cl.bc
[698/5017] Generating obj.libclc.dir/cypress-r600--/opencl/lib/generic/math/maxmag.cl.bc
[699/5017] Generating obj.libclc.dir/cypress-r600--/opencl/lib/generic/math/native_divide.cl.bc
[700/5017] Generating obj.libclc.dir/cypress-r600--/opencl/lib/generic/math/native_exp2.cl.bc
[701/5017] Generating obj.libclc.dir/cypress-r600--/opencl/lib/generic/math/native_log.cl.bc
[702/5017] Generating obj.libclc.dir/cypress-r600--/opencl/lib/generic/math/native_log10.cl.bc
[703/5017] Generating obj.libclc.dir/cypress-r600--/opencl/lib/generic/math/native_log2.cl.bc
[704/5017] Generating obj.libclc.dir/cypress-r600--/opencl/lib/generic/math/native_exp10.cl.bc
[705/5017] Generating obj.libclc.dir/cypress-r600--/opencl/lib/generic/math/native_exp.cl.bc
[706/5017] Generating obj.libclc.dir/cypress-r600--/opencl/lib/generic/math/native_powr.cl.bc
[707/5017] Generating obj.libclc.dir/cypress-r600--/opencl/lib/generic/math/native_recip.cl.bc
[708/5017] Generating obj.libclc.dir/cypress-r600--/opencl/lib/generic/math/native_cos.cl.bc
[709/5017] Generating obj.libclc.dir/cypress-r600--/opencl/lib/generic/math/modf.cl.bc
[710/5017] Generating obj.libclc.dir/cypress-r600--/opencl/lib/generic/math/native_rsqrt.cl.bc
[711/5017] Generating obj.libclc.dir/cypress-r600--/opencl/lib/generic/math/native_sqrt.cl.bc
[712/5017] Generating obj.libclc.dir/cypress-r600--/opencl/lib/generic/math/native_sin.cl.bc
[713/5017] Generating obj.libclc.dir/cypress-r600--/opencl/lib/generic/math/nextafter.cl.bc
[714/5017] Generating obj.libclc.dir/cypress-r600--/opencl/lib/generic/math/pow.cl.bc
[715/5017] Generating obj.libclc.dir/cypress-r600--/opencl/lib/generic/math/pown.cl.bc
[716/5017] Generating obj.libclc.dir/cypress-r600--/opencl/lib/generic/math/powr.cl.bc
[717/5017] Generating obj.libclc.dir/cypress-r600--/opencl/lib/generic/math/remquo.cl.bc
[718/5017] Generating obj.libclc.dir/cypress-r600--/opencl/lib/generic/math/round.cl.bc
[719/5017] Generating obj.libclc.dir/cypress-r600--/opencl/lib/generic/math/rint.cl.bc
[720/5017] Generating obj.libclc.dir/cypress-r600--/opencl/lib/generic/math/native_tan.cl.bc
[721/5017] Generating obj.libclc.dir/cypress-r600--/opencl/lib/generic/math/rootn.cl.bc
[722/5017] Generating obj.libclc.dir/cypress-r600--/opencl/lib/generic/math/rsqrt.cl.bc
[723/5017] Generating obj.libclc.dir/cypress-r600--/opencl/lib/generic/math/sin.cl.bc
[724/5017] Generating obj.libclc.dir/cypress-r600--/opencl/lib/generic/math/remainder.cl.bc
[725/5017] Generating obj.libclc.dir/cypress-r600--/opencl/lib/generic/math/sincos.cl.bc
[726/5017] Generating obj.libclc.dir/cypress-r600--/opencl/lib/generic/math/sinh.cl.bc
[727/5017] Generating obj.libclc.dir/cypress-r600--/opencl/lib/generic/math/sqrt.cl.bc
[728/5017] Generating obj.libclc.dir/cypress-r600--/opencl/lib/generic/math/sinpi.cl.bc
[729/5017] Generating obj.libclc.dir/cypress-r600--/opencl/lib/generic/math/tanh.cl.bc
[730/5017] Generating obj.libclc.dir/cypress-r600--/opencl/lib/generic/math/tanpi.cl.bc
[731/5017] Generating obj.libclc.dir/cypress-r600--/opencl/lib/generic/math/tgamma.cl.bc
[732/5017] Generating obj.libclc.dir/cypress-r600--/opencl/lib/generic/math/tan.cl.bc
[733/5017] Generating obj.libclc.dir/cypress-r600--/opencl/lib/generic/math/trunc.cl.bc
[734/5017] Generating obj.libclc.dir/cypress-r600--/opencl/lib/generic/relational/all.cl.bc
[735/5017] Generating obj.libclc.dir/cypress-r600--/opencl/lib/generic/relational/isfinite.cl.bc
[736/5017] Generating obj.libclc.dir/cypress-r600--/opencl/lib/generic/relational/isequal.cl.bc
[737/5017] Generating obj.libclc.dir/cypress-r600--/opencl/lib/generic/relational/any.cl.bc
[738/5017] Generating obj.libclc.dir/cypress-r600--/opencl/lib/generic/relational/isgreater.cl.bc
[739/5017] Generating obj.libclc.dir/cypress-r600--/opencl/lib/generic/relational/isinf.cl.bc
[740/5017] Generating obj.libclc.dir/cypress-r600--/opencl/lib/generic/relational/bitselect.cl.bc
[741/5017] Generating obj.libclc.dir/cypress-r600--/opencl/lib/generic/relational/isgreaterequal.cl.bc
[742/5017] Generating obj.libclc.dir/cypress-r600--/opencl/lib/generic/misc/shuffle2.cl.bc
[743/5017] Generating obj.libclc.dir/cypress-r600--/opencl/lib/generic/relational/isless.cl.bc
[744/5017] Generating obj.libclc.dir/cypress-r600--/opencl/lib/generic/misc/shuffle.cl.bc
[745/5017] Generating obj.libclc.dir/cypress-r600--/opencl/lib/generic/relational/islessequal.cl.bc
[746/5017] Generating obj.libclc.dir/cypress-r600--/opencl/lib/generic/relational/islessgreater.cl.bc
[747/5017] Generating obj.libclc.dir/cedar-r600--/convert.cl.bc
[748/5017] Generating obj.libclc.dir/cypress-r600--/opencl/lib/generic/relational/isnan.cl.bc
[749/5017] Generating obj.libclc.dir/cypress-r600--/opencl/lib/generic/relational/isordered.cl.bc
[750/5017] Generating obj.libclc.dir/cypress-r600--/opencl/lib/generic/relational/isnormal.cl.bc
[751/5017] Generating obj.libclc.dir/cypress-r600--/opencl/lib/generic/relational/signbit.cl.bc
[752/5017] Generating obj.libclc.dir/cypress-r600--/opencl/lib/generic/relational/isnotequal.cl.bc
[753/5017] Generating obj.libclc.dir/cypress-r600--/opencl/lib/generic/relational/isunordered.cl.bc
[754/5017] Generating obj.libclc.dir/cypress-r600--/opencl/lib/generic/shared/clamp.cl.bc
[755/5017] Generating obj.libclc.dir/barts-r600--/opencl/lib/generic/subnormal_use_default.ll.bc.tmp
[756/5017] Generating obj.libclc.dir/cypress-r600--/opencl/lib/generic/workitem/get_global_id.cl.bc
[757/5017] Generating obj.libclc.dir/cypress-r600--/opencl/lib/generic/shared/max.cl.bc
[758/5017] Generating obj.libclc.dir/cypress-r600--/opencl/lib/generic/relational/select.cl.bc
[759/5017] Generating obj.libclc.dir/barts-r600--/opencl/lib/r600/synchronization/barrier.cl.bc
[760/5017] Generating obj.libclc.dir/barts-r600--/opencl/lib/r600/workitem/get_global_offset.cl.bc
[761/5017] Generating obj.libclc.dir/barts-r600--/opencl/lib/r600/workitem/get_group_id.cl.bc
[762/5017] Generating obj.libclc.dir/cypress-r600--/opencl/lib/generic/shared/min.cl.bc
[763/5017] Generating obj.libclc.dir/tahiti-amdgcn-mesa-mesa3d/convert.cl.bc
[764/5017] Generating obj.libclc.dir/barts-r600--/opencl/lib/r600/workitem/get_local_id.cl.bc
[765/5017] Generating obj.libclc.dir/barts-r600--/opencl/lib/r600/workitem/get_global_size.cl.bc
[766/5017] Generating obj.libclc.dir/barts-r600--/opencl/lib/generic/subnormal_config.cl.bc
[767/5017] Generating obj.libclc.dir/barts-r600--/opencl/lib/r600/workitem/get_local_size.cl.bc
[768/5017] Generating obj.libclc.dir/barts-r600--/opencl/lib/r600/workitem/get_work_dim.cl.bc
[769/5017] Generating obj.libclc.dir/barts-r600--/opencl/lib/r600/workitem/get_num_groups.cl.bc
[770/5017] Generating obj.libclc.dir/barts-r600--/opencl/lib/generic/subnormal_helper_func.ll.bc.tmp
[771/5017] Generating obj.libclc.dir/barts-r600--/opencl/lib/generic/async/wait_group_events.cl.bc
[772/5017] Generating obj.libclc.dir/cypress-r600--/opencl/lib/generic/shared/vstore.cl.bc
[773/5017] Generating obj.libclc.dir/barts-r600--/opencl/lib/generic/async/prefetch.cl.bc
[774/5017] Generating obj.libclc.dir/barts-r600--/opencl/lib/generic/atomic/atom_dec.cl.bc
[775/5017] Generating obj.libclc.dir/barts-r600--/opencl/lib/generic/atomic/atom_inc.cl.bc
[776/5017] Generating obj.libclc.dir/cypress-r600--/opencl/lib/generic/shared/vload.cl.bc
[777/5017] Generating obj.libclc.dir/barts-r600--/opencl/lib/generic/atomic/atom_and.cl.bc
[778/5017] Generating obj.libclc.dir/barts-r600--/opencl/lib/generic/atomic/atom_max.cl.bc
[779/5017] Generating obj.libclc.dir/barts-r600--/opencl/lib/generic/atomic/atom_min.cl.bc
[780/5017] Generating obj.libclc.dir/barts-r600--/opencl/lib/generic/atomic/atom_add.cl.bc
[781/5017] Generating obj.libclc.dir/barts-r600--/opencl/lib/generic/atomic/atom_cmpxchg.cl.bc
[782/5017] Generating obj.libclc.dir/barts-r600--/opencl/lib/generic/atomic/atom_sub.cl.bc
[783/5017] Generating obj.libclc.dir/barts-r600--/opencl/lib/generic/atomic/atom_or.cl.bc
[784/5017] Generating obj.libclc.dir/barts-r600--/opencl/lib/generic/atomic/atom_xor.cl.bc
[785/5017] Generating obj.libclc.dir/barts-r600--/opencl/lib/generic/atomic/atom_xchg.cl.bc
[786/5017] Generating obj.libclc.dir/barts-r600--/opencl/lib/generic/atomic/atomic_add.cl.bc
[787/5017] Generating obj.libclc.dir/barts-r600--/opencl/lib/generic/atomic/atomic_cmpxchg.cl.bc
[788/5017] Generating obj.libclc.dir/barts-r600--/opencl/lib/generic/atomic/atomic_inc.cl.bc
[789/5017] Generating obj.libclc.dir/barts-r600--/opencl/lib/generic/atomic/atomic_and.cl.bc
[790/5017] Generating obj.libclc.dir/barts-r600--/opencl/lib/generic/atomic/atomic_dec.cl.bc
[791/5017] Generating obj.libclc.dir/barts-r600--/opencl/lib/generic/atomic/atomic_max.cl.bc
[792/5017] Generating obj.libclc.dir/barts-r600--/opencl/lib/generic/atomic/atomic_min.cl.bc
[793/5017] Generating obj.libclc.dir/barts-r600--/opencl/lib/generic/atomic/atomic_sub.cl.bc
[794/5017] Generating obj.libclc.dir/barts-r600--/opencl/lib/generic/atomic/atomic_or.cl.bc
[795/5017] Generating obj.libclc.dir/barts-r600--/opencl/lib/generic/async/async_work_group_copy.cl.bc
[796/5017] Generating obj.libclc.dir/barts-r600--/opencl/lib/generic/atomic/atomic_xchg.cl.bc
[797/5017] Generating obj.libclc.dir/barts-r600--/opencl/lib/generic/common/sign.cl.bc
[798/5017] Generating obj.libclc.dir/barts-r600--/opencl/lib/generic/common/mix.cl.bc
[799/5017] Generating obj.libclc.dir/barts-r600--/opencl/lib/generic/common/degrees.cl.bc
[800/5017] Generating obj.libclc.dir/barts-r600--/opencl/lib/generic/async/async_work_group_strided_copy.cl.bc
[801/5017] Generating obj.libclc.dir/barts-r600--/opencl/lib/generic/geometric/cross.cl.bc
[802/5017] Generating obj.libclc.dir/barts-r600--/opencl/lib/generic/atomic/atomic_xor.cl.bc
[803/5017] Generating obj.libclc.dir/barts-r600--/opencl/lib/generic/common/smoothstep.cl.bc
[804/5017] Generating obj.libclc.dir/barts-r600--/opencl/lib/generic/common/radians.cl.bc
[805/5017] Generating obj.libclc.dir/barts-r600--/opencl/lib/generic/common/step.cl.bc
[806/5017] Generating obj.libclc.dir/barts-r600--/opencl/lib/generic/geometric/dot.cl.bc
[807/5017] Generating obj.libclc.dir/barts-r600--/opencl/lib/generic/geometric/distance.cl.bc
[808/5017] Generating obj.libclc.dir/barts-r600--/opencl/lib/generic/geometric/fast_distance.cl.bc
[809/5017] Generating obj.libclc.dir/barts-r600--/opencl/lib/generic/geometric/fast_length.cl.bc
[810/5017] Generating obj.libclc.dir/barts-r600--/opencl/lib/generic/geometric/length.cl.bc
[811/5017] Generating obj.libclc.dir/barts-r600--/opencl/lib/generic/geometric/fast_normalize.cl.bc
[812/5017] Generating obj.libclc.dir/barts-r600--/opencl/lib/generic/integer/abs.cl.bc
[813/5017] Generating obj.libclc.dir/barts-r600--/opencl/lib/generic/geometric/normalize.cl.bc
[814/5017] Generating obj.libclc.dir/barts-r600--/opencl/lib/generic/integer/clz.cl.bc
[815/5017] Generating obj.libclc.dir/barts-r600--/opencl/lib/generic/integer/abs_diff.cl.bc
[816/5017] Generating obj.libclc.dir/barts-r600--/opencl/lib/generic/integer/mad_hi.cl.bc
[817/5017] Generating obj.libclc.dir/barts-r600--/opencl/lib/generic/integer/add_sat.cl.bc
[818/5017] Generating obj.libclc.dir/barts-r600--/opencl/lib/generic/integer/mad24.cl.bc
[819/5017] Generating obj.libclc.dir/barts-r600--/opencl/lib/generic/integer/ctz.cl.bc
[820/5017] Generating obj.libclc.dir/barts-r600--/opencl/lib/generic/integer/hadd.cl.bc
[821/5017] Generating obj.libclc.dir/barts-r600--/opencl/lib/generic/integer/mad_sat.cl.bc
[822/5017] Generating obj.libclc.dir/barts-r600--/opencl/lib/generic/integer/mul24.cl.bc
[823/5017] Generating obj.libclc.dir/barts-r600--/opencl/lib/generic/integer/mul_hi.cl.bc
[824/5017] Generating obj.libclc.dir/barts-r600--/opencl/lib/generic/integer/popcount.cl.bc
[825/5017] Generating obj.libclc.dir/barts-r600--/opencl/lib/generic/integer/rotate.cl.bc
[826/5017] Generating obj.libclc.dir/barts-r600--/opencl/lib/generic/math/acos.cl.bc
[827/5017] Generating obj.libclc.dir/barts-r600--/opencl/lib/generic/math/asinh.cl.bc
[828/5017] Generating obj.libclc.dir/barts-r600--/opencl/lib/generic/integer/rhadd.cl.bc
[829/5017] Generating obj.libclc.dir/barts-r600--/opencl/lib/generic/math/asinpi.cl.bc
[830/5017] Generating obj.libclc.dir/barts-r600--/opencl/lib/generic/math/asin.cl.bc
[831/5017] Generating obj.libclc.dir/barts-r600--/opencl/lib/generic/integer/sub_sat.cl.bc
[832/5017] Generating obj.libclc.dir/barts-r600--/opencl/lib/generic/math/acospi.cl.bc
[833/5017] Generating obj.libclc.dir/barts-r600--/opencl/lib/generic/math/atan.cl.bc
[834/5017] Generating obj.libclc.dir/barts-r600--/opencl/lib/generic/math/acosh.cl.bc
[835/5017] Generating obj.libclc.dir/barts-r600--/opencl/lib/generic/math/atan2pi.cl.bc
[836/5017] Generating obj.libclc.dir/barts-r600--/opencl/lib/generic/math/atan2.cl.bc
[837/5017] Generating obj.libclc.dir/barts-r600--/opencl/lib/generic/math/atanpi.cl.bc
[838/5017] Generating obj.libclc.dir/barts-r600--/opencl/lib/generic/integer/upsample.cl.bc
[839/5017] Generating obj.libclc.dir/barts-r600--/opencl/lib/generic/math/atanh.cl.bc
[840/5017] Generating obj.libclc.dir/barts-r600--/opencl/lib/generic/math/cbrt.cl.bc
[841/5017] Generating obj.libclc.dir/barts-r600--/opencl/lib/generic/math/copysign.cl.bc
[842/5017] Generating obj.libclc.dir/barts-r600--/opencl/lib/generic/math/erfc.cl.bc
[843/5017] Generating obj.libclc.dir/barts-r600--/opencl/lib/generic/math/exp.cl.bc
[844/5017] Generating obj.libclc.dir/barts-r600--/opencl/lib/generic/math/erf.cl.bc
[845/5017] Generating obj.libclc.dir/barts-r600--/opencl/lib/generic/math/ceil.cl.bc
[846/5017] Generating obj.libclc.dir/barts-r600--/opencl/lib/generic/math/cos.cl.bc
[847/5017] Generating obj.libclc.dir/barts-r600--/opencl/lib/generic/math/cosh.cl.bc
[848/5017] Generating obj.libclc.dir/barts-r600--/opencl/lib/generic/math/cospi.cl.bc
[849/5017] Generating obj.libclc.dir/barts-r600--/opencl/lib/generic/math/exp2.cl.bc
[850/5017] Generating obj.libclc.dir/barts-r600--/opencl/lib/generic/math/expm1.cl.bc
[851/5017] Generating obj.libclc.dir/barts-r600--/opencl/lib/generic/math/fabs.cl.bc
[852/5017] Generating obj.libclc.dir/barts-r600--/opencl/lib/generic/math/fma.cl.bc
[853/5017] Generating obj.libclc.dir/barts-r600--/opencl/lib/generic/math/exp10.cl.bc
[854/5017] Generating obj.libclc.dir/barts-r600--/opencl/lib/generic/math/fmax.cl.bc
[855/5017] Generating obj.libclc.dir/barts-r600--/opencl/lib/generic/math/fmod.cl.bc
[856/5017] Generating obj.libclc.dir/barts-r600--/opencl/lib/generic/math/floor.cl.bc
[857/5017] Generating obj.libclc.dir/barts-r600--/opencl/lib/generic/math/fdim.cl.bc
[858/5017] Generating obj.libclc.dir/barts-r600--/opencl/lib/generic/math/half_cos.cl.bc
[859/5017] Generating obj.libclc.dir/barts-r600--/opencl/lib/generic/math/fmin.cl.bc
[860/5017] Generating obj.libclc.dir/barts-r600--/opencl/lib/generic/math/half_exp.cl.bc
[861/5017] Generating obj.libclc.dir/barts-r600--/opencl/lib/generic/math/frexp.cl.bc
[862/5017] Generating obj.libclc.dir/barts-r600--/opencl/lib/generic/math/half_divide.cl.bc
[863/5017] Generating obj.libclc.dir/barts-r600--/opencl/lib/generic/math/fract.cl.bc
[864/5017] Generating obj.libclc.dir/barts-r600--/opencl/lib/generic/math/half_exp10.cl.bc
[865/5017] Generating obj.libclc.dir/barts-r600--/opencl/lib/generic/math/half_recip.cl.bc
[866/5017] Generating obj.libclc.dir/barts-r600--/opencl/lib/generic/math/half_log10.cl.bc
[867/5017] Generating obj.libclc.dir/barts-r600--/opencl/lib/generic/math/half_sqrt.cl.bc
[868/5017] Generating obj.libclc.dir/barts-r600--/opencl/lib/generic/math/half_exp2.cl.bc
[869/5017] Generating obj.libclc.dir/barts-r600--/opencl/lib/generic/math/half_log2.cl.bc
[870/5017] Generating obj.libclc.dir/barts-r600--/opencl/lib/generic/math/half_rsqrt.cl.bc
[871/5017] Generating obj.libclc.dir/barts-r600--/opencl/lib/generic/math/half_sin.cl.bc
[872/5017] Generating obj.libclc.dir/barts-r600--/opencl/lib/generic/math/half_log.cl.bc
[873/5017] Generating obj.libclc.dir/barts-r600--/opencl/lib/generic/math/half_powr.cl.bc
[874/5017] Generating obj.libclc.dir/barts-r600--/opencl/lib/generic/math/ilogb.cl.bc
[875/5017] Generating obj.libclc.dir/barts-r600--/opencl/lib/generic/math/half_tan.cl.bc
[876/5017] Generating obj.libclc.dir/barts-r600--/opencl/lib/generic/math/ldexp.cl.bc
[877/5017] Generating obj.libclc.dir/barts-r600--/opencl/lib/generic/math/lgamma.cl.bc
[878/5017] Generating obj.libclc.dir/barts-r600--/opencl/lib/generic/math/log1p.cl.bc
[879/5017] Generating obj.libclc.dir/barts-r600--/opencl/lib/generic/math/hypot.cl.bc
[880/5017] Generating obj.libclc.dir/barts-r600--/opencl/lib/generic/math/log10.cl.bc
[881/5017] Generating obj.libclc.dir/barts-r600--/opencl/lib/generic/math/logb.cl.bc
[882/5017] Generating obj.libclc.dir/barts-r600--/opencl/lib/generic/math/maxmag.cl.bc
[883/5017] Generating obj.libclc.dir/barts-r600--/opencl/lib/generic/math/minmag.cl.bc
[884/5017] Generating obj.libclc.dir/barts-r600--/opencl/lib/generic/math/log2.cl.bc
[885/5017] Generating obj.libclc.dir/barts-r600--/opencl/lib/generic/math/log.cl.bc
[886/5017] Generating obj.libclc.dir/barts-r600--/opencl/lib/generic/math/mad.cl.bc
[887/5017] Generating obj.libclc.dir/barts-r600--/opencl/lib/generic/math/modf.cl.bc
[888/5017] Generating obj.libclc.dir/barts-r600--/opencl/lib/generic/math/lgamma_r.cl.bc
[889/5017] Generating obj.libclc.dir/barts-r600--/opencl/lib/generic/math/native_divide.cl.bc
[890/5017] Generating obj.libclc.dir/barts-r600--/opencl/lib/generic/math/native_exp.cl.bc
[891/5017] Generating obj.libclc.dir/barts-r600--/opencl/lib/generic/math/native_log.cl.bc
[892/5017] Generating obj.libclc.dir/barts-r600--/opencl/lib/generic/math/nan.cl.bc
[893/5017] Generating obj.libclc.dir/barts-r600--/opencl/lib/generic/math/native_cos.cl.bc
[894/5017] Generating obj.libclc.dir/barts-r600--/opencl/lib/generic/math/native_exp10.cl.bc
[895/5017] Generating obj.libclc.dir/barts-r600--/opencl/lib/generic/math/native_log10.cl.bc
[896/5017] Generating obj.libclc.dir/barts-r600--/opencl/lib/generic/math/native_exp2.cl.bc
[897/5017] Generating obj.libclc.dir/barts-r600--/opencl/lib/generic/math/native_powr.cl.bc
[898/5017] Generating obj.libclc.dir/barts-r600--/opencl/lib/generic/math/native_recip.cl.bc
[899/5017] Generating obj.libclc.dir/barts-r600--/opencl/lib/generic/math/native_sin.cl.bc
[900/5017] Generating obj.libclc.dir/barts-r600--/opencl/lib/generic/math/native_tan.cl.bc
[901/5017] Generating obj.libclc.dir/barts-r600--/opencl/lib/generic/math/native_rsqrt.cl.bc
[902/5017] Generating obj.libclc.dir/barts-r600--/opencl/lib/generic/math/native_sqrt.cl.bc
[903/5017] Generating obj.libclc.dir/barts-r600--/opencl/lib/generic/math/native_log2.cl.bc
[904/5017] Generating obj.libclc.dir/barts-r600--/opencl/lib/generic/math/pow.cl.bc
[905/5017] Generating obj.libclc.dir/barts-r600--/opencl/lib/generic/math/nextafter.cl.bc
[906/5017] Generating obj.libclc.dir/barts-r600--/opencl/lib/generic/math/pown.cl.bc
[907/5017] Generating obj.libclc.dir/barts-r600--/opencl/lib/generic/math/powr.cl.bc
[908/5017] Generating obj.libclc.dir/barts-r600--/opencl/lib/generic/math/rootn.cl.bc
[909/5017] Generating obj.libclc.dir/barts-r600--/opencl/lib/generic/math/rint.cl.bc
[910/5017] Generating obj.libclc.dir/barts-r600--/opencl/lib/generic/math/remainder.cl.bc
[911/5017] Generating obj.libclc.dir/barts-r600--/opencl/lib/generic/math/remquo.cl.bc
[912/5017] Generating obj.libclc.dir/barts-r600--/opencl/lib/generic/math/sin.cl.bc
[913/5017] Generating obj.libclc.dir/barts-r600--/opencl/lib/generic/math/rsqrt.cl.bc
[914/5017] Generating obj.libclc.dir/barts-r600--/opencl/lib/generic/math/sinh.cl.bc
[915/5017] Generating obj.libclc.dir/barts-r600--/opencl/lib/generic/math/round.cl.bc
[916/5017] Generating obj.libclc.dir/barts-r600--/opencl/lib/generic/math/sinpi.cl.bc
[917/5017] Generating obj.libclc.dir/barts-r600--/opencl/lib/generic/math/sqrt.cl.bc
[918/5017] Generating obj.libclc.dir/barts-r600--/opencl/lib/generic/math/tan.cl.bc
[919/5017] Generating obj.libclc.dir/barts-r600--/opencl/lib/generic/math/sincos.cl.bc
[920/5017] Generating obj.libclc.dir/barts-r600--/opencl/lib/generic/math/tanh.cl.bc
[921/5017] Generating obj.libclc.dir/barts-r600--/opencl/lib/generic/math/trunc.cl.bc
[922/5017] Generating obj.libclc.dir/barts-r600--/opencl/lib/generic/math/tanpi.cl.bc
[923/5017] Generating obj.libclc.dir/barts-r600--/opencl/lib/generic/relational/isequal.cl.bc
[924/5017] Generating obj.libclc.dir/barts-r600--/opencl/lib/generic/relational/bitselect.cl.bc
[925/5017] Generating obj.libclc.dir/barts-r600--/opencl/lib/generic/math/tgamma.cl.bc
[926/5017] Generating obj.libclc.dir/barts-r600--/opencl/lib/generic/relational/all.cl.bc
[927/5017] Generating obj.libclc.dir/barts-r600--/opencl/lib/generic/relational/any.cl.bc
[928/5017] Generating obj.libclc.dir/barts-r600--/opencl/lib/generic/relational/isgreater.cl.bc
[929/5017] Generating obj.libclc.dir/barts-r600--/opencl/lib/generic/relational/isgreaterequal.cl.bc
[930/5017] Generating obj.libclc.dir/barts-r600--/opencl/lib/generic/relational/isinf.cl.bc
[931/5017] Generating obj.libclc.dir/barts-r600--/opencl/lib/generic/relational/isfinite.cl.bc
[932/5017] Generating obj.libclc.dir/cypress-r600--/convert.cl.bc
[933/5017] Generating obj.libclc.dir/barts-r600--/opencl/lib/generic/relational/islessgreater.cl.bc
[934/5017] Generating obj.libclc.dir/barts-r600--/opencl/lib/generic/misc/shuffle.cl.bc
[935/5017] Generating obj.libclc.dir/barts-r600--/opencl/lib/generic/relational/isless.cl.bc
[936/5017] Generating obj.libclc.dir/barts-r600--/opencl/lib/generic/relational/islessequal.cl.bc
[937/5017] Generating obj.libclc.dir/barts-r600--/opencl/lib/generic/relational/isordered.cl.bc
[938/5017] Generating obj.libclc.dir/barts-r600--/opencl/lib/generic/relational/isnotequal.cl.bc
[939/5017] Generating obj.libclc.dir/barts-r600--/opencl/lib/generic/relational/isnormal.cl.bc
[940/5017] Generating obj.libclc.dir/barts-r600--/opencl/lib/generic/relational/isnan.cl.bc
[941/5017] Generating obj.libclc.dir/barts-r600--/opencl/lib/generic/relational/signbit.cl.bc
[942/5017] Generating obj.libclc.dir/barts-r600--/opencl/lib/generic/relational/isunordered.cl.bc
[943/5017] Generating obj.libclc.dir/barts-r600--/opencl/lib/generic/misc/shuffle2.cl.bc
[944/5017] Generating obj.libclc.dir/barts-r600--/opencl/lib/generic/shared/clamp.cl.bc
[945/5017] Generating obj.libclc.dir/barts-r600--/opencl/lib/generic/shared/max.cl.bc
[946/5017] Generating obj.libclc.dir/cayman-r600--/opencl/lib/r600/synchronization/barrier.cl.bc
[947/5017] Generating obj.libclc.dir/cayman-r600--/opencl/lib/generic/subnormal_use_default.ll.bc.tmp
[948/5017] Generating obj.libclc.dir/barts-r600--/opencl/lib/generic/workitem/get_global_id.cl.bc
[949/5017] Generating obj.libclc.dir/cayman-r600--/opencl/lib/r600/workitem/get_group_id.cl.bc
[950/5017] Generating obj.libclc.dir/barts-r600--/opencl/lib/generic/shared/min.cl.bc
[951/5017] Generating obj.libclc.dir/cayman-r600--/opencl/lib/r600/workitem/get_global_offset.cl.bc
[952/5017] Generating obj.libclc.dir/cayman-r600--/opencl/lib/r600/workitem/get_global_size.cl.bc
[953/5017] Generating obj.libclc.dir/cayman-r600--/opencl/lib/r600/workitem/get_work_dim.cl.bc
[954/5017] Generating obj.libclc.dir/cayman-r600--/opencl/lib/r600/workitem/get_local_id.cl.bc
[955/5017] Generating obj.libclc.dir/barts-r600--/opencl/lib/generic/shared/vload.cl.bc
[956/5017] Generating obj.libclc.dir/cayman-r600--/opencl/lib/r600/workitem/get_local_size.cl.bc
[957/5017] Generating obj.libclc.dir/cayman-r600--/opencl/lib/generic/subnormal_config.cl.bc
[958/5017] Generating obj.libclc.dir/cayman-r600--/opencl/lib/r600/workitem/get_num_groups.cl.bc
[959/5017] Generating obj.libclc.dir/barts-r600--/opencl/lib/generic/relational/select.cl.bc
[960/5017] Generating obj.libclc.dir/barts-r600--/opencl/lib/generic/shared/vstore.cl.bc
[961/5017] Generating obj.libclc.dir/cayman-r600--/opencl/lib/generic/subnormal_helper_func.ll.bc.tmp
[962/5017] Generating obj.libclc.dir/cayman-r600--/opencl/lib/generic/atomic/atom_add.cl.bc
[963/5017] Generating obj.libclc.dir/cayman-r600--/opencl/lib/generic/async/wait_group_events.cl.bc
[964/5017] Generating obj.libclc.dir/cayman-r600--/opencl/lib/generic/async/prefetch.cl.bc
[965/5017] Generating obj.libclc.dir/cayman-r600--/opencl/lib/generic/atomic/atom_cmpxchg.cl.bc
[966/5017] Generating obj.libclc.dir/cayman-r600--/opencl/lib/generic/atomic/atom_and.cl.bc
[967/5017] Generating obj.libclc.dir/cayman-r600--/opencl/lib/generic/atomic/atom_dec.cl.bc
[968/5017] Generating obj.libclc.dir/cayman-r600--/opencl/lib/generic/atomic/atom_min.cl.bc
[969/5017] Generating obj.libclc.dir/cayman-r600--/opencl/lib/generic/async/async_work_group_copy.cl.bc
[970/5017] Generating obj.libclc.dir/cayman-r600--/opencl/lib/generic/atomic/atom_inc.cl.bc
[971/5017] Generating obj.libclc.dir/cayman-r600--/opencl/lib/generic/atomic/atom_sub.cl.bc
[972/5017] Generating obj.libclc.dir/cayman-r600--/opencl/lib/generic/atomic/atom_or.cl.bc
[973/5017] Generating obj.libclc.dir/cayman-r600--/opencl/lib/generic/atomic/atom_max.cl.bc
[974/5017] Generating obj.libclc.dir/cayman-r600--/opencl/lib/generic/atomic/atom_xchg.cl.bc
[975/5017] Generating obj.libclc.dir/cayman-r600--/opencl/lib/generic/atomic/atomic_and.cl.bc
[976/5017] Generating obj.libclc.dir/cayman-r600--/opencl/lib/generic/atomic/atomic_cmpxchg.cl.bc
[977/5017] Generating obj.libclc.dir/cayman-r600--/opencl/lib/generic/atomic/atomic_dec.cl.bc
[978/5017] Generating obj.libclc.dir/cayman-r600--/opencl/lib/generic/atomic/atom_xor.cl.bc
[979/5017] Generating obj.libclc.dir/cayman-r600--/opencl/lib/generic/atomic/atomic_add.cl.bc
[980/5017] Generating obj.libclc.dir/cayman-r600--/opencl/lib/generic/atomic/atomic_sub.cl.bc
[981/5017] Generating obj.libclc.dir/cayman-r600--/opencl/lib/generic/atomic/atomic_inc.cl.bc
[982/5017] Generating obj.libclc.dir/cayman-r600--/opencl/lib/generic/atomic/atomic_xor.cl.bc
[983/5017] Generating obj.libclc.dir/cayman-r600--/opencl/lib/generic/atomic/atomic_xchg.cl.bc
[984/5017] Generating obj.libclc.dir/cayman-r600--/opencl/lib/generic/atomic/atomic_or.cl.bc
[985/5017] Generating obj.libclc.dir/cayman-r600--/opencl/lib/generic/atomic/atomic_max.cl.bc
[986/5017] Generating obj.libclc.dir/cayman-r600--/opencl/lib/generic/common/radians.cl.bc
[987/5017] Generating obj.libclc.dir/cayman-r600--/opencl/lib/generic/atomic/atomic_min.cl.bc
[988/5017] Generating obj.libclc.dir/cayman-r600--/opencl/lib/generic/common/degrees.cl.bc
[989/5017] Generating obj.libclc.dir/cayman-r600--/opencl/lib/generic/common/mix.cl.bc
[990/5017] Generating obj.libclc.dir/cayman-r600--/opencl/lib/generic/common/smoothstep.cl.bc
[991/5017] Generating obj.libclc.dir/cayman-r600--/opencl/lib/generic/common/sign.cl.bc
[992/5017] Generating obj.libclc.dir/cayman-r600--/opencl/lib/generic/geometric/distance.cl.bc
[993/5017] Generating obj.libclc.dir/cayman-r600--/opencl/lib/generic/geometric/dot.cl.bc
[994/5017] Generating obj.libclc.dir/cayman-r600--/opencl/lib/generic/geometric/cross.cl.bc
[995/5017] Generating obj.libclc.dir/cayman-r600--/opencl/lib/generic/common/step.cl.bc
[996/5017] Generating obj.libclc.dir/cayman-r600--/opencl/lib/generic/geometric/fast_normalize.cl.bc
[997/5017] Generating obj.libclc.dir/cayman-r600--/opencl/lib/generic/geometric/fast_distance.cl.bc
[998/5017] Generating obj.libclc.dir/cayman-r600--/opencl/lib/generic/geometric/fast_length.cl.bc
[999/5017] Generating obj.libclc.dir/cayman-r600--/opencl/lib/generic/geometric/normalize.cl.bc
[1000/5017] Generating obj.libclc.dir/cayman-r600--/opencl/lib/generic/geometric/length.cl.bc
[1001/5017] Generating obj.libclc.dir/cayman-r600--/opencl/lib/generic/integer/abs_diff.cl.bc
[1002/5017] Generating obj.libclc.dir/cayman-r600--/opencl/lib/generic/integer/abs.cl.bc
[1003/5017] Generating obj.libclc.dir/cayman-r600--/opencl/lib/generic/integer/clz.cl.bc
[1004/5017] Generating obj.libclc.dir/cayman-r600--/opencl/lib/generic/integer/mul24.cl.bc
[1005/5017] Generating obj.libclc.dir/cayman-r600--/opencl/lib/generic/integer/mad24.cl.bc
[1006/5017] Generating obj.libclc.dir/cayman-r600--/opencl/lib/generic/integer/add_sat.cl.bc
[1007/5017] Generating obj.libclc.dir/cayman-r600--/opencl/lib/generic/integer/hadd.cl.bc
[1008/5017] Generating obj.libclc.dir/cayman-r600--/opencl/lib/generic/async/async_work_group_strided_copy.cl.bc
[1009/5017] Generating obj.libclc.dir/cayman-r600--/opencl/lib/generic/integer/mul_hi.cl.bc
[1010/5017] Generating obj.libclc.dir/cayman-r600--/opencl/lib/generic/integer/ctz.cl.bc
[1011/5017] Generating obj.libclc.dir/cayman-r600--/opencl/lib/generic/integer/popcount.cl.bc
[1012/5017] Generating obj.libclc.dir/cayman-r600--/opencl/lib/generic/integer/rhadd.cl.bc
[1013/5017] Generating obj.libclc.dir/cayman-r600--/opencl/lib/generic/math/acos.cl.bc
[1014/5017] Generating obj.libclc.dir/cayman-r600--/opencl/lib/generic/integer/mad_hi.cl.bc
[1015/5017] Generating obj.libclc.dir/cayman-r600--/opencl/lib/generic/integer/mad_sat.cl.bc
[1016/5017] Generating obj.libclc.dir/cayman-r600--/opencl/lib/generic/math/acospi.cl.bc
[1017/5017] Generating obj.libclc.dir/cayman-r600--/opencl/lib/generic/math/acosh.cl.bc
[1018/5017] Generating obj.libclc.dir/cayman-r600--/opencl/lib/generic/math/asin.cl.bc
[1019/5017] Generating obj.libclc.dir/cayman-r600--/opencl/lib/generic/integer/upsample.cl.bc
[1020/5017] Generating obj.libclc.dir/cayman-r600--/opencl/lib/generic/integer/rotate.cl.bc
[1021/5017] Generating obj.libclc.dir/cayman-r600--/opencl/lib/generic/math/atan2pi.cl.bc
[1022/5017] Generating obj.libclc.dir/cayman-r600--/opencl/lib/generic/math/atanh.cl.bc
[1023/5017] Generating obj.libclc.dir/cayman-r600--/opencl/lib/generic/math/atan.cl.bc
[1024/5017] Generating obj.libclc.dir/cayman-r600--/opencl/lib/generic/integer/sub_sat.cl.bc
[1025/5017] Generating obj.libclc.dir/cayman-r600--/opencl/lib/generic/math/asinh.cl.bc
[1026/5017] Generating obj.libclc.dir/cayman-r600--/opencl/lib/generic/math/atan2.cl.bc
[1027/5017] Generating obj.libclc.dir/cayman-r600--/opencl/lib/generic/math/asinpi.cl.bc
[1028/5017] Generating obj.libclc.dir/cayman-r600--/opencl/lib/generic/math/atanpi.cl.bc
[1029/5017] Generating obj.libclc.dir/cayman-r600--/opencl/lib/generic/math/copysign.cl.bc
[1030/5017] Generating obj.libclc.dir/cayman-r600--/opencl/lib/generic/math/cos.cl.bc
[1031/5017] Generating obj.libclc.dir/cayman-r600--/opencl/lib/generic/math/ceil.cl.bc
[1032/5017] Generating obj.libclc.dir/cayman-r600--/opencl/lib/generic/math/cbrt.cl.bc
[1033/5017] Generating obj.libclc.dir/cayman-r600--/opencl/lib/generic/math/erf.cl.bc
[1034/5017] Generating obj.libclc.dir/cayman-r600--/opencl/lib/generic/math/cosh.cl.bc
[1035/5017] Generating obj.libclc.dir/cayman-r600--/opencl/lib/generic/math/cospi.cl.bc
[1036/5017] Generating obj.libclc.dir/cayman-r600--/opencl/lib/generic/math/exp.cl.bc
[1037/5017] Generating obj.libclc.dir/cayman-r600--/opencl/lib/generic/math/expm1.cl.bc
[1038/5017] Generating obj.libclc.dir/cayman-r600--/opencl/lib/generic/math/erfc.cl.bc
[1039/5017] Generating obj.libclc.dir/cayman-r600--/opencl/lib/generic/math/fabs.cl.bc
[1040/5017] Generating obj.libclc.dir/cayman-r600--/opencl/lib/generic/math/exp10.cl.bc
[1041/5017] Generating obj.libclc.dir/cayman-r600--/opencl/lib/generic/math/fdim.cl.bc
[1042/5017] Generating obj.libclc.dir/cayman-r600--/opencl/lib/generic/math/floor.cl.bc
[1043/5017] Generating obj.libclc.dir/cayman-r600--/opencl/lib/generic/math/exp2.cl.bc
[1044/5017] Generating obj.libclc.dir/cayman-r600--/opencl/lib/generic/math/fma.cl.bc
[1045/5017] Generating obj.libclc.dir/cayman-r600--/opencl/lib/generic/math/fmax.cl.bc
[1046/5017] Generating obj.libclc.dir/cayman-r600--/opencl/lib/generic/math/fract.cl.bc
[1047/5017] Generating obj.libclc.dir/cayman-r600--/opencl/lib/generic/math/frexp.cl.bc
[1048/5017] Generating obj.libclc.dir/cayman-r600--/opencl/lib/generic/math/fmin.cl.bc
[1049/5017] Generating obj.libclc.dir/cayman-r600--/opencl/lib/generic/math/fmod.cl.bc
[1050/5017] Generating obj.libclc.dir/cayman-r600--/opencl/lib/generic/math/half_cos.cl.bc
[1051/5017] Generating obj.libclc.dir/cayman-r600--/opencl/lib/generic/math/half_exp.cl.bc
[1052/5017] Generating obj.libclc.dir/cayman-r600--/opencl/lib/generic/math/half_log.cl.bc
[1053/5017] Generating obj.libclc.dir/cayman-r600--/opencl/lib/generic/math/half_exp10.cl.bc
[1054/5017] Generating obj.libclc.dir/cayman-r600--/opencl/lib/generic/math/half_log10.cl.bc
[1055/5017] Generating obj.libclc.dir/cayman-r600--/opencl/lib/generic/math/half_exp2.cl.bc
[1056/5017] Generating obj.libclc.dir/cayman-r600--/opencl/lib/generic/math/half_log2.cl.bc
[1057/5017] Generating obj.libclc.dir/cayman-r600--/opencl/lib/generic/math/half_divide.cl.bc
[1058/5017] Generating obj.libclc.dir/cayman-r600--/opencl/lib/generic/math/half_sin.cl.bc
[1059/5017] Generating obj.libclc.dir/cayman-r600--/opencl/lib/generic/math/half_recip.cl.bc
[1060/5017] Generating obj.libclc.dir/cayman-r600--/opencl/lib/generic/math/hypot.cl.bc
[1061/5017] Generating obj.libclc.dir/cayman-r600--/opencl/lib/generic/math/half_rsqrt.cl.bc
[1062/5017] Generating obj.libclc.dir/cayman-r600--/opencl/lib/generic/math/ilogb.cl.bc
[1063/5017] Generating obj.libclc.dir/cayman-r600--/opencl/lib/generic/math/half_powr.cl.bc
[1064/5017] Generating obj.libclc.dir/cayman-r600--/opencl/lib/generic/math/half_sqrt.cl.bc
[1065/5017] Generating obj.libclc.dir/cayman-r600--/opencl/lib/generic/math/half_tan.cl.bc
[1066/5017] Generating obj.libclc.dir/cayman-r600--/opencl/lib/generic/math/lgamma_r.cl.bc
[1067/5017] Generating obj.libclc.dir/cayman-r600--/opencl/lib/generic/math/ldexp.cl.bc
[1068/5017] Generating obj.libclc.dir/cayman-r600--/opencl/lib/generic/math/logb.cl.bc
[1069/5017] Generating obj.libclc.dir/barts-r600--/convert.cl.bc
[1070/5017] Generating obj.libclc.dir/cayman-r600--/opencl/lib/generic/math/log10.cl.bc
[1071/5017] Generating obj.libclc.dir/cayman-r600--/opencl/lib/generic/math/lgamma.cl.bc
[1072/5017] Generating obj.libclc.dir/cayman-r600--/opencl/lib/generic/math/log.cl.bc
[1073/5017] Generating obj.libclc.dir/cayman-r600--/opencl/lib/generic/math/log2.cl.bc
[1074/5017] Generating obj.libclc.dir/cayman-r600--/opencl/lib/generic/math/log1p.cl.bc
[1075/5017] Generating obj.libclc.dir/cayman-r600--/opencl/lib/generic/math/maxmag.cl.bc
[1076/5017] Generating obj.libclc.dir/cayman-r600--/opencl/lib/generic/math/mad.cl.bc
[1077/5017] Generating obj.libclc.dir/cayman-r600--/opencl/lib/generic/math/nan.cl.bc
[1078/5017] Generating obj.libclc.dir/cayman-r600--/opencl/lib/generic/math/native_cos.cl.bc
[1079/5017] Generating obj.libclc.dir/cayman-r600--/opencl/lib/generic/math/minmag.cl.bc
[1080/5017] Generating obj.libclc.dir/cayman-r600--/opencl/lib/generic/math/native_exp.cl.bc
[1081/5017] Generating obj.libclc.dir/cayman-r600--/opencl/lib/generic/math/native_divide.cl.bc
[1082/5017] Generating obj.libclc.dir/cayman-r600--/opencl/lib/generic/math/native_exp10.cl.bc
[1083/5017] Generating obj.libclc.dir/cayman-r600--/opencl/lib/generic/math/native_exp2.cl.bc
[1084/5017] Generating obj.libclc.dir/cayman-r600--/opencl/lib/generic/math/native_log.cl.bc
[1085/5017] Generating obj.libclc.dir/cayman-r600--/opencl/lib/generic/math/modf.cl.bc
[1086/5017] Generating obj.libclc.dir/cayman-r600--/opencl/lib/generic/math/native_log10.cl.bc
[1087/5017] Generating obj.libclc.dir/cayman-r600--/opencl/lib/generic/math/native_log2.cl.bc
[1088/5017] Generating obj.libclc.dir/cayman-r600--/opencl/lib/generic/math/native_recip.cl.bc
[1089/5017] Generating obj.libclc.dir/cayman-r600--/opencl/lib/generic/math/native_sin.cl.bc
[1090/5017] Generating obj.libclc.dir/cayman-r600--/opencl/lib/generic/math/native_rsqrt.cl.bc
[1091/5017] Generating obj.libclc.dir/cayman-r600--/opencl/lib/generic/math/pow.cl.bc
[1092/5017] Generating obj.libclc.dir/cayman-r600--/opencl/lib/generic/math/native_powr.cl.bc
[1093/5017] Generating obj.libclc.dir/cayman-r600--/opencl/lib/generic/math/native_sqrt.cl.bc
[1094/5017] Generating obj.libclc.dir/cayman-r600--/opencl/lib/generic/math/pown.cl.bc
[1095/5017] Generating obj.libclc.dir/cayman-r600--/opencl/lib/generic/math/nextafter.cl.bc
[1096/5017] Generating obj.libclc.dir/cayman-r600--/opencl/lib/generic/math/remainder.cl.bc
[1097/5017] Generating obj.libclc.dir/cayman-r600--/opencl/lib/generic/math/powr.cl.bc
[1098/5017] Generating obj.libclc.dir/cayman-r600--/opencl/lib/generic/math/native_tan.cl.bc
[1099/5017] Generating obj.libclc.dir/cayman-r600--/opencl/lib/generic/math/rint.cl.bc
[1100/5017] Generating obj.libclc.dir/cayman-r600--/opencl/lib/generic/math/remquo.cl.bc
[1101/5017] Generating obj.libclc.dir/cayman-r600--/opencl/lib/generic/math/rootn.cl.bc
[1102/5017] Generating obj.libclc.dir/cayman-r600--/opencl/lib/generic/math/rsqrt.cl.bc
[1103/5017] Generating obj.libclc.dir/cayman-r600--/opencl/lib/generic/math/sin.cl.bc
[1104/5017] Generating obj.libclc.dir/cayman-r600--/opencl/lib/generic/math/sinh.cl.bc
[1105/5017] Generating obj.libclc.dir/cayman-r600--/opencl/lib/generic/math/tanpi.cl.bc
[1106/5017] Generating obj.libclc.dir/cayman-r600--/opencl/lib/generic/math/round.cl.bc
[1107/5017] Generating obj.libclc.dir/cayman-r600--/opencl/lib/generic/math/sincos.cl.bc
[1108/5017] Generating obj.libclc.dir/cayman-r600--/opencl/lib/generic/math/tanh.cl.bc
[1109/5017] Generating obj.libclc.dir/cayman-r600--/opencl/lib/generic/math/tgamma.cl.bc
[1110/5017] Generating obj.libclc.dir/cayman-r600--/opencl/lib/generic/math/trunc.cl.bc
[1111/5017] Generating obj.libclc.dir/cayman-r600--/opencl/lib/generic/math/sinpi.cl.bc
[1112/5017] Generating obj.libclc.dir/cayman-r600--/opencl/lib/generic/math/sqrt.cl.bc
[1113/5017] Generating obj.libclc.dir/cayman-r600--/opencl/lib/generic/math/tan.cl.bc
[1114/5017] Generating obj.libclc.dir/cayman-r600--/opencl/lib/generic/relational/isfinite.cl.bc
[1115/5017] Generating obj.libclc.dir/cayman-r600--/opencl/lib/generic/relational/isequal.cl.bc
[1116/5017] Generating obj.libclc.dir/cayman-r600--/opencl/lib/generic/relational/all.cl.bc
[1117/5017] Generating obj.libclc.dir/cayman-r600--/opencl/lib/generic/relational/isgreater.cl.bc
[1118/5017] Generating obj.libclc.dir/cayman-r600--/opencl/lib/generic/relational/any.cl.bc
[1119/5017] Generating obj.libclc.dir/cayman-r600--/opencl/lib/generic/relational/isgreaterequal.cl.bc
[1120/5017] Generating obj.libclc.dir/cayman-r600--/opencl/lib/generic/relational/islessgreater.cl.bc
[1121/5017] Generating obj.libclc.dir/cayman-r600--/opencl/lib/generic/relational/bitselect.cl.bc
[1122/5017] Generating obj.libclc.dir/cayman-r600--/opencl/lib/generic/relational/isnotequal.cl.bc
[1123/5017] Generating obj.libclc.dir/cayman-r600--/opencl/lib/generic/relational/isnormal.cl.bc
[1124/5017] Generating obj.libclc.dir/cayman-r600--/opencl/lib/generic/relational/isless.cl.bc
[1125/5017] Generating obj.libclc.dir/cayman-r600--/opencl/lib/generic/relational/islessequal.cl.bc
[1126/5017] Generating obj.libclc.dir/cayman-r600--/opencl/lib/generic/relational/isinf.cl.bc
[1127/5017] Generating obj.libclc.dir/cayman-r600--/opencl/lib/generic/relational/isnan.cl.bc
[1128/5017] Generating obj.libclc.dir/cayman-r600--/opencl/lib/generic/relational/isunordered.cl.bc
[1129/5017] Generating obj.libclc.dir/cayman-r600--/opencl/lib/generic/misc/shuffle.cl.bc
[1130/5017] Generating obj.libclc.dir/cayman-r600--/opencl/lib/generic/relational/isordered.cl.bc
[1131/5017] Generating obj.libclc.dir/cayman-r600--/opencl/lib/generic/relational/signbit.cl.bc
[1132/5017] Generating obj.libclc.dir/tahiti-amdgcn--/clc/lib/amdgcn/math/clc_fmax.cl.bc
[1133/5017] Generating obj.libclc.dir/cayman-r600--/opencl/lib/generic/misc/shuffle2.cl.bc
[1134/5017] Generating obj.libclc.dir/cayman-r600--/opencl/lib/generic/workitem/get_global_id.cl.bc
[1135/5017] Generating obj.libclc.dir/cayman-r600--/opencl/lib/generic/shared/min.cl.bc
[1136/5017] Generating obj.libclc.dir/cayman-r600--/opencl/lib/generic/relational/select.cl.bc
[1137/5017] Generating obj.libclc.dir/tahiti-amdgcn--/clc/lib/amdgcn/math/clc_fmin.cl.bc
[1138/5017] Generating obj.libclc.dir/cayman-r600--/opencl/lib/generic/shared/clamp.cl.bc
[1139/5017] Generating clspv-convert.cl
[1140/5017] Generating obj.libclc.dir/tahiti-amdgcn--/clc/lib/amdgcn/math/clc_ldexp_override.cl.bc
[1141/5017] Generating obj.libclc.dir/tahiti-amdgcn--/clc/lib/amdgcn/workitem/clc_get_global_size.cl.bc
[1142/5017] Generating obj.libclc.dir/cayman-r600--/opencl/lib/generic/shared/vload.cl.bc
[1143/5017] Generating obj.libclc.dir/cayman-r600--/opencl/lib/generic/shared/max.cl.bc
[1144/5017] Generating obj.libclc.dir/tahiti-amdgcn--/clc/lib/amdgcn/workitem/clc_get_work_dim.cl.bc
[1145/5017] Generating obj.libclc.dir/tahiti-amdgcn--/clc/lib/amdgcn/workitem/clc_get_global_offset.cl.bc
[1146/5017] Generating obj.libclc.dir/tahiti-amdgcn--/clc/lib/amdgcn/workitem/clc_get_local_id.cl.bc
[1147/5017] Generating obj.libclc.dir/tahiti-amdgcn--/clc/lib/amdgcn/workitem/clc_get_group_id.cl.bc
[1148/5017] Generating obj.libclc.dir/tahiti-amdgcn--/clc/lib/amdgpu/math/clc_half_exp10.cl.bc
[1149/5017] Generating obj.libclc.dir/tahiti-amdgcn--/clc/lib/amdgpu/math/clc_half_exp.cl.bc
[1150/5017] Generating obj.libclc.dir/tahiti-amdgcn--/clc/lib/amdgpu/math/clc_half_log2.cl.bc
[1151/5017] Generating obj.libclc.dir/cayman-r600--/opencl/lib/generic/shared/vstore.cl.bc
[1152/5017] Generating obj.libclc.dir/tahiti-amdgcn--/clc/lib/amdgpu/math/clc_half_recip.cl.bc
[1153/5017] Generating obj.libclc.dir/tahiti-amdgcn--/clc/lib/amdgpu/math/clc_half_log10.cl.bc
[1154/5017] Generating obj.libclc.dir/tahiti-amdgcn--/clc/lib/amdgpu/math/clc_half_sqrt.cl.bc
[1155/5017] Generating obj.libclc.dir/tahiti-amdgcn--/clc/lib/amdgpu/math/clc_half_exp2.cl.bc
[1156/5017] Generating obj.libclc.dir/tahiti-amdgcn--/clc/lib/amdgpu/math/clc_half_rsqrt.cl.bc
[1157/5017] Generating obj.libclc.dir/tahiti-amdgcn--/clc/lib/amdgpu/math/clc_native_log10.cl.bc
[1158/5017] Generating obj.libclc.dir/tahiti-amdgcn--/clc/lib/amdgpu/math/clc_half_log.cl.bc
[1159/5017] Generating obj.libclc.dir/tahiti-amdgcn--/clc/lib/amdgpu/math/clc_native_exp2.cl.bc
[1160/5017] Generating obj.libclc.dir/tahiti-amdgcn--/clc/lib/amdgpu/math/clc_native_exp.cl.bc
[1161/5017] Generating obj.libclc.dir/tahiti-amdgcn--/clc/lib/amdgpu/math/clc_sqrt_fp64.cl.bc
[1162/5017] Generating obj.libclc.dir/tahiti-amdgcn--/clc/lib/generic/common/clc_radians.cl.bc
[1163/5017] Generating obj.libclc.dir/tahiti-amdgcn--/clc/lib/generic/async/clc_prefetch.cl.bc
[1164/5017] Generating obj.libclc.dir/tahiti-amdgcn--/clc/lib/generic/common/clc_degrees.cl.bc
[1165/5017] Generating obj.libclc.dir/tahiti-amdgcn--/clc/lib/generic/common/clc_smoothstep.cl.bc
[1166/5017] Generating obj.libclc.dir/tahiti-amdgcn--/clc/lib/generic/geometric/clc_fast_distance.cl.bc
[1167/5017] Generating obj.libclc.dir/tahiti-amdgcn--/clc/lib/generic/geometric/clc_distance.cl.bc
[1168/5017] Generating obj.libclc.dir/tahiti-amdgcn--/clc/lib/generic/common/clc_sign.cl.bc
[1169/5017] Generating obj.libclc.dir/tahiti-amdgcn--/clc/lib/generic/geometric/clc_dot.cl.bc
[1170/5017] Generating obj.libclc.dir/tahiti-amdgcn--/clc/lib/generic/geometric/clc_fast_length.cl.bc
[1171/5017] Generating obj.libclc.dir/tahiti-amdgcn--/clc/lib/generic/common/clc_step.cl.bc
[1172/5017] Generating obj.libclc.dir/tahiti-amdgcn--/clc/lib/generic/geometric/clc_fast_normalize.cl.bc
[1173/5017] Generating obj.libclc.dir/tahiti-amdgcn--/clc/lib/generic/geometric/clc_length.cl.bc
[1174/5017] Generating obj.libclc.dir/tahiti-amdgcn--/clc/lib/generic/geometric/clc_cross.cl.bc
[1175/5017] Generating obj.libclc.dir/tahiti-amdgcn--/clc/lib/generic/integer/clc_add_sat.cl.bc
[1176/5017] Generating obj.libclc.dir/tahiti-amdgcn--/clc/lib/generic/integer/clc_mul24.cl.bc
[1177/5017] Generating obj.libclc.dir/tahiti-amdgcn--/clc/lib/generic/integer/clc_mad24.cl.bc
[1178/5017] Generating obj.libclc.dir/tahiti-amdgcn--/clc/lib/generic/integer/clc_clz.cl.bc
[1179/5017] Generating obj.libclc.dir/tahiti-amdgcn--/clc/lib/generic/integer/clc_abs_diff.cl.bc
[1180/5017] Generating obj.libclc.dir/tahiti-amdgcn--/clc/lib/generic/integer/clc_abs.cl.bc
[1181/5017] Generating obj.libclc.dir/tahiti-amdgcn--/clc/lib/generic/integer/clc_hadd.cl.bc
[1182/5017] Generating obj.libclc.dir/tahiti-amdgcn--/clc/lib/generic/integer/clc_ctz.cl.bc
[1183/5017] Generating obj.libclc.dir/tahiti-amdgcn--/clc/lib/generic/integer/clc_popcount.cl.bc
[1184/5017] Generating obj.libclc.dir/tahiti-amdgcn--/clc/lib/generic/integer/clc_rotate.cl.bc
[1185/5017] Generating obj.libclc.dir/tahiti-amdgcn--/clc/lib/generic/integer/clc_rhadd.cl.bc
[1186/5017] Generating obj.libclc.dir/tahiti-amdgcn--/clc/lib/generic/integer/clc_sub_sat.cl.bc
[1187/5017] Generating obj.libclc.dir/tahiti-amdgcn--/clc/lib/generic/geometric/clc_normalize.cl.bc
[1188/5017] Generating obj.libclc.dir/tahiti-amdgcn--/clc/lib/generic/integer/clc_upsample.cl.bc
[1189/5017] Generating obj.libclc.dir/tahiti-amdgcn--/clc/lib/generic/math/clc_acosh.cl.bc
[1190/5017] Generating obj.libclc.dir/tahiti-amdgcn--/clc/lib/generic/math/clc_asin.cl.bc
[1191/5017] Generating obj.libclc.dir/tahiti-amdgcn--/clc/lib/generic/math/clc_asinh.cl.bc
[1192/5017] Generating obj.libclc.dir/tahiti-amdgcn--/clc/lib/generic/integer/clc_mad_sat.cl.bc
[1193/5017] Generating obj.libclc.dir/tahiti-amdgcn--/clc/lib/generic/math/clc_acospi.cl.bc
[1194/5017] Generating obj.libclc.dir/tahiti-amdgcn--/clc/lib/generic/math/clc_ceil.cl.bc
[1195/5017] Generating obj.libclc.dir/tahiti-amdgcn--/clc/lib/generic/math/clc_asinpi.cl.bc
[1196/5017] Generating obj.libclc.dir/tahiti-amdgcn--/clc/lib/generic/math/clc_atanh.cl.bc
[1197/5017] Generating obj.libclc.dir/tahiti-amdgcn--/clc/lib/generic/math/clc_copysign.cl.bc
[1198/5017] Generating obj.libclc.dir/tahiti-amdgcn--/clc/lib/generic/math/clc_atan2.cl.bc
[1199/5017] Generating obj.libclc.dir/tahiti-amdgcn--/clc/lib/generic/integer/clc_mul_hi.cl.bc
[1200/5017] Generating obj.libclc.dir/tahiti-amdgcn--/clc/lib/generic/math/clc_atan2pi.cl.bc
[1201/5017] Generating obj.libclc.dir/tahiti-amdgcn--/clc/lib/generic/math/clc_atan.cl.bc
[1202/5017] Generating obj.libclc.dir/tahiti-amdgcn--/clc/lib/generic/math/clc_acos.cl.bc
[1203/5017] Generating obj.libclc.dir/tahiti-amdgcn--/clc/lib/generic/math/clc_atanpi.cl.bc
[1204/5017] Generating obj.libclc.dir/tahiti-amdgcn--/clc/lib/generic/math/clc_cosh.cl.bc
[1205/5017] Generating obj.libclc.dir/tahiti-amdgcn--/clc/lib/generic/math/clc_erf.cl.bc
[1206/5017] Generating obj.libclc.dir/tahiti-amdgcn--/clc/lib/generic/math/clc_cos.cl.bc
[1207/5017] Generating obj.libclc.dir/tahiti-amdgcn--/clc/lib/generic/math/clc_cbrt.cl.bc
[1208/5017] Generating obj.libclc.dir/tahiti-amdgcn--/clc/lib/generic/math/clc_erfc.cl.bc
[1209/5017] Generating obj.libclc.dir/tahiti-amdgcn--/clc/lib/generic/math/clc_fabs.cl.bc
[1210/5017] Generating obj.libclc.dir/tahiti-amdgcn--/clc/lib/generic/math/clc_ep_log.cl.bc
[1211/5017] Generating obj.libclc.dir/tahiti-amdgcn--/clc/lib/generic/math/clc_cospi.cl.bc
[1212/5017] Generating obj.libclc.dir/tahiti-amdgcn--/clc/lib/generic/math/clc_fma.cl.bc
[1213/5017] Generating obj.libclc.dir/tahiti-amdgcn--/clc/lib/generic/math/clc_floor.cl.bc
[1214/5017] Generating obj.libclc.dir/tahiti-amdgcn--/clc/lib/generic/math/clc_exp2.cl.bc
[1215/5017] Generating obj.libclc.dir/tahiti-amdgcn--/clc/lib/generic/math/clc_half_cos.cl.bc
[1216/5017] Generating obj.libclc.dir/tahiti-amdgcn--/clc/lib/generic/math/clc_expm1.cl.bc
[1217/5017] Generating obj.libclc.dir/tahiti-amdgcn--/clc/lib/generic/math/clc_half_divide.cl.bc
[1218/5017] Generating obj.libclc.dir/tahiti-amdgcn--/clc/lib/generic/math/clc_exp_helper.cl.bc
[1219/5017] Generating obj.libclc.dir/tahiti-amdgcn--/clc/lib/generic/math/clc_half_sin.cl.bc
[1220/5017] Generating obj.libclc.dir/tahiti-amdgcn--/clc/lib/generic/math/clc_half_powr.cl.bc
[1221/5017] Generating obj.libclc.dir/tahiti-amdgcn--/clc/lib/generic/math/clc_half_tan.cl.bc
[1222/5017] Generating obj.libclc.dir/tahiti-amdgcn--/clc/lib/generic/math/clc_fract.cl.bc
[1223/5017] Generating obj.libclc.dir/tahiti-amdgcn--/clc/lib/generic/math/clc_fdim.cl.bc
[1224/5017] Generating obj.libclc.dir/tahiti-amdgcn--/clc/lib/generic/math/clc_exp.cl.bc
[1225/5017] Generating obj.libclc.dir/tahiti-amdgcn--/clc/lib/generic/math/clc_lgamma.cl.bc
[1226/5017] Generating obj.libclc.dir/tahiti-amdgcn--/clc/lib/generic/math/clc_log.cl.bc
[1227/5017] Generating obj.libclc.dir/tahiti-amdgcn--/clc/lib/generic/math/clc_exp10.cl.bc
[1228/5017] Generating obj.libclc.dir/tahiti-amdgcn--/clc/lib/generic/math/clc_ilogb.cl.bc
[1229/5017] Generating obj.libclc.dir/tahiti-amdgcn--/clc/lib/generic/math/clc_hypot.cl.bc
[1230/5017] Generating obj.libclc.dir/cayman-r600--/convert.cl.bc
[1231/5017] Generating obj.libclc.dir/tahiti-amdgcn--/clc/lib/generic/math/clc_ldexp.cl.bc
[1232/5017] Generating obj.libclc.dir/tahiti-amdgcn--/clc/lib/generic/math/clc_log10.cl.bc
[1233/5017] Generating obj.libclc.dir/tahiti-amdgcn--/clc/lib/generic/math/clc_log2.cl.bc
[1234/5017] Generating obj.libclc.dir/tahiti-amdgcn--/clc/lib/generic/math/clc_fmod.cl.bc
[1235/5017] Generating obj.libclc.dir/tahiti-amdgcn--/clc/lib/generic/math/clc_mad.cl.bc
[1236/5017] Generating obj.libclc.dir/tahiti-amdgcn--/clc/lib/generic/math/clc_native_cos.cl.bc
[1237/5017] Generating obj.libclc.dir/tahiti-amdgcn--/clc/lib/generic/math/clc_nan.cl.bc
[1238/5017] Generating obj.libclc.dir/tahiti-amdgcn--/clc/lib/generic/math/clc_modf.cl.bc
[1239/5017] Generating obj.libclc.dir/tahiti-amdgcn--/clc/lib/generic/math/clc_frexp.cl.bc
[1240/5017] Generating obj.libclc.dir/tahiti-amdgcn--/clc/lib/generic/math/clc_log1p.cl.bc
[1241/5017] Generating obj.libclc.dir/tahiti-amdgcn--/clc/lib/generic/math/clc_native_log.cl.bc
[1242/5017] Generating obj.libclc.dir/tahiti-amdgcn--/clc/lib/generic/math/clc_native_rsqrt.cl.bc
[1243/5017] Generating obj.libclc.dir/tahiti-amdgcn--/clc/lib/generic/math/clc_native_log2.cl.bc
[1244/5017] Generating obj.libclc.dir/tahiti-amdgcn--/clc/lib/generic/math/clc_native_recip.cl.bc
[1245/5017] Generating obj.libclc.dir/tahiti-amdgcn--/clc/lib/generic/math/clc_native_powr.cl.bc
[1246/5017] Generating obj.libclc.dir/tahiti-amdgcn--/clc/lib/generic/math/clc_native_divide.cl.bc
[1247/5017] Generating obj.libclc.dir/tahiti-amdgcn--/clc/lib/generic/math/clc_native_exp10.cl.bc
[1248/5017] Generating obj.libclc.dir/tahiti-amdgcn--/clc/lib/generic/math/clc_native_sin.cl.bc
[1249/5017] Generating obj.libclc.dir/tahiti-amdgcn--/clc/lib/generic/math/clc_native_sqrt.cl.bc
[1250/5017] Generating obj.libclc.dir/tahiti-amdgcn--/clc/lib/generic/math/clc_native_tan.cl.bc
[1251/5017] Generating obj.libclc.dir/tahiti-amdgcn--/clc/lib/generic/math/clc_maxmag.cl.bc
[1252/5017] Generating obj.libclc.dir/tahiti-amdgcn--/clc/lib/generic/math/clc_nextafter.cl.bc
[1253/5017] Generating obj.libclc.dir/tahiti-amdgcn--/clc/lib/generic/math/clc_rint.cl.bc
[1254/5017] Generating obj.libclc.dir/tahiti-amdgcn--/clc/lib/generic/math/clc_logb.cl.bc
[1255/5017] Generating obj.libclc.dir/tahiti-amdgcn--/clc/lib/generic/math/clc_rsqrt.cl.bc
[1256/5017] Generating obj.libclc.dir/tahiti-amdgcn--/clc/lib/generic/math/clc_round.cl.bc
[1257/5017] Generating obj.libclc.dir/tahiti-amdgcn--/clc/lib/generic/math/clc_minmag.cl.bc
[1258/5017] Generating obj.libclc.dir/tahiti-amdgcn--/clc/lib/generic/math/clc_sincos.cl.bc
[1259/5017] Generating obj.libclc.dir/tahiti-amdgcn--/clc/lib/generic/math/clc_pow.cl.bc
[1260/5017] Generating obj.libclc.dir/tahiti-amdgcn--/clc/lib/generic/math/clc_powr.cl.bc
[1261/5017] Generating obj.libclc.dir/tahiti-amdgcn--/clc/lib/generic/math/clc_rootn.cl.bc
[1262/5017] Generating obj.libclc.dir/tahiti-amdgcn--/clc/lib/generic/math/clc_sqrt.cl.bc
[1263/5017] Generating obj.libclc.dir/tahiti-amdgcn--/clc/lib/generic/math/clc_remainder.cl.bc
[1264/5017] Generating obj.libclc.dir/tahiti-amdgcn--/clc/lib/generic/math/clc_tables.cl.bc
[1265/5017] Generating obj.libclc.dir/tahiti-amdgcn--/clc/lib/generic/math/clc_sw_fma.cl.bc
[1266/5017] Generating obj.libclc.dir/tahiti-amdgcn--/clc/lib/generic/math/clc_sinh.cl.bc
[1267/5017] Generating obj.libclc.dir/tahiti-amdgcn--/clc/lib/generic/math/clc_sinpi.cl.bc
[1268/5017] Generating obj.libclc.dir/tahiti-amdgcn--/clc/lib/generic/math/clc_sin.cl.bc
[1269/5017] Generating obj.libclc.dir/tahiti-amdgcn--/clc/lib/generic/math/clc_trunc.cl.bc
[1270/5017] Generating obj.libclc.dir/tahiti-amdgcn--/clc/lib/generic/relational/clc_all.cl.bc
[1271/5017] Generating obj.libclc.dir/tahiti-amdgcn--/clc/lib/generic/relational/clc_any.cl.bc
[1272/5017] Generating obj.libclc.dir/tahiti-amdgcn--/clc/lib/generic/math/clc_tanh.cl.bc
[1273/5017] Generating obj.libclc.dir/tahiti-amdgcn--/clc/lib/generic/math/clc_lgamma_r.cl.bc
[1274/5017] Generating obj.libclc.dir/tahiti-amdgcn--/clc/lib/generic/relational/clc_isequal.cl.bc
[1275/5017] Generating obj.libclc.dir/tahiti-amdgcn--/clc/lib/generic/relational/clc_bitselect.cl.bc
[1276/5017] Generating obj.libclc.dir/tahiti-amdgcn--/clc/lib/generic/relational/clc_isgreater.cl.bc
[1277/5017] Generating obj.libclc.dir/tahiti-amdgcn--/clc/lib/generic/relational/clc_isfinite.cl.bc
[1278/5017] Generating obj.libclc.dir/tahiti-amdgcn--/clc/lib/generic/relational/clc_isgreaterequal.cl.bc
[1279/5017] Generating obj.libclc.dir/tahiti-amdgcn--/clc/lib/generic/relational/clc_isinf.cl.bc
[1280/5017] Generating obj.libclc.dir/tahiti-amdgcn--/clc/lib/generic/math/clc_tanpi.cl.bc
[1281/5017] Generating obj.libclc.dir/tahiti-amdgcn--/clc/lib/generic/relational/clc_isless.cl.bc
[1282/5017] Generating obj.libclc.dir/tahiti-amdgcn--/clc/lib/generic/relational/clc_islessgreater.cl.bc
[1283/5017] Generating obj.libclc.dir/tahiti-amdgcn--/clc/lib/generic/relational/clc_islessequal.cl.bc
[1284/5017] Generating obj.libclc.dir/tahiti-amdgcn--/clc/lib/generic/math/clc_tan.cl.bc
[1285/5017] Generating obj.libclc.dir/tahiti-amdgcn--/clc/lib/generic/relational/clc_isnan.cl.bc
[1286/5017] Generating obj.libclc.dir/tahiti-amdgcn--/clc/lib/generic/relational/clc_isnormal.cl.bc
[1287/5017] Generating obj.libclc.dir/tahiti-amdgcn--/clc/lib/generic/relational/clc_isnotequal.cl.bc
[1288/5017] Generating obj.libclc.dir/tahiti-amdgcn--/clc/lib/generic/math/clc_pown.cl.bc
[1289/5017] Generating obj.libclc.dir/tahiti-amdgcn--/clc/lib/generic/relational/clc_isordered.cl.bc
[1290/5017] Generating obj.libclc.dir/tahiti-amdgcn--/clc-convert.cl.bc
[1291/5017] Generating obj.libclc.dir/tahiti-amdgcn--/clc/lib/generic/relational/clc_isunordered.cl.bc
[1292/5017] Generating obj.libclc.dir/tahiti-amdgcn--/clc/lib/generic/relational/clc_signbit.cl.bc
[1293/5017] Generating obj.libclc.dir/tahiti-amdgcn--/clc/lib/generic/math/clc_sincos_helpers.cl.bc
[1294/5017] Generating obj.libclc.dir/tahiti-amdgcn--/clc/lib/generic/shared/clc_clamp.cl.bc
[1295/5017] Generating obj.libclc.dir/tahiti-amdgcn--/clc/lib/generic/workitem/clc_get_local_linear_id.cl.bc
[1296/5017] Generating obj.libclc.dir/tahiti-amdgcn--/clc/lib/generic/math/clc_tgamma.cl.bc
[1297/5017] Generating obj.libclc.dir/tahiti-amdgcn--/clc/lib/generic/workitem/clc_get_num_sub_groups.cl.bc
[1298/5017] Generating obj.libclc.dir/tahiti-amdgcn--/clc/lib/generic/shared/clc_max.cl.bc
[1299/5017] Generating obj.libclc.dir/tahiti-amdgcn--/clc/lib/generic/relational/clc_select.cl.bc
[1300/5017] Generating obj.libclc.dir/tahiti-amdgcn--/clc/lib/generic/shared/clc_min.cl.bc
[1301/5017] Generating obj.libclc.dir/tahiti-amdgcn--/clc/lib/generic/workitem/clc_get_sub_group_id.cl.bc
[1302/5017] Generating obj.libclc.dir/tahiti-amdgcn--/clc/lib/generic/workitem/clc_get_sub_group_size.cl.bc
[1303/5017] Generating obj.libclc.dir/amdgcn--amdhsa/opencl/lib/generic/subnormal_use_default.ll.bc.tmp
[1304/5017] Generating obj.libclc.dir/amdgcn--amdhsa/opencl/lib/amdgcn-amdhsa/workitem/get_global_size.cl.bc
[1305/5017] Generating obj.libclc.dir/tahiti-amdgcn--/opencl/lib/generic/subnormal_use_default.ll.bc
[1306/5017] Generating obj.libclc.dir/tahiti-amdgcn--/opencl/lib/generic/subnormal_helper_func.ll.bc
[1307/5017] Generating obj.libclc.dir/tahiti-amdgcn--/opencl/lib/amdgcn/cl_khr_int64_extended_atomics/minmax_helpers.ll.bc
[1308/5017] Generating obj.libclc.dir/amdgcn--amdhsa/opencl/lib/amdgcn-amdhsa/workitem/get_local_size.cl.bc
[1309/5017] Generating obj.libclc.dir/amdgcn--amdhsa/opencl/lib/amdgcn/cl_khr_int64_extended_atomics/minmax_helpers.ll.bc.tmp
[1310/5017] Generating obj.libclc.dir/amdgcn--amdhsa/opencl/lib/amdgcn/mem_fence/fence.cl.bc
[1311/5017] Generating obj.libclc.dir/tahiti-amdgcn--/clc/lib/generic/shared/clc_vload.cl.bc
[1312/5017] Generating obj.libclc.dir/amdgcn--amdhsa/opencl/lib/amdgcn-amdhsa/workitem/get_num_groups.cl.bc
[1313/5017] Generating obj.libclc.dir/tahiti-amdgcn--/clc/lib/generic/misc/clc_shuffle.cl.bc
[1314/5017] Generating obj.libclc.dir/amdgcn--amdhsa/opencl/lib/amdgcn/workitem/get_group_id.cl.bc
[1315/5017] Generating obj.libclc.dir/amdgcn--amdhsa/opencl/lib/amdgcn/workitem/get_work_dim.cl.bc
[1316/5017] Generating obj.libclc.dir/amdgcn--amdhsa/opencl/lib/amdgcn/synchronization/barrier.cl.bc
[1317/5017] Generating obj.libclc.dir/amdgcn--amdhsa/opencl/lib/amdgcn/workitem/get_global_offset.cl.bc
[1318/5017] Generating obj.libclc.dir/amdgcn--amdhsa/opencl/lib/amdgcn/workitem/get_local_id.cl.bc
[1319/5017] Generating obj.libclc.dir/amdgcn--amdhsa/opencl/lib/generic/subnormal_config.cl.bc
[1320/5017] Generating obj.libclc.dir/amdgcn--amdhsa/opencl/lib/generic/subnormal_helper_func.ll.bc.tmp
[1321/5017] Generating obj.libclc.dir/amdgcn--amdhsa/opencl/lib/generic/atomic/atom_and.cl.bc
[1322/5017] Generating obj.libclc.dir/amdgcn--amdhsa/opencl/lib/generic/async/wait_group_events.cl.bc
[1323/5017] Generating obj.libclc.dir/amdgcn--amdhsa/opencl/lib/generic/atomic/atom_add.cl.bc
[1324/5017] Generating obj.libclc.dir/amdgcn--amdhsa/opencl/lib/generic/atomic/atom_cmpxchg.cl.bc
[1325/5017] Generating obj.libclc.dir/amdgcn--amdhsa/opencl/lib/generic/atomic/atom_inc.cl.bc
[1326/5017] Generating obj.libclc.dir/amdgcn--amdhsa/opencl/lib/generic/atomic/atom_dec.cl.bc
[1327/5017] Generating obj.libclc.dir/amdgcn--amdhsa/opencl/lib/generic/atomic/atom_min.cl.bc
[1328/5017] Generating obj.libclc.dir/amdgcn--amdhsa/opencl/lib/generic/atomic/atom_max.cl.bc
[1329/5017] Generating obj.libclc.dir/amdgcn--amdhsa/opencl/lib/generic/atomic/atom_sub.cl.bc
[1330/5017] Generating obj.libclc.dir/amdgcn--amdhsa/opencl/lib/generic/async/async_work_group_copy.cl.bc
[1331/5017] Generating obj.libclc.dir/amdgcn--amdhsa/opencl/lib/generic/async/prefetch.cl.bc
[1332/5017] Generating obj.libclc.dir/amdgcn--amdhsa/opencl/lib/generic/atomic/atom_or.cl.bc
[1333/5017] Generating obj.libclc.dir/amdgcn--amdhsa/opencl/lib/generic/atomic/atom_xchg.cl.bc
[1334/5017] Generating obj.libclc.dir/amdgcn--amdhsa/opencl/lib/generic/atomic/atomic_and.cl.bc
[1335/5017] Generating obj.libclc.dir/amdgcn--amdhsa/opencl/lib/generic/atomic/atom_xor.cl.bc
[1336/5017] Generating obj.libclc.dir/amdgcn--amdhsa/opencl/lib/generic/atomic/atomic_add.cl.bc
[1337/5017] Generating obj.libclc.dir/amdgcn--amdhsa/opencl/lib/generic/atomic/atomic_max.cl.bc
[1338/5017] Generating obj.libclc.dir/amdgcn--amdhsa/opencl/lib/generic/atomic/atomic_or.cl.bc
[1339/5017] Generating obj.libclc.dir/tahiti-amdgcn--/clc/lib/generic/misc/clc_shuffle2.cl.bc
[1340/5017] Generating obj.libclc.dir/amdgcn--amdhsa/opencl/lib/generic/atomic/atomic_dec.cl.bc
[1341/5017] Generating obj.libclc.dir/amdgcn--amdhsa/opencl/lib/generic/atomic/atomic_inc.cl.bc
[1342/5017] Generating obj.libclc.dir/amdgcn--amdhsa/opencl/lib/generic/atomic/atomic_min.cl.bc
[1343/5017] Generating obj.libclc.dir/amdgcn--amdhsa/opencl/lib/generic/atomic/atomic_sub.cl.bc
[1344/5017] Generating obj.libclc.dir/amdgcn--amdhsa/opencl/lib/generic/atomic/atomic_cmpxchg.cl.bc
[1345/5017] Generating obj.libclc.dir/amdgcn--amdhsa/opencl/lib/generic/atomic/atomic_xchg.cl.bc
[1346/5017] Generating obj.libclc.dir/amdgcn--amdhsa/opencl/lib/generic/common/radians.cl.bc
[1347/5017] Generating obj.libclc.dir/amdgcn--amdhsa/opencl/lib/generic/common/sign.cl.bc
[1348/5017] Generating obj.libclc.dir/amdgcn--amdhsa/opencl/lib/generic/common/mix.cl.bc
[1349/5017] Generating obj.libclc.dir/amdgcn--amdhsa/opencl/lib/generic/atomic/atomic_xor.cl.bc
[1350/5017] Generating obj.libclc.dir/amdgcn--amdhsa/opencl/lib/generic/geometric/distance.cl.bc
[1351/5017] Generating obj.libclc.dir/amdgcn--amdhsa/opencl/lib/generic/geometric/fast_distance.cl.bc
[1352/5017] Generating obj.libclc.dir/amdgcn--amdhsa/opencl/lib/generic/geometric/cross.cl.bc
[1353/5017] Generating obj.libclc.dir/amdgcn--amdhsa/opencl/lib/generic/geometric/dot.cl.bc
[1354/5017] Generating obj.libclc.dir/amdgcn--amdhsa/opencl/lib/generic/common/degrees.cl.bc
[1355/5017] Generating obj.libclc.dir/amdgcn--amdhsa/opencl/lib/generic/common/step.cl.bc
[1356/5017] Generating obj.libclc.dir/amdgcn--amdhsa/opencl/lib/generic/common/smoothstep.cl.bc
[1357/5017] Generating obj.libclc.dir/amdgcn--amdhsa/opencl/lib/generic/geometric/fast_length.cl.bc
[1358/5017] Generating obj.libclc.dir/amdgcn--amdhsa/opencl/lib/generic/geometric/fast_normalize.cl.bc
[1359/5017] Generating obj.libclc.dir/amdgcn--amdhsa/opencl/lib/generic/geometric/normalize.cl.bc
[1360/5017] Generating obj.libclc.dir/amdgcn--amdhsa/opencl/lib/generic/geometric/length.cl.bc
[1361/5017] Generating obj.libclc.dir/amdgcn--amdhsa/opencl/lib/generic/async/async_work_group_strided_copy.cl.bc
[1362/5017] Generating obj.libclc.dir/amdgcn--amdhsa/opencl/lib/generic/integer/ctz.cl.bc
[1363/5017] Generating obj.libclc.dir/amdgcn--amdhsa/opencl/lib/generic/integer/abs.cl.bc
[1364/5017] Generating obj.libclc.dir/amdgcn--amdhsa/opencl/lib/generic/integer/abs_diff.cl.bc
[1365/5017] Generating obj.libclc.dir/amdgcn--amdhsa/opencl/lib/generic/integer/mad_sat.cl.bc
[1366/5017] Generating obj.libclc.dir/amdgcn--amdhsa/opencl/lib/generic/integer/mad_hi.cl.bc
[1367/5017] Generating obj.libclc.dir/amdgcn--amdhsa/opencl/lib/generic/integer/add_sat.cl.bc
[1368/5017] Generating obj.libclc.dir/amdgcn--amdhsa/opencl/lib/generic/integer/mad24.cl.bc
[1369/5017] Generating obj.libclc.dir/amdgcn--amdhsa/opencl/lib/generic/integer/mul24.cl.bc
[1370/5017] Generating obj.libclc.dir/amdgcn--amdhsa/opencl/lib/generic/integer/clz.cl.bc
[1371/5017] Generating obj.libclc.dir/amdgcn--amdhsa/opencl/lib/generic/integer/hadd.cl.bc
[1372/5017] Generating obj.libclc.dir/amdgcn--amdhsa/opencl/lib/generic/math/acos.cl.bc
[1373/5017] Generating obj.libclc.dir/amdgcn--amdhsa/opencl/lib/generic/math/acosh.cl.bc
[1374/5017] Generating obj.libclc.dir/amdgcn--amdhsa/opencl/lib/generic/integer/rotate.cl.bc
[1375/5017] Generating obj.libclc.dir/amdgcn--amdhsa/opencl/lib/generic/integer/popcount.cl.bc
[1376/5017] Generating obj.libclc.dir/amdgcn--amdhsa/opencl/lib/generic/integer/mul_hi.cl.bc
[1377/5017] Generating obj.libclc.dir/amdgcn--amdhsa/opencl/lib/generic/integer/upsample.cl.bc
[1378/5017] Generating obj.libclc.dir/amdgcn--amdhsa/opencl/lib/generic/math/acospi.cl.bc
[1379/5017] Generating obj.libclc.dir/amdgcn--amdhsa/opencl/lib/generic/integer/sub_sat.cl.bc
[1380/5017] Generating obj.libclc.dir/amdgcn--amdhsa/opencl/lib/generic/math/asin.cl.bc
[1381/5017] Generating obj.libclc.dir/amdgcn--amdhsa/opencl/lib/generic/integer/rhadd.cl.bc
[1382/5017] Generating obj.libclc.dir/amdgcn--amdhsa/opencl/lib/generic/math/asinh.cl.bc
[1383/5017] Generating obj.libclc.dir/amdgcn--amdhsa/opencl/lib/generic/math/asinpi.cl.bc
[1384/5017] Generating obj.libclc.dir/amdgcn--amdhsa/opencl/lib/generic/math/atan2pi.cl.bc
[1385/5017] Generating obj.libclc.dir/amdgcn--amdhsa/opencl/lib/generic/math/cbrt.cl.bc
[1386/5017] Generating obj.libclc.dir/amdgcn--amdhsa/opencl/lib/generic/math/ceil.cl.bc
[1387/5017] Generating obj.libclc.dir/amdgcn--amdhsa/opencl/lib/generic/math/atan2.cl.bc
[1388/5017] Generating obj.libclc.dir/amdgcn--amdhsa/opencl/lib/generic/math/atan.cl.bc
[1389/5017] Generating obj.libclc.dir/amdgcn--amdhsa/opencl/lib/generic/math/cos.cl.bc
[1390/5017] Generating obj.libclc.dir/tahiti-amdgcn--/clc/lib/generic/math/clc_remquo.cl.bc
[1391/5017] Generating obj.libclc.dir/amdgcn--amdhsa/opencl/lib/generic/math/copysign.cl.bc
[1392/5017] Generating obj.libclc.dir/amdgcn--amdhsa/opencl/lib/generic/math/atanh.cl.bc
[1393/5017] Generating obj.libclc.dir/amdgcn--amdhsa/opencl/lib/generic/math/atanpi.cl.bc
[1394/5017] Generating obj.libclc.dir/amdgcn--amdhsa/opencl/lib/generic/math/cosh.cl.bc
[1395/5017] Generating obj.libclc.dir/amdgcn--amdhsa/opencl/lib/generic/math/erf.cl.bc
[1396/5017] Generating obj.libclc.dir/amdgcn--amdhsa/opencl/lib/generic/math/cospi.cl.bc
[1397/5017] Generating obj.libclc.dir/amdgcn--amdhsa/opencl/lib/generic/math/exp2.cl.bc
[1398/5017] Generating obj.libclc.dir/amdgcn--amdhsa/opencl/lib/generic/math/erfc.cl.bc
[1399/5017] Generating obj.libclc.dir/amdgcn--amdhsa/opencl/lib/generic/math/floor.cl.bc
[1400/5017] Generating obj.libclc.dir/amdgcn--amdhsa/opencl/lib/generic/math/fma.cl.bc
[1401/5017] Generating obj.libclc.dir/amdgcn--amdhsa/opencl/lib/generic/math/fabs.cl.bc
[1402/5017] Generating obj.libclc.dir/amdgcn--amdhsa/opencl/lib/generic/math/fmax.cl.bc
[1403/5017] Generating obj.libclc.dir/amdgcn--amdhsa/opencl/lib/generic/math/exp.cl.bc
[1404/5017] Generating obj.libclc.dir/amdgcn--amdhsa/opencl/lib/generic/math/exp10.cl.bc
[1405/5017] Generating obj.libclc.dir/amdgcn--amdhsa/opencl/lib/generic/math/fdim.cl.bc
[1406/5017] Generating obj.libclc.dir/amdgcn--amdhsa/opencl/lib/generic/math/expm1.cl.bc
[1407/5017] Generating obj.libclc.dir/amdgcn--amdhsa/opencl/lib/generic/math/fmod.cl.bc
[1408/5017] Generating obj.libclc.dir/amdgcn--amdhsa/opencl/lib/generic/math/half_exp.cl.bc
[1409/5017] Generating obj.libclc.dir/amdgcn--amdhsa/opencl/lib/generic/math/fract.cl.bc
[1410/5017] Generating obj.libclc.dir/amdgcn--amdhsa/opencl/lib/generic/math/half_cos.cl.bc
[1411/5017] Generating obj.libclc.dir/amdgcn--amdhsa/opencl/lib/generic/math/frexp.cl.bc
[1412/5017] Generating obj.libclc.dir/amdgcn--amdhsa/opencl/lib/generic/math/half_exp10.cl.bc
[1413/5017] Generating obj.libclc.dir/amdgcn--amdhsa/opencl/lib/generic/math/half_log10.cl.bc
[1414/5017] Generating obj.libclc.dir/amdgcn--amdhsa/opencl/lib/generic/math/half_divide.cl.bc
[1415/5017] Generating obj.libclc.dir/amdgcn--amdhsa/opencl/lib/generic/math/half_log.cl.bc
[1416/5017] Generating obj.libclc.dir/amdgcn--amdhsa/opencl/lib/generic/math/fmin.cl.bc
[1417/5017] Generating obj.libclc.dir/amdgcn--amdhsa/opencl/lib/generic/math/half_powr.cl.bc
[1418/5017] Generating obj.libclc.dir/amdgcn--amdhsa/opencl/lib/generic/math/half_exp2.cl.bc
[1419/5017] Generating obj.libclc.dir/amdgcn--amdhsa/opencl/lib/generic/math/half_rsqrt.cl.bc
[1420/5017] Generating obj.libclc.dir/amdgcn--amdhsa/opencl/lib/generic/math/half_log2.cl.bc
[1421/5017] Generating obj.libclc.dir/amdgcn--amdhsa/opencl/lib/generic/math/half_recip.cl.bc
[1422/5017] Generating obj.libclc.dir/amdgcn--amdhsa/opencl/lib/generic/math/half_tan.cl.bc
[1423/5017] Generating obj.libclc.dir/amdgcn--amdhsa/opencl/lib/generic/math/half_sqrt.cl.bc
[1424/5017] Generating obj.libclc.dir/amdgcn--amdhsa/opencl/lib/generic/math/hypot.cl.bc
[1425/5017] Generating obj.libclc.dir/amdgcn--amdhsa/opencl/lib/generic/math/ilogb.cl.bc
[1426/5017] Generating obj.libclc.dir/amdgcn--amdhsa/opencl/lib/generic/math/log10.cl.bc
[1427/5017] Generating obj.libclc.dir/amdgcn--amdhsa/opencl/lib/generic/math/half_sin.cl.bc
[1428/5017] Generating obj.libclc.dir/amdgcn--amdhsa/opencl/lib/generic/math/lgamma.cl.bc
[1429/5017] Generating obj.libclc.dir/amdgcn--amdhsa/opencl/lib/generic/math/log.cl.bc
[1430/5017] Generating obj.libclc.dir/amdgcn--amdhsa/opencl/lib/generic/math/logb.cl.bc
[1431/5017] Generating obj.libclc.dir/amdgcn--amdhsa/opencl/lib/generic/math/mad.cl.bc
[1432/5017] Generating obj.libclc.dir/amdgcn--amdhsa/opencl/lib/generic/math/lgamma_r.cl.bc
[1433/5017] Generating obj.libclc.dir/amdgcn--amdhsa/opencl/lib/generic/math/ldexp.cl.bc
[1434/5017] Generating obj.libclc.dir/amdgcn--amdhsa/opencl/lib/generic/math/log2.cl.bc
[1435/5017] Generating obj.libclc.dir/amdgcn--amdhsa/opencl/lib/generic/math/log1p.cl.bc
[1436/5017] Generating obj.libclc.dir/amdgcn--amdhsa/opencl/lib/generic/math/maxmag.cl.bc
[1437/5017] Generating obj.libclc.dir/amdgcn--amdhsa/opencl/lib/generic/math/nan.cl.bc
[1438/5017] Generating obj.libclc.dir/amdgcn--amdhsa/opencl/lib/generic/math/native_exp.cl.bc
[1439/5017] Generating obj.libclc.dir/amdgcn--amdhsa/opencl/lib/generic/math/native_divide.cl.bc
[1440/5017] Generating obj.libclc.dir/amdgcn--amdhsa/opencl/lib/generic/math/minmag.cl.bc
[1441/5017] Generating obj.libclc.dir/amdgcn--amdhsa/opencl/lib/generic/math/native_cos.cl.bc
[1442/5017] Generating obj.libclc.dir/amdgcn--amdhsa/opencl/lib/generic/math/native_exp10.cl.bc
[1443/5017] Generating obj.libclc.dir/amdgcn--amdhsa/opencl/lib/generic/math/native_log10.cl.bc
[1444/5017] Generating obj.libclc.dir/amdgcn--amdhsa/opencl/lib/generic/math/native_exp2.cl.bc
[1445/5017] Generating obj.libclc.dir/amdgcn--amdhsa/opencl/lib/generic/math/modf.cl.bc
[1446/5017] Generating obj.libclc.dir/amdgcn--amdhsa/opencl/lib/generic/math/native_log.cl.bc
[1447/5017] Generating obj.libclc.dir/amdgcn--amdhsa/opencl/lib/generic/math/native_powr.cl.bc
[1448/5017] Generating obj.libclc.dir/amdgcn--amdhsa/opencl/lib/generic/math/native_recip.cl.bc
[1449/5017] Generating obj.libclc.dir/amdgcn--amdhsa/opencl/lib/generic/math/native_rsqrt.cl.bc
[1450/5017] Generating obj.libclc.dir/amdgcn--amdhsa/opencl/lib/generic/math/native_log2.cl.bc
[1451/5017] Generating obj.libclc.dir/amdgcn--amdhsa/opencl/lib/generic/math/native_sqrt.cl.bc
[1452/5017] Generating obj.libclc.dir/amdgcn--amdhsa/opencl/lib/generic/math/native_sin.cl.bc
[1453/5017] Generating obj.libclc.dir/amdgcn--amdhsa/opencl/lib/generic/math/nextafter.cl.bc
[1454/5017] Generating obj.libclc.dir/amdgcn--amdhsa/opencl/lib/generic/math/native_tan.cl.bc
[1455/5017] Generating obj.libclc.dir/amdgcn--amdhsa/opencl/lib/generic/math/pown.cl.bc
[1456/5017] Generating obj.libclc.dir/amdgcn--amdhsa/opencl/lib/generic/math/remainder.cl.bc
[1457/5017] Generating obj.libclc.dir/amdgcn--amdhsa/opencl/lib/generic/math/powr.cl.bc
[1458/5017] Generating obj.libclc.dir/amdgcn--amdhsa/opencl/lib/generic/math/rint.cl.bc
[1459/5017] Generating obj.libclc.dir/amdgcn--amdhsa/opencl/lib/generic/math/pow.cl.bc
[1460/5017] Generating obj.libclc.dir/amdgcn--amdhsa/opencl/lib/generic/math/round.cl.bc
[1461/5017] Generating obj.libclc.dir/amdgcn--amdhsa/opencl/lib/generic/math/rootn.cl.bc
[1462/5017] Generating obj.libclc.dir/amdgcn--amdhsa/opencl/lib/generic/math/sqrt.cl.bc
[1463/5017] Generating obj.libclc.dir/amdgcn--amdhsa/opencl/lib/generic/math/remquo.cl.bc
[1464/5017] Generating obj.libclc.dir/amdgcn--amdhsa/opencl/lib/generic/math/sinh.cl.bc
[1465/5017] Generating obj.libclc.dir/amdgcn--amdhsa/opencl/lib/generic/math/sinpi.cl.bc
[1466/5017] Generating obj.libclc.dir/amdgcn--amdhsa/opencl/lib/generic/math/sincos.cl.bc
[1467/5017] Generating obj.libclc.dir/amdgcn--amdhsa/opencl/lib/generic/math/rsqrt.cl.bc
[1468/5017] Generating obj.libclc.dir/amdgcn--amdhsa/opencl/lib/generic/math/sin.cl.bc
[1469/5017] Generating obj.libclc.dir/amdgcn--amdhsa/opencl/lib/generic/math/tan.cl.bc
[1470/5017] Generating obj.libclc.dir/amdgcn--amdhsa/opencl/lib/generic/math/trunc.cl.bc
[1471/5017] Generating obj.libclc.dir/amdgcn--amdhsa/opencl/lib/generic/math/tanh.cl.bc
[1472/5017] Generating obj.libclc.dir/amdgcn--amdhsa/opencl/lib/generic/math/tanpi.cl.bc
[1473/5017] Generating obj.libclc.dir/amdgcn--amdhsa/opencl/lib/generic/math/tgamma.cl.bc
[1474/5017] Generating obj.libclc.dir/amdgcn--amdhsa/opencl/lib/generic/relational/all.cl.bc
[1475/5017] Generating obj.libclc.dir/amdgcn--amdhsa/opencl/lib/generic/relational/isequal.cl.bc
[1476/5017] Generating obj.libclc.dir/amdgcn--amdhsa/opencl/lib/generic/relational/bitselect.cl.bc
[1477/5017] Generating obj.libclc.dir/amdgcn--amdhsa/opencl/lib/generic/relational/any.cl.bc
[1478/5017] Generating obj.libclc.dir/amdgcn--amdhsa/opencl/lib/generic/relational/isfinite.cl.bc
[1479/5017] Generating obj.libclc.dir/amdgcn--amdhsa/opencl/lib/generic/relational/isgreater.cl.bc
[1480/5017] Generating obj.libclc.dir/amdgcn--amdhsa/opencl/lib/generic/relational/islessequal.cl.bc
[1481/5017] Generating obj.libclc.dir/amdgcn--amdhsa/opencl/lib/generic/relational/isgreaterequal.cl.bc
[1482/5017] Generating obj.libclc.dir/amdgcn--amdhsa/opencl/lib/generic/relational/islessgreater.cl.bc
[1483/5017] Generating obj.libclc.dir/amdgcn--amdhsa/opencl/lib/generic/relational/isless.cl.bc
[1484/5017] Generating obj.libclc.dir/amdgcn--amdhsa/opencl/lib/generic/relational/isnormal.cl.bc
[1485/5017] Generating obj.libclc.dir/amdgcn--amdhsa/opencl/lib/generic/relational/isinf.cl.bc
[1486/5017] Generating obj.libclc.dir/amdgcn--amdhsa/opencl/lib/generic/misc/shuffle2.cl.bc
[1487/5017] Generating obj.libclc.dir/amdgcn--amdhsa/opencl/lib/generic/relational/isnan.cl.bc
[1488/5017] Generating obj.libclc.dir/amdgcn--amdhsa/opencl/lib/generic/relational/isnotequal.cl.bc
[1489/5017] Generating obj.libclc.dir/amdgcn--amdhsa/opencl/lib/generic/relational/isunordered.cl.bc
[1490/5017] Generating obj.libclc.dir/amdgcn--amdhsa/opencl/lib/generic/relational/isordered.cl.bc
[1491/5017] Generating obj.libclc.dir/amdgcn--amdhsa/opencl/lib/generic/misc/shuffle.cl.bc
[1492/5017] Generating obj.libclc.dir/amdgcn--amdhsa/opencl/lib/generic/relational/signbit.cl.bc
[1493/5017] Generating obj.libclc.dir/amdgcn--amdhsa/opencl/lib/generic/workitem/get_global_id.cl.bc
[1494/5017] Generating obj.libclc.dir/amdgcn--amdhsa/opencl/lib/generic/shared/min.cl.bc
[1495/5017] Generating obj.libclc.dir/amdgcn--amdhsa/opencl/lib/generic/shared/clamp.cl.bc
[1496/5017] Generating obj.libclc.dir/amdgcn--amdhsa/opencl/lib/generic/shared/max.cl.bc
[1497/5017] Generating obj.libclc.dir/amdgcn--amdhsa/opencl/lib/generic/relational/select.cl.bc
[1498/5017] Generating obj.libclc.dir/tahiti-amdgcn-mesa-mesa3d/clc/lib/amdgcn/math/clc_fmin.cl.bc
[1499/5017] Generating obj.libclc.dir/tahiti-amdgcn-mesa-mesa3d/clc/lib/amdgcn/workitem/clc_get_global_offset.cl.bc
[1500/5017] Generating obj.libclc.dir/tahiti-amdgcn-mesa-mesa3d/clc/lib/amdgcn/math/clc_ldexp_override.cl.bc
[1501/5017] Generating obj.libclc.dir/tahiti-amdgcn-mesa-mesa3d/clc/lib/amdgcn/workitem/clc_get_group_id.cl.bc
[1502/5017] Generating obj.libclc.dir/tahiti-amdgcn-mesa-mesa3d/clc/lib/amdgcn/math/clc_fmax.cl.bc
[1503/5017] Generating obj.libclc.dir/tahiti-amdgcn-mesa-mesa3d/clc/lib/amdgcn/workitem/clc_get_global_size.cl.bc
[1504/5017] Generating obj.libclc.dir/tahiti-amdgcn-mesa-mesa3d/clc/lib/amdgcn/workitem/clc_get_work_dim.cl.bc
[1505/5017] Generating obj.libclc.dir/amdgcn--amdhsa/opencl/lib/generic/shared/vload.cl.bc
[1506/5017] Generating obj.libclc.dir/tahiti-amdgcn-mesa-mesa3d/clc/lib/amdgpu/math/clc_half_exp2.cl.bc
[1507/5017] Generating obj.libclc.dir/tahiti-amdgcn-mesa-mesa3d/clc/lib/amdgcn/workitem/clc_get_local_id.cl.bc
[1508/5017] Generating obj.libclc.dir/tahiti-amdgcn-mesa-mesa3d/clc/lib/amdgpu/math/clc_half_exp.cl.bc
[1509/5017] Generating obj.libclc.dir/tahiti-amdgcn-mesa-mesa3d/clc/lib/amdgpu/math/clc_half_exp10.cl.bc
[1510/5017] Generating obj.libclc.dir/tahiti-amdgcn-mesa-mesa3d/clc/lib/amdgpu/math/clc_half_recip.cl.bc
[1511/5017] Generating obj.libclc.dir/tahiti-amdgcn-mesa-mesa3d/clc/lib/amdgpu/math/clc_half_log.cl.bc
[1512/5017] Generating obj.libclc.dir/tahiti-amdgcn-mesa-mesa3d/clc/lib/amdgpu/math/clc_half_log2.cl.bc
[1513/5017] Generating obj.libclc.dir/tahiti-amdgcn-mesa-mesa3d/clc/lib/amdgpu/math/clc_half_log10.cl.bc
[1514/5017] Generating obj.libclc.dir/tahiti-amdgcn-mesa-mesa3d/clc/lib/amdgpu/math/clc_half_sqrt.cl.bc
[1515/5017] Generating obj.libclc.dir/tahiti-amdgcn-mesa-mesa3d/clc/lib/amdgpu/math/clc_native_exp2.cl.bc
[1516/5017] Generating obj.libclc.dir/tahiti-amdgcn-mesa-mesa3d/clc/lib/amdgpu/math/clc_half_rsqrt.cl.bc
[1517/5017] Generating obj.libclc.dir/tahiti-amdgcn-mesa-mesa3d/clc/lib/amdgpu/math/clc_native_log10.cl.bc
[1518/5017] Generating obj.libclc.dir/tahiti-amdgcn-mesa-mesa3d/clc/lib/amdgpu/math/clc_native_exp.cl.bc
[1519/5017] Generating obj.libclc.dir/tahiti-amdgcn-mesa-mesa3d/clc/lib/amdgpu/math/clc_sqrt_fp64.cl.bc
[1520/5017] Generating obj.libclc.dir/tahiti-amdgcn-mesa-mesa3d/clc/lib/generic/common/clc_radians.cl.bc
[1521/5017] Generating obj.libclc.dir/tahiti-amdgcn-mesa-mesa3d/clc/lib/generic/common/clc_sign.cl.bc
[1522/5017] Generating obj.libclc.dir/tahiti-amdgcn-mesa-mesa3d/clc/lib/generic/common/clc_degrees.cl.bc
[1523/5017] Generating obj.libclc.dir/tahiti-amdgcn-mesa-mesa3d/clc/lib/generic/geometric/clc_distance.cl.bc
[1524/5017] Generating obj.libclc.dir/tahiti-amdgcn-mesa-mesa3d/clc/lib/generic/common/clc_smoothstep.cl.bc
[1525/5017] Generating obj.libclc.dir/tahiti-amdgcn-mesa-mesa3d/clc/lib/generic/common/clc_step.cl.bc
[1526/5017] Generating obj.libclc.dir/tahiti-amdgcn-mesa-mesa3d/clc/lib/generic/geometric/clc_dot.cl.bc
[1527/5017] Generating obj.libclc.dir/tahiti-amdgcn-mesa-mesa3d/clc/lib/generic/async/clc_prefetch.cl.bc
[1528/5017] Generating obj.libclc.dir/tahiti-amdgcn-mesa-mesa3d/clc/lib/generic/geometric/clc_cross.cl.bc
[1529/5017] Generating obj.libclc.dir/tahiti-amdgcn-mesa-mesa3d/clc/lib/generic/geometric/clc_fast_distance.cl.bc
[1530/5017] Generating obj.libclc.dir/tahiti-amdgcn-mesa-mesa3d/clc/lib/generic/geometric/clc_fast_length.cl.bc
[1531/5017] Generating obj.libclc.dir/tahiti-amdgcn-mesa-mesa3d/clc/lib/generic/geometric/clc_fast_normalize.cl.bc
[1532/5017] Generating obj.libclc.dir/tahiti-amdgcn-mesa-mesa3d/clc/lib/generic/integer/clc_abs_diff.cl.bc
[1533/5017] Generating obj.libclc.dir/tahiti-amdgcn-mesa-mesa3d/clc/lib/generic/geometric/clc_length.cl.bc
[1534/5017] Generating obj.libclc.dir/tahiti-amdgcn-mesa-mesa3d/clc/lib/generic/integer/clc_add_sat.cl.bc
[1535/5017] Generating obj.libclc.dir/amdgcn--amdhsa/opencl/lib/generic/shared/vstore.cl.bc
[1536/5017] Generating obj.libclc.dir/tahiti-amdgcn-mesa-mesa3d/clc/lib/generic/integer/clc_hadd.cl.bc
[1537/5017] Generating obj.libclc.dir/tahiti-amdgcn-mesa-mesa3d/clc/lib/generic/integer/clc_mad24.cl.bc
[1538/5017] Generating obj.libclc.dir/tahiti-amdgcn-mesa-mesa3d/clc/lib/generic/integer/clc_mul24.cl.bc
[1539/5017] Generating obj.libclc.dir/tahiti-amdgcn-mesa-mesa3d/clc/lib/generic/integer/clc_clz.cl.bc
[1540/5017] Generating obj.libclc.dir/tahiti-amdgcn-mesa-mesa3d/clc/lib/generic/integer/clc_popcount.cl.bc
[1541/5017] Generating obj.libclc.dir/tahiti-amdgcn-mesa-mesa3d/clc/lib/generic/integer/clc_abs.cl.bc
[1542/5017] Generating obj.libclc.dir/tahiti-amdgcn-mesa-mesa3d/clc/lib/generic/integer/clc_ctz.cl.bc
[1543/5017] Generating obj.libclc.dir/tahiti-amdgcn-mesa-mesa3d/clc/lib/generic/integer/clc_rhadd.cl.bc
[1544/5017] Generating obj.libclc.dir/tahiti-amdgcn-mesa-mesa3d/clc/lib/generic/integer/clc_rotate.cl.bc
[1545/5017] Generating obj.libclc.dir/tahiti-amdgcn-mesa-mesa3d/clc/lib/generic/integer/clc_sub_sat.cl.bc
[1546/5017] Generating obj.libclc.dir/tahiti-amdgcn-mesa-mesa3d/clc/lib/generic/integer/clc_upsample.cl.bc
[1547/5017] Generating obj.libclc.dir/tahiti-amdgcn-mesa-mesa3d/clc/lib/generic/math/clc_acos.cl.bc
[1548/5017] Generating obj.libclc.dir/tahiti-amdgcn-mesa-mesa3d/clc/lib/generic/math/clc_acospi.cl.bc
[1549/5017] Generating obj.libclc.dir/tahiti-amdgcn-mesa-mesa3d/clc/lib/generic/integer/clc_mul_hi.cl.bc
[1550/5017] Generating obj.libclc.dir/tahiti-amdgcn-mesa-mesa3d/clc/lib/generic/integer/clc_mad_sat.cl.bc
[1551/5017] Generating obj.libclc.dir/tahiti-amdgcn-mesa-mesa3d/clc/lib/generic/math/clc_asin.cl.bc
[1552/5017] Generating obj.libclc.dir/tahiti-amdgcn-mesa-mesa3d/clc/lib/generic/geometric/clc_normalize.cl.bc
[1553/5017] Generating obj.libclc.dir/tahiti-amdgcn-mesa-mesa3d/clc/lib/generic/math/clc_asinpi.cl.bc
[1554/5017] Generating obj.libclc.dir/tahiti-amdgcn-mesa-mesa3d/clc/lib/generic/math/clc_ceil.cl.bc
[1555/5017] Generating obj.libclc.dir/tahiti-amdgcn-mesa-mesa3d/clc/lib/generic/math/clc_atan.cl.bc
[1556/5017] Generating obj.libclc.dir/tahiti-amdgcn-mesa-mesa3d/clc/lib/generic/math/clc_copysign.cl.bc
[1557/5017] Generating obj.libclc.dir/tahiti-amdgcn-mesa-mesa3d/clc/lib/generic/math/clc_asinh.cl.bc
[1558/5017] Generating obj.libclc.dir/tahiti-amdgcn-mesa-mesa3d/clc/lib/generic/math/clc_atan2.cl.bc
[1559/5017] Generating obj.libclc.dir/tahiti-amdgcn-mesa-mesa3d/clc/lib/generic/math/clc_acosh.cl.bc
[1560/5017] Generating obj.libclc.dir/tahiti-amdgcn--/clc/lib/generic/shared/clc_vstore.cl.bc
[1561/5017] Generating obj.libclc.dir/tahiti-amdgcn-mesa-mesa3d/clc/lib/generic/math/clc_atanpi.cl.bc
[1562/5017] Generating obj.libclc.dir/tahiti-amdgcn-mesa-mesa3d/clc/lib/generic/math/clc_atanh.cl.bc
[1563/5017] Generating obj.libclc.dir/tahiti-amdgcn-mesa-mesa3d/clc/lib/generic/math/clc_cbrt.cl.bc
[1564/5017] Generating obj.libclc.dir/tahiti-amdgcn-mesa-mesa3d/clc/lib/generic/math/clc_cosh.cl.bc
[1565/5017] Generating obj.libclc.dir/tahiti-amdgcn-mesa-mesa3d/clc/lib/generic/math/clc_atan2pi.cl.bc
[1566/5017] Generating obj.libclc.dir/tahiti-amdgcn-mesa-mesa3d/clc/lib/generic/math/clc_cospi.cl.bc
[1567/5017] Generating obj.libclc.dir/tahiti-amdgcn-mesa-mesa3d/clc/lib/generic/math/clc_erf.cl.bc
[1568/5017] Generating obj.libclc.dir/tahiti-amdgcn-mesa-mesa3d/clc/lib/generic/math/clc_fabs.cl.bc
[1569/5017] Generating obj.libclc.dir/tahiti-amdgcn-mesa-mesa3d/clc/lib/generic/math/clc_cos.cl.bc
[1570/5017] Generating obj.libclc.dir/tahiti-amdgcn-mesa-mesa3d/clc/lib/generic/math/clc_exp2.cl.bc
[1571/5017] Generating obj.libclc.dir/tahiti-amdgcn-mesa-mesa3d/clc/lib/generic/math/clc_fma.cl.bc
[1572/5017] Generating obj.libclc.dir/tahiti-amdgcn-mesa-mesa3d/clc/lib/generic/math/clc_floor.cl.bc
[1573/5017] Generating obj.libclc.dir/tahiti-amdgcn-mesa-mesa3d/clc/lib/generic/math/clc_ep_log.cl.bc
[1574/5017] Generating obj.libclc.dir/tahiti-amdgcn-mesa-mesa3d/clc/lib/generic/math/clc_expm1.cl.bc
[1575/5017] Generating obj.libclc.dir/tahiti-amdgcn-mesa-mesa3d/clc/lib/generic/math/clc_exp_helper.cl.bc
[1576/5017] Generating obj.libclc.dir/tahiti-amdgcn-mesa-mesa3d/clc/lib/generic/math/clc_exp.cl.bc
[1577/5017] Generating obj.libclc.dir/tahiti-amdgcn-mesa-mesa3d/clc/lib/generic/math/clc_half_divide.cl.bc
[1578/5017] Generating obj.libclc.dir/tahiti-amdgcn-mesa-mesa3d/clc/lib/generic/math/clc_half_cos.cl.bc
[1579/5017] Generating obj.libclc.dir/tahiti-amdgcn-mesa-mesa3d/clc/lib/generic/math/clc_exp10.cl.bc
[1580/5017] Generating obj.libclc.dir/tahiti-amdgcn-mesa-mesa3d/clc/lib/generic/math/clc_fract.cl.bc
[1581/5017] Generating obj.libclc.dir/tahiti-amdgcn-mesa-mesa3d/clc/lib/generic/math/clc_half_sin.cl.bc
[1582/5017] Generating obj.libclc.dir/tahiti-amdgcn-mesa-mesa3d/clc/lib/generic/math/clc_half_tan.cl.bc
[1583/5017] Generating obj.libclc.dir/tahiti-amdgcn-mesa-mesa3d/clc/lib/generic/math/clc_half_powr.cl.bc
[1584/5017] Generating obj.libclc.dir/tahiti-amdgcn-mesa-mesa3d/clc/lib/generic/math/clc_fdim.cl.bc
[1585/5017] Generating obj.libclc.dir/tahiti-amdgcn-mesa-mesa3d/clc/lib/generic/math/clc_erfc.cl.bc
[1586/5017] Generating obj.libclc.dir/tahiti-amdgcn-mesa-mesa3d/clc/lib/generic/math/clc_log.cl.bc
[1587/5017] Generating obj.libclc.dir/tahiti-amdgcn-mesa-mesa3d/clc/lib/generic/math/clc_lgamma.cl.bc
[1588/5017] Generating obj.libclc.dir/tahiti-amdgcn-mesa-mesa3d/clc/lib/generic/math/clc_frexp.cl.bc
[1589/5017] Generating obj.libclc.dir/tahiti-amdgcn-mesa-mesa3d/clc/lib/generic/math/clc_log2.cl.bc
[1590/5017] Generating obj.libclc.dir/tahiti-amdgcn-mesa-mesa3d/clc/lib/generic/math/clc_mad.cl.bc
[1591/5017] Generating obj.libclc.dir/tahiti-amdgcn-mesa-mesa3d/clc/lib/generic/math/clc_log10.cl.bc
[1592/5017] Generating obj.libclc.dir/tahiti-amdgcn-mesa-mesa3d/clc/lib/generic/math/clc_fmod.cl.bc
[1593/5017] Generating obj.libclc.dir/tahiti-amdgcn-mesa-mesa3d/clc/lib/generic/math/clc_modf.cl.bc
[1594/5017] Generating obj.libclc.dir/tahiti-amdgcn-mesa-mesa3d/clc/lib/generic/math/clc_nan.cl.bc
[1595/5017] Generating obj.libclc.dir/tahiti-amdgcn-mesa-mesa3d/clc/lib/generic/math/clc_native_cos.cl.bc
[1596/5017] Generating obj.libclc.dir/tahiti-amdgcn-mesa-mesa3d/clc/lib/generic/math/clc_native_divide.cl.bc
[1597/5017] Generating obj.libclc.dir/tahiti-amdgcn-mesa-mesa3d/clc/lib/generic/math/clc_native_exp10.cl.bc
[1598/5017] Generating obj.libclc.dir/tahiti-amdgcn-mesa-mesa3d/clc/lib/generic/math/clc_native_log.cl.bc
[1599/5017] Generating obj.libclc.dir/tahiti-amdgcn-mesa-mesa3d/clc/lib/generic/math/clc_native_log2.cl.bc
[1600/5017] Generating obj.libclc.dir/tahiti-amdgcn-mesa-mesa3d/clc/lib/generic/math/clc_logb.cl.bc
[1601/5017] Generating obj.libclc.dir/amdgcn--amdhsa/convert.cl.bc
[1602/5017] Generating obj.libclc.dir/tahiti-amdgcn-mesa-mesa3d/clc/lib/generic/math/clc_ldexp.cl.bc
[1603/5017] Generating obj.libclc.dir/tahiti-amdgcn-mesa-mesa3d/clc/lib/generic/math/clc_native_powr.cl.bc
[1604/5017] Generating obj.libclc.dir/tahiti-amdgcn-mesa-mesa3d/clc/lib/generic/math/clc_native_rsqrt.cl.bc
[1605/5017] Generating obj.libclc.dir/tahiti-amdgcn-mesa-mesa3d/clc/lib/generic/math/clc_maxmag.cl.bc
[1606/5017] Generating obj.libclc.dir/tahiti-amdgcn-mesa-mesa3d/clc/lib/generic/math/clc_native_tan.cl.bc
[1607/5017] Generating obj.libclc.dir/tahiti-amdgcn-mesa-mesa3d/clc/lib/generic/math/clc_native_recip.cl.bc
[1608/5017] Generating obj.libclc.dir/tahiti-amdgcn-mesa-mesa3d/clc/lib/generic/math/clc_minmag.cl.bc
[1609/5017] Generating obj.libclc.dir/tahiti-amdgcn-mesa-mesa3d/clc/lib/generic/math/clc_ilogb.cl.bc
[1610/5017] Generating obj.libclc.dir/tahiti-amdgcn-mesa-mesa3d/clc/lib/generic/math/clc_native_sin.cl.bc
[1611/5017] Generating obj.libclc.dir/tahiti-amdgcn-mesa-mesa3d/clc/lib/generic/math/clc_native_sqrt.cl.bc
[1612/5017] Generating obj.libclc.dir/tahiti-amdgcn-mesa-mesa3d/clc/lib/generic/math/clc_nextafter.cl.bc
[1613/5017] Generating obj.libclc.dir/tahiti-amdgcn-mesa-mesa3d/clc/lib/generic/math/clc_rint.cl.bc
[1614/5017] Generating obj.libclc.dir/tahiti-amdgcn-mesa-mesa3d/clc/lib/generic/math/clc_round.cl.bc
[1615/5017] Generating obj.libclc.dir/tahiti-amdgcn-mesa-mesa3d/clc/lib/generic/math/clc_rsqrt.cl.bc
[1616/5017] Generating obj.libclc.dir/tahiti-amdgcn-mesa-mesa3d/clc/lib/generic/math/clc_sincos.cl.bc
[1617/5017] Generating obj.libclc.dir/tahiti-amdgcn-mesa-mesa3d/clc/lib/generic/math/clc_hypot.cl.bc
[1618/5017] Generating obj.libclc.dir/tahiti-amdgcn-mesa-mesa3d/clc/lib/generic/math/clc_pown.cl.bc
[1619/5017] Generating obj.libclc.dir/tahiti-amdgcn-mesa-mesa3d/clc/lib/generic/math/clc_log1p.cl.bc
[1620/5017] Generating obj.libclc.dir/tahiti-amdgcn-mesa-mesa3d/clc/lib/generic/math/clc_sin.cl.bc
[1621/5017] Generating obj.libclc.dir/tahiti-amdgcn-mesa-mesa3d/clc/lib/generic/math/clc_pow.cl.bc
[1622/5017] Generating obj.libclc.dir/tahiti-amdgcn-mesa-mesa3d/clc/lib/generic/math/clc_remainder.cl.bc
[1623/5017] Generating obj.libclc.dir/tahiti-amdgcn-mesa-mesa3d/clc/lib/generic/math/clc_sqrt.cl.bc
[1624/5017] Generating obj.libclc.dir/tahiti-amdgcn-mesa-mesa3d/clc/lib/generic/math/clc_tables.cl.bc
[1625/5017] Generating obj.libclc.dir/tahiti-amdgcn-mesa-mesa3d/clc/lib/generic/math/clc_sinh.cl.bc
[1626/5017] Generating obj.libclc.dir/tahiti-amdgcn-mesa-mesa3d/clc/lib/generic/math/clc_rootn.cl.bc
[1627/5017] Generating obj.libclc.dir/tahiti-amdgcn-mesa-mesa3d/clc/lib/generic/math/clc_powr.cl.bc
[1628/5017] Generating obj.libclc.dir/tahiti-amdgcn-mesa-mesa3d/clc/lib/generic/math/clc_sincos_helpers.cl.bc
[1629/5017] Generating obj.libclc.dir/tahiti-amdgcn-mesa-mesa3d/clc/lib/generic/math/clc_sw_fma.cl.bc
[1630/5017] Generating obj.libclc.dir/tahiti-amdgcn-mesa-mesa3d/clc/lib/generic/math/clc_tan.cl.bc
[1631/5017] Generating obj.libclc.dir/tahiti-amdgcn-mesa-mesa3d/clc/lib/generic/math/clc_trunc.cl.bc
[1632/5017] Generating obj.libclc.dir/tahiti-amdgcn-mesa-mesa3d/clc/lib/generic/relational/clc_all.cl.bc
[1633/5017] Generating obj.libclc.dir/tahiti-amdgcn-mesa-mesa3d/clc/lib/generic/math/clc_sinpi.cl.bc
[1634/5017] Generating obj.libclc.dir/tahiti-amdgcn-mesa-mesa3d/clc/lib/generic/math/clc_lgamma_r.cl.bc
[1635/5017] Generating obj.libclc.dir/tahiti-amdgcn-mesa-mesa3d/clc/lib/generic/relational/clc_bitselect.cl.bc
[1636/5017] Generating obj.libclc.dir/tahiti-amdgcn-mesa-mesa3d/clc/lib/generic/relational/clc_isequal.cl.bc
[1637/5017] Generating obj.libclc.dir/tahiti-amdgcn-mesa-mesa3d/clc/lib/generic/relational/clc_any.cl.bc
[1638/5017] Generating obj.libclc.dir/tahiti-amdgcn-mesa-mesa3d/clc/lib/generic/relational/clc_isfinite.cl.bc
[1639/5017] Generating obj.libclc.dir/tahiti-amdgcn-mesa-mesa3d/clc/lib/generic/relational/clc_isgreaterequal.cl.bc
[1640/5017] Generating obj.libclc.dir/tahiti-amdgcn-mesa-mesa3d/clc/lib/generic/math/clc_tgamma.cl.bc
[1641/5017] Generating obj.libclc.dir/tahiti-amdgcn-mesa-mesa3d/clc/lib/generic/relational/clc_isgreater.cl.bc
[1642/5017] Generating obj.libclc.dir/tahiti-amdgcn-mesa-mesa3d/clc/lib/generic/relational/clc_isinf.cl.bc
[1643/5017] Generating obj.libclc.dir/tahiti-amdgcn-mesa-mesa3d/clc/lib/generic/relational/clc_isless.cl.bc
[1644/5017] Generating obj.libclc.dir/tahiti-amdgcn-mesa-mesa3d/clc/lib/generic/relational/clc_islessgreater.cl.bc
[1645/5017] Generating obj.libclc.dir/tahiti-amdgcn-mesa-mesa3d/clc/lib/generic/math/clc_tanh.cl.bc
[1646/5017] Generating obj.libclc.dir/tahiti-amdgcn-mesa-mesa3d/clc/lib/generic/relational/clc_isnan.cl.bc
[1647/5017] Generating obj.libclc.dir/tahiti-amdgcn-mesa-mesa3d/clc/lib/generic/relational/clc_islessequal.cl.bc
[1648/5017] Generating obj.libclc.dir/tahiti-amdgcn-mesa-mesa3d/clc/lib/generic/math/clc_tanpi.cl.bc
[1649/5017] Generating obj.libclc.dir/tahiti-amdgcn-mesa-mesa3d/clc/lib/generic/relational/clc_isnormal.cl.bc
[1650/5017] Generating obj.libclc.dir/tahiti-amdgcn-mesa-mesa3d/clc/lib/generic/relational/clc_isunordered.cl.bc
[1651/5017] Generating obj.libclc.dir/tahiti-amdgcn-mesa-mesa3d/clc/lib/generic/relational/clc_isnotequal.cl.bc
[1652/5017] Generating obj.libclc.dir/tahiti-amdgcn-mesa-mesa3d/clc/lib/generic/relational/clc_isordered.cl.bc
[1653/5017] Generating obj.libclc.dir/tahiti-amdgcn-mesa-mesa3d/clc/lib/generic/shared/clc_max.cl.bc
[1654/5017] Generating obj.libclc.dir/tahiti-amdgcn-mesa-mesa3d/clc/lib/generic/shared/clc_min.cl.bc
[1655/5017] Generating obj.libclc.dir/tahiti-amdgcn-mesa-mesa3d/clc/lib/generic/shared/clc_clamp.cl.bc
[1656/5017] Generating obj.libclc.dir/tahiti-amdgcn-mesa-mesa3d/clc/lib/generic/workitem/clc_get_local_linear_id.cl.bc
[1657/5017] Generating obj.libclc.dir/tahiti-amdgcn-mesa-mesa3d/clc/lib/generic/relational/clc_signbit.cl.bc
[1658/5017] Generating obj.libclc.dir/tahiti-amdgcn-mesa-mesa3d/clc/lib/generic/relational/clc_select.cl.bc
[1659/5017] Generating obj.libclc.dir/tahiti-amdgcn-mesa-mesa3d/clc/lib/generic/workitem/clc_get_sub_group_id.cl.bc
[1660/5017] Generating obj.libclc.dir/tahiti-amdgcn-mesa-mesa3d/clc/lib/generic/workitem/clc_get_num_sub_groups.cl.bc
[1661/5017] Generating obj.libclc.dir/tahiti-amdgcn-mesa-mesa3d/clc/lib/generic/workitem/clc_get_sub_group_size.cl.bc
[1662/5017] Generating obj.libclc.dir/tahiti-amdgcn-mesa-mesa3d/opencl/lib/generic/subnormal_use_default.ll.bc
[1663/5017] Generating obj.libclc.dir/tahiti-amdgcn-mesa-mesa3d/opencl/lib/amdgcn/cl_khr_int64_extended_atomics/minmax_helpers.ll.bc
[1664/5017] Generating obj.libclc.dir/tahiti-amdgcn-mesa-mesa3d/opencl/lib/generic/subnormal_helper_func.ll.bc
[1665/5017] Generating obj.libclc.dir/nvptx--/opencl/lib/generic/subnormal_helper_func.ll.bc.tmp
[1666/5017] Generating obj.libclc.dir/nvptx--/opencl/lib/generic/subnormal_use_default.ll.bc.tmp
[1667/5017] Generating obj.libclc.dir/nvptx--/opencl/lib/generic/subnormal_config.cl.bc
[1668/5017] Generating obj.libclc.dir/tahiti-amdgcn-mesa-mesa3d/clc/lib/generic/misc/clc_shuffle.cl.bc
[1669/5017] Generating obj.libclc.dir/nvptx--/opencl/lib/generic/async/wait_group_events.cl.bc
[1670/5017] Generating obj.libclc.dir/nvptx--/opencl/lib/generic/atomic/atom_cmpxchg.cl.bc
[1671/5017] Generating obj.libclc.dir/nvptx--/opencl/lib/generic/atomic/atom_add.cl.bc
[1672/5017] Generating obj.libclc.dir/nvptx--/opencl/lib/generic/atomic/atom_and.cl.bc
[1673/5017] Generating obj.libclc.dir/nvptx--/opencl/lib/generic/async/prefetch.cl.bc
[1674/5017] Generating obj.libclc.dir/nvptx--/opencl/lib/generic/async/async_work_group_copy.cl.bc
[1675/5017] Generating obj.libclc.dir/nvptx--/opencl/lib/generic/atomic/atom_inc.cl.bc
[1676/5017] Generating obj.libclc.dir/nvptx--/opencl/lib/generic/atomic/atom_dec.cl.bc
[1677/5017] Generating obj.libclc.dir/nvptx--/opencl/lib/generic/atomic/atom_min.cl.bc
[1678/5017] Generating obj.libclc.dir/nvptx--/opencl/lib/generic/atomic/atom_max.cl.bc
[1679/5017] Generating obj.libclc.dir/nvptx--/opencl/lib/generic/atomic/atom_or.cl.bc
[1680/5017] Generating obj.libclc.dir/tahiti-amdgcn-mesa-mesa3d/clc/lib/generic/misc/clc_shuffle2.cl.bc
[1681/5017] Generating obj.libclc.dir/nvptx--/opencl/lib/generic/atomic/atom_sub.cl.bc
[1682/5017] Generating obj.libclc.dir/tahiti-amdgcn-mesa-mesa3d/clc/lib/generic/shared/clc_vload.cl.bc
[1683/5017] Generating obj.libclc.dir/nvptx--/opencl/lib/generic/atomic/atom_xor.cl.bc
[1684/5017] Generating obj.libclc.dir/nvptx--/opencl/lib/generic/atomic/atomic_add.cl.bc
[1685/5017] Generating obj.libclc.dir/nvptx--/opencl/lib/generic/atomic/atom_xchg.cl.bc
[1686/5017] Generating obj.libclc.dir/nvptx--/opencl/lib/generic/atomic/atomic_and.cl.bc
[1687/5017] Generating obj.libclc.dir/nvptx--/opencl/lib/generic/async/async_work_group_strided_copy.cl.bc
[1688/5017] Generating obj.libclc.dir/nvptx--/opencl/lib/generic/atomic/atomic_cmpxchg.cl.bc
[1689/5017] Generating obj.libclc.dir/nvptx--/opencl/lib/generic/atomic/atomic_dec.cl.bc
[1690/5017] Generating obj.libclc.dir/nvptx--/opencl/lib/generic/atomic/atomic_max.cl.bc
[1691/5017] Generating obj.libclc.dir/nvptx--/opencl/lib/generic/atomic/atomic_sub.cl.bc
[1692/5017] Generating obj.libclc.dir/nvptx--/opencl/lib/generic/atomic/atomic_inc.cl.bc
[1693/5017] Generating obj.libclc.dir/nvptx--/opencl/lib/generic/atomic/atomic_xchg.cl.bc
[1694/5017] Generating obj.libclc.dir/nvptx--/opencl/lib/generic/atomic/atomic_xor.cl.bc
[1695/5017] Generating obj.libclc.dir/nvptx--/opencl/lib/generic/atomic/atomic_min.cl.bc
[1696/5017] Generating obj.libclc.dir/nvptx--/opencl/lib/generic/atomic/atomic_or.cl.bc
[1697/5017] Generating obj.libclc.dir/nvptx--/opencl/lib/generic/common/degrees.cl.bc
[1698/5017] Generating obj.libclc.dir/nvptx--/opencl/lib/generic/common/sign.cl.bc
[1699/5017] Generating obj.libclc.dir/nvptx--/opencl/lib/generic/common/radians.cl.bc
[1700/5017] Generating obj.libclc.dir/nvptx--/opencl/lib/generic/geometric/dot.cl.bc
[1701/5017] Generating obj.libclc.dir/nvptx--/opencl/lib/generic/geometric/cross.cl.bc
[1702/5017] Generating obj.libclc.dir/nvptx--/opencl/lib/generic/geometric/fast_distance.cl.bc
[1703/5017] Generating obj.libclc.dir/nvptx--/opencl/lib/generic/geometric/distance.cl.bc
[1704/5017] Generating obj.libclc.dir/nvptx--/opencl/lib/generic/common/step.cl.bc
[1705/5017] Generating obj.libclc.dir/nvptx--/opencl/lib/generic/common/mix.cl.bc
[1706/5017] Generating obj.libclc.dir/nvptx--/opencl/lib/generic/common/smoothstep.cl.bc
[1707/5017] Generating obj.libclc.dir/nvptx--/opencl/lib/generic/geometric/fast_length.cl.bc
[1708/5017] Generating obj.libclc.dir/nvptx--/opencl/lib/generic/geometric/fast_normalize.cl.bc
[1709/5017] Generating obj.libclc.dir/nvptx--/opencl/lib/generic/geometric/length.cl.bc
[1710/5017] Generating obj.libclc.dir/nvptx--/opencl/lib/generic/geometric/normalize.cl.bc
[1711/5017] Generating obj.libclc.dir/nvptx--/opencl/lib/generic/integer/mad24.cl.bc
[1712/5017] Generating obj.libclc.dir/nvptx--/opencl/lib/generic/integer/abs.cl.bc
[1713/5017] Generating obj.libclc.dir/nvptx--/opencl/lib/generic/integer/hadd.cl.bc
[1714/5017] Generating obj.libclc.dir/nvptx--/opencl/lib/generic/integer/clz.cl.bc
[1715/5017] Generating obj.libclc.dir/nvptx--/opencl/lib/generic/integer/mul24.cl.bc
[1716/5017] Generating obj.libclc.dir/nvptx--/opencl/lib/generic/integer/mad_sat.cl.bc
[1717/5017] Generating obj.libclc.dir/nvptx--/opencl/lib/generic/integer/add_sat.cl.bc
[1718/5017] Generating obj.libclc.dir/nvptx--/opencl/lib/generic/integer/mad_hi.cl.bc
[1719/5017] Generating obj.libclc.dir/nvptx--/opencl/lib/generic/integer/ctz.cl.bc
[1720/5017] Generating obj.libclc.dir/nvptx--/opencl/lib/generic/integer/abs_diff.cl.bc
[1721/5017] Generating obj.libclc.dir/nvptx--/opencl/lib/generic/integer/rotate.cl.bc
[1722/5017] Generating obj.libclc.dir/nvptx--/opencl/lib/generic/integer/upsample.cl.bc
[1723/5017] Generating obj.libclc.dir/nvptx--/opencl/lib/generic/integer/rhadd.cl.bc
[1724/5017] Generating obj.libclc.dir/tahiti-amdgcn-mesa-mesa3d/clc-convert.cl.bc
[1725/5017] Generating obj.libclc.dir/nvptx--/opencl/lib/generic/integer/sub_sat.cl.bc
[1726/5017] Generating obj.libclc.dir/nvptx--/opencl/lib/generic/integer/mul_hi.cl.bc
[1727/5017] Generating obj.libclc.dir/nvptx--/opencl/lib/generic/integer/popcount.cl.bc
[1728/5017] Generating obj.libclc.dir/nvptx--/opencl/lib/generic/math/acospi.cl.bc
[1729/5017] Generating obj.libclc.dir/nvptx--/opencl/lib/generic/math/acos.cl.bc
[1730/5017] Generating obj.libclc.dir/nvptx--/opencl/lib/generic/math/acosh.cl.bc
[1731/5017] Generating obj.libclc.dir/nvptx--/opencl/lib/generic/math/asin.cl.bc
[1732/5017] Generating obj.libclc.dir/nvptx--/opencl/lib/generic/math/asinpi.cl.bc
[1733/5017] Generating obj.libclc.dir/nvptx--/opencl/lib/generic/math/asinh.cl.bc
[1734/5017] Generating obj.libclc.dir/nvptx--/opencl/lib/generic/math/atanh.cl.bc
[1735/5017] Generating obj.libclc.dir/nvptx--/opencl/lib/generic/math/atan2pi.cl.bc
[1736/5017] Generating obj.libclc.dir/nvptx--/opencl/lib/generic/math/atan.cl.bc
[1737/5017] Generating obj.libclc.dir/nvptx--/opencl/lib/generic/math/cbrt.cl.bc
[1738/5017] Generating obj.libclc.dir/nvptx--/opencl/lib/generic/math/atan2.cl.bc
[1739/5017] Generating obj.libclc.dir/nvptx--/opencl/lib/generic/math/cosh.cl.bc
[1740/5017] Generating obj.libclc.dir/nvptx--/opencl/lib/generic/math/cos.cl.bc
[1741/5017] Generating obj.libclc.dir/nvptx--/opencl/lib/generic/math/atanpi.cl.bc
[1742/5017] Generating obj.libclc.dir/nvptx--/opencl/lib/generic/math/copysign.cl.bc
[1743/5017] Generating obj.libclc.dir/nvptx--/opencl/lib/generic/math/ceil.cl.bc
[1744/5017] Generating obj.libclc.dir/nvptx--/opencl/lib/generic/math/erfc.cl.bc
[1745/5017] Generating obj.libclc.dir/nvptx--/opencl/lib/generic/math/exp.cl.bc
[1746/5017] Generating obj.libclc.dir/nvptx--/opencl/lib/generic/math/expm1.cl.bc
[1747/5017] Generating obj.libclc.dir/nvptx--/opencl/lib/generic/math/cospi.cl.bc
[1748/5017] Generating obj.libclc.dir/nvptx--/opencl/lib/generic/math/erf.cl.bc
[1749/5017] Generating obj.libclc.dir/nvptx--/opencl/lib/generic/math/fdim.cl.bc
[1750/5017] Generating obj.libclc.dir/nvptx--/opencl/lib/generic/math/floor.cl.bc
[1751/5017] Generating obj.libclc.dir/nvptx--/opencl/lib/generic/math/exp2.cl.bc
[1752/5017] Generating obj.libclc.dir/nvptx--/opencl/lib/generic/math/exp10.cl.bc
[1753/5017] Generating obj.libclc.dir/nvptx--/opencl/lib/generic/math/fabs.cl.bc
[1754/5017] Generating obj.libclc.dir/nvptx--/opencl/lib/generic/math/fma.cl.bc
[1755/5017] Generating obj.libclc.dir/nvptx--/opencl/lib/generic/math/fmax.cl.bc
[1756/5017] Generating obj.libclc.dir/nvptx--/opencl/lib/generic/math/fmin.cl.bc
[1757/5017] Generating obj.libclc.dir/nvptx--/opencl/lib/generic/math/fract.cl.bc
[1758/5017] Generating obj.libclc.dir/tahiti-amdgcn-mesa-mesa3d/clc/lib/generic/math/clc_remquo.cl.bc
[1759/5017] Generating obj.libclc.dir/nvptx--/opencl/lib/generic/math/half_exp2.cl.bc
[1760/5017] Generating obj.libclc.dir/nvptx--/opencl/lib/generic/math/frexp.cl.bc
[1761/5017] Generating obj.libclc.dir/nvptx--/opencl/lib/generic/math/fmod.cl.bc
[1762/5017] Generating obj.libclc.dir/nvptx--/opencl/lib/generic/math/half_exp10.cl.bc
[1763/5017] Generating obj.libclc.dir/nvptx--/opencl/lib/generic/math/half_divide.cl.bc
[1764/5017] Generating obj.libclc.dir/nvptx--/opencl/lib/generic/math/half_cos.cl.bc
[1765/5017] Generating obj.libclc.dir/nvptx--/opencl/lib/generic/math/half_log10.cl.bc
[1766/5017] Generating obj.libclc.dir/nvptx--/opencl/lib/generic/math/half_log.cl.bc
[1767/5017] Generating obj.libclc.dir/nvptx--/opencl/lib/generic/math/half_log2.cl.bc
[1768/5017] Generating obj.libclc.dir/nvptx--/opencl/lib/generic/math/half_exp.cl.bc
[1769/5017] Generating obj.libclc.dir/nvptx--/opencl/lib/generic/math/half_powr.cl.bc
[1770/5017] Generating obj.libclc.dir/nvptx--/opencl/lib/generic/math/half_sin.cl.bc
[1771/5017] Generating obj.libclc.dir/nvptx--/opencl/lib/generic/math/half_sqrt.cl.bc
[1772/5017] Generating obj.libclc.dir/nvptx--/opencl/lib/generic/math/half_rsqrt.cl.bc
[1773/5017] Generating obj.libclc.dir/nvptx--/opencl/lib/generic/math/hypot.cl.bc
[1774/5017] Generating obj.libclc.dir/nvptx--/opencl/lib/generic/math/half_recip.cl.bc
[1775/5017] Generating obj.libclc.dir/nvptx--/opencl/lib/generic/math/half_tan.cl.bc
[1776/5017] Generating obj.libclc.dir/nvptx--/opencl/lib/generic/math/ldexp.cl.bc
[1777/5017] Generating obj.libclc.dir/nvptx--/opencl/lib/generic/math/lgamma_r.cl.bc
[1778/5017] Generating obj.libclc.dir/nvptx--/opencl/lib/generic/math/log10.cl.bc
[1779/5017] Generating obj.libclc.dir/nvptx--/opencl/lib/generic/math/log.cl.bc
[1780/5017] Generating obj.libclc.dir/nvptx--/opencl/lib/generic/math/log1p.cl.bc
[1781/5017] Generating obj.libclc.dir/nvptx--/opencl/lib/generic/math/log2.cl.bc
[1782/5017] Generating obj.libclc.dir/nvptx--/opencl/lib/generic/math/ilogb.cl.bc
[1783/5017] Generating obj.libclc.dir/nvptx--/opencl/lib/generic/math/logb.cl.bc
[1784/5017] Generating obj.libclc.dir/nvptx--/opencl/lib/generic/math/lgamma.cl.bc
[1785/5017] Generating obj.libclc.dir/nvptx--/opencl/lib/generic/math/mad.cl.bc
[1786/5017] Generating obj.libclc.dir/nvptx--/opencl/lib/generic/math/minmag.cl.bc
[1787/5017] Generating obj.libclc.dir/nvptx--/opencl/lib/generic/math/modf.cl.bc
[1788/5017] Generating obj.libclc.dir/nvptx--/opencl/lib/generic/math/maxmag.cl.bc
[1789/5017] Generating obj.libclc.dir/nvptx--/opencl/lib/generic/math/native_cos.cl.bc
[1790/5017] Generating obj.libclc.dir/nvptx--/opencl/lib/generic/math/native_exp.cl.bc
[1791/5017] Generating obj.libclc.dir/nvptx--/opencl/lib/generic/math/nan.cl.bc
[1792/5017] Generating obj.libclc.dir/nvptx--/opencl/lib/generic/math/native_log.cl.bc
[1793/5017] Generating obj.libclc.dir/nvptx--/opencl/lib/generic/math/native_exp2.cl.bc
[1794/5017] Generating obj.libclc.dir/nvptx--/opencl/lib/generic/math/native_log10.cl.bc
[1795/5017] Generating obj.libclc.dir/nvptx--/opencl/lib/generic/math/native_divide.cl.bc
[1796/5017] Generating obj.libclc.dir/nvptx--/opencl/lib/generic/math/native_log2.cl.bc
[1797/5017] Generating obj.libclc.dir/nvptx--/opencl/lib/generic/math/native_exp10.cl.bc
[1798/5017] Generating obj.libclc.dir/nvptx--/opencl/lib/generic/math/native_powr.cl.bc
[1799/5017] Generating obj.libclc.dir/nvptx--/opencl/lib/generic/math/native_rsqrt.cl.bc
[1800/5017] Generating obj.libclc.dir/nvptx--/opencl/lib/generic/math/native_tan.cl.bc
[1801/5017] Generating obj.libclc.dir/nvptx--/opencl/lib/generic/math/native_recip.cl.bc
[1802/5017] Generating obj.libclc.dir/nvptx--/opencl/lib/generic/math/native_sin.cl.bc
[1803/5017] Generating obj.libclc.dir/nvptx--/opencl/lib/generic/math/native_sqrt.cl.bc
[1804/5017] Generating obj.libclc.dir/nvptx--/opencl/lib/generic/math/nextafter.cl.bc
[1805/5017] Generating obj.libclc.dir/nvptx--/opencl/lib/generic/math/pow.cl.bc
[1806/5017] Generating obj.libclc.dir/nvptx--/opencl/lib/generic/math/pown.cl.bc
[1807/5017] Generating obj.libclc.dir/nvptx--/opencl/lib/generic/math/rint.cl.bc
[1808/5017] Generating obj.libclc.dir/nvptx--/opencl/lib/generic/math/powr.cl.bc
[1809/5017] Generating obj.libclc.dir/nvptx--/opencl/lib/generic/math/remainder.cl.bc
[1810/5017] Generating obj.libclc.dir/nvptx--/opencl/lib/generic/math/sinh.cl.bc
[1811/5017] Generating obj.libclc.dir/nvptx--/opencl/lib/generic/math/remquo.cl.bc
[1812/5017] Generating obj.libclc.dir/nvptx--/opencl/lib/generic/math/rsqrt.cl.bc
[1813/5017] Generating obj.libclc.dir/nvptx--/opencl/lib/generic/math/round.cl.bc
[1814/5017] Generating obj.libclc.dir/nvptx--/opencl/lib/generic/math/rootn.cl.bc
[1815/5017] Generating obj.libclc.dir/nvptx--/opencl/lib/generic/math/sinpi.cl.bc
[1816/5017] Generating obj.libclc.dir/nvptx--/opencl/lib/generic/math/sincos.cl.bc
[1817/5017] Generating obj.libclc.dir/nvptx--/opencl/lib/generic/math/sin.cl.bc
[1818/5017] Generating obj.libclc.dir/nvptx--/opencl/lib/generic/math/trunc.cl.bc
[1819/5017] Generating obj.libclc.dir/nvptx--/opencl/lib/generic/math/tanh.cl.bc
[1820/5017] Generating obj.libclc.dir/nvptx--/opencl/lib/generic/math/sqrt.cl.bc
[1821/5017] Generating obj.libclc.dir/nvptx--/opencl/lib/generic/math/tan.cl.bc
[1822/5017] Generating obj.libclc.dir/nvptx--/opencl/lib/generic/math/tanpi.cl.bc
[1823/5017] Generating obj.libclc.dir/nvptx--/opencl/lib/generic/relational/all.cl.bc
[1824/5017] Generating obj.libclc.dir/nvptx--/opencl/lib/generic/math/tgamma.cl.bc
[1825/5017] Generating obj.libclc.dir/nvptx--/opencl/lib/generic/relational/isgreater.cl.bc
[1826/5017] Generating obj.libclc.dir/nvptx--/opencl/lib/generic/relational/any.cl.bc
[1827/5017] Generating obj.libclc.dir/nvptx--/opencl/lib/generic/relational/isequal.cl.bc
[1828/5017] Generating obj.libclc.dir/nvptx--/opencl/lib/generic/relational/isfinite.cl.bc
[1829/5017] Generating obj.libclc.dir/nvptx--/opencl/lib/generic/relational/isless.cl.bc
[1830/5017] Generating obj.libclc.dir/nvptx--/opencl/lib/generic/relational/islessequal.cl.bc
[1831/5017] Generating obj.libclc.dir/nvptx--/opencl/lib/generic/relational/bitselect.cl.bc
[1832/5017] Generating obj.libclc.dir/nvptx--/opencl/lib/generic/relational/isgreaterequal.cl.bc
[1833/5017] Generating obj.libclc.dir/nvptx--/opencl/lib/generic/relational/islessgreater.cl.bc
[1834/5017] Generating obj.libclc.dir/nvptx--/opencl/lib/generic/relational/isinf.cl.bc
[1835/5017] Generating obj.libclc.dir/nvptx--/opencl/lib/generic/relational/isnan.cl.bc
[1836/5017] Generating obj.libclc.dir/nvptx--/opencl/lib/generic/misc/shuffle.cl.bc
[1837/5017] Generating obj.libclc.dir/nvptx--/opencl/lib/generic/relational/signbit.cl.bc
[1838/5017] Generating obj.libclc.dir/nvptx--/opencl/lib/generic/relational/isnotequal.cl.bc
[1839/5017] Generating obj.libclc.dir/nvptx--/opencl/lib/generic/relational/isnormal.cl.bc
[1840/5017] Generating obj.libclc.dir/nvptx--/opencl/lib/generic/relational/isunordered.cl.bc
[1841/5017] Generating obj.libclc.dir/nvptx--/opencl/lib/generic/relational/isordered.cl.bc
[1842/5017] Generating obj.libclc.dir/nvptx--/opencl/lib/generic/misc/shuffle2.cl.bc
[1843/5017] Generating obj.libclc.dir/nvptx--/opencl/lib/generic/workitem/get_global_size.cl.bc
[1844/5017] Generating obj.libclc.dir/nvptx--/opencl/lib/generic/shared/max.cl.bc
[1845/5017] Generating obj.libclc.dir/nvptx--/opencl/lib/generic/workitem/get_global_id.cl.bc
[1846/5017] Generating obj.libclc.dir/nvptx--nvidiacl/opencl/lib/generic/subnormal_use_default.ll.bc.tmp
[1847/5017] Generating obj.libclc.dir/nvptx--/opencl/lib/generic/shared/clamp.cl.bc
[1848/5017] Generating obj.libclc.dir/nvptx--nvidiacl/opencl/lib/ptx-nvidiacl/mem_fence/fence.cl.bc
[1849/5017] Generating obj.libclc.dir/nvptx--/opencl/lib/generic/relational/select.cl.bc
[1850/5017] Generating obj.libclc.dir/nvptx--/opencl/lib/generic/shared/min.cl.bc
[1851/5017] Generating obj.libclc.dir/nvptx--nvidiacl/opencl/lib/ptx-nvidiacl/workitem/get_group_id.cl.bc
[1852/5017] Generating obj.libclc.dir/nvptx--nvidiacl/opencl/lib/ptx-nvidiacl/synchronization/barrier.cl.bc
[1853/5017] Generating obj.libclc.dir/nvptx--nvidiacl/opencl/lib/ptx-nvidiacl/workitem/get_global_id.cl.bc
[1854/5017] Generating obj.libclc.dir/nvptx--/opencl/lib/generic/shared/vload.cl.bc
[1855/5017] Generating obj.libclc.dir/nvptx--nvidiacl/opencl/lib/ptx-nvidiacl/workitem/get_local_size.cl.bc
[1856/5017] Generating obj.libclc.dir/nvptx--nvidiacl/opencl/lib/ptx-nvidiacl/workitem/get_max_sub_group_size.cl.bc
[1857/5017] Generating obj.libclc.dir/nvptx--nvidiacl/opencl/lib/ptx-nvidiacl/workitem/get_local_id.cl.bc
[1858/5017] Generating obj.libclc.dir/nvptx--nvidiacl/opencl/lib/ptx-nvidiacl/workitem/get_local_linear_id.cl.bc
[1859/5017] Generating obj.libclc.dir/nvptx--nvidiacl/opencl/lib/ptx-nvidiacl/workitem/get_num_sub_groups.cl.bc
[1860/5017] Generating obj.libclc.dir/nvptx--nvidiacl/opencl/lib/ptx-nvidiacl/workitem/get_num_groups.cl.bc
[1861/5017] Generating obj.libclc.dir/nvptx--nvidiacl/opencl/lib/ptx-nvidiacl/workitem/get_sub_group_id.cl.bc
[1862/5017] Generating obj.libclc.dir/nvptx--nvidiacl/opencl/lib/generic/subnormal_config.cl.bc
[1863/5017] Generating obj.libclc.dir/nvptx--nvidiacl/opencl/lib/generic/subnormal_helper_func.ll.bc.tmp
[1864/5017] Generating obj.libclc.dir/nvptx--nvidiacl/opencl/lib/ptx-nvidiacl/workitem/get_sub_group_local_id.cl.bc
[1865/5017] Generating obj.libclc.dir/nvptx--nvidiacl/opencl/lib/ptx-nvidiacl/workitem/get_sub_group_size.cl.bc
[1866/5017] Generating obj.libclc.dir/nvptx--nvidiacl/opencl/lib/generic/atomic/atom_add.cl.bc
[1867/5017] Generating obj.libclc.dir/nvptx--nvidiacl/opencl/lib/generic/async/wait_group_events.cl.bc
[1868/5017] Generating obj.libclc.dir/nvptx--nvidiacl/opencl/lib/generic/atomic/atom_and.cl.bc
[1869/5017] Generating obj.libclc.dir/nvptx--nvidiacl/opencl/lib/generic/atomic/atom_cmpxchg.cl.bc
[1870/5017] Generating obj.libclc.dir/nvptx--nvidiacl/opencl/lib/generic/async/prefetch.cl.bc
[1871/5017] Generating obj.libclc.dir/nvptx--nvidiacl/opencl/lib/generic/atomic/atom_dec.cl.bc
[1872/5017] Generating obj.libclc.dir/nvptx--nvidiacl/opencl/lib/generic/atomic/atom_inc.cl.bc
[1873/5017] Generating obj.libclc.dir/nvptx--nvidiacl/opencl/lib/generic/atomic/atom_max.cl.bc
[1874/5017] Generating obj.libclc.dir/nvptx--nvidiacl/opencl/lib/generic/atomic/atom_min.cl.bc
[1875/5017] Generating obj.libclc.dir/nvptx--nvidiacl/opencl/lib/generic/atomic/atom_or.cl.bc
[1876/5017] Generating obj.libclc.dir/nvptx--nvidiacl/opencl/lib/generic/atomic/atom_sub.cl.bc
[1877/5017] Generating obj.libclc.dir/nvptx--nvidiacl/opencl/lib/generic/atomic/atomic_add.cl.bc
[1878/5017] Generating obj.libclc.dir/nvptx--nvidiacl/opencl/lib/generic/atomic/atomic_cmpxchg.cl.bc
[1879/5017] Generating obj.libclc.dir/nvptx--nvidiacl/opencl/lib/generic/async/async_work_group_copy.cl.bc
[1880/5017] Generating obj.libclc.dir/nvptx--nvidiacl/opencl/lib/generic/atomic/atomic_inc.cl.bc
[1881/5017] Generating obj.libclc.dir/nvptx--/opencl/lib/generic/shared/vstore.cl.bc
[1882/5017] Generating obj.libclc.dir/nvptx--nvidiacl/opencl/lib/generic/atomic/atom_xchg.cl.bc
[1883/5017] Generating obj.libclc.dir/nvptx--nvidiacl/opencl/lib/generic/atomic/atom_xor.cl.bc
[1884/5017] Generating obj.libclc.dir/nvptx--nvidiacl/opencl/lib/generic/atomic/atomic_dec.cl.bc
[1885/5017] Generating obj.libclc.dir/nvptx--nvidiacl/opencl/lib/generic/atomic/atomic_max.cl.bc
[1886/5017] Generating obj.libclc.dir/nvptx--nvidiacl/opencl/lib/generic/atomic/atomic_and.cl.bc
[1887/5017] Generating obj.libclc.dir/nvptx--nvidiacl/opencl/lib/generic/atomic/atomic_or.cl.bc
[1888/5017] Generating obj.libclc.dir/nvptx--nvidiacl/opencl/lib/generic/atomic/atomic_min.cl.bc
[1889/5017] Generating obj.libclc.dir/nvptx--nvidiacl/opencl/lib/generic/async/async_work_group_strided_copy.cl.bc
[1890/5017] Generating obj.libclc.dir/nvptx--nvidiacl/opencl/lib/generic/atomic/atomic_xchg.cl.bc
[1891/5017] Generating obj.libclc.dir/nvptx--nvidiacl/opencl/lib/generic/atomic/atomic_sub.cl.bc
[1892/5017] Generating obj.libclc.dir/nvptx--nvidiacl/opencl/lib/generic/common/degrees.cl.bc
[1893/5017] Generating obj.libclc.dir/nvptx--nvidiacl/opencl/lib/generic/geometric/cross.cl.bc
[1894/5017] Generating obj.libclc.dir/nvptx--nvidiacl/opencl/lib/generic/common/radians.cl.bc
[1895/5017] Generating obj.libclc.dir/nvptx--nvidiacl/opencl/lib/generic/atomic/atomic_xor.cl.bc
[1896/5017] Generating obj.libclc.dir/nvptx--nvidiacl/opencl/lib/generic/common/mix.cl.bc
[1897/5017] Generating obj.libclc.dir/nvptx--nvidiacl/opencl/lib/generic/common/step.cl.bc
[1898/5017] Generating obj.libclc.dir/nvptx--nvidiacl/opencl/lib/generic/common/smoothstep.cl.bc
[1899/5017] Generating obj.libclc.dir/nvptx--nvidiacl/opencl/lib/generic/geometric/distance.cl.bc
[1900/5017] Generating obj.libclc.dir/nvptx--nvidiacl/opencl/lib/generic/common/sign.cl.bc
[1901/5017] Generating obj.libclc.dir/nvptx--nvidiacl/opencl/lib/generic/geometric/fast_distance.cl.bc
[1902/5017] Generating obj.libclc.dir/nvptx--nvidiacl/opencl/lib/generic/geometric/dot.cl.bc
[1903/5017] Generating obj.libclc.dir/nvptx--nvidiacl/opencl/lib/generic/geometric/normalize.cl.bc
[1904/5017] Generating obj.libclc.dir/nvptx--nvidiacl/opencl/lib/generic/integer/abs.cl.bc
[1905/5017] Generating obj.libclc.dir/nvptx--nvidiacl/opencl/lib/generic/geometric/fast_normalize.cl.bc
[1906/5017] Generating obj.libclc.dir/nvptx--nvidiacl/opencl/lib/generic/geometric/length.cl.bc
[1907/5017] Generating obj.libclc.dir/nvptx--nvidiacl/opencl/lib/generic/geometric/fast_length.cl.bc
[1908/5017] Generating obj.libclc.dir/nvptx--nvidiacl/opencl/lib/generic/integer/abs_diff.cl.bc
[1909/5017] Generating obj.libclc.dir/nvptx--nvidiacl/opencl/lib/generic/integer/add_sat.cl.bc
[1910/5017] Generating obj.libclc.dir/nvptx--nvidiacl/opencl/lib/generic/integer/clz.cl.bc
[1911/5017] Generating obj.libclc.dir/nvptx--nvidiacl/opencl/lib/generic/integer/mad24.cl.bc
[1912/5017] Generating obj.libclc.dir/nvptx--nvidiacl/opencl/lib/generic/integer/hadd.cl.bc
[1913/5017] Generating obj.libclc.dir/nvptx--nvidiacl/opencl/lib/generic/integer/ctz.cl.bc
[1914/5017] Generating obj.libclc.dir/nvptx--nvidiacl/opencl/lib/generic/integer/mul24.cl.bc
[1915/5017] Generating obj.libclc.dir/nvptx--nvidiacl/opencl/lib/generic/integer/rotate.cl.bc
[1916/5017] Generating obj.libclc.dir/nvptx--nvidiacl/opencl/lib/generic/integer/rhadd.cl.bc
[1917/5017] Generating obj.libclc.dir/nvptx--nvidiacl/opencl/lib/generic/integer/sub_sat.cl.bc
[1918/5017] Generating obj.libclc.dir/nvptx--nvidiacl/opencl/lib/generic/integer/mad_sat.cl.bc
[1919/5017] Generating obj.libclc.dir/nvptx--nvidiacl/opencl/lib/generic/integer/upsample.cl.bc
[1920/5017] Generating obj.libclc.dir/nvptx--nvidiacl/opencl/lib/generic/integer/mad_hi.cl.bc
[1921/5017] Generating obj.libclc.dir/nvptx--nvidiacl/opencl/lib/generic/integer/popcount.cl.bc
[1922/5017] Generating obj.libclc.dir/nvptx--nvidiacl/opencl/lib/generic/math/acospi.cl.bc
[1923/5017] Generating obj.libclc.dir/nvptx--nvidiacl/opencl/lib/generic/math/asin.cl.bc
[1924/5017] Generating obj.libclc.dir/nvptx--nvidiacl/opencl/lib/generic/integer/mul_hi.cl.bc
[1925/5017] Generating obj.libclc.dir/nvptx--nvidiacl/opencl/lib/generic/math/acosh.cl.bc
[1926/5017] Generating obj.libclc.dir/nvptx--nvidiacl/opencl/lib/generic/math/acos.cl.bc
[1927/5017] Generating obj.libclc.dir/nvptx--nvidiacl/opencl/lib/generic/math/asinh.cl.bc
[1928/5017] Generating obj.libclc.dir/nvptx--nvidiacl/opencl/lib/generic/math/atan2.cl.bc
[1929/5017] Generating obj.libclc.dir/nvptx--nvidiacl/opencl/lib/generic/math/atanh.cl.bc
[1930/5017] Generating obj.libclc.dir/nvptx--nvidiacl/opencl/lib/generic/math/atan.cl.bc
[1931/5017] Generating obj.libclc.dir/nvptx--nvidiacl/opencl/lib/generic/math/atan2pi.cl.bc
[1932/5017] Generating obj.libclc.dir/nvptx--nvidiacl/opencl/lib/generic/math/asinpi.cl.bc
[1933/5017] Generating obj.libclc.dir/nvptx--nvidiacl/opencl/lib/generic/math/cbrt.cl.bc
[1934/5017] Generating obj.libclc.dir/nvptx--nvidiacl/opencl/lib/generic/math/atanpi.cl.bc
[1935/5017] Generating obj.libclc.dir/nvptx--nvidiacl/opencl/lib/generic/math/cos.cl.bc
[1936/5017] Generating obj.libclc.dir/nvptx--nvidiacl/opencl/lib/generic/math/cospi.cl.bc
[1937/5017] Generating obj.libclc.dir/nvptx--nvidiacl/opencl/lib/generic/math/cosh.cl.bc
[1938/5017] Generating obj.libclc.dir/nvptx--nvidiacl/opencl/lib/generic/math/erf.cl.bc
[1939/5017] Generating obj.libclc.dir/nvptx--nvidiacl/opencl/lib/generic/math/ceil.cl.bc
[1940/5017] Generating obj.libclc.dir/nvptx--nvidiacl/opencl/lib/generic/math/copysign.cl.bc
[1941/5017] Generating obj.libclc.dir/nvptx--nvidiacl/opencl/lib/generic/math/erfc.cl.bc
[1942/5017] Generating obj.libclc.dir/nvptx--nvidiacl/opencl/lib/generic/math/exp.cl.bc
[1943/5017] Generating obj.libclc.dir/nvptx--nvidiacl/opencl/lib/generic/math/fabs.cl.bc
[1944/5017] Generating obj.libclc.dir/nvptx--nvidiacl/opencl/lib/generic/math/expm1.cl.bc
[1945/5017] Generating obj.libclc.dir/nvptx--nvidiacl/opencl/lib/generic/math/exp10.cl.bc
[1946/5017] Generating obj.libclc.dir/nvptx--nvidiacl/opencl/lib/generic/math/exp2.cl.bc
[1947/5017] Generating obj.libclc.dir/nvptx--nvidiacl/opencl/lib/generic/math/fdim.cl.bc
[1948/5017] Generating obj.libclc.dir/nvptx--nvidiacl/opencl/lib/generic/math/fma.cl.bc
[1949/5017] Generating obj.libclc.dir/nvptx--nvidiacl/opencl/lib/generic/math/floor.cl.bc
[1950/5017] Generating obj.libclc.dir/nvptx--nvidiacl/opencl/lib/generic/math/fmod.cl.bc
[1951/5017] Generating obj.libclc.dir/nvptx--nvidiacl/opencl/lib/generic/math/fract.cl.bc
[1952/5017] Generating obj.libclc.dir/nvptx--nvidiacl/opencl/lib/generic/math/frexp.cl.bc
[1953/5017] Generating obj.libclc.dir/nvptx--nvidiacl/opencl/lib/generic/math/fmin.cl.bc
[1954/5017] Generating obj.libclc.dir/nvptx--nvidiacl/opencl/lib/generic/math/half_cos.cl.bc
[1955/5017] Generating obj.libclc.dir/nvptx--nvidiacl/opencl/lib/generic/math/half_exp10.cl.bc
[1956/5017] Generating obj.libclc.dir/nvptx--nvidiacl/opencl/lib/generic/math/fmax.cl.bc
[1957/5017] Generating obj.libclc.dir/nvptx--nvidiacl/opencl/lib/generic/math/half_divide.cl.bc
[1958/5017] Generating obj.libclc.dir/nvptx--nvidiacl/opencl/lib/generic/math/half_log.cl.bc
[1959/5017] Generating obj.libclc.dir/nvptx--nvidiacl/opencl/lib/generic/math/half_log10.cl.bc
[1960/5017] Generating obj.libclc.dir/nvptx--nvidiacl/opencl/lib/generic/math/half_exp2.cl.bc
[1961/5017] Generating obj.libclc.dir/nvptx--nvidiacl/opencl/lib/generic/math/half_exp.cl.bc
[1962/5017] Generating obj.libclc.dir/nvptx--nvidiacl/opencl/lib/generic/math/half_log2.cl.bc
[1963/5017] Generating obj.libclc.dir/nvptx--nvidiacl/opencl/lib/generic/math/half_recip.cl.bc
[1964/5017] Generating obj.libclc.dir/nvptx--nvidiacl/opencl/lib/generic/math/half_rsqrt.cl.bc
[1965/5017] Generating obj.libclc.dir/nvptx--nvidiacl/opencl/lib/generic/math/half_sqrt.cl.bc
[1966/5017] Generating obj.libclc.dir/nvptx--nvidiacl/opencl/lib/generic/math/half_powr.cl.bc
[1967/5017] Generating obj.libclc.dir/nvptx--/convert.cl.bc
[1968/5017] Generating obj.libclc.dir/nvptx--nvidiacl/opencl/lib/generic/math/half_sin.cl.bc
[1969/5017] Generating obj.libclc.dir/nvptx--nvidiacl/opencl/lib/generic/math/hypot.cl.bc
[1970/5017] Generating obj.libclc.dir/nvptx--nvidiacl/opencl/lib/generic/math/half_tan.cl.bc
[1971/5017] Generating obj.libclc.dir/nvptx--nvidiacl/opencl/lib/generic/math/ilogb.cl.bc
[1972/5017] Generating obj.libclc.dir/nvptx--nvidiacl/opencl/lib/generic/math/log.cl.bc
[1973/5017] Generating obj.libclc.dir/nvptx--nvidiacl/opencl/lib/generic/math/lgamma.cl.bc
[1974/5017] Generating obj.libclc.dir/nvptx--nvidiacl/opencl/lib/generic/math/log1p.cl.bc
[1975/5017] Generating obj.libclc.dir/nvptx--nvidiacl/opencl/lib/generic/math/ldexp.cl.bc
[1976/5017] Generating obj.libclc.dir/nvptx--nvidiacl/opencl/lib/generic/math/log10.cl.bc
[1977/5017] Generating obj.libclc.dir/nvptx--nvidiacl/opencl/lib/generic/math/logb.cl.bc
[1978/5017] Generating obj.libclc.dir/nvptx--nvidiacl/opencl/lib/generic/math/minmag.cl.bc
[1979/5017] Generating obj.libclc.dir/nvptx--nvidiacl/opencl/lib/generic/math/maxmag.cl.bc
[1980/5017] Generating obj.libclc.dir/nvptx--nvidiacl/opencl/lib/generic/math/native_cos.cl.bc
[1981/5017] Generating obj.libclc.dir/nvptx--nvidiacl/opencl/lib/generic/math/log2.cl.bc
[1982/5017] Generating obj.libclc.dir/nvptx--nvidiacl/opencl/lib/generic/math/nan.cl.bc
[1983/5017] Generating obj.libclc.dir/nvptx--nvidiacl/opencl/lib/generic/math/lgamma_r.cl.bc
[1984/5017] Generating obj.libclc.dir/nvptx--nvidiacl/opencl/lib/generic/math/mad.cl.bc
[1985/5017] Generating obj.libclc.dir/nvptx--nvidiacl/opencl/lib/generic/math/modf.cl.bc
[1986/5017] Generating obj.libclc.dir/nvptx--nvidiacl/opencl/lib/generic/math/native_exp.cl.bc
[1987/5017] Generating obj.libclc.dir/nvptx--nvidiacl/opencl/lib/generic/math/native_exp10.cl.bc
[1988/5017] Generating obj.libclc.dir/nvptx--nvidiacl/opencl/lib/generic/math/native_divide.cl.bc
[1989/5017] Generating obj.libclc.dir/nvptx--nvidiacl/opencl/lib/generic/math/native_log.cl.bc
[1990/5017] Generating obj.libclc.dir/nvptx--nvidiacl/opencl/lib/generic/math/native_exp2.cl.bc
[1991/5017] Generating obj.libclc.dir/nvptx--nvidiacl/opencl/lib/generic/math/native_recip.cl.bc
[1992/5017] Generating obj.libclc.dir/nvptx--nvidiacl/opencl/lib/generic/math/native_log10.cl.bc
[1993/5017] Generating obj.libclc.dir/nvptx--nvidiacl/opencl/lib/generic/math/native_sqrt.cl.bc
[1994/5017] Generating obj.libclc.dir/nvptx--nvidiacl/opencl/lib/generic/math/native_rsqrt.cl.bc
[1995/5017] Generating obj.libclc.dir/nvptx--nvidiacl/opencl/lib/generic/math/native_sin.cl.bc
[1996/5017] Generating obj.libclc.dir/nvptx--nvidiacl/opencl/lib/generic/math/native_powr.cl.bc
[1997/5017] Generating obj.libclc.dir/nvptx--nvidiacl/opencl/lib/generic/math/native_log2.cl.bc
[1998/5017] Generating obj.libclc.dir/nvptx--nvidiacl/opencl/lib/generic/math/pow.cl.bc
[1999/5017] Generating obj.libclc.dir/nvptx--nvidiacl/opencl/lib/generic/math/native_tan.cl.bc
[2000/5017] Generating obj.libclc.dir/nvptx--nvidiacl/opencl/lib/generic/math/powr.cl.bc
[2001/5017] Generating obj.libclc.dir/nvptx--nvidiacl/opencl/lib/generic/math/nextafter.cl.bc
[2002/5017] Generating obj.libclc.dir/nvptx--nvidiacl/opencl/lib/generic/math/pown.cl.bc
[2003/5017] Generating obj.libclc.dir/nvptx--nvidiacl/opencl/lib/generic/math/remainder.cl.bc
[2004/5017] Generating obj.libclc.dir/nvptx--nvidiacl/opencl/lib/generic/math/rint.cl.bc
[2005/5017] Generating obj.libclc.dir/nvptx--nvidiacl/opencl/lib/generic/math/rootn.cl.bc
[2006/5017] Generating obj.libclc.dir/nvptx--nvidiacl/opencl/lib/generic/math/round.cl.bc
[2007/5017] Generating obj.libclc.dir/nvptx--nvidiacl/opencl/lib/generic/math/remquo.cl.bc
[2008/5017] Generating obj.libclc.dir/nvptx--nvidiacl/opencl/lib/generic/math/rsqrt.cl.bc
[2009/5017] Generating obj.libclc.dir/nvptx--nvidiacl/opencl/lib/generic/math/sinh.cl.bc
[2010/5017] Generating obj.libclc.dir/nvptx--nvidiacl/opencl/lib/generic/math/tanpi.cl.bc
[2011/5017] Generating obj.libclc.dir/nvptx--nvidiacl/opencl/lib/generic/math/tanh.cl.bc
[2012/5017] Generating obj.libclc.dir/nvptx--nvidiacl/opencl/lib/generic/math/tgamma.cl.bc
[2013/5017] Generating obj.libclc.dir/nvptx--nvidiacl/opencl/lib/generic/math/sincos.cl.bc
[2014/5017] Generating obj.libclc.dir/nvptx--nvidiacl/opencl/lib/generic/math/trunc.cl.bc
[2015/5017] Generating obj.libclc.dir/nvptx--nvidiacl/opencl/lib/generic/math/sin.cl.bc
[2016/5017] Generating obj.libclc.dir/nvptx--nvidiacl/opencl/lib/generic/math/sinpi.cl.bc
[2017/5017] Generating obj.libclc.dir/nvptx--nvidiacl/opencl/lib/generic/relational/all.cl.bc
[2018/5017] Generating obj.libclc.dir/nvptx--nvidiacl/opencl/lib/generic/math/sqrt.cl.bc
[2019/5017] Generating obj.libclc.dir/nvptx--nvidiacl/opencl/lib/generic/relational/any.cl.bc
[2020/5017] Generating obj.libclc.dir/nvptx--nvidiacl/opencl/lib/generic/relational/isequal.cl.bc
[2021/5017] Generating obj.libclc.dir/nvptx--nvidiacl/opencl/lib/generic/math/tan.cl.bc
[2022/5017] Generating obj.libclc.dir/nvptx--nvidiacl/opencl/lib/generic/relational/isfinite.cl.bc
[2023/5017] Generating obj.libclc.dir/nvptx--nvidiacl/opencl/lib/generic/relational/isless.cl.bc
[2024/5017] Generating obj.libclc.dir/nvptx--nvidiacl/opencl/lib/generic/relational/bitselect.cl.bc
[2025/5017] Generating obj.libclc.dir/nvptx--nvidiacl/opencl/lib/generic/relational/isinf.cl.bc
[2026/5017] Generating obj.libclc.dir/nvptx--nvidiacl/opencl/lib/generic/relational/isgreaterequal.cl.bc
[2027/5017] Generating obj.libclc.dir/nvptx--nvidiacl/opencl/lib/generic/misc/shuffle.cl.bc
[2028/5017] Generating obj.libclc.dir/nvptx--nvidiacl/opencl/lib/generic/relational/isgreater.cl.bc
[2029/5017] Generating obj.libclc.dir/nvptx--nvidiacl/opencl/lib/generic/relational/islessgreater.cl.bc
[2030/5017] Generating obj.libclc.dir/nvptx--nvidiacl/opencl/lib/generic/relational/isnormal.cl.bc
[2031/5017] Generating obj.libclc.dir/nvptx--nvidiacl/opencl/lib/generic/misc/shuffle2.cl.bc
[2032/5017] Generating obj.libclc.dir/nvptx--nvidiacl/opencl/lib/generic/relational/islessequal.cl.bc
[2033/5017] Generating obj.libclc.dir/nvptx--nvidiacl/opencl/lib/generic/relational/isnan.cl.bc
[2034/5017] Generating obj.libclc.dir/nvptx--nvidiacl/opencl/lib/generic/relational/isunordered.cl.bc
[2035/5017] Generating obj.libclc.dir/nvptx--nvidiacl/opencl/lib/generic/relational/isnotequal.cl.bc
[2036/5017] Generating obj.libclc.dir/nvptx--nvidiacl/opencl/lib/generic/relational/signbit.cl.bc
[2037/5017] Generating obj.libclc.dir/nvptx--nvidiacl/opencl/lib/generic/relational/isordered.cl.bc
[2038/5017] Generating obj.libclc.dir/nvptx--nvidiacl/opencl/lib/generic/shared/max.cl.bc
[2039/5017] Generating obj.libclc.dir/nvptx--nvidiacl/opencl/lib/generic/shared/clamp.cl.bc
[2040/5017] Generating obj.libclc.dir/nvptx64--/opencl/lib/generic/subnormal_use_default.ll.bc.tmp
[2041/5017] Generating obj.libclc.dir/nvptx--nvidiacl/opencl/lib/generic/shared/min.cl.bc
[2042/5017] Generating obj.libclc.dir/nvptx64--/opencl/lib/generic/subnormal_helper_func.ll.bc.tmp
[2043/5017] Generating obj.libclc.dir/nvptx--nvidiacl/opencl/lib/generic/workitem/get_global_size.cl.bc
[2044/5017] Generating obj.libclc.dir/nvptx64--/opencl/lib/generic/subnormal_config.cl.bc
[2045/5017] Generating obj.libclc.dir/nvptx--nvidiacl/opencl/lib/generic/relational/select.cl.bc
[2046/5017] Generating obj.libclc.dir/nvptx64--/opencl/lib/generic/atomic/atom_add.cl.bc
[2047/5017] Generating obj.libclc.dir/nvptx64--/opencl/lib/generic/async/prefetch.cl.bc
[2048/5017] Generating obj.libclc.dir/nvptx--nvidiacl/opencl/lib/generic/shared/vload.cl.bc
[2049/5017] Generating obj.libclc.dir/nvptx64--/opencl/lib/generic/async/wait_group_events.cl.bc
[2050/5017] Generating obj.libclc.dir/nvptx64--/opencl/lib/generic/atomic/atom_and.cl.bc
[2051/5017] Generating obj.libclc.dir/nvptx64--/opencl/lib/generic/atomic/atom_inc.cl.bc
[2052/5017] Generating obj.libclc.dir/nvptx64--/opencl/lib/generic/atomic/atom_cmpxchg.cl.bc
[2053/5017] Generating obj.libclc.dir/nvptx64--/opencl/lib/generic/async/async_work_group_copy.cl.bc
[2054/5017] Generating obj.libclc.dir/nvptx64--/opencl/lib/generic/atomic/atom_dec.cl.bc
[2055/5017] Generating obj.libclc.dir/nvptx64--/opencl/lib/generic/atomic/atom_or.cl.bc
[2056/5017] Generating obj.libclc.dir/nvptx64--/opencl/lib/generic/atomic/atom_max.cl.bc
[2057/5017] Generating obj.libclc.dir/nvptx64--/opencl/lib/generic/atomic/atom_min.cl.bc
[2058/5017] Generating obj.libclc.dir/nvptx64--/opencl/lib/generic/atomic/atom_xchg.cl.bc
[2059/5017] Generating obj.libclc.dir/nvptx64--/opencl/lib/generic/atomic/atom_sub.cl.bc
[2060/5017] Generating obj.libclc.dir/nvptx64--/opencl/lib/generic/atomic/atom_xor.cl.bc
[2061/5017] Generating obj.libclc.dir/nvptx64--/opencl/lib/generic/atomic/atomic_dec.cl.bc
[2062/5017] Generating obj.libclc.dir/nvptx64--/opencl/lib/generic/atomic/atomic_add.cl.bc
[2063/5017] Generating obj.libclc.dir/nvptx64--/opencl/lib/generic/atomic/atomic_cmpxchg.cl.bc
[2064/5017] Generating obj.libclc.dir/nvptx64--/opencl/lib/generic/atomic/atomic_and.cl.bc
[2065/5017] Generating obj.libclc.dir/nvptx64--/opencl/lib/generic/atomic/atomic_sub.cl.bc
[2066/5017] Generating obj.libclc.dir/nvptx64--/opencl/lib/generic/atomic/atomic_max.cl.bc
[2067/5017] Generating obj.libclc.dir/nvptx64--/opencl/lib/generic/atomic/atomic_inc.cl.bc
[2068/5017] Generating obj.libclc.dir/nvptx64--/opencl/lib/generic/atomic/atomic_or.cl.bc
[2069/5017] Generating obj.libclc.dir/nvptx64--/opencl/lib/generic/atomic/atomic_min.cl.bc
[2070/5017] Generating obj.libclc.dir/nvptx64--/opencl/lib/generic/atomic/atomic_xchg.cl.bc
[2071/5017] Generating obj.libclc.dir/nvptx64--/opencl/lib/generic/atomic/atomic_xor.cl.bc
[2072/5017] Generating obj.libclc.dir/nvptx64--/opencl/lib/generic/common/degrees.cl.bc
[2073/5017] Generating obj.libclc.dir/nvptx64--/opencl/lib/generic/common/sign.cl.bc
[2074/5017] Generating obj.libclc.dir/nvptx64--/opencl/lib/generic/async/async_work_group_strided_copy.cl.bc
[2075/5017] Generating obj.libclc.dir/nvptx64--/opencl/lib/generic/common/mix.cl.bc
[2076/5017] Generating obj.libclc.dir/nvptx--nvidiacl/opencl/lib/generic/shared/vstore.cl.bc
[2077/5017] Generating obj.libclc.dir/nvptx64--/opencl/lib/generic/common/smoothstep.cl.bc
[2078/5017] Generating obj.libclc.dir/nvptx64--/opencl/lib/generic/common/radians.cl.bc
[2079/5017] Generating obj.libclc.dir/nvptx64--/opencl/lib/generic/geometric/cross.cl.bc
[2080/5017] Generating obj.libclc.dir/nvptx64--/opencl/lib/generic/geometric/distance.cl.bc
[2081/5017] Generating obj.libclc.dir/nvptx64--/opencl/lib/generic/common/step.cl.bc
[2082/5017] Generating obj.libclc.dir/nvptx64--/opencl/lib/generic/geometric/dot.cl.bc
[2083/5017] Generating obj.libclc.dir/nvptx64--/opencl/lib/generic/geometric/normalize.cl.bc
[2084/5017] Generating obj.libclc.dir/nvptx64--/opencl/lib/generic/geometric/fast_distance.cl.bc
[2085/5017] Generating obj.libclc.dir/nvptx64--/opencl/lib/generic/geometric/fast_normalize.cl.bc
[2086/5017] Generating obj.libclc.dir/nvptx64--/opencl/lib/generic/geometric/fast_length.cl.bc
[2087/5017] Generating obj.libclc.dir/nvptx64--/opencl/lib/generic/geometric/length.cl.bc
[2088/5017] Generating obj.libclc.dir/nvptx64--/opencl/lib/generic/integer/abs_diff.cl.bc
[2089/5017] Generating obj.libclc.dir/nvptx64--/opencl/lib/generic/integer/mad24.cl.bc
[2090/5017] Generating obj.libclc.dir/nvptx64--/opencl/lib/generic/integer/hadd.cl.bc
[2091/5017] Generating obj.libclc.dir/nvptx64--/opencl/lib/generic/integer/ctz.cl.bc
[2092/5017] Generating obj.libclc.dir/nvptx64--/opencl/lib/generic/integer/abs.cl.bc
[2093/5017] Generating obj.libclc.dir/nvptx64--/opencl/lib/generic/integer/add_sat.cl.bc
[2094/5017] Generating obj.libclc.dir/nvptx64--/opencl/lib/generic/integer/clz.cl.bc
[2095/5017] Generating obj.libclc.dir/tahiti-amdgcn-mesa-mesa3d/clc/lib/generic/shared/clc_vstore.cl.bc
[2096/5017] Generating obj.libclc.dir/nvptx64--/opencl/lib/generic/integer/mul24.cl.bc
[2097/5017] Generating obj.libclc.dir/nvptx64--/opencl/lib/generic/integer/mad_hi.cl.bc
[2098/5017] Generating obj.libclc.dir/nvptx64--/opencl/lib/generic/integer/popcount.cl.bc
[2099/5017] Generating obj.libclc.dir/nvptx64--/opencl/lib/generic/integer/rotate.cl.bc
[2100/5017] Generating obj.libclc.dir/nvptx64--/opencl/lib/generic/integer/mul_hi.cl.bc
[2101/5017] Generating obj.libclc.dir/nvptx64--/opencl/lib/generic/integer/sub_sat.cl.bc
[2102/5017] Generating obj.libclc.dir/nvptx64--/opencl/lib/generic/integer/upsample.cl.bc
[2103/5017] Generating obj.libclc.dir/nvptx64--/opencl/lib/generic/integer/mad_sat.cl.bc
[2104/5017] Generating obj.libclc.dir/nvptx64--/opencl/lib/generic/math/acosh.cl.bc
[2105/5017] Generating obj.libclc.dir/nvptx64--/opencl/lib/generic/math/asin.cl.bc
[2106/5017] Generating obj.libclc.dir/nvptx64--/opencl/lib/generic/integer/rhadd.cl.bc
[2107/5017] Generating obj.libclc.dir/nvptx64--/opencl/lib/generic/math/acospi.cl.bc
[2108/5017] Generating obj.libclc.dir/nvptx64--/opencl/lib/generic/math/asinh.cl.bc
[2109/5017] Generating obj.libclc.dir/nvptx64--/opencl/lib/generic/math/acos.cl.bc
[2110/5017] Generating obj.libclc.dir/nvptx64--/opencl/lib/generic/math/atan.cl.bc
[2111/5017] Generating obj.libclc.dir/nvptx64--/opencl/lib/generic/math/atan2.cl.bc
[2112/5017] Generating obj.libclc.dir/nvptx64--/opencl/lib/generic/math/asinpi.cl.bc
[2113/5017] Generating obj.libclc.dir/nvptx64--/opencl/lib/generic/math/atanpi.cl.bc
[2114/5017] Generating obj.libclc.dir/nvptx64--/opencl/lib/generic/math/cbrt.cl.bc
[2115/5017] Generating obj.libclc.dir/nvptx64--/opencl/lib/generic/math/cosh.cl.bc
[2116/5017] Generating obj.libclc.dir/nvptx64--/opencl/lib/generic/math/atan2pi.cl.bc
[2117/5017] Generating obj.libclc.dir/nvptx64--/opencl/lib/generic/math/atanh.cl.bc
[2118/5017] Generating obj.libclc.dir/nvptx64--/opencl/lib/generic/math/erf.cl.bc
[2119/5017] Generating obj.libclc.dir/nvptx64--/opencl/lib/generic/math/cos.cl.bc
[2120/5017] Generating obj.libclc.dir/nvptx64--/opencl/lib/generic/math/cospi.cl.bc
[2121/5017] Generating obj.libclc.dir/nvptx64--/opencl/lib/generic/math/erfc.cl.bc
[2122/5017] Generating obj.libclc.dir/nvptx64--/opencl/lib/generic/math/exp.cl.bc
[2123/5017] Generating obj.libclc.dir/nvptx64--/opencl/lib/generic/math/ceil.cl.bc
[2124/5017] Generating obj.libclc.dir/nvptx64--/opencl/lib/generic/math/copysign.cl.bc
[2125/5017] Generating obj.libclc.dir/nvptx64--/opencl/lib/generic/math/expm1.cl.bc
[2126/5017] Generating obj.libclc.dir/nvptx64--/opencl/lib/generic/math/exp2.cl.bc
[2127/5017] Generating obj.libclc.dir/nvptx64--/opencl/lib/generic/math/fabs.cl.bc
[2128/5017] Generating obj.libclc.dir/nvptx64--/opencl/lib/generic/math/floor.cl.bc
[2129/5017] Generating obj.libclc.dir/nvptx64--/opencl/lib/generic/math/exp10.cl.bc
[2130/5017] Generating obj.libclc.dir/nvptx64--/opencl/lib/generic/math/fdim.cl.bc
[2131/5017] Generating obj.libclc.dir/nvptx64--/opencl/lib/generic/math/fmod.cl.bc
[2132/5017] Generating obj.libclc.dir/nvptx64--/opencl/lib/generic/math/fma.cl.bc
[2133/5017] Generating obj.libclc.dir/nvptx64--/opencl/lib/generic/math/fmin.cl.bc
[2134/5017] Generating obj.libclc.dir/nvptx64--/opencl/lib/generic/math/fmax.cl.bc
[2135/5017] Generating obj.libclc.dir/nvptx64--/opencl/lib/generic/math/frexp.cl.bc
[2136/5017] Generating obj.libclc.dir/nvptx64--/opencl/lib/generic/math/fract.cl.bc
[2137/5017] Generating obj.libclc.dir/nvptx64--/opencl/lib/generic/math/half_cos.cl.bc
[2138/5017] Generating obj.libclc.dir/nvptx64--/opencl/lib/generic/math/half_exp10.cl.bc
[2139/5017] Generating obj.libclc.dir/nvptx64--/opencl/lib/generic/math/half_log10.cl.bc
[2140/5017] Generating obj.libclc.dir/nvptx64--/opencl/lib/generic/math/half_divide.cl.bc
[2141/5017] Generating obj.libclc.dir/nvptx64--/opencl/lib/generic/math/half_exp2.cl.bc
[2142/5017] Generating obj.libclc.dir/nvptx64--/opencl/lib/generic/math/half_log.cl.bc
[2143/5017] Generating obj.libclc.dir/nvptx64--/opencl/lib/generic/math/half_exp.cl.bc
[2144/5017] Generating obj.libclc.dir/nvptx64--/opencl/lib/generic/math/half_log2.cl.bc
[2145/5017] Generating obj.libclc.dir/nvptx64--/opencl/lib/generic/math/half_powr.cl.bc
[2146/5017] Generating obj.libclc.dir/nvptx64--/opencl/lib/generic/math/half_rsqrt.cl.bc
[2147/5017] Generating obj.libclc.dir/nvptx64--/opencl/lib/generic/math/half_sin.cl.bc
[2148/5017] Generating obj.libclc.dir/nvptx64--/opencl/lib/generic/math/half_recip.cl.bc
[2149/5017] Generating obj.libclc.dir/nvptx64--/opencl/lib/generic/math/half_sqrt.cl.bc
[2150/5017] Generating obj.libclc.dir/nvptx64--/opencl/lib/generic/math/ldexp.cl.bc
[2151/5017] Generating obj.libclc.dir/nvptx64--/opencl/lib/generic/math/hypot.cl.bc
[2152/5017] Generating obj.libclc.dir/nvptx64--/opencl/lib/generic/math/log.cl.bc
[2153/5017] Generating obj.libclc.dir/nvptx64--/opencl/lib/generic/math/log10.cl.bc
[2154/5017] Generating obj.libclc.dir/nvptx64--/opencl/lib/generic/math/lgamma_r.cl.bc
[2155/5017] Generating obj.libclc.dir/nvptx--nvidiacl/convert.cl.bc
[2156/5017] Generating obj.libclc.dir/nvptx64--/opencl/lib/generic/math/log1p.cl.bc
[2157/5017] Generating obj.libclc.dir/nvptx64--/opencl/lib/generic/math/logb.cl.bc
[2158/5017] Generating obj.libclc.dir/nvptx64--/opencl/lib/generic/math/ilogb.cl.bc
[2159/5017] Generating obj.libclc.dir/nvptx64--/opencl/lib/generic/math/lgamma.cl.bc
[2160/5017] Generating obj.libclc.dir/nvptx64--/opencl/lib/generic/math/log2.cl.bc
[2161/5017] Generating obj.libclc.dir/nvptx64--/opencl/lib/generic/math/half_tan.cl.bc
[2162/5017] Generating obj.libclc.dir/nvptx64--/opencl/lib/generic/math/maxmag.cl.bc
[2163/5017] Generating obj.libclc.dir/nvptx64--/opencl/lib/generic/math/minmag.cl.bc
[2164/5017] Generating obj.libclc.dir/nvptx64--/opencl/lib/generic/math/mad.cl.bc
[2165/5017] Generating obj.libclc.dir/nvptx64--/opencl/lib/generic/math/native_exp10.cl.bc
[2166/5017] Generating obj.libclc.dir/nvptx64--/opencl/lib/generic/math/native_cos.cl.bc
[2167/5017] Generating obj.libclc.dir/nvptx64--/opencl/lib/generic/math/native_exp.cl.bc
[2168/5017] Generating obj.libclc.dir/nvptx64--/opencl/lib/generic/math/native_exp2.cl.bc
[2169/5017] Generating obj.libclc.dir/nvptx64--/opencl/lib/generic/math/nan.cl.bc
[2170/5017] Generating obj.libclc.dir/nvptx64--/opencl/lib/generic/math/native_log.cl.bc
[2171/5017] Generating obj.libclc.dir/nvptx64--/opencl/lib/generic/math/native_divide.cl.bc
[2172/5017] Generating obj.libclc.dir/nvptx64--/opencl/lib/generic/math/modf.cl.bc
[2173/5017] Generating obj.libclc.dir/nvptx64--/opencl/lib/generic/math/native_powr.cl.bc
[2174/5017] Generating obj.libclc.dir/nvptx64--/opencl/lib/generic/math/native_sin.cl.bc
[2175/5017] Generating obj.libclc.dir/nvptx64--/opencl/lib/generic/math/native_sqrt.cl.bc
[2176/5017] Generating obj.libclc.dir/nvptx64--/opencl/lib/generic/math/native_log10.cl.bc
[2177/5017] Generating obj.libclc.dir/nvptx64--/opencl/lib/generic/math/native_recip.cl.bc
[2178/5017] Generating obj.libclc.dir/nvptx64--/opencl/lib/generic/math/native_log2.cl.bc
[2179/5017] Generating obj.libclc.dir/nvptx64--/opencl/lib/generic/math/native_tan.cl.bc
[2180/5017] Generating obj.libclc.dir/nvptx64--/opencl/lib/generic/math/native_rsqrt.cl.bc
[2181/5017] Generating obj.libclc.dir/nvptx64--/opencl/lib/generic/math/nextafter.cl.bc
[2182/5017] Generating obj.libclc.dir/nvptx64--/opencl/lib/generic/math/pown.cl.bc
[2183/5017] Generating obj.libclc.dir/nvptx64--/opencl/lib/generic/math/pow.cl.bc
[2184/5017] Generating obj.libclc.dir/nvptx64--/opencl/lib/generic/math/sin.cl.bc
[2185/5017] Generating obj.libclc.dir/nvptx64--/opencl/lib/generic/math/powr.cl.bc
[2186/5017] Generating obj.libclc.dir/nvptx64--/opencl/lib/generic/math/rint.cl.bc
[2187/5017] Generating obj.libclc.dir/nvptx64--/opencl/lib/generic/math/sinh.cl.bc
[2188/5017] Generating obj.libclc.dir/nvptx64--/opencl/lib/generic/math/sincos.cl.bc
[2189/5017] Generating obj.libclc.dir/nvptx64--/opencl/lib/generic/math/remquo.cl.bc
[2190/5017] Generating obj.libclc.dir/nvptx64--/opencl/lib/generic/math/rsqrt.cl.bc
[2191/5017] Generating obj.libclc.dir/nvptx64--/opencl/lib/generic/math/rootn.cl.bc
[2192/5017] Generating obj.libclc.dir/nvptx64--/opencl/lib/generic/math/remainder.cl.bc
[2193/5017] Generating obj.libclc.dir/nvptx64--/opencl/lib/generic/math/sqrt.cl.bc
[2194/5017] Generating obj.libclc.dir/nvptx64--/opencl/lib/generic/math/tanh.cl.bc
[2195/5017] Generating obj.libclc.dir/nvptx64--/opencl/lib/generic/math/tgamma.cl.bc
[2196/5017] Generating obj.libclc.dir/nvptx64--/opencl/lib/generic/math/tan.cl.bc
[2197/5017] Generating obj.libclc.dir/nvptx64--/opencl/lib/generic/math/round.cl.bc
[2198/5017] Generating obj.libclc.dir/nvptx64--/opencl/lib/generic/math/tanpi.cl.bc
[2199/5017] Generating obj.libclc.dir/nvptx64--/opencl/lib/generic/math/sinpi.cl.bc
[2200/5017] Generating obj.libclc.dir/nvptx64--/opencl/lib/generic/relational/any.cl.bc
[2201/5017] Generating obj.libclc.dir/nvptx64--/opencl/lib/generic/math/trunc.cl.bc
[2202/5017] Generating obj.libclc.dir/nvptx64--/opencl/lib/generic/relational/isequal.cl.bc
[2203/5017] Generating obj.libclc.dir/nvptx64--/opencl/lib/generic/relational/all.cl.bc
[2204/5017] Generating obj.libclc.dir/nvptx64--/opencl/lib/generic/relational/isfinite.cl.bc
[2205/5017] Generating obj.libclc.dir/nvptx64--/opencl/lib/generic/relational/bitselect.cl.bc
[2206/5017] Generating obj.libclc.dir/nvptx64--/opencl/lib/generic/relational/isgreaterequal.cl.bc
[2207/5017] Generating obj.libclc.dir/nvptx64--/opencl/lib/generic/relational/islessgreater.cl.bc
[2208/5017] Generating obj.libclc.dir/nvptx64--/opencl/lib/generic/relational/isinf.cl.bc
[2209/5017] Generating obj.libclc.dir/nvptx64--/opencl/lib/generic/relational/isnan.cl.bc
[2210/5017] Generating obj.libclc.dir/nvptx64--/opencl/lib/generic/relational/isgreater.cl.bc
[2211/5017] Generating obj.libclc.dir/nvptx64--/opencl/lib/generic/relational/isless.cl.bc
[2212/5017] Generating obj.libclc.dir/nvptx64--/opencl/lib/generic/relational/isnotequal.cl.bc
[2213/5017] Generating obj.libclc.dir/nvptx64--/opencl/lib/generic/relational/islessequal.cl.bc
[2214/5017] Generating obj.libclc.dir/nvptx64--/opencl/lib/generic/relational/isnormal.cl.bc
[2215/5017] Generating obj.libclc.dir/nvptx64--/opencl/lib/generic/misc/shuffle2.cl.bc
[2216/5017] Generating obj.libclc.dir/nvptx64--/opencl/lib/generic/relational/isordered.cl.bc
[2217/5017] Generating obj.libclc.dir/nvptx64--/opencl/lib/generic/relational/isunordered.cl.bc
[2218/5017] Generating obj.libclc.dir/nvptx64--/opencl/lib/generic/relational/signbit.cl.bc
[2219/5017] Generating obj.libclc.dir/nvptx64--nvidiacl/opencl/lib/generic/subnormal_use_default.ll.bc.tmp
[2220/5017] Generating obj.libclc.dir/nvptx64--/opencl/lib/generic/workitem/get_global_size.cl.bc
[2221/5017] Generating obj.libclc.dir/nvptx64--/opencl/lib/generic/workitem/get_global_id.cl.bc
[2222/5017] Generating obj.libclc.dir/nvptx64--nvidiacl/opencl/lib/ptx-nvidiacl/mem_fence/fence.cl.bc
[2223/5017] Generating obj.libclc.dir/nvptx64--/opencl/lib/generic/shared/clamp.cl.bc
[2224/5017] Generating obj.libclc.dir/nvptx64--/opencl/lib/generic/shared/min.cl.bc
[2225/5017] Generating obj.libclc.dir/nvptx64--/opencl/lib/generic/misc/shuffle.cl.bc
[2226/5017] Generating obj.libclc.dir/nvptx64--/opencl/lib/generic/relational/select.cl.bc
[2227/5017] Generating obj.libclc.dir/nvptx64--/opencl/lib/generic/shared/max.cl.bc
[2228/5017] Generating obj.libclc.dir/nvptx64--nvidiacl/opencl/lib/ptx-nvidiacl/synchronization/barrier.cl.bc
[2229/5017] Generating obj.libclc.dir/nvptx64--nvidiacl/opencl/lib/ptx-nvidiacl/workitem/get_global_id.cl.bc
[2230/5017] Generating obj.libclc.dir/nvptx64--nvidiacl/opencl/lib/ptx-nvidiacl/workitem/get_local_id.cl.bc
[2231/5017] Generating obj.libclc.dir/nvptx64--nvidiacl/opencl/lib/ptx-nvidiacl/workitem/get_num_sub_groups.cl.bc
[2232/5017] Generating obj.libclc.dir/nvptx64--nvidiacl/opencl/lib/ptx-nvidiacl/workitem/get_local_size.cl.bc
[2233/5017] Generating obj.libclc.dir/nvptx64--nvidiacl/opencl/lib/ptx-nvidiacl/workitem/get_num_groups.cl.bc
[2234/5017] Generating obj.libclc.dir/nvptx64--nvidiacl/opencl/lib/ptx-nvidiacl/workitem/get_max_sub_group_size.cl.bc
[2235/5017] Generating obj.libclc.dir/nvptx64--nvidiacl/opencl/lib/ptx-nvidiacl/workitem/get_local_linear_id.cl.bc
[2236/5017] Generating obj.libclc.dir/nvptx64--/opencl/lib/generic/shared/vload.cl.bc
[2237/5017] Generating obj.libclc.dir/nvptx64--nvidiacl/opencl/lib/ptx-nvidiacl/workitem/get_group_id.cl.bc
[2238/5017] Generating obj.libclc.dir/nvptx64--nvidiacl/opencl/lib/generic/subnormal_helper_func.ll.bc.tmp
[2239/5017] Generating obj.libclc.dir/nvptx64--nvidiacl/opencl/lib/ptx-nvidiacl/workitem/get_sub_group_id.cl.bc
[2240/5017] Generating obj.libclc.dir/nvptx64--nvidiacl/opencl/lib/ptx-nvidiacl/workitem/get_sub_group_size.cl.bc
[2241/5017] Generating obj.libclc.dir/nvptx64--nvidiacl/opencl/lib/generic/subnormal_config.cl.bc
[2242/5017] Generating obj.libclc.dir/nvptx64--nvidiacl/opencl/lib/ptx-nvidiacl/workitem/get_sub_group_local_id.cl.bc
[2243/5017] Generating obj.libclc.dir/nvptx64--nvidiacl/opencl/lib/generic/async/wait_group_events.cl.bc
[2244/5017] Generating obj.libclc.dir/nvptx64--nvidiacl/opencl/lib/generic/atomic/atom_and.cl.bc
[2245/5017] Generating obj.libclc.dir/nvptx64--nvidiacl/opencl/lib/generic/atomic/atom_dec.cl.bc
[2246/5017] Generating obj.libclc.dir/nvptx64--nvidiacl/opencl/lib/generic/atomic/atom_cmpxchg.cl.bc
[2247/5017] Generating obj.libclc.dir/nvptx64--nvidiacl/opencl/lib/generic/atomic/atom_min.cl.bc
[2248/5017] Generating obj.libclc.dir/nvptx64--nvidiacl/opencl/lib/generic/atomic/atom_add.cl.bc
[2249/5017] Generating obj.libclc.dir/nvptx64--nvidiacl/opencl/lib/generic/atomic/atom_max.cl.bc
[2250/5017] Generating obj.libclc.dir/nvptx64--nvidiacl/opencl/lib/generic/atomic/atom_inc.cl.bc
[2251/5017] Generating obj.libclc.dir/nvptx64--nvidiacl/opencl/lib/generic/async/prefetch.cl.bc
[2252/5017] Generating obj.libclc.dir/nvptx64--nvidiacl/opencl/lib/generic/atomic/atom_sub.cl.bc
[2253/5017] Generating obj.libclc.dir/nvptx64--nvidiacl/opencl/lib/generic/atomic/atom_or.cl.bc
[2254/5017] Generating obj.libclc.dir/nvptx64--nvidiacl/opencl/lib/generic/atomic/atomic_and.cl.bc
[2255/5017] Generating obj.libclc.dir/nvptx64--nvidiacl/opencl/lib/generic/atomic/atomic_dec.cl.bc
[2256/5017] Generating obj.libclc.dir/nvptx64--nvidiacl/opencl/lib/generic/atomic/atom_xchg.cl.bc
[2257/5017] Generating obj.libclc.dir/nvptx64--nvidiacl/opencl/lib/generic/atomic/atomic_add.cl.bc
[2258/5017] Generating obj.libclc.dir/nvptx64--nvidiacl/opencl/lib/generic/async/async_work_group_copy.cl.bc
[2259/5017] Generating obj.libclc.dir/nvptx64--nvidiacl/opencl/lib/generic/atomic/atomic_inc.cl.bc
[2260/5017] Generating obj.libclc.dir/nvptx64--nvidiacl/opencl/lib/generic/atomic/atomic_max.cl.bc
[2261/5017] Generating obj.libclc.dir/nvptx64--nvidiacl/opencl/lib/generic/atomic/atomic_cmpxchg.cl.bc
[2262/5017] Generating obj.libclc.dir/nvptx64--nvidiacl/opencl/lib/generic/atomic/atom_xor.cl.bc
[2263/5017] Generating obj.libclc.dir/nvptx64--nvidiacl/opencl/lib/generic/atomic/atomic_min.cl.bc
[2264/5017] Generating obj.libclc.dir/nvptx64--nvidiacl/opencl/lib/generic/atomic/atomic_or.cl.bc
[2265/5017] Generating obj.libclc.dir/nvptx64--nvidiacl/opencl/lib/generic/atomic/atomic_sub.cl.bc
[2266/5017] Generating obj.libclc.dir/nvptx64--nvidiacl/opencl/lib/generic/atomic/atomic_xchg.cl.bc
[2267/5017] Generating obj.libclc.dir/nvptx64--/opencl/lib/generic/shared/vstore.cl.bc
[2268/5017] Generating obj.libclc.dir/nvptx64--nvidiacl/opencl/lib/generic/atomic/atomic_xor.cl.bc
[2269/5017] Generating obj.libclc.dir/nvptx64--nvidiacl/opencl/lib/generic/async/async_work_group_strided_copy.cl.bc
[2270/5017] Generating obj.libclc.dir/nvptx64--nvidiacl/opencl/lib/generic/common/radians.cl.bc
[2271/5017] Generating obj.libclc.dir/nvptx64--nvidiacl/opencl/lib/generic/common/step.cl.bc
[2272/5017] Generating obj.libclc.dir/nvptx64--nvidiacl/opencl/lib/generic/common/degrees.cl.bc
[2273/5017] Generating obj.libclc.dir/nvptx64--nvidiacl/opencl/lib/generic/common/sign.cl.bc
[2274/5017] Generating obj.libclc.dir/nvptx64--nvidiacl/opencl/lib/generic/common/smoothstep.cl.bc
[2275/5017] Generating obj.libclc.dir/nvptx64--nvidiacl/opencl/lib/generic/common/mix.cl.bc
[2276/5017] Generating obj.libclc.dir/nvptx64--nvidiacl/opencl/lib/generic/geometric/fast_distance.cl.bc
[2277/5017] Generating obj.libclc.dir/nvptx64--nvidiacl/opencl/lib/generic/geometric/distance.cl.bc
[2278/5017] Generating obj.libclc.dir/nvptx64--nvidiacl/opencl/lib/generic/geometric/cross.cl.bc
[2279/5017] Generating obj.libclc.dir/nvptx64--nvidiacl/opencl/lib/generic/geometric/fast_length.cl.bc
[2280/5017] Generating obj.libclc.dir/nvptx64--nvidiacl/opencl/lib/generic/geometric/dot.cl.bc
[2281/5017] Generating obj.libclc.dir/nvptx64--nvidiacl/opencl/lib/generic/geometric/length.cl.bc
[2282/5017] Generating obj.libclc.dir/nvptx64--nvidiacl/opencl/lib/generic/geometric/fast_normalize.cl.bc
[2283/5017] Generating obj.libclc.dir/nvptx64--nvidiacl/opencl/lib/generic/integer/abs_diff.cl.bc
[2284/5017] Generating obj.libclc.dir/nvptx64--nvidiacl/opencl/lib/generic/integer/clz.cl.bc
[2285/5017] Generating obj.libclc.dir/nvptx64--nvidiacl/opencl/lib/generic/geometric/normalize.cl.bc
[2286/5017] Generating obj.libclc.dir/nvptx64--nvidiacl/opencl/lib/generic/integer/mad24.cl.bc
[2287/5017] Generating obj.libclc.dir/nvptx64--nvidiacl/opencl/lib/generic/integer/add_sat.cl.bc
[2288/5017] Generating obj.libclc.dir/nvptx64--nvidiacl/opencl/lib/generic/integer/ctz.cl.bc
[2289/5017] Generating obj.libclc.dir/nvptx64--nvidiacl/opencl/lib/generic/integer/abs.cl.bc
[2290/5017] Generating obj.libclc.dir/nvptx64--nvidiacl/opencl/lib/generic/integer/mul24.cl.bc
[2291/5017] Generating obj.libclc.dir/nvptx64--nvidiacl/opencl/lib/generic/integer/hadd.cl.bc
[2292/5017] Generating obj.libclc.dir/nvptx64--nvidiacl/opencl/lib/generic/integer/mul_hi.cl.bc
[2293/5017] Generating obj.libclc.dir/nvptx64--nvidiacl/opencl/lib/generic/math/acos.cl.bc
[2294/5017] Generating obj.libclc.dir/nvptx64--nvidiacl/opencl/lib/generic/integer/sub_sat.cl.bc
[2295/5017] Generating obj.libclc.dir/nvptx64--nvidiacl/opencl/lib/generic/math/acospi.cl.bc
[2296/5017] Generating obj.libclc.dir/nvptx64--nvidiacl/opencl/lib/generic/integer/upsample.cl.bc
[2297/5017] Generating obj.libclc.dir/nvptx64--nvidiacl/opencl/lib/generic/math/acosh.cl.bc
[2298/5017] Generating obj.libclc.dir/nvptx64--nvidiacl/opencl/lib/generic/integer/mad_sat.cl.bc
[2299/5017] Generating obj.libclc.dir/nvptx64--nvidiacl/opencl/lib/generic/integer/mad_hi.cl.bc
[2300/5017] Generating obj.libclc.dir/nvptx64--nvidiacl/opencl/lib/generic/integer/rotate.cl.bc
[2301/5017] Generating obj.libclc.dir/nvptx64--nvidiacl/opencl/lib/generic/math/asin.cl.bc
[2302/5017] Generating obj.libclc.dir/nvptx64--nvidiacl/opencl/lib/generic/math/asinh.cl.bc
[2303/5017] Generating obj.libclc.dir/nvptx64--nvidiacl/opencl/lib/generic/math/asinpi.cl.bc
[2304/5017] Generating obj.libclc.dir/nvptx64--nvidiacl/opencl/lib/generic/math/atan2pi.cl.bc
[2305/5017] Generating obj.libclc.dir/nvptx64--nvidiacl/opencl/lib/generic/math/atan2.cl.bc
[2306/5017] Generating obj.libclc.dir/nvptx64--nvidiacl/opencl/lib/generic/integer/popcount.cl.bc
[2307/5017] Generating obj.libclc.dir/nvptx64--nvidiacl/opencl/lib/generic/math/atan.cl.bc
[2308/5017] Generating obj.libclc.dir/nvptx64--nvidiacl/opencl/lib/generic/math/ceil.cl.bc
[2309/5017] Generating obj.libclc.dir/nvptx64--nvidiacl/opencl/lib/generic/math/atanpi.cl.bc
[2310/5017] Generating obj.libclc.dir/nvptx64--nvidiacl/opencl/lib/generic/math/copysign.cl.bc
[2311/5017] Generating obj.libclc.dir/nvptx64--nvidiacl/opencl/lib/generic/integer/rhadd.cl.bc
[2312/5017] Generating obj.libclc.dir/nvptx64--nvidiacl/opencl/lib/generic/math/cbrt.cl.bc
[2313/5017] Generating obj.libclc.dir/nvptx64--nvidiacl/opencl/lib/generic/math/atanh.cl.bc
[2314/5017] Generating obj.libclc.dir/nvptx64--nvidiacl/opencl/lib/generic/math/cos.cl.bc
[2315/5017] Generating obj.libclc.dir/nvptx64--nvidiacl/opencl/lib/generic/math/cosh.cl.bc
[2316/5017] Generating obj.libclc.dir/nvptx64--nvidiacl/opencl/lib/generic/math/erf.cl.bc
[2317/5017] Generating obj.libclc.dir/nvptx64--nvidiacl/opencl/lib/generic/math/expm1.cl.bc
[2318/5017] Generating obj.libclc.dir/nvptx64--nvidiacl/opencl/lib/generic/math/exp.cl.bc
[2319/5017] Generating obj.libclc.dir/nvptx64--nvidiacl/opencl/lib/generic/math/exp10.cl.bc
[2320/5017] Generating obj.libclc.dir/nvptx64--nvidiacl/opencl/lib/generic/math/cospi.cl.bc
[2321/5017] Generating obj.libclc.dir/nvptx64--nvidiacl/opencl/lib/generic/math/erfc.cl.bc
[2322/5017] Generating obj.libclc.dir/nvptx64--nvidiacl/opencl/lib/generic/math/fabs.cl.bc
[2323/5017] Generating obj.libclc.dir/nvptx64--nvidiacl/opencl/lib/generic/math/exp2.cl.bc
[2324/5017] Generating obj.libclc.dir/nvptx64--nvidiacl/opencl/lib/generic/math/floor.cl.bc
[2325/5017] Generating obj.libclc.dir/nvptx64--nvidiacl/opencl/lib/generic/math/fma.cl.bc
[2326/5017] Generating obj.libclc.dir/nvptx64--nvidiacl/opencl/lib/generic/math/fdim.cl.bc
[2327/5017] Generating obj.libclc.dir/nvptx64--nvidiacl/opencl/lib/generic/math/fmod.cl.bc
[2328/5017] Generating obj.libclc.dir/nvptx64--nvidiacl/opencl/lib/generic/math/half_cos.cl.bc
[2329/5017] Generating obj.libclc.dir/nvptx64--nvidiacl/opencl/lib/generic/math/fmax.cl.bc
[2330/5017] Generating obj.libclc.dir/nvptx64--nvidiacl/opencl/lib/generic/math/half_exp.cl.bc
[2331/5017] Generating obj.libclc.dir/nvptx64--nvidiacl/opencl/lib/generic/math/fract.cl.bc
[2332/5017] Generating obj.libclc.dir/nvptx64--nvidiacl/opencl/lib/generic/math/fmin.cl.bc
[2333/5017] Generating obj.libclc.dir/nvptx64--nvidiacl/opencl/lib/generic/math/half_divide.cl.bc
[2334/5017] Generating obj.libclc.dir/nvptx64--nvidiacl/opencl/lib/generic/math/half_exp10.cl.bc
[2335/5017] Generating obj.libclc.dir/nvptx64--nvidiacl/opencl/lib/generic/math/frexp.cl.bc
[2336/5017] Generating obj.libclc.dir/nvptx64--nvidiacl/opencl/lib/generic/math/half_exp2.cl.bc
[2337/5017] Generating obj.libclc.dir/nvptx64--nvidiacl/opencl/lib/generic/math/half_powr.cl.bc
[2338/5017] Generating obj.libclc.dir/nvptx64--nvidiacl/opencl/lib/generic/math/half_recip.cl.bc
[2339/5017] Generating obj.libclc.dir/nvptx64--nvidiacl/opencl/lib/generic/math/half_sin.cl.bc
[2340/5017] Generating obj.libclc.dir/nvptx64--nvidiacl/opencl/lib/generic/math/half_rsqrt.cl.bc
[2341/5017] Generating obj.libclc.dir/nvptx64--nvidiacl/opencl/lib/generic/math/half_log10.cl.bc
[2342/5017] Generating obj.libclc.dir/nvptx64--nvidiacl/opencl/lib/generic/math/half_log2.cl.bc
[2343/5017] Generating obj.libclc.dir/nvptx64--nvidiacl/opencl/lib/generic/math/half_log.cl.bc
[2344/5017] Generating obj.libclc.dir/nvptx64--nvidiacl/opencl/lib/generic/math/ilogb.cl.bc
[2345/5017] Generating obj.libclc.dir/nvptx64--nvidiacl/opencl/lib/generic/math/half_sqrt.cl.bc
[2346/5017] Generating obj.libclc.dir/nvptx64--nvidiacl/opencl/lib/generic/math/ldexp.cl.bc
[2347/5017] Generating obj.libclc.dir/nvptx64--nvidiacl/opencl/lib/generic/math/lgamma.cl.bc
[2348/5017] Generating obj.libclc.dir/nvptx64--nvidiacl/opencl/lib/generic/math/half_tan.cl.bc
[2349/5017] Generating obj.libclc.dir/nvptx64--nvidiacl/opencl/lib/generic/math/hypot.cl.bc
[2350/5017] Generating obj.libclc.dir/nvptx64--nvidiacl/opencl/lib/generic/math/log2.cl.bc
[2351/5017] Generating obj.libclc.dir/nvptx64--nvidiacl/opencl/lib/generic/math/log1p.cl.bc
[2352/5017] Generating obj.libclc.dir/nvptx64--nvidiacl/opencl/lib/generic/math/lgamma_r.cl.bc
[2353/5017] Generating obj.libclc.dir/nvptx64--nvidiacl/opencl/lib/generic/math/log.cl.bc
[2354/5017] Generating obj.libclc.dir/nvptx64--nvidiacl/opencl/lib/generic/math/logb.cl.bc
[2355/5017] Generating obj.libclc.dir/nvptx64--nvidiacl/opencl/lib/generic/math/maxmag.cl.bc
[2356/5017] Generating obj.libclc.dir/nvptx64--nvidiacl/opencl/lib/generic/math/log10.cl.bc
[2357/5017] Generating obj.libclc.dir/nvptx64--nvidiacl/opencl/lib/generic/math/mad.cl.bc
[2358/5017] Generating obj.libclc.dir/nvptx64--nvidiacl/opencl/lib/generic/math/minmag.cl.bc
[2359/5017] Generating obj.libclc.dir/nvptx64--nvidiacl/opencl/lib/generic/math/native_divide.cl.bc
[2360/5017] Generating obj.libclc.dir/nvptx64--nvidiacl/opencl/lib/generic/math/native_exp.cl.bc
[2361/5017] Generating obj.libclc.dir/nvptx64--nvidiacl/opencl/lib/generic/math/native_exp10.cl.bc
[2362/5017] Generating obj.libclc.dir/nvptx64--nvidiacl/opencl/lib/generic/math/native_cos.cl.bc
[2363/5017] Generating obj.libclc.dir/nvptx64--nvidiacl/opencl/lib/generic/math/nan.cl.bc
[2364/5017] Generating obj.libclc.dir/nvptx64--nvidiacl/opencl/lib/generic/math/modf.cl.bc
[2365/5017] Generating obj.libclc.dir/nvptx64--nvidiacl/opencl/lib/generic/math/native_log.cl.bc
[2366/5017] Generating obj.libclc.dir/nvptx64--nvidiacl/opencl/lib/generic/math/native_log10.cl.bc
[2367/5017] Generating obj.libclc.dir/nvptx64--nvidiacl/opencl/lib/generic/math/native_exp2.cl.bc
[2368/5017] Generating obj.libclc.dir/nvptx64--nvidiacl/opencl/lib/generic/math/native_log2.cl.bc
[2369/5017] Generating obj.libclc.dir/nvptx64--nvidiacl/opencl/lib/generic/math/native_powr.cl.bc
[2370/5017] Generating obj.libclc.dir/nvptx64--nvidiacl/opencl/lib/generic/math/native_recip.cl.bc
[2371/5017] Generating obj.libclc.dir/nvptx64--nvidiacl/opencl/lib/generic/math/native_rsqrt.cl.bc
[2372/5017] Generating obj.libclc.dir/nvptx64--/convert.cl.bc
[2373/5017] Generating obj.libclc.dir/nvptx64--nvidiacl/opencl/lib/generic/math/native_sin.cl.bc
[2374/5017] Generating obj.libclc.dir/nvptx64--nvidiacl/opencl/lib/generic/math/nextafter.cl.bc
[2375/5017] Generating obj.libclc.dir/nvptx64--nvidiacl/opencl/lib/generic/math/pow.cl.bc
[2376/5017] Generating obj.libclc.dir/nvptx64--nvidiacl/opencl/lib/generic/math/native_sqrt.cl.bc
[2377/5017] Generating obj.libclc.dir/nvptx64--nvidiacl/opencl/lib/generic/math/remainder.cl.bc
[2378/5017] Generating obj.libclc.dir/nvptx64--nvidiacl/opencl/lib/generic/math/pown.cl.bc
[2379/5017] Generating obj.libclc.dir/nvptx64--nvidiacl/opencl/lib/generic/math/rint.cl.bc
[2380/5017] Generating obj.libclc.dir/nvptx64--nvidiacl/opencl/lib/generic/math/remquo.cl.bc
[2381/5017] Generating obj.libclc.dir/nvptx64--nvidiacl/opencl/lib/generic/math/powr.cl.bc
[2382/5017] Generating obj.libclc.dir/nvptx64--nvidiacl/opencl/lib/generic/math/native_tan.cl.bc
[2383/5017] Generating obj.libclc.dir/nvptx64--nvidiacl/opencl/lib/generic/math/rootn.cl.bc
[2384/5017] Generating obj.libclc.dir/nvptx64--nvidiacl/opencl/lib/generic/math/rsqrt.cl.bc
[2385/5017] Generating obj.libclc.dir/nvptx64--nvidiacl/opencl/lib/generic/math/round.cl.bc
[2386/5017] Generating obj.libclc.dir/nvptx64--nvidiacl/opencl/lib/generic/math/sinpi.cl.bc
[2387/5017] Generating obj.libclc.dir/nvptx64--nvidiacl/opencl/lib/generic/math/tgamma.cl.bc
[2388/5017] Generating obj.libclc.dir/nvptx64--nvidiacl/opencl/lib/generic/math/tan.cl.bc
[2389/5017] Generating obj.libclc.dir/nvptx64--nvidiacl/opencl/lib/generic/math/tanh.cl.bc
[2390/5017] Generating obj.libclc.dir/nvptx64--nvidiacl/opencl/lib/generic/math/sinh.cl.bc
[2391/5017] Generating obj.libclc.dir/nvptx64--nvidiacl/opencl/lib/generic/math/trunc.cl.bc
[2392/5017] Generating obj.libclc.dir/nvptx64--nvidiacl/opencl/lib/generic/math/sincos.cl.bc
[2393/5017] Generating obj.libclc.dir/nvptx64--nvidiacl/opencl/lib/generic/math/sin.cl.bc
[2394/5017] Generating obj.libclc.dir/nvptx64--nvidiacl/opencl/lib/generic/relational/all.cl.bc
[2395/5017] Generating obj.libclc.dir/nvptx64--nvidiacl/opencl/lib/generic/relational/isequal.cl.bc
[2396/5017] Generating obj.libclc.dir/nvptx64--nvidiacl/opencl/lib/generic/math/sqrt.cl.bc
[2397/5017] Generating obj.libclc.dir/nvptx64--nvidiacl/opencl/lib/generic/math/tanpi.cl.bc
[2398/5017] Generating obj.libclc.dir/nvptx64--nvidiacl/opencl/lib/generic/relational/isfinite.cl.bc
[2399/5017] Generating obj.libclc.dir/nvptx64--nvidiacl/opencl/lib/generic/relational/any.cl.bc
[2400/5017] Generating obj.libclc.dir/nvptx64--nvidiacl/opencl/lib/generic/relational/isgreater.cl.bc
[2401/5017] Generating obj.libclc.dir/nvptx64--nvidiacl/opencl/lib/generic/relational/isinf.cl.bc
[2402/5017] Generating obj.libclc.dir/nvptx64--nvidiacl/opencl/lib/generic/relational/isnan.cl.bc
[2403/5017] Generating obj.libclc.dir/nvptx64--nvidiacl/opencl/lib/generic/relational/isnormal.cl.bc
[2404/5017] Generating obj.libclc.dir/nvptx64--nvidiacl/opencl/lib/generic/relational/isgreaterequal.cl.bc
[2405/5017] Generating obj.libclc.dir/nvptx64--nvidiacl/opencl/lib/generic/misc/shuffle.cl.bc
[2406/5017] Generating obj.libclc.dir/nvptx64--nvidiacl/opencl/lib/generic/relational/bitselect.cl.bc
[2407/5017] Generating obj.libclc.dir/nvptx64--nvidiacl/opencl/lib/generic/relational/islessequal.cl.bc
[2408/5017] Generating obj.libclc.dir/nvptx64--nvidiacl/opencl/lib/generic/relational/isordered.cl.bc
[2409/5017] Generating obj.libclc.dir/nvptx64--nvidiacl/opencl/lib/generic/relational/isless.cl.bc
[2410/5017] Generating obj.libclc.dir/nvptx64--nvidiacl/opencl/lib/generic/misc/shuffle2.cl.bc
[2411/5017] Generating obj.libclc.dir/nvptx64--nvidiacl/opencl/lib/generic/relational/islessgreater.cl.bc
[2412/5017] Generating obj.libclc.dir/nvptx64--nvidiacl/opencl/lib/generic/relational/isnotequal.cl.bc
[2413/5017] Generating obj.libclc.dir/nvptx64--nvidiacl/opencl/lib/generic/relational/isunordered.cl.bc
[2414/5017] Generating obj.libclc.dir/cedar-r600--/clc/lib/r600/math/clc_fmin.cl.bc
[2415/5017] Generating obj.libclc.dir/nvptx64--nvidiacl/opencl/lib/generic/shared/max.cl.bc
[2416/5017] Generating obj.libclc.dir/nvptx64--nvidiacl/opencl/lib/generic/relational/signbit.cl.bc
[2417/5017] Generating obj.libclc.dir/nvptx64--nvidiacl/opencl/lib/generic/workitem/get_global_size.cl.bc
[2418/5017] Generating obj.libclc.dir/nvptx64--nvidiacl/opencl/lib/generic/relational/select.cl.bc
[2419/5017] Generating obj.libclc.dir/cedar-r600--/clc/lib/r600/math/clc_fmax.cl.bc
[2420/5017] Generating obj.libclc.dir/nvptx64--nvidiacl/opencl/lib/generic/shared/min.cl.bc
[2421/5017] Generating obj.libclc.dir/cedar-r600--/clc/lib/amdgpu/math/clc_half_exp2.cl.bc
[2422/5017] Generating obj.libclc.dir/cedar-r600--/clc/lib/r600/math/clc_rsqrt_override.cl.bc
[2423/5017] Generating obj.libclc.dir/nvptx64--nvidiacl/opencl/lib/generic/shared/vload.cl.bc
[2424/5017] Generating obj.libclc.dir/cedar-r600--/clc/lib/amdgpu/math/clc_half_log.cl.bc
[2425/5017] Generating obj.libclc.dir/cedar-r600--/clc/lib/amdgpu/math/clc_half_exp.cl.bc
[2426/5017] Generating obj.libclc.dir/cedar-r600--/clc/lib/amdgpu/math/clc_half_log2.cl.bc
[2427/5017] Generating obj.libclc.dir/cedar-r600--/clc/lib/amdgpu/math/clc_half_exp10.cl.bc
[2428/5017] Generating obj.libclc.dir/cedar-r600--/clc/lib/amdgpu/math/clc_half_log10.cl.bc
[2429/5017] Generating obj.libclc.dir/cedar-r600--/clc/lib/r600/math/clc_native_rsqrt.cl.bc
[2430/5017] Generating obj.libclc.dir/cedar-r600--/clc/lib/amdgpu/math/clc_half_rsqrt.cl.bc
[2431/5017] Generating obj.libclc.dir/nvptx64--nvidiacl/opencl/lib/generic/shared/clamp.cl.bc
[2432/5017] Generating obj.libclc.dir/cedar-r600--/clc/lib/amdgpu/math/clc_half_recip.cl.bc
[2433/5017] Generating obj.libclc.dir/cedar-r600--/clc/lib/amdgpu/math/clc_half_sqrt.cl.bc
[2434/5017] Generating obj.libclc.dir/cedar-r600--/clc/lib/amdgpu/math/clc_native_exp2.cl.bc
[2435/5017] Generating obj.libclc.dir/cedar-r600--/clc/lib/amdgpu/math/clc_native_log10.cl.bc
[2436/5017] Generating obj.libclc.dir/cedar-r600--/clc/lib/amdgpu/math/clc_native_exp.cl.bc
[2437/5017] Generating obj.libclc.dir/cedar-r600--/clc/lib/amdgpu/math/clc_sqrt_fp64.cl.bc
[2438/5017] Generating obj.libclc.dir/cedar-r600--/clc/lib/generic/common/clc_radians.cl.bc
[2439/5017] Generating obj.libclc.dir/nvptx64--nvidiacl/opencl/lib/generic/shared/vstore.cl.bc
[2440/5017] Generating obj.libclc.dir/cedar-r600--/clc/lib/generic/async/clc_prefetch.cl.bc
[2441/5017] Generating obj.libclc.dir/cedar-r600--/clc/lib/generic/common/clc_degrees.cl.bc
[2442/5017] Generating obj.libclc.dir/cedar-r600--/clc/lib/generic/common/clc_smoothstep.cl.bc
[2443/5017] Generating obj.libclc.dir/cedar-r600--/clc/lib/generic/common/clc_step.cl.bc
[2444/5017] Generating obj.libclc.dir/cedar-r600--/clc/lib/generic/common/clc_sign.cl.bc
[2445/5017] Generating obj.libclc.dir/cedar-r600--/clc/lib/generic/geometric/clc_cross.cl.bc
[2446/5017] Generating obj.libclc.dir/cedar-r600--/clc/lib/generic/geometric/clc_distance.cl.bc
[2447/5017] Generating obj.libclc.dir/cedar-r600--/clc/lib/generic/geometric/clc_dot.cl.bc
[2448/5017] Generating obj.libclc.dir/cedar-r600--/clc/lib/generic/geometric/clc_fast_distance.cl.bc
[2449/5017] Generating obj.libclc.dir/cedar-r600--/clc/lib/generic/geometric/clc_length.cl.bc
[2450/5017] Generating obj.libclc.dir/cedar-r600--/clc/lib/generic/geometric/clc_fast_length.cl.bc
[2451/5017] Generating obj.libclc.dir/cedar-r600--/clc/lib/generic/geometric/clc_fast_normalize.cl.bc
[2452/5017] Generating obj.libclc.dir/cedar-r600--/clc/lib/generic/integer/clc_add_sat.cl.bc
[2453/5017] Generating obj.libclc.dir/cedar-r600--/clc/lib/generic/integer/clc_abs.cl.bc
[2454/5017] Generating obj.libclc.dir/cedar-r600--/clc/lib/generic/integer/clc_mad24.cl.bc
[2455/5017] Generating obj.libclc.dir/cedar-r600--/clc/lib/generic/integer/clc_hadd.cl.bc
[2456/5017] Generating obj.libclc.dir/cedar-r600--/clc/lib/generic/integer/clc_mul24.cl.bc
[2457/5017] Generating obj.libclc.dir/cedar-r600--/clc/lib/generic/integer/clc_abs_diff.cl.bc
[2458/5017] Generating obj.libclc.dir/cedar-r600--/clc/lib/generic/integer/clc_clz.cl.bc
[2459/5017] Generating obj.libclc.dir/cedar-r600--/clc/lib/generic/integer/clc_ctz.cl.bc
[2460/5017] Generating obj.libclc.dir/cedar-r600--/clc/lib/generic/integer/clc_sub_sat.cl.bc
[2461/5017] Generating obj.libclc.dir/cedar-r600--/clc/lib/generic/integer/clc_popcount.cl.bc
[2462/5017] Generating obj.libclc.dir/cedar-r600--/clc/lib/generic/integer/clc_mul_hi.cl.bc
[2463/5017] Generating obj.libclc.dir/cedar-r600--/clc/lib/generic/integer/clc_rotate.cl.bc
[2464/5017] Generating obj.libclc.dir/cedar-r600--/clc/lib/generic/geometric/clc_normalize.cl.bc
[2465/5017] Generating obj.libclc.dir/cedar-r600--/clc/lib/generic/integer/clc_rhadd.cl.bc
[2466/5017] Generating obj.libclc.dir/cedar-r600--/clc/lib/generic/integer/clc_mad_sat.cl.bc
[2467/5017] Generating obj.libclc.dir/cedar-r600--/clc/lib/generic/math/clc_acosh.cl.bc
[2468/5017] Generating obj.libclc.dir/cedar-r600--/clc/lib/generic/math/clc_acospi.cl.bc
[2469/5017] Generating obj.libclc.dir/cedar-r600--/clc/lib/generic/math/clc_acos.cl.bc
[2470/5017] Generating obj.libclc.dir/cedar-r600--/clc/lib/generic/integer/clc_upsample.cl.bc
[2471/5017] Generating obj.libclc.dir/cedar-r600--/clc/lib/generic/math/clc_asinpi.cl.bc
[2472/5017] Generating obj.libclc.dir/cedar-r600--/clc/lib/generic/math/clc_atanh.cl.bc
[2473/5017] Generating obj.libclc.dir/cedar-r600--/clc/lib/generic/math/clc_atan2pi.cl.bc
[2474/5017] Generating obj.libclc.dir/cedar-r600--/clc/lib/generic/math/clc_asin.cl.bc
[2475/5017] Generating obj.libclc.dir/cedar-r600--/clc/lib/generic/math/clc_copysign.cl.bc
[2476/5017] Generating obj.libclc.dir/cedar-r600--/clc/lib/generic/math/clc_atan.cl.bc
[2477/5017] Generating obj.libclc.dir/cedar-r600--/clc/lib/generic/math/clc_atanpi.cl.bc
[2478/5017] Generating obj.libclc.dir/cedar-r600--/clc/lib/generic/math/clc_ceil.cl.bc
[2479/5017] Generating obj.libclc.dir/cedar-r600--/clc/lib/generic/math/clc_ep_log.cl.bc
[2480/5017] Generating obj.libclc.dir/cedar-r600--/clc/lib/generic/math/clc_atan2.cl.bc
[2481/5017] Generating obj.libclc.dir/cedar-r600--/clc/lib/generic/math/clc_asinh.cl.bc
[2482/5017] Generating obj.libclc.dir/cedar-r600--/clc/lib/generic/math/clc_erf.cl.bc
[2483/5017] Generating obj.libclc.dir/cedar-r600--/clc/lib/generic/math/clc_erfc.cl.bc
[2484/5017] Generating obj.libclc.dir/cedar-r600--/clc/lib/generic/math/clc_cbrt.cl.bc
[2485/5017] Generating obj.libclc.dir/nvptx64--nvidiacl/convert.cl.bc
[2486/5017] Generating obj.libclc.dir/cedar-r600--/clc/lib/generic/math/clc_exp2.cl.bc
[2487/5017] Generating obj.libclc.dir/cedar-r600--/clc/lib/generic/math/clc_exp10.cl.bc
[2488/5017] Generating obj.libclc.dir/cedar-r600--/clc/lib/generic/math/clc_fma.cl.bc
[2489/5017] Generating obj.libclc.dir/cedar-r600--/clc/lib/generic/math/clc_exp.cl.bc
[2490/5017] Generating obj.libclc.dir/cedar-r600--/clc/lib/generic/math/clc_fabs.cl.bc
[2491/5017] Generating obj.libclc.dir/cedar-r600--/clc/lib/generic/math/clc_floor.cl.bc
[2492/5017] Generating obj.libclc.dir/cedar-r600--/clc/lib/generic/math/clc_fract.cl.bc
[2493/5017] Generating obj.libclc.dir/cedar-r600--/clc/lib/generic/math/clc_cospi.cl.bc
[2494/5017] Generating obj.libclc.dir/cedar-r600--/clc/lib/generic/math/clc_half_cos.cl.bc
[2495/5017] Generating obj.libclc.dir/cedar-r600--/clc/lib/generic/math/clc_half_powr.cl.bc
[2496/5017] Generating obj.libclc.dir/cedar-r600--/clc/lib/generic/math/clc_cos.cl.bc
[2497/5017] Generating obj.libclc.dir/cedar-r600--/clc/lib/generic/math/clc_half_divide.cl.bc
[2498/5017] Generating obj.libclc.dir/cedar-r600--/clc/lib/generic/math/clc_half_sin.cl.bc
[2499/5017] Generating obj.libclc.dir/cedar-r600--/clc/lib/generic/math/clc_cosh.cl.bc
[2500/5017] Generating obj.libclc.dir/cedar-r600--/clc/lib/generic/math/clc_exp_helper.cl.bc
[2501/5017] Generating obj.libclc.dir/cedar-r600--/clc/lib/generic/math/clc_half_tan.cl.bc
[2502/5017] Generating obj.libclc.dir/cedar-r600--/clc/lib/generic/math/clc_lgamma.cl.bc
[2503/5017] Generating obj.libclc.dir/cedar-r600--/clc/lib/generic/math/clc_fdim.cl.bc
[2504/5017] Generating obj.libclc.dir/cedar-r600--/clc/lib/generic/math/clc_log.cl.bc
[2505/5017] Generating obj.libclc.dir/cedar-r600--/clc/lib/generic/math/clc_expm1.cl.bc
[2506/5017] Generating obj.libclc.dir/cedar-r600--/clc/lib/generic/math/clc_log10.cl.bc
[2507/5017] Generating obj.libclc.dir/cedar-r600--/clc/lib/generic/math/clc_fmod.cl.bc
[2508/5017] Generating obj.libclc.dir/cedar-r600--/clc/lib/generic/math/clc_frexp.cl.bc
[2509/5017] Generating obj.libclc.dir/cedar-r600--/clc/lib/generic/math/clc_ldexp.cl.bc
[2510/5017] Generating obj.libclc.dir/cedar-r600--/clc/lib/generic/math/clc_modf.cl.bc
[2511/5017] Generating obj.libclc.dir/cedar-r600--/clc/lib/generic/math/clc_mad.cl.bc
[2512/5017] Generating obj.libclc.dir/cedar-r600--/clc/lib/generic/math/clc_nan.cl.bc
[2513/5017] Generating obj.libclc.dir/cedar-r600--/clc/lib/generic/math/clc_ilogb.cl.bc
[2514/5017] Generating obj.libclc.dir/cedar-r600--/clc/lib/generic/math/clc_log2.cl.bc
[2515/5017] Generating obj.libclc.dir/cedar-r600--/clc/lib/generic/math/clc_native_log.cl.bc
[2516/5017] Generating obj.libclc.dir/cedar-r600--/clc/lib/generic/math/clc_native_divide.cl.bc
[2517/5017] Generating obj.libclc.dir/cedar-r600--/clc/lib/generic/math/clc_native_cos.cl.bc
[2518/5017] Generating obj.libclc.dir/cedar-r600--/clc/lib/generic/math/clc_maxmag.cl.bc
[2519/5017] Generating obj.libclc.dir/cedar-r600--/clc/lib/generic/math/clc_logb.cl.bc
[2520/5017] Generating obj.libclc.dir/cedar-r600--/clc/lib/generic/math/clc_native_powr.cl.bc
[2521/5017] Generating obj.libclc.dir/cedar-r600--/clc/lib/generic/math/clc_native_exp10.cl.bc
[2522/5017] Generating obj.libclc.dir/cedar-r600--/clc/lib/generic/math/clc_native_log2.cl.bc
[2523/5017] Generating obj.libclc.dir/cedar-r600--/clc/lib/generic/math/clc_native_recip.cl.bc
[2524/5017] Generating obj.libclc.dir/cedar-r600--/clc/lib/generic/math/clc_minmag.cl.bc
[2525/5017] Generating obj.libclc.dir/cedar-r600--/clc/lib/generic/math/clc_hypot.cl.bc
[2526/5017] Generating obj.libclc.dir/cedar-r600--/clc/lib/generic/math/clc_native_sin.cl.bc
[2527/5017] Generating obj.libclc.dir/cedar-r600--/clc/lib/generic/math/clc_nextafter.cl.bc
[2528/5017] Generating obj.libclc.dir/cedar-r600--/clc/lib/generic/math/clc_rint.cl.bc
[2529/5017] Generating obj.libclc.dir/cedar-r600--/clc/lib/generic/math/clc_native_sqrt.cl.bc
[2530/5017] Generating obj.libclc.dir/cedar-r600--/clc/lib/generic/math/clc_native_tan.cl.bc
[2531/5017] Generating obj.libclc.dir/cedar-r600--/clc/lib/generic/math/clc_log1p.cl.bc
[2532/5017] Generating obj.libclc.dir/cedar-r600--/clc/lib/generic/math/clc_round.cl.bc
[2533/5017] Generating obj.libclc.dir/cedar-r600--/clc/lib/generic/math/clc_rsqrt.cl.bc
[2534/5017] Generating obj.libclc.dir/cedar-r600--/clc/lib/generic/math/clc_sincos.cl.bc
[2535/5017] Generating obj.libclc.dir/cedar-r600--/clc/lib/generic/math/clc_remainder.cl.bc
[2536/5017] Generating obj.libclc.dir/cedar-r600--/clc/lib/generic/math/clc_pow.cl.bc
[2537/5017] Generating obj.libclc.dir/cedar-r600--/clc/lib/generic/math/clc_sqrt.cl.bc
[2538/5017] Generating obj.libclc.dir/cedar-r600--/clc/lib/generic/math/clc_rootn.cl.bc
[2539/5017] Generating obj.libclc.dir/cedar-r600--/clc/lib/generic/math/clc_powr.cl.bc
[2540/5017] Generating obj.libclc.dir/cedar-r600--/clc/lib/generic/math/clc_lgamma_r.cl.bc
[2541/5017] Generating obj.libclc.dir/cedar-r600--/clc/lib/generic/math/clc_tables.cl.bc
[2542/5017] Generating obj.libclc.dir/cedar-r600--/clc/lib/generic/math/clc_tgamma.cl.bc
[2543/5017] Generating obj.libclc.dir/cedar-r600--/clc/lib/generic/math/clc_trunc.cl.bc
[2544/5017] Generating obj.libclc.dir/cedar-r600--/clc/lib/generic/math/clc_sw_fma.cl.bc
[2545/5017] Generating obj.libclc.dir/cedar-r600--/clc/lib/generic/math/clc_tan.cl.bc
[2546/5017] Generating obj.libclc.dir/cedar-r600--/clc/lib/generic/math/clc_sin.cl.bc
[2547/5017] Generating obj.libclc.dir/cedar-r600--/clc/lib/generic/math/clc_pown.cl.bc
[2548/5017] Generating obj.libclc.dir/cedar-r600--/clc/lib/generic/relational/clc_all.cl.bc
[2549/5017] Generating obj.libclc.dir/cedar-r600--/clc/lib/generic/math/clc_remquo.cl.bc
[2550/5017] Generating obj.libclc.dir/cedar-r600--/clc/lib/generic/relational/clc_isequal.cl.bc
[2551/5017] Generating obj.libclc.dir/cedar-r600--/clc/lib/generic/relational/clc_isfinite.cl.bc
[2552/5017] Generating obj.libclc.dir/cedar-r600--/clc/lib/generic/relational/clc_any.cl.bc
[2553/5017] Generating obj.libclc.dir/cedar-r600--/clc/lib/generic/relational/clc_bitselect.cl.bc
[2554/5017] Generating obj.libclc.dir/cedar-r600--/clc/lib/generic/relational/clc_isgreater.cl.bc
[2555/5017] Generating obj.libclc.dir/cedar-r600--/clc/lib/generic/relational/clc_isgreaterequal.cl.bc
[2556/5017] Generating obj.libclc.dir/cedar-r600--/clc/lib/generic/math/clc_tanh.cl.bc
[2557/5017] Generating obj.libclc.dir/cedar-r600--/clc/lib/generic/math/clc_sinpi.cl.bc
[2558/5017] Generating obj.libclc.dir/cedar-r600--/clc/lib/generic/relational/clc_isless.cl.bc
[2559/5017] Generating obj.libclc.dir/cedar-r600--/clc/lib/generic/math/clc_tanpi.cl.bc
[2560/5017] Generating obj.libclc.dir/cedar-r600--/clc/lib/generic/relational/clc_isinf.cl.bc
[2561/5017] Generating obj.libclc.dir/cedar-r600--/clc/lib/generic/relational/clc_islessequal.cl.bc
[2562/5017] Generating obj.libclc.dir/cedar-r600--/clc/lib/generic/math/clc_sincos_helpers.cl.bc
[2563/5017] Generating obj.libclc.dir/cedar-r600--/clc/lib/generic/math/clc_sinh.cl.bc
[2564/5017] Generating obj.libclc.dir/cedar-r600--/clc/lib/generic/relational/clc_isnormal.cl.bc
[2565/5017] Generating obj.libclc.dir/cedar-r600--/clc/lib/generic/relational/clc_islessgreater.cl.bc
[2566/5017] Generating obj.libclc.dir/cedar-r600--/clc/lib/generic/relational/clc_isnan.cl.bc
[2567/5017] Generating obj.libclc.dir/cedar-r600--/clc/lib/generic/relational/clc_isordered.cl.bc
[2568/5017] Generating obj.libclc.dir/cedar-r600--/clc/lib/generic/relational/clc_isnotequal.cl.bc
[2569/5017] Generating obj.libclc.dir/cedar-r600--/clc/lib/generic/relational/clc_signbit.cl.bc
[2570/5017] Generating obj.libclc.dir/cedar-r600--/clc/lib/generic/relational/clc_isunordered.cl.bc
[2571/5017] Generating obj.libclc.dir/cedar-r600--/clc/lib/generic/shared/clc_max.cl.bc
[2572/5017] Generating obj.libclc.dir/cedar-r600--/clc/lib/generic/workitem/clc_get_local_linear_id.cl.bc
[2573/5017] Generating obj.libclc.dir/cedar-r600--/clc/lib/generic/relational/clc_select.cl.bc
[2574/5017] Generating obj.libclc.dir/cedar-r600--/clc-convert.cl.bc
[2575/5017] Generating obj.libclc.dir/cedar-r600--/opencl/lib/generic/subnormal_helper_func.ll.bc
[2576/5017] Generating obj.libclc.dir/cedar-r600--/opencl/lib/generic/subnormal_use_default.ll.bc
[2577/5017] Generating obj.libclc.dir/cedar-r600--/clc/lib/generic/workitem/clc_get_sub_group_size.cl.bc
[2578/5017] Generating obj.libclc.dir/cedar-r600--/clc/lib/generic/misc/clc_shuffle.cl.bc
[2579/5017] Generating obj.libclc.dir/cedar-r600--/clc/lib/generic/workitem/clc_get_num_sub_groups.cl.bc
[2580/5017] Generating obj.libclc.dir/cedar-r600--/clc/lib/generic/workitem/clc_get_sub_group_id.cl.bc
[2581/5017] Generating obj.libclc.dir/cedar-r600--/clc/lib/generic/shared/clc_clamp.cl.bc
[2582/5017] Generating obj.libclc.dir/cypress-r600--/clc/lib/r600/math/clc_rsqrt_override.cl.bc
[2583/5017] Generating obj.libclc.dir/cypress-r600--/clc/lib/r600/math/clc_native_rsqrt.cl.bc
[2584/5017] Generating obj.libclc.dir/cypress-r600--/clc/lib/r600/math/clc_fmax.cl.bc
[2585/5017] Generating obj.libclc.dir/cypress-r600--/clc/lib/r600/math/clc_fmin.cl.bc
[2586/5017] Generating obj.libclc.dir/cedar-r600--/clc/lib/generic/shared/clc_min.cl.bc
[2587/5017] Generating obj.libclc.dir/cypress-r600--/clc/lib/amdgpu/math/clc_half_exp10.cl.bc
[2588/5017] Generating obj.libclc.dir/cypress-r600--/clc/lib/amdgpu/math/clc_half_log.cl.bc
[2589/5017] Generating obj.libclc.dir/cypress-r600--/clc/lib/amdgpu/math/clc_half_log10.cl.bc
[2590/5017] Generating obj.libclc.dir/cypress-r600--/clc/lib/amdgpu/math/clc_half_recip.cl.bc
[2591/5017] Generating obj.libclc.dir/cypress-r600--/clc/lib/amdgpu/math/clc_half_exp.cl.bc
[2592/5017] Generating obj.libclc.dir/cypress-r600--/clc/lib/amdgpu/math/clc_half_log2.cl.bc
[2593/5017] Generating obj.libclc.dir/cypress-r600--/clc/lib/amdgpu/math/clc_half_exp2.cl.bc
[2594/5017] Generating obj.libclc.dir/cypress-r600--/clc/lib/amdgpu/math/clc_half_rsqrt.cl.bc
[2595/5017] Generating obj.libclc.dir/cypress-r600--/clc/lib/amdgpu/math/clc_native_exp.cl.bc
[2596/5017] Generating obj.libclc.dir/cypress-r600--/clc/lib/amdgpu/math/clc_native_log10.cl.bc
[2597/5017] Generating obj.libclc.dir/cypress-r600--/clc/lib/amdgpu/math/clc_native_exp2.cl.bc
[2598/5017] Generating obj.libclc.dir/cypress-r600--/clc/lib/amdgpu/math/clc_half_sqrt.cl.bc
[2599/5017] Generating obj.libclc.dir/cypress-r600--/clc/lib/amdgpu/math/clc_sqrt_fp64.cl.bc
[2600/5017] Generating obj.libclc.dir/cypress-r600--/clc/lib/generic/common/clc_sign.cl.bc
[2601/5017] Generating obj.libclc.dir/cypress-r600--/clc/lib/generic/common/clc_radians.cl.bc
[2602/5017] Generating obj.libclc.dir/cypress-r600--/clc/lib/generic/common/clc_smoothstep.cl.bc
[2603/5017] Generating obj.libclc.dir/cypress-r600--/clc/lib/generic/common/clc_step.cl.bc
[2604/5017] Generating obj.libclc.dir/cypress-r600--/clc/lib/generic/geometric/clc_cross.cl.bc
[2605/5017] Generating obj.libclc.dir/cypress-r600--/clc/lib/generic/common/clc_degrees.cl.bc
[2606/5017] Generating obj.libclc.dir/cedar-r600--/clc/lib/generic/shared/clc_vload.cl.bc
[2607/5017] Generating obj.libclc.dir/cypress-r600--/clc/lib/generic/async/clc_prefetch.cl.bc
[2608/5017] Generating obj.libclc.dir/cypress-r600--/clc/lib/generic/geometric/clc_distance.cl.bc
[2609/5017] Generating obj.libclc.dir/cypress-r600--/clc/lib/generic/geometric/clc_dot.cl.bc
[2610/5017] Generating obj.libclc.dir/cypress-r600--/clc/lib/generic/geometric/clc_length.cl.bc
[2611/5017] Generating obj.libclc.dir/cypress-r600--/clc/lib/generic/geometric/clc_fast_distance.cl.bc
[2612/5017] Generating obj.libclc.dir/cypress-r600--/clc/lib/generic/geometric/clc_fast_length.cl.bc
[2613/5017] Generating obj.libclc.dir/cypress-r600--/clc/lib/generic/geometric/clc_fast_normalize.cl.bc
[2614/5017] Generating obj.libclc.dir/cedar-r600--/clc/lib/generic/misc/clc_shuffle2.cl.bc
[2615/5017] Generating obj.libclc.dir/cypress-r600--/clc/lib/generic/integer/clc_hadd.cl.bc
[2616/5017] Generating obj.libclc.dir/cypress-r600--/clc/lib/generic/integer/clc_mul24.cl.bc
[2617/5017] Generating obj.libclc.dir/cypress-r600--/clc/lib/generic/integer/clc_abs.cl.bc
[2618/5017] Generating obj.libclc.dir/cypress-r600--/clc/lib/generic/integer/clc_ctz.cl.bc
[2619/5017] Generating obj.libclc.dir/cypress-r600--/clc/lib/generic/integer/clc_add_sat.cl.bc
[2620/5017] Generating obj.libclc.dir/cypress-r600--/clc/lib/generic/integer/clc_mad24.cl.bc
[2621/5017] Generating obj.libclc.dir/cypress-r600--/clc/lib/generic/integer/clc_abs_diff.cl.bc
[2622/5017] Generating obj.libclc.dir/cypress-r600--/clc/lib/generic/integer/clc_clz.cl.bc
[2623/5017] Generating obj.libclc.dir/cypress-r600--/clc/lib/generic/integer/clc_popcount.cl.bc
[2624/5017] Generating obj.libclc.dir/cypress-r600--/clc/lib/generic/geometric/clc_normalize.cl.bc
[2625/5017] Generating obj.libclc.dir/cypress-r600--/clc/lib/generic/integer/clc_sub_sat.cl.bc
[2626/5017] Generating obj.libclc.dir/cypress-r600--/clc/lib/generic/integer/clc_rotate.cl.bc
[2627/5017] Generating obj.libclc.dir/cypress-r600--/clc/lib/generic/integer/clc_rhadd.cl.bc
[2628/5017] Generating obj.libclc.dir/cypress-r600--/clc/lib/generic/integer/clc_mul_hi.cl.bc
[2629/5017] Generating obj.libclc.dir/cypress-r600--/clc/lib/generic/math/clc_acosh.cl.bc
[2630/5017] Generating obj.libclc.dir/cypress-r600--/clc/lib/generic/math/clc_acospi.cl.bc
[2631/5017] Generating obj.libclc.dir/cypress-r600--/clc/lib/generic/math/clc_asin.cl.bc
[2632/5017] Generating obj.libclc.dir/cypress-r600--/clc/lib/generic/math/clc_asinh.cl.bc
[2633/5017] Generating obj.libclc.dir/cypress-r600--/clc/lib/generic/integer/clc_upsample.cl.bc
[2634/5017] Generating obj.libclc.dir/cypress-r600--/clc/lib/generic/integer/clc_mad_sat.cl.bc
[2635/5017] Generating obj.libclc.dir/cypress-r600--/clc/lib/generic/math/clc_ceil.cl.bc
[2636/5017] Generating obj.libclc.dir/cypress-r600--/clc/lib/generic/math/clc_acos.cl.bc
[2637/5017] Generating obj.libclc.dir/cypress-r600--/clc/lib/generic/math/clc_atanh.cl.bc
[2638/5017] Generating obj.libclc.dir/cypress-r600--/clc/lib/generic/math/clc_atanpi.cl.bc
[2639/5017] Generating obj.libclc.dir/cypress-r600--/clc/lib/generic/math/clc_copysign.cl.bc
[2640/5017] Generating obj.libclc.dir/cypress-r600--/clc/lib/generic/math/clc_atan.cl.bc
[2641/5017] Generating obj.libclc.dir/cypress-r600--/clc/lib/generic/math/clc_atan2pi.cl.bc
[2642/5017] Generating obj.libclc.dir/cypress-r600--/clc/lib/generic/math/clc_ep_log.cl.bc
[2643/5017] Generating obj.libclc.dir/cypress-r600--/clc/lib/generic/math/clc_cbrt.cl.bc
[2644/5017] Generating obj.libclc.dir/cypress-r600--/clc/lib/generic/math/clc_asinpi.cl.bc
[2645/5017] Generating obj.libclc.dir/cypress-r600--/clc/lib/generic/math/clc_erf.cl.bc
[2646/5017] Generating obj.libclc.dir/cypress-r600--/clc/lib/generic/math/clc_erfc.cl.bc
[2647/5017] Generating obj.libclc.dir/cypress-r600--/clc/lib/generic/math/clc_atan2.cl.bc
[2648/5017] Generating obj.libclc.dir/cypress-r600--/clc/lib/generic/math/clc_cos.cl.bc
[2649/5017] Generating obj.libclc.dir/cypress-r600--/clc/lib/generic/math/clc_cospi.cl.bc
[2650/5017] Generating obj.libclc.dir/cypress-r600--/clc/lib/generic/math/clc_exp10.cl.bc
[2651/5017] Generating obj.libclc.dir/cypress-r600--/clc/lib/generic/math/clc_floor.cl.bc
[2652/5017] Generating obj.libclc.dir/cypress-r600--/clc/lib/generic/math/clc_fma.cl.bc
[2653/5017] Generating obj.libclc.dir/cypress-r600--/clc/lib/generic/math/clc_fabs.cl.bc
[2654/5017] Generating obj.libclc.dir/cypress-r600--/clc/lib/generic/math/clc_cosh.cl.bc
[2655/5017] Generating obj.libclc.dir/cypress-r600--/clc/lib/generic/math/clc_half_cos.cl.bc
[2656/5017] Generating obj.libclc.dir/cypress-r600--/clc/lib/generic/math/clc_expm1.cl.bc
[2657/5017] Generating obj.libclc.dir/cypress-r600--/clc/lib/generic/math/clc_exp.cl.bc
[2658/5017] Generating obj.libclc.dir/cypress-r600--/clc/lib/generic/math/clc_fract.cl.bc
[2659/5017] Generating obj.libclc.dir/cypress-r600--/clc/lib/generic/math/clc_half_divide.cl.bc
[2660/5017] Generating obj.libclc.dir/cypress-r600--/clc/lib/generic/math/clc_exp_helper.cl.bc
[2661/5017] Generating obj.libclc.dir/cypress-r600--/clc/lib/generic/math/clc_fdim.cl.bc
[2662/5017] Generating obj.libclc.dir/cypress-r600--/clc/lib/generic/math/clc_half_sin.cl.bc
[2663/5017] Generating obj.libclc.dir/cypress-r600--/clc/lib/generic/math/clc_half_tan.cl.bc
[2664/5017] Generating obj.libclc.dir/cypress-r600--/clc/lib/generic/math/clc_lgamma.cl.bc
[2665/5017] Generating obj.libclc.dir/cedar-r600--/clc/lib/generic/shared/clc_vstore.cl.bc
[2666/5017] Generating obj.libclc.dir/cypress-r600--/clc/lib/generic/math/clc_half_powr.cl.bc
[2667/5017] Generating obj.libclc.dir/cypress-r600--/clc/lib/generic/math/clc_log.cl.bc
[2668/5017] Generating obj.libclc.dir/cypress-r600--/clc/lib/generic/math/clc_exp2.cl.bc
[2669/5017] Generating obj.libclc.dir/cypress-r600--/clc/lib/generic/math/clc_log10.cl.bc
[2670/5017] Generating obj.libclc.dir/cypress-r600--/clc/lib/generic/math/clc_frexp.cl.bc
[2671/5017] Generating obj.libclc.dir/cypress-r600--/clc/lib/generic/math/clc_fmod.cl.bc
[2672/5017] Generating obj.libclc.dir/cypress-r600--/clc/lib/generic/math/clc_mad.cl.bc
[2673/5017] Generating obj.libclc.dir/cypress-r600--/clc/lib/generic/math/clc_modf.cl.bc
[2674/5017] Generating obj.libclc.dir/cypress-r600--/clc/lib/generic/math/clc_ldexp.cl.bc
[2675/5017] Generating obj.libclc.dir/cypress-r600--/clc/lib/generic/math/clc_log2.cl.bc
[2676/5017] Generating obj.libclc.dir/cypress-r600--/clc/lib/generic/math/clc_log1p.cl.bc
[2677/5017] Generating obj.libclc.dir/cypress-r600--/clc/lib/generic/math/clc_nan.cl.bc
[2678/5017] Generating obj.libclc.dir/cypress-r600--/clc/lib/generic/math/clc_native_cos.cl.bc
[2679/5017] Generating obj.libclc.dir/cypress-r600--/clc/lib/generic/math/clc_native_log.cl.bc
[2680/5017] Generating obj.libclc.dir/cypress-r600--/clc/lib/generic/math/clc_ilogb.cl.bc
[2681/5017] Generating obj.libclc.dir/cypress-r600--/clc/lib/generic/math/clc_maxmag.cl.bc
[2682/5017] Generating obj.libclc.dir/cypress-r600--/clc/lib/generic/math/clc_native_divide.cl.bc
[2683/5017] Generating obj.libclc.dir/cypress-r600--/clc/lib/generic/math/clc_native_exp10.cl.bc
[2684/5017] Generating obj.libclc.dir/cypress-r600--/clc/lib/generic/math/clc_native_log2.cl.bc
[2685/5017] Generating obj.libclc.dir/cypress-r600--/clc/lib/generic/math/clc_native_powr.cl.bc
[2686/5017] Generating obj.libclc.dir/cypress-r600--/clc/lib/generic/math/clc_minmag.cl.bc
[2687/5017] Generating obj.libclc.dir/cypress-r600--/clc/lib/generic/math/clc_native_sin.cl.bc
[2688/5017] Generating obj.libclc.dir/cypress-r600--/clc/lib/generic/math/clc_hypot.cl.bc
[2689/5017] Generating obj.libclc.dir/cypress-r600--/clc/lib/generic/math/clc_logb.cl.bc
[2690/5017] Generating obj.libclc.dir/cypress-r600--/clc/lib/generic/math/clc_native_recip.cl.bc
[2691/5017] Generating obj.libclc.dir/cypress-r600--/clc/lib/generic/math/clc_native_tan.cl.bc
[2692/5017] Generating obj.libclc.dir/cypress-r600--/clc/lib/generic/math/clc_native_sqrt.cl.bc
[2693/5017] Generating obj.libclc.dir/cypress-r600--/clc/lib/generic/math/clc_nextafter.cl.bc
[2694/5017] Generating obj.libclc.dir/cypress-r600--/clc/lib/generic/math/clc_lgamma_r.cl.bc
[2695/5017] Generating obj.libclc.dir/cypress-r600--/clc/lib/generic/math/clc_rint.cl.bc
[2696/5017] Generating obj.libclc.dir/cypress-r600--/clc/lib/generic/math/clc_round.cl.bc
[2697/5017] Generating obj.libclc.dir/cypress-r600--/clc/lib/generic/math/clc_rsqrt.cl.bc
[2698/5017] Generating obj.libclc.dir/cypress-r600--/clc/lib/generic/math/clc_sincos.cl.bc
[2699/5017] Generating obj.libclc.dir/cypress-r600--/clc/lib/generic/math/clc_sqrt.cl.bc
[2700/5017] Generating obj.libclc.dir/cypress-r600--/clc/lib/generic/math/clc_powr.cl.bc
[2701/5017] Generating obj.libclc.dir/cypress-r600--/clc/lib/generic/math/clc_pow.cl.bc
[2702/5017] Generating obj.libclc.dir/cypress-r600--/clc/lib/generic/math/clc_remainder.cl.bc
[2703/5017] Generating obj.libclc.dir/cypress-r600--/clc/lib/generic/math/clc_tables.cl.bc
[2704/5017] Generating obj.libclc.dir/cypress-r600--/clc/lib/generic/math/clc_pown.cl.bc
[2705/5017] Generating obj.libclc.dir/cypress-r600--/clc/lib/generic/math/clc_sin.cl.bc
[2706/5017] Generating obj.libclc.dir/cypress-r600--/clc/lib/generic/math/clc_sw_fma.cl.bc
[2707/5017] Generating obj.libclc.dir/cypress-r600--/clc/lib/generic/math/clc_rootn.cl.bc
[2708/5017] Generating obj.libclc.dir/cypress-r600--/clc/lib/generic/math/clc_tan.cl.bc
[2709/5017] Generating obj.libclc.dir/cypress-r600--/clc/lib/generic/math/clc_sincos_helpers.cl.bc
[2710/5017] Generating obj.libclc.dir/cypress-r600--/clc/lib/generic/math/clc_trunc.cl.bc
[2711/5017] Generating obj.libclc.dir/cypress-r600--/clc/lib/generic/math/clc_tgamma.cl.bc
[2712/5017] Generating obj.libclc.dir/cypress-r600--/clc/lib/generic/relational/clc_all.cl.bc
[2713/5017] Generating obj.libclc.dir/cypress-r600--/clc/lib/generic/math/clc_sinh.cl.bc
[2714/5017] Generating obj.libclc.dir/cypress-r600--/clc/lib/generic/math/clc_tanpi.cl.bc
[2715/5017] Generating obj.libclc.dir/cypress-r600--/clc/lib/generic/relational/clc_isequal.cl.bc
[2716/5017] Generating obj.libclc.dir/cypress-r600--/clc/lib/generic/relational/clc_isfinite.cl.bc
[2717/5017] Generating obj.libclc.dir/cypress-r600--/clc/lib/generic/relational/clc_bitselect.cl.bc
[2718/5017] Generating obj.libclc.dir/cypress-r600--/clc/lib/generic/relational/clc_any.cl.bc
[2719/5017] Generating obj.libclc.dir/cypress-r600--/clc/lib/generic/relational/clc_isgreater.cl.bc
[2720/5017] Generating obj.libclc.dir/cypress-r600--/clc/lib/generic/math/clc_sinpi.cl.bc
[2721/5017] Generating obj.libclc.dir/cypress-r600--/clc/lib/generic/math/clc_tanh.cl.bc
[2722/5017] Generating obj.libclc.dir/cypress-r600--/clc/lib/generic/relational/clc_isgreaterequal.cl.bc
[2723/5017] Generating obj.libclc.dir/cypress-r600--/clc/lib/generic/relational/clc_isless.cl.bc
[2724/5017] Generating obj.libclc.dir/cypress-r600--/clc/lib/generic/relational/clc_islessequal.cl.bc
[2725/5017] Generating obj.libclc.dir/cypress-r600--/clc/lib/generic/relational/clc_isinf.cl.bc
[2726/5017] Generating obj.libclc.dir/cypress-r600--/clc/lib/generic/relational/clc_isnormal.cl.bc
[2727/5017] Generating obj.libclc.dir/cypress-r600--/clc/lib/generic/relational/clc_isordered.cl.bc
[2728/5017] Generating obj.libclc.dir/cypress-r600--/clc/lib/generic/relational/clc_islessgreater.cl.bc
[2729/5017] Generating obj.libclc.dir/cypress-r600--/clc/lib/generic/relational/clc_isunordered.cl.bc
[2730/5017] Generating obj.libclc.dir/cypress-r600--/clc/lib/generic/relational/clc_isnotequal.cl.bc
[2731/5017] Generating obj.libclc.dir/cypress-r600--/clc/lib/generic/relational/clc_isnan.cl.bc
[2732/5017] Generating obj.libclc.dir/cypress-r600--/clc/lib/generic/relational/clc_signbit.cl.bc
[2733/5017] Generating obj.libclc.dir/cypress-r600--/clc/lib/generic/workitem/clc_get_num_sub_groups.cl.bc
[2734/5017] Generating obj.libclc.dir/cypress-r600--/clc/lib/generic/shared/clc_clamp.cl.bc
[2735/5017] Generating obj.libclc.dir/cypress-r600--/clc/lib/generic/math/clc_remquo.cl.bc
[2736/5017] Generating obj.libclc.dir/cypress-r600--/clc/lib/generic/shared/clc_max.cl.bc
[2737/5017] Generating obj.libclc.dir/cypress-r600--/clc/lib/generic/workitem/clc_get_sub_group_id.cl.bc
[2738/5017] Generating obj.libclc.dir/cypress-r600--/clc/lib/generic/workitem/clc_get_local_linear_id.cl.bc
[2739/5017] Generating obj.libclc.dir/cypress-r600--/opencl/lib/generic/subnormal_helper_func.ll.bc
[2740/5017] Generating obj.libclc.dir/cypress-r600--/opencl/lib/generic/subnormal_use_default.ll.bc
[2741/5017] Generating obj.libclc.dir/cypress-r600--/clc/lib/generic/workitem/clc_get_sub_group_size.cl.bc
[2742/5017] Generating obj.libclc.dir/cypress-r600--/clc/lib/generic/shared/clc_min.cl.bc
[2743/5017] Generating obj.libclc.dir/cypress-r600--/clc/lib/generic/misc/clc_shuffle.cl.bc
[2744/5017] Generating obj.libclc.dir/cypress-r600--/clc/lib/generic/relational/clc_select.cl.bc
[2745/5017] Generating obj.libclc.dir/barts-r600--/clc/lib/r600/math/clc_rsqrt_override.cl.bc
[2746/5017] Generating obj.libclc.dir/barts-r600--/clc/lib/r600/math/clc_fmax.cl.bc
[2747/5017] Generating obj.libclc.dir/barts-r600--/clc/lib/r600/math/clc_native_rsqrt.cl.bc
[2748/5017] Generating obj.libclc.dir/cypress-r600--/clc/lib/generic/shared/clc_vload.cl.bc
[2749/5017] Generating obj.libclc.dir/barts-r600--/clc/lib/amdgpu/math/clc_half_exp2.cl.bc
[2750/5017] Generating obj.libclc.dir/barts-r600--/clc/lib/r600/math/clc_fmin.cl.bc
[2751/5017] Generating obj.libclc.dir/barts-r600--/clc/lib/amdgpu/math/clc_half_exp.cl.bc
[2752/5017] Generating obj.libclc.dir/barts-r600--/clc/lib/amdgpu/math/clc_half_exp10.cl.bc
[2753/5017] Generating obj.libclc.dir/barts-r600--/clc/lib/amdgpu/math/clc_half_log10.cl.bc
[2754/5017] Generating obj.libclc.dir/barts-r600--/clc/lib/amdgpu/math/clc_half_recip.cl.bc
[2755/5017] Generating obj.libclc.dir/barts-r600--/clc/lib/amdgpu/math/clc_half_log2.cl.bc
[2756/5017] Generating obj.libclc.dir/barts-r600--/clc/lib/amdgpu/math/clc_native_exp2.cl.bc
[2757/5017] Generating obj.libclc.dir/barts-r600--/clc/lib/amdgpu/math/clc_native_exp.cl.bc
[2758/5017] Generating obj.libclc.dir/barts-r600--/clc/lib/amdgpu/math/clc_half_sqrt.cl.bc
[2759/5017] Generating obj.libclc.dir/barts-r600--/clc/lib/amdgpu/math/clc_half_rsqrt.cl.bc
[2760/5017] Generating obj.libclc.dir/barts-r600--/clc/lib/amdgpu/math/clc_half_log.cl.bc
[2761/5017] Generating obj.libclc.dir/barts-r600--/clc/lib/amdgpu/math/clc_sqrt_fp64.cl.bc
[2762/5017] Generating obj.libclc.dir/barts-r600--/clc/lib/amdgpu/math/clc_native_log10.cl.bc
[2763/5017] Generating obj.libclc.dir/barts-r600--/clc/lib/generic/common/clc_degrees.cl.bc
[2764/5017] Generating obj.libclc.dir/barts-r600--/clc/lib/generic/common/clc_radians.cl.bc
[2765/5017] Generating obj.libclc.dir/barts-r600--/clc/lib/generic/geometric/clc_cross.cl.bc
[2766/5017] Generating obj.libclc.dir/barts-r600--/clc/lib/generic/async/clc_prefetch.cl.bc
[2767/5017] Generating obj.libclc.dir/barts-r600--/clc/lib/generic/common/clc_step.cl.bc
[2768/5017] Generating obj.libclc.dir/barts-r600--/clc/lib/generic/geometric/clc_fast_distance.cl.bc
[2769/5017] Generating obj.libclc.dir/barts-r600--/clc/lib/generic/common/clc_smoothstep.cl.bc
[2770/5017] Generating obj.libclc.dir/barts-r600--/clc/lib/generic/geometric/clc_dot.cl.bc
[2771/5017] Generating obj.libclc.dir/barts-r600--/clc/lib/generic/geometric/clc_fast_length.cl.bc
[2772/5017] Generating obj.libclc.dir/barts-r600--/clc/lib/generic/common/clc_sign.cl.bc
[2773/5017] Generating obj.libclc.dir/barts-r600--/clc/lib/generic/geometric/clc_distance.cl.bc
[2774/5017] Generating obj.libclc.dir/barts-r600--/clc/lib/generic/geometric/clc_fast_normalize.cl.bc
[2775/5017] Generating obj.libclc.dir/barts-r600--/clc/lib/generic/geometric/clc_length.cl.bc
[2776/5017] Generating obj.libclc.dir/barts-r600--/clc/lib/generic/integer/clc_add_sat.cl.bc
[2777/5017] Generating obj.libclc.dir/barts-r600--/clc/lib/generic/integer/clc_abs_diff.cl.bc
[2778/5017] Generating obj.libclc.dir/barts-r600--/clc/lib/generic/integer/clc_abs.cl.bc
[2779/5017] Generating obj.libclc.dir/barts-r600--/clc/lib/generic/integer/clc_mul24.cl.bc
[2780/5017] Generating obj.libclc.dir/barts-r600--/clc/lib/generic/integer/clc_mad24.cl.bc
[2781/5017] Generating obj.libclc.dir/barts-r600--/clc/lib/generic/integer/clc_clz.cl.bc
[2782/5017] Generating obj.libclc.dir/barts-r600--/clc/lib/generic/integer/clc_hadd.cl.bc
[2783/5017] Generating obj.libclc.dir/barts-r600--/clc/lib/generic/integer/clc_ctz.cl.bc
[2784/5017] Generating obj.libclc.dir/barts-r600--/clc/lib/generic/geometric/clc_normalize.cl.bc
[2785/5017] Generating obj.libclc.dir/barts-r600--/clc/lib/generic/integer/clc_popcount.cl.bc
[2786/5017] Generating obj.libclc.dir/barts-r600--/clc/lib/generic/integer/clc_sub_sat.cl.bc
[2787/5017] Generating obj.libclc.dir/barts-r600--/clc/lib/generic/integer/clc_rhadd.cl.bc
[2788/5017] Generating obj.libclc.dir/barts-r600--/clc/lib/generic/integer/clc_rotate.cl.bc
[2789/5017] Generating obj.libclc.dir/barts-r600--/clc/lib/generic/integer/clc_mad_sat.cl.bc
[2790/5017] Generating obj.libclc.dir/cypress-r600--/clc/lib/generic/misc/clc_shuffle2.cl.bc
[2791/5017] Generating obj.libclc.dir/barts-r600--/clc/lib/generic/math/clc_acosh.cl.bc
[2792/5017] Generating obj.libclc.dir/barts-r600--/clc/lib/generic/math/clc_acos.cl.bc
[2793/5017] Generating obj.libclc.dir/barts-r600--/clc/lib/generic/integer/clc_mul_hi.cl.bc
[2794/5017] Generating obj.libclc.dir/barts-r600--/clc/lib/generic/math/clc_asinpi.cl.bc
[2795/5017] Generating obj.libclc.dir/barts-r600--/clc/lib/generic/integer/clc_upsample.cl.bc
[2796/5017] Generating obj.libclc.dir/barts-r600--/clc/lib/generic/math/clc_acospi.cl.bc
[2797/5017] Generating obj.libclc.dir/barts-r600--/clc/lib/generic/math/clc_asinh.cl.bc
[2798/5017] Generating obj.libclc.dir/barts-r600--/clc/lib/generic/math/clc_asin.cl.bc
[2799/5017] Generating obj.libclc.dir/barts-r600--/clc/lib/generic/math/clc_atan2pi.cl.bc
[2800/5017] Generating obj.libclc.dir/barts-r600--/clc/lib/generic/math/clc_ceil.cl.bc
[2801/5017] Generating obj.libclc.dir/barts-r600--/clc/lib/generic/math/clc_copysign.cl.bc
[2802/5017] Generating obj.libclc.dir/barts-r600--/clc/lib/generic/math/clc_atan.cl.bc
[2803/5017] Generating obj.libclc.dir/cypress-r600--/clc-convert.cl.bc
[2804/5017] Generating obj.libclc.dir/barts-r600--/clc/lib/generic/math/clc_ep_log.cl.bc
[2805/5017] Generating obj.libclc.dir/barts-r600--/clc/lib/generic/math/clc_atan2.cl.bc
[2806/5017] Generating obj.libclc.dir/barts-r600--/clc/lib/generic/math/clc_atanpi.cl.bc
[2807/5017] Generating obj.libclc.dir/cypress-r600--/clc/lib/generic/shared/clc_vstore.cl.bc
[2808/5017] Generating obj.libclc.dir/barts-r600--/clc/lib/generic/math/clc_atanh.cl.bc
[2809/5017] Generating obj.libclc.dir/barts-r600--/clc/lib/generic/math/clc_erf.cl.bc
[2810/5017] Generating obj.libclc.dir/barts-r600--/clc/lib/generic/math/clc_erfc.cl.bc
[2811/5017] Generating obj.libclc.dir/barts-r600--/clc/lib/generic/math/clc_cosh.cl.bc
[2812/5017] Generating obj.libclc.dir/barts-r600--/clc/lib/generic/math/clc_cos.cl.bc
[2813/5017] Generating obj.libclc.dir/barts-r600--/clc/lib/generic/math/clc_fabs.cl.bc
[2814/5017] Generating obj.libclc.dir/barts-r600--/clc/lib/generic/math/clc_exp.cl.bc
[2815/5017] Generating obj.libclc.dir/barts-r600--/clc/lib/generic/math/clc_fma.cl.bc
[2816/5017] Generating obj.libclc.dir/barts-r600--/clc/lib/generic/math/clc_floor.cl.bc
[2817/5017] Generating obj.libclc.dir/barts-r600--/clc/lib/generic/math/clc_cbrt.cl.bc
[2818/5017] Generating obj.libclc.dir/barts-r600--/clc/lib/generic/math/clc_exp2.cl.bc
[2819/5017] Generating obj.libclc.dir/barts-r600--/clc/lib/generic/math/clc_fract.cl.bc
[2820/5017] Generating obj.libclc.dir/barts-r600--/clc/lib/generic/math/clc_cospi.cl.bc
[2821/5017] Generating obj.libclc.dir/barts-r600--/clc/lib/generic/math/clc_half_cos.cl.bc
[2822/5017] Generating obj.libclc.dir/barts-r600--/clc/lib/generic/math/clc_half_sin.cl.bc
[2823/5017] Generating obj.libclc.dir/barts-r600--/clc/lib/generic/math/clc_half_powr.cl.bc
[2824/5017] Generating obj.libclc.dir/barts-r600--/clc/lib/generic/math/clc_half_divide.cl.bc
[2825/5017] Generating obj.libclc.dir/barts-r600--/clc/lib/generic/math/clc_exp10.cl.bc
[2826/5017] Generating obj.libclc.dir/barts-r600--/clc/lib/generic/math/clc_fdim.cl.bc
[2827/5017] Generating obj.libclc.dir/barts-r600--/clc/lib/generic/math/clc_exp_helper.cl.bc
[2828/5017] Generating obj.libclc.dir/barts-r600--/clc/lib/generic/math/clc_half_tan.cl.bc
[2829/5017] Generating obj.libclc.dir/barts-r600--/clc/lib/generic/math/clc_lgamma.cl.bc
[2830/5017] Generating obj.libclc.dir/barts-r600--/clc/lib/generic/math/clc_log.cl.bc
[2831/5017] Generating obj.libclc.dir/barts-r600--/clc/lib/generic/math/clc_log10.cl.bc
[2832/5017] Generating obj.libclc.dir/barts-r600--/clc/lib/generic/math/clc_expm1.cl.bc
[2833/5017] Generating obj.libclc.dir/barts-r600--/clc/lib/generic/math/clc_mad.cl.bc
[2834/5017] Generating obj.libclc.dir/barts-r600--/clc/lib/generic/math/clc_hypot.cl.bc
[2835/5017] Generating obj.libclc.dir/barts-r600--/clc/lib/generic/math/clc_frexp.cl.bc
[2836/5017] Generating obj.libclc.dir/barts-r600--/clc/lib/generic/math/clc_log2.cl.bc
[2837/5017] Generating obj.libclc.dir/barts-r600--/clc/lib/generic/math/clc_fmod.cl.bc
[2838/5017] Generating obj.libclc.dir/barts-r600--/clc/lib/generic/math/clc_ldexp.cl.bc
[2839/5017] Generating obj.libclc.dir/barts-r600--/clc/lib/generic/math/clc_modf.cl.bc
[2840/5017] Generating obj.libclc.dir/barts-r600--/clc/lib/generic/math/clc_native_cos.cl.bc
[2841/5017] Generating obj.libclc.dir/barts-r600--/clc/lib/generic/math/clc_native_divide.cl.bc
[2842/5017] Generating obj.libclc.dir/barts-r600--/clc/lib/generic/math/clc_nan.cl.bc
[2843/5017] Generating obj.libclc.dir/barts-r600--/clc/lib/generic/math/clc_native_exp10.cl.bc
[2844/5017] Generating obj.libclc.dir/barts-r600--/clc/lib/generic/math/clc_native_log.cl.bc
[2845/5017] Generating obj.libclc.dir/barts-r600--/clc/lib/generic/math/clc_logb.cl.bc
[2846/5017] Generating obj.libclc.dir/barts-r600--/clc/lib/generic/math/clc_ilogb.cl.bc
[2847/5017] Generating obj.libclc.dir/barts-r600--/clc/lib/generic/math/clc_minmag.cl.bc
[2848/5017] Generating obj.libclc.dir/barts-r600--/clc/lib/generic/math/clc_native_log2.cl.bc
[2849/5017] Generating obj.libclc.dir/barts-r600--/clc/lib/generic/math/clc_native_recip.cl.bc
[2850/5017] Generating obj.libclc.dir/barts-r600--/clc/lib/generic/math/clc_native_sin.cl.bc
[2851/5017] Generating obj.libclc.dir/barts-r600--/clc/lib/generic/math/clc_native_tan.cl.bc
[2852/5017] Generating obj.libclc.dir/barts-r600--/clc/lib/generic/math/clc_native_powr.cl.bc
[2853/5017] Generating obj.libclc.dir/barts-r600--/clc/lib/generic/math/clc_log1p.cl.bc
[2854/5017] Generating obj.libclc.dir/barts-r600--/clc/lib/generic/math/clc_native_sqrt.cl.bc
[2855/5017] Generating obj.libclc.dir/barts-r600--/clc/lib/generic/math/clc_maxmag.cl.bc
[2856/5017] Generating obj.libclc.dir/barts-r600--/clc/lib/generic/math/clc_nextafter.cl.bc
[2857/5017] Generating obj.libclc.dir/barts-r600--/clc/lib/generic/math/clc_round.cl.bc
[2858/5017] Generating obj.libclc.dir/barts-r600--/clc/lib/generic/math/clc_rint.cl.bc
[2859/5017] Generating obj.libclc.dir/barts-r600--/clc/lib/generic/math/clc_rsqrt.cl.bc
[2860/5017] Generating obj.libclc.dir/barts-r600--/clc/lib/generic/math/clc_sincos.cl.bc
[2861/5017] Generating obj.libclc.dir/barts-r600--/clc/lib/generic/math/clc_pown.cl.bc
[2862/5017] Generating obj.libclc.dir/barts-r600--/clc/lib/generic/math/clc_pow.cl.bc
[2863/5017] Generating obj.libclc.dir/barts-r600--/clc/lib/generic/math/clc_remainder.cl.bc
[2864/5017] Generating obj.libclc.dir/barts-r600--/clc/lib/generic/math/clc_lgamma_r.cl.bc
[2865/5017] Generating obj.libclc.dir/barts-r600--/clc/lib/generic/math/clc_sqrt.cl.bc
[2866/5017] Generating obj.libclc.dir/barts-r600--/clc/lib/generic/math/clc_tables.cl.bc
[2867/5017] Generating obj.libclc.dir/barts-r600--/clc/lib/generic/math/clc_sinh.cl.bc
[2868/5017] Generating obj.libclc.dir/barts-r600--/clc/lib/generic/math/clc_powr.cl.bc
[2869/5017] Generating obj.libclc.dir/barts-r600--/clc/lib/generic/math/clc_tgamma.cl.bc
[2870/5017] Generating obj.libclc.dir/barts-r600--/clc/lib/generic/math/clc_trunc.cl.bc
[2871/5017] Generating obj.libclc.dir/barts-r600--/clc/lib/generic/math/clc_tanh.cl.bc
[2872/5017] Generating obj.libclc.dir/barts-r600--/clc/lib/generic/math/clc_sw_fma.cl.bc
[2873/5017] Generating obj.libclc.dir/barts-r600--/clc-convert.cl.bc
[2874/5017] Generating obj.libclc.dir/barts-r600--/clc/lib/generic/relational/clc_all.cl.bc
[2875/5017] Generating obj.libclc.dir/barts-r600--/clc/lib/generic/relational/clc_any.cl.bc
[2876/5017] Generating obj.libclc.dir/barts-r600--/clc/lib/generic/math/clc_tanpi.cl.bc
[2877/5017] Generating obj.libclc.dir/barts-r600--/clc/lib/generic/relational/clc_isequal.cl.bc
[2878/5017] Generating obj.libclc.dir/barts-r600--/clc/lib/generic/relational/clc_isfinite.cl.bc
[2879/5017] Generating obj.libclc.dir/barts-r600--/clc/lib/generic/relational/clc_isgreater.cl.bc
[2880/5017] Generating obj.libclc.dir/barts-r600--/clc/lib/generic/math/clc_tan.cl.bc
[2881/5017] Generating obj.libclc.dir/barts-r600--/clc/lib/generic/math/clc_remquo.cl.bc
[2882/5017] Generating obj.libclc.dir/barts-r600--/clc/lib/generic/relational/clc_bitselect.cl.bc
[2883/5017] Generating obj.libclc.dir/barts-r600--/clc/lib/generic/relational/clc_isinf.cl.bc
[2884/5017] Generating obj.libclc.dir/barts-r600--/clc/lib/generic/relational/clc_isgreaterequal.cl.bc
[2885/5017] Generating obj.libclc.dir/barts-r600--/clc/lib/generic/relational/clc_isless.cl.bc
[2886/5017] Generating obj.libclc.dir/barts-r600--/clc/lib/generic/relational/clc_islessgreater.cl.bc
[2887/5017] Generating obj.libclc.dir/barts-r600--/clc/lib/generic/math/clc_rootn.cl.bc
[2888/5017] Generating obj.libclc.dir/barts-r600--/clc/lib/generic/math/clc_sinpi.cl.bc
[2889/5017] Generating obj.libclc.dir/barts-r600--/clc/lib/generic/relational/clc_islessequal.cl.bc
[2890/5017] Generating obj.libclc.dir/barts-r600--/clc/lib/generic/relational/clc_isnan.cl.bc
[2891/5017] Generating obj.libclc.dir/barts-r600--/clc/lib/generic/relational/clc_isnormal.cl.bc
[2892/5017] Generating obj.libclc.dir/barts-r600--/clc/lib/generic/math/clc_sin.cl.bc
[2893/5017] Generating obj.libclc.dir/barts-r600--/clc/lib/generic/relational/clc_isnotequal.cl.bc
[2894/5017] Generating obj.libclc.dir/barts-r600--/clc/lib/generic/relational/clc_isunordered.cl.bc
[2895/5017] Generating obj.libclc.dir/barts-r600--/clc/lib/generic/relational/clc_signbit.cl.bc
[2896/5017] Generating obj.libclc.dir/barts-r600--/clc/lib/generic/relational/clc_isordered.cl.bc
[2897/5017] Generating obj.libclc.dir/barts-r600--/clc/lib/generic/workitem/clc_get_num_sub_groups.cl.bc
[2898/5017] Generating obj.libclc.dir/barts-r600--/clc/lib/generic/shared/clc_max.cl.bc
[2899/5017] Generating obj.libclc.dir/barts-r600--/clc/lib/generic/workitem/clc_get_local_linear_id.cl.bc
[2900/5017] Generating obj.libclc.dir/barts-r600--/clc/lib/generic/shared/clc_min.cl.bc
[2901/5017] Generating obj.libclc.dir/barts-r600--/opencl/lib/generic/subnormal_use_default.ll.bc
[2902/5017] Generating obj.libclc.dir/barts-r600--/clc/lib/generic/shared/clc_clamp.cl.bc
[2903/5017] Generating obj.libclc.dir/barts-r600--/opencl/lib/generic/subnormal_helper_func.ll.bc
[2904/5017] Generating obj.libclc.dir/barts-r600--/clc/lib/generic/workitem/clc_get_sub_group_size.cl.bc
[2905/5017] Generating obj.libclc.dir/barts-r600--/clc/lib/generic/relational/clc_select.cl.bc
[2906/5017] Generating obj.libclc.dir/barts-r600--/clc/lib/generic/workitem/clc_get_sub_group_id.cl.bc
[2907/5017] Generating obj.libclc.dir/cayman-r600--/clc/lib/r600/math/clc_fmax.cl.bc
[2908/5017] Generating obj.libclc.dir/barts-r600--/clc/lib/generic/misc/clc_shuffle.cl.bc
[2909/5017] Generating obj.libclc.dir/cayman-r600--/clc/lib/r600/math/clc_rsqrt_override.cl.bc
[2910/5017] Generating obj.libclc.dir/cayman-r600--/clc/lib/r600/math/clc_fmin.cl.bc
[2911/5017] Generating obj.libclc.dir/cayman-r600--/clc/lib/r600/math/clc_native_rsqrt.cl.bc
[2912/5017] Generating obj.libclc.dir/cayman-r600--/clc/lib/amdgpu/math/clc_half_exp10.cl.bc
[2913/5017] Generating obj.libclc.dir/cayman-r600--/clc/lib/amdgpu/math/clc_half_log2.cl.bc
[2914/5017] Generating obj.libclc.dir/cayman-r600--/clc/lib/amdgpu/math/clc_half_exp2.cl.bc
[2915/5017] Generating obj.libclc.dir/cayman-r600--/clc/lib/amdgpu/math/clc_half_log10.cl.bc
[2916/5017] Generating obj.libclc.dir/cayman-r600--/clc/lib/amdgpu/math/clc_half_exp.cl.bc
[2917/5017] Generating obj.libclc.dir/cayman-r600--/clc/lib/amdgpu/math/clc_half_log.cl.bc
[2918/5017] Generating obj.libclc.dir/cayman-r600--/clc/lib/amdgpu/math/clc_half_recip.cl.bc
[2919/5017] Generating obj.libclc.dir/cayman-r600--/clc/lib/amdgpu/math/clc_half_rsqrt.cl.bc
[2920/5017] Generating obj.libclc.dir/cayman-r600--/clc/lib/amdgpu/math/clc_native_exp.cl.bc
[2921/5017] Generating obj.libclc.dir/cayman-r600--/clc/lib/amdgpu/math/clc_native_log10.cl.bc
[2922/5017] Generating obj.libclc.dir/cayman-r600--/clc/lib/amdgpu/math/clc_half_sqrt.cl.bc
[2923/5017] Generating obj.libclc.dir/cayman-r600--/clc/lib/amdgpu/math/clc_native_exp2.cl.bc
[2924/5017] Generating obj.libclc.dir/cayman-r600--/clc/lib/amdgpu/math/clc_sqrt_fp64.cl.bc
[2925/5017] Generating obj.libclc.dir/barts-r600--/clc/lib/generic/math/clc_sincos_helpers.cl.bc
[2926/5017] Generating obj.libclc.dir/cayman-r600--/clc/lib/generic/common/clc_degrees.cl.bc
[2927/5017] Generating obj.libclc.dir/cayman-r600--/clc/lib/generic/common/clc_radians.cl.bc
[2928/5017] Generating obj.libclc.dir/barts-r600--/clc/lib/generic/shared/clc_vload.cl.bc
[2929/5017] Generating obj.libclc.dir/cayman-r600--/clc/lib/generic/common/clc_sign.cl.bc
[2930/5017] Generating obj.libclc.dir/cayman-r600--/clc/lib/generic/geometric/clc_fast_distance.cl.bc
[2931/5017] Generating obj.libclc.dir/cayman-r600--/clc/lib/generic/geometric/clc_dot.cl.bc
[2932/5017] Generating obj.libclc.dir/cayman-r600--/clc/lib/generic/common/clc_smoothstep.cl.bc
[2933/5017] Generating obj.libclc.dir/cayman-r600--/clc/lib/generic/geometric/clc_cross.cl.bc
[2934/5017] Generating obj.libclc.dir/cayman-r600--/clc/lib/generic/common/clc_step.cl.bc
[2935/5017] Generating obj.libclc.dir/cayman-r600--/clc/lib/generic/geometric/clc_distance.cl.bc
[2936/5017] Generating obj.libclc.dir/cayman-r600--/clc/lib/generic/async/clc_prefetch.cl.bc
[2937/5017] Generating obj.libclc.dir/cayman-r600--/clc/lib/generic/geometric/clc_length.cl.bc
[2938/5017] Generating obj.libclc.dir/cayman-r600--/clc/lib/generic/integer/clc_add_sat.cl.bc
[2939/5017] Generating obj.libclc.dir/cayman-r600--/clc/lib/generic/geometric/clc_fast_normalize.cl.bc
[2940/5017] Generating obj.libclc.dir/cayman-r600--/clc/lib/generic/integer/clc_abs.cl.bc
[2941/5017] Generating obj.libclc.dir/cayman-r600--/clc/lib/generic/geometric/clc_fast_length.cl.bc
[2942/5017] Generating obj.libclc.dir/cayman-r600--/clc/lib/generic/integer/clc_hadd.cl.bc
[2943/5017] Generating obj.libclc.dir/cayman-r600--/clc/lib/generic/integer/clc_mad24.cl.bc
[2944/5017] Generating obj.libclc.dir/cayman-r600--/clc/lib/generic/integer/clc_clz.cl.bc
[2945/5017] Generating obj.libclc.dir/cayman-r600--/clc/lib/generic/integer/clc_abs_diff.cl.bc
[2946/5017] Generating obj.libclc.dir/cayman-r600--/clc/lib/generic/integer/clc_mul24.cl.bc
[2947/5017] Generating obj.libclc.dir/cayman-r600--/clc/lib/generic/integer/clc_popcount.cl.bc
[2948/5017] Generating obj.libclc.dir/cayman-r600--/clc/lib/generic/geometric/clc_normalize.cl.bc
[2949/5017] Generating obj.libclc.dir/cayman-r600--/clc/lib/generic/integer/clc_ctz.cl.bc
[2950/5017] Generating obj.libclc.dir/cayman-r600--/clc/lib/generic/integer/clc_rhadd.cl.bc
[2951/5017] Generating obj.libclc.dir/cayman-r600--/clc/lib/generic/integer/clc_sub_sat.cl.bc
[2952/5017] Generating obj.libclc.dir/cayman-r600--/clc/lib/generic/integer/clc_rotate.cl.bc
[2953/5017] Generating obj.libclc.dir/cayman-r600--/clc/lib/generic/integer/clc_mul_hi.cl.bc
[2954/5017] Generating obj.libclc.dir/cayman-r600--/clc/lib/generic/math/clc_acosh.cl.bc
[2955/5017] Generating obj.libclc.dir/barts-r600--/clc/lib/generic/misc/clc_shuffle2.cl.bc
[2956/5017] Generating obj.libclc.dir/cayman-r600--/clc/lib/generic/integer/clc_mad_sat.cl.bc
[2957/5017] Generating obj.libclc.dir/cayman-r600--/clc/lib/generic/integer/clc_upsample.cl.bc
[2958/5017] Generating obj.libclc.dir/cayman-r600--/clc/lib/generic/math/clc_acos.cl.bc
[2959/5017] Generating obj.libclc.dir/cayman-r600--/clc/lib/generic/math/clc_acospi.cl.bc
[2960/5017] Generating obj.libclc.dir/cayman-r600--/clc/lib/generic/math/clc_asin.cl.bc
[2961/5017] Generating obj.libclc.dir/cayman-r600--/clc/lib/generic/math/clc_asinpi.cl.bc
[2962/5017] Generating obj.libclc.dir/cayman-r600--/clc/lib/generic/math/clc_ceil.cl.bc
[2963/5017] Generating obj.libclc.dir/cayman-r600--/clc/lib/generic/math/clc_atan2.cl.bc
[2964/5017] Generating obj.libclc.dir/cayman-r600--/clc/lib/generic/math/clc_asinh.cl.bc
[2965/5017] Generating obj.libclc.dir/cayman-r600--/clc/lib/generic/math/clc_copysign.cl.bc
[2966/5017] Generating obj.libclc.dir/cayman-r600--/clc/lib/generic/math/clc_atan.cl.bc
[2967/5017] Generating obj.libclc.dir/cayman-r600--/clc/lib/generic/math/clc_ep_log.cl.bc
[2968/5017] Generating obj.libclc.dir/cayman-r600--/clc/lib/generic/math/clc_atanh.cl.bc
[2969/5017] Generating obj.libclc.dir/cayman-r600--/clc/lib/generic/math/clc_erfc.cl.bc
[2970/5017] Generating obj.libclc.dir/cayman-r600--/clc/lib/generic/math/clc_atan2pi.cl.bc
[2971/5017] Generating obj.libclc.dir/barts-r600--/clc/lib/generic/shared/clc_vstore.cl.bc
[2972/5017] Generating obj.libclc.dir/cayman-r600--/clc/lib/generic/math/clc_atanpi.cl.bc
[2973/5017] Generating obj.libclc.dir/cayman-r600--/clc/lib/generic/math/clc_erf.cl.bc
[2974/5017] Generating obj.libclc.dir/cayman-r600--/clc/lib/generic/math/clc_cos.cl.bc
[2975/5017] Generating obj.libclc.dir/cayman-r600--/clc/lib/generic/math/clc_cbrt.cl.bc
[2976/5017] Generating obj.libclc.dir/cayman-r600--/clc/lib/generic/math/clc_fabs.cl.bc
[2977/5017] Generating obj.libclc.dir/cayman-r600--/clc/lib/generic/math/clc_cosh.cl.bc
[2978/5017] Generating obj.libclc.dir/cayman-r600--/clc/lib/generic/math/clc_cospi.cl.bc
[2979/5017] Generating obj.libclc.dir/cayman-r600--/clc/lib/generic/math/clc_fma.cl.bc
[2980/5017] Generating obj.libclc.dir/cayman-r600--/clc/lib/generic/math/clc_exp2.cl.bc
[2981/5017] Generating obj.libclc.dir/cayman-r600--/clc/lib/generic/math/clc_floor.cl.bc
[2982/5017] Generating obj.libclc.dir/cayman-r600--/clc/lib/generic/math/clc_exp10.cl.bc
[2983/5017] Generating obj.libclc.dir/cayman-r600--/clc/lib/generic/math/clc_fract.cl.bc
[2984/5017] Generating obj.libclc.dir/cayman-r600--/clc/lib/generic/math/clc_half_cos.cl.bc
[2985/5017] Generating obj.libclc.dir/cayman-r600--/clc/lib/generic/math/clc_exp.cl.bc
[2986/5017] Generating obj.libclc.dir/cayman-r600--/clc/lib/generic/math/clc_half_divide.cl.bc
[2987/5017] Generating obj.libclc.dir/cayman-r600--/clc/lib/generic/math/clc_expm1.cl.bc
[2988/5017] Generating obj.libclc.dir/cayman-r600--/clc/lib/generic/math/clc_half_tan.cl.bc
[2989/5017] Generating obj.libclc.dir/cayman-r600--/clc/lib/generic/math/clc_half_sin.cl.bc
[2990/5017] Generating obj.libclc.dir/cayman-r600--/clc/lib/generic/math/clc_half_powr.cl.bc
[2991/5017] Generating obj.libclc.dir/cayman-r600--/clc/lib/generic/math/clc_fdim.cl.bc
[2992/5017] Generating obj.libclc.dir/cayman-r600--/clc/lib/generic/math/clc_exp_helper.cl.bc
[2993/5017] Generating obj.libclc.dir/cayman-r600--/clc/lib/generic/math/clc_lgamma.cl.bc
[2994/5017] Generating obj.libclc.dir/cayman-r600--/clc/lib/generic/math/clc_log.cl.bc
[2995/5017] Generating obj.libclc.dir/cayman-r600--/clc/lib/generic/math/clc_ldexp.cl.bc
[2996/5017] Generating obj.libclc.dir/cayman-r600--/clc/lib/generic/math/clc_frexp.cl.bc
[2997/5017] Generating obj.libclc.dir/cayman-r600--/clc/lib/generic/math/clc_fmod.cl.bc
[2998/5017] Generating obj.libclc.dir/cayman-r600--/clc/lib/generic/math/clc_mad.cl.bc
[2999/5017] Generating obj.libclc.dir/cayman-r600--/clc/lib/generic/math/clc_log10.cl.bc
[3000/5017] Generating obj.libclc.dir/cayman-r600--/clc/lib/generic/math/clc_log2.cl.bc
[3001/5017] Generating obj.libclc.dir/cayman-r600--/clc/lib/generic/math/clc_nan.cl.bc
[3002/5017] Generating obj.libclc.dir/cayman-r600--/clc/lib/generic/math/clc_native_exp10.cl.bc
[3003/5017] Generating obj.libclc.dir/cayman-r600--/clc/lib/generic/math/clc_modf.cl.bc
[3004/5017] Generating obj.libclc.dir/cayman-r600--/clc/lib/generic/math/clc_ilogb.cl.bc
[3005/5017] Generating obj.libclc.dir/cayman-r600--/clc/lib/generic/math/clc_hypot.cl.bc
[3006/5017] Generating obj.libclc.dir/cayman-r600--/clc/lib/generic/math/clc_native_cos.cl.bc
[3007/5017] Generating obj.libclc.dir/cayman-r600--/clc/lib/generic/math/clc_native_divide.cl.bc
[3008/5017] Generating obj.libclc.dir/cayman-r600--/clc/lib/generic/math/clc_native_log.cl.bc
[3009/5017] Generating obj.libclc.dir/cayman-r600--/clc/lib/generic/math/clc_native_log2.cl.bc
[3010/5017] Generating obj.libclc.dir/cayman-r600--/clc/lib/generic/math/clc_maxmag.cl.bc
[3011/5017] Generating obj.libclc.dir/cayman-r600--/clc/lib/generic/math/clc_native_sin.cl.bc
[3012/5017] Generating obj.libclc.dir/cayman-r600--/clc/lib/generic/math/clc_minmag.cl.bc
[3013/5017] Generating obj.libclc.dir/cayman-r600--/clc/lib/generic/math/clc_native_tan.cl.bc
[3014/5017] Generating obj.libclc.dir/cayman-r600--/clc/lib/generic/math/clc_log1p.cl.bc
[3015/5017] Generating obj.libclc.dir/cayman-r600--/clc/lib/generic/math/clc_native_powr.cl.bc
[3016/5017] Generating obj.libclc.dir/cayman-r600--/clc/lib/generic/math/clc_logb.cl.bc
[3017/5017] Generating obj.libclc.dir/cayman-r600--/clc/lib/generic/math/clc_nextafter.cl.bc
[3018/5017] Generating obj.libclc.dir/cayman-r600--/clc/lib/generic/math/clc_native_recip.cl.bc
[3019/5017] Generating obj.libclc.dir/cayman-r600--/clc/lib/generic/math/clc_native_sqrt.cl.bc
[3020/5017] Generating obj.libclc.dir/cayman-r600--/clc/lib/generic/math/clc_rint.cl.bc
[3021/5017] Generating obj.libclc.dir/cayman-r600--/clc/lib/generic/math/clc_sincos.cl.bc
[3022/5017] Generating obj.libclc.dir/cayman-r600--/clc/lib/generic/math/clc_rsqrt.cl.bc
[3023/5017] Generating obj.libclc.dir/cayman-r600--/clc/lib/generic/math/clc_round.cl.bc
[3024/5017] Generating obj.libclc.dir/cayman-r600--/clc/lib/generic/math/clc_pow.cl.bc
[3025/5017] Generating obj.libclc.dir/cayman-r600--/clc/lib/generic/math/clc_remainder.cl.bc
[3026/5017] Generating obj.libclc.dir/cayman-r600--/clc/lib/generic/math/clc_powr.cl.bc
[3027/5017] Generating obj.libclc.dir/cayman-r600--/clc/lib/generic/math/clc_lgamma_r.cl.bc
[3028/5017] Generating obj.libclc.dir/cayman-r600--/clc/lib/generic/math/clc_sqrt.cl.bc
[3029/5017] Generating obj.libclc.dir/cayman-r600--/clc/lib/generic/math/clc_sin.cl.bc
[3030/5017] Generating obj.libclc.dir/cayman-r600--/clc/lib/generic/math/clc_pown.cl.bc
[3031/5017] Generating obj.libclc.dir/cayman-r600--/clc/lib/generic/math/clc_sinh.cl.bc
[3032/5017] Generating obj.libclc.dir/cayman-r600--/clc/lib/generic/math/clc_tables.cl.bc
[3033/5017] Generating obj.libclc.dir/cayman-r600--/clc/lib/generic/math/clc_rootn.cl.bc
[3034/5017] Generating obj.libclc.dir/cayman-r600--/clc/lib/generic/math/clc_tgamma.cl.bc
[3035/5017] Generating obj.libclc.dir/cayman-r600--/clc/lib/generic/math/clc_tanh.cl.bc
[3036/5017] Generating obj.libclc.dir/cayman-r600--/clc/lib/generic/math/clc_trunc.cl.bc
[3037/5017] Generating obj.libclc.dir/cayman-r600--/clc/lib/generic/relational/clc_all.cl.bc
[3038/5017] Generating obj.libclc.dir/cayman-r600--/clc/lib/generic/relational/clc_any.cl.bc
[3039/5017] Generating obj.libclc.dir/cayman-r600--/clc/lib/generic/math/clc_sinpi.cl.bc
[3040/5017] Generating obj.libclc.dir/cayman-r600--/clc/lib/generic/math/clc_sw_fma.cl.bc
[3041/5017] Generating obj.libclc.dir/cayman-r600--/clc/lib/generic/relational/clc_isequal.cl.bc
[3042/5017] Generating obj.libclc.dir/cayman-r600--/clc/lib/generic/math/clc_remquo.cl.bc
[3043/5017] Generating obj.libclc.dir/cayman-r600--/clc/lib/generic/math/clc_tan.cl.bc
[3044/5017] Generating obj.libclc.dir/cayman-r600--/clc/lib/generic/relational/clc_isfinite.cl.bc
[3045/5017] Generating obj.libclc.dir/cayman-r600--/clc/lib/generic/relational/clc_bitselect.cl.bc
[3046/5017] Generating obj.libclc.dir/cayman-r600--/clc/lib/generic/relational/clc_isgreaterequal.cl.bc
[3047/5017] Generating obj.libclc.dir/cayman-r600--/clc-convert.cl.bc
[3048/5017] Generating obj.libclc.dir/cayman-r600--/clc/lib/generic/relational/clc_isless.cl.bc
[3049/5017] Generating obj.libclc.dir/cayman-r600--/clc/lib/generic/relational/clc_islessgreater.cl.bc
[3050/5017] Generating obj.libclc.dir/cayman-r600--/clc/lib/generic/relational/clc_isnan.cl.bc
[3051/5017] Generating obj.libclc.dir/cayman-r600--/clc/lib/generic/relational/clc_isnormal.cl.bc
[3052/5017] Generating obj.libclc.dir/cayman-r600--/clc/lib/generic/relational/clc_isgreater.cl.bc
[3053/5017] Generating obj.libclc.dir/cayman-r600--/clc/lib/generic/relational/clc_islessequal.cl.bc
[3054/5017] Generating obj.libclc.dir/cayman-r600--/clc/lib/generic/relational/clc_isnotequal.cl.bc
[3055/5017] Generating obj.libclc.dir/cayman-r600--/clc/lib/generic/relational/clc_isinf.cl.bc
[3056/5017] Generating obj.libclc.dir/cayman-r600--/clc/lib/generic/math/clc_tanpi.cl.bc
[3057/5017] Generating obj.libclc.dir/cayman-r600--/clc/lib/generic/relational/clc_isordered.cl.bc
[3058/5017] Generating obj.libclc.dir/cayman-r600--/clc/lib/generic/relational/clc_signbit.cl.bc
[3059/5017] Generating obj.libclc.dir/cayman-r600--/clc/lib/generic/math/clc_sincos_helpers.cl.bc
[3060/5017] Generating obj.libclc.dir/cayman-r600--/clc/lib/generic/relational/clc_isunordered.cl.bc
[3061/5017] Generating obj.libclc.dir/cayman-r600--/clc/lib/generic/workitem/clc_get_num_sub_groups.cl.bc
[3062/5017] Generating obj.libclc.dir/cayman-r600--/clc/lib/generic/workitem/clc_get_sub_group_id.cl.bc
[3063/5017] Generating obj.libclc.dir/cayman-r600--/clc/lib/generic/workitem/clc_get_local_linear_id.cl.bc
[3064/5017] Generating obj.libclc.dir/cayman-r600--/opencl/lib/generic/subnormal_helper_func.ll.bc
[3065/5017] Generating obj.libclc.dir/cayman-r600--/opencl/lib/generic/subnormal_use_default.ll.bc
[3066/5017] Generating obj.libclc.dir/cayman-r600--/clc/lib/generic/relational/clc_select.cl.bc
[3067/5017] Generating obj.libclc.dir/cayman-r600--/clc/lib/generic/workitem/clc_get_sub_group_size.cl.bc
[3068/5017] Generating obj.libclc.dir/cayman-r600--/clc/lib/generic/shared/clc_max.cl.bc
[3069/5017] Generating obj.libclc.dir/cayman-r600--/clc/lib/generic/shared/clc_clamp.cl.bc
[3070/5017] Generating obj.libclc.dir/cayman-r600--/clc/lib/generic/shared/clc_min.cl.bc
[3071/5017] Generating obj.libclc.dir/amdgcn--amdhsa/clc/lib/amdgcn/workitem/clc_get_global_size.cl.bc
[3072/5017] Generating obj.libclc.dir/amdgcn--amdhsa/clc/lib/amdgcn/math/clc_ldexp_override.cl.bc
[3073/5017] Generating obj.libclc.dir/amdgcn--amdhsa/clc/lib/amdgcn/workitem/clc_get_global_offset.cl.bc
[3074/5017] Generating obj.libclc.dir/cayman-r600--/clc/lib/generic/misc/clc_shuffle.cl.bc
[3075/5017] Generating obj.libclc.dir/amdgcn--amdhsa/clc/lib/amdgcn/workitem/clc_get_group_id.cl.bc
[3076/5017] Generating obj.libclc.dir/amdgcn--amdhsa/clc/lib/amdgcn/workitem/clc_get_local_id.cl.bc
[3077/5017] Generating obj.libclc.dir/amdgcn--amdhsa/clc/lib/amdgcn/workitem/clc_get_work_dim.cl.bc
[3078/5017] Generating obj.libclc.dir/amdgcn--amdhsa/clc/lib/amdgcn/math/clc_fmax.cl.bc
[3079/5017] Generating obj.libclc.dir/amdgcn--amdhsa/clc/lib/amdgcn/math/clc_fmin.cl.bc
[3080/5017] Generating obj.libclc.dir/amdgcn--amdhsa/clc/lib/amdgpu/math/clc_half_exp10.cl.bc
[3081/5017] Generating obj.libclc.dir/amdgcn--amdhsa/clc/lib/amdgpu/math/clc_half_exp2.cl.bc
[3082/5017] Generating obj.libclc.dir/amdgcn--amdhsa/clc/lib/amdgpu/math/clc_half_exp.cl.bc
[3083/5017] Generating obj.libclc.dir/cayman-r600--/clc/lib/generic/shared/clc_vload.cl.bc
[3084/5017] Generating obj.libclc.dir/amdgcn--amdhsa/clc/lib/amdgpu/math/clc_half_log2.cl.bc
[3085/5017] Generating obj.libclc.dir/amdgcn--amdhsa/clc/lib/amdgpu/math/clc_half_log10.cl.bc
[3086/5017] Generating obj.libclc.dir/amdgcn--amdhsa/clc/lib/amdgpu/math/clc_half_sqrt.cl.bc
[3087/5017] Generating obj.libclc.dir/amdgcn--amdhsa/clc/lib/amdgpu/math/clc_half_rsqrt.cl.bc
[3088/5017] Generating obj.libclc.dir/amdgcn--amdhsa/clc/lib/amdgpu/math/clc_half_log.cl.bc
[3089/5017] Generating obj.libclc.dir/amdgcn--amdhsa/clc/lib/amdgpu/math/clc_half_recip.cl.bc
[3090/5017] Generating obj.libclc.dir/amdgcn--amdhsa/clc/lib/amdgpu/math/clc_native_exp2.cl.bc
[3091/5017] Generating obj.libclc.dir/amdgcn--amdhsa/clc/lib/amdgpu/math/clc_sqrt_fp64.cl.bc
[3092/5017] Generating obj.libclc.dir/amdgcn--amdhsa/clc/lib/amdgpu/math/clc_native_log10.cl.bc
[3093/5017] Generating obj.libclc.dir/amdgcn--amdhsa/clc/lib/amdgpu/math/clc_native_exp.cl.bc
[3094/5017] Generating obj.libclc.dir/amdgcn--amdhsa/clc/lib/generic/async/clc_prefetch.cl.bc
[3095/5017] Generating obj.libclc.dir/amdgcn--amdhsa/clc/lib/generic/common/clc_step.cl.bc
[3096/5017] Generating obj.libclc.dir/amdgcn--amdhsa/clc/lib/generic/common/clc_smoothstep.cl.bc
[3097/5017] Generating obj.libclc.dir/amdgcn--amdhsa/clc/lib/generic/common/clc_sign.cl.bc
[3098/5017] Generating obj.libclc.dir/amdgcn--amdhsa/clc/lib/generic/common/clc_degrees.cl.bc
[3099/5017] Generating obj.libclc.dir/amdgcn--amdhsa/clc/lib/generic/geometric/clc_distance.cl.bc
[3100/5017] Generating obj.libclc.dir/amdgcn--amdhsa/clc/lib/generic/geometric/clc_dot.cl.bc
[3101/5017] Generating obj.libclc.dir/amdgcn--amdhsa/clc/lib/generic/geometric/clc_cross.cl.bc
[3102/5017] Generating obj.libclc.dir/amdgcn--amdhsa/clc/lib/generic/common/clc_radians.cl.bc
[3103/5017] Generating obj.libclc.dir/amdgcn--amdhsa/clc/lib/generic/geometric/clc_fast_distance.cl.bc
[3104/5017] Generating obj.libclc.dir/amdgcn--amdhsa/clc/lib/generic/geometric/clc_fast_length.cl.bc
[3105/5017] Generating obj.libclc.dir/amdgcn--amdhsa/clc/lib/generic/integer/clc_abs.cl.bc
[3106/5017] Generating obj.libclc.dir/amdgcn--amdhsa/clc/lib/generic/geometric/clc_fast_normalize.cl.bc
[3107/5017] Generating obj.libclc.dir/amdgcn--amdhsa/clc/lib/generic/geometric/clc_length.cl.bc
[3108/5017] Generating obj.libclc.dir/amdgcn--amdhsa/clc/lib/generic/integer/clc_add_sat.cl.bc
[3109/5017] Generating obj.libclc.dir/amdgcn--amdhsa/clc/lib/generic/integer/clc_abs_diff.cl.bc
[3110/5017] Generating obj.libclc.dir/amdgcn--amdhsa/clc/lib/generic/integer/clc_hadd.cl.bc
[3111/5017] Generating obj.libclc.dir/amdgcn--amdhsa/clc/lib/generic/integer/clc_mad24.cl.bc
[3112/5017] Generating obj.libclc.dir/amdgcn--amdhsa/clc/lib/generic/integer/clc_clz.cl.bc
[3113/5017] Generating obj.libclc.dir/amdgcn--amdhsa/clc/lib/generic/integer/clc_ctz.cl.bc
[3114/5017] Generating obj.libclc.dir/amdgcn--amdhsa/clc/lib/generic/integer/clc_popcount.cl.bc
[3115/5017] Generating builtins.link.pre-deps.tahiti-amdgcn--.bc
[3116/5017] Generating obj.libclc.dir/amdgcn--amdhsa/clc/lib/generic/integer/clc_mul24.cl.bc
[3117/5017] Generating obj.libclc.dir/cayman-r600--/clc/lib/generic/misc/clc_shuffle2.cl.bc
[3118/5017] Generating obj.libclc.dir/amdgcn--amdhsa/clc/lib/generic/integer/clc_rhadd.cl.bc
[3119/5017] Generating obj.libclc.dir/amdgcn--amdhsa/clc/lib/generic/integer/clc_sub_sat.cl.bc
[3120/5017] Generating obj.libclc.dir/amdgcn--amdhsa/clc/lib/generic/geometric/clc_normalize.cl.bc
[3121/5017] Generating obj.libclc.dir/amdgcn--amdhsa/clc/lib/generic/integer/clc_rotate.cl.bc
[3122/5017] Generating obj.libclc.dir/amdgcn--amdhsa/clc/lib/generic/integer/clc_mul_hi.cl.bc
[3123/5017] Generating obj.libclc.dir/amdgcn--amdhsa/clc/lib/generic/integer/clc_upsample.cl.bc
[3124/5017] Generating obj.libclc.dir/amdgcn--amdhsa/clc/lib/generic/math/clc_asin.cl.bc
[3125/5017] Generating obj.libclc.dir/amdgcn--amdhsa/clc/lib/generic/integer/clc_mad_sat.cl.bc
[3126/5017] Generating obj.libclc.dir/amdgcn--amdhsa/clc/lib/generic/math/clc_acosh.cl.bc
[3127/5017] Generating obj.libclc.dir/amdgcn--amdhsa/clc/lib/generic/math/clc_atan.cl.bc
[3128/5017] Generating obj.libclc.dir/amdgcn--amdhsa/clc/lib/generic/math/clc_asinh.cl.bc
[3129/5017] Generating obj.libclc.dir/amdgcn--amdhsa/clc/lib/generic/math/clc_acospi.cl.bc
[3130/5017] Generating obj.libclc.dir/amdgcn--amdhsa/clc/lib/generic/math/clc_ceil.cl.bc
[3131/5017] Generating obj.libclc.dir/amdgcn--amdhsa/clc/lib/generic/math/clc_copysign.cl.bc
[3132/5017] Generating obj.libclc.dir/amdgcn--amdhsa/clc/lib/generic/math/clc_acos.cl.bc
[3133/5017] Generating obj.libclc.dir/amdgcn--amdhsa/clc/lib/generic/math/clc_asinpi.cl.bc
[3134/5017] Generating obj.libclc.dir/amdgcn--amdhsa/clc/lib/generic/math/clc_atan2pi.cl.bc
[3135/5017] Generating obj.libclc.dir/amdgcn--amdhsa/clc/lib/generic/math/clc_atan2.cl.bc
[3136/5017] Generating obj.libclc.dir/amdgcn--amdhsa/clc/lib/generic/math/clc_cbrt.cl.bc
[3137/5017] Generating obj.libclc.dir/amdgcn--amdhsa/clc/lib/generic/math/clc_cos.cl.bc
[3138/5017] Generating obj.libclc.dir/amdgcn--amdhsa/clc/lib/generic/math/clc_atanh.cl.bc
[3139/5017] Generating builtins.link.clc-tahiti-amdgcn--.bc
[3140/5017] Generating obj.libclc.dir/cayman-r600--/clc/lib/generic/shared/clc_vstore.cl.bc
[3141/5017] Generating obj.libclc.dir/amdgcn--amdhsa/clc/lib/generic/math/clc_erf.cl.bc
[3142/5017] Generating obj.libclc.dir/amdgcn--amdhsa/clc/lib/generic/math/clc_atanpi.cl.bc
[3143/5017] Generating obj.libclc.dir/amdgcn--amdhsa/clc/lib/generic/math/clc_cosh.cl.bc
[3144/5017] Generating obj.libclc.dir/amdgcn--amdhsa/clc/lib/generic/math/clc_cospi.cl.bc
[3145/5017] Generating obj.libclc.dir/amdgcn--amdhsa/clc/lib/generic/math/clc_fabs.cl.bc
[3146/5017] Generating obj.libclc.dir/amdgcn--amdhsa/clc/lib/generic/math/clc_exp.cl.bc
[3147/5017] Generating obj.libclc.dir/amdgcn--amdhsa/clc/lib/generic/math/clc_fma.cl.bc
[3148/5017] Generating obj.libclc.dir/amdgcn--amdhsa/clc/lib/generic/math/clc_erfc.cl.bc
[3149/5017] Generating obj.libclc.dir/amdgcn--amdhsa/clc/lib/generic/math/clc_floor.cl.bc
[3150/5017] Generating obj.libclc.dir/amdgcn--amdhsa/clc/lib/generic/math/clc_ep_log.cl.bc
[3151/5017] Generating obj.libclc.dir/amdgcn--amdhsa/clc/lib/generic/math/clc_fract.cl.bc
[3152/5017] Generating obj.libclc.dir/amdgcn--amdhsa/clc/lib/generic/math/clc_half_cos.cl.bc
[3153/5017] Generating obj.libclc.dir/amdgcn--amdhsa/clc/lib/generic/math/clc_half_divide.cl.bc
[3154/5017] Generating obj.libclc.dir/amdgcn--amdhsa/clc/lib/generic/math/clc_expm1.cl.bc
[3155/5017] Generating obj.libclc.dir/amdgcn--amdhsa/clc/lib/generic/math/clc_half_sin.cl.bc
[3156/5017] Generating obj.libclc.dir/amdgcn--amdhsa/clc/lib/generic/math/clc_half_tan.cl.bc
[3157/5017] Generating obj.libclc.dir/amdgcn--amdhsa/clc/lib/generic/math/clc_half_powr.cl.bc
[3158/5017] Generating obj.libclc.dir/amdgcn--amdhsa/clc/lib/generic/math/clc_lgamma.cl.bc
[3159/5017] Generating obj.libclc.dir/amdgcn--amdhsa/clc/lib/generic/math/clc_exp_helper.cl.bc
[3160/5017] Generating obj.libclc.dir/amdgcn--amdhsa/clc/lib/generic/math/clc_exp2.cl.bc
[3161/5017] Generating obj.libclc.dir/amdgcn--amdhsa/clc/lib/generic/math/clc_exp10.cl.bc
[3162/5017] Generating obj.libclc.dir/amdgcn--amdhsa/clc/lib/generic/math/clc_frexp.cl.bc
[3163/5017] Generating obj.libclc.dir/amdgcn--amdhsa/clc/lib/generic/math/clc_log.cl.bc
[3164/5017] Generating obj.libclc.dir/amdgcn--amdhsa/clc/lib/generic/math/clc_log10.cl.bc
[3165/5017] Generating obj.libclc.dir/amdgcn--amdhsa/clc/lib/generic/math/clc_fmod.cl.bc
[3166/5017] Generating obj.libclc.dir/amdgcn--amdhsa/clc/lib/generic/math/clc_fdim.cl.bc
[3167/5017] Generating obj.libclc.dir/amdgcn--amdhsa/clc/lib/generic/math/clc_hypot.cl.bc
[3168/5017] Generating obj.libclc.dir/amdgcn--amdhsa/clc/lib/generic/math/clc_mad.cl.bc
[3169/5017] Generating obj.libclc.dir/amdgcn--amdhsa/clc/lib/generic/math/clc_ilogb.cl.bc
[3170/5017] Generating obj.libclc.dir/amdgcn--amdhsa/clc/lib/generic/math/clc_log2.cl.bc
[3171/5017] Generating obj.libclc.dir/amdgcn--amdhsa/clc/lib/generic/math/clc_native_divide.cl.bc
[3172/5017] Generating obj.libclc.dir/amdgcn--amdhsa/clc/lib/generic/math/clc_native_cos.cl.bc
[3173/5017] Generating obj.libclc.dir/amdgcn--amdhsa/clc/lib/generic/math/clc_nan.cl.bc
[3174/5017] Generating obj.libclc.dir/amdgcn--amdhsa/clc/lib/generic/math/clc_modf.cl.bc
[3175/5017] Generating obj.libclc.dir/amdgcn--amdhsa/clc/lib/generic/math/clc_native_exp10.cl.bc
[3176/5017] Generating obj.libclc.dir/amdgcn--amdhsa/clc/lib/generic/math/clc_ldexp.cl.bc
[3177/5017] Generating obj.libclc.dir/amdgcn--amdhsa/clc/lib/generic/math/clc_native_rsqrt.cl.bc
[3178/5017] Generating obj.libclc.dir/amdgcn--amdhsa/clc/lib/generic/math/clc_native_log.cl.bc
[3179/5017] Generating obj.libclc.dir/amdgcn--amdhsa/clc/lib/generic/math/clc_native_log2.cl.bc
[3180/5017] Generating obj.libclc.dir/amdgcn--amdhsa/clc/lib/generic/math/clc_native_powr.cl.bc
[3181/5017] Generating obj.libclc.dir/amdgcn--amdhsa/clc/lib/generic/math/clc_native_recip.cl.bc
[3182/5017] Generating obj.libclc.dir/amdgcn--amdhsa/clc/lib/generic/math/clc_native_sin.cl.bc
[3183/5017] Generating obj.libclc.dir/amdgcn--amdhsa/clc/lib/generic/math/clc_native_sqrt.cl.bc
[3184/5017] Generating obj.libclc.dir/amdgcn--amdhsa/clc/lib/generic/math/clc_maxmag.cl.bc
[3185/5017] Generating obj.libclc.dir/amdgcn--amdhsa/clc/lib/generic/math/clc_minmag.cl.bc
[3186/5017] Generating obj.libclc.dir/amdgcn--amdhsa/clc/lib/generic/math/clc_native_tan.cl.bc
[3187/5017] Generating obj.libclc.dir/amdgcn--amdhsa/clc/lib/generic/math/clc_rint.cl.bc
[3188/5017] Generating obj.libclc.dir/amdgcn--amdhsa/clc/lib/generic/math/clc_log1p.cl.bc
[3189/5017] Generating obj.libclc.dir/amdgcn--amdhsa/clc/lib/generic/math/clc_nextafter.cl.bc
[3190/5017] Generating obj.libclc.dir/amdgcn--amdhsa/clc/lib/generic/math/clc_rsqrt.cl.bc
[3191/5017] Generating obj.libclc.dir/amdgcn--amdhsa/clc/lib/generic/math/clc_logb.cl.bc
[3192/5017] Generating obj.libclc.dir/amdgcn--amdhsa/clc/lib/generic/math/clc_round.cl.bc
[3193/5017] Generating obj.libclc.dir/amdgcn--amdhsa/clc/lib/generic/math/clc_sincos.cl.bc
[3194/5017] Generating obj.libclc.dir/amdgcn--amdhsa/clc/lib/generic/math/clc_pown.cl.bc
[3195/5017] Generating obj.libclc.dir/amdgcn--amdhsa/clc/lib/generic/math/clc_pow.cl.bc
[3196/5017] Generating obj.libclc.dir/amdgcn--amdhsa/clc/lib/generic/math/clc_sqrt.cl.bc
[3197/5017] Generating obj.libclc.dir/amdgcn--amdhsa/clc/lib/generic/math/clc_rootn.cl.bc
[3198/5017] Generating obj.libclc.dir/amdgcn--amdhsa/clc/lib/generic/math/clc_lgamma_r.cl.bc
[3199/5017] Generating obj.libclc.dir/amdgcn--amdhsa/clc/lib/generic/math/clc_remainder.cl.bc
[3200/5017] Generating obj.libclc.dir/amdgcn--amdhsa/clc/lib/generic/math/clc_sin.cl.bc
[3201/5017] Generating obj.libclc.dir/amdgcn--amdhsa/clc/lib/generic/math/clc_tables.cl.bc
[3202/5017] Generating obj.libclc.dir/amdgcn--amdhsa/clc/lib/generic/math/clc_sinh.cl.bc
[3203/5017] Generating obj.libclc.dir/amdgcn--amdhsa/clc/lib/generic/math/clc_trunc.cl.bc
[3204/5017] Generating obj.libclc.dir/amdgcn--amdhsa/clc/lib/generic/math/clc_sw_fma.cl.bc
[3205/5017] Generating obj.libclc.dir/amdgcn--amdhsa/clc/lib/generic/math/clc_sincos_helpers.cl.bc
[3206/5017] Generating obj.libclc.dir/amdgcn--amdhsa/clc/lib/generic/relational/clc_all.cl.bc
[3207/5017] Generating obj.libclc.dir/amdgcn--amdhsa/clc/lib/generic/math/clc_tan.cl.bc
[3208/5017] Generating obj.libclc.dir/amdgcn--amdhsa/clc/lib/generic/relational/clc_any.cl.bc
[3209/5017] Generating obj.libclc.dir/amdgcn--amdhsa/clc/lib/generic/math/clc_tgamma.cl.bc
[3210/5017] Generating obj.libclc.dir/amdgcn--amdhsa/clc/lib/generic/relational/clc_bitselect.cl.bc
[3211/5017] Generating obj.libclc.dir/amdgcn--amdhsa/clc/lib/generic/math/clc_tanh.cl.bc
[3212/5017] Generating obj.libclc.dir/amdgcn--amdhsa/clc/lib/generic/relational/clc_isequal.cl.bc
[3213/5017] Generating obj.libclc.dir/amdgcn--amdhsa/clc/lib/generic/relational/clc_isgreater.cl.bc
[3214/5017] Generating obj.libclc.dir/amdgcn--amdhsa/clc/lib/generic/math/clc_powr.cl.bc
[3215/5017] Generating obj.libclc.dir/amdgcn--amdhsa/clc/lib/generic/relational/clc_isfinite.cl.bc
[3216/5017] Generating obj.libclc.dir/amdgcn--amdhsa/clc/lib/generic/relational/clc_isinf.cl.bc
[3217/5017] Generating obj.libclc.dir/amdgcn--amdhsa/clc/lib/generic/relational/clc_isgreaterequal.cl.bc
[3218/5017] Generating obj.libclc.dir/amdgcn--amdhsa/clc/lib/generic/relational/clc_islessgreater.cl.bc
[3219/5017] Generating obj.libclc.dir/amdgcn--amdhsa/clc/lib/generic/relational/clc_islessequal.cl.bc
[3220/5017] Generating obj.libclc.dir/amdgcn--amdhsa/clc/lib/generic/relational/clc_isless.cl.bc
[3221/5017] Generating obj.libclc.dir/amdgcn--amdhsa/clc/lib/generic/relational/clc_isnormal.cl.bc
[3222/5017] Generating obj.libclc.dir/amdgcn--amdhsa/clc/lib/generic/relational/clc_isnotequal.cl.bc
[3223/5017] Generating obj.libclc.dir/amdgcn--amdhsa/clc/lib/generic/relational/clc_isnan.cl.bc
[3224/5017] Generating obj.libclc.dir/amdgcn--amdhsa/clc/lib/generic/relational/clc_isordered.cl.bc
[3225/5017] Generating obj.libclc.dir/amdgcn--amdhsa/clc/lib/generic/math/clc_tanpi.cl.bc
[3226/5017] Generating obj.libclc.dir/amdgcn--amdhsa/clc/lib/generic/math/clc_sinpi.cl.bc
[3227/5017] Generating obj.libclc.dir/amdgcn--amdhsa/clc/lib/generic/relational/clc_isunordered.cl.bc
[3228/5017] Generating obj.libclc.dir/amdgcn--amdhsa/clc/lib/generic/relational/clc_signbit.cl.bc
[3229/5017] Generating obj.libclc.dir/amdgcn--amdhsa/clc/lib/generic/workitem/clc_get_local_linear_id.cl.bc
[3230/5017] Generating obj.libclc.dir/amdgcn--amdhsa/clc/lib/generic/workitem/clc_get_num_sub_groups.cl.bc
[3231/5017] Generating obj.libclc.dir/amdgcn--amdhsa/clc/lib/generic/workitem/clc_get_sub_group_id.cl.bc
[3232/5017] Generating obj.libclc.dir/amdgcn--amdhsa/clc/lib/generic/workitem/clc_get_sub_group_size.cl.bc
[3233/5017] Generating obj.libclc.dir/amdgcn--amdhsa/opencl/lib/amdgcn/cl_khr_int64_extended_atomics/minmax_helpers.ll.bc
[3234/5017] Generating obj.libclc.dir/amdgcn--amdhsa/clc/lib/generic/shared/clc_max.cl.bc
[3235/5017] Generating obj.libclc.dir/amdgcn--amdhsa/opencl/lib/generic/subnormal_helper_func.ll.bc
[3236/5017] Generating obj.libclc.dir/amdgcn--amdhsa/opencl/lib/generic/subnormal_use_default.ll.bc
[3237/5017] Generating obj.libclc.dir/amdgcn--amdhsa/clc/lib/generic/relational/clc_select.cl.bc
[3238/5017] Generating obj.libclc.dir/amdgcn--amdhsa/clc/lib/generic/shared/clc_clamp.cl.bc
[3239/5017] Generating obj.libclc.dir/amdgcn--amdhsa/clc/lib/generic/shared/clc_min.cl.bc
[3240/5017] Generating obj.libclc.dir/clspv--/clc/lib/clspv/integer/clc_mul_hi.cl.bc
[3241/5017] Generating obj.libclc.dir/clspv--/clc/lib/generic/common/clc_degrees.cl.bc
[3242/5017] Generating obj.libclc.dir/clspv--/clc/lib/generic/async/clc_prefetch.cl.bc
[3243/5017] Generating obj.libclc.dir/clspv--/clc/lib/clspv/math/clc_sw_fma.cl.bc
[3244/5017] Generating obj.libclc.dir/amdgcn--amdhsa/clc/lib/generic/shared/clc_vload.cl.bc
[3245/5017] Generating obj.libclc.dir/clspv--/clc/lib/generic/common/clc_radians.cl.bc
[3246/5017] Generating obj.libclc.dir/clspv--/clc/lib/generic/common/clc_sign.cl.bc
[3247/5017] Generating obj.libclc.dir/amdgcn--amdhsa/clc/lib/generic/misc/clc_shuffle.cl.bc
[3248/5017] Generating obj.libclc.dir/clspv--/clc/lib/generic/common/clc_smoothstep.cl.bc
[3249/5017] Generating obj.libclc.dir/amdgcn--amdhsa/clc/lib/generic/math/clc_remquo.cl.bc
[3250/5017] Generating obj.libclc.dir/clspv--/clc/lib/generic/geometric/clc_cross.cl.bc
[3251/5017] Generating obj.libclc.dir/clspv--/clc/lib/generic/geometric/clc_fast_distance.cl.bc
[3252/5017] Generating obj.libclc.dir/clspv--/clc/lib/generic/common/clc_step.cl.bc
[3253/5017] Generating obj.libclc.dir/clspv--/clc/lib/generic/geometric/clc_fast_length.cl.bc
[3254/5017] Generating obj.libclc.dir/clspv--/clc/lib/generic/geometric/clc_distance.cl.bc
[3255/5017] Generating obj.libclc.dir/clspv--/clc/lib/generic/geometric/clc_dot.cl.bc
[3256/5017] Generating obj.libclc.dir/amdgcn--amdhsa/clc-convert.cl.bc
[3257/5017] Generating obj.libclc.dir/amdgcn--amdhsa/clc/lib/generic/misc/clc_shuffle2.cl.bc
[3258/5017] Generating obj.libclc.dir/clspv--/clc/lib/generic/geometric/clc_length.cl.bc
[3259/5017] Generating obj.libclc.dir/clspv--/clc/lib/generic/geometric/clc_fast_normalize.cl.bc
[3260/5017] Generating obj.libclc.dir/clspv--/clc/lib/generic/integer/clc_abs_diff.cl.bc
[3261/5017] Generating obj.libclc.dir/clspv--/clc/lib/generic/integer/clc_add_sat.cl.bc
[3262/5017] Generating obj.libclc.dir/clspv--/clc/lib/generic/integer/clc_clz.cl.bc
[3263/5017] Generating obj.libclc.dir/clspv--/clc/lib/generic/integer/clc_abs.cl.bc
[3264/5017] Generating obj.libclc.dir/clspv--/clc/lib/generic/integer/clc_hadd.cl.bc
[3265/5017] Generating obj.libclc.dir/clspv--/clc/lib/generic/integer/clc_mad24.cl.bc
[3266/5017] Generating obj.libclc.dir/clspv--/clc/lib/generic/integer/clc_mul24.cl.bc
[3267/5017] Generating obj.libclc.dir/clspv--/clc/lib/generic/integer/clc_ctz.cl.bc
[3268/5017] Generating obj.libclc.dir/clspv--/clc/lib/generic/integer/clc_popcount.cl.bc
[3269/5017] Generating obj.libclc.dir/clspv--/clc/lib/generic/integer/clc_sub_sat.cl.bc
[3270/5017] Generating obj.libclc.dir/clspv--/clc/lib/generic/integer/clc_rotate.cl.bc
[3271/5017] Generating obj.libclc.dir/clspv--/clc/lib/generic/integer/clc_rhadd.cl.bc
[3272/5017] Generating obj.libclc.dir/clspv--/clc/lib/generic/geometric/clc_normalize.cl.bc
[3273/5017] Generating obj.libclc.dir/clspv--/clc/lib/generic/integer/clc_mad_sat.cl.bc
[3274/5017] Generating obj.libclc.dir/clspv--/clc/lib/generic/integer/clc_upsample.cl.bc
[3275/5017] Generating builtins.link.pre-deps.tahiti-amdgcn-mesa-mesa3d.bc
[3276/5017] Generating obj.libclc.dir/clspv--/clc/lib/generic/math/clc_asin.cl.bc
[3277/5017] Generating obj.libclc.dir/clspv--/clc/lib/generic/math/clc_acosh.cl.bc
[3278/5017] Generating obj.libclc.dir/clspv--/clc/lib/generic/math/clc_acos.cl.bc
[3279/5017] Generating obj.libclc.dir/clspv--/clc/lib/generic/math/clc_atan.cl.bc
[3280/5017] Generating obj.libclc.dir/clspv--/clc/lib/generic/math/clc_ceil.cl.bc
[3281/5017] Generating obj.libclc.dir/clspv--/clc/lib/generic/math/clc_asinh.cl.bc
[3282/5017] Generating obj.libclc.dir/clspv--/clc/lib/generic/math/clc_acospi.cl.bc
[3283/5017] Generating obj.libclc.dir/clspv--/clc/lib/generic/math/clc_copysign.cl.bc
[3284/5017] Generating obj.libclc.dir/clspv--/clc/lib/generic/math/clc_atanh.cl.bc
[3285/5017] Generating obj.libclc.dir/clspv--/clc/lib/generic/math/clc_asinpi.cl.bc
[3286/5017] Generating obj.libclc.dir/clspv--/clc/lib/generic/math/clc_atanpi.cl.bc
[3287/5017] Generating builtins.link.clc-tahiti-amdgcn-mesa-mesa3d.bc
[3288/5017] Generating obj.libclc.dir/clspv--/clc/lib/generic/math/clc_ep_log.cl.bc
[3289/5017] Generating obj.libclc.dir/clspv--/clc/lib/generic/math/clc_atan2pi.cl.bc
[3290/5017] Generating obj.libclc.dir/clspv--/clc/lib/generic/math/clc_cospi.cl.bc
[3291/5017] Generating obj.libclc.dir/clspv--/clc/lib/generic/math/clc_cbrt.cl.bc
[3292/5017] Generating obj.libclc.dir/clspv--/clc/lib/generic/math/clc_atan2.cl.bc
[3293/5017] Generating obj.libclc.dir/clspv--/clc/lib/generic/math/clc_erfc.cl.bc
[3294/5017] Generating obj.libclc.dir/clspv--/clc/lib/generic/math/clc_fabs.cl.bc
[3295/5017] Generating obj.libclc.dir/clspv--/clc/lib/generic/math/clc_cosh.cl.bc
[3296/5017] Generating obj.libclc.dir/clspv--/clc/lib/generic/math/clc_cos.cl.bc
[3297/5017] Generating obj.libclc.dir/clspv--/clc/lib/generic/math/clc_fma.cl.bc
[3298/5017] Generating obj.libclc.dir/clspv--/clc/lib/generic/math/clc_erf.cl.bc
[3299/5017] Generating obj.libclc.dir/clspv--/clc/lib/generic/math/clc_exp10.cl.bc
[3300/5017] Generating obj.libclc.dir/clspv--/clc/lib/generic/math/clc_fmin.cl.bc
[3301/5017] Generating obj.libclc.dir/clspv--/clc/lib/generic/math/clc_fmax.cl.bc
[3302/5017] Generating obj.libclc.dir/clspv--/clc/lib/generic/math/clc_expm1.cl.bc
[3303/5017] Generating obj.libclc.dir/clspv--/clc/lib/generic/math/clc_floor.cl.bc
[3304/5017] Generating obj.libclc.dir/clspv--/clc/lib/generic/math/clc_exp.cl.bc
[3305/5017] Generating obj.libclc.dir/clspv--/clc/lib/generic/math/clc_half_cos.cl.bc
[3306/5017] Generating obj.libclc.dir/clspv--/clc/lib/generic/math/clc_fract.cl.bc
[3307/5017] Generating obj.libclc.dir/clspv--/clc/lib/generic/math/clc_half_divide.cl.bc
[3308/5017] Generating obj.libclc.dir/clspv--/clc/lib/generic/math/clc_exp2.cl.bc
[3309/5017] Generating obj.libclc.dir/clspv--/clc/lib/generic/math/clc_half_exp.cl.bc
[3310/5017] Generating obj.libclc.dir/clspv--/clc/lib/generic/math/clc_half_exp10.cl.bc
[3311/5017] Generating obj.libclc.dir/clspv--/clc/lib/generic/math/clc_fdim.cl.bc
[3312/5017] Generating obj.libclc.dir/clspv--/clc/lib/generic/math/clc_half_exp2.cl.bc
[3313/5017] Generating obj.libclc.dir/clspv--/clc/lib/generic/math/clc_half_log2.cl.bc
[3314/5017] Generating obj.libclc.dir/clspv--/clc/lib/generic/math/clc_half_log10.cl.bc
[3315/5017] Generating obj.libclc.dir/clspv--/clc/lib/generic/math/clc_half_rsqrt.cl.bc
[3316/5017] Generating obj.libclc.dir/clspv--/clc/lib/generic/math/clc_half_log.cl.bc
[3317/5017] Generating obj.libclc.dir/clspv--/clc/lib/generic/math/clc_half_sin.cl.bc
[3318/5017] Generating obj.libclc.dir/clspv--/clc/lib/generic/math/clc_exp_helper.cl.bc
[3319/5017] Generating obj.libclc.dir/clspv--/clc/lib/generic/math/clc_half_recip.cl.bc
[3320/5017] Generating obj.libclc.dir/clspv--/clc/lib/generic/math/clc_half_powr.cl.bc
[3321/5017] Generating obj.libclc.dir/clspv--/clc/lib/generic/math/clc_half_tan.cl.bc
[3322/5017] Generating obj.libclc.dir/clspv--/clc/lib/generic/math/clc_half_sqrt.cl.bc
[3323/5017] Generating obj.libclc.dir/clspv--/clc/lib/generic/math/clc_lgamma.cl.bc
[3324/5017] Generating obj.libclc.dir/clspv--/clc/lib/generic/math/clc_fmod.cl.bc
[3325/5017] Generating obj.libclc.dir/clspv--/clc/lib/generic/math/clc_log.cl.bc
[3326/5017] Generating obj.libclc.dir/clspv--/clc/lib/generic/math/clc_log10.cl.bc
[3327/5017] Generating obj.libclc.dir/clspv--/clc/lib/generic/math/clc_log2.cl.bc
[3328/5017] Generating obj.libclc.dir/clspv--/clc/lib/generic/math/clc_mad.cl.bc
[3329/5017] Generating obj.libclc.dir/clspv--/clc/lib/generic/math/clc_ldexp.cl.bc
[3330/5017] Generating obj.libclc.dir/clspv--/clc/lib/generic/math/clc_modf.cl.bc
[3331/5017] Generating obj.libclc.dir/clspv--/clc/lib/generic/math/clc_frexp.cl.bc
[3332/5017] Generating obj.libclc.dir/clspv--/clc/lib/generic/math/clc_nan.cl.bc
[3333/5017] Generating obj.libclc.dir/clspv--/clc/lib/generic/math/clc_native_cos.cl.bc
[3334/5017] Generating obj.libclc.dir/clspv--/clc/lib/generic/math/clc_native_exp.cl.bc
[3335/5017] Generating obj.libclc.dir/clspv--/clc/lib/generic/math/clc_native_divide.cl.bc
[3336/5017] Generating obj.libclc.dir/clspv--/clc/lib/generic/math/clc_logb.cl.bc
[3337/5017] Generating obj.libclc.dir/clspv--/clc/lib/generic/math/clc_native_exp2.cl.bc
[3338/5017] Generating obj.libclc.dir/clspv--/clc/lib/generic/math/clc_maxmag.cl.bc
[3339/5017] Generating obj.libclc.dir/clspv--/clc/lib/generic/math/clc_native_log10.cl.bc
[3340/5017] Generating obj.libclc.dir/clspv--/clc/lib/generic/math/clc_minmag.cl.bc
[3341/5017] Generating obj.libclc.dir/clspv--/clc/lib/generic/math/clc_native_log2.cl.bc
[3342/5017] Generating obj.libclc.dir/clspv--/clc/lib/generic/math/clc_native_exp10.cl.bc
[3343/5017] Generating obj.libclc.dir/clspv--/clc/lib/generic/math/clc_native_powr.cl.bc
[3344/5017] Generating obj.libclc.dir/clspv--/clc/lib/generic/math/clc_native_recip.cl.bc
[3345/5017] Generating obj.libclc.dir/clspv--/clc/lib/generic/math/clc_native_log.cl.bc
[3346/5017] Generating obj.libclc.dir/clspv--/clc/lib/generic/math/clc_native_tan.cl.bc
[3347/5017] Generating obj.libclc.dir/clspv--/clc/lib/generic/math/clc_native_sin.cl.bc
[3348/5017] Generating obj.libclc.dir/clspv--/clc/lib/generic/math/clc_native_rsqrt.cl.bc
[3349/5017] Generating obj.libclc.dir/clspv--/clc/lib/generic/math/clc_native_sqrt.cl.bc
[3350/5017] Generating obj.libclc.dir/clspv--/clc/lib/generic/math/clc_lgamma_r.cl.bc
[3351/5017] Generating obj.libclc.dir/clspv--/clc/lib/generic/math/clc_nextafter.cl.bc
[3352/5017] Generating obj.libclc.dir/clspv--/clc/lib/generic/math/clc_log1p.cl.bc
[3353/5017] Generating obj.libclc.dir/clspv--/clc/lib/generic/math/clc_ilogb.cl.bc
[3354/5017] Generating obj.libclc.dir/clspv--/clc/lib/generic/math/clc_rint.cl.bc
[3355/5017] Generating obj.libclc.dir/clspv--/clc/lib/generic/math/clc_hypot.cl.bc
[3356/5017] Generating obj.libclc.dir/clspv--/clc/lib/generic/math/clc_round.cl.bc
[3357/5017] Generating obj.libclc.dir/clspv--/clc/lib/generic/math/clc_rsqrt.cl.bc
[3358/5017] Generating obj.libclc.dir/amdgcn--amdhsa/clc/lib/generic/shared/clc_vstore.cl.bc
[3359/5017] Generating obj.libclc.dir/clspv--/clc/lib/generic/math/clc_sincos.cl.bc
[3360/5017] Generating obj.libclc.dir/clspv--/clc/lib/generic/math/clc_remainder.cl.bc
[3361/5017] Generating obj.libclc.dir/clspv--/clc/lib/generic/math/clc_sqrt.cl.bc
[3362/5017] Generating obj.libclc.dir/clspv--/clc/lib/generic/math/clc_sin.cl.bc
[3363/5017] Generating obj.libclc.dir/clspv--/clc/lib/generic/math/clc_rootn.cl.bc
[3364/5017] Generating obj.libclc.dir/clspv--/clc/lib/generic/math/clc_powr.cl.bc
[3365/5017] Generating obj.libclc.dir/clspv--/clc/lib/generic/math/clc_tables.cl.bc
[3366/5017] Generating obj.libclc.dir/clspv--/clc/lib/generic/math/clc_pow.cl.bc
[3367/5017] Generating obj.libclc.dir/clspv--/clc/lib/generic/math/clc_trunc.cl.bc
[3368/5017] Generating obj.libclc.dir/clspv--/clc/lib/generic/math/clc_remquo.cl.bc
[3369/5017] Generating obj.libclc.dir/clspv--/clc/lib/generic/relational/clc_all.cl.bc
[3370/5017] Generating obj.libclc.dir/clspv--/clc/lib/generic/math/clc_sinh.cl.bc
[3371/5017] Generating obj.libclc.dir/clspv--/clc/lib/generic/relational/clc_any.cl.bc
[3372/5017] Generating obj.libclc.dir/clspv--/clc/lib/generic/relational/clc_bitselect.cl.bc
[3373/5017] Generating obj.libclc.dir/clspv--/clc/lib/generic/math/clc_tanh.cl.bc
[3374/5017] Generating obj.libclc.dir/clspv--/clc/lib/generic/relational/clc_isequal.cl.bc
[3375/5017] Generating obj.libclc.dir/clspv--/clc/lib/generic/relational/clc_isfinite.cl.bc
[3376/5017] Generating obj.libclc.dir/clspv--/clc/lib/generic/math/clc_tgamma.cl.bc
[3377/5017] Generating obj.libclc.dir/clspv--/clc/lib/generic/relational/clc_isgreater.cl.bc
[3378/5017] Generating obj.libclc.dir/clspv--/clc/lib/generic/math/clc_tanpi.cl.bc
[3379/5017] Generating obj.libclc.dir/clspv--/clc/lib/generic/relational/clc_isinf.cl.bc
[3380/5017] Generating obj.libclc.dir/clspv--/clc/lib/generic/math/clc_pown.cl.bc
[3381/5017] Generating obj.libclc.dir/clspv--/clc/lib/generic/relational/clc_isgreaterequal.cl.bc
[3382/5017] Generating obj.libclc.dir/clspv--/clc/lib/generic/relational/clc_isless.cl.bc
[3383/5017] Generating obj.libclc.dir/clspv--/clc/lib/generic/relational/clc_islessequal.cl.bc
[3384/5017] Generating obj.libclc.dir/clspv--/clc/lib/generic/math/clc_sinpi.cl.bc
[3385/5017] Generating obj.libclc.dir/clspv--/clc/lib/generic/relational/clc_isnormal.cl.bc
[3386/5017] Generating obj.libclc.dir/clspv--/clc/lib/generic/relational/clc_isnan.cl.bc
[3387/5017] Generating obj.libclc.dir/clspv--/clc/lib/generic/relational/clc_isordered.cl.bc
[3388/5017] Generating obj.libclc.dir/clspv--/clc/lib/generic/relational/clc_isunordered.cl.bc
[3389/5017] Generating obj.libclc.dir/clspv--/clc/lib/generic/relational/clc_islessgreater.cl.bc
[3390/5017] Generating obj.libclc.dir/clspv--/clc/lib/generic/relational/clc_isnotequal.cl.bc
[3391/5017] Generating obj.libclc.dir/clspv--/clc/lib/generic/relational/clc_signbit.cl.bc
[3392/5017] Generating obj.libclc.dir/clspv--/clc/lib/generic/relational/clc_select.cl.bc
[3393/5017] Generating obj.libclc.dir/clspv--/clc/lib/generic/workitem/clc_get_num_sub_groups.cl.bc
[3394/5017] Generating obj.libclc.dir/clspv--/clc/lib/generic/shared/clc_clamp.cl.bc
[3395/5017] Generating obj.libclc.dir/clspv--/clc/lib/generic/math/clc_sincos_helpers.cl.bc
[3396/5017] Generating obj.libclc.dir/clspv--/clc/lib/generic/workitem/clc_get_local_linear_id.cl.bc
[3397/5017] Generating obj.libclc.dir/clspv--/clc/lib/generic/workitem/clc_get_sub_group_id.cl.bc
[3398/5017] Generating obj.libclc.dir/clspv--/clc/lib/generic/workitem/clc_get_sub_group_size.cl.bc
[3399/5017] Generating obj.libclc.dir/clspv--/clc/lib/generic/shared/clc_max.cl.bc
[3400/5017] Generating obj.libclc.dir/clspv--/clc/lib/generic/shared/clc_min.cl.bc
[3401/5017] Generating obj.libclc.dir/clspv--/opencl/lib/clspv/subnormal_config.cl.bc
[3402/5017] Generating obj.libclc.dir/clspv--/opencl/lib/clspv/math/fma.cl.bc
[3403/5017] Generating obj.libclc.dir/clspv--/opencl/lib/generic/geometric/distance.cl.bc
[3404/5017] Generating obj.libclc.dir/clspv--/opencl/lib/generic/math/acos.cl.bc
[3405/5017] Generating obj.libclc.dir/clspv--/clc/lib/generic/misc/clc_shuffle.cl.bc
[3406/5017] Generating obj.libclc.dir/clspv--/opencl/lib/generic/geometric/length.cl.bc
[3407/5017] Generating obj.libclc.dir/clspv--/clc/lib/generic/math/clc_tan.cl.bc
[3408/5017] Generating obj.libclc.dir/clspv--/opencl/lib/generic/math/asinh.cl.bc
[3409/5017] Generating obj.libclc.dir/clspv--/clc/lib/generic/shared/clc_vload.cl.bc
[3410/5017] Generating obj.libclc.dir/clspv--/opencl/lib/generic/math/acosh.cl.bc
[3411/5017] Generating obj.libclc.dir/clspv--/opencl/lib/generic/math/acospi.cl.bc
[3412/5017] Generating obj.libclc.dir/clspv--/opencl/lib/generic/math/atan2.cl.bc
[3413/5017] Generating obj.libclc.dir/clspv--/opencl/lib/generic/math/atan.cl.bc
[3414/5017] Generating obj.libclc.dir/clspv--/opencl/lib/generic/math/asinpi.cl.bc
[3415/5017] Generating obj.libclc.dir/clspv--/opencl/lib/generic/math/asin.cl.bc
[3416/5017] Generating obj.libclc.dir/clspv--/opencl/lib/generic/math/atanh.cl.bc
[3417/5017] Generating obj.libclc.dir/clspv--/clc/lib/generic/misc/clc_shuffle2.cl.bc
[3418/5017] Generating obj.libclc.dir/clspv--/opencl/lib/clspv/shared/vstore_half.cl.bc
[3419/5017] Generating obj.libclc.dir/clspv--/opencl/lib/generic/math/cbrt.cl.bc
[3420/5017] Generating obj.libclc.dir/clspv--/opencl/lib/generic/math/atan2pi.cl.bc
[3421/5017] Generating obj.libclc.dir/clspv--/opencl/lib/generic/math/atanpi.cl.bc
[3422/5017] Generating obj.libclc.dir/clspv--/opencl/lib/generic/math/cosh.cl.bc
[3423/5017] Generating obj.libclc.dir/clspv--/opencl/lib/generic/math/exp.cl.bc
[3424/5017] Generating obj.libclc.dir/clspv--/opencl/lib/generic/math/cos.cl.bc
[3425/5017] Generating obj.libclc.dir/clspv--/opencl/lib/generic/math/exp10.cl.bc
[3426/5017] Generating obj.libclc.dir/clspv--/opencl/lib/generic/math/erfc.cl.bc
[3427/5017] Generating obj.libclc.dir/clspv--/opencl/lib/generic/math/cospi.cl.bc
[3428/5017] Generating obj.libclc.dir/clspv--/opencl/lib/generic/math/exp2.cl.bc
[3429/5017] Generating obj.libclc.dir/clspv--/opencl/lib/generic/math/erf.cl.bc
[3430/5017] Generating obj.libclc.dir/clspv--/opencl/lib/generic/math/half_cos.cl.bc
[3431/5017] Generating obj.libclc.dir/clspv--/opencl/lib/generic/math/fmod.cl.bc
[3432/5017] Generating obj.libclc.dir/clspv--/opencl/lib/generic/math/half_divide.cl.bc
[3433/5017] Generating obj.libclc.dir/clspv--/opencl/lib/generic/math/expm1.cl.bc
[3434/5017] Generating obj.libclc.dir/clspv--/opencl/lib/generic/math/half_exp.cl.bc
[3435/5017] Generating obj.libclc.dir/clspv--/opencl/lib/generic/math/fdim.cl.bc
[3436/5017] Generating obj.libclc.dir/clspv--/opencl/lib/generic/math/half_exp2.cl.bc
[3437/5017] Generating obj.libclc.dir/clspv--/opencl/lib/generic/math/half_log.cl.bc
[3438/5017] Generating obj.libclc.dir/clspv--/opencl/lib/generic/math/frexp.cl.bc
[3439/5017] Generating obj.libclc.dir/clspv--/opencl/lib/generic/math/fract.cl.bc
[3440/5017] Generating obj.libclc.dir/clspv--/opencl/lib/generic/math/half_exp10.cl.bc
[3441/5017] Generating obj.libclc.dir/clspv--/clc/lib/generic/shared/clc_vstore.cl.bc
[3442/5017] Generating obj.libclc.dir/clspv--/opencl/lib/generic/math/half_sin.cl.bc
[3443/5017] Generating obj.libclc.dir/clspv--/opencl/lib/generic/math/half_sqrt.cl.bc
[3444/5017] Generating obj.libclc.dir/clspv--/opencl/lib/generic/math/half_log2.cl.bc
[3445/5017] Generating obj.libclc.dir/clspv--/opencl/lib/generic/math/half_recip.cl.bc
[3446/5017] Generating obj.libclc.dir/clspv--/opencl/lib/generic/math/half_tan.cl.bc
[3447/5017] Generating obj.libclc.dir/clspv--/opencl/lib/generic/math/half_log10.cl.bc
[3448/5017] Generating obj.libclc.dir/clspv--/opencl/lib/generic/math/half_powr.cl.bc
[3449/5017] Generating obj.libclc.dir/clspv--/opencl/lib/generic/math/hypot.cl.bc
[3450/5017] Generating obj.libclc.dir/clspv--/opencl/lib/generic/math/lgamma.cl.bc
[3451/5017] Generating obj.libclc.dir/clspv--/opencl/lib/generic/math/ldexp.cl.bc
[3452/5017] Generating obj.libclc.dir/clspv--/opencl/lib/generic/math/ilogb.cl.bc
[3453/5017] Generating obj.libclc.dir/clspv--/opencl/lib/generic/math/log.cl.bc
[3454/5017] Generating obj.libclc.dir/clspv--/opencl/lib/generic/math/lgamma_r.cl.bc
[3455/5017] Generating obj.libclc.dir/clspv--/opencl/lib/generic/math/log2.cl.bc
[3456/5017] Generating obj.libclc.dir/clspv--/opencl/lib/generic/math/log10.cl.bc
[3457/5017] Generating obj.libclc.dir/clspv--/opencl/lib/generic/math/log1p.cl.bc
[3458/5017] Generating obj.libclc.dir/clspv--/opencl/lib/generic/math/maxmag.cl.bc
[3459/5017] Generating obj.libclc.dir/clspv--/opencl/lib/generic/math/nextafter.cl.bc
[3460/5017] Generating obj.libclc.dir/clspv--/opencl/lib/generic/math/logb.cl.bc
[3461/5017] Generating obj.libclc.dir/clspv--/opencl/lib/generic/math/minmag.cl.bc
[3462/5017] Generating obj.libclc.dir/clspv--/opencl/lib/generic/math/pow.cl.bc
[3463/5017] Generating obj.libclc.dir/clspv--/opencl/lib/generic/math/nan.cl.bc
[3464/5017] Generating obj.libclc.dir/clspv--/opencl/lib/generic/math/pown.cl.bc
[3465/5017] Generating obj.libclc.dir/clspv--/opencl/lib/generic/math/modf.cl.bc
[3466/5017] Generating obj.libclc.dir/clspv--/opencl/lib/generic/math/powr.cl.bc
[3467/5017] Generating obj.libclc.dir/clspv--/opencl/lib/generic/math/sinh.cl.bc
[3468/5017] Generating obj.libclc.dir/clspv--/opencl/lib/generic/math/remainder.cl.bc
[3469/5017] Generating obj.libclc.dir/clspv--/opencl/lib/generic/math/tan.cl.bc
[3470/5017] Generating obj.libclc.dir/clspv--/opencl/lib/generic/math/sinpi.cl.bc
[3471/5017] Generating obj.libclc.dir/clspv--/opencl/lib/generic/math/tanh.cl.bc
[3472/5017] Generating obj.libclc.dir/clspv--/opencl/lib/generic/math/rootn.cl.bc
[3473/5017] Generating obj.libclc.dir/clspv--/opencl/lib/generic/math/sin.cl.bc
[3474/5017] Generating obj.libclc.dir/clspv--/opencl/lib/generic/math/sincos.cl.bc
[3475/5017] Generating obj.libclc.dir/clspv--/opencl/lib/generic/math/remquo.cl.bc
[3476/5017] Generating obj.libclc.dir/clspv64--/clc/lib/clspv/integer/clc_mul_hi.cl.bc
[3477/5017] Generating obj.libclc.dir/clspv--/opencl/lib/generic/math/tanpi.cl.bc
[3478/5017] Generating obj.libclc.dir/clspv64--/clc/lib/generic/common/clc_degrees.cl.bc
[3479/5017] Generating obj.libclc.dir/clspv64--/clc/lib/generic/async/clc_prefetch.cl.bc
[3480/5017] Generating obj.libclc.dir/clspv--/opencl/lib/generic/math/tgamma.cl.bc
[3481/5017] Generating obj.libclc.dir/clspv64--/clc/lib/clspv/math/clc_sw_fma.cl.bc
[3482/5017] Generating obj.libclc.dir/clspv64--/clc/lib/generic/common/clc_radians.cl.bc
[3483/5017] Generating obj.libclc.dir/clspv64--/clc/lib/generic/common/clc_sign.cl.bc
[3484/5017] Generating obj.libclc.dir/clspv64--/clc/lib/generic/geometric/clc_dot.cl.bc
[3485/5017] Generating obj.libclc.dir/clspv64--/clc/lib/generic/geometric/clc_distance.cl.bc
[3486/5017] Generating obj.libclc.dir/clspv64--/clc/lib/generic/common/clc_step.cl.bc
[3487/5017] Generating obj.libclc.dir/clspv64--/clc/lib/generic/common/clc_smoothstep.cl.bc
[3488/5017] Generating obj.libclc.dir/clspv64--/clc/lib/generic/geometric/clc_cross.cl.bc
[3489/5017] Generating obj.libclc.dir/clspv64--/clc/lib/generic/geometric/clc_fast_distance.cl.bc
[3490/5017] Generating obj.libclc.dir/clspv64--/clc/lib/generic/geometric/clc_fast_length.cl.bc
[3491/5017] Generating obj.libclc.dir/clspv64--/clc/lib/generic/geometric/clc_length.cl.bc
[3492/5017] Generating obj.libclc.dir/clspv64--/clc/lib/generic/geometric/clc_fast_normalize.cl.bc
[3493/5017] Generating obj.libclc.dir/clspv64--/clc/lib/generic/integer/clc_abs_diff.cl.bc
[3494/5017] Generating obj.libclc.dir/clspv64--/clc/lib/generic/integer/clc_mad24.cl.bc
[3495/5017] Generating obj.libclc.dir/clspv64--/clc/lib/generic/integer/clc_hadd.cl.bc
[3496/5017] Generating obj.libclc.dir/clspv64--/clc/lib/generic/integer/clc_abs.cl.bc
[3497/5017] Generating obj.libclc.dir/clspv64--/clc/lib/generic/integer/clc_clz.cl.bc
[3498/5017] Generating obj.libclc.dir/clspv64--/clc/lib/generic/integer/clc_mul24.cl.bc
[3499/5017] Generating obj.libclc.dir/clspv64--/clc/lib/generic/integer/clc_rhadd.cl.bc
[3500/5017] Generating obj.libclc.dir/clspv64--/clc/lib/generic/integer/clc_add_sat.cl.bc
[3501/5017] Generating obj.libclc.dir/clspv64--/clc/lib/generic/integer/clc_popcount.cl.bc
[3502/5017] Generating obj.libclc.dir/clspv64--/clc/lib/generic/integer/clc_rotate.cl.bc
[3503/5017] Generating obj.libclc.dir/clspv64--/clc/lib/generic/integer/clc_sub_sat.cl.bc
[3504/5017] Generating obj.libclc.dir/clspv64--/clc/lib/generic/integer/clc_ctz.cl.bc
[3505/5017] Generating obj.libclc.dir/clspv64--/clc/lib/generic/geometric/clc_normalize.cl.bc
[3506/5017] Generating obj.libclc.dir/clspv64--/clc/lib/generic/integer/clc_mad_sat.cl.bc
[3507/5017] Generating obj.libclc.dir/clspv64--/clc/lib/generic/math/clc_asin.cl.bc
[3508/5017] Generating obj.libclc.dir/clspv64--/clc/lib/generic/integer/clc_upsample.cl.bc
[3509/5017] Generating obj.libclc.dir/clspv64--/clc/lib/generic/math/clc_asinh.cl.bc
[3510/5017] Generating obj.libclc.dir/clspv64--/clc/lib/generic/math/clc_acos.cl.bc
[3511/5017] Generating obj.libclc.dir/clspv64--/clc/lib/generic/math/clc_atan.cl.bc
[3512/5017] Generating obj.libclc.dir/clspv64--/clc/lib/generic/math/clc_ceil.cl.bc
[3513/5017] Generating obj.libclc.dir/clspv64--/clc/lib/generic/math/clc_acosh.cl.bc
[3514/5017] Generating obj.libclc.dir/clspv64--/clc/lib/generic/math/clc_copysign.cl.bc
[3515/5017] Generating obj.libclc.dir/clspv64--/clc/lib/generic/math/clc_acospi.cl.bc
[3516/5017] Generating obj.libclc.dir/clspv--/clc-convert.cl.bc
[3517/5017] Generating obj.libclc.dir/clspv64--/clc/lib/generic/math/clc_asinpi.cl.bc
[3518/5017] Generating obj.libclc.dir/clspv64--/clc/lib/generic/math/clc_atanpi.cl.bc
[3519/5017] Generating obj.libclc.dir/clspv64--/clc/lib/generic/math/clc_atanh.cl.bc
[3520/5017] Generating obj.libclc.dir/clspv64--/clc/lib/generic/math/clc_atan2pi.cl.bc
[3521/5017] Generating obj.libclc.dir/clspv64--/clc/lib/generic/math/clc_cosh.cl.bc
[3522/5017] Generating obj.libclc.dir/clspv64--/clc/lib/generic/math/clc_cospi.cl.bc
[3523/5017] Generating obj.libclc.dir/clspv64--/clc/lib/generic/math/clc_cbrt.cl.bc
[3524/5017] Generating obj.libclc.dir/clspv64--/clc/lib/generic/math/clc_ep_log.cl.bc
[3525/5017] Generating obj.libclc.dir/clspv64--/clc/lib/generic/math/clc_cos.cl.bc
[3526/5017] Generating obj.libclc.dir/clspv64--/clc/lib/generic/math/clc_atan2.cl.bc
[3527/5017] Generating obj.libclc.dir/clspv64--/clc/lib/generic/math/clc_fabs.cl.bc
[3528/5017] Generating obj.libclc.dir/clspv64--/clc/lib/generic/math/clc_fma.cl.bc
[3529/5017] Generating obj.libclc.dir/clspv64--/clc/lib/generic/math/clc_erfc.cl.bc
[3530/5017] Generating obj.libclc.dir/clspv64--/clc/lib/generic/math/clc_exp2.cl.bc
[3531/5017] Generating obj.libclc.dir/clspv64--/clc/lib/generic/math/clc_erf.cl.bc
[3532/5017] Generating obj.libclc.dir/clspv64--/clc/lib/generic/math/clc_fmax.cl.bc
[3533/5017] Generating obj.libclc.dir/clspv64--/clc/lib/generic/math/clc_fmin.cl.bc
[3534/5017] Generating obj.libclc.dir/clspv64--/clc/lib/generic/math/clc_floor.cl.bc
[3535/5017] Generating obj.libclc.dir/clspv64--/clc/lib/generic/math/clc_fract.cl.bc
[3536/5017] Generating obj.libclc.dir/clspv64--/clc/lib/generic/math/clc_half_cos.cl.bc
[3537/5017] Generating obj.libclc.dir/clspv64--/clc/lib/generic/math/clc_expm1.cl.bc
[3538/5017] Generating obj.libclc.dir/clspv64--/clc/lib/generic/math/clc_half_exp.cl.bc
[3539/5017] Generating obj.libclc.dir/clspv64--/clc/lib/generic/math/clc_half_divide.cl.bc
[3540/5017] Generating obj.libclc.dir/clspv64--/clc/lib/generic/math/clc_half_log.cl.bc
[3541/5017] Generating obj.libclc.dir/clspv64--/clc/lib/generic/math/clc_exp10.cl.bc
[3542/5017] Generating obj.libclc.dir/clspv64--/clc/lib/generic/math/clc_half_exp10.cl.bc
[3543/5017] Generating obj.libclc.dir/clspv64--/clc/lib/generic/math/clc_half_log10.cl.bc
[3544/5017] Generating obj.libclc.dir/clspv64--/clc/lib/generic/math/clc_fdim.cl.bc
[3545/5017] Generating obj.libclc.dir/clspv64--/clc/lib/generic/math/clc_exp.cl.bc
[3546/5017] Generating obj.libclc.dir/clspv64--/clc/lib/generic/math/clc_half_exp2.cl.bc
[3547/5017] Generating obj.libclc.dir/clspv64--/clc/lib/generic/math/clc_half_log2.cl.bc
[3548/5017] Generating obj.libclc.dir/clspv64--/clc/lib/generic/math/clc_half_powr.cl.bc
[3549/5017] Generating obj.libclc.dir/clspv64--/clc/lib/generic/math/clc_half_rsqrt.cl.bc
[3550/5017] Generating obj.libclc.dir/clspv64--/clc/lib/generic/math/clc_exp_helper.cl.bc
[3551/5017] Generating obj.libclc.dir/clspv64--/clc/lib/generic/math/clc_half_recip.cl.bc
[3552/5017] Generating obj.libclc.dir/clspv64--/clc/lib/generic/math/clc_half_tan.cl.bc
[3553/5017] Generating obj.libclc.dir/clspv64--/clc/lib/generic/math/clc_half_sin.cl.bc
[3554/5017] Generating obj.libclc.dir/clspv64--/clc/lib/generic/math/clc_half_sqrt.cl.bc
[3555/5017] Generating obj.libclc.dir/clspv64--/clc/lib/generic/math/clc_ldexp.cl.bc
[3556/5017] Generating obj.libclc.dir/clspv64--/clc/lib/generic/math/clc_lgamma.cl.bc
[3557/5017] Generating obj.libclc.dir/clspv64--/clc/lib/generic/math/clc_log.cl.bc
[3558/5017] Generating obj.libclc.dir/clspv64--/clc/lib/generic/math/clc_log10.cl.bc
[3559/5017] Generating obj.libclc.dir/clspv64--/clc/lib/generic/math/clc_fmod.cl.bc
[3560/5017] Generating obj.libclc.dir/clspv64--/clc/lib/generic/math/clc_log2.cl.bc
[3561/5017] Generating obj.libclc.dir/clspv64--/clc/lib/generic/math/clc_mad.cl.bc
[3562/5017] Generating obj.libclc.dir/clspv64--/clc/lib/generic/math/clc_hypot.cl.bc
[3563/5017] Generating obj.libclc.dir/clspv64--/clc/lib/generic/math/clc_native_cos.cl.bc
[3564/5017] Generating obj.libclc.dir/clspv64--/clc/lib/generic/math/clc_modf.cl.bc
[3565/5017] Generating obj.libclc.dir/clspv64--/clc/lib/generic/math/clc_frexp.cl.bc
[3566/5017] Generating obj.libclc.dir/clspv64--/clc/lib/generic/math/clc_nan.cl.bc
[3567/5017] Generating obj.libclc.dir/clspv64--/clc/lib/generic/math/clc_lgamma_r.cl.bc
[3568/5017] Generating obj.libclc.dir/clspv64--/clc/lib/generic/math/clc_native_divide.cl.bc
[3569/5017] Generating obj.libclc.dir/clspv64--/clc/lib/generic/math/clc_native_exp.cl.bc
[3570/5017] Generating obj.libclc.dir/clspv64--/clc/lib/generic/math/clc_native_log.cl.bc
[3571/5017] Generating obj.libclc.dir/clspv64--/clc/lib/generic/math/clc_native_exp10.cl.bc
[3572/5017] Generating obj.libclc.dir/clspv64--/clc/lib/generic/math/clc_logb.cl.bc
[3573/5017] Generating obj.libclc.dir/clspv64--/clc/lib/generic/math/clc_maxmag.cl.bc
[3574/5017] Generating obj.libclc.dir/clspv64--/clc/lib/generic/math/clc_native_exp2.cl.bc
[3575/5017] Generating obj.libclc.dir/clspv64--/clc/lib/generic/math/clc_native_log10.cl.bc
[3576/5017] Generating obj.libclc.dir/clspv64--/clc/lib/generic/math/clc_native_log2.cl.bc
[3577/5017] Generating obj.libclc.dir/clspv64--/clc/lib/generic/math/clc_native_powr.cl.bc
[3578/5017] Generating obj.libclc.dir/clspv64--/clc/lib/generic/math/clc_ilogb.cl.bc
[3579/5017] Generating obj.libclc.dir/clspv64--/clc/lib/generic/math/clc_native_recip.cl.bc
[3580/5017] Generating obj.libclc.dir/clspv64--/clc/lib/generic/math/clc_native_sin.cl.bc
[3581/5017] Generating obj.libclc.dir/clspv64--/clc/lib/generic/math/clc_native_rsqrt.cl.bc
[3582/5017] Generating obj.libclc.dir/clspv64--/clc/lib/generic/math/clc_native_sqrt.cl.bc
[3583/5017] Generating obj.libclc.dir/clspv64--/clc/lib/generic/math/clc_log1p.cl.bc
[3584/5017] Generating obj.libclc.dir/clspv64--/clc/lib/generic/math/clc_native_tan.cl.bc
[3585/5017] Generating obj.libclc.dir/clspv64--/clc/lib/generic/math/clc_rint.cl.bc
[3586/5017] Generating obj.libclc.dir/clspv64--/clc/lib/generic/math/clc_nextafter.cl.bc
[3587/5017] Generating obj.libclc.dir/clspv--/clspv-convert.cl.bc
[3588/5017] Generating obj.libclc.dir/clspv64--/clc/lib/generic/math/clc_round.cl.bc
[3589/5017] Generating obj.libclc.dir/clspv64--/clc/lib/generic/math/clc_rsqrt.cl.bc
[3590/5017] Generating obj.libclc.dir/clspv64--/clc/lib/generic/math/clc_sincos.cl.bc
[3591/5017] Generating obj.libclc.dir/clspv64--/clc/lib/generic/math/clc_minmag.cl.bc
[3592/5017] Generating obj.libclc.dir/clspv64--/clc/lib/generic/math/clc_remainder.cl.bc
[3593/5017] Generating obj.libclc.dir/clspv64--/clc/lib/generic/math/clc_sqrt.cl.bc
[3594/5017] Generating obj.libclc.dir/clspv64--/clc/lib/generic/math/clc_pown.cl.bc
[3595/5017] Generating obj.libclc.dir/clspv64--/clc/lib/generic/math/clc_powr.cl.bc
[3596/5017] Generating obj.libclc.dir/clspv64--/clc/lib/generic/math/clc_rootn.cl.bc
[3597/5017] Generating obj.libclc.dir/clspv64--/clc/lib/generic/math/clc_sinh.cl.bc
[3598/5017] Generating obj.libclc.dir/clspv64--/clc/lib/generic/math/clc_remquo.cl.bc
[3599/5017] Generating obj.libclc.dir/clspv64--/clc/lib/generic/math/clc_trunc.cl.bc
[3600/5017] Generating obj.libclc.dir/clspv64--/clc/lib/generic/math/clc_sinpi.cl.bc
[3601/5017] Generating obj.libclc.dir/clspv64--/clc/lib/generic/math/clc_tables.cl.bc
[3602/5017] Generating obj.libclc.dir/clspv64--/clc/lib/generic/relational/clc_all.cl.bc
[3603/5017] Generating obj.libclc.dir/clspv64--/clc/lib/generic/relational/clc_any.cl.bc
[3604/5017] Generating obj.libclc.dir/clspv64--/clc/lib/generic/relational/clc_bitselect.cl.bc
[3605/5017] Generating obj.libclc.dir/clspv64--/clc/lib/generic/math/clc_tanh.cl.bc
[3606/5017] Generating obj.libclc.dir/clspv64--/clc/lib/generic/relational/clc_isfinite.cl.bc
[3607/5017] Generating obj.libclc.dir/clspv64--/clc/lib/generic/relational/clc_isequal.cl.bc
[3608/5017] Generating obj.libclc.dir/clspv64--/clc/lib/generic/relational/clc_isgreater.cl.bc
[3609/5017] Generating obj.libclc.dir/clspv64--/clc/lib/generic/math/clc_tgamma.cl.bc
[3610/5017] Generating obj.libclc.dir/clspv64--/clc/lib/generic/relational/clc_isgreaterequal.cl.bc
[3611/5017] Generating obj.libclc.dir/clspv64--/clc/lib/generic/relational/clc_isless.cl.bc
[3612/5017] Generating obj.libclc.dir/clspv64--/clc/lib/generic/relational/clc_isinf.cl.bc
[3613/5017] Generating obj.libclc.dir/clspv64--/clc/lib/generic/relational/clc_islessequal.cl.bc
[3614/5017] Generating obj.libclc.dir/clspv64--/clc/lib/generic/math/clc_tanpi.cl.bc
[3615/5017] Generating obj.libclc.dir/clspv64--/clc/lib/generic/relational/clc_islessgreater.cl.bc
[3616/5017] Generating obj.libclc.dir/clspv64--/clc/lib/generic/relational/clc_isnan.cl.bc
[3617/5017] Generating obj.libclc.dir/clspv64--/clc/lib/generic/relational/clc_isnotequal.cl.bc
[3618/5017] Generating obj.libclc.dir/clspv64--/clc/lib/generic/relational/clc_isnormal.cl.bc
[3619/5017] Generating obj.libclc.dir/clspv64--/clc/lib/generic/relational/clc_isunordered.cl.bc
[3620/5017] Generating obj.libclc.dir/clspv64--/clc/lib/generic/relational/clc_isordered.cl.bc
[3621/5017] Generating obj.libclc.dir/clspv64--/clc/lib/generic/relational/clc_signbit.cl.bc
[3622/5017] Generating obj.libclc.dir/clspv64--/clc/lib/generic/relational/clc_select.cl.bc
[3623/5017] Generating obj.libclc.dir/clspv64--/clc/lib/generic/shared/clc_max.cl.bc
[3624/5017] Generating obj.libclc.dir/clspv64--/clc/lib/generic/math/clc_sin.cl.bc
[3625/5017] Generating obj.libclc.dir/clspv64--/clc/lib/generic/math/clc_pow.cl.bc
[3626/5017] Generating obj.libclc.dir/clspv64--/clc/lib/generic/shared/clc_clamp.cl.bc
[3627/5017] Generating obj.libclc.dir/clspv64--/clc/lib/generic/workitem/clc_get_local_linear_id.cl.bc
[3628/5017] Generating obj.libclc.dir/clspv64--/clc/lib/generic/math/clc_tan.cl.bc
[3629/5017] Generating obj.libclc.dir/clspv64--/clc/lib/generic/workitem/clc_get_num_sub_groups.cl.bc
[3630/5017] Generating obj.libclc.dir/clspv64--/clc/lib/generic/workitem/clc_get_sub_group_id.cl.bc
[3631/5017] Generating obj.libclc.dir/clspv64--/clc/lib/generic/shared/clc_min.cl.bc
[3632/5017] Generating obj.libclc.dir/clspv64--/opencl/lib/clspv/math/fma.cl.bc
[3633/5017] Generating obj.libclc.dir/clspv64--/clc/lib/generic/workitem/clc_get_sub_group_size.cl.bc
[3634/5017] Generating obj.libclc.dir/clspv64--/opencl/lib/clspv/subnormal_config.cl.bc
[3635/5017] Generating obj.libclc.dir/clspv64--/opencl/lib/generic/geometric/length.cl.bc
[3636/5017] Generating obj.libclc.dir/clspv64--/clc/lib/generic/shared/clc_vload.cl.bc
[3637/5017] Generating obj.libclc.dir/clspv64--/opencl/lib/generic/math/asinh.cl.bc
[3638/5017] Generating obj.libclc.dir/clspv64--/opencl/lib/generic/math/acos.cl.bc
[3639/5017] Generating obj.libclc.dir/clspv64--/opencl/lib/generic/geometric/distance.cl.bc
[3640/5017] Generating obj.libclc.dir/clspv64--/opencl/lib/generic/math/acospi.cl.bc
[3641/5017] Generating obj.libclc.dir/clspv64--/opencl/lib/generic/math/acosh.cl.bc
[3642/5017] Generating obj.libclc.dir/clspv64--/opencl/lib/generic/math/asin.cl.bc
[3643/5017] Generating obj.libclc.dir/clspv64--/opencl/lib/generic/math/atanh.cl.bc
[3644/5017] Generating obj.libclc.dir/clspv64--/opencl/lib/generic/math/atan2.cl.bc
[3645/5017] Generating obj.libclc.dir/clspv64--/opencl/lib/clspv/shared/vstore_half.cl.bc
[3646/5017] Generating obj.libclc.dir/clspv64--/opencl/lib/generic/math/asinpi.cl.bc
[3647/5017] Generating obj.libclc.dir/clspv64--/opencl/lib/generic/math/atan.cl.bc
[3648/5017] Generating obj.libclc.dir/clspv64--/opencl/lib/generic/math/atan2pi.cl.bc
[3649/5017] Generating obj.libclc.dir/clspv64--/opencl/lib/generic/math/atanpi.cl.bc
[3650/5017] Generating obj.libclc.dir/clspv64--/clc/lib/generic/misc/clc_shuffle2.cl.bc
[3651/5017] Generating obj.libclc.dir/clspv64--/clc/lib/generic/math/clc_sincos_helpers.cl.bc
[3652/5017] Generating obj.libclc.dir/clspv64--/opencl/lib/generic/math/cbrt.cl.bc
[3653/5017] Generating obj.libclc.dir/clspv64--/opencl/lib/generic/math/cos.cl.bc
[3654/5017] Generating obj.libclc.dir/clspv64--/opencl/lib/generic/math/exp.cl.bc
[3655/5017] Generating obj.libclc.dir/clspv64--/opencl/lib/generic/math/cospi.cl.bc
[3656/5017] Generating obj.libclc.dir/clspv64--/opencl/lib/generic/math/exp10.cl.bc
[3657/5017] Generating obj.libclc.dir/clspv64--/opencl/lib/generic/math/erfc.cl.bc
[3658/5017] Generating obj.libclc.dir/clspv64--/clc/lib/generic/misc/clc_shuffle.cl.bc
[3659/5017] Generating obj.libclc.dir/clspv64--/opencl/lib/generic/math/erf.cl.bc
[3660/5017] Generating obj.libclc.dir/clspv64--/opencl/lib/generic/math/cosh.cl.bc
[3661/5017] Generating obj.libclc.dir/clspv64--/opencl/lib/generic/math/expm1.cl.bc
[3662/5017] Generating obj.libclc.dir/clspv64--/opencl/lib/generic/math/fdim.cl.bc
[3663/5017] Generating obj.libclc.dir/clspv64--/opencl/lib/generic/math/fmod.cl.bc
[3664/5017] Generating obj.libclc.dir/clspv64--/opencl/lib/generic/math/fract.cl.bc
[3665/5017] Generating obj.libclc.dir/clspv64--/opencl/lib/generic/math/half_cos.cl.bc
[3666/5017] Generating obj.libclc.dir/clspv64--/opencl/lib/generic/math/frexp.cl.bc
[3667/5017] Generating obj.libclc.dir/clspv64--/opencl/lib/generic/math/exp2.cl.bc
[3668/5017] Generating obj.libclc.dir/clspv64--/opencl/lib/generic/math/half_exp2.cl.bc
[3669/5017] Generating obj.libclc.dir/clspv64--/opencl/lib/generic/math/half_exp.cl.bc
[3670/5017] Generating obj.libclc.dir/clspv64--/opencl/lib/generic/math/half_divide.cl.bc
[3671/5017] Generating obj.libclc.dir/clspv64--/clc/lib/generic/shared/clc_vstore.cl.bc
[3672/5017] Generating obj.libclc.dir/clspv64--/opencl/lib/generic/math/half_log10.cl.bc
[3673/5017] Generating obj.libclc.dir/clspv64--/opencl/lib/generic/math/half_log.cl.bc
[3674/5017] Generating obj.libclc.dir/clspv64--/opencl/lib/generic/math/half_exp10.cl.bc
[3675/5017] Generating obj.libclc.dir/clspv64--/opencl/lib/generic/math/half_log2.cl.bc
[3676/5017] Generating obj.libclc.dir/clspv64--/opencl/lib/generic/math/half_sin.cl.bc
[3677/5017] Generating obj.libclc.dir/clspv64--/opencl/lib/generic/math/half_sqrt.cl.bc
[3678/5017] Generating obj.libclc.dir/clspv64--/opencl/lib/generic/math/half_recip.cl.bc
[3679/5017] Generating obj.libclc.dir/clspv64--/opencl/lib/generic/math/hypot.cl.bc
[3680/5017] Generating obj.libclc.dir/clspv64--/opencl/lib/generic/math/ilogb.cl.bc
[3681/5017] Generating obj.libclc.dir/clspv64--/opencl/lib/generic/math/half_powr.cl.bc
[3682/5017] Generating obj.libclc.dir/clspv64--/opencl/lib/generic/math/half_tan.cl.bc
[3683/5017] Generating obj.libclc.dir/clspv64--/opencl/lib/generic/math/log.cl.bc
[3684/5017] Generating obj.libclc.dir/clspv64--/opencl/lib/generic/math/log10.cl.bc
[3685/5017] Generating obj.libclc.dir/clspv64--/opencl/lib/generic/math/log1p.cl.bc
[3686/5017] Generating obj.libclc.dir/clspv64--/opencl/lib/generic/math/logb.cl.bc
[3687/5017] Generating obj.libclc.dir/clspv64--/opencl/lib/generic/math/lgamma.cl.bc
[3688/5017] Generating obj.libclc.dir/clspv64--/opencl/lib/generic/math/lgamma_r.cl.bc
[3689/5017] Generating obj.libclc.dir/clspv64--/opencl/lib/generic/math/minmag.cl.bc
[3690/5017] Generating obj.libclc.dir/clspv64--/opencl/lib/generic/math/ldexp.cl.bc
[3691/5017] Generating obj.libclc.dir/clspv64--/opencl/lib/generic/math/maxmag.cl.bc
[3692/5017] Generating obj.libclc.dir/clspv64--/opencl/lib/generic/math/log2.cl.bc
[3693/5017] Generating obj.libclc.dir/clspv64--/opencl/lib/generic/math/nan.cl.bc
[3694/5017] Generating obj.libclc.dir/clspv64--/opencl/lib/generic/math/modf.cl.bc
[3695/5017] Generating obj.libclc.dir/clspv64--/opencl/lib/generic/math/pow.cl.bc
[3696/5017] Generating obj.libclc.dir/clspv64--/opencl/lib/generic/math/nextafter.cl.bc
[3697/5017] Generating obj.libclc.dir/clspv64--/opencl/lib/generic/math/pown.cl.bc
[3698/5017] Generating obj.libclc.dir/clspv64--/opencl/lib/generic/math/powr.cl.bc
[3699/5017] Generating obj.libclc.dir/clspv64--/opencl/lib/generic/math/remainder.cl.bc
[3700/5017] Generating obj.libclc.dir/clspv64--/opencl/lib/generic/math/remquo.cl.bc
[3701/5017] Generating obj.libclc.dir/clspv64--/opencl/lib/generic/math/sin.cl.bc
[3702/5017] Generating obj.libclc.dir/clspv64--/opencl/lib/generic/math/sinh.cl.bc
[3703/5017] Generating obj.libclc.dir/clspv64--/opencl/lib/generic/math/rootn.cl.bc
[3704/5017] Generating obj.libclc.dir/clspv64--/opencl/lib/generic/math/sinpi.cl.bc
[3705/5017] Generating obj.libclc.dir/clspv64--/opencl/lib/generic/math/tan.cl.bc
[3706/5017] Generating obj.libclc.dir/clspv64--/opencl/lib/generic/math/tanh.cl.bc
[3707/5017] Generating obj.libclc.dir/nvptx--/clc/lib/generic/common/clc_degrees.cl.bc
[3708/5017] Generating obj.libclc.dir/clspv64--/opencl/lib/generic/math/tanpi.cl.bc
[3709/5017] Generating obj.libclc.dir/nvptx--/clc/lib/generic/common/clc_radians.cl.bc
[3710/5017] Generating obj.libclc.dir/nvptx--/clc/lib/generic/geometric/clc_cross.cl.bc
[3711/5017] Generating obj.libclc.dir/clspv64--/clc-convert.cl.bc
[3712/5017] Generating obj.libclc.dir/nvptx--/clc/lib/generic/async/clc_prefetch.cl.bc
[3713/5017] Generating obj.libclc.dir/clspv64--/opencl/lib/generic/math/tgamma.cl.bc
[3714/5017] Generating obj.libclc.dir/nvptx--/clc/lib/generic/common/clc_sign.cl.bc
[3715/5017] Generating obj.libclc.dir/nvptx--/clc/lib/generic/common/clc_step.cl.bc
[3716/5017] Generating obj.libclc.dir/clspv64--/opencl/lib/generic/math/sincos.cl.bc
[3717/5017] Generating obj.libclc.dir/nvptx--/clc/lib/generic/common/clc_smoothstep.cl.bc
[3718/5017] Generating obj.libclc.dir/nvptx--/clc/lib/generic/geometric/clc_dot.cl.bc
[3719/5017] Generating obj.libclc.dir/nvptx--/clc/lib/generic/geometric/clc_fast_distance.cl.bc
[3720/5017] Generating obj.libclc.dir/nvptx--/clc/lib/generic/geometric/clc_distance.cl.bc
[3721/5017] Generating obj.libclc.dir/nvptx--/clc/lib/generic/geometric/clc_fast_length.cl.bc
[3722/5017] Generating obj.libclc.dir/nvptx--/clc/lib/generic/geometric/clc_fast_normalize.cl.bc
[3723/5017] Generating obj.libclc.dir/nvptx--/clc/lib/generic/integer/clc_add_sat.cl.bc
[3724/5017] Generating obj.libclc.dir/nvptx--/clc/lib/generic/integer/clc_abs_diff.cl.bc
[3725/5017] Generating obj.libclc.dir/nvptx--/clc/lib/generic/integer/clc_abs.cl.bc
[3726/5017] Generating obj.libclc.dir/nvptx--/clc/lib/generic/integer/clc_ctz.cl.bc
[3727/5017] Generating obj.libclc.dir/nvptx--/clc/lib/generic/integer/clc_mul24.cl.bc
[3728/5017] Generating obj.libclc.dir/nvptx--/clc/lib/generic/geometric/clc_length.cl.bc
[3729/5017] Generating obj.libclc.dir/nvptx--/clc/lib/generic/integer/clc_mad24.cl.bc
[3730/5017] Generating obj.libclc.dir/nvptx--/clc/lib/generic/integer/clc_clz.cl.bc
[3731/5017] Generating obj.libclc.dir/nvptx--/clc/lib/generic/integer/clc_hadd.cl.bc
[3732/5017] Generating obj.libclc.dir/nvptx--/clc/lib/generic/integer/clc_rhadd.cl.bc
[3733/5017] Generating obj.libclc.dir/nvptx--/clc/lib/generic/integer/clc_popcount.cl.bc
[3734/5017] Generating obj.libclc.dir/nvptx--/clc/lib/generic/integer/clc_rotate.cl.bc
[3735/5017] Generating obj.libclc.dir/nvptx--/clc/lib/generic/integer/clc_sub_sat.cl.bc
[3736/5017] Generating obj.libclc.dir/nvptx--/clc/lib/generic/integer/clc_mul_hi.cl.bc
[3737/5017] Generating obj.libclc.dir/nvptx--/clc/lib/generic/geometric/clc_normalize.cl.bc
[3738/5017] Generating obj.libclc.dir/nvptx--/clc/lib/generic/math/clc_acospi.cl.bc
[3739/5017] Generating obj.libclc.dir/nvptx--/clc/lib/generic/math/clc_asinh.cl.bc
[3740/5017] Generating obj.libclc.dir/nvptx--/clc/lib/generic/integer/clc_mad_sat.cl.bc
[3741/5017] Generating obj.libclc.dir/nvptx--/clc/lib/generic/math/clc_asin.cl.bc
[3742/5017] Generating obj.libclc.dir/nvptx--/clc/lib/generic/integer/clc_upsample.cl.bc
[3743/5017] Generating obj.libclc.dir/nvptx--/clc/lib/generic/math/clc_atan.cl.bc
[3744/5017] Generating obj.libclc.dir/nvptx--/clc/lib/generic/math/clc_ceil.cl.bc
[3745/5017] Generating obj.libclc.dir/nvptx--/clc/lib/generic/math/clc_asinpi.cl.bc
[3746/5017] Generating obj.libclc.dir/nvptx--/clc/lib/generic/math/clc_copysign.cl.bc
[3747/5017] Generating obj.libclc.dir/nvptx--/clc/lib/generic/math/clc_atanh.cl.bc
[3748/5017] Generating obj.libclc.dir/nvptx--/clc/lib/generic/math/clc_atan2pi.cl.bc
[3749/5017] Generating obj.libclc.dir/nvptx--/clc/lib/generic/math/clc_erf.cl.bc
[3750/5017] Generating obj.libclc.dir/nvptx--/clc/lib/generic/math/clc_atan2.cl.bc
[3751/5017] Generating obj.libclc.dir/nvptx--/clc/lib/generic/math/clc_erfc.cl.bc
[3752/5017] Generating obj.libclc.dir/nvptx--/clc/lib/generic/math/clc_acos.cl.bc
[3753/5017] Generating obj.libclc.dir/nvptx--/clc/lib/generic/math/clc_acosh.cl.bc
[3754/5017] Generating obj.libclc.dir/nvptx--/clc/lib/generic/math/clc_cos.cl.bc
[3755/5017] Generating obj.libclc.dir/nvptx--/clc/lib/generic/math/clc_atanpi.cl.bc
[3756/5017] Generating obj.libclc.dir/nvptx--/clc/lib/generic/math/clc_ep_log.cl.bc
[3757/5017] Generating obj.libclc.dir/nvptx--/clc/lib/generic/math/clc_cosh.cl.bc
[3758/5017] Generating obj.libclc.dir/nvptx--/clc/lib/generic/math/clc_cbrt.cl.bc
[3759/5017] Generating obj.libclc.dir/nvptx--/clc/lib/generic/math/clc_fma.cl.bc
[3760/5017] Generating obj.libclc.dir/nvptx--/clc/lib/generic/math/clc_fabs.cl.bc
[3761/5017] Generating obj.libclc.dir/nvptx--/clc/lib/generic/math/clc_fmin.cl.bc
[3762/5017] Generating obj.libclc.dir/nvptx--/clc/lib/generic/math/clc_fmax.cl.bc
[3763/5017] Generating obj.libclc.dir/nvptx--/clc/lib/generic/math/clc_cospi.cl.bc
[3764/5017] Generating obj.libclc.dir/nvptx--/clc/lib/generic/math/clc_floor.cl.bc
[3765/5017] Generating obj.libclc.dir/nvptx--/clc/lib/generic/math/clc_exp10.cl.bc
[3766/5017] Generating obj.libclc.dir/nvptx--/clc/lib/generic/math/clc_fdim.cl.bc
[3767/5017] Generating obj.libclc.dir/nvptx--/clc/lib/generic/math/clc_half_divide.cl.bc
[3768/5017] Generating obj.libclc.dir/nvptx--/clc/lib/generic/math/clc_half_exp.cl.bc
[3769/5017] Generating obj.libclc.dir/nvptx--/clc/lib/generic/math/clc_exp_helper.cl.bc
[3770/5017] Generating obj.libclc.dir/nvptx--/clc/lib/generic/math/clc_half_cos.cl.bc
[3771/5017] Generating obj.libclc.dir/nvptx--/clc/lib/generic/math/clc_fract.cl.bc
[3772/5017] Generating obj.libclc.dir/nvptx--/clc/lib/generic/math/clc_half_exp10.cl.bc
[3773/5017] Generating obj.libclc.dir/nvptx--/clc/lib/generic/math/clc_half_exp2.cl.bc
[3774/5017] Generating obj.libclc.dir/nvptx--/clc/lib/generic/math/clc_half_log.cl.bc
[3775/5017] Generating obj.libclc.dir/nvptx--/clc/lib/generic/math/clc_half_powr.cl.bc
[3776/5017] Generating obj.libclc.dir/nvptx--/clc/lib/generic/math/clc_exp.cl.bc
[3777/5017] Generating obj.libclc.dir/nvptx--/clc/lib/generic/math/clc_half_rsqrt.cl.bc
[3778/5017] Generating obj.libclc.dir/nvptx--/clc/lib/generic/math/clc_half_recip.cl.bc
[3779/5017] Generating obj.libclc.dir/nvptx--/clc/lib/generic/math/clc_half_log10.cl.bc
[3780/5017] Generating obj.libclc.dir/nvptx--/clc/lib/generic/math/clc_half_sin.cl.bc
[3781/5017] Generating obj.libclc.dir/nvptx--/clc/lib/generic/math/clc_half_log2.cl.bc
[3782/5017] Generating obj.libclc.dir/nvptx--/clc/lib/generic/math/clc_half_tan.cl.bc
[3783/5017] Generating obj.libclc.dir/nvptx--/clc/lib/generic/math/clc_expm1.cl.bc
[3784/5017] Generating obj.libclc.dir/nvptx--/clc/lib/generic/math/clc_half_sqrt.cl.bc
[3785/5017] Generating obj.libclc.dir/nvptx--/clc/lib/generic/math/clc_log.cl.bc
[3786/5017] Generating obj.libclc.dir/nvptx--/clc/lib/generic/math/clc_fmod.cl.bc
[3787/5017] Generating obj.libclc.dir/nvptx--/clc/lib/generic/math/clc_lgamma.cl.bc
[3788/5017] Generating obj.libclc.dir/nvptx--/clc/lib/generic/math/clc_exp2.cl.bc
[3789/5017] Generating obj.libclc.dir/nvptx--/clc/lib/generic/math/clc_ldexp.cl.bc
[3790/5017] Generating obj.libclc.dir/nvptx--/clc/lib/generic/math/clc_hypot.cl.bc
[3791/5017] Generating obj.libclc.dir/nvptx--/clc/lib/generic/math/clc_mad.cl.bc
[3792/5017] Generating obj.libclc.dir/nvptx--/clc/lib/generic/math/clc_ilogb.cl.bc
[3793/5017] Generating obj.libclc.dir/nvptx--/clc/lib/generic/math/clc_log2.cl.bc
[3794/5017] Generating obj.libclc.dir/nvptx--/clc/lib/generic/math/clc_log10.cl.bc
[3795/5017] Generating obj.libclc.dir/nvptx--/clc/lib/generic/math/clc_modf.cl.bc
[3796/5017] Generating obj.libclc.dir/nvptx--/clc/lib/generic/math/clc_logb.cl.bc
[3797/5017] Generating obj.libclc.dir/nvptx--/clc/lib/generic/math/clc_frexp.cl.bc
[3798/5017] Generating obj.libclc.dir/nvptx--/clc/lib/generic/math/clc_native_cos.cl.bc
[3799/5017] Generating obj.libclc.dir/nvptx--/clc/lib/generic/math/clc_native_exp.cl.bc
[3800/5017] Generating obj.libclc.dir/nvptx--/clc/lib/generic/math/clc_nan.cl.bc
[3801/5017] Generating obj.libclc.dir/nvptx--/clc/lib/generic/math/clc_native_divide.cl.bc
[3802/5017] Generating obj.libclc.dir/nvptx--/clc/lib/generic/math/clc_native_exp10.cl.bc
[3803/5017] Generating obj.libclc.dir/nvptx--/clc/lib/generic/math/clc_native_powr.cl.bc
[3804/5017] Generating obj.libclc.dir/nvptx--/clc/lib/generic/math/clc_native_log10.cl.bc
[3805/5017] Generating obj.libclc.dir/nvptx--/clc/lib/generic/math/clc_native_rsqrt.cl.bc
[3806/5017] Generating obj.libclc.dir/nvptx--/clc/lib/generic/math/clc_native_exp2.cl.bc
[3807/5017] Generating obj.libclc.dir/nvptx--/clc/lib/generic/math/clc_native_log2.cl.bc
[3808/5017] Generating obj.libclc.dir/nvptx--/clc/lib/generic/math/clc_maxmag.cl.bc
[3809/5017] Generating obj.libclc.dir/nvptx--/clc/lib/generic/math/clc_native_log.cl.bc
[3810/5017] Generating obj.libclc.dir/nvptx--/clc/lib/generic/math/clc_native_recip.cl.bc
[3811/5017] Generating obj.libclc.dir/nvptx--/clc/lib/generic/math/clc_minmag.cl.bc
[3812/5017] Generating obj.libclc.dir/nvptx--/clc/lib/generic/math/clc_native_sqrt.cl.bc
[3813/5017] Generating obj.libclc.dir/nvptx--/clc/lib/generic/math/clc_native_sin.cl.bc
[3814/5017] Generating obj.libclc.dir/nvptx--/clc/lib/generic/math/clc_nextafter.cl.bc
[3815/5017] Generating obj.libclc.dir/nvptx--/clc/lib/generic/math/clc_native_tan.cl.bc
[3816/5017] Generating obj.libclc.dir/nvptx--/clc/lib/generic/math/clc_log1p.cl.bc
[3817/5017] Generating obj.libclc.dir/nvptx--/clc/lib/generic/math/clc_rint.cl.bc
[3818/5017] Generating obj.libclc.dir/clspv64--/clspv-convert.cl.bc
[3819/5017] Generating obj.libclc.dir/nvptx--/clc/lib/generic/math/clc_rsqrt.cl.bc
[3820/5017] Generating obj.libclc.dir/nvptx--/clc/lib/generic/math/clc_round.cl.bc
[3821/5017] Generating obj.libclc.dir/nvptx--/clc/lib/generic/math/clc_sincos.cl.bc
[3822/5017] Generating obj.libclc.dir/nvptx--/clc/lib/generic/math/clc_pown.cl.bc
[3823/5017] Generating obj.libclc.dir/nvptx--/clc/lib/generic/math/clc_pow.cl.bc
[3824/5017] Generating obj.libclc.dir/nvptx--/clc/lib/generic/math/clc_sin.cl.bc
[3825/5017] Generating obj.libclc.dir/nvptx--/clc/lib/generic/math/clc_powr.cl.bc
[3826/5017] Generating obj.libclc.dir/nvptx--/clc/lib/generic/math/clc_rootn.cl.bc
[3827/5017] Generating obj.libclc.dir/nvptx--/clc/lib/generic/math/clc_remainder.cl.bc
[3828/5017] Generating obj.libclc.dir/nvptx--/clc/lib/generic/math/clc_sqrt.cl.bc
[3829/5017] Generating obj.libclc.dir/nvptx--/clc/lib/generic/math/clc_tgamma.cl.bc
[3830/5017] Generating obj.libclc.dir/nvptx--/clc/lib/generic/math/clc_sinh.cl.bc
[3831/5017] Generating obj.libclc.dir/nvptx--/clc/lib/generic/math/clc_trunc.cl.bc
[3832/5017] Generating obj.libclc.dir/nvptx--/clc/lib/generic/math/clc_sw_fma.cl.bc
[3833/5017] Generating obj.libclc.dir/nvptx--/clc/lib/generic/math/clc_lgamma_r.cl.bc
[3834/5017] Generating obj.libclc.dir/nvptx--/clc/lib/generic/relational/clc_all.cl.bc
[3835/5017] Generating obj.libclc.dir/nvptx--/clc/lib/generic/math/clc_tan.cl.bc
[3836/5017] Generating obj.libclc.dir/nvptx--/clc/lib/generic/math/clc_tanh.cl.bc
[3837/5017] Generating obj.libclc.dir/nvptx--/clc/lib/generic/math/clc_tanpi.cl.bc
[3838/5017] Generating obj.libclc.dir/nvptx--/clc/lib/generic/relational/clc_any.cl.bc
[3839/5017] Generating obj.libclc.dir/nvptx--/clc/lib/generic/relational/clc_isequal.cl.bc
[3840/5017] Generating obj.libclc.dir/nvptx--/clc/lib/generic/relational/clc_bitselect.cl.bc
[3841/5017] Generating obj.libclc.dir/nvptx--/clc/lib/generic/relational/clc_isgreater.cl.bc
[3842/5017] Generating obj.libclc.dir/nvptx--/clc/lib/generic/relational/clc_isless.cl.bc
[3843/5017] Generating obj.libclc.dir/nvptx--/clc/lib/generic/relational/clc_isfinite.cl.bc
[3844/5017] Generating obj.libclc.dir/nvptx--/clc/lib/generic/relational/clc_isinf.cl.bc
[3845/5017] Generating obj.libclc.dir/nvptx--/clc/lib/generic/relational/clc_isgreaterequal.cl.bc
[3846/5017] Generating obj.libclc.dir/nvptx--/clc/lib/generic/math/clc_tables.cl.bc
[3847/5017] Generating obj.libclc.dir/nvptx--/clc/lib/generic/relational/clc_islessequal.cl.bc
[3848/5017] Generating obj.libclc.dir/nvptx--/clc/lib/generic/relational/clc_isnormal.cl.bc
[3849/5017] Generating obj.libclc.dir/nvptx--/clc/lib/generic/relational/clc_isordered.cl.bc
[3850/5017] Generating obj.libclc.dir/nvptx--/clc/lib/generic/relational/clc_isunordered.cl.bc
[3851/5017] Generating obj.libclc.dir/nvptx--/clc/lib/generic/math/clc_sincos_helpers.cl.bc
[3852/5017] Generating obj.libclc.dir/nvptx--/clc/lib/generic/relational/clc_isnan.cl.bc
[3853/5017] Generating obj.libclc.dir/nvptx--/clc/lib/generic/relational/clc_isnotequal.cl.bc
[3854/5017] Generating obj.libclc.dir/nvptx--/clc/lib/generic/relational/clc_islessgreater.cl.bc
[3855/5017] Generating obj.libclc.dir/nvptx--/clc/lib/generic/relational/clc_signbit.cl.bc
[3856/5017] Generating obj.libclc.dir/nvptx--/clc/lib/generic/math/clc_sinpi.cl.bc
[3857/5017] Generating obj.libclc.dir/nvptx--/clc/lib/generic/relational/clc_select.cl.bc
[3858/5017] Generating obj.libclc.dir/nvptx--/clc/lib/generic/workitem/clc_get_local_linear_id.cl.bc
[3859/5017] Generating obj.libclc.dir/nvptx--/clc/lib/generic/shared/clc_clamp.cl.bc
[3860/5017] Generating obj.libclc.dir/nvptx--/clc/lib/generic/workitem/clc_get_sub_group_id.cl.bc
[3861/5017] Generating obj.libclc.dir/nvptx--/opencl/lib/generic/subnormal_helper_func.ll.bc
[3862/5017] Generating obj.libclc.dir/nvptx--/clc/lib/generic/workitem/clc_get_num_sub_groups.cl.bc
[3863/5017] Generating obj.libclc.dir/nvptx--/opencl/lib/generic/subnormal_use_default.ll.bc
[3864/5017] Generating obj.libclc.dir/nvptx--/clc/lib/generic/shared/clc_min.cl.bc
[3865/5017] Generating obj.libclc.dir/nvptx--/clc/lib/generic/workitem/clc_get_sub_group_size.cl.bc
[3866/5017] Generating obj.libclc.dir/nvptx--/clc/lib/generic/shared/clc_max.cl.bc
[3867/5017] Generating obj.libclc.dir/nvptx--nvidiacl/clc/lib/ptx-nvidiacl/workitem/clc_get_group_id.cl.bc
[3868/5017] Generating obj.libclc.dir/nvptx--nvidiacl/clc/lib/ptx-nvidiacl/workitem/clc_get_global_id.cl.bc
[3869/5017] Generating obj.libclc.dir/nvptx--nvidiacl/clc/lib/ptx-nvidiacl/workitem/clc_get_local_id.cl.bc
[3870/5017] Generating obj.libclc.dir/nvptx--nvidiacl/clc/lib/ptx-nvidiacl/workitem/clc_get_max_sub_group_size.cl.bc
[3871/5017] Generating obj.libclc.dir/nvptx--nvidiacl/clc/lib/ptx-nvidiacl/workitem/clc_get_local_size.cl.bc
[3872/5017] Generating obj.libclc.dir/nvptx--/clc/lib/generic/shared/clc_vload.cl.bc
[3873/5017] Generating obj.libclc.dir/nvptx--nvidiacl/clc/lib/ptx-nvidiacl/workitem/clc_get_num_groups.cl.bc
[3874/5017] Generating obj.libclc.dir/nvptx--nvidiacl/clc/lib/ptx-nvidiacl/workitem/clc_get_sub_group_local_id.cl.bc
[3875/5017] Generating obj.libclc.dir/nvptx--nvidiacl/clc/lib/generic/async/clc_prefetch.cl.bc
[3876/5017] Generating obj.libclc.dir/nvptx--nvidiacl/clc/lib/generic/common/clc_step.cl.bc
[3877/5017] Generating obj.libclc.dir/nvptx--nvidiacl/clc/lib/generic/geometric/clc_cross.cl.bc
[3878/5017] Generating obj.libclc.dir/nvptx--nvidiacl/clc/lib/generic/common/clc_sign.cl.bc
[3879/5017] Generating obj.libclc.dir/nvptx--nvidiacl/clc/lib/generic/common/clc_radians.cl.bc
[3880/5017] Generating obj.libclc.dir/nvptx--nvidiacl/clc/lib/generic/common/clc_degrees.cl.bc
[3881/5017] Generating obj.libclc.dir/nvptx--/clc/lib/generic/misc/clc_shuffle.cl.bc
[3882/5017] Generating obj.libclc.dir/nvptx--nvidiacl/clc/lib/generic/common/clc_smoothstep.cl.bc
[3883/5017] Generating obj.libclc.dir/nvptx--nvidiacl/clc/lib/generic/geometric/clc_distance.cl.bc
[3884/5017] Generating obj.libclc.dir/nvptx--nvidiacl/clc/lib/generic/geometric/clc_dot.cl.bc
[3885/5017] Generating obj.libclc.dir/nvptx--nvidiacl/clc/lib/generic/geometric/clc_fast_distance.cl.bc
[3886/5017] Generating obj.libclc.dir/nvptx--nvidiacl/clc/lib/generic/geometric/clc_fast_length.cl.bc
[3887/5017] Generating obj.libclc.dir/nvptx--/clc/lib/generic/misc/clc_shuffle2.cl.bc
[3888/5017] Generating obj.libclc.dir/nvptx--nvidiacl/clc/lib/generic/integer/clc_add_sat.cl.bc
[3889/5017] Generating obj.libclc.dir/nvptx--nvidiacl/clc/lib/generic/geometric/clc_fast_normalize.cl.bc
[3890/5017] Generating obj.libclc.dir/nvptx--nvidiacl/clc/lib/generic/geometric/clc_length.cl.bc
[3891/5017] Generating obj.libclc.dir/nvptx--nvidiacl/clc/lib/generic/integer/clc_abs.cl.bc
[3892/5017] Generating obj.libclc.dir/nvptx--nvidiacl/clc/lib/generic/integer/clc_abs_diff.cl.bc
[3893/5017] Generating obj.libclc.dir/nvptx--nvidiacl/clc/lib/generic/integer/clc_mad24.cl.bc
[3894/5017] Generating obj.libclc.dir/nvptx--nvidiacl/clc/lib/generic/integer/clc_ctz.cl.bc
[3895/5017] Generating obj.libclc.dir/nvptx--nvidiacl/clc/lib/generic/integer/clc_hadd.cl.bc
[3896/5017] Generating obj.libclc.dir/nvptx--nvidiacl/clc/lib/generic/integer/clc_mul24.cl.bc
[3897/5017] Generating obj.libclc.dir/nvptx--/clc-convert.cl.bc
[3898/5017] Generating obj.libclc.dir/nvptx--nvidiacl/clc/lib/generic/integer/clc_popcount.cl.bc
[3899/5017] Generating obj.libclc.dir/nvptx--nvidiacl/clc/lib/generic/integer/clc_clz.cl.bc
[3900/5017] Generating obj.libclc.dir/nvptx--nvidiacl/clc/lib/generic/integer/clc_sub_sat.cl.bc
[3901/5017] Generating obj.libclc.dir/nvptx--nvidiacl/clc/lib/generic/integer/clc_rotate.cl.bc
[3902/5017] Generating obj.libclc.dir/nvptx--nvidiacl/clc/lib/generic/integer/clc_rhadd.cl.bc
[3903/5017] Generating obj.libclc.dir/nvptx--nvidiacl/clc/lib/generic/geometric/clc_normalize.cl.bc
[3904/5017] Generating obj.libclc.dir/nvptx--nvidiacl/clc/lib/generic/integer/clc_mul_hi.cl.bc
[3905/5017] Generating obj.libclc.dir/nvptx--/clc/lib/generic/math/clc_remquo.cl.bc
[3906/5017] Generating obj.libclc.dir/nvptx--nvidiacl/clc/lib/generic/math/clc_asin.cl.bc
[3907/5017] Generating obj.libclc.dir/nvptx--nvidiacl/clc/lib/generic/math/clc_acospi.cl.bc
[3908/5017] Generating obj.libclc.dir/nvptx--nvidiacl/clc/lib/generic/integer/clc_upsample.cl.bc
[3909/5017] Generating obj.libclc.dir/nvptx--nvidiacl/clc/lib/generic/math/clc_atan.cl.bc
[3910/5017] Generating obj.libclc.dir/nvptx--nvidiacl/clc/lib/generic/math/clc_acosh.cl.bc
[3911/5017] Generating obj.libclc.dir/nvptx--nvidiacl/clc/lib/generic/integer/clc_mad_sat.cl.bc
[3912/5017] Generating obj.libclc.dir/nvptx--nvidiacl/clc/lib/generic/math/clc_ceil.cl.bc
[3913/5017] Generating obj.libclc.dir/nvptx--nvidiacl/clc/lib/generic/math/clc_acos.cl.bc
[3914/5017] Generating obj.libclc.dir/nvptx--nvidiacl/clc/lib/generic/math/clc_copysign.cl.bc
[3915/5017] Generating obj.libclc.dir/nvptx--nvidiacl/clc/lib/generic/math/clc_atanh.cl.bc
[3916/5017] Generating obj.libclc.dir/nvptx--nvidiacl/clc/lib/generic/math/clc_asinpi.cl.bc
[3917/5017] Generating obj.libclc.dir/nvptx--nvidiacl/clc/lib/generic/math/clc_asinh.cl.bc
[3918/5017] Generating obj.libclc.dir/nvptx--nvidiacl/clc/lib/generic/math/clc_atan2pi.cl.bc
[3919/5017] Generating obj.libclc.dir/nvptx--nvidiacl/clc/lib/generic/math/clc_cbrt.cl.bc
[3920/5017] Generating obj.libclc.dir/nvptx--nvidiacl/clc/lib/generic/math/clc_atan2.cl.bc
[3921/5017] Generating obj.libclc.dir/nvptx--nvidiacl/clc/lib/generic/math/clc_erf.cl.bc
[3922/5017] Generating obj.libclc.dir/nvptx--nvidiacl/clc/lib/generic/math/clc_cospi.cl.bc
[3923/5017] Generating obj.libclc.dir/nvptx--nvidiacl/clc/lib/generic/math/clc_atanpi.cl.bc
[3924/5017] Generating obj.libclc.dir/nvptx--nvidiacl/clc/lib/generic/math/clc_ep_log.cl.bc
[3925/5017] Generating obj.libclc.dir/nvptx--nvidiacl/clc/lib/generic/math/clc_erfc.cl.bc
[3926/5017] Generating obj.libclc.dir/nvptx--nvidiacl/clc/lib/generic/math/clc_exp.cl.bc
[3927/5017] Generating obj.libclc.dir/nvptx--nvidiacl/clc/lib/generic/math/clc_fma.cl.bc
[3928/5017] Generating obj.libclc.dir/nvptx--nvidiacl/clc/lib/generic/math/clc_fmax.cl.bc
[3929/5017] Generating obj.libclc.dir/nvptx--nvidiacl/clc/lib/generic/math/clc_fabs.cl.bc
[3930/5017] Generating obj.libclc.dir/nvptx--nvidiacl/clc/lib/generic/math/clc_cos.cl.bc
[3931/5017] Generating obj.libclc.dir/nvptx--nvidiacl/clc/lib/generic/math/clc_exp10.cl.bc
[3932/5017] Generating obj.libclc.dir/nvptx--nvidiacl/clc/lib/generic/math/clc_fmin.cl.bc
[3933/5017] Generating obj.libclc.dir/nvptx--nvidiacl/clc/lib/generic/math/clc_floor.cl.bc
[3934/5017] Generating obj.libclc.dir/nvptx--nvidiacl/clc/lib/generic/math/clc_half_cos.cl.bc
[3935/5017] Generating obj.libclc.dir/nvptx--nvidiacl/clc/lib/generic/math/clc_fract.cl.bc
[3936/5017] Generating obj.libclc.dir/nvptx--nvidiacl/clc/lib/generic/math/clc_expm1.cl.bc
[3937/5017] Generating obj.libclc.dir/nvptx--nvidiacl/clc/lib/generic/math/clc_half_divide.cl.bc
[3938/5017] Generating obj.libclc.dir/nvptx--nvidiacl/clc/lib/generic/math/clc_half_exp.cl.bc
[3939/5017] Generating obj.libclc.dir/nvptx--nvidiacl/clc/lib/generic/math/clc_exp_helper.cl.bc
[3940/5017] Generating obj.libclc.dir/nvptx--nvidiacl/clc/lib/generic/math/clc_half_exp10.cl.bc
[3941/5017] Generating obj.libclc.dir/nvptx--nvidiacl/clc/lib/generic/math/clc_cosh.cl.bc
[3942/5017] Generating obj.libclc.dir/nvptx--nvidiacl/clc/lib/generic/math/clc_half_exp2.cl.bc
[3943/5017] Generating obj.libclc.dir/nvptx--nvidiacl/clc/lib/generic/math/clc_half_log2.cl.bc
[3944/5017] Generating obj.libclc.dir/nvptx--nvidiacl/clc/lib/generic/math/clc_half_log.cl.bc
[3945/5017] Generating obj.libclc.dir/nvptx--nvidiacl/clc/lib/generic/math/clc_half_recip.cl.bc
[3946/5017] Generating obj.libclc.dir/nvptx--nvidiacl/clc/lib/generic/math/clc_half_rsqrt.cl.bc
[3947/5017] Generating obj.libclc.dir/nvptx--nvidiacl/clc/lib/generic/math/clc_half_powr.cl.bc
[3948/5017] Generating obj.libclc.dir/nvptx--nvidiacl/clc/lib/generic/math/clc_half_log10.cl.bc
[3949/5017] Generating obj.libclc.dir/nvptx--nvidiacl/clc/lib/generic/math/clc_half_sin.cl.bc
[3950/5017] Generating obj.libclc.dir/nvptx--nvidiacl/clc/lib/generic/math/clc_half_tan.cl.bc
[3951/5017] Generating obj.libclc.dir/nvptx--nvidiacl/clc/lib/generic/math/clc_half_sqrt.cl.bc
[3952/5017] Generating obj.libclc.dir/nvptx--nvidiacl/clc/lib/generic/math/clc_fdim.cl.bc
[3953/5017] Generating obj.libclc.dir/nvptx--nvidiacl/clc/lib/generic/math/clc_exp2.cl.bc
[3954/5017] Generating obj.libclc.dir/nvptx--nvidiacl/clc/lib/generic/math/clc_log.cl.bc
[3955/5017] Generating obj.libclc.dir/nvptx--nvidiacl/clc/lib/generic/math/clc_lgamma.cl.bc
[3956/5017] Generating obj.libclc.dir/nvptx--nvidiacl/clc/lib/generic/math/clc_log2.cl.bc
[3957/5017] Generating obj.libclc.dir/nvptx--nvidiacl/clc/lib/generic/math/clc_mad.cl.bc
[3958/5017] Generating obj.libclc.dir/nvptx--nvidiacl/clc/lib/generic/math/clc_ilogb.cl.bc
[3959/5017] Generating obj.libclc.dir/nvptx--nvidiacl/clc/lib/generic/math/clc_fmod.cl.bc
[3960/5017] Generating obj.libclc.dir/nvptx--nvidiacl/clc/lib/generic/math/clc_logb.cl.bc
[3961/5017] Generating obj.libclc.dir/nvptx--nvidiacl/clc/lib/generic/math/clc_ldexp.cl.bc
[3962/5017] Generating obj.libclc.dir/nvptx--nvidiacl/clc/lib/generic/math/clc_frexp.cl.bc
[3963/5017] Generating obj.libclc.dir/nvptx--nvidiacl/clc/lib/generic/math/clc_log10.cl.bc
[3964/5017] Generating obj.libclc.dir/nvptx--nvidiacl/clc/lib/generic/math/clc_hypot.cl.bc
[3965/5017] Generating obj.libclc.dir/nvptx--nvidiacl/clc/lib/generic/math/clc_modf.cl.bc
[3966/5017] Generating obj.libclc.dir/nvptx--nvidiacl/clc/lib/generic/math/clc_nan.cl.bc
[3967/5017] Generating obj.libclc.dir/nvptx--nvidiacl/clc/lib/generic/math/clc_native_exp.cl.bc
[3968/5017] Generating obj.libclc.dir/nvptx--nvidiacl/clc/lib/generic/math/clc_native_exp10.cl.bc
[3969/5017] Generating obj.libclc.dir/nvptx--nvidiacl/clc/lib/generic/math/clc_native_cos.cl.bc
[3970/5017] Generating obj.libclc.dir/nvptx--nvidiacl/clc/lib/generic/math/clc_native_exp2.cl.bc
[3971/5017] Generating obj.libclc.dir/nvptx--nvidiacl/clc/lib/generic/math/clc_native_divide.cl.bc
[3972/5017] Generating obj.libclc.dir/nvptx--nvidiacl/clc/lib/generic/math/clc_native_log.cl.bc
[3973/5017] Generating obj.libclc.dir/nvptx--nvidiacl/clc/lib/generic/math/clc_minmag.cl.bc
[3974/5017] Generating obj.libclc.dir/nvptx--nvidiacl/clc/lib/generic/math/clc_maxmag.cl.bc
[3975/5017] Generating obj.libclc.dir/nvptx--nvidiacl/clc/lib/generic/math/clc_native_log10.cl.bc
[3976/5017] Generating obj.libclc.dir/nvptx--nvidiacl/clc/lib/generic/math/clc_native_powr.cl.bc
[3977/5017] Generating obj.libclc.dir/nvptx--nvidiacl/clc/lib/generic/math/clc_native_log2.cl.bc
[3978/5017] Generating obj.libclc.dir/nvptx--nvidiacl/clc/lib/generic/math/clc_native_rsqrt.cl.bc
[3979/5017] Generating obj.libclc.dir/nvptx--nvidiacl/clc/lib/generic/math/clc_log1p.cl.bc
[3980/5017] Generating obj.libclc.dir/nvptx--nvidiacl/clc/lib/generic/math/clc_native_sqrt.cl.bc
[3981/5017] Generating obj.libclc.dir/nvptx--nvidiacl/clc/lib/generic/math/clc_native_tan.cl.bc
[3982/5017] Generating obj.libclc.dir/nvptx--nvidiacl/clc/lib/generic/math/clc_native_sin.cl.bc
[3983/5017] Generating obj.libclc.dir/nvptx--nvidiacl/clc/lib/generic/math/clc_native_recip.cl.bc
[3984/5017] Generating obj.libclc.dir/nvptx--nvidiacl/clc/lib/generic/math/clc_nextafter.cl.bc
[3985/5017] Generating obj.libclc.dir/nvptx--nvidiacl/clc/lib/generic/math/clc_round.cl.bc
[3986/5017] Generating obj.libclc.dir/nvptx--nvidiacl/clc/lib/generic/math/clc_rint.cl.bc
[3987/5017] Generating obj.libclc.dir/nvptx--nvidiacl/clc/lib/generic/math/clc_rsqrt.cl.bc
[3988/5017] Generating obj.libclc.dir/nvptx--nvidiacl/clc/lib/generic/math/clc_lgamma_r.cl.bc
[3989/5017] Generating obj.libclc.dir/nvptx--nvidiacl/clc/lib/generic/math/clc_sincos.cl.bc
[3990/5017] Generating obj.libclc.dir/nvptx--/clc/lib/generic/shared/clc_vstore.cl.bc
[3991/5017] Generating obj.libclc.dir/nvptx--nvidiacl/clc/lib/generic/math/clc_sqrt.cl.bc
[3992/5017] Generating obj.libclc.dir/nvptx--nvidiacl/clc/lib/generic/math/clc_sin.cl.bc
[3993/5017] Generating obj.libclc.dir/nvptx--nvidiacl/clc/lib/generic/math/clc_pow.cl.bc
[3994/5017] Generating obj.libclc.dir/nvptx--nvidiacl/clc/lib/generic/math/clc_sw_fma.cl.bc
[3995/5017] Generating obj.libclc.dir/nvptx--nvidiacl/clc/lib/generic/math/clc_pown.cl.bc
[3996/5017] Generating obj.libclc.dir/nvptx--nvidiacl/clc/lib/generic/math/clc_tables.cl.bc
[3997/5017] Generating obj.libclc.dir/nvptx--nvidiacl/clc/lib/generic/math/clc_sincos_helpers.cl.bc
[3998/5017] Generating obj.libclc.dir/nvptx--nvidiacl/clc/lib/generic/math/clc_remainder.cl.bc
[3999/5017] Generating obj.libclc.dir/nvptx--nvidiacl/clc/lib/generic/math/clc_powr.cl.bc
[4000/5017] Generating obj.libclc.dir/nvptx--nvidiacl/clc/lib/generic/math/clc_sinh.cl.bc
[4001/5017] Generating obj.libclc.dir/nvptx--nvidiacl/clc/lib/generic/math/clc_tgamma.cl.bc
[4002/5017] Generating obj.libclc.dir/nvptx--nvidiacl/clc/lib/generic/math/clc_trunc.cl.bc
[4003/5017] Generating obj.libclc.dir/nvptx--nvidiacl/clc/lib/generic/math/clc_tan.cl.bc
[4004/5017] Generating obj.libclc.dir/nvptx--nvidiacl/clc/lib/generic/math/clc_rootn.cl.bc
[4005/5017] Generating obj.libclc.dir/nvptx--nvidiacl/clc/lib/generic/math/clc_tanh.cl.bc
[4006/5017] Generating obj.libclc.dir/nvptx--nvidiacl/clc/lib/generic/relational/clc_any.cl.bc
[4007/5017] Generating obj.libclc.dir/nvptx--nvidiacl/clc/lib/generic/relational/clc_bitselect.cl.bc
[4008/5017] Generating obj.libclc.dir/nvptx--nvidiacl/clc/lib/generic/relational/clc_isequal.cl.bc
[4009/5017] Generating obj.libclc.dir/nvptx--nvidiacl/clc/lib/generic/relational/clc_all.cl.bc
[4010/5017] Generating obj.libclc.dir/nvptx--nvidiacl/clc/lib/generic/relational/clc_isgreater.cl.bc
[4011/5017] Generating obj.libclc.dir/nvptx--nvidiacl/clc/lib/generic/relational/clc_isinf.cl.bc
[4012/5017] Generating obj.libclc.dir/nvptx--nvidiacl/clc/lib/generic/relational/clc_isless.cl.bc
[4013/5017] Generating obj.libclc.dir/nvptx--nvidiacl/clc/lib/generic/relational/clc_islessgreater.cl.bc
[4014/5017] Generating obj.libclc.dir/nvptx--nvidiacl/clc/lib/generic/relational/clc_isgreaterequal.cl.bc
[4015/5017] Generating obj.libclc.dir/nvptx--nvidiacl/clc/lib/generic/math/clc_sinpi.cl.bc
[4016/5017] Generating obj.libclc.dir/nvptx--nvidiacl/clc/lib/generic/relational/clc_isnan.cl.bc
[4017/5017] Generating obj.libclc.dir/nvptx--nvidiacl/clc/lib/generic/relational/clc_islessequal.cl.bc
[4018/5017] Generating obj.libclc.dir/nvptx--nvidiacl/clc/lib/generic/relational/clc_isfinite.cl.bc
[4019/5017] Generating obj.libclc.dir/nvptx--nvidiacl/clc/lib/generic/relational/clc_isnormal.cl.bc
[4020/5017] Generating obj.libclc.dir/nvptx--nvidiacl/clc/lib/generic/relational/clc_isnotequal.cl.bc
[4021/5017] Generating obj.libclc.dir/nvptx--nvidiacl/clc/lib/generic/relational/clc_isordered.cl.bc
[4022/5017] Generating obj.libclc.dir/nvptx--nvidiacl/clc/lib/generic/relational/clc_signbit.cl.bc
[4023/5017] Generating obj.libclc.dir/nvptx--nvidiacl/clc/lib/generic/relational/clc_select.cl.bc
[4024/5017] Generating obj.libclc.dir/nvptx--nvidiacl/clc/lib/generic/relational/clc_isunordered.cl.bc
[4025/5017] Generating obj.libclc.dir/nvptx--nvidiacl/clc/lib/generic/workitem/clc_get_local_linear_id.cl.bc
[4026/5017] Generating obj.libclc.dir/nvptx--nvidiacl/clc/lib/generic/shared/clc_max.cl.bc
[4027/5017] Generating obj.libclc.dir/nvptx--nvidiacl/clc/lib/generic/math/clc_remquo.cl.bc
[4028/5017] Generating obj.libclc.dir/nvptx--nvidiacl/clc/lib/generic/shared/clc_min.cl.bc
[4029/5017] Generating obj.libclc.dir/nvptx--nvidiacl/clc/lib/generic/workitem/clc_get_num_sub_groups.cl.bc
[4030/5017] Generating obj.libclc.dir/nvptx--nvidiacl/clc/lib/generic/shared/clc_clamp.cl.bc
[4031/5017] Generating obj.libclc.dir/nvptx--nvidiacl/clc/lib/generic/workitem/clc_get_sub_group_id.cl.bc
[4032/5017] Generating obj.libclc.dir/nvptx--nvidiacl/opencl/lib/generic/subnormal_helper_func.ll.bc
[4033/5017] Generating obj.libclc.dir/nvptx--nvidiacl/opencl/lib/generic/subnormal_use_default.ll.bc
[4034/5017] Generating obj.libclc.dir/nvptx--nvidiacl/clc/lib/generic/workitem/clc_get_sub_group_size.cl.bc
[4035/5017] Generating obj.libclc.dir/nvptx--nvidiacl/clc/lib/generic/math/clc_tanpi.cl.bc
[4036/5017] Generating obj.libclc.dir/nvptx64--/clc/lib/generic/common/clc_radians.cl.bc
[4037/5017] Generating obj.libclc.dir/nvptx--nvidiacl/clc-convert.cl.bc
[4038/5017] Generating obj.libclc.dir/nvptx64--/clc/lib/generic/common/clc_degrees.cl.bc
[4039/5017] Generating obj.libclc.dir/nvptx--nvidiacl/clc/lib/generic/misc/clc_shuffle.cl.bc
[4040/5017] Generating obj.libclc.dir/nvptx64--/clc/lib/generic/async/clc_prefetch.cl.bc
[4041/5017] Generating obj.libclc.dir/nvptx64--/clc/lib/generic/common/clc_step.cl.bc
[4042/5017] Generating obj.libclc.dir/nvptx64--/clc/lib/generic/geometric/clc_distance.cl.bc
[4043/5017] Generating obj.libclc.dir/nvptx64--/clc/lib/generic/geometric/clc_fast_distance.cl.bc
[4044/5017] Generating obj.libclc.dir/nvptx--nvidiacl/clc/lib/generic/shared/clc_vload.cl.bc
[4045/5017] Generating obj.libclc.dir/nvptx64--/clc/lib/generic/common/clc_smoothstep.cl.bc
[4046/5017] Generating obj.libclc.dir/nvptx64--/clc/lib/generic/common/clc_sign.cl.bc
[4047/5017] Generating obj.libclc.dir/nvptx64--/clc/lib/generic/geometric/clc_cross.cl.bc
[4048/5017] Generating obj.libclc.dir/nvptx64--/clc/lib/generic/geometric/clc_dot.cl.bc
[4049/5017] Generating obj.libclc.dir/nvptx64--/clc/lib/generic/geometric/clc_fast_normalize.cl.bc
[4050/5017] Generating obj.libclc.dir/nvptx64--/clc/lib/generic/integer/clc_add_sat.cl.bc
[4051/5017] Generating obj.libclc.dir/nvptx64--/clc/lib/generic/geometric/clc_fast_length.cl.bc
[4052/5017] Generating obj.libclc.dir/nvptx64--/clc/lib/generic/geometric/clc_length.cl.bc
[4053/5017] Generating obj.libclc.dir/nvptx64--/clc/lib/generic/integer/clc_abs.cl.bc
[4054/5017] Generating obj.libclc.dir/nvptx64--/clc/lib/generic/integer/clc_abs_diff.cl.bc
[4055/5017] Generating obj.libclc.dir/nvptx64--/clc/lib/generic/integer/clc_hadd.cl.bc
[4056/5017] Generating obj.libclc.dir/nvptx64--/clc/lib/generic/integer/clc_ctz.cl.bc
[4057/5017] Generating obj.libclc.dir/nvptx64--/clc/lib/generic/integer/clc_mul24.cl.bc
[4058/5017] Generating obj.libclc.dir/nvptx64--/clc/lib/generic/integer/clc_mad24.cl.bc
[4059/5017] Generating obj.libclc.dir/nvptx64--/clc/lib/generic/integer/clc_clz.cl.bc
[4060/5017] Generating obj.libclc.dir/nvptx64--/clc/lib/generic/integer/clc_popcount.cl.bc
[4061/5017] Generating obj.libclc.dir/nvptx64--/clc/lib/generic/integer/clc_rhadd.cl.bc
[4062/5017] Generating obj.libclc.dir/nvptx64--/clc/lib/generic/integer/clc_rotate.cl.bc
[4063/5017] Generating obj.libclc.dir/nvptx64--/clc/lib/generic/geometric/clc_normalize.cl.bc
[4064/5017] Generating obj.libclc.dir/nvptx64--/clc/lib/generic/integer/clc_sub_sat.cl.bc
[4065/5017] Generating obj.libclc.dir/nvptx64--/clc/lib/generic/integer/clc_mad_sat.cl.bc
[4066/5017] Generating obj.libclc.dir/nvptx--nvidiacl/clc/lib/generic/misc/clc_shuffle2.cl.bc
[4067/5017] Generating obj.libclc.dir/nvptx64--/clc/lib/generic/integer/clc_mul_hi.cl.bc
[4068/5017] Generating obj.libclc.dir/nvptx64--/clc/lib/generic/math/clc_asinh.cl.bc
[4069/5017] Generating obj.libclc.dir/nvptx64--/clc/lib/generic/integer/clc_upsample.cl.bc
[4070/5017] Generating obj.libclc.dir/nvptx64--/clc/lib/generic/math/clc_asin.cl.bc
[4071/5017] Generating obj.libclc.dir/nvptx64--/clc/lib/generic/math/clc_atan.cl.bc
[4072/5017] Generating obj.libclc.dir/nvptx64--/clc/lib/generic/math/clc_acos.cl.bc
[4073/5017] Generating obj.libclc.dir/nvptx64--/clc/lib/generic/math/clc_ceil.cl.bc
[4074/5017] Generating obj.libclc.dir/nvptx64--/clc/lib/generic/math/clc_atan2.cl.bc
[4075/5017] Generating obj.libclc.dir/nvptx64--/clc/lib/generic/math/clc_copysign.cl.bc
[4076/5017] Generating obj.libclc.dir/nvptx64--/clc/lib/generic/math/clc_acosh.cl.bc
[4077/5017] Generating obj.libclc.dir/nvptx64--/clc/lib/generic/math/clc_asinpi.cl.bc
[4078/5017] Generating obj.libclc.dir/nvptx64--/clc/lib/generic/math/clc_atanh.cl.bc
[4079/5017] Generating obj.libclc.dir/nvptx64--/clc/lib/generic/math/clc_acospi.cl.bc
[4080/5017] Generating obj.libclc.dir/nvptx64--/clc/lib/generic/math/clc_erfc.cl.bc
[4081/5017] Generating obj.libclc.dir/nvptx64--/clc/lib/generic/math/clc_atanpi.cl.bc
[4082/5017] Generating obj.libclc.dir/nvptx64--/clc/lib/generic/math/clc_erf.cl.bc
[4083/5017] Generating obj.libclc.dir/nvptx64--/clc/lib/generic/math/clc_atan2pi.cl.bc
[4084/5017] Generating obj.libclc.dir/nvptx64--/clc/lib/generic/math/clc_cospi.cl.bc
[4085/5017] Generating obj.libclc.dir/nvptx64--/clc/lib/generic/math/clc_cbrt.cl.bc
[4086/5017] Generating obj.libclc.dir/nvptx64--/clc/lib/generic/math/clc_cos.cl.bc
[4087/5017] Generating obj.libclc.dir/nvptx64--/clc/lib/generic/math/clc_exp.cl.bc
[4088/5017] Generating obj.libclc.dir/nvptx64--/clc/lib/generic/math/clc_fabs.cl.bc
[4089/5017] Generating obj.libclc.dir/nvptx64--/clc/lib/generic/math/clc_exp10.cl.bc
[4090/5017] Generating obj.libclc.dir/nvptx64--/clc/lib/generic/math/clc_ep_log.cl.bc
[4091/5017] Generating obj.libclc.dir/nvptx64--/clc/lib/generic/math/clc_fma.cl.bc
[4092/5017] Generating obj.libclc.dir/nvptx64--/clc/lib/generic/math/clc_fmin.cl.bc
[4093/5017] Generating obj.libclc.dir/nvptx64--/clc/lib/generic/math/clc_cosh.cl.bc
[4094/5017] Generating obj.libclc.dir/nvptx64--/clc/lib/generic/math/clc_floor.cl.bc
[4095/5017] Generating obj.libclc.dir/nvptx64--/clc/lib/generic/math/clc_fmax.cl.bc
[4096/5017] Generating obj.libclc.dir/nvptx64--/clc/lib/generic/math/clc_half_cos.cl.bc
[4097/5017] Generating obj.libclc.dir/nvptx64--/clc/lib/generic/math/clc_exp2.cl.bc
[4098/5017] Generating obj.libclc.dir/nvptx64--/clc/lib/generic/math/clc_exp_helper.cl.bc
[4099/5017] Generating obj.libclc.dir/nvptx64--/clc/lib/generic/math/clc_fract.cl.bc
[4100/5017] Generating obj.libclc.dir/nvptx64--/clc/lib/generic/math/clc_half_divide.cl.bc
[4101/5017] Generating obj.libclc.dir/nvptx64--/clc/lib/generic/math/clc_half_exp10.cl.bc
[4102/5017] Generating obj.libclc.dir/nvptx64--/clc/lib/generic/math/clc_half_exp.cl.bc
[4103/5017] Generating obj.libclc.dir/nvptx64--/clc/lib/generic/math/clc_expm1.cl.bc
[4104/5017] Generating obj.libclc.dir/nvptx64--/clc/lib/generic/math/clc_half_powr.cl.bc
[4105/5017] Generating obj.libclc.dir/nvptx64--/clc/lib/generic/math/clc_half_exp2.cl.bc
[4106/5017] Generating obj.libclc.dir/nvptx64--/clc/lib/generic/math/clc_half_log2.cl.bc
[4107/5017] Generating obj.libclc.dir/nvptx64--/clc/lib/generic/math/clc_half_log.cl.bc
[4108/5017] Generating obj.libclc.dir/nvptx64--/clc/lib/generic/math/clc_half_log10.cl.bc
[4109/5017] Generating obj.libclc.dir/nvptx64--/clc/lib/generic/math/clc_half_recip.cl.bc
[4110/5017] Generating obj.libclc.dir/nvptx64--/clc/lib/generic/math/clc_half_sin.cl.bc
[4111/5017] Generating obj.libclc.dir/nvptx64--/clc/lib/generic/math/clc_fdim.cl.bc
[4112/5017] Generating obj.libclc.dir/nvptx64--/clc/lib/generic/math/clc_half_rsqrt.cl.bc
[4113/5017] Generating obj.libclc.dir/nvptx64--/clc/lib/generic/math/clc_half_sqrt.cl.bc
[4114/5017] Generating obj.libclc.dir/nvptx64--/clc/lib/generic/math/clc_half_tan.cl.bc
[4115/5017] Generating obj.libclc.dir/nvptx64--/clc/lib/generic/math/clc_lgamma.cl.bc
[4116/5017] Generating obj.libclc.dir/nvptx64--/clc/lib/generic/math/clc_frexp.cl.bc
[4117/5017] Generating obj.libclc.dir/nvptx64--/clc/lib/generic/math/clc_log.cl.bc
[4118/5017] Generating obj.libclc.dir/nvptx64--/clc/lib/generic/math/clc_mad.cl.bc
[4119/5017] Generating obj.libclc.dir/nvptx64--/clc/lib/generic/math/clc_fmod.cl.bc
[4120/5017] Generating obj.libclc.dir/nvptx64--/clc/lib/generic/math/clc_hypot.cl.bc
[4121/5017] Generating obj.libclc.dir/nvptx64--/clc/lib/generic/math/clc_log2.cl.bc
[4122/5017] Generating obj.libclc.dir/nvptx64--/clc/lib/generic/math/clc_ldexp.cl.bc
[4123/5017] Generating obj.libclc.dir/nvptx64--/clc/lib/generic/math/clc_nan.cl.bc
[4124/5017] Generating obj.libclc.dir/nvptx64--/clc/lib/generic/math/clc_modf.cl.bc
[4125/5017] Generating obj.libclc.dir/nvptx64--/clc/lib/generic/math/clc_native_cos.cl.bc
[4126/5017] Generating obj.libclc.dir/nvptx64--/clc/lib/generic/math/clc_logb.cl.bc
[4127/5017] Generating obj.libclc.dir/nvptx64--/clc/lib/generic/math/clc_native_divide.cl.bc
[4128/5017] Generating obj.libclc.dir/nvptx64--/clc/lib/generic/math/clc_native_exp.cl.bc
[4129/5017] Generating obj.libclc.dir/nvptx64--/clc/lib/generic/math/clc_native_exp2.cl.bc
[4130/5017] Generating obj.libclc.dir/nvptx64--/clc/lib/generic/math/clc_log10.cl.bc
[4131/5017] Generating obj.libclc.dir/nvptx64--/clc/lib/generic/math/clc_native_exp10.cl.bc
[4132/5017] Generating obj.libclc.dir/nvptx64--/clc/lib/generic/math/clc_ilogb.cl.bc
[4133/5017] Generating obj.libclc.dir/nvptx64--/clc/lib/generic/math/clc_native_log.cl.bc
[4134/5017] Generating obj.libclc.dir/nvptx64--/clc/lib/generic/math/clc_native_log10.cl.bc
[4135/5017] Generating obj.libclc.dir/nvptx64--/clc/lib/generic/math/clc_native_log2.cl.bc
[4136/5017] Generating obj.libclc.dir/nvptx64--/clc/lib/generic/math/clc_native_sin.cl.bc
[4137/5017] Generating obj.libclc.dir/nvptx--nvidiacl/clc/lib/generic/shared/clc_vstore.cl.bc
[4138/5017] Generating obj.libclc.dir/nvptx64--/clc/lib/generic/math/clc_native_sqrt.cl.bc
[4139/5017] Generating obj.libclc.dir/nvptx64--/clc/lib/generic/math/clc_native_powr.cl.bc
[4140/5017] Generating obj.libclc.dir/nvptx64--/clc/lib/generic/math/clc_native_rsqrt.cl.bc
[4141/5017] Generating obj.libclc.dir/nvptx64--/clc/lib/generic/math/clc_native_recip.cl.bc
[4142/5017] Generating obj.libclc.dir/nvptx64--/clc/lib/generic/math/clc_native_tan.cl.bc
[4143/5017] Generating obj.libclc.dir/nvptx64--/clc/lib/generic/math/clc_nextafter.cl.bc
[4144/5017] Generating obj.libclc.dir/nvptx64--/clc/lib/generic/math/clc_maxmag.cl.bc
[4145/5017] Generating obj.libclc.dir/nvptx64--/clc/lib/generic/math/clc_rint.cl.bc
[4146/5017] Generating obj.libclc.dir/nvptx64--/clc/lib/generic/math/clc_round.cl.bc
[4147/5017] Generating obj.libclc.dir/nvptx64--/clc/lib/generic/math/clc_log1p.cl.bc
[4148/5017] Generating obj.libclc.dir/nvptx64--/clc/lib/generic/math/clc_rsqrt.cl.bc
[4149/5017] Generating obj.libclc.dir/nvptx64--/clc/lib/generic/math/clc_minmag.cl.bc
[4150/5017] Generating obj.libclc.dir/nvptx64--/clc/lib/generic/math/clc_sincos.cl.bc
[4151/5017] Generating obj.libclc.dir/nvptx64--/clc/lib/generic/math/clc_lgamma_r.cl.bc
[4152/5017] Generating obj.libclc.dir/nvptx64--/clc/lib/generic/math/clc_pown.cl.bc
[4153/5017] Generating obj.libclc.dir/nvptx64--/clc/lib/generic/math/clc_rootn.cl.bc
[4154/5017] Generating obj.libclc.dir/nvptx64--/clc/lib/generic/math/clc_sqrt.cl.bc
[4155/5017] Generating obj.libclc.dir/nvptx64--/clc/lib/generic/math/clc_remainder.cl.bc
[4156/5017] Generating obj.libclc.dir/nvptx64--/clc/lib/generic/math/clc_pow.cl.bc
[4157/5017] Generating obj.libclc.dir/nvptx64--/clc/lib/generic/math/clc_sinh.cl.bc
[4158/5017] Generating obj.libclc.dir/nvptx64--/clc/lib/generic/math/clc_sin.cl.bc
[4159/5017] Generating obj.libclc.dir/nvptx64--/clc/lib/generic/math/clc_sw_fma.cl.bc
[4160/5017] Generating obj.libclc.dir/nvptx64--/clc/lib/generic/math/clc_tables.cl.bc
[4161/5017] Generating obj.libclc.dir/nvptx64--/clc/lib/generic/math/clc_trunc.cl.bc
[4162/5017] Generating obj.libclc.dir/nvptx64--/clc/lib/generic/math/clc_tgamma.cl.bc
[4163/5017] Generating obj.libclc.dir/nvptx64--/clc/lib/generic/math/clc_powr.cl.bc
[4164/5017] Generating obj.libclc.dir/nvptx64--/clc-convert.cl.bc
[4165/5017] Generating obj.libclc.dir/nvptx64--/clc/lib/generic/relational/clc_all.cl.bc
[4166/5017] Generating obj.libclc.dir/nvptx64--/clc/lib/generic/math/clc_tan.cl.bc
[4167/5017] Generating obj.libclc.dir/nvptx64--/clc/lib/generic/math/clc_tanh.cl.bc
[4168/5017] Generating obj.libclc.dir/nvptx64--/clc/lib/generic/relational/clc_isequal.cl.bc
[4169/5017] Generating obj.libclc.dir/nvptx64--/clc/lib/generic/relational/clc_any.cl.bc
[4170/5017] Generating obj.libclc.dir/nvptx64--/clc/lib/generic/relational/clc_bitselect.cl.bc
[4171/5017] Generating obj.libclc.dir/nvptx64--/clc/lib/generic/relational/clc_isfinite.cl.bc
[4172/5017] Generating obj.libclc.dir/nvptx64--/clc/lib/generic/relational/clc_isgreater.cl.bc
[4173/5017] Generating obj.libclc.dir/nvptx64--/clc/lib/generic/relational/clc_isgreaterequal.cl.bc
[4174/5017] Generating obj.libclc.dir/nvptx64--/clc/lib/generic/relational/clc_isless.cl.bc
[4175/5017] Generating obj.libclc.dir/nvptx64--/clc/lib/generic/math/clc_sinpi.cl.bc
[4176/5017] Generating obj.libclc.dir/nvptx64--/clc/lib/generic/relational/clc_isnormal.cl.bc
[4177/5017] Generating obj.libclc.dir/nvptx64--/clc/lib/generic/relational/clc_isinf.cl.bc
[4178/5017] Generating obj.libclc.dir/nvptx64--/clc/lib/generic/relational/clc_islessequal.cl.bc
[4179/5017] Generating obj.libclc.dir/nvptx64--/clc/lib/generic/math/clc_tanpi.cl.bc
[4180/5017] Generating obj.libclc.dir/nvptx64--/clc/lib/generic/relational/clc_islessgreater.cl.bc
[4181/5017] Generating obj.libclc.dir/nvptx64--/clc/lib/generic/relational/clc_isnotequal.cl.bc
[4182/5017] Generating obj.libclc.dir/nvptx64--/clc/lib/generic/relational/clc_isnan.cl.bc
[4183/5017] Generating obj.libclc.dir/nvptx64--/clc/lib/generic/relational/clc_signbit.cl.bc
[4184/5017] Generating obj.libclc.dir/nvptx64--/clc/lib/generic/relational/clc_isordered.cl.bc
[4185/5017] Generating obj.libclc.dir/nvptx64--/clc/lib/generic/relational/clc_isunordered.cl.bc
[4186/5017] Generating obj.libclc.dir/nvptx64--/clc/lib/generic/workitem/clc_get_num_sub_groups.cl.bc
[4187/5017] Generating obj.libclc.dir/nvptx64--/clc/lib/generic/shared/clc_max.cl.bc
[4188/5017] Generating obj.libclc.dir/nvptx64--/clc/lib/generic/workitem/clc_get_local_linear_id.cl.bc
[4189/5017] Generating obj.libclc.dir/nvptx64--/clc/lib/generic/shared/clc_min.cl.bc
[4190/5017] Generating obj.libclc.dir/nvptx64--/clc/lib/generic/misc/clc_shuffle.cl.bc
[4191/5017] Generating obj.libclc.dir/nvptx64--/clc/lib/generic/relational/clc_select.cl.bc
[4192/5017] Generating obj.libclc.dir/nvptx64--/opencl/lib/generic/subnormal_helper_func.ll.bc
[4193/5017] Generating obj.libclc.dir/nvptx64--/clc/lib/generic/workitem/clc_get_sub_group_size.cl.bc
[4194/5017] Generating obj.libclc.dir/nvptx64--/clc/lib/generic/workitem/clc_get_sub_group_id.cl.bc
[4195/5017] Generating obj.libclc.dir/nvptx64--/opencl/lib/generic/subnormal_use_default.ll.bc
[4196/5017] Generating obj.libclc.dir/nvptx64--/clc/lib/generic/shared/clc_clamp.cl.bc
[4197/5017] Generating obj.libclc.dir/nvptx64--nvidiacl/clc/lib/ptx-nvidiacl/workitem/clc_get_global_id.cl.bc
[4198/5017] Generating obj.libclc.dir/nvptx64--/clc/lib/generic/math/clc_sincos_helpers.cl.bc
[4199/5017] Generating obj.libclc.dir/nvptx64--nvidiacl/clc/lib/ptx-nvidiacl/workitem/clc_get_max_sub_group_size.cl.bc
[4200/5017] Generating obj.libclc.dir/nvptx64--nvidiacl/clc/lib/ptx-nvidiacl/workitem/clc_get_local_id.cl.bc
[4201/5017] Generating obj.libclc.dir/nvptx64--nvidiacl/clc/lib/ptx-nvidiacl/workitem/clc_get_group_id.cl.bc
[4202/5017] Generating obj.libclc.dir/nvptx64--nvidiacl/clc/lib/ptx-nvidiacl/workitem/clc_get_local_size.cl.bc
[4203/5017] Generating obj.libclc.dir/nvptx64--nvidiacl/clc/lib/ptx-nvidiacl/workitem/clc_get_num_groups.cl.bc
[4204/5017] Generating obj.libclc.dir/nvptx64--nvidiacl/clc/lib/ptx-nvidiacl/workitem/clc_get_sub_group_local_id.cl.bc
[4205/5017] Generating obj.libclc.dir/nvptx64--/clc/lib/generic/shared/clc_vload.cl.bc
[4206/5017] Generating obj.libclc.dir/nvptx64--nvidiacl/clc/lib/generic/common/clc_sign.cl.bc
[4207/5017] Generating obj.libclc.dir/nvptx64--nvidiacl/clc/lib/generic/common/clc_degrees.cl.bc
[4208/5017] Generating obj.libclc.dir/nvptx64--nvidiacl/clc/lib/generic/common/clc_step.cl.bc
[4209/5017] Generating obj.libclc.dir/nvptx64--nvidiacl/clc/lib/generic/async/clc_prefetch.cl.bc
[4210/5017] Generating obj.libclc.dir/nvptx64--nvidiacl/clc/lib/generic/common/clc_smoothstep.cl.bc
[4211/5017] Generating obj.libclc.dir/nvptx64--nvidiacl/clc/lib/generic/common/clc_radians.cl.bc
[4212/5017] Generating obj.libclc.dir/nvptx64--nvidiacl/clc/lib/generic/geometric/clc_distance.cl.bc
[4213/5017] Generating obj.libclc.dir/nvptx64--nvidiacl/clc/lib/generic/geometric/clc_fast_distance.cl.bc
[4214/5017] Generating obj.libclc.dir/nvptx64--nvidiacl/clc/lib/generic/geometric/clc_dot.cl.bc
[4215/5017] Generating obj.libclc.dir/nvptx64--nvidiacl/clc/lib/generic/geometric/clc_fast_normalize.cl.bc
[4216/5017] Generating obj.libclc.dir/nvptx64--nvidiacl/clc/lib/generic/geometric/clc_cross.cl.bc
[4217/5017] Generating obj.libclc.dir/nvptx64--nvidiacl/clc/lib/generic/geometric/clc_fast_length.cl.bc
[4218/5017] Generating obj.libclc.dir/nvptx64--nvidiacl/clc/lib/generic/integer/clc_abs.cl.bc
[4219/5017] Generating obj.libclc.dir/nvptx64--/clc/lib/generic/misc/clc_shuffle2.cl.bc
[4220/5017] Generating obj.libclc.dir/nvptx64--nvidiacl/clc/lib/generic/integer/clc_abs_diff.cl.bc
[4221/5017] Generating obj.libclc.dir/nvptx64--nvidiacl/clc/lib/generic/integer/clc_add_sat.cl.bc
[4222/5017] Generating obj.libclc.dir/nvptx64--nvidiacl/clc/lib/generic/geometric/clc_length.cl.bc
[4223/5017] Generating obj.libclc.dir/nvptx64--nvidiacl/clc/lib/generic/integer/clc_mad24.cl.bc
[4224/5017] Generating obj.libclc.dir/nvptx64--nvidiacl/clc/lib/generic/integer/clc_hadd.cl.bc
[4225/5017] Generating obj.libclc.dir/nvptx64--nvidiacl/clc/lib/generic/integer/clc_clz.cl.bc
[4226/5017] Generating obj.libclc.dir/nvptx64--nvidiacl/clc/lib/generic/integer/clc_mul24.cl.bc
[4227/5017] Generating obj.libclc.dir/nvptx64--nvidiacl/clc/lib/generic/integer/clc_ctz.cl.bc
[4228/5017] Generating obj.libclc.dir/nvptx64--nvidiacl/clc/lib/generic/integer/clc_rotate.cl.bc
[4229/5017] Generating obj.libclc.dir/nvptx64--nvidiacl/clc/lib/generic/integer/clc_sub_sat.cl.bc
[4230/5017] Generating obj.libclc.dir/nvptx64--nvidiacl/clc/lib/generic/integer/clc_popcount.cl.bc
[4231/5017] Generating obj.libclc.dir/nvptx64--nvidiacl/clc/lib/generic/integer/clc_rhadd.cl.bc
[4232/5017] Generating obj.libclc.dir/nvptx64--nvidiacl/clc/lib/generic/integer/clc_mad_sat.cl.bc
[4233/5017] Generating obj.libclc.dir/nvptx64--nvidiacl/clc/lib/generic/integer/clc_mul_hi.cl.bc
[4234/5017] Generating obj.libclc.dir/nvptx64--nvidiacl/clc/lib/generic/geometric/clc_normalize.cl.bc
[4235/5017] Generating obj.libclc.dir/nvptx64--nvidiacl/clc/lib/generic/math/clc_acos.cl.bc
[4236/5017] Generating obj.libclc.dir/nvptx64--nvidiacl/clc/lib/generic/math/clc_acosh.cl.bc
[4237/5017] Generating obj.libclc.dir/nvptx64--nvidiacl/clc/lib/generic/integer/clc_upsample.cl.bc
[4238/5017] Generating obj.libclc.dir/nvptx64--/clc/lib/generic/math/clc_remquo.cl.bc
[4239/5017] Generating obj.libclc.dir/nvptx64--nvidiacl/clc/lib/generic/math/clc_asinpi.cl.bc
[4240/5017] Generating obj.libclc.dir/nvptx64--nvidiacl/clc/lib/generic/math/clc_atan.cl.bc
[4241/5017] Generating obj.libclc.dir/nvptx64--nvidiacl/clc/lib/generic/math/clc_ceil.cl.bc
[4242/5017] Generating obj.libclc.dir/nvptx64--nvidiacl/clc/lib/generic/math/clc_copysign.cl.bc
[4243/5017] Generating obj.libclc.dir/nvptx64--nvidiacl/clc/lib/generic/math/clc_atanh.cl.bc
[4244/5017] Generating obj.libclc.dir/nvptx64--nvidiacl/clc/lib/generic/math/clc_asin.cl.bc
[4245/5017] Generating obj.libclc.dir/nvptx64--nvidiacl/clc/lib/generic/math/clc_atan2pi.cl.bc
[4246/5017] Generating obj.libclc.dir/nvptx64--nvidiacl/clc/lib/generic/math/clc_acospi.cl.bc
[4247/5017] Generating obj.libclc.dir/nvptx64--nvidiacl/clc/lib/generic/math/clc_asinh.cl.bc
[4248/5017] Generating obj.libclc.dir/nvptx64--nvidiacl/clc/lib/generic/math/clc_atanpi.cl.bc
[4249/5017] Generating obj.libclc.dir/nvptx64--nvidiacl/clc/lib/generic/math/clc_atan2.cl.bc
[4250/5017] Generating obj.libclc.dir/nvptx64--nvidiacl/clc/lib/generic/math/clc_cos.cl.bc
[4251/5017] Generating obj.libclc.dir/nvptx64--nvidiacl/clc/lib/generic/math/clc_cosh.cl.bc
[4252/5017] Generating obj.libclc.dir/nvptx64--nvidiacl/clc/lib/generic/math/clc_erf.cl.bc
[4253/5017] Generating obj.libclc.dir/nvptx64--nvidiacl/clc/lib/generic/math/clc_cospi.cl.bc
[4254/5017] Generating obj.libclc.dir/nvptx64--nvidiacl/clc/lib/generic/math/clc_erfc.cl.bc
[4255/5017] Generating obj.libclc.dir/nvptx64--nvidiacl/clc/lib/generic/math/clc_cbrt.cl.bc
[4256/5017] Generating obj.libclc.dir/nvptx64--nvidiacl/clc/lib/generic/math/clc_fma.cl.bc
[4257/5017] Generating obj.libclc.dir/nvptx64--nvidiacl/clc/lib/generic/math/clc_fmin.cl.bc
[4258/5017] Generating obj.libclc.dir/nvptx64--nvidiacl/clc/lib/generic/math/clc_fabs.cl.bc
[4259/5017] Generating obj.libclc.dir/nvptx64--nvidiacl/clc/lib/generic/math/clc_fmax.cl.bc
[4260/5017] Generating obj.libclc.dir/nvptx64--nvidiacl/clc/lib/generic/math/clc_ep_log.cl.bc
[4261/5017] Generating obj.libclc.dir/nvptx64--nvidiacl/clc/lib/generic/math/clc_exp.cl.bc
[4262/5017] Generating obj.libclc.dir/nvptx64--nvidiacl/clc/lib/generic/math/clc_half_cos.cl.bc
[4263/5017] Generating obj.libclc.dir/nvptx64--nvidiacl/clc/lib/generic/math/clc_floor.cl.bc
[4264/5017] Generating obj.libclc.dir/nvptx64--nvidiacl/clc/lib/generic/math/clc_exp_helper.cl.bc
[4265/5017] Generating obj.libclc.dir/nvptx64--nvidiacl/clc/lib/generic/math/clc_fract.cl.bc
[4266/5017] Generating obj.libclc.dir/nvptx64--nvidiacl/clc/lib/generic/math/clc_half_divide.cl.bc
[4267/5017] Generating obj.libclc.dir/nvptx64--nvidiacl/clc/lib/generic/math/clc_half_exp10.cl.bc
[4268/5017] Generating obj.libclc.dir/nvptx64--nvidiacl/clc/lib/generic/math/clc_fdim.cl.bc
[4269/5017] Generating obj.libclc.dir/nvptx64--nvidiacl/clc/lib/generic/math/clc_half_exp.cl.bc
[4270/5017] Generating obj.libclc.dir/nvptx64--nvidiacl/clc/lib/generic/math/clc_half_exp2.cl.bc
[4271/5017] Generating obj.libclc.dir/nvptx64--nvidiacl/clc/lib/generic/math/clc_half_log10.cl.bc
[4272/5017] Generating obj.libclc.dir/nvptx64--nvidiacl/clc/lib/generic/math/clc_half_log.cl.bc
[4273/5017] Generating obj.libclc.dir/nvptx64--nvidiacl/clc/lib/generic/math/clc_half_recip.cl.bc
[4274/5017] Generating obj.libclc.dir/nvptx64--nvidiacl/clc/lib/generic/math/clc_expm1.cl.bc
[4275/5017] Generating obj.libclc.dir/nvptx64--nvidiacl/clc/lib/generic/math/clc_half_log2.cl.bc
[4276/5017] Generating obj.libclc.dir/nvptx64--nvidiacl/clc/lib/generic/math/clc_half_powr.cl.bc
[4277/5017] Generating obj.libclc.dir/nvptx64--nvidiacl/clc/lib/generic/math/clc_half_sin.cl.bc
[4278/5017] Generating obj.libclc.dir/nvptx64--nvidiacl/clc/lib/generic/math/clc_half_rsqrt.cl.bc
[4279/5017] Generating obj.libclc.dir/nvptx64--nvidiacl/clc/lib/generic/math/clc_half_sqrt.cl.bc
[4280/5017] Generating obj.libclc.dir/nvptx64--nvidiacl/clc/lib/generic/math/clc_half_tan.cl.bc
[4281/5017] Generating obj.libclc.dir/nvptx64--nvidiacl/clc/lib/generic/math/clc_exp2.cl.bc
[4282/5017] Generating obj.libclc.dir/nvptx64--nvidiacl/clc/lib/generic/math/clc_exp10.cl.bc
[4283/5017] Generating obj.libclc.dir/nvptx64--nvidiacl/clc/lib/generic/math/clc_lgamma.cl.bc
[4284/5017] Generating obj.libclc.dir/nvptx64--nvidiacl/clc/lib/generic/math/clc_log.cl.bc
[4285/5017] Generating obj.libclc.dir/nvptx64--nvidiacl/clc/lib/generic/math/clc_frexp.cl.bc
[4286/5017] Generating obj.libclc.dir/nvptx64--nvidiacl/clc/lib/generic/math/clc_ldexp.cl.bc
[4287/5017] Generating obj.libclc.dir/nvptx64--nvidiacl/clc/lib/generic/math/clc_log10.cl.bc
[4288/5017] Generating obj.libclc.dir/nvptx64--nvidiacl/clc/lib/generic/math/clc_mad.cl.bc
[4289/5017] Generating obj.libclc.dir/nvptx64--nvidiacl/clc/lib/generic/math/clc_log2.cl.bc
[4290/5017] Generating obj.libclc.dir/nvptx64--nvidiacl/clc/lib/generic/math/clc_logb.cl.bc
[4291/5017] Generating obj.libclc.dir/nvptx64--nvidiacl/clc/lib/generic/math/clc_native_cos.cl.bc
[4292/5017] Generating obj.libclc.dir/nvptx64--nvidiacl/clc/lib/generic/math/clc_ilogb.cl.bc
[4293/5017] Generating obj.libclc.dir/nvptx64--nvidiacl/clc/lib/generic/math/clc_modf.cl.bc
[4294/5017] Generating obj.libclc.dir/nvptx64--nvidiacl/clc/lib/generic/math/clc_hypot.cl.bc
[4295/5017] Generating obj.libclc.dir/nvptx64--nvidiacl/clc/lib/generic/math/clc_native_divide.cl.bc
[4296/5017] Generating obj.libclc.dir/nvptx64--nvidiacl/clc/lib/generic/math/clc_nan.cl.bc
[4297/5017] Generating obj.libclc.dir/nvptx64--nvidiacl/clc/lib/generic/math/clc_fmod.cl.bc
[4298/5017] Generating obj.libclc.dir/nvptx64--nvidiacl/clc/lib/generic/math/clc_log1p.cl.bc
[4299/5017] Generating obj.libclc.dir/nvptx64--nvidiacl/clc/lib/generic/math/clc_native_exp.cl.bc
[4300/5017] Generating obj.libclc.dir/nvptx64--nvidiacl/clc/lib/generic/math/clc_native_exp10.cl.bc
[4301/5017] Generating obj.libclc.dir/nvptx64--nvidiacl/clc/lib/generic/math/clc_native_log.cl.bc
[4302/5017] Generating obj.libclc.dir/nvptx64--nvidiacl/clc/lib/generic/math/clc_minmag.cl.bc
[4303/5017] Generating obj.libclc.dir/nvptx64--nvidiacl/clc/lib/generic/math/clc_native_exp2.cl.bc
[4304/5017] Generating obj.libclc.dir/nvptx64--nvidiacl/clc/lib/generic/math/clc_native_log2.cl.bc
[4305/5017] Generating obj.libclc.dir/nvptx64--nvidiacl/clc/lib/generic/math/clc_native_log10.cl.bc
[4306/5017] Generating obj.libclc.dir/nvptx64--nvidiacl/clc/lib/generic/math/clc_native_powr.cl.bc
[4307/5017] Generating obj.libclc.dir/nvptx64--nvidiacl/clc/lib/generic/math/clc_native_sqrt.cl.bc
[4308/5017] Generating obj.libclc.dir/nvptx64--nvidiacl/clc/lib/generic/math/clc_native_sin.cl.bc
[4309/5017] Generating obj.libclc.dir/nvptx64--nvidiacl/clc/lib/generic/math/clc_native_tan.cl.bc
[4310/5017] Generating obj.libclc.dir/nvptx64--nvidiacl/clc/lib/generic/math/clc_native_recip.cl.bc
[4311/5017] Generating obj.libclc.dir/nvptx64--nvidiacl/clc/lib/generic/math/clc_maxmag.cl.bc
[4312/5017] Generating obj.libclc.dir/nvptx64--nvidiacl/clc/lib/generic/math/clc_native_rsqrt.cl.bc
[4313/5017] Generating obj.libclc.dir/nvptx64--nvidiacl/clc/lib/generic/math/clc_nextafter.cl.bc
[4314/5017] Generating obj.libclc.dir/nvptx64--nvidiacl/clc/lib/generic/math/clc_rint.cl.bc
[4315/5017] Generating obj.libclc.dir/nvptx64--nvidiacl/clc/lib/generic/math/clc_rsqrt.cl.bc
[4316/5017] Generating obj.libclc.dir/nvptx64--nvidiacl/clc/lib/generic/math/clc_round.cl.bc
[4317/5017] Generating obj.libclc.dir/nvptx64--nvidiacl/clc/lib/generic/math/clc_lgamma_r.cl.bc
[4318/5017] Generating obj.libclc.dir/nvptx64--nvidiacl/clc/lib/generic/math/clc_sincos.cl.bc
[4319/5017] Generating obj.libclc.dir/nvptx64--nvidiacl/clc/lib/generic/math/clc_pown.cl.bc
[4320/5017] Generating obj.libclc.dir/nvptx64--nvidiacl/clc/lib/generic/math/clc_remainder.cl.bc
[4321/5017] Generating obj.libclc.dir/nvptx64--nvidiacl/clc/lib/generic/math/clc_sqrt.cl.bc
[4322/5017] Generating obj.libclc.dir/nvptx64--nvidiacl/clc/lib/generic/math/clc_rootn.cl.bc
[4323/5017] Generating obj.libclc.dir/nvptx64--nvidiacl/clc/lib/generic/math/clc_sinh.cl.bc
[4324/5017] Generating obj.libclc.dir/nvptx64--nvidiacl/clc/lib/generic/math/clc_sin.cl.bc
[4325/5017] Generating obj.libclc.dir/nvptx64--nvidiacl/clc/lib/generic/math/clc_sinpi.cl.bc
[4326/5017] Generating obj.libclc.dir/nvptx64--nvidiacl/clc/lib/generic/math/clc_tan.cl.bc
[4327/5017] Generating obj.libclc.dir/nvptx64--nvidiacl/clc/lib/generic/math/clc_sw_fma.cl.bc
[4328/5017] Generating obj.libclc.dir/nvptx64--nvidiacl/clc/lib/generic/math/clc_tgamma.cl.bc
[4329/5017] Generating obj.libclc.dir/nvptx64--nvidiacl/clc/lib/generic/math/clc_trunc.cl.bc
[4330/5017] Generating obj.libclc.dir/nvptx64--nvidiacl/clc/lib/generic/math/clc_tanh.cl.bc
[4331/5017] Generating obj.libclc.dir/nvptx64--nvidiacl/clc/lib/generic/math/clc_tables.cl.bc
[4332/5017] Generating obj.libclc.dir/nvptx64--nvidiacl/clc/lib/generic/relational/clc_all.cl.bc
[4333/5017] Generating obj.libclc.dir/nvptx64--nvidiacl/clc/lib/generic/math/clc_pow.cl.bc
[4334/5017] Generating obj.libclc.dir/nvptx64--nvidiacl/clc/lib/generic/math/clc_sincos_helpers.cl.bc
[4335/5017] Generating obj.libclc.dir/nvptx64--nvidiacl/clc/lib/generic/relational/clc_any.cl.bc
[4336/5017] Generating obj.libclc.dir/nvptx64--nvidiacl/clc/lib/generic/math/clc_powr.cl.bc
[4337/5017] Generating obj.libclc.dir/nvptx64--nvidiacl/clc/lib/generic/relational/clc_bitselect.cl.bc
[4338/5017] Generating obj.libclc.dir/nvptx64--nvidiacl/clc/lib/generic/relational/clc_isequal.cl.bc
[4339/5017] Generating obj.libclc.dir/nvptx64--nvidiacl/clc/lib/generic/relational/clc_isfinite.cl.bc
[4340/5017] Generating obj.libclc.dir/nvptx64--nvidiacl/clc/lib/generic/relational/clc_isgreater.cl.bc
[4341/5017] Generating obj.libclc.dir/nvptx64--nvidiacl/clc/lib/generic/relational/clc_isless.cl.bc
[4342/5017] Generating obj.libclc.dir/nvptx64--nvidiacl/clc/lib/generic/relational/clc_isinf.cl.bc
[4343/5017] Generating obj.libclc.dir/nvptx64--nvidiacl/clc/lib/generic/relational/clc_isgreaterequal.cl.bc
[4344/5017] Generating obj.libclc.dir/nvptx64--/clc/lib/generic/shared/clc_vstore.cl.bc
[4345/5017] Generating obj.libclc.dir/nvptx64--nvidiacl/clc/lib/generic/relational/clc_isnan.cl.bc
[4346/5017] Generating obj.libclc.dir/nvptx64--nvidiacl/clc/lib/generic/relational/clc_isnotequal.cl.bc
[4347/5017] Generating obj.libclc.dir/nvptx64--nvidiacl/clc/lib/generic/relational/clc_islessequal.cl.bc
[4348/5017] Generating obj.libclc.dir/nvptx64--nvidiacl/clc/lib/generic/relational/clc_islessgreater.cl.bc
[4349/5017] Generating obj.libclc.dir/nvptx64--nvidiacl/clc/lib/generic/relational/clc_isnormal.cl.bc
[4350/5017] Generating obj.libclc.dir/nvptx64--nvidiacl/clc/lib/generic/relational/clc_signbit.cl.bc
[4351/5017] Generating obj.libclc.dir/nvptx64--nvidiacl/clc/lib/generic/relational/clc_isordered.cl.bc
[4352/5017] Generating obj.libclc.dir/nvptx64--nvidiacl/clc/lib/generic/relational/clc_isunordered.cl.bc
[4353/5017] Generating obj.libclc.dir/nvptx64--nvidiacl/clc/lib/generic/relational/clc_select.cl.bc
[4354/5017] Generating obj.libclc.dir/nvptx64--nvidiacl/clc/lib/generic/workitem/clc_get_local_linear_id.cl.bc
[4355/5017] Generating obj.libclc.dir/nvptx64--nvidiacl/clc/lib/generic/math/clc_tanpi.cl.bc
[4356/5017] Generating obj.libclc.dir/nvptx64--nvidiacl/clc/lib/generic/shared/clc_clamp.cl.bc
[4357/5017] Generating obj.libclc.dir/nvptx64--nvidiacl/clc/lib/generic/workitem/clc_get_num_sub_groups.cl.bc
[4358/5017] Generating obj.libclc.dir/nvptx64--nvidiacl/clc/lib/generic/workitem/clc_get_sub_group_id.cl.bc
[4359/5017] Generating obj.libclc.dir/nvptx64--nvidiacl/opencl/lib/generic/subnormal_use_default.ll.bc
[4360/5017] Generating obj.libclc.dir/nvptx64--nvidiacl/opencl/lib/generic/subnormal_helper_func.ll.bc
[4361/5017] Generating obj.libclc.dir/nvptx64--nvidiacl/clc/lib/generic/workitem/clc_get_sub_group_size.cl.bc
[4362/5017] Generating obj.libclc.dir/nvptx64--nvidiacl/clc/lib/generic/misc/clc_shuffle.cl.bc
[4363/5017] Generating obj.libclc.dir/nvptx64--nvidiacl/clc/lib/generic/shared/clc_max.cl.bc
[4364/5017] Generating obj.libclc.dir/nvptx64--nvidiacl/clc/lib/generic/shared/clc_min.cl.bc
[4365/5017] Generating obj.libclc.dir/nvptx64--nvidiacl/clc/lib/generic/shared/clc_vload.cl.bc
[4366/5017] Generating obj.libclc.dir/nvptx64--nvidiacl/clc/lib/generic/misc/clc_shuffle2.cl.bc
[4367/5017] Generating builtins.link.pre-deps.cedar-r600--.bc
[4368/5017] Generating obj.libclc.dir/nvptx64--nvidiacl/clc/lib/generic/math/clc_remquo.cl.bc
[4369/5017] Generating builtins.link.clc-cedar-r600--.bc
[4370/5017] Generating builtins.link.pre-deps.barts-r600--.bc
[4371/5017] Generating builtins.link.pre-deps.cypress-r600--.bc
[4372/5017] Generating obj.libclc.dir/nvptx64--nvidiacl/clc-convert.cl.bc
[4373/5017] Generating builtins.link.pre-deps.cayman-r600--.bc
[4374/5017] Generating builtins.link.clc-barts-r600--.bc
[4375/5017] Generating builtins.link.clc-cayman-r600--.bc
[4376/5017] Generating builtins.link.clc-cypress-r600--.bc
[4377/5017] Generating builtins.link.pre-deps.clspv64--.bc
[4378/5017] Generating builtins.link.pre-deps.clspv--.bc
[4379/5017] Generating builtins.link.pre-deps.amdgcn--amdhsa.bc
[4380/5017] Generating builtins.link.pre-deps.nvptx--.bc
[4381/5017] Generating builtins.link.clc-clspv--.bc
[4382/5017] Generating builtins.link.pre-deps.nvptx64--.bc
[4383/5017] Generating builtins.link.clc-clspv64--.bc
[4384/5017] Generating obj.libclc.dir/nvptx64--nvidiacl/clc/lib/generic/shared/clc_vstore.cl.bc
[4385/5017] Generating builtins.link.clc-nvptx--.bc
[4386/5017] Generating builtins.link.pre-deps.nvptx--nvidiacl.bc
[4387/5017] Generating builtins.link.tahiti-amdgcn-mesa-mesa3d.bc
[4388/5017] Generating builtins.link.tahiti-amdgcn--.bc
[4389/5017] Generating builtins.link.clc-amdgcn--amdhsa.bc
[4390/5017] Generating builtins.link.clc-nvptx64--.bc
[4391/5017] Generating obj.libclc.dir/spirv-mesa3d-/clc/lib/spirv/math/clc_runtime_has_hw_fma32.cl.bc
[4392/5017] Generating obj.libclc.dir/spirv-mesa3d-/clc/lib/generic/async/clc_prefetch.cl.bc
[4393/5017] Generating obj.libclc.dir/spirv-mesa3d-/clc/lib/generic/common/clc_degrees.cl.bc
[4394/5017] Generating builtins.link.clc-nvptx--nvidiacl.bc
[4395/5017] Generating builtins.link.pre-deps.nvptx64--nvidiacl.bc
[4396/5017] Generating obj.libclc.dir/spirv-mesa3d-/clc/lib/generic/common/clc_radians.cl.bc
[4397/5017] Generating obj.libclc.dir/spirv-mesa3d-/clc/lib/generic/geometric/clc_cross.cl.bc
[4398/5017] Generating obj.libclc.dir/spirv-mesa3d-/clc/lib/generic/geometric/clc_distance.cl.bc
[4399/5017] Generating obj.libclc.dir/spirv-mesa3d-/clc/lib/generic/common/clc_step.cl.bc
[4400/5017] Generating obj.libclc.dir/spirv-mesa3d-/clc/lib/generic/common/clc_sign.cl.bc
[4401/5017] Generating obj.libclc.dir/spirv-mesa3d-/clc/lib/generic/common/clc_smoothstep.cl.bc
[4402/5017] Generating obj.libclc.dir/spirv-mesa3d-/clc/lib/generic/geometric/clc_dot.cl.bc
[4403/5017] Generating obj.libclc.dir/spirv-mesa3d-/clc/lib/generic/geometric/clc_fast_distance.cl.bc
[4404/5017] Generating obj.libclc.dir/spirv-mesa3d-/clc/lib/generic/geometric/clc_fast_length.cl.bc
[4405/5017] Generating obj.libclc.dir/spirv-mesa3d-/clc/lib/generic/integer/clc_abs.cl.bc
[4406/5017] Generating obj.libclc.dir/spirv-mesa3d-/clc/lib/generic/geometric/clc_fast_normalize.cl.bc
[4407/5017] Generating obj.libclc.dir/spirv-mesa3d-/clc/lib/generic/geometric/clc_length.cl.bc
[4408/5017] Generating obj.libclc.dir/spirv-mesa3d-/clc/lib/generic/integer/clc_add_sat.cl.bc
[4409/5017] Generating builtins.link.cypress-r600--.bc
[4410/5017] Generating obj.libclc.dir/spirv-mesa3d-/clc/lib/generic/integer/clc_abs_diff.cl.bc
[4411/5017] Generating obj.libclc.dir/spirv-mesa3d-/clc/lib/generic/integer/clc_mad24.cl.bc
[4412/5017] Generating obj.libclc.dir/spirv-mesa3d-/clc/lib/generic/integer/clc_mul24.cl.bc
[4413/5017] Generating obj.libclc.dir/spirv-mesa3d-/clc/lib/generic/integer/clc_ctz.cl.bc
[4414/5017] Generating obj.libclc.dir/spirv-mesa3d-/clc/lib/generic/integer/clc_hadd.cl.bc
[4415/5017] Generating builtins.link.barts-r600--.bc
[4416/5017] Generating obj.libclc.dir/spirv-mesa3d-/clc/lib/generic/integer/clc_clz.cl.bc
[4417/5017] Generating obj.libclc.dir/spirv-mesa3d-/clc/lib/generic/integer/clc_popcount.cl.bc
[4418/5017] Generating obj.libclc.dir/spirv-mesa3d-/clc/lib/generic/geometric/clc_normalize.cl.bc
[4419/5017] Generating obj.libclc.dir/spirv-mesa3d-/clc/lib/generic/integer/clc_rhadd.cl.bc
[4420/5017] Generating obj.libclc.dir/spirv-mesa3d-/clc/lib/generic/integer/clc_sub_sat.cl.bc
[4421/5017] Generating obj.libclc.dir/spirv-mesa3d-/clc/lib/generic/integer/clc_rotate.cl.bc
[4422/5017] Generating obj.libclc.dir/spirv-mesa3d-/clc/lib/generic/integer/clc_mul_hi.cl.bc
[4423/5017] Generating builtins.link.clc-nvptx64--nvidiacl.bc
[4424/5017] Generating obj.libclc.dir/spirv-mesa3d-/clc/lib/generic/integer/clc_upsample.cl.bc
[4425/5017] Generating builtins.link.cedar-r600--.bc
[4426/5017] Generating obj.libclc.dir/spirv-mesa3d-/clc/lib/generic/math/clc_acos.cl.bc
[4427/5017] Generating obj.libclc.dir/spirv-mesa3d-/clc/lib/generic/math/clc_asin.cl.bc
[4428/5017] Generating builtins.link.cayman-r600--.bc
[4429/5017] Generating obj.libclc.dir/spirv-mesa3d-/clc/lib/generic/integer/clc_mad_sat.cl.bc
[4430/5017] Generating obj.libclc.dir/spirv-mesa3d-/clc/lib/generic/math/clc_acosh.cl.bc
[4431/5017] Generating obj.libclc.dir/spirv-mesa3d-/clc/lib/generic/math/clc_ceil.cl.bc
[4432/5017] Generating obj.libclc.dir/spirv-mesa3d-/clc/lib/generic/math/clc_atan.cl.bc
[4433/5017] Generating obj.libclc.dir/spirv-mesa3d-/clc/lib/generic/math/clc_copysign.cl.bc
[4434/5017] Generating obj.libclc.dir/spirv-mesa3d-/clc/lib/generic/math/clc_asinpi.cl.bc
[4435/5017] Generating obj.libclc.dir/spirv-mesa3d-/clc/lib/generic/math/clc_acospi.cl.bc
[4436/5017] Generating obj.libclc.dir/spirv-mesa3d-/clc/lib/generic/math/clc_atanh.cl.bc
[4437/5017] Generating obj.libclc.dir/spirv-mesa3d-/clc/lib/generic/math/clc_asinh.cl.bc
[4438/5017] Generating obj.libclc.dir/spirv-mesa3d-/clc/lib/generic/math/clc_cbrt.cl.bc
[4439/5017] Generating obj.libclc.dir/spirv-mesa3d-/clc/lib/generic/math/clc_atan2.cl.bc
[4440/5017] Generating obj.libclc.dir/spirv-mesa3d-/clc/lib/generic/math/clc_cos.cl.bc
[4441/5017] Generating obj.libclc.dir/spirv-mesa3d-/clc/lib/generic/math/clc_atanpi.cl.bc
[4442/5017] Generating obj.libclc.dir/spirv-mesa3d-/clc/lib/generic/math/clc_exp.cl.bc
[4443/5017] Generating obj.libclc.dir/spirv-mesa3d-/clc/lib/generic/math/clc_atan2pi.cl.bc
[4444/5017] Generating obj.libclc.dir/spirv-mesa3d-/clc/lib/generic/math/clc_ep_log.cl.bc
[4445/5017] Generating obj.libclc.dir/spirv-mesa3d-/clc/lib/generic/math/clc_cospi.cl.bc
[4446/5017] Generating obj.libclc.dir/spirv-mesa3d-/clc/lib/generic/math/clc_erf.cl.bc
[4447/5017] Generating obj.libclc.dir/spirv-mesa3d-/clc/lib/generic/math/clc_erfc.cl.bc
[4448/5017] Generating obj.libclc.dir/spirv-mesa3d-/clc/lib/generic/math/clc_fabs.cl.bc
[4449/5017] Generating obj.libclc.dir/spirv-mesa3d-/clc/lib/generic/math/clc_cosh.cl.bc
[4450/5017] Generating obj.libclc.dir/spirv-mesa3d-/clc/lib/generic/math/clc_fmax.cl.bc
[4451/5017] Generating obj.libclc.dir/spirv-mesa3d-/clc/lib/generic/math/clc_fmin.cl.bc
[4452/5017] Generating obj.libclc.dir/spirv-mesa3d-/clc/lib/generic/math/clc_fma.cl.bc
[4453/5017] Generating obj.libclc.dir/spirv-mesa3d-/clc/lib/generic/math/clc_floor.cl.bc
[4454/5017] Generating obj.libclc.dir/spirv-mesa3d-/clc/lib/generic/math/clc_exp10.cl.bc
[4455/5017] Generating obj.libclc.dir/spirv-mesa3d-/clc/lib/generic/math/clc_exp2.cl.bc
[4456/5017] Generating obj.libclc.dir/spirv-mesa3d-/clc/lib/generic/math/clc_half_cos.cl.bc
[4457/5017] Generating obj.libclc.dir/spirv-mesa3d-/clc/lib/generic/math/clc_half_divide.cl.bc
[4458/5017] Generating obj.libclc.dir/spirv-mesa3d-/clc/lib/generic/math/clc_exp_helper.cl.bc
[4459/5017] Generating obj.libclc.dir/spirv-mesa3d-/clc/lib/generic/math/clc_half_exp.cl.bc
[4460/5017] Generating obj.libclc.dir/spirv-mesa3d-/clc/lib/generic/math/clc_half_exp2.cl.bc
[4461/5017] Generating obj.libclc.dir/spirv-mesa3d-/clc/lib/generic/math/clc_half_exp10.cl.bc
[4462/5017] Generating obj.libclc.dir/spirv-mesa3d-/clc/lib/generic/math/clc_half_log10.cl.bc
[4463/5017] Generating obj.libclc.dir/spirv-mesa3d-/clc/lib/generic/math/clc_fract.cl.bc
[4464/5017] Generating obj.libclc.dir/spirv-mesa3d-/clc/lib/generic/math/clc_half_powr.cl.bc
[4465/5017] Generating obj.libclc.dir/spirv-mesa3d-/clc/lib/generic/math/clc_half_rsqrt.cl.bc
[4466/5017] Generating obj.libclc.dir/spirv-mesa3d-/clc/lib/generic/math/clc_half_log.cl.bc
[4467/5017] Generating obj.libclc.dir/spirv-mesa3d-/clc/lib/generic/math/clc_half_log2.cl.bc
[4468/5017] Generating obj.libclc.dir/spirv-mesa3d-/clc/lib/generic/math/clc_half_recip.cl.bc
[4469/5017] Generating obj.libclc.dir/spirv-mesa3d-/clc/lib/generic/math/clc_half_sin.cl.bc
[4470/5017] Generating obj.libclc.dir/spirv-mesa3d-/clc/lib/generic/math/clc_half_tan.cl.bc
[4471/5017] Generating obj.libclc.dir/spirv-mesa3d-/clc/lib/generic/math/clc_half_sqrt.cl.bc
[4472/5017] Generating obj.libclc.dir/spirv-mesa3d-/clc/lib/generic/math/clc_expm1.cl.bc
[4473/5017] Generating obj.libclc.dir/spirv-mesa3d-/clc/lib/generic/math/clc_ldexp.cl.bc
[4474/5017] Generating obj.libclc.dir/spirv-mesa3d-/clc/lib/generic/math/clc_fdim.cl.bc
[4475/5017] Generating obj.libclc.dir/spirv-mesa3d-/clc/lib/generic/math/clc_lgamma.cl.bc
[4476/5017] Generating obj.libclc.dir/spirv-mesa3d-/clc/lib/generic/math/clc_log.cl.bc
[4477/5017] Generating obj.libclc.dir/spirv-mesa3d-/clc/lib/generic/math/clc_log10.cl.bc
[4478/5017] Generating obj.libclc.dir/spirv-mesa3d-/clc/lib/generic/math/clc_log2.cl.bc
[4479/5017] Generating obj.libclc.dir/spirv-mesa3d-/clc/lib/generic/math/clc_frexp.cl.bc
[4480/5017] Generating obj.libclc.dir/spirv-mesa3d-/clc/lib/generic/math/clc_mad.cl.bc
[4481/5017] Generating obj.libclc.dir/spirv-mesa3d-/clc/lib/generic/math/clc_fmod.cl.bc
[4482/5017] Generating obj.libclc.dir/spirv-mesa3d-/clc/lib/generic/math/clc_hypot.cl.bc
[4483/5017] Generating obj.libclc.dir/spirv-mesa3d-/clc-convert.cl.bc
[4484/5017] Generating obj.libclc.dir/spirv-mesa3d-/clc/lib/generic/math/clc_nan.cl.bc
[4485/5017] Generating obj.libclc.dir/spirv-mesa3d-/clc/lib/generic/math/clc_modf.cl.bc
[4486/5017] Generating obj.libclc.dir/spirv-mesa3d-/clc/lib/generic/math/clc_native_cos.cl.bc
[4487/5017] Generating obj.libclc.dir/spirv-mesa3d-/clc/lib/generic/math/clc_native_divide.cl.bc
[4488/5017] Generating obj.libclc.dir/spirv-mesa3d-/clc/lib/generic/math/clc_log1p.cl.bc
[4489/5017] Generating obj.libclc.dir/spirv-mesa3d-/clc/lib/generic/math/clc_native_exp.cl.bc
[4490/5017] Generating obj.libclc.dir/spirv-mesa3d-/clc/lib/generic/math/clc_native_exp10.cl.bc
[4491/5017] Generating obj.libclc.dir/spirv-mesa3d-/clc/lib/generic/math/clc_native_exp2.cl.bc
[4492/5017] Generating obj.libclc.dir/spirv-mesa3d-/clc/lib/generic/math/clc_native_log10.cl.bc
[4493/5017] Generating obj.libclc.dir/spirv-mesa3d-/clc/lib/generic/math/clc_native_rsqrt.cl.bc
[4494/5017] Generating obj.libclc.dir/spirv-mesa3d-/clc/lib/generic/math/clc_native_log.cl.bc
[4495/5017] Generating obj.libclc.dir/spirv-mesa3d-/clc/lib/generic/math/clc_native_powr.cl.bc
[4496/5017] Generating obj.libclc.dir/spirv-mesa3d-/clc/lib/generic/math/clc_ilogb.cl.bc
[4497/5017] Generating obj.libclc.dir/spirv-mesa3d-/clc/lib/generic/math/clc_native_log2.cl.bc
[4498/5017] Generating obj.libclc.dir/spirv-mesa3d-/clc/lib/generic/math/clc_native_recip.cl.bc
[4499/5017] Generating obj.libclc.dir/spirv-mesa3d-/clc/lib/generic/math/clc_nextafter.cl.bc
[4500/5017] Generating obj.libclc.dir/spirv-mesa3d-/clc/lib/generic/math/clc_minmag.cl.bc
[4501/5017] Generating obj.libclc.dir/spirv-mesa3d-/clc/lib/generic/math/clc_logb.cl.bc
[4502/5017] Generating obj.libclc.dir/spirv-mesa3d-/clc/lib/generic/math/clc_native_sin.cl.bc
[4503/5017] Generating obj.libclc.dir/spirv-mesa3d-/clc/lib/generic/math/clc_native_sqrt.cl.bc
[4504/5017] Generating obj.libclc.dir/spirv-mesa3d-/clc/lib/generic/math/clc_native_tan.cl.bc
[4505/5017] Generating obj.libclc.dir/spirv-mesa3d-/clc/lib/generic/math/clc_round.cl.bc
[4506/5017] Generating obj.libclc.dir/spirv-mesa3d-/clc/lib/generic/math/clc_lgamma_r.cl.bc
[4507/5017] Generating obj.libclc.dir/spirv-mesa3d-/clc/lib/generic/math/clc_rint.cl.bc
[4508/5017] Generating obj.libclc.dir/spirv-mesa3d-/clc/lib/generic/math/clc_rsqrt.cl.bc
[4509/5017] Generating obj.libclc.dir/spirv-mesa3d-/clc/lib/generic/math/clc_maxmag.cl.bc
[4510/5017] Generating obj.libclc.dir/spirv-mesa3d-/clc/lib/generic/math/clc_sincos.cl.bc
[4511/5017] Generating obj.libclc.dir/spirv-mesa3d-/clc/lib/generic/math/clc_remainder.cl.bc
[4512/5017] Generating obj.libclc.dir/spirv-mesa3d-/clc/lib/generic/math/clc_sqrt.cl.bc
[4513/5017] Generating obj.libclc.dir/spirv-mesa3d-/clc/lib/generic/math/clc_pow.cl.bc
[4514/5017] Generating obj.libclc.dir/spirv-mesa3d-/clc/lib/generic/math/clc_sin.cl.bc
[4515/5017] Generating obj.libclc.dir/spirv-mesa3d-/clc/lib/generic/math/clc_sw_fma.cl.bc
[4516/5017] Generating obj.libclc.dir/spirv-mesa3d-/clc/lib/generic/math/clc_tables.cl.bc
[4517/5017] Generating obj.libclc.dir/spirv-mesa3d-/clc/lib/generic/math/clc_pown.cl.bc
[4518/5017] Generating obj.libclc.dir/spirv-mesa3d-/clc/lib/generic/math/clc_sinpi.cl.bc
[4519/5017] Generating obj.libclc.dir/spirv-mesa3d-/clc/lib/generic/math/clc_powr.cl.bc
[4520/5017] Generating obj.libclc.dir/spirv-mesa3d-/clc/lib/generic/math/clc_trunc.cl.bc
[4521/5017] Building CXX object CMakeFiles/prepare_builtins.dir/utils/prepare-builtins.cpp.o
[4522/5017] Generating obj.libclc.dir/spirv-mesa3d-/clc/lib/generic/math/clc_rootn.cl.bc
[4523/5017] Generating obj.libclc.dir/spirv-mesa3d-/clc/lib/generic/math/clc_sincos_helpers.cl.bc
[4524/5017] Generating obj.libclc.dir/spirv-mesa3d-/clc/lib/generic/math/clc_tan.cl.bc
[4525/5017] Generating obj.libclc.dir/spirv-mesa3d-/clc/lib/generic/relational/clc_isequal.cl.bc
[4526/5017] Generating obj.libclc.dir/spirv-mesa3d-/clc/lib/generic/relational/clc_any.cl.bc
[4527/5017] Generating obj.libclc.dir/spirv-mesa3d-/clc/lib/generic/relational/clc_isfinite.cl.bc
[4528/5017] Generating obj.libclc.dir/spirv-mesa3d-/clc/lib/generic/math/clc_tanh.cl.bc
[4529/5017] Generating obj.libclc.dir/spirv-mesa3d-/clc/lib/generic/relational/clc_bitselect.cl.bc
[4530/5017] Generating obj.libclc.dir/spirv-mesa3d-/clc/lib/generic/relational/clc_isgreater.cl.bc
[4531/5017] Generating obj.libclc.dir/spirv-mesa3d-/clc/lib/generic/relational/clc_all.cl.bc
[4532/5017] Generating obj.libclc.dir/spirv-mesa3d-/clc/lib/generic/relational/clc_isinf.cl.bc
[4533/5017] Generating obj.libclc.dir/spirv-mesa3d-/clc/lib/generic/math/clc_remquo.cl.bc
[4534/5017] Generating obj.libclc.dir/spirv-mesa3d-/clc/lib/generic/relational/clc_isgreaterequal.cl.bc
[4535/5017] Generating obj.libclc.dir/spirv-mesa3d-/clc/lib/generic/relational/clc_isless.cl.bc
[4536/5017] Generating obj.libclc.dir/spirv-mesa3d-/clc/lib/generic/relational/clc_islessequal.cl.bc
[4537/5017] Generating obj.libclc.dir/spirv-mesa3d-/clc/lib/generic/relational/clc_islessgreater.cl.bc
[4538/5017] Generating obj.libclc.dir/spirv-mesa3d-/clc/lib/generic/relational/clc_isunordered.cl.bc
[4539/5017] Generating obj.libclc.dir/spirv-mesa3d-/clc/lib/generic/relational/clc_isnan.cl.bc
[4540/5017] Generating obj.libclc.dir/spirv-mesa3d-/clc/lib/generic/relational/clc_isordered.cl.bc
[4541/5017] Generating obj.libclc.dir/spirv-mesa3d-/clc/lib/generic/math/clc_tanpi.cl.bc
[4542/5017] Generating obj.libclc.dir/spirv-mesa3d-/clc/lib/generic/relational/clc_isnormal.cl.bc
[4543/5017] Generating obj.libclc.dir/spirv-mesa3d-/clc/lib/generic/relational/clc_isnotequal.cl.bc
[4544/5017] Generating obj.libclc.dir/spirv-mesa3d-/clc/lib/generic/misc/clc_shuffle.cl.bc
[4545/5017] Generating obj.libclc.dir/spirv-mesa3d-/clc/lib/generic/shared/clc_min.cl.bc
[4546/5017] Generating obj.libclc.dir/spirv-mesa3d-/clc/lib/generic/shared/clc_clamp.cl.bc
[4547/5017] Generating obj.libclc.dir/spirv-mesa3d-/clc/lib/generic/workitem/clc_get_num_sub_groups.cl.bc
[4548/5017] Generating obj.libclc.dir/spirv-mesa3d-/clc/lib/generic/relational/clc_select.cl.bc
[4549/5017] Generating obj.libclc.dir/spirv-mesa3d-/clc/lib/generic/relational/clc_signbit.cl.bc
[4550/5017] Generating obj.libclc.dir/spirv-mesa3d-/clc/lib/generic/workitem/clc_get_local_linear_id.cl.bc
[4551/5017] Generating obj.libclc.dir/spirv-mesa3d-/clc/lib/generic/shared/clc_max.cl.bc
[4552/5017] Generating obj.libclc.dir/spirv-mesa3d-/clc/lib/generic/workitem/clc_get_sub_group_id.cl.bc
[4553/5017] Generating obj.libclc.dir/spirv-mesa3d-/clc/lib/generic/workitem/clc_get_sub_group_size.cl.bc
[4554/5017] Generating obj.libclc.dir/spirv-mesa3d-/opencl/lib/spirv/subnormal_config.cl.bc
[4555/5017] Generating obj.libclc.dir/spirv-mesa3d-/clc/lib/generic/math/clc_sinh.cl.bc
[4556/5017] Generating obj.libclc.dir/spirv-mesa3d-/opencl/lib/generic/common/sign.cl.bc
[4557/5017] Generating obj.libclc.dir/spirv-mesa3d-/opencl/lib/generic/common/degrees.cl.bc
[4558/5017] Generating obj.libclc.dir/spirv-mesa3d-/clc/lib/generic/math/clc_tgamma.cl.bc
[4559/5017] Generating obj.libclc.dir/spirv-mesa3d-/clc/lib/generic/shared/clc_vload.cl.bc
[4560/5017] Generating obj.libclc.dir/spirv-mesa3d-/opencl/lib/generic/common/radians.cl.bc
[4561/5017] Generating obj.libclc.dir/spirv-mesa3d-/opencl/lib/generic/common/smoothstep.cl.bc
[4562/5017] Generating obj.libclc.dir/spirv-mesa3d-/opencl/lib/generic/async/wait_group_events.cl.bc
[4563/5017] Generating obj.libclc.dir/spirv-mesa3d-/opencl/lib/generic/common/mix.cl.bc
[4564/5017] Generating obj.libclc.dir/spirv-mesa3d-/opencl/lib/generic/geometric/cross.cl.bc
[4565/5017] Generating obj.libclc.dir/spirv-mesa3d-/opencl/lib/generic/geometric/fast_distance.cl.bc
[4566/5017] Generating obj.libclc.dir/spirv-mesa3d-/opencl/lib/generic/common/step.cl.bc
[4567/5017] Generating obj.libclc.dir/spirv-mesa3d-/opencl/lib/generic/geometric/fast_length.cl.bc
[4568/5017] Generating obj.libclc.dir/spirv-mesa3d-/opencl/lib/generic/geometric/length.cl.bc
[4569/5017] Generating obj.libclc.dir/spirv-mesa3d-/opencl/lib/generic/geometric/dot.cl.bc
[4570/5017] Generating obj.libclc.dir/spirv-mesa3d-/opencl/lib/generic/geometric/distance.cl.bc
[4571/5017] Generating obj.libclc.dir/spirv-mesa3d-/opencl/lib/generic/geometric/fast_normalize.cl.bc
[4572/5017] Generating obj.libclc.dir/spirv-mesa3d-/opencl/lib/generic/geometric/normalize.cl.bc
[4573/5017] Generating obj.libclc.dir/spirv-mesa3d-/opencl/lib/generic/integer/mad_sat.cl.bc
[4574/5017] Generating obj.libclc.dir/spirv-mesa3d-/opencl/lib/generic/math/acos.cl.bc
[4575/5017] Generating obj.libclc.dir/spirv-mesa3d-/clc/lib/generic/misc/clc_shuffle2.cl.bc
[4576/5017] Generating obj.libclc.dir/spirv-mesa3d-/opencl/lib/generic/async/async_work_group_strided_copy.cl.bc
[4577/5017] Generating obj.libclc.dir/spirv-mesa3d-/opencl/lib/generic/integer/rotate.cl.bc
[4578/5017] Generating obj.libclc.dir/spirv-mesa3d-/opencl/lib/generic/math/acosh.cl.bc
[4579/5017] Generating obj.libclc.dir/spirv-mesa3d-/opencl/lib/generic/math/acospi.cl.bc
[4580/5017] Generating obj.libclc.dir/spirv-mesa3d-/opencl/lib/generic/math/asin.cl.bc
[4581/5017] Generating obj.libclc.dir/spirv-mesa3d-/opencl/lib/generic/math/asinh.cl.bc
[4582/5017] Generating obj.libclc.dir/spirv-mesa3d-/opencl/lib/generic/math/asinpi.cl.bc
[4583/5017] Generating obj.libclc.dir/spirv-mesa3d-/opencl/lib/generic/math/atan.cl.bc
[4584/5017] Generating obj.libclc.dir/spirv-mesa3d-/opencl/lib/generic/math/atanh.cl.bc
[4585/5017] Generating obj.libclc.dir/spirv-mesa3d-/opencl/lib/generic/math/cbrt.cl.bc
[4586/5017] Generating obj.libclc.dir/spirv-mesa3d-/opencl/lib/generic/math/atanpi.cl.bc
[4587/5017] Generating obj.libclc.dir/spirv-mesa3d-/opencl/lib/generic/math/erf.cl.bc
[4588/5017] Generating obj.libclc.dir/spirv-mesa3d-/opencl/lib/generic/math/cosh.cl.bc
[4589/5017] Generating obj.libclc.dir/spirv-mesa3d-/opencl/lib/generic/math/atan2pi.cl.bc
[4590/5017] Generating obj.libclc.dir/spirv-mesa3d-/opencl/lib/generic/math/cos.cl.bc
[4591/5017] Generating obj.libclc.dir/spirv-mesa3d-/opencl/lib/generic/math/cospi.cl.bc
[4592/5017] Generating obj.libclc.dir/spirv-mesa3d-/opencl/lib/generic/math/erfc.cl.bc
[4593/5017] Generating obj.libclc.dir/spirv-mesa3d-/opencl/lib/generic/math/atan2.cl.bc
[4594/5017] Generating obj.libclc.dir/spirv-mesa3d-/opencl/lib/generic/math/exp.cl.bc
[4595/5017] Generating obj.libclc.dir/spirv-mesa3d-/opencl/lib/generic/math/exp2.cl.bc
[4596/5017] Generating obj.libclc.dir/spirv-mesa3d-/opencl/lib/generic/math/expm1.cl.bc
[4597/5017] Generating obj.libclc.dir/spirv-mesa3d-/opencl/lib/spirv/math/fma.cl.bc
[4598/5017] Generating obj.libclc.dir/spirv-mesa3d-/opencl/lib/generic/math/exp10.cl.bc
[4599/5017] Generating obj.libclc.dir/spirv-mesa3d-/opencl/lib/generic/math/fmod.cl.bc
[4600/5017] Generating obj.libclc.dir/spirv-mesa3d-/opencl/lib/generic/math/lgamma.cl.bc
[4601/5017] Generating obj.libclc.dir/spirv-mesa3d-/opencl/lib/generic/math/ldexp.cl.bc
[4602/5017] Generating obj.libclc.dir/spirv-mesa3d-/opencl/lib/generic/math/hypot.cl.bc
[4603/5017] Generating obj.libclc.dir/spirv-mesa3d-/opencl/lib/generic/math/log10.cl.bc
[4604/5017] Generating obj.libclc.dir/spirv-mesa3d-/opencl/lib/generic/math/log.cl.bc
[4605/5017] Generating obj.libclc.dir/spirv-mesa3d-/clc/lib/generic/shared/clc_vstore.cl.bc
[4606/5017] Generating obj.libclc.dir/spirv-mesa3d-/opencl/lib/generic/math/lgamma_r.cl.bc
[4607/5017] Generating obj.libclc.dir/spirv-mesa3d-/opencl/lib/generic/math/frexp.cl.bc
[4608/5017] Generating obj.libclc.dir/spirv-mesa3d-/opencl/lib/generic/math/half_rsqrt.cl.bc
[4609/5017] Generating obj.libclc.dir/spirv-mesa3d-/opencl/lib/generic/math/half_sqrt.cl.bc
[4610/5017] Generating obj.libclc.dir/spirv-mesa3d-/opencl/lib/generic/math/ilogb.cl.bc
[4611/5017] Generating obj.libclc.dir/spirv-mesa3d-/opencl/lib/generic/math/fract.cl.bc
[4612/5017] Generating obj.libclc.dir/spirv-mesa3d-/opencl/lib/generic/math/log1p.cl.bc
[4613/5017] Generating obj.libclc.dir/spirv-mesa3d-/opencl/lib/generic/math/log2.cl.bc
[4614/5017] Generating obj.libclc.dir/spirv-mesa3d-/opencl/lib/generic/math/pow.cl.bc
[4615/5017] Generating obj.libclc.dir/spirv-mesa3d-/opencl/lib/generic/math/logb.cl.bc
[4616/5017] Generating obj.libclc.dir/spirv-mesa3d-/opencl/lib/generic/math/remainder.cl.bc
[4617/5017] Generating obj.libclc.dir/spirv-mesa3d-/opencl/lib/generic/math/rootn.cl.bc
[4618/5017] Generating obj.libclc.dir/spirv-mesa3d-/opencl/lib/generic/math/powr.cl.bc
[4619/5017] Generating obj.libclc.dir/spirv-mesa3d-/opencl/lib/generic/math/pown.cl.bc
[4620/5017] Generating obj.libclc.dir/spirv-mesa3d-/opencl/lib/generic/math/sinh.cl.bc
[4621/5017] Generating obj.libclc.dir/spirv-mesa3d-/opencl/lib/generic/math/modf.cl.bc
[4622/5017] Generating obj.libclc.dir/spirv-mesa3d-/opencl/lib/generic/math/sincos.cl.bc
[4623/5017] Generating obj.libclc.dir/spirv-mesa3d-/opencl/lib/generic/math/remquo.cl.bc
[4624/5017] Generating obj.libclc.dir/spirv-mesa3d-/opencl/lib/generic/math/tan.cl.bc
[4625/5017] Generating obj.libclc.dir/spirv-mesa3d-/opencl/lib/generic/math/tgamma.cl.bc
[4626/5017] Generating obj.libclc.dir/spirv-mesa3d-/opencl/lib/generic/math/sin.cl.bc
[4627/5017] Generating obj.libclc.dir/spirv-mesa3d-/opencl/lib/generic/math/sinpi.cl.bc
[4628/5017] Generating obj.libclc.dir/spirv64-mesa3d-/clc/lib/spirv/math/clc_runtime_has_hw_fma32.cl.bc
[4629/5017] Generating obj.libclc.dir/spirv-mesa3d-/opencl/lib/generic/math/tanpi.cl.bc
[4630/5017] Generating obj.libclc.dir/spirv64-mesa3d-/clc/lib/generic/common/clc_degrees.cl.bc
[4631/5017] Generating obj.libclc.dir/spirv-mesa3d-/opencl/lib/generic/math/tanh.cl.bc
[4632/5017] Generating obj.libclc.dir/spirv64-mesa3d-/clc/lib/generic/async/clc_prefetch.cl.bc
[4633/5017] Generating obj.libclc.dir/spirv64-mesa3d-/clc/lib/generic/common/clc_sign.cl.bc
[4634/5017] Generating obj.libclc.dir/spirv64-mesa3d-/clc/lib/generic/geometric/clc_cross.cl.bc
[4635/5017] Generating obj.libclc.dir/spirv64-mesa3d-/clc/lib/generic/geometric/clc_distance.cl.bc
[4636/5017] Generating obj.libclc.dir/spirv64-mesa3d-/clc/lib/generic/common/clc_radians.cl.bc
[4637/5017] Generating obj.libclc.dir/spirv64-mesa3d-/clc/lib/generic/geometric/clc_fast_distance.cl.bc
[4638/5017] Generating obj.libclc.dir/spirv64-mesa3d-/clc/lib/generic/common/clc_smoothstep.cl.bc
[4639/5017] Generating obj.libclc.dir/spirv64-mesa3d-/clc/lib/generic/common/clc_step.cl.bc
[4640/5017] Generating obj.libclc.dir/spirv64-mesa3d-/clc/lib/generic/geometric/clc_fast_length.cl.bc
[4641/5017] Generating obj.libclc.dir/spirv64-mesa3d-/clc/lib/generic/geometric/clc_fast_normalize.cl.bc
[4642/5017] Generating obj.libclc.dir/spirv64-mesa3d-/clc/lib/generic/geometric/clc_dot.cl.bc
[4643/5017] Generating obj.libclc.dir/spirv64-mesa3d-/clc/lib/generic/geometric/clc_length.cl.bc
[4644/5017] Generating obj.libclc.dir/spirv64-mesa3d-/clc/lib/generic/integer/clc_abs.cl.bc
[4645/5017] Generating obj.libclc.dir/spirv64-mesa3d-/clc/lib/generic/integer/clc_abs_diff.cl.bc
[4646/5017] Generating obj.libclc.dir/spirv64-mesa3d-/clc/lib/generic/integer/clc_clz.cl.bc
[4647/5017] Generating obj.libclc.dir/spirv64-mesa3d-/clc/lib/generic/integer/clc_mul24.cl.bc
[4648/5017] Generating obj.libclc.dir/spirv64-mesa3d-/clc/lib/generic/integer/clc_add_sat.cl.bc
[4649/5017] Generating obj.libclc.dir/spirv64-mesa3d-/clc/lib/generic/integer/clc_mad24.cl.bc
[4650/5017] Generating obj.libclc.dir/spirv64-mesa3d-/clc/lib/generic/integer/clc_hadd.cl.bc
[4651/5017] Generating obj.libclc.dir/spirv64-mesa3d-/clc/lib/generic/integer/clc_ctz.cl.bc
[4652/5017] Generating obj.libclc.dir/spirv64-mesa3d-/clc/lib/generic/integer/clc_popcount.cl.bc
[4653/5017] Generating obj.libclc.dir/spirv-mesa3d-/opencl/lib/generic/shared/vload.cl.bc
[4654/5017] Generating obj.libclc.dir/spirv64-mesa3d-/clc/lib/generic/integer/clc_rhadd.cl.bc
[4655/5017] Generating obj.libclc.dir/spirv64-mesa3d-/clc/lib/generic/integer/clc_rotate.cl.bc
[4656/5017] Generating obj.libclc.dir/spirv64-mesa3d-/clc/lib/generic/integer/clc_sub_sat.cl.bc
[4657/5017] Generating obj.libclc.dir/spirv-mesa3d-/opencl/lib/generic/shared/vstore.cl.bc
[4658/5017] Generating obj.libclc.dir/spirv64-mesa3d-/clc/lib/generic/geometric/clc_normalize.cl.bc
[4659/5017] Generating obj.libclc.dir/spirv64-mesa3d-/clc/lib/generic/integer/clc_mad_sat.cl.bc
[4660/5017] Generating obj.libclc.dir/spirv64-mesa3d-/clc/lib/generic/integer/clc_upsample.cl.bc
[4661/5017] Generating obj.libclc.dir/spirv64-mesa3d-/clc/lib/generic/math/clc_acos.cl.bc
[4662/5017] Generating obj.libclc.dir/spirv64-mesa3d-/clc/lib/generic/math/clc_acospi.cl.bc
[4663/5017] Generating obj.libclc.dir/spirv64-mesa3d-/clc/lib/generic/math/clc_asin.cl.bc
[4664/5017] Generating obj.libclc.dir/spirv64-mesa3d-/clc/lib/generic/math/clc_atan2.cl.bc
[4665/5017] Generating obj.libclc.dir/spirv64-mesa3d-/clc/lib/generic/integer/clc_mul_hi.cl.bc
[4666/5017] Generating obj.libclc.dir/spirv64-mesa3d-/clc/lib/generic/math/clc_atanh.cl.bc
[4667/5017] Generating obj.libclc.dir/spirv64-mesa3d-/clc/lib/generic/math/clc_atan2pi.cl.bc
[4668/5017] Generating obj.libclc.dir/spirv64-mesa3d-/clc/lib/generic/math/clc_atanpi.cl.bc
[4669/5017] Generating obj.libclc.dir/spirv64-mesa3d-/clc/lib/generic/math/clc_copysign.cl.bc
[4670/5017] Generating obj.libclc.dir/spirv64-mesa3d-/clc/lib/generic/math/clc_ceil.cl.bc
[4671/5017] Generating obj.libclc.dir/spirv64-mesa3d-/clc/lib/generic/math/clc_acosh.cl.bc
[4672/5017] Generating obj.libclc.dir/spirv64-mesa3d-/clc/lib/generic/math/clc_atan.cl.bc
[4673/5017] Generating obj.libclc.dir/spirv64-mesa3d-/clc/lib/generic/math/clc_asinpi.cl.bc
[4674/5017] Generating obj.libclc.dir/spirv64-mesa3d-/clc/lib/generic/math/clc_cos.cl.bc
[4675/5017] Generating obj.libclc.dir/spirv64-mesa3d-/clc/lib/generic/math/clc_ep_log.cl.bc
[4676/5017] Generating obj.libclc.dir/spirv64-mesa3d-/clc/lib/generic/math/clc_erf.cl.bc
[4677/5017] Generating obj.libclc.dir/spirv64-mesa3d-/clc/lib/generic/math/clc_cospi.cl.bc
[4678/5017] Generating obj.libclc.dir/spirv64-mesa3d-/clc/lib/generic/math/clc_erfc.cl.bc
[4679/5017] Generating obj.libclc.dir/spirv64-mesa3d-/clc/lib/generic/math/clc_cosh.cl.bc
[4680/5017] Generating obj.libclc.dir/spirv64-mesa3d-/clc/lib/generic/math/clc_fabs.cl.bc
[4681/5017] Generating obj.libclc.dir/spirv64-mesa3d-/clc/lib/generic/math/clc_fma.cl.bc
[4682/5017] Generating obj.libclc.dir/spirv64-mesa3d-/clc/lib/generic/math/clc_fmax.cl.bc
[4683/5017] Generating obj.libclc.dir/spirv64-mesa3d-/clc/lib/generic/math/clc_fmin.cl.bc
[4684/5017] Generating obj.libclc.dir/spirv64-mesa3d-/clc/lib/generic/math/clc_floor.cl.bc
[4685/5017] Generating obj.libclc.dir/spirv64-mesa3d-/clc/lib/generic/math/clc_asinh.cl.bc
[4686/5017] Generating obj.libclc.dir/spirv64-mesa3d-/clc/lib/generic/math/clc_fract.cl.bc
[4687/5017] Generating obj.libclc.dir/spirv64-mesa3d-/clc/lib/generic/math/clc_cbrt.cl.bc
[4688/5017] Generating obj.libclc.dir/spirv64-mesa3d-/clc/lib/generic/math/clc_half_divide.cl.bc
[4689/5017] Generating obj.libclc.dir/spirv64-mesa3d-/clc/lib/generic/math/clc_half_cos.cl.bc
[4690/5017] Generating obj.libclc.dir/spirv64-mesa3d-/clc/lib/generic/math/clc_half_exp.cl.bc
[4691/5017] Generating obj.libclc.dir/spirv64-mesa3d-/clc/lib/generic/math/clc_exp_helper.cl.bc
[4692/5017] Generating obj.libclc.dir/spirv64-mesa3d-/clc/lib/generic/math/clc_half_exp10.cl.bc
[4693/5017] Generating obj.libclc.dir/spirv64-mesa3d-/clc/lib/generic/math/clc_exp10.cl.bc
[4694/5017] Generating obj.libclc.dir/spirv64-mesa3d-/clc/lib/generic/math/clc_expm1.cl.bc
[4695/5017] Generating obj.libclc.dir/spirv64-mesa3d-/clc/lib/generic/math/clc_half_log.cl.bc
[4696/5017] Generating obj.libclc.dir/spirv64-mesa3d-/clc/lib/generic/math/clc_fdim.cl.bc
[4697/5017] Generating obj.libclc.dir/spirv64-mesa3d-/clc/lib/generic/math/clc_half_log10.cl.bc
[4698/5017] Generating obj.libclc.dir/spirv64-mesa3d-/clc/lib/generic/math/clc_half_recip.cl.bc
[4699/5017] Generating obj.libclc.dir/spirv64-mesa3d-/clc/lib/generic/math/clc_half_exp2.cl.bc
[4700/5017] Generating obj.libclc.dir/spirv64-mesa3d-/clc/lib/generic/math/clc_fmod.cl.bc
[4701/5017] Generating obj.libclc.dir/spirv64-mesa3d-/clc/lib/generic/math/clc_half_rsqrt.cl.bc
[4702/5017] Generating obj.libclc.dir/spirv64-mesa3d-/clc/lib/generic/math/clc_half_sin.cl.bc
[4703/5017] Generating obj.libclc.dir/spirv64-mesa3d-/clc/lib/generic/math/clc_half_powr.cl.bc
[4704/5017] Generating obj.libclc.dir/spirv64-mesa3d-/clc/lib/generic/math/clc_half_log2.cl.bc
[4705/5017] Generating obj.libclc.dir/spirv64-mesa3d-/clc/lib/generic/math/clc_half_sqrt.cl.bc
[4706/5017] Generating obj.libclc.dir/spirv64-mesa3d-/clc/lib/generic/math/clc_half_tan.cl.bc
[4707/5017] Generating obj.libclc.dir/spirv64-mesa3d-/clc/lib/generic/math/clc_exp.cl.bc
[4708/5017] Generating obj.libclc.dir/spirv64-mesa3d-/clc/lib/generic/math/clc_ldexp.cl.bc
[4709/5017] Generating obj.libclc.dir/spirv64-mesa3d-/clc/lib/generic/math/clc_log.cl.bc
[4710/5017] Generating obj.libclc.dir/spirv64-mesa3d-/clc/lib/generic/math/clc_lgamma.cl.bc
[4711/5017] Generating obj.libclc.dir/spirv64-mesa3d-/clc/lib/generic/math/clc_frexp.cl.bc
[4712/5017] Generating obj.libclc.dir/spirv64-mesa3d-/clc/lib/generic/math/clc_log10.cl.bc
[4713/5017] Generating obj.libclc.dir/spirv64-mesa3d-/clc/lib/generic/math/clc_exp2.cl.bc
[4714/5017] Generating obj.libclc.dir/spirv64-mesa3d-/clc/lib/generic/math/clc_log2.cl.bc
[4715/5017] Generating obj.libclc.dir/spirv64-mesa3d-/clc/lib/generic/math/clc_nan.cl.bc
[4716/5017] Generating obj.libclc.dir/spirv64-mesa3d-/clc/lib/generic/math/clc_native_cos.cl.bc
[4717/5017] Generating obj.libclc.dir/spirv64-mesa3d-/clc/lib/generic/math/clc_mad.cl.bc
[4718/5017] Generating obj.libclc.dir/spirv64-mesa3d-/clc/lib/generic/math/clc_native_exp.cl.bc
[4719/5017] Generating obj.libclc.dir/spirv64-mesa3d-/clc/lib/generic/math/clc_modf.cl.bc
[4720/5017] Generating obj.libclc.dir/spirv64-mesa3d-/clc/lib/generic/math/clc_ilogb.cl.bc
[4721/5017] Generating obj.libclc.dir/spirv64-mesa3d-/clc/lib/generic/math/clc_native_divide.cl.bc
[4722/5017] Generating obj.libclc.dir/spirv64-mesa3d-/clc/lib/generic/math/clc_native_exp10.cl.bc
[4723/5017] Generating obj.libclc.dir/spirv64-mesa3d-/clc/lib/generic/math/clc_native_exp2.cl.bc
[4724/5017] Generating obj.libclc.dir/spirv64-mesa3d-/clc/lib/generic/math/clc_hypot.cl.bc
[4725/5017] Generating obj.libclc.dir/spirv64-mesa3d-/clc/lib/generic/math/clc_native_log10.cl.bc
[4726/5017] Generating obj.libclc.dir/spirv64-mesa3d-/clc/lib/generic/math/clc_native_log.cl.bc
[4727/5017] Generating obj.libclc.dir/spirv64-mesa3d-/clc/lib/generic/math/clc_native_log2.cl.bc
[4728/5017] Generating obj.libclc.dir/spirv64-mesa3d-/clc/lib/generic/math/clc_log1p.cl.bc
[4729/5017] Generating obj.libclc.dir/spirv64-mesa3d-/clc/lib/generic/math/clc_lgamma_r.cl.bc
[4730/5017] Generating obj.libclc.dir/spirv64-mesa3d-/clc/lib/generic/math/clc_native_rsqrt.cl.bc
[4731/5017] Generating obj.libclc.dir/spirv64-mesa3d-/clc/lib/generic/math/clc_native_recip.cl.bc
[4732/5017] Generating obj.libclc.dir/spirv64-mesa3d-/clc/lib/generic/math/clc_native_powr.cl.bc
[4733/5017] Generating obj.libclc.dir/spirv64-mesa3d-/clc/lib/generic/math/clc_native_sqrt.cl.bc
[4734/5017] Generating obj.libclc.dir/spirv64-mesa3d-/clc/lib/generic/math/clc_native_sin.cl.bc
[4735/5017] Generating obj.libclc.dir/spirv64-mesa3d-/clc/lib/generic/math/clc_native_tan.cl.bc
[4736/5017] Generating obj.libclc.dir/spirv64-mesa3d-/clc/lib/generic/math/clc_maxmag.cl.bc
[4737/5017] Generating obj.libclc.dir/spirv64-mesa3d-/clc/lib/generic/math/clc_nextafter.cl.bc
[4738/5017] Generating obj.libclc.dir/spirv64-mesa3d-/clc/lib/generic/math/clc_rint.cl.bc
[4739/5017] Generating obj.libclc.dir/spirv64-mesa3d-/clc/lib/generic/math/clc_rsqrt.cl.bc
[4740/5017] Generating obj.libclc.dir/spirv64-mesa3d-/clc/lib/generic/math/clc_minmag.cl.bc
[4741/5017] Generating obj.libclc.dir/spirv64-mesa3d-/clc/lib/generic/math/clc_round.cl.bc
[4742/5017] Generating obj.libclc.dir/spirv64-mesa3d-/clc/lib/generic/math/clc_sincos.cl.bc
[4743/5017] Generating obj.libclc.dir/spirv64-mesa3d-/clc/lib/generic/math/clc_logb.cl.bc
[4744/5017] Generating obj.libclc.dir/spirv64-mesa3d-/clc/lib/generic/math/clc_sqrt.cl.bc
[4745/5017] Generating obj.libclc.dir/spirv64-mesa3d-/clc/lib/generic/math/clc_remainder.cl.bc
[4746/5017] Generating obj.libclc.dir/spirv64-mesa3d-/clc/lib/generic/math/clc_pown.cl.bc
[4747/5017] Generating obj.libclc.dir/spirv64-mesa3d-/clc/lib/generic/math/clc_sw_fma.cl.bc
[4748/5017] Generating obj.libclc.dir/spirv64-mesa3d-/clc/lib/generic/math/clc_rootn.cl.bc
[4749/5017] Generating obj.libclc.dir/spirv64-mesa3d-/clc/lib/generic/math/clc_tables.cl.bc
[4750/5017] Generating obj.libclc.dir/spirv64-mesa3d-/clc/lib/generic/math/clc_sinpi.cl.bc
[4751/5017] Generating obj.libclc.dir/spirv64-mesa3d-/clc/lib/generic/math/clc_trunc.cl.bc
[4752/5017] Generating obj.libclc.dir/spirv64-mesa3d-/clc/lib/generic/math/clc_sinh.cl.bc
[4753/5017] Generating obj.libclc.dir/spirv64-mesa3d-/clc/lib/generic/math/clc_pow.cl.bc
[4754/5017] Generating obj.libclc.dir/spirv64-mesa3d-/clc/lib/generic/relational/clc_all.cl.bc
[4755/5017] Generating obj.libclc.dir/spirv64-mesa3d-/clc/lib/generic/math/clc_tanh.cl.bc
[4756/5017] Generating obj.libclc.dir/spirv64-mesa3d-/clc/lib/generic/relational/clc_any.cl.bc
[4757/5017] Generating obj.libclc.dir/spirv64-mesa3d-/clc/lib/generic/math/clc_remquo.cl.bc
[4758/5017] Generating obj.libclc.dir/spirv64-mesa3d-/clc/lib/generic/math/clc_sin.cl.bc
[4759/5017] Generating obj.libclc.dir/spirv64-mesa3d-/clc/lib/generic/math/clc_tgamma.cl.bc
[4760/5017] Generating obj.libclc.dir/spirv64-mesa3d-/clc/lib/generic/math/clc_tan.cl.bc
[4761/5017] Generating obj.libclc.dir/spirv64-mesa3d-/clc/lib/generic/relational/clc_bitselect.cl.bc
[4762/5017] Generating obj.libclc.dir/spirv64-mesa3d-/clc/lib/generic/relational/clc_isequal.cl.bc
[4763/5017] Generating obj.libclc.dir/spirv64-mesa3d-/clc/lib/generic/misc/clc_shuffle.cl.bc
[4764/5017] Generating obj.libclc.dir/spirv64-mesa3d-/clc/lib/generic/relational/clc_isgreater.cl.bc
[4765/5017] Generating obj.libclc.dir/spirv64-mesa3d-/clc/lib/generic/relational/clc_isfinite.cl.bc
[4766/5017] Generating obj.libclc.dir/spirv64-mesa3d-/clc/lib/generic/relational/clc_isinf.cl.bc
[4767/5017] Generating obj.libclc.dir/spirv64-mesa3d-/clc/lib/generic/relational/clc_isless.cl.bc
[4768/5017] Generating obj.libclc.dir/spirv64-mesa3d-/clc/lib/generic/relational/clc_islessgreater.cl.bc
[4769/5017] Generating obj.libclc.dir/spirv64-mesa3d-/clc/lib/generic/relational/clc_islessequal.cl.bc
[4770/5017] Generating obj.libclc.dir/spirv64-mesa3d-/clc/lib/generic/relational/clc_isgreaterequal.cl.bc
[4771/5017] Generating obj.libclc.dir/spirv64-mesa3d-/clc/lib/generic/relational/clc_isnan.cl.bc
[4772/5017] Generating obj.libclc.dir/spirv64-mesa3d-/clc/lib/generic/relational/clc_isnormal.cl.bc
[4773/5017] Generating obj.libclc.dir/spirv64-mesa3d-/clc/lib/generic/math/clc_powr.cl.bc
[4774/5017] Generating obj.libclc.dir/spirv64-mesa3d-/clc/lib/generic/relational/clc_isnotequal.cl.bc
[4775/5017] Generating obj.libclc.dir/spirv64-mesa3d-/clc/lib/generic/relational/clc_isordered.cl.bc
[4776/5017] Generating obj.libclc.dir/spirv64-mesa3d-/clc/lib/generic/relational/clc_isunordered.cl.bc
[4777/5017] Generating obj.libclc.dir/spirv64-mesa3d-/clc/lib/generic/relational/clc_signbit.cl.bc
[4778/5017] Generating obj.libclc.dir/spirv64-mesa3d-/clc/lib/generic/math/clc_sincos_helpers.cl.bc
[4779/5017] Generating obj.libclc.dir/spirv64-mesa3d-/clc/lib/generic/workitem/clc_get_num_sub_groups.cl.bc
[4780/5017] Generating obj.libclc.dir/spirv64-mesa3d-/clc/lib/generic/shared/clc_clamp.cl.bc
[4781/5017] Generating obj.libclc.dir/spirv64-mesa3d-/clc/lib/generic/relational/clc_select.cl.bc
[4782/5017] Generating obj.libclc.dir/spirv64-mesa3d-/clc/lib/generic/misc/clc_shuffle2.cl.bc
[4783/5017] Generating obj.libclc.dir/spirv64-mesa3d-/clc/lib/generic/workitem/clc_get_local_linear_id.cl.bc
[4784/5017] Generating obj.libclc.dir/spirv64-mesa3d-/clc/lib/generic/shared/clc_max.cl.bc
[4785/5017] Generating obj.libclc.dir/spirv64-mesa3d-/clc/lib/generic/workitem/clc_get_sub_group_size.cl.bc
[4786/5017] Generating obj.libclc.dir/spirv64-mesa3d-/opencl/lib/spirv/subnormal_config.cl.bc
[4787/5017] Generating obj.libclc.dir/spirv64-mesa3d-/clc/lib/generic/workitem/clc_get_sub_group_id.cl.bc
[4788/5017] Generating obj.libclc.dir/spirv64-mesa3d-/clc/lib/generic/shared/clc_min.cl.bc
[4789/5017] Generating obj.libclc.dir/spirv64-mesa3d-/opencl/lib/generic/async/wait_group_events.cl.bc
[4790/5017] Generating obj.libclc.dir/spirv64-mesa3d-/opencl/lib/generic/common/radians.cl.bc
[4791/5017] Generating obj.libclc.dir/spirv64-mesa3d-/opencl/lib/generic/common/smoothstep.cl.bc
[4792/5017] Generating obj.libclc.dir/spirv64-mesa3d-/clc/lib/generic/math/clc_tanpi.cl.bc
[4793/5017] Generating obj.libclc.dir/spirv64-mesa3d-/opencl/lib/generic/common/degrees.cl.bc
[4794/5017] Generating obj.libclc.dir/spirv64-mesa3d-/opencl/lib/generic/geometric/cross.cl.bc
[4795/5017] Generating obj.libclc.dir/spirv64-mesa3d-/opencl/lib/generic/common/sign.cl.bc
[4796/5017] Generating obj.libclc.dir/spirv64-mesa3d-/opencl/lib/generic/geometric/distance.cl.bc
[4797/5017] Generating obj.libclc.dir/spirv64-mesa3d-/opencl/lib/generic/geometric/dot.cl.bc
[4798/5017] Generating obj.libclc.dir/spirv64-mesa3d-/opencl/lib/generic/common/mix.cl.bc
[4799/5017] Generating obj.libclc.dir/spirv64-mesa3d-/clc/lib/generic/shared/clc_vload.cl.bc
[4800/5017] Generating obj.libclc.dir/spirv64-mesa3d-/opencl/lib/generic/common/step.cl.bc
[4801/5017] Generating obj.libclc.dir/spirv64-mesa3d-/opencl/lib/generic/geometric/fast_length.cl.bc
[4802/5017] Generating obj.libclc.dir/spirv64-mesa3d-/opencl/lib/generic/geometric/fast_distance.cl.bc
[4803/5017] Generating obj.libclc.dir/spirv64-mesa3d-/opencl/lib/generic/geometric/fast_normalize.cl.bc
[4804/5017] Generating obj.libclc.dir/spirv64-mesa3d-/opencl/lib/generic/geometric/length.cl.bc
[4805/5017] Generating obj.libclc.dir/spirv64-mesa3d-/opencl/lib/generic/geometric/normalize.cl.bc
[4806/5017] Generating obj.libclc.dir/spirv64-mesa3d-/opencl/lib/generic/async/async_work_group_strided_copy.cl.bc
[4807/5017] Generating obj.libclc.dir/spirv64-mesa3d-/opencl/lib/generic/math/acos.cl.bc
[4808/5017] Generating obj.libclc.dir/spirv64-mesa3d-/opencl/lib/generic/integer/rotate.cl.bc
[4809/5017] Generating obj.libclc.dir/spirv64-mesa3d-/opencl/lib/generic/integer/mad_sat.cl.bc
[4810/5017] Generating obj.libclc.dir/spirv64-mesa3d-/opencl/lib/generic/math/acospi.cl.bc
[4811/5017] Generating obj.libclc.dir/spirv64-mesa3d-/opencl/lib/generic/math/asinh.cl.bc
[4812/5017] Generating obj.libclc.dir/spirv64-mesa3d-/opencl/lib/generic/math/atan2pi.cl.bc
[4813/5017] Generating obj.libclc.dir/spirv64-mesa3d-/opencl/lib/generic/math/atanh.cl.bc
[4814/5017] Generating obj.libclc.dir/spirv64-mesa3d-/opencl/lib/generic/math/atan2.cl.bc
[4815/5017] Generating obj.libclc.dir/spirv64-mesa3d-/opencl/lib/generic/math/cbrt.cl.bc
[4816/5017] Generating obj.libclc.dir/spirv64-mesa3d-/opencl/lib/generic/math/acosh.cl.bc
[4817/5017] Generating obj.libclc.dir/spirv64-mesa3d-/opencl/lib/generic/math/atan.cl.bc
[4818/5017] Generating obj.libclc.dir/spirv64-mesa3d-/opencl/lib/generic/math/asinpi.cl.bc
[4819/5017] Generating obj.libclc.dir/spirv64-mesa3d-/opencl/lib/generic/math/asin.cl.bc
[4820/5017] Generating obj.libclc.dir/spirv64-mesa3d-/opencl/lib/generic/math/atanpi.cl.bc
[4821/5017] Generating obj.libclc.dir/spirv64-mesa3d-/clc-convert.cl.bc
[4822/5017] Generating obj.libclc.dir/spirv64-mesa3d-/opencl/lib/generic/math/cos.cl.bc
[4823/5017] Generating obj.libclc.dir/spirv64-mesa3d-/opencl/lib/generic/math/cosh.cl.bc
[4824/5017] Generating obj.libclc.dir/spirv64-mesa3d-/opencl/lib/generic/math/cospi.cl.bc
[4825/5017] Generating obj.libclc.dir/spirv64-mesa3d-/opencl/lib/generic/math/erfc.cl.bc
[4826/5017] Generating obj.libclc.dir/spirv64-mesa3d-/opencl/lib/generic/math/erf.cl.bc
[4827/5017] Generating obj.libclc.dir/spirv64-mesa3d-/opencl/lib/generic/math/exp.cl.bc
[4828/5017] Generating obj.libclc.dir/spirv64-mesa3d-/opencl/lib/generic/math/exp2.cl.bc
[4829/5017] Generating obj.libclc.dir/spirv64-mesa3d-/opencl/lib/spirv/math/fma.cl.bc
[4830/5017] Generating obj.libclc.dir/spirv64-mesa3d-/opencl/lib/generic/math/exp10.cl.bc
[4831/5017] Generating obj.libclc.dir/spirv64-mesa3d-/opencl/lib/generic/math/half_rsqrt.cl.bc
[4832/5017] Generating obj.libclc.dir/spirv64-mesa3d-/opencl/lib/generic/math/frexp.cl.bc
[4833/5017] Generating obj.libclc.dir/spirv64-mesa3d-/opencl/lib/generic/math/expm1.cl.bc
[4834/5017] Generating obj.libclc.dir/spirv64-mesa3d-/opencl/lib/generic/math/hypot.cl.bc
[4835/5017] Generating obj.libclc.dir/spirv64-mesa3d-/clc/lib/generic/shared/clc_vstore.cl.bc
[4836/5017] Generating obj.libclc.dir/spirv64-mesa3d-/opencl/lib/generic/math/fmod.cl.bc
[4837/5017] Generating obj.libclc.dir/spirv64-mesa3d-/opencl/lib/generic/math/half_sqrt.cl.bc
[4838/5017] Generating obj.libclc.dir/spirv64-mesa3d-/opencl/lib/generic/math/ilogb.cl.bc
[4839/5017] Generating obj.libclc.dir/spirv64-mesa3d-/opencl/lib/generic/math/log10.cl.bc
[4840/5017] Generating obj.libclc.dir/spirv64-mesa3d-/opencl/lib/generic/math/fract.cl.bc
[4841/5017] Generating obj.libclc.dir/spirv64-mesa3d-/opencl/lib/generic/math/log.cl.bc
[4842/5017] Generating obj.libclc.dir/spirv64-mesa3d-/opencl/lib/generic/math/lgamma.cl.bc
[4843/5017] Generating obj.libclc.dir/spirv64-mesa3d-/opencl/lib/generic/math/log2.cl.bc
[4844/5017] Generating obj.libclc.dir/spirv64-mesa3d-/opencl/lib/generic/math/log1p.cl.bc
[4845/5017] Generating obj.libclc.dir/spirv64-mesa3d-/opencl/lib/generic/math/logb.cl.bc
[4846/5017] Generating obj.libclc.dir/spirv64-mesa3d-/opencl/lib/generic/math/lgamma_r.cl.bc
[4847/5017] Generating obj.libclc.dir/spirv64-mesa3d-/opencl/lib/generic/math/ldexp.cl.bc
[4848/5017] Generating obj.libclc.dir/spirv64-mesa3d-/opencl/lib/generic/math/powr.cl.bc
[4849/5017] Generating obj.libclc.dir/spirv64-mesa3d-/opencl/lib/generic/math/pown.cl.bc
[4850/5017] Generating obj.libclc.dir/spirv64-mesa3d-/opencl/lib/generic/math/remainder.cl.bc
[4851/5017] Generating obj.libclc.dir/spirv64-mesa3d-/opencl/lib/generic/math/pow.cl.bc
[4852/5017] Generating obj.libclc.dir/spirv64-mesa3d-/opencl/lib/generic/math/modf.cl.bc
[4853/5017] Generating obj.libclc.dir/spirv64-mesa3d-/opencl/lib/generic/math/sinh.cl.bc
[4854/5017] Generating obj.libclc.dir/spirv64-mesa3d-/opencl/lib/generic/math/remquo.cl.bc
[4855/5017] Generating obj.libclc.dir/spirv64-mesa3d-/opencl/lib/generic/math/rootn.cl.bc
[4856/5017] Generating obj.libclc.dir/spirv64-mesa3d-/opencl/lib/generic/math/tanh.cl.bc
[4857/5017] Generating obj.libclc.dir/spirv64-mesa3d-/opencl/lib/generic/math/sinpi.cl.bc
[4858/5017] Generating obj.libclc.dir/spirv64-mesa3d-/opencl/lib/generic/math/sin.cl.bc
[4859/5017] Generating obj.libclc.dir/spirv64-mesa3d-/opencl/lib/generic/math/tan.cl.bc
[4860/5017] Generating obj.libclc.dir/spirv64-mesa3d-/opencl/lib/generic/math/sincos.cl.bc
[4861/5017] Generating obj.libclc.dir/spirv64-mesa3d-/opencl/lib/generic/math/tanpi.cl.bc
[4862/5017] Generating obj.libclc.dir/spirv64-mesa3d-/opencl/lib/generic/math/tgamma.cl.bc
[4863/5017] Generating obj.libclc.dir/spirv64-mesa3d-/opencl/lib/generic/shared/vload.cl.bc
[4864/5017] Generating obj.libclc.dir/spirv64-mesa3d-/opencl/lib/generic/shared/vstore.cl.bc
[4865/5017] Generating builtins.link.clspv--.bc
[4866/5017] Linking CXX executable prepare_builtins
[4867/5017] Generating builtins.link.clspv64--.bc
[4868/5017] Generating builtins.link.nvptx--nvidiacl.bc
[4869/5017] Generating builtins.link.pre-deps.spirv-mesa3d-.bc
[4870/5017] Generating builtins.link.nvptx--.bc
[4871/5017] Generating builtins.link.nvptx64--nvidiacl.bc
[4872/5017] Generating builtins.link.pre-deps.spirv64-mesa3d-.bc
[4873/5017] Generating builtins.link.nvptx64--.bc
[4874/5017] Generating builtins.link.amdgcn--amdhsa.bc
[4875/5017] Generating builtins.link.clc-spirv-mesa3d-.bc
[4876/5017] Generating builtins.link.clc-spirv64-mesa3d-.bc
[4877/5017] Generating builtins.opt.clspv64--.bc
/usr/bin/opt: WARNING: failed to create target machine for 'spir64-unknown-unknown': unable to get target for 'spir64-unknown-unknown', see --version and --triple.
[4878/5017] Generating builtins.opt.clspv--.bc
/usr/bin/opt: WARNING: failed to create target machine for 'spir-unknown-unknown': unable to get target for 'spir-unknown-unknown', see --version and --triple.
[4879/5017] Generating builtins.link.spirv-mesa3d-.bc
[4880/5017] Generating builtins.link.spirv64-mesa3d-.bc
[4881/5017] Generating clspv--.bc
[4882/5017] Generating clspv64--.bc
[4883/5017] Generating spirv-mesa3d-.spv
[4884/5017] Generating spirv64-mesa3d-.spv
[4885/5017] Generating builtins.opt.cedar-r600--.bc
[4886/5017] Generating builtins.opt.cypress-r600--.bc
[4887/5017] Generating cedar-r600--.bc
[4888/5017] Generating palm-r600--.bc
[4889/5017] Generating sumo-r600--.bc
[4890/5017] Generating sumo2-r600--.bc
[4891/5017] Generating juniper-r600--.bc
[4892/5017] Generating redwood-r600--.bc
[4893/5017] Generating builtins.opt.barts-r600--.bc
[4894/5017] Generating cypress-r600--.bc
[4895/5017] Generating hemlock-r600--.bc
[4896/5017] Generating barts-r600--.bc
[4897/5017] Generating turks-r600--.bc
[4898/5017] Generating caicos-r600--.bc
[4899/5017] Generating builtins.opt.cayman-r600--.bc
[4900/5017] Generating cayman-r600--.bc
[4901/5017] Generating aruba-r600--.bc
[4902/5017] Generating builtins.opt.nvptx--.bc
/usr/bin/opt: WARNING: failed to create target machine for 'nvptx-unknown-unknown': unable to get target for 'nvptx-unknown-unknown', see --version and --triple.
[4903/5017] Generating builtins.opt.nvptx64--.bc
/usr/bin/opt: WARNING: failed to create target machine for 'nvptx64-unknown-unknown': unable to get target for 'nvptx64-unknown-unknown', see --version and --triple.
[4904/5017] Generating nvptx--.bc
[4905/5017] Generating nvptx64--.bc
[4906/5017] Generating builtins.opt.amdgcn--amdhsa.bc
[4907/5017] Generating builtins.opt.tahiti-amdgcn--.bc
[4908/5017] Generating builtins.opt.nvptx--nvidiacl.bc
/usr/bin/opt: WARNING: failed to create target machine for 'nvptx-unknown-nvidiacl': unable to get target for 'nvptx-unknown-nvidiacl', see --version and --triple.
[4909/5017] Generating nvptx--nvidiacl.bc
[4910/5017] Generating amdgcn--amdhsa.bc
[4911/5017] Generating tahiti-amdgcn--.bc
[4912/5017] Generating pitcairn-amdgcn--.bc
[4913/5017] Generating verde-amdgcn--.bc
[4914/5017] Generating oland-amdgcn--.bc
[4915/5017] Generating hainan-amdgcn--.bc
[4916/5017] Generating bonaire-amdgcn--.bc
[4917/5017] Generating kaveri-amdgcn--.bc
[4918/5017] Generating kabini-amdgcn--.bc
[4919/5017] Generating tonga-amdgcn--.bc
[4920/5017] Generating mullins-amdgcn--.bc
[4921/5017] Generating hawaii-amdgcn--.bc
[4922/5017] Generating tongapro-amdgcn--.bc
[4923/5017] Generating iceland-amdgcn--.bc
[4924/5017] Generating carrizo-amdgcn--.bc
[4925/5017] Generating fiji-amdgcn--.bc
[4926/5017] Generating stoney-amdgcn--.bc
[4927/5017] Generating polaris10-amdgcn--.bc
[4928/5017] Generating polaris11-amdgcn--.bc
[4929/5017] Generating gfx705-amdgcn--.bc
[4930/5017] Generating gfx900-amdgcn--.bc
[4931/5017] Generating gfx602-amdgcn--.bc
[4932/5017] Generating gfx805-amdgcn--.bc
[4933/5017] Generating gfx902-amdgcn--.bc
[4934/5017] Generating gfx904-amdgcn--.bc
[4935/5017] Generating gfx906-amdgcn--.bc
[4936/5017] Generating gfx942-amdgcn--.bc
[4937/5017] Generating gfx908-amdgcn--.bc
[4938/5017] Generating gfx909-amdgcn--.bc
[4939/5017] Generating gfx90a-amdgcn--.bc
[4940/5017] Generating gfx90c-amdgcn--.bc
[4941/5017] Generating gfx1010-amdgcn--.bc
[4942/5017] Generating gfx950-amdgcn--.bc
[4943/5017] Generating gfx1012-amdgcn--.bc
[4944/5017] Generating gfx1011-amdgcn--.bc
[4945/5017] Generating gfx1030-amdgcn--.bc
[4946/5017] Generating gfx1035-amdgcn--.bc
[4947/5017] Generating gfx1032-amdgcn--.bc
[4948/5017] Generating gfx1031-amdgcn--.bc
[4949/5017] Generating gfx1033-amdgcn--.bc
[4950/5017] Generating gfx1013-amdgcn--.bc
[4951/5017] Generating gfx1034-amdgcn--.bc
[4952/5017] Generating gfx1101-amdgcn--.bc
[4953/5017] Generating gfx1103-amdgcn--.bc
[4954/5017] Generating gfx1100-amdgcn--.bc
[4955/5017] Generating gfx1102-amdgcn--.bc
[4956/5017] Generating gfx1151-amdgcn--.bc
[4957/5017] Generating gfx1150-amdgcn--.bc
[4958/5017] Generating gfx1036-amdgcn--.bc
[4959/5017] Generating gfx1152-amdgcn--.bc
[4960/5017] Generating gfx1201-amdgcn--.bc
[4961/5017] Generating gfx1200-amdgcn--.bc
[4962/5017] Generating gfx1153-amdgcn--.bc
[4963/5017] Generating builtins.opt.nvptx64--nvidiacl.bc
/usr/bin/opt: WARNING: failed to create target machine for 'nvptx64-unknown-nvidiacl': unable to get target for 'nvptx64-unknown-nvidiacl', see --version and --triple.
[4964/5017] Generating nvptx64--nvidiacl.bc
[4965/5017] Generating builtins.opt.tahiti-amdgcn-mesa-mesa3d.bc
[4966/5017] Generating tahiti-amdgcn-mesa-mesa3d.bc
[4967/5017] Generating bonaire-amdgcn-mesa-mesa3d.bc
[4968/5017] Generating oland-amdgcn-mesa-mesa3d.bc
[4969/5017] Generating hawaii-amdgcn-mesa-mesa3d.bc
[4970/5017] Generating pitcairn-amdgcn-mesa-mesa3d.bc
[4971/5017] Generating verde-amdgcn-mesa-mesa3d.bc
[4972/5017] Generating kabini-amdgcn-mesa-mesa3d.bc
[4973/5017] Generating hainan-amdgcn-mesa-mesa3d.bc
[4974/5017] Generating kaveri-amdgcn-mesa-mesa3d.bc
[4975/5017] Generating mullins-amdgcn-mesa-mesa3d.bc
[4976/5017] Generating iceland-amdgcn-mesa-mesa3d.bc
[4977/5017] Generating carrizo-amdgcn-mesa-mesa3d.bc
[4978/5017] Generating tonga-amdgcn-mesa-mesa3d.bc
[4979/5017] Generating polaris11-amdgcn-mesa-mesa3d.bc
[4980/5017] Generating tongapro-amdgcn-mesa-mesa3d.bc
[4981/5017] Generating stoney-amdgcn-mesa-mesa3d.bc
[4982/5017] Generating polaris10-amdgcn-mesa-mesa3d.bc
[4983/5017] Generating gfx602-amdgcn-mesa-mesa3d.bc
[4984/5017] Generating gfx902-amdgcn-mesa-mesa3d.bc
[4985/5017] Generating gfx705-amdgcn-mesa-mesa3d.bc
[4986/5017] Generating fiji-amdgcn-mesa-mesa3d.bc
[4987/5017] Generating gfx900-amdgcn-mesa-mesa3d.bc
[4988/5017] Generating gfx805-amdgcn-mesa-mesa3d.bc
[4989/5017] Generating gfx904-amdgcn-mesa-mesa3d.bc
[4990/5017] Generating gfx908-amdgcn-mesa-mesa3d.bc
[4991/5017] Generating gfx906-amdgcn-mesa-mesa3d.bc
[4992/5017] Generating gfx1010-amdgcn-mesa-mesa3d.bc
[4993/5017] Generating gfx90a-amdgcn-mesa-mesa3d.bc
[4994/5017] Generating gfx1011-amdgcn-mesa-mesa3d.bc
[4995/5017] Generating gfx90c-amdgcn-mesa-mesa3d.bc
[4996/5017] Generating gfx950-amdgcn-mesa-mesa3d.bc
[4997/5017] Generating gfx1012-amdgcn-mesa-mesa3d.bc
[4998/5017] Generating gfx942-amdgcn-mesa-mesa3d.bc
[4999/5017] Generating gfx1013-amdgcn-mesa-mesa3d.bc
[5000/5017] Generating gfx909-amdgcn-mesa-mesa3d.bc
[5001/5017] Generating gfx1030-amdgcn-mesa-mesa3d.bc
[5002/5017] Generating gfx1031-amdgcn-mesa-mesa3d.bc
[5003/5017] Generating gfx1033-amdgcn-mesa-mesa3d.bc
[5004/5017] Generating gfx1100-amdgcn-mesa-mesa3d.bc
[5005/5017] Generating gfx1102-amdgcn-mesa-mesa3d.bc
[5006/5017] Generating gfx1034-amdgcn-mesa-mesa3d.bc
[5007/5017] Generating gfx1035-amdgcn-mesa-mesa3d.bc
[5008/5017] Generating gfx1036-amdgcn-mesa-mesa3d.bc
[5009/5017] Generating gfx1032-amdgcn-mesa-mesa3d.bc
[5010/5017] Generating gfx1103-amdgcn-mesa-mesa3d.bc
[5011/5017] Generating gfx1150-amdgcn-mesa-mesa3d.bc
[5012/5017] Generating gfx1101-amdgcn-mesa-mesa3d.bc
[5013/5017] Generating gfx1152-amdgcn-mesa-mesa3d.bc
[5014/5017] Generating gfx1153-amdgcn-mesa-mesa3d.bc
[5015/5017] Generating gfx1151-amdgcn-mesa-mesa3d.bc
[5016/5017] Generating gfx1201-amdgcn-mesa-mesa3d.bc
[5017/5017] Generating gfx1200-amdgcn-mesa-mesa3d.bc
[0/1] Install the project...
-- Install configuration: "Release"
-- Installing: /pkgs/libclc/usr/share/pkgconfig/libclc.pc
-- Installing: /pkgs/libclc/usr/share/clc/tahiti-amdgcn--.bc
-- Installing: /pkgs/libclc/usr/share/clc/pitcairn-amdgcn--.bc
-- Installing: /pkgs/libclc/usr/share/clc/verde-amdgcn--.bc
-- Installing: /pkgs/libclc/usr/share/clc/oland-amdgcn--.bc
-- Installing: /pkgs/libclc/usr/share/clc/hainan-amdgcn--.bc
-- Installing: /pkgs/libclc/usr/share/clc/bonaire-amdgcn--.bc
-- Installing: /pkgs/libclc/usr/share/clc/kabini-amdgcn--.bc
-- Installing: /pkgs/libclc/usr/share/clc/kaveri-amdgcn--.bc
-- Installing: /pkgs/libclc/usr/share/clc/hawaii-amdgcn--.bc
-- Installing: /pkgs/libclc/usr/share/clc/mullins-amdgcn--.bc
-- Installing: /pkgs/libclc/usr/share/clc/tonga-amdgcn--.bc
-- Installing: /pkgs/libclc/usr/share/clc/tongapro-amdgcn--.bc
-- Installing: /pkgs/libclc/usr/share/clc/iceland-amdgcn--.bc
-- Installing: /pkgs/libclc/usr/share/clc/carrizo-amdgcn--.bc
-- Installing: /pkgs/libclc/usr/share/clc/fiji-amdgcn--.bc
-- Installing: /pkgs/libclc/usr/share/clc/stoney-amdgcn--.bc
-- Installing: /pkgs/libclc/usr/share/clc/polaris10-amdgcn--.bc
-- Installing: /pkgs/libclc/usr/share/clc/polaris11-amdgcn--.bc
-- Installing: /pkgs/libclc/usr/share/clc/gfx602-amdgcn--.bc
-- Installing: /pkgs/libclc/usr/share/clc/gfx705-amdgcn--.bc
-- Installing: /pkgs/libclc/usr/share/clc/gfx805-amdgcn--.bc
-- Installing: /pkgs/libclc/usr/share/clc/gfx900-amdgcn--.bc
-- Installing: /pkgs/libclc/usr/share/clc/gfx902-amdgcn--.bc
-- Installing: /pkgs/libclc/usr/share/clc/gfx904-amdgcn--.bc
-- Installing: /pkgs/libclc/usr/share/clc/gfx906-amdgcn--.bc
-- Installing: /pkgs/libclc/usr/share/clc/gfx908-amdgcn--.bc
-- Installing: /pkgs/libclc/usr/share/clc/gfx909-amdgcn--.bc
-- Installing: /pkgs/libclc/usr/share/clc/gfx90a-amdgcn--.bc
-- Installing: /pkgs/libclc/usr/share/clc/gfx90c-amdgcn--.bc
-- Installing: /pkgs/libclc/usr/share/clc/gfx942-amdgcn--.bc
-- Installing: /pkgs/libclc/usr/share/clc/gfx950-amdgcn--.bc
-- Installing: /pkgs/libclc/usr/share/clc/gfx1010-amdgcn--.bc
-- Installing: /pkgs/libclc/usr/share/clc/gfx1011-amdgcn--.bc
-- Installing: /pkgs/libclc/usr/share/clc/gfx1012-amdgcn--.bc
-- Installing: /pkgs/libclc/usr/share/clc/gfx1013-amdgcn--.bc
-- Installing: /pkgs/libclc/usr/share/clc/gfx1030-amdgcn--.bc
-- Installing: /pkgs/libclc/usr/share/clc/gfx1031-amdgcn--.bc
-- Installing: /pkgs/libclc/usr/share/clc/gfx1032-amdgcn--.bc
-- Installing: /pkgs/libclc/usr/share/clc/gfx1033-amdgcn--.bc
-- Installing: /pkgs/libclc/usr/share/clc/gfx1034-amdgcn--.bc
-- Installing: /pkgs/libclc/usr/share/clc/gfx1035-amdgcn--.bc
-- Installing: /pkgs/libclc/usr/share/clc/gfx1036-amdgcn--.bc
-- Installing: /pkgs/libclc/usr/share/clc/gfx1100-amdgcn--.bc
-- Installing: /pkgs/libclc/usr/share/clc/gfx1101-amdgcn--.bc
-- Installing: /pkgs/libclc/usr/share/clc/gfx1102-amdgcn--.bc
-- Installing: /pkgs/libclc/usr/share/clc/gfx1103-amdgcn--.bc
-- Installing: /pkgs/libclc/usr/share/clc/gfx1150-amdgcn--.bc
-- Installing: /pkgs/libclc/usr/share/clc/gfx1151-amdgcn--.bc
-- Installing: /pkgs/libclc/usr/share/clc/gfx1152-amdgcn--.bc
-- Installing: /pkgs/libclc/usr/share/clc/gfx1153-amdgcn--.bc
-- Installing: /pkgs/libclc/usr/share/clc/gfx1200-amdgcn--.bc
-- Installing: /pkgs/libclc/usr/share/clc/gfx1201-amdgcn--.bc
-- Installing: /pkgs/libclc/usr/share/clc/amdgcn--amdhsa.bc
-- Installing: /pkgs/libclc/usr/share/clc/tahiti-amdgcn-mesa-mesa3d.bc
-- Installing: /pkgs/libclc/usr/share/clc/pitcairn-amdgcn-mesa-mesa3d.bc
-- Installing: /pkgs/libclc/usr/share/clc/verde-amdgcn-mesa-mesa3d.bc
-- Installing: /pkgs/libclc/usr/share/clc/oland-amdgcn-mesa-mesa3d.bc
-- Installing: /pkgs/libclc/usr/share/clc/hainan-amdgcn-mesa-mesa3d.bc
-- Installing: /pkgs/libclc/usr/share/clc/bonaire-amdgcn-mesa-mesa3d.bc
-- Installing: /pkgs/libclc/usr/share/clc/kabini-amdgcn-mesa-mesa3d.bc
-- Installing: /pkgs/libclc/usr/share/clc/kaveri-amdgcn-mesa-mesa3d.bc
-- Installing: /pkgs/libclc/usr/share/clc/hawaii-amdgcn-mesa-mesa3d.bc
-- Installing: /pkgs/libclc/usr/share/clc/mullins-amdgcn-mesa-mesa3d.bc
-- Installing: /pkgs/libclc/usr/share/clc/tonga-amdgcn-mesa-mesa3d.bc
-- Installing: /pkgs/libclc/usr/share/clc/tongapro-amdgcn-mesa-mesa3d.bc
-- Installing: /pkgs/libclc/usr/share/clc/iceland-amdgcn-mesa-mesa3d.bc
-- Installing: /pkgs/libclc/usr/share/clc/carrizo-amdgcn-mesa-mesa3d.bc
-- Installing: /pkgs/libclc/usr/share/clc/fiji-amdgcn-mesa-mesa3d.bc
-- Installing: /pkgs/libclc/usr/share/clc/stoney-amdgcn-mesa-mesa3d.bc
-- Installing: /pkgs/libclc/usr/share/clc/polaris10-amdgcn-mesa-mesa3d.bc
-- Installing: /pkgs/libclc/usr/share/clc/polaris11-amdgcn-mesa-mesa3d.bc
-- Installing: /pkgs/libclc/usr/share/clc/gfx602-amdgcn-mesa-mesa3d.bc
-- Installing: /pkgs/libclc/usr/share/clc/gfx705-amdgcn-mesa-mesa3d.bc
-- Installing: /pkgs/libclc/usr/share/clc/gfx805-amdgcn-mesa-mesa3d.bc
-- Installing: /pkgs/libclc/usr/share/clc/gfx900-amdgcn-mesa-mesa3d.bc
-- Installing: /pkgs/libclc/usr/share/clc/gfx902-amdgcn-mesa-mesa3d.bc
-- Installing: /pkgs/libclc/usr/share/clc/gfx904-amdgcn-mesa-mesa3d.bc
-- Installing: /pkgs/libclc/usr/share/clc/gfx906-amdgcn-mesa-mesa3d.bc
-- Installing: /pkgs/libclc/usr/share/clc/gfx908-amdgcn-mesa-mesa3d.bc
-- Installing: /pkgs/libclc/usr/share/clc/gfx909-amdgcn-mesa-mesa3d.bc
-- Installing: /pkgs/libclc/usr/share/clc/gfx90a-amdgcn-mesa-mesa3d.bc
-- Installing: /pkgs/libclc/usr/share/clc/gfx90c-amdgcn-mesa-mesa3d.bc
-- Installing: /pkgs/libclc/usr/share/clc/gfx942-amdgcn-mesa-mesa3d.bc
-- Installing: /pkgs/libclc/usr/share/clc/gfx950-amdgcn-mesa-mesa3d.bc
-- Installing: /pkgs/libclc/usr/share/clc/gfx1010-amdgcn-mesa-mesa3d.bc
-- Installing: /pkgs/libclc/usr/share/clc/gfx1011-amdgcn-mesa-mesa3d.bc
-- Installing: /pkgs/libclc/usr/share/clc/gfx1012-amdgcn-mesa-mesa3d.bc
-- Installing: /pkgs/libclc/usr/share/clc/gfx1013-amdgcn-mesa-mesa3d.bc
-- Installing: /pkgs/libclc/usr/share/clc/gfx1030-amdgcn-mesa-mesa3d.bc
-- Installing: /pkgs/libclc/usr/share/clc/gfx1031-amdgcn-mesa-mesa3d.bc
-- Installing: /pkgs/libclc/usr/share/clc/gfx1032-amdgcn-mesa-mesa3d.bc
-- Installing: /pkgs/libclc/usr/share/clc/gfx1033-amdgcn-mesa-mesa3d.bc
-- Installing: /pkgs/libclc/usr/share/clc/gfx1034-amdgcn-mesa-mesa3d.bc
-- Installing: /pkgs/libclc/usr/share/clc/gfx1035-amdgcn-mesa-mesa3d.bc
-- Installing: /pkgs/libclc/usr/share/clc/gfx1036-amdgcn-mesa-mesa3d.bc
-- Installing: /pkgs/libclc/usr/share/clc/gfx1100-amdgcn-mesa-mesa3d.bc
-- Installing: /pkgs/libclc/usr/share/clc/gfx1101-amdgcn-mesa-mesa3d.bc
-- Installing: /pkgs/libclc/usr/share/clc/gfx1102-amdgcn-mesa-mesa3d.bc
-- Installing: /pkgs/libclc/usr/share/clc/gfx1103-amdgcn-mesa-mesa3d.bc
-- Installing: /pkgs/libclc/usr/share/clc/gfx1150-amdgcn-mesa-mesa3d.bc
-- Installing: /pkgs/libclc/usr/share/clc/gfx1151-amdgcn-mesa-mesa3d.bc
-- Installing: /pkgs/libclc/usr/share/clc/gfx1152-amdgcn-mesa-mesa3d.bc
-- Installing: /pkgs/libclc/usr/share/clc/gfx1153-amdgcn-mesa-mesa3d.bc
-- Installing: /pkgs/libclc/usr/share/clc/gfx1200-amdgcn-mesa-mesa3d.bc
-- Installing: /pkgs/libclc/usr/share/clc/gfx1201-amdgcn-mesa-mesa3d.bc
-- Installing: /pkgs/libclc/usr/share/clc/clspv--.bc
-- Installing: /pkgs/libclc/usr/share/clc/clspv64--.bc
-- Installing: /pkgs/libclc/usr/share/clc/nvptx--.bc
-- Installing: /pkgs/libclc/usr/share/clc/nvptx--nvidiacl.bc
-- Installing: /pkgs/libclc/usr/share/clc/nvptx64--.bc
-- Installing: /pkgs/libclc/usr/share/clc/nvptx64--nvidiacl.bc
-- Installing: /pkgs/libclc/usr/share/clc/cedar-r600--.bc
-- Installing: /pkgs/libclc/usr/share/clc/palm-r600--.bc
-- Installing: /pkgs/libclc/usr/share/clc/sumo-r600--.bc
-- Installing: /pkgs/libclc/usr/share/clc/sumo2-r600--.bc
-- Installing: /pkgs/libclc/usr/share/clc/redwood-r600--.bc
-- Installing: /pkgs/libclc/usr/share/clc/juniper-r600--.bc
-- Installing: /pkgs/libclc/usr/share/clc/cypress-r600--.bc
-- Installing: /pkgs/libclc/usr/share/clc/hemlock-r600--.bc
-- Installing: /pkgs/libclc/usr/share/clc/barts-r600--.bc
-- Installing: /pkgs/libclc/usr/share/clc/turks-r600--.bc
-- Installing: /pkgs/libclc/usr/share/clc/caicos-r600--.bc
-- Installing: /pkgs/libclc/usr/share/clc/cayman-r600--.bc
-- Installing: /pkgs/libclc/usr/share/clc/aruba-r600--.bc
-- Installing: /pkgs/libclc/usr/share/clc/spirv-mesa3d-.spv
-- Installing: /pkgs/libclc/usr/share/clc/spirv64-mesa3d-.spv
[0/1] Install the project...
-- Install configuration: "Release"
-- Installing: /usr/share/pkgconfig/libclc.pc
-- Installing: /usr/share/clc/tahiti-amdgcn--.bc
-- Up-to-date: /usr/share/clc/pitcairn-amdgcn--.bc
-- Up-to-date: /usr/share/clc/verde-amdgcn--.bc
-- Up-to-date: /usr/share/clc/oland-amdgcn--.bc
-- Up-to-date: /usr/share/clc/hainan-amdgcn--.bc
-- Up-to-date: /usr/share/clc/bonaire-amdgcn--.bc
-- Up-to-date: /usr/share/clc/kabini-amdgcn--.bc
-- Up-to-date: /usr/share/clc/kaveri-amdgcn--.bc
-- Up-to-date: /usr/share/clc/hawaii-amdgcn--.bc
-- Up-to-date: /usr/share/clc/mullins-amdgcn--.bc
-- Up-to-date: /usr/share/clc/tonga-amdgcn--.bc
-- Up-to-date: /usr/share/clc/tongapro-amdgcn--.bc
-- Up-to-date: /usr/share/clc/iceland-amdgcn--.bc
-- Up-to-date: /usr/share/clc/carrizo-amdgcn--.bc
-- Up-to-date: /usr/share/clc/fiji-amdgcn--.bc
-- Up-to-date: /usr/share/clc/stoney-amdgcn--.bc
-- Up-to-date: /usr/share/clc/polaris10-amdgcn--.bc
-- Up-to-date: /usr/share/clc/polaris11-amdgcn--.bc
-- Up-to-date: /usr/share/clc/gfx602-amdgcn--.bc
-- Up-to-date: /usr/share/clc/gfx705-amdgcn--.bc
-- Up-to-date: /usr/share/clc/gfx805-amdgcn--.bc
-- Up-to-date: /usr/share/clc/gfx900-amdgcn--.bc
-- Up-to-date: /usr/share/clc/gfx902-amdgcn--.bc
-- Up-to-date: /usr/share/clc/gfx904-amdgcn--.bc
-- Up-to-date: /usr/share/clc/gfx906-amdgcn--.bc
-- Up-to-date: /usr/share/clc/gfx908-amdgcn--.bc
-- Up-to-date: /usr/share/clc/gfx909-amdgcn--.bc
-- Up-to-date: /usr/share/clc/gfx90a-amdgcn--.bc
-- Up-to-date: /usr/share/clc/gfx90c-amdgcn--.bc
-- Up-to-date: /usr/share/clc/gfx942-amdgcn--.bc
-- Up-to-date: /usr/share/clc/gfx950-amdgcn--.bc
-- Up-to-date: /usr/share/clc/gfx1010-amdgcn--.bc
-- Up-to-date: /usr/share/clc/gfx1011-amdgcn--.bc
-- Up-to-date: /usr/share/clc/gfx1012-amdgcn--.bc
-- Up-to-date: /usr/share/clc/gfx1013-amdgcn--.bc
-- Up-to-date: /usr/share/clc/gfx1030-amdgcn--.bc
-- Up-to-date: /usr/share/clc/gfx1031-amdgcn--.bc
-- Up-to-date: /usr/share/clc/gfx1032-amdgcn--.bc
-- Up-to-date: /usr/share/clc/gfx1033-amdgcn--.bc
-- Up-to-date: /usr/share/clc/gfx1034-amdgcn--.bc
-- Up-to-date: /usr/share/clc/gfx1035-amdgcn--.bc
-- Up-to-date: /usr/share/clc/gfx1036-amdgcn--.bc
-- Up-to-date: /usr/share/clc/gfx1100-amdgcn--.bc
-- Up-to-date: /usr/share/clc/gfx1101-amdgcn--.bc
-- Up-to-date: /usr/share/clc/gfx1102-amdgcn--.bc
-- Up-to-date: /usr/share/clc/gfx1103-amdgcn--.bc
-- Up-to-date: /usr/share/clc/gfx1150-amdgcn--.bc
-- Up-to-date: /usr/share/clc/gfx1151-amdgcn--.bc
-- Up-to-date: /usr/share/clc/gfx1152-amdgcn--.bc
-- Up-to-date: /usr/share/clc/gfx1153-amdgcn--.bc
-- Up-to-date: /usr/share/clc/gfx1200-amdgcn--.bc
-- Up-to-date: /usr/share/clc/gfx1201-amdgcn--.bc
-- Installing: /usr/share/clc/amdgcn--amdhsa.bc
-- Installing: /usr/share/clc/tahiti-amdgcn-mesa-mesa3d.bc
-- Up-to-date: /usr/share/clc/pitcairn-amdgcn-mesa-mesa3d.bc
-- Up-to-date: /usr/share/clc/verde-amdgcn-mesa-mesa3d.bc
-- Up-to-date: /usr/share/clc/oland-amdgcn-mesa-mesa3d.bc
-- Up-to-date: /usr/share/clc/hainan-amdgcn-mesa-mesa3d.bc
-- Up-to-date: /usr/share/clc/bonaire-amdgcn-mesa-mesa3d.bc
-- Up-to-date: /usr/share/clc/kabini-amdgcn-mesa-mesa3d.bc
-- Up-to-date: /usr/share/clc/kaveri-amdgcn-mesa-mesa3d.bc
-- Up-to-date: /usr/share/clc/hawaii-amdgcn-mesa-mesa3d.bc
-- Up-to-date: /usr/share/clc/mullins-amdgcn-mesa-mesa3d.bc
-- Up-to-date: /usr/share/clc/tonga-amdgcn-mesa-mesa3d.bc
-- Up-to-date: /usr/share/clc/tongapro-amdgcn-mesa-mesa3d.bc
-- Up-to-date: /usr/share/clc/iceland-amdgcn-mesa-mesa3d.bc
-- Up-to-date: /usr/share/clc/carrizo-amdgcn-mesa-mesa3d.bc
-- Up-to-date: /usr/share/clc/fiji-amdgcn-mesa-mesa3d.bc
-- Up-to-date: /usr/share/clc/stoney-amdgcn-mesa-mesa3d.bc
-- Up-to-date: /usr/share/clc/polaris10-amdgcn-mesa-mesa3d.bc
-- Up-to-date: /usr/share/clc/polaris11-amdgcn-mesa-mesa3d.bc
-- Up-to-date: /usr/share/clc/gfx602-amdgcn-mesa-mesa3d.bc
-- Up-to-date: /usr/share/clc/gfx705-amdgcn-mesa-mesa3d.bc
-- Up-to-date: /usr/share/clc/gfx805-amdgcn-mesa-mesa3d.bc
-- Up-to-date: /usr/share/clc/gfx900-amdgcn-mesa-mesa3d.bc
-- Up-to-date: /usr/share/clc/gfx902-amdgcn-mesa-mesa3d.bc
-- Up-to-date: /usr/share/clc/gfx904-amdgcn-mesa-mesa3d.bc
-- Up-to-date: /usr/share/clc/gfx906-amdgcn-mesa-mesa3d.bc
-- Up-to-date: /usr/share/clc/gfx908-amdgcn-mesa-mesa3d.bc
-- Up-to-date: /usr/share/clc/gfx909-amdgcn-mesa-mesa3d.bc
-- Up-to-date: /usr/share/clc/gfx90a-amdgcn-mesa-mesa3d.bc
-- Up-to-date: /usr/share/clc/gfx90c-amdgcn-mesa-mesa3d.bc
-- Up-to-date: /usr/share/clc/gfx942-amdgcn-mesa-mesa3d.bc
-- Up-to-date: /usr/share/clc/gfx950-amdgcn-mesa-mesa3d.bc
-- Up-to-date: /usr/share/clc/gfx1010-amdgcn-mesa-mesa3d.bc
-- Up-to-date: /usr/share/clc/gfx1011-amdgcn-mesa-mesa3d.bc
-- Up-to-date: /usr/share/clc/gfx1012-amdgcn-mesa-mesa3d.bc
-- Up-to-date: /usr/share/clc/gfx1013-amdgcn-mesa-mesa3d.bc
-- Up-to-date: /usr/share/clc/gfx1030-amdgcn-mesa-mesa3d.bc
-- Up-to-date: /usr/share/clc/gfx1031-amdgcn-mesa-mesa3d.bc
-- Up-to-date: /usr/share/clc/gfx1032-amdgcn-mesa-mesa3d.bc
-- Up-to-date: /usr/share/clc/gfx1033-amdgcn-mesa-mesa3d.bc
-- Up-to-date: /usr/share/clc/gfx1034-amdgcn-mesa-mesa3d.bc
-- Up-to-date: /usr/share/clc/gfx1035-amdgcn-mesa-mesa3d.bc
-- Up-to-date: /usr/share/clc/gfx1036-amdgcn-mesa-mesa3d.bc
-- Up-to-date: /usr/share/clc/gfx1100-amdgcn-mesa-mesa3d.bc
-- Up-to-date: /usr/share/clc/gfx1101-amdgcn-mesa-mesa3d.bc
-- Up-to-date: /usr/share/clc/gfx1102-amdgcn-mesa-mesa3d.bc
-- Up-to-date: /usr/share/clc/gfx1103-amdgcn-mesa-mesa3d.bc
-- Up-to-date: /usr/share/clc/gfx1150-amdgcn-mesa-mesa3d.bc
-- Up-to-date: /usr/share/clc/gfx1151-amdgcn-mesa-mesa3d.bc
-- Up-to-date: /usr/share/clc/gfx1152-amdgcn-mesa-mesa3d.bc
-- Up-to-date: /usr/share/clc/gfx1153-amdgcn-mesa-mesa3d.bc
-- Up-to-date: /usr/share/clc/gfx1200-amdgcn-mesa-mesa3d.bc
-- Up-to-date: /usr/share/clc/gfx1201-amdgcn-mesa-mesa3d.bc
-- Installing: /usr/share/clc/clspv--.bc
-- Installing: /usr/share/clc/clspv64--.bc
-- Installing: /usr/share/clc/nvptx--.bc
-- Installing: /usr/share/clc/nvptx--nvidiacl.bc
-- Installing: /usr/share/clc/nvptx64--.bc
-- Installing: /usr/share/clc/nvptx64--nvidiacl.bc
-- Installing: /usr/share/clc/cedar-r600--.bc
-- Up-to-date: /usr/share/clc/palm-r600--.bc
-- Up-to-date: /usr/share/clc/sumo-r600--.bc
-- Up-to-date: /usr/share/clc/sumo2-r600--.bc
-- Up-to-date: /usr/share/clc/redwood-r600--.bc
-- Up-to-date: /usr/share/clc/juniper-r600--.bc
-- Installing: /usr/share/clc/cypress-r600--.bc
-- Up-to-date: /usr/share/clc/hemlock-r600--.bc
-- Installing: /usr/share/clc/barts-r600--.bc
-- Up-to-date: /usr/share/clc/turks-r600--.bc
-- Up-to-date: /usr/share/clc/caicos-r600--.bc
-- Installing: /usr/share/clc/cayman-r600--.bc
-- Up-to-date: /usr/share/clc/aruba-r600--.bc
-- Installing: /usr/share/clc/spirv-mesa3d-.spv
-- Installing: /usr/share/clc/spirv64-mesa3d-.spv
libclc/
libclc/usr/
libclc/usr/share/
libclc/usr/share/pkgconfig/
libclc/usr/share/pkgconfig/libclc.pc
libclc/usr/share/clc/
libclc/usr/share/clc/gfx1010-amdgcn-mesa-mesa3d.bc
libclc/usr/share/clc/carrizo-amdgcn-mesa-mesa3d.bc
libclc/usr/share/clc/gfx1152-amdgcn--.bc
libclc/usr/share/clc/clspv--.bc
libclc/usr/share/clc/gfx902-amdgcn--.bc
libclc/usr/share/clc/gfx1103-amdgcn--.bc
libclc/usr/share/clc/gfx1031-amdgcn-mesa-mesa3d.bc
libclc/usr/share/clc/gfx1032-amdgcn--.bc
libclc/usr/share/clc/gfx1150-amdgcn--.bc
libclc/usr/share/clc/verde-amdgcn--.bc
libclc/usr/share/clc/carrizo-amdgcn--.bc
libclc/usr/share/clc/gfx1012-amdgcn-mesa-mesa3d.bc
libclc/usr/share/clc/caicos-r600--.bc
libclc/usr/share/clc/stoney-amdgcn--.bc
libclc/usr/share/clc/gfx1151-amdgcn--.bc
libclc/usr/share/clc/gfx900-amdgcn--.bc
libclc/usr/share/clc/gfx90a-amdgcn-mesa-mesa3d.bc
libclc/usr/share/clc/fiji-amdgcn-mesa-mesa3d.bc
libclc/usr/share/clc/gfx1100-amdgcn--.bc
libclc/usr/share/clc/clspv64--.bc
libclc/usr/share/clc/gfx602-amdgcn--.bc
libclc/usr/share/clc/spirv64-mesa3d-.spv
libclc/usr/share/clc/gfx1036-amdgcn-mesa-mesa3d.bc
libclc/usr/share/clc/gfx904-amdgcn--.bc
libclc/usr/share/clc/palm-r600--.bc
libclc/usr/share/clc/pitcairn-amdgcn-mesa-mesa3d.bc
libclc/usr/share/clc/redwood-r600--.bc
libclc/usr/share/clc/iceland-amdgcn-mesa-mesa3d.bc
libclc/usr/share/clc/gfx705-amdgcn-mesa-mesa3d.bc
libclc/usr/share/clc/gfx909-amdgcn--.bc
libclc/usr/share/clc/polaris11-amdgcn--.bc
libclc/usr/share/clc/hainan-amdgcn-mesa-mesa3d.bc
libclc/usr/share/clc/gfx1011-amdgcn-mesa-mesa3d.bc
libclc/usr/share/clc/nvptx64--.bc
libclc/usr/share/clc/gfx904-amdgcn-mesa-mesa3d.bc
libclc/usr/share/clc/pitcairn-amdgcn--.bc
libclc/usr/share/clc/gfx950-amdgcn--.bc
libclc/usr/share/clc/gfx805-amdgcn-mesa-mesa3d.bc
libclc/usr/share/clc/gfx1013-amdgcn-mesa-mesa3d.bc
libclc/usr/share/clc/gfx902-amdgcn-mesa-mesa3d.bc
libclc/usr/share/clc/hawaii-amdgcn-mesa-mesa3d.bc
libclc/usr/share/clc/gfx1201-amdgcn-mesa-mesa3d.bc
libclc/usr/share/clc/turks-r600--.bc
libclc/usr/share/clc/nvptx--.bc
libclc/usr/share/clc/tonga-amdgcn--.bc
libclc/usr/share/clc/gfx1100-amdgcn-mesa-mesa3d.bc
libclc/usr/share/clc/gfx1102-amdgcn--.bc
libclc/usr/share/clc/juniper-r600--.bc
libclc/usr/share/clc/bonaire-amdgcn--.bc
libclc/usr/share/clc/iceland-amdgcn--.bc
libclc/usr/share/clc/gfx1101-amdgcn--.bc
libclc/usr/share/clc/barts-r600--.bc
libclc/usr/share/clc/gfx1034-amdgcn-mesa-mesa3d.bc
libclc/usr/share/clc/hainan-amdgcn--.bc
libclc/usr/share/clc/mullins-amdgcn--.bc
libclc/usr/share/clc/polaris11-amdgcn-mesa-mesa3d.bc
libclc/usr/share/clc/spirv-mesa3d-.spv
libclc/usr/share/clc/gfx1011-amdgcn--.bc
libclc/usr/share/clc/gfx1013-amdgcn--.bc
libclc/usr/share/clc/cypress-r600--.bc
libclc/usr/share/clc/polaris10-amdgcn--.bc
libclc/usr/share/clc/kaveri-amdgcn--.bc
libclc/usr/share/clc/gfx1103-amdgcn-mesa-mesa3d.bc
libclc/usr/share/clc/gfx1200-amdgcn-mesa-mesa3d.bc
libclc/usr/share/clc/tahiti-amdgcn-mesa-mesa3d.bc
libclc/usr/share/clc/gfx942-amdgcn--.bc
libclc/usr/share/clc/gfx705-amdgcn--.bc
libclc/usr/share/clc/gfx909-amdgcn-mesa-mesa3d.bc
libclc/usr/share/clc/hawaii-amdgcn--.bc
libclc/usr/share/clc/gfx1151-amdgcn-mesa-mesa3d.bc
libclc/usr/share/clc/gfx1101-amdgcn-mesa-mesa3d.bc
libclc/usr/share/clc/gfx1153-amdgcn--.bc
libclc/usr/share/clc/tonga-amdgcn-mesa-mesa3d.bc
libclc/usr/share/clc/gfx950-amdgcn-mesa-mesa3d.bc
libclc/usr/share/clc/sumo-r600--.bc
libclc/usr/share/clc/nvptx64--nvidiacl.bc
libclc/usr/share/clc/tahiti-amdgcn--.bc
libclc/usr/share/clc/amdgcn--amdhsa.bc
libclc/usr/share/clc/gfx1035-amdgcn--.bc
libclc/usr/share/clc/bonaire-amdgcn-mesa-mesa3d.bc
libclc/usr/share/clc/verde-amdgcn-mesa-mesa3d.bc
libclc/usr/share/clc/gfx1152-amdgcn-mesa-mesa3d.bc
libclc/usr/share/clc/gfx1010-amdgcn--.bc
libclc/usr/share/clc/gfx1034-amdgcn--.bc
libclc/usr/share/clc/gfx1153-amdgcn-mesa-mesa3d.bc
libclc/usr/share/clc/nvptx--nvidiacl.bc
libclc/usr/share/clc/gfx908-amdgcn--.bc
libclc/usr/share/clc/mullins-amdgcn-mesa-mesa3d.bc
libclc/usr/share/clc/gfx1035-amdgcn-mesa-mesa3d.bc
libclc/usr/share/clc/gfx90c-amdgcn-mesa-mesa3d.bc
libclc/usr/share/clc/gfx1036-amdgcn--.bc
libclc/usr/share/clc/gfx1033-amdgcn-mesa-mesa3d.bc
libclc/usr/share/clc/hemlock-r600--.bc
libclc/usr/share/clc/gfx602-amdgcn-mesa-mesa3d.bc
libclc/usr/share/clc/sumo2-r600--.bc
libclc/usr/share/clc/fiji-amdgcn--.bc
libclc/usr/share/clc/gfx1102-amdgcn-mesa-mesa3d.bc
libclc/usr/share/clc/gfx1201-amdgcn--.bc
libclc/usr/share/clc/gfx900-amdgcn-mesa-mesa3d.bc
libclc/usr/share/clc/gfx1030-amdgcn--.bc
libclc/usr/share/clc/gfx1031-amdgcn--.bc
libclc/usr/share/clc/aruba-r600--.bc
libclc/usr/share/clc/tongapro-amdgcn--.bc
libclc/usr/share/clc/gfx90c-amdgcn--.bc
libclc/usr/share/clc/kabini-amdgcn--.bc
libclc/usr/share/clc/gfx906-amdgcn-mesa-mesa3d.bc
libclc/usr/share/clc/stoney-amdgcn-mesa-mesa3d.bc
libclc/usr/share/clc/cedar-r600--.bc
libclc/usr/share/clc/gfx1030-amdgcn-mesa-mesa3d.bc
libclc/usr/share/clc/gfx1200-amdgcn--.bc
libclc/usr/share/clc/cayman-r600--.bc
libclc/usr/share/clc/gfx908-amdgcn-mesa-mesa3d.bc
libclc/usr/share/clc/gfx90a-amdgcn--.bc
libclc/usr/share/clc/oland-amdgcn-mesa-mesa3d.bc
libclc/usr/share/clc/kabini-amdgcn-mesa-mesa3d.bc
libclc/usr/share/clc/polaris10-amdgcn-mesa-mesa3d.bc
libclc/usr/share/clc/tongapro-amdgcn-mesa-mesa3d.bc
libclc/usr/share/clc/kaveri-amdgcn-mesa-mesa3d.bc
libclc/usr/share/clc/gfx1012-amdgcn--.bc
libclc/usr/share/clc/gfx1033-amdgcn--.bc
libclc/usr/share/clc/gfx1150-amdgcn-mesa-mesa3d.bc
libclc/usr/share/clc/oland-amdgcn--.bc
libclc/usr/share/clc/gfx805-amdgcn--.bc
libclc/usr/share/clc/gfx1032-amdgcn-mesa-mesa3d.bc
libclc/usr/share/clc/gfx906-amdgcn--.bc
libclc/usr/share/clc/gfx942-amdgcn-mesa-mesa3d.bc
libclc/version
libclc/depends
libclc/make-depends
