--2025-10-26 10:13:15--  https://nlnetlabs.nl/downloads/unbound/unbound-1.24.1.tar.gz
Resolving nlnetlabs.nl (nlnetlabs.nl)... 2a01:4f8:c0c:cdfa::1, 128.140.76.106
Connecting to nlnetlabs.nl (nlnetlabs.nl)|2a01:4f8:c0c:cdfa::1|:443... connected.
HTTP request sent, awaiting response... 200 OK
Length: 6902613 (6.6M) [application/octet-stream]
Saving to: ‘unbound-1.24.1.tar.gz’

     0K .......... .......... .......... .......... ..........  0%  479K 14s
    50K .......... .......... .......... .......... ..........  1%  484K 14s
   100K .......... .......... .......... .......... ..........  2% 1.10M 11s
   150K .......... .......... .......... .......... ..........  2%  779K 10s
   200K .......... .......... .......... .......... ..........  3%  184M 8s
   250K .......... .......... .......... .......... ..........  4%  483K 9s
   300K .......... .......... .......... .......... ..........  5% 12.7M 8s
   350K .......... .......... .......... .......... ..........  5%  500K 8s
   400K .......... .......... .......... .......... ..........  6%  153M 7s
   450K .......... .......... .......... .......... ..........  7% 12.9M 7s
   500K .......... .......... .......... .......... ..........  8% 1.37M 6s
   550K .......... .......... .......... .......... ..........  8%  735K 6s
   600K .......... .......... .......... .......... ..........  9%  111M 6s
   650K .......... .......... .......... .......... .......... 10% 1.37M 6s
   700K .......... .......... .......... .......... .......... 11%  832K 6s
   750K .......... .......... .......... .......... .......... 11% 11.5M 5s
   800K .......... .......... .......... .......... .......... 12% 12.0M 5s
   850K .......... .......... .......... .......... .......... 13%  138M 5s
   900K .......... .......... .......... .......... .......... 14%  111M 4s
   950K .......... .......... .......... .......... .......... 14%  166M 4s
  1000K .......... .......... .......... .......... .......... 15% 1.41M 4s
  1050K .......... .......... .......... .......... .......... 16%  107M 4s
  1100K .......... .......... .......... .......... .......... 17%  787K 4s
  1150K .......... .......... .......... .......... .......... 17% 11.8M 4s
  1200K .......... .......... .......... .......... .......... 18% 43.0M 4s
  1250K .......... .......... .......... .......... .......... 19% 16.6M 4s
  1300K .......... .......... .......... .......... .......... 20%  181M 3s
  1350K .......... .......... .......... .......... .......... 20% 82.3M 3s
  1400K .......... .......... .......... .......... .......... 21% 1.58M 3s
  1450K .......... .......... .......... .......... .......... 22%  783K 3s
  1500K .......... .......... .......... .......... .......... 22% 98.3M 3s
  1550K .......... .......... .......... .......... .......... 23% 13.4M 3s
  1600K .......... .......... .......... .......... .......... 24%  101M 3s
  1650K .......... .......... .......... .......... .......... 25%  193M 3s
  1700K .......... .......... .......... .......... .......... 25% 85.8M 3s
  1750K .......... .......... .......... .......... .......... 26%  198M 3s
  1800K .......... .......... .......... .......... .......... 27%  111M 3s
  1850K .......... .......... .......... .......... .......... 28% 27.7M 2s
  1900K .......... .......... .......... .......... .......... 28% 79.3M 2s
  1950K .......... .......... .......... .......... .......... 29% 99.1M 2s
  2000K .......... .......... .......... .......... .......... 30% 15.4M 2s
  2050K .......... .......... .......... .......... .......... 31% 1.76M 2s
  2100K .......... .......... .......... .......... .......... 31%  104M 2s
  2150K .......... .......... .......... .......... .......... 32%  785K 2s
  2200K .......... .......... .......... .......... .......... 33%  136M 2s
  2250K .......... .......... .......... .......... .......... 34% 12.3M 2s
  2300K .......... .......... .......... .......... .......... 34%  134M 2s
  2350K .......... .......... .......... .......... .......... 35% 13.4M 2s
  2400K .......... .......... .......... .......... .......... 36% 89.6M 2s
  2450K .......... .......... .......... .......... .......... 37%  191M 2s
  2500K .......... .......... .......... .......... .......... 37% 96.0M 2s
  2550K .......... .......... .......... .......... .......... 38%  152M 2s
  2600K .......... .......... .......... .......... .......... 39% 24.7M 2s
  2650K .......... .......... .......... .......... .......... 40%  116M 2s
  2700K .......... .......... .......... .......... .......... 40%  135M 2s
  2750K .......... .......... .......... .......... .......... 41% 1.79M 2s
  2800K .......... .......... .......... .......... .......... 42% 89.7M 1s
  2850K .......... .......... .......... .......... .......... 43%  787K 2s
  2900K .......... .......... .......... .......... .......... 43%  174M 1s
  2950K .......... .......... .......... .......... .......... 44%  104M 1s
  3000K .......... .......... .......... .......... .......... 45%  138M 1s
  3050K .......... .......... .......... .......... .......... 45%  107M 1s
  3100K .......... .......... .......... .......... .......... 46% 22.1M 1s
  3150K .......... .......... .......... .......... .......... 47%  112M 1s
  3200K .......... .......... .......... .......... .......... 48%  184M 1s
  3250K .......... .......... .......... .......... .......... 48% 80.3M 1s
  3300K .......... .......... .......... .......... .......... 49%  191M 1s
  3350K .......... .......... .......... .......... .......... 50% 18.1M 1s
  3400K .......... .......... .......... .......... .......... 51%  111M 1s
  3450K .......... .......... .......... .......... .......... 51%  133M 1s
  3500K .......... .......... .......... .......... .......... 52%  102M 1s
  3550K .......... .......... .......... .......... .......... 53%  104M 1s
  3600K .......... .......... .......... .......... .......... 54%  131M 1s
  3650K .......... .......... .......... .......... .......... 54% 35.9M 1s
  3700K .......... .......... .......... .......... .......... 55% 77.9M 1s
  3750K .......... .......... .......... .......... .......... 56%  176M 1s
  3800K .......... .......... .......... .......... .......... 57%  101M 1s
  3850K .......... .......... .......... .......... .......... 57%  104M 1s
  3900K .......... .......... .......... .......... .......... 58%  157M 1s
  3950K .......... .......... .......... .......... .......... 59% 65.2M 1s
  4000K .......... .......... .......... .......... .......... 60% 37.9M 1s
  4050K .......... .......... .......... .......... .......... 60%  136M 1s
  4100K .......... .......... .......... .......... .......... 61% 2.03M 1s
  4150K .......... .......... .......... .......... .......... 62%  132M 1s
  4200K .......... .......... .......... .......... .......... 63%  791K 1s
  4250K .......... .......... .......... .......... .......... 63% 73.9M 1s
  4300K .......... .......... .......... .......... .......... 64%  196M 1s
  4350K .......... .......... .......... .......... .......... 65% 13.5M 1s
  4400K .......... .......... .......... .......... .......... 66%  228M 1s
  4450K .......... .......... .......... .......... .......... 66%  137M 1s
  4500K .......... .......... .......... .......... .......... 67% 97.5M 1s
  4550K .......... .......... .......... .......... .......... 68% 92.1M 1s
  4600K .......... .......... .......... .......... .......... 68% 25.2M 1s
  4650K .......... .......... .......... .......... .......... 69%  103M 1s
  4700K .......... .......... .......... .......... .......... 70%  169M 1s
  4750K .......... .......... .......... .......... .......... 71% 86.5M 1s
  4800K .......... .......... .......... .......... .......... 71% 17.0M 0s
  4850K .......... .......... .......... .......... .......... 72% 91.7M 0s
  4900K .......... .......... .......... .......... .......... 73%  143M 0s
  4950K .......... .......... .......... .......... .......... 74%  114M 0s
  5000K .......... .......... .......... .......... .......... 74%  144M 0s
  5050K .......... .......... .......... .......... .......... 75%  105M 0s
  5100K .......... .......... .......... .......... .......... 76%  153M 0s
  5150K .......... .......... .......... .......... .......... 77% 34.5M 0s
  5200K .......... .......... .......... .......... .......... 77%  104M 0s
  5250K .......... .......... .......... .......... .......... 78%  179M 0s
  5300K .......... .......... .......... .......... .......... 79%  116M 0s
  5350K .......... .......... .......... .......... .......... 80% 87.1M 0s
  5400K .......... .......... .......... .......... .......... 80%  204M 0s
  5450K .......... .......... .......... .......... .......... 81% 88.3M 0s
  5500K .......... .......... .......... .......... .......... 82% 2.25M 0s
  5550K .......... .......... .......... .......... .......... 83% 13.2M 0s
  5600K .......... .......... .......... .......... .......... 83%  827K 0s
  5650K .......... .......... .......... .......... .......... 84%  163M 0s
  5700K .......... .......... .......... .......... .......... 85%  270M 0s
  5750K .......... .......... .......... .......... .......... 86%  138M 0s
  5800K .......... .......... .......... .......... .......... 86% 81.5M 0s
  5850K .......... .......... .......... .......... .......... 87%  147M 0s
  5900K .......... .......... .......... .......... .......... 88% 23.8M 0s
  5950K .......... .......... .......... .......... .......... 89% 86.7M 0s
  6000K .......... .......... .......... .......... .......... 89%  132M 0s
  6050K .......... .......... .......... .......... .......... 90% 89.3M 0s
  6100K .......... .......... .......... .......... .......... 91%  158M 0s
  6150K .......... .......... .......... .......... .......... 91% 83.2M 0s
  6200K .......... .......... .......... .......... .......... 92%  168M 0s
  6250K .......... .......... .......... .......... .......... 93%  102M 0s
  6300K .......... .......... .......... .......... .......... 94%  459K 0s
  6350K .......... .......... .......... .......... .......... 94%  152M 0s
  6400K .......... .......... .......... .......... .......... 95%  275M 0s
  6450K .......... .......... .......... .......... .......... 96%  284M 0s
  6500K .......... .......... .......... .......... .......... 97%  255M 0s
  6550K .......... .......... .......... .......... .......... 97%  273M 0s
  6600K .......... .......... .......... .......... .......... 98%  264M 0s
  6650K .......... .......... .......... .......... .......... 99%  283M 0s
  6700K .......... .......... .......... ..........           100%  256M=1.5s

2025-10-26 10:13:17 (4.47 MB/s) - ‘unbound-1.24.1.tar.gz’ saved [6902613/6902613]

unbound-1.24.1/
unbound-1.24.1/config.guess
unbound-1.24.1/dnscrypt/
unbound-1.24.1/dnscrypt/dnscrypt_config.h.in
unbound-1.24.1/dnscrypt/dnscrypt.h
unbound-1.24.1/dnscrypt/cert.h
unbound-1.24.1/dnscrypt/dnscrypt.c
unbound-1.24.1/dnscrypt/dnscrypt.m4
unbound-1.24.1/dnscrypt/testdata/
unbound-1.24.1/dnscrypt/testdata/keys2/
unbound-1.24.1/dnscrypt/testdata/keys2/public.key
unbound-1.24.1/dnscrypt/testdata/keys2/secret.key
unbound-1.24.1/dnscrypt/testdata/gencert.sh
unbound-1.24.1/dnscrypt/testdata/keys1/
unbound-1.24.1/dnscrypt/testdata/keys1/public.key
unbound-1.24.1/dnscrypt/testdata/keys1/secret.key
unbound-1.24.1/Makefile.in
unbound-1.24.1/acx_nlnetlabs.m4
unbound-1.24.1/ltmain.sh
unbound-1.24.1/README.md
unbound-1.24.1/install-sh
unbound-1.24.1/dnstap/
unbound-1.24.1/dnstap/dnstap.h
unbound-1.24.1/dnstap/dnstap_fstrm.h
unbound-1.24.1/dnstap/dnstap_fstrm.c
unbound-1.24.1/dnstap/dnstap_config.h.in
unbound-1.24.1/dnstap/dnstap.c
unbound-1.24.1/dnstap/dnstap.m4
unbound-1.24.1/dnstap/unbound-dnstap-socket.c
unbound-1.24.1/dnstap/dtstream.c
unbound-1.24.1/dnstap/dtstream.h
unbound-1.24.1/dnstap/dnstap.proto
unbound-1.24.1/configure.ac
unbound-1.24.1/testcode/
unbound-1.24.1/testcode/unitmain.h
unbound-1.24.1/testcode/asynclook.c
unbound-1.24.1/testcode/unitinfra.c
unbound-1.24.1/testcode/fake_event.c
unbound-1.24.1/testcode/petal.c
unbound-1.24.1/testcode/run_vm.sh
unbound-1.24.1/testcode/readhex.h
unbound-1.24.1/testcode/readzone.c
unbound-1.24.1/testcode/unitdname.c
unbound-1.24.1/testcode/doqclient.c
unbound-1.24.1/testcode/streamtcp.c
unbound-1.24.1/testcode/unitregional.c
unbound-1.24.1/testcode/pktview.c
unbound-1.24.1/testcode/testbound.c
unbound-1.24.1/testcode/unittcpreuse.c
unbound-1.24.1/testcode/unitslabhash.c
unbound-1.24.1/testcode/streamtcp.1
unbound-1.24.1/testcode/checklocks.c
unbound-1.24.1/testcode/unitdoq.c
unbound-1.24.1/testcode/fake_event.h
unbound-1.24.1/testcode/do-tests.sh
unbound-1.24.1/testcode/replay.c
unbound-1.24.1/testcode/testpkts.c
unbound-1.24.1/testcode/unitverify.c
unbound-1.24.1/testcode/readhex.c
unbound-1.24.1/testcode/unitldns.c
unbound-1.24.1/testcode/signit.c
unbound-1.24.1/testcode/unitlruhash.c
unbound-1.24.1/testcode/unitmsgparse.c
unbound-1.24.1/testcode/unitzonemd.c
unbound-1.24.1/testcode/mini_tdir.sh
unbound-1.24.1/testcode/unitauth.c
unbound-1.24.1/testcode/unitecs.c
unbound-1.24.1/testcode/replay.h
unbound-1.24.1/testcode/unitmain.c
unbound-1.24.1/testcode/delayer.c
unbound-1.24.1/testcode/lock_verify.c
unbound-1.24.1/testcode/perf.c
unbound-1.24.1/testcode/checklocks.h
unbound-1.24.1/testcode/unitneg.c
unbound-1.24.1/testcode/testpkts.h
unbound-1.24.1/testcode/memstats.c
unbound-1.24.1/testcode/dohclient.c
unbound-1.24.1/testcode/unitanchor.c
unbound-1.24.1/doc/
unbound-1.24.1/doc/README.man
unbound-1.24.1/doc/README.svn
unbound-1.24.1/doc/unbound-checkconf.8.in
unbound-1.24.1/doc/unbound.conf.5.in
unbound-1.24.1/doc/unbound-control.8.in
unbound-1.24.1/doc/Changelog
unbound-1.24.1/doc/unbound-control.rst
unbound-1.24.1/doc/unbound-host.rst
unbound-1.24.1/doc/README.ipset.md
unbound-1.24.1/doc/ietf67-design-02.odp
unbound-1.24.1/doc/ietf67-design-02.pdf
unbound-1.24.1/doc/unbound.conf.rst
unbound-1.24.1/doc/CNAME-basedRedirectionDesignNotes.pdf
unbound-1.24.1/doc/libunbound.3.in
unbound-1.24.1/doc/FEATURES
unbound-1.24.1/doc/unbound.rst
unbound-1.24.1/doc/unbound.8.in
unbound-1.24.1/doc/unbound-host.1.in
unbound-1.24.1/doc/libunbound.rst
unbound-1.24.1/doc/unbound.doxygen
unbound-1.24.1/doc/example.conf.in
unbound-1.24.1/doc/unbound-checkconf.rst
unbound-1.24.1/doc/requirements.txt
unbound-1.24.1/doc/CREDITS
unbound-1.24.1/doc/LICENSE
unbound-1.24.1/doc/control_proto_spec.txt
unbound-1.24.1/doc/IP-BasedActions.pdf
unbound-1.24.1/doc/TODO
unbound-1.24.1/doc/README.tests
unbound-1.24.1/doc/unbound-anchor.rst
unbound-1.24.1/doc/README.DNS64
unbound-1.24.1/doc/README
unbound-1.24.1/doc/unbound-anchor.8.in
unbound-1.24.1/README-Travis.md
unbound-1.24.1/compat/
unbound-1.24.1/compat/getentropy_solaris.c
unbound-1.24.1/compat/isblank.c
unbound-1.24.1/compat/arc4_lock.c
unbound-1.24.1/compat/chacha_private.h
unbound-1.24.1/compat/fake-rfc2553.h
unbound-1.24.1/compat/strsep.c
unbound-1.24.1/compat/strlcpy.c
unbound-1.24.1/compat/arc4random_uniform.c
unbound-1.24.1/compat/getentropy_win.c
unbound-1.24.1/compat/memmove.c
unbound-1.24.1/compat/snprintf.c
unbound-1.24.1/compat/getentropy_freebsd.c
unbound-1.24.1/compat/gmtime_r.c
unbound-1.24.1/compat/ctime_r.c
unbound-1.24.1/compat/strlcat.c
unbound-1.24.1/compat/inet_ntop.c
unbound-1.24.1/compat/inet_pton.c
unbound-1.24.1/compat/getentropy_linux.c
unbound-1.24.1/compat/memcmp.c
unbound-1.24.1/compat/arc4random.c
unbound-1.24.1/compat/strptime.c
unbound-1.24.1/compat/explicit_bzero.c
unbound-1.24.1/compat/memcmp.h
unbound-1.24.1/compat/malloc.c
unbound-1.24.1/compat/sha512.c
unbound-1.24.1/compat/reallocarray.c
unbound-1.24.1/compat/inet_aton.c
unbound-1.24.1/compat/fake-rfc2553.c
unbound-1.24.1/compat/getentropy_osx.c
unbound-1.24.1/respip/
unbound-1.24.1/respip/respip.c
unbound-1.24.1/respip/respip.h
unbound-1.24.1/SECURITY.md
unbound-1.24.1/pythonmod/
unbound-1.24.1/pythonmod/test-edns.conf
unbound-1.24.1/pythonmod/Makefile
unbound-1.24.1/pythonmod/examples/
unbound-1.24.1/pythonmod/examples/resip.py
unbound-1.24.1/pythonmod/examples/calc.py
unbound-1.24.1/pythonmod/examples/avahi-resolver.py
unbound-1.24.1/pythonmod/examples/inplace_callbacks.py
unbound-1.24.1/pythonmod/examples/resmod.py
unbound-1.24.1/pythonmod/examples/edns.py
unbound-1.24.1/pythonmod/examples/resgen.py
unbound-1.24.1/pythonmod/examples/dict.py
unbound-1.24.1/pythonmod/examples/log.py
unbound-1.24.1/pythonmod/examples/dict_data.txt
unbound-1.24.1/pythonmod/test-resip.conf
unbound-1.24.1/pythonmod/doc/
unbound-1.24.1/pythonmod/doc/conf.py
unbound-1.24.1/pythonmod/doc/examples/
unbound-1.24.1/pythonmod/doc/examples/example5.rst
unbound-1.24.1/pythonmod/doc/examples/example6.rst
unbound-1.24.1/pythonmod/doc/examples/example0-1.py
unbound-1.24.1/pythonmod/doc/examples/example3.rst
unbound-1.24.1/pythonmod/doc/examples/example1.rst
unbound-1.24.1/pythonmod/doc/examples/example4.rst
unbound-1.24.1/pythonmod/doc/examples/example2.rst
unbound-1.24.1/pythonmod/doc/examples/index.rst
unbound-1.24.1/pythonmod/doc/examples/example0.rst
unbound-1.24.1/pythonmod/doc/install.rst
unbound-1.24.1/pythonmod/doc/usecase.rst
unbound-1.24.1/pythonmod/doc/modules/
unbound-1.24.1/pythonmod/doc/modules/config.rst
unbound-1.24.1/pythonmod/doc/modules/struct.rst
unbound-1.24.1/pythonmod/doc/modules/env.rst
unbound-1.24.1/pythonmod/doc/modules/functions.rst
unbound-1.24.1/pythonmod/doc/modules/index.rst
unbound-1.24.1/pythonmod/doc/_static/
unbound-1.24.1/pythonmod/doc/_static/readme
unbound-1.24.1/pythonmod/doc/index.rst
unbound-1.24.1/pythonmod/test-resgen.conf
unbound-1.24.1/pythonmod/test-inplace_callbacks.conf
unbound-1.24.1/pythonmod/pythonmod_utils.c
unbound-1.24.1/pythonmod/test-dict.conf
unbound-1.24.1/pythonmod/pythonmod.c
unbound-1.24.1/pythonmod/interface.i
unbound-1.24.1/pythonmod/test-calc.conf
unbound-1.24.1/pythonmod/ubmodule-msg.py
unbound-1.24.1/pythonmod/test-resmod.conf
unbound-1.24.1/pythonmod/LICENSE
unbound-1.24.1/pythonmod/test-log.conf
unbound-1.24.1/pythonmod/pythonmod.h
unbound-1.24.1/pythonmod/ubmodule-tst.py
unbound-1.24.1/pythonmod/pythonmod_utils.h
unbound-1.24.1/contrib/
unbound-1.24.1/contrib/unbound.init
unbound-1.24.1/contrib/unbound.socket.in
unbound-1.24.1/contrib/update-anchor.sh
unbound-1.24.1/contrib/unbound.plist
unbound-1.24.1/contrib/parseunbound.pl
unbound-1.24.1/contrib/warmup.sh
unbound-1.24.1/contrib/build-unbound-localzone-from-hosts.pl
unbound-1.24.1/contrib/redirect-bogus.patch
unbound-1.24.1/contrib/warmup.cmd
unbound-1.24.1/contrib/unbound.service.in
unbound-1.24.1/contrib/metrics.awk
unbound-1.24.1/contrib/unbound_portable.service.in
unbound-1.24.1/contrib/fastrpz.patch
unbound-1.24.1/contrib/unbound_cacti.tar.gz
unbound-1.24.1/contrib/unbound.init_yocto
unbound-1.24.1/contrib/drop-tld.diff
unbound-1.24.1/contrib/validation-reporter.sh
unbound-1.24.1/contrib/unbound_munin_
unbound-1.24.1/contrib/drop2rpz
unbound-1.24.1/contrib/patch_rsamd5_enable.diff
unbound-1.24.1/contrib/Dockerfile.tests
unbound-1.24.1/contrib/unbound_cache.cmd
unbound-1.24.1/contrib/unbound-fuzzers.tar.bz2
unbound-1.24.1/contrib/unbound_smf23.tar.gz
unbound-1.24.1/contrib/libunbound.so.conf
unbound-1.24.1/contrib/ios/
unbound-1.24.1/contrib/ios/15-ios.conf
unbound-1.24.1/contrib/ios/install_expat.sh
unbound-1.24.1/contrib/ios/install_tools.sh
unbound-1.24.1/contrib/ios/install_openssl.sh
unbound-1.24.1/contrib/ios/openssl.patch
unbound-1.24.1/contrib/ios/setenv_ios.sh
unbound-1.24.1/contrib/android/
unbound-1.24.1/contrib/android/15-android.conf
unbound-1.24.1/contrib/android/install_expat.sh
unbound-1.24.1/contrib/android/install_tools.sh
unbound-1.24.1/contrib/android/install_ndk.sh
unbound-1.24.1/contrib/android/install_openssl.sh
unbound-1.24.1/contrib/android/setenv_android.sh
unbound-1.24.1/contrib/create_unbound_ad_servers.sh
unbound-1.24.1/contrib/unbound.init_fedora
unbound-1.24.1/contrib/unbound-fuzzme.patch
unbound-1.24.1/contrib/unbound-querycachedb.py
unbound-1.24.1/contrib/libunbound.pc.in
unbound-1.24.1/contrib/aaaa-filter-iterator.patch
unbound-1.24.1/contrib/create_unbound_ad_servers.cmd
unbound-1.24.1/contrib/unbound-host.nagios.patch
unbound-1.24.1/contrib/unbound.spec_fedora
unbound-1.24.1/contrib/README
unbound-1.24.1/contrib/rc_d_unbound
unbound-1.24.1/contrib/selinux/
unbound-1.24.1/contrib/selinux/unbound.fc
unbound-1.24.1/contrib/selinux/unbound.te
unbound-1.24.1/contrib/unbound.spec
unbound-1.24.1/contrib/unbound_cache.sh
unbound-1.24.1/dynlibmod/
unbound-1.24.1/dynlibmod/examples/
unbound-1.24.1/dynlibmod/examples/helloworld.c
unbound-1.24.1/dynlibmod/dynlibmod.c
unbound-1.24.1/dynlibmod/dynlibmod.h
unbound-1.24.1/systemd.m4
unbound-1.24.1/config.sub
unbound-1.24.1/configure~
unbound-1.24.1/winrc/
unbound-1.24.1/winrc/unbound-service-install.c
unbound-1.24.1/winrc/unbound32.ico
unbound-1.24.1/winrc/combined.ico
unbound-1.24.1/winrc/rsrc_unbound_checkconf.rc
unbound-1.24.1/winrc/rsrc_unbound_host.rc
unbound-1.24.1/winrc/vista_admin.manifest
unbound-1.24.1/winrc/service.conf
unbound-1.24.1/winrc/rsrc_svcuninst.rc
unbound-1.24.1/winrc/gen_msg.mc
unbound-1.24.1/winrc/setup.nsi
unbound-1.24.1/winrc/rsrc_anchorupd.rc
unbound-1.24.1/winrc/win_svc.h
unbound-1.24.1/winrc/w_inst.h
unbound-1.24.1/winrc/rsrc_svcinst.rc
unbound-1.24.1/winrc/unbound-service-remove.c
unbound-1.24.1/winrc/rsrc_unbound_anchor.rc
unbound-1.24.1/winrc/rsrc_unbound.rc
unbound-1.24.1/winrc/gen_msg.bin
unbound-1.24.1/winrc/setup_left.bmp
unbound-1.24.1/winrc/unbound-website.url
unbound-1.24.1/winrc/README.txt
unbound-1.24.1/winrc/rsrc_unbound_control.rc
unbound-1.24.1/winrc/setup_top.bmp
unbound-1.24.1/winrc/win_svc.c
unbound-1.24.1/winrc/anchor-update.c
unbound-1.24.1/winrc/w_inst.c
unbound-1.24.1/winrc/vista_user.manifest
unbound-1.24.1/winrc/unbound-control-setup.cmd
unbound-1.24.1/winrc/unbound256.png
unbound-1.24.1/ax_build_date_epoch.m4
unbound-1.24.1/ipsecmod/
unbound-1.24.1/ipsecmod/ipsecmod-whitelist.h
unbound-1.24.1/ipsecmod/ipsecmod.h
unbound-1.24.1/ipsecmod/ipsecmod-whitelist.c
unbound-1.24.1/ipsecmod/ipsecmod.c
unbound-1.24.1/smallapp/
unbound-1.24.1/smallapp/unbound-checkconf.c
unbound-1.24.1/smallapp/unbound-host.c
unbound-1.24.1/smallapp/unbound-anchor.c
unbound-1.24.1/smallapp/unbound-control.c
unbound-1.24.1/smallapp/unbound-control-setup.sh.in
unbound-1.24.1/smallapp/worker_cb.c
unbound-1.24.1/ax_pthread.m4
unbound-1.24.1/iterator/
unbound-1.24.1/iterator/iter_delegpt.h
unbound-1.24.1/iterator/iter_utils.h
unbound-1.24.1/iterator/iter_hints.h
unbound-1.24.1/iterator/iter_resptype.c
unbound-1.24.1/iterator/iter_resptype.h
unbound-1.24.1/iterator/iter_donotq.h
unbound-1.24.1/iterator/iter_hints.c
unbound-1.24.1/iterator/iter_scrub.h
unbound-1.24.1/iterator/iter_utils.c
unbound-1.24.1/iterator/iter_donotq.c
unbound-1.24.1/iterator/iter_priv.c
unbound-1.24.1/iterator/iter_delegpt.c
unbound-1.24.1/iterator/iterator.h
unbound-1.24.1/iterator/iter_scrub.c
unbound-1.24.1/iterator/iterator.c
unbound-1.24.1/iterator/iter_fwd.c
unbound-1.24.1/iterator/iter_priv.h
unbound-1.24.1/iterator/iter_fwd.h
unbound-1.24.1/ax_pkg_swig.m4
unbound-1.24.1/LICENSE
unbound-1.24.1/cachedb/
unbound-1.24.1/cachedb/redis.c
unbound-1.24.1/cachedb/redis.h
unbound-1.24.1/cachedb/cachedb.h
unbound-1.24.1/cachedb/cachedb.c
unbound-1.24.1/sldns/
unbound-1.24.1/sldns/rrdef.c
unbound-1.24.1/sldns/keyraw.h
unbound-1.24.1/sldns/sbuffer.c
unbound-1.24.1/sldns/pkthdr.h
unbound-1.24.1/sldns/parse.c
unbound-1.24.1/sldns/parse.h
unbound-1.24.1/sldns/parseutil.c
unbound-1.24.1/sldns/sbuffer.h
unbound-1.24.1/sldns/parseutil.h
unbound-1.24.1/sldns/str2wire.h
unbound-1.24.1/sldns/keyraw.c
unbound-1.24.1/sldns/str2wire.c
unbound-1.24.1/sldns/wire2str.h
unbound-1.24.1/sldns/rrdef.h
unbound-1.24.1/sldns/wire2str.c
unbound-1.24.1/validator/
unbound-1.24.1/validator/val_nsec.h
unbound-1.24.1/validator/val_sigcrypt.c
unbound-1.24.1/validator/autotrust.h
unbound-1.24.1/validator/val_kcache.c
unbound-1.24.1/validator/autotrust.c
unbound-1.24.1/validator/val_anchor.h
unbound-1.24.1/validator/val_neg.h
unbound-1.24.1/validator/val_anchor.c
unbound-1.24.1/validator/val_nsec3.h
unbound-1.24.1/validator/val_nsec.c
unbound-1.24.1/validator/val_kentry.h
unbound-1.24.1/validator/val_nsec3.c
unbound-1.24.1/validator/val_neg.c
unbound-1.24.1/validator/val_secalgo.h
unbound-1.24.1/validator/val_sigcrypt.h
unbound-1.24.1/validator/validator.h
unbound-1.24.1/validator/val_kcache.h
unbound-1.24.1/validator/validator.c
unbound-1.24.1/validator/val_utils.c
unbound-1.24.1/validator/val_secalgo.c
unbound-1.24.1/validator/val_kentry.c
unbound-1.24.1/validator/val_utils.h
unbound-1.24.1/config.h.in
unbound-1.24.1/testdata/
unbound-1.24.1/testdata/rpz_val_block.rpl
unbound-1.24.1/testdata/cachedb_cached_ede.crpl
unbound-1.24.1/testdata/fwd_no_cache.rpl
unbound-1.24.1/testdata/root_key_sentinel.rpl
unbound-1.24.1/testdata/fwd_droptoomany.rpl
unbound-1.24.1/testdata/Kexample.com.+005+16486.ds
unbound-1.24.1/testdata/serve_expired_cached_servfail.rpl
unbound-1.24.1/testdata/iter_pcdiff.rpl
unbound-1.24.1/testdata/local_norec.tdir/
unbound-1.24.1/testdata/local_norec.tdir/local_norec.pre
unbound-1.24.1/testdata/local_norec.tdir/local_norec.test
unbound-1.24.1/testdata/local_norec.tdir/local_norec.dsc
unbound-1.24.1/testdata/local_norec.tdir/local_norec.testns
unbound-1.24.1/testdata/local_norec.tdir/local_norec.conf
unbound-1.24.1/testdata/local_norec.tdir/local_norec.post
unbound-1.24.1/testdata/val_scrub_rr_length.rpl
unbound-1.24.1/testdata/local_typetransparent.rpl
unbound-1.24.1/testdata/fwd_malformed.tdir/
unbound-1.24.1/testdata/fwd_malformed.tdir/fwd_malformed.pre
unbound-1.24.1/testdata/fwd_malformed.tdir/fwd_malformed.post
unbound-1.24.1/testdata/fwd_malformed.tdir/fwd_malformed.conf
unbound-1.24.1/testdata/fwd_malformed.tdir/fwd_malformed.testns
unbound-1.24.1/testdata/fwd_malformed.tdir/fwd_malformed.test
unbound-1.24.1/testdata/fwd_malformed.tdir/fwd_malformed.dsc
unbound-1.24.1/testdata/dnscrypt_cert.tdir/
unbound-1.24.1/testdata/dnscrypt_cert.tdir/dnscrypt_cert.conf
unbound-1.24.1/testdata/dnscrypt_cert.tdir/1.key
unbound-1.24.1/testdata/dnscrypt_cert.tdir/2_chacha.cert
unbound-1.24.1/testdata/dnscrypt_cert.tdir/1_chacha.cert
unbound-1.24.1/testdata/dnscrypt_cert.tdir/dnscrypt_cert.post
unbound-1.24.1/testdata/dnscrypt_cert.tdir/2.cert
unbound-1.24.1/testdata/dnscrypt_cert.tdir/2_salsa.cert
unbound-1.24.1/testdata/dnscrypt_cert.tdir/1_salsa.cert
unbound-1.24.1/testdata/dnscrypt_cert.tdir/dnscrypt_cert.pre
unbound-1.24.1/testdata/dnscrypt_cert.tdir/dnscrypt_cert.test
unbound-1.24.1/testdata/dnscrypt_cert.tdir/1.cert
unbound-1.24.1/testdata/dnscrypt_cert.tdir/dnscrypt_cert.dsc
unbound-1.24.1/testdata/dnscrypt_cert.tdir/dnscrypt_cert.testns
unbound-1.24.1/testdata/dnscrypt_cert.tdir/2.key
unbound-1.24.1/testdata/test_packets.4
unbound-1.24.1/testdata/iter_hint_lame.rpl
unbound-1.24.1/testdata/test_packets.6
unbound-1.24.1/testdata/val_nx_nsec3_params.rpl
unbound-1.24.1/testdata/version_bind.rpl
unbound-1.24.1/testdata/test_signatures.1
unbound-1.24.1/testdata/val_cnametoposnowc.rpl
unbound-1.24.1/testdata/fwd_timeout.rpl
unbound-1.24.1/testdata/iter_ds_locate_ns.rpl
unbound-1.24.1/testdata/iter_nat64_prefix48.rpl
unbound-1.24.1/testdata/fwd_two.rpl
unbound-1.24.1/testdata/fwd_udptmout.tdir/
unbound-1.24.1/testdata/fwd_udptmout.tdir/fwd_udptmout.post
unbound-1.24.1/testdata/fwd_udptmout.tdir/fwd_udptmout.testns
unbound-1.24.1/testdata/fwd_udptmout.tdir/fwd_udptmout.conf
unbound-1.24.1/testdata/fwd_udptmout.tdir/fwd_udptmout.dsc
unbound-1.24.1/testdata/fwd_udptmout.tdir/fwd_udptmout.pre
unbound-1.24.1/testdata/fwd_udptmout.tdir/fwd_udptmout.test
unbound-1.24.1/testdata/zonemd.example16.zone
unbound-1.24.1/testdata/val_negcache_ttl_prefetch.rpl
unbound-1.24.1/testdata/iter_class_any.rpl
unbound-1.24.1/testdata/val_nsec3_entnodata_optout_badopt.rpl
unbound-1.24.1/testdata/val_nsec3_b1_nameerror_noce.rpl
unbound-1.24.1/testdata/net_signed_servfail.rpl
unbound-1.24.1/testdata/iter_resolve_minimised_nx.rpl
unbound-1.24.1/testdata/iter_mod.rpl
unbound-1.24.1/testdata/local_acl_override.rpl
unbound-1.24.1/testdata/Kexample.com.+003+02854.key
unbound-1.24.1/testdata/val_ds_cnamesub.rpl
unbound-1.24.1/testdata/Kexample.com.+003+02854.ds
unbound-1.24.1/testdata/zonemd.example13.zone
unbound-1.24.1/testdata/test_ldnsrr.2
unbound-1.24.1/testdata/tcp_reuse.tdir/
unbound-1.24.1/testdata/tcp_reuse.tdir/tcp_reuse.test
unbound-1.24.1/testdata/tcp_reuse.tdir/tcp_reuse.conf
unbound-1.24.1/testdata/tcp_reuse.tdir/tcp_reuse.conf2
unbound-1.24.1/testdata/tcp_reuse.tdir/tcp_reuse.post
unbound-1.24.1/testdata/tcp_reuse.tdir/tcp_reuse.dsc
unbound-1.24.1/testdata/tcp_reuse.tdir/tcp_reuse.pre
unbound-1.24.1/testdata/test_packets.1
unbound-1.24.1/testdata/local_acl_taglist_action.rpl
unbound-1.24.1/testdata/zonemd.example14.zone
unbound-1.24.1/testdata/val_nx_nodeny.rpl
unbound-1.24.1/testdata/iter_pclame.rpl
unbound-1.24.1/testdata/dnstap_reconnect.tdir/
unbound-1.24.1/testdata/dnstap_reconnect.tdir/dnstap_reconnect.dsc
unbound-1.24.1/testdata/dnstap_reconnect.tdir/dnstap_reconnect.test
unbound-1.24.1/testdata/dnstap_reconnect.tdir/unbound_server.pem
unbound-1.24.1/testdata/dnstap_reconnect.tdir/unbound_control.pem
unbound-1.24.1/testdata/dnstap_reconnect.tdir/dnstap_reconnect.post
unbound-1.24.1/testdata/dnstap_reconnect.tdir/dnstap_reconnect.conf
unbound-1.24.1/testdata/dnstap_reconnect.tdir/unbound_server.key
unbound-1.24.1/testdata/dnstap_reconnect.tdir/dnstap_reconnect.pre
unbound-1.24.1/testdata/dnstap_reconnect.tdir/dnstap_reconnect.testns
unbound-1.24.1/testdata/dnstap_reconnect.tdir/unbound_control.key
unbound-1.24.1/testdata/val_nsec3_b4_wild.rpl
unbound-1.24.1/testdata/blanks_https.tdir/
unbound-1.24.1/testdata/blanks_https.tdir/petal.pem
unbound-1.24.1/testdata/blanks_https.tdir/petal.key
unbound-1.24.1/testdata/blanks_https.tdir/127.0.0.1/
unbound-1.24.1/testdata/blanks_https.tdir/127.0.0.1/blanks.example.com.zone
unbound-1.24.1/testdata/blanks_https.tdir/blanks_https.test
unbound-1.24.1/testdata/blanks_https.tdir/blanks_https.dsc
unbound-1.24.1/testdata/blanks_https.tdir/blanks_https.conf
unbound-1.24.1/testdata/blanks_https.tdir/blanks_https.post
unbound-1.24.1/testdata/blanks_https.tdir/blanks_https.pre
unbound-1.24.1/testdata/ssl_req_timeout.tdir/
unbound-1.24.1/testdata/ssl_req_timeout.tdir/unbound_server.pem
unbound-1.24.1/testdata/ssl_req_timeout.tdir/ssl_req_timeout.pre
unbound-1.24.1/testdata/ssl_req_timeout.tdir/ssl_req_timeout.dsc
unbound-1.24.1/testdata/ssl_req_timeout.tdir/ssl_req_timeout.post
unbound-1.24.1/testdata/ssl_req_timeout.tdir/ssl_req_timeout.conf
unbound-1.24.1/testdata/ssl_req_timeout.tdir/unbound_server.key
unbound-1.24.1/testdata/ssl_req_timeout.tdir/ssl_req_timeout.test
unbound-1.24.1/testdata/ssl_req_timeout.tdir/ssl_req_timeout.testns
unbound-1.24.1/testdata/val_qds_badanc.rpl
unbound-1.24.1/testdata/root_anchor.tdir/
unbound-1.24.1/testdata/root_anchor.tdir/root_anchor.dsc
unbound-1.24.1/testdata/root_anchor.tdir/root_anchor.pre
unbound-1.24.1/testdata/root_anchor.tdir/root_anchor.test
unbound-1.24.1/testdata/iter_prefetch_change2.rpl
unbound-1.24.1/testdata/test_sigs.ecdsa_p384
unbound-1.24.1/testdata/edns_client_string_opcode.rpl
unbound-1.24.1/testdata/test_sigs.hinfo
unbound-1.24.1/testdata/val_nsec3_wcany_nodeny.rpl
unbound-1.24.1/testdata/val_nodatawc_nodeny.rpl
unbound-1.24.1/testdata/rpz_qname.rpl
unbound-1.24.1/testdata/auth_zonemd_xfr.rpl
unbound-1.24.1/testdata/val_secds.rpl
unbound-1.24.1/testdata/test_ldnsrr.c1
unbound-1.24.1/testdata/dnstap_tls_badcert.tdir/
unbound-1.24.1/testdata/dnstap_tls_badcert.tdir/dnstap_tls_badcert.conf
unbound-1.24.1/testdata/dnstap_tls_badcert.tdir/dnstap_tls_badcert.dsc
unbound-1.24.1/testdata/dnstap_tls_badcert.tdir/unbound_server.pem
unbound-1.24.1/testdata/dnstap_tls_badcert.tdir/dnstap_tls_badcert.testns
unbound-1.24.1/testdata/dnstap_tls_badcert.tdir/unbound_control.pem
unbound-1.24.1/testdata/dnstap_tls_badcert.tdir/dnstap_tls_badcert.pre
unbound-1.24.1/testdata/dnstap_tls_badcert.tdir/unbound_server.key
unbound-1.24.1/testdata/dnstap_tls_badcert.tdir/unbound_control.key
unbound-1.24.1/testdata/dnstap_tls_badcert.tdir/dnstap_tls_badcert.test
unbound-1.24.1/testdata/dnstap_tls_badcert.tdir/dnstap_tls_badcert.post
unbound-1.24.1/testdata/val_cnameqtype.rpl
unbound-1.24.1/testdata/test_sigs.rsasha512_draft
unbound-1.24.1/testdata/val_nsec3_b2_nodata.rpl
unbound-1.24.1/testdata/nss_compile.tdir/
unbound-1.24.1/testdata/nss_compile.tdir/nss_compile.test
unbound-1.24.1/testdata/nss_compile.tdir/nss_compile.dsc
unbound-1.24.1/testdata/nss_compile.tdir/nss_compile.pre
unbound-1.24.1/testdata/auth_zonemd_xfr_chain_fail.rpl
unbound-1.24.1/testdata/subnet_format_ip4.crpl
unbound-1.24.1/testdata/ipsecmod_hook.sh
unbound-1.24.1/testdata/test_sigs.rsasha256
unbound-1.24.1/testdata/local_cnameother.rpl
unbound-1.24.1/testdata/iter_donotq127.rpl
unbound-1.24.1/testdata/val_nsec3_optout_cache.rpl
unbound-1.24.1/testdata/Kexample.com.+003+02854.private
unbound-1.24.1/testdata/val_nx_overreach.rpl
unbound-1.24.1/testdata/Kexample.com.+008+01443.private
unbound-1.24.1/testdata/stream_tcp.tdir/
unbound-1.24.1/testdata/stream_tcp.tdir/stream_tcp.dsc
unbound-1.24.1/testdata/stream_tcp.tdir/stream_tcp.test
unbound-1.24.1/testdata/stream_tcp.tdir/stream_tcp.post
unbound-1.24.1/testdata/stream_tcp.tdir/stream_tcp.testns
unbound-1.24.1/testdata/stream_tcp.tdir/stream_tcp.pre
unbound-1.24.1/testdata/stream_tcp.tdir/stream_tcp.conf
unbound-1.24.1/testdata/auth_nsec3_ent.rpl
unbound-1.24.1/testdata/dnscrypt_cert_chacha.tdir/
unbound-1.24.1/testdata/dnscrypt_cert_chacha.tdir/dnscrypt_cert_chacha.dsc
unbound-1.24.1/testdata/dnscrypt_cert_chacha.tdir/1.key
unbound-1.24.1/testdata/dnscrypt_cert_chacha.tdir/2_chacha.cert
unbound-1.24.1/testdata/dnscrypt_cert_chacha.tdir/1_chacha.cert
unbound-1.24.1/testdata/dnscrypt_cert_chacha.tdir/2.cert
unbound-1.24.1/testdata/dnscrypt_cert_chacha.tdir/2_salsa.cert
unbound-1.24.1/testdata/dnscrypt_cert_chacha.tdir/dnscrypt_cert_chacha.test
unbound-1.24.1/testdata/dnscrypt_cert_chacha.tdir/1_salsa.cert
unbound-1.24.1/testdata/dnscrypt_cert_chacha.tdir/1.cert
unbound-1.24.1/testdata/dnscrypt_cert_chacha.tdir/dnscrypt_cert_chacha.post
unbound-1.24.1/testdata/dnscrypt_cert_chacha.tdir/dnscrypt_cert_chacha.pre
unbound-1.24.1/testdata/dnscrypt_cert_chacha.tdir/dnscrypt_cert_chacha.testns
unbound-1.24.1/testdata/dnscrypt_cert_chacha.tdir/dnscrypt_cert_chacha.conf
unbound-1.24.1/testdata/dnscrypt_cert_chacha.tdir/2.key
unbound-1.24.1/testdata/iter_prefetch.rpl
unbound-1.24.1/testdata/doh_downstream_endpoint.tdir/
unbound-1.24.1/testdata/doh_downstream_endpoint.tdir/doh_downstream_endpoint.pre
unbound-1.24.1/testdata/doh_downstream_endpoint.tdir/unbound_server.pem
unbound-1.24.1/testdata/doh_downstream_endpoint.tdir/doh_downstream_endpoint.post
unbound-1.24.1/testdata/doh_downstream_endpoint.tdir/unbound_server.key
unbound-1.24.1/testdata/doh_downstream_endpoint.tdir/doh_downstream_endpoint.test
unbound-1.24.1/testdata/doh_downstream_endpoint.tdir/doh_downstream_endpoint.dsc
unbound-1.24.1/testdata/doh_downstream_endpoint.tdir/doh_downstream_endpoint.conf
unbound-1.24.1/testdata/val_nodata_entnx.rpl
unbound-1.24.1/testdata/val_keyprefetch_verify.rpl
unbound-1.24.1/testdata/zonemd.example4.zone
unbound-1.24.1/testdata/val_cname_loop2.rpl
unbound-1.24.1/testdata/auth_zonemd_file_unknown.rpl
unbound-1.24.1/testdata/zonemd.example9.zone
unbound-1.24.1/testdata/Kexample.com.+005+16486.private
unbound-1.24.1/testdata/Kexample.com.+005+30899.ds
unbound-1.24.1/testdata/val_ds_sha2.crpl
unbound-1.24.1/testdata/ssl_req_order.tdir/
unbound-1.24.1/testdata/ssl_req_order.tdir/ssl_req_order.pre
unbound-1.24.1/testdata/ssl_req_order.tdir/ssl_req_order.test
unbound-1.24.1/testdata/ssl_req_order.tdir/unbound_server.pem
unbound-1.24.1/testdata/ssl_req_order.tdir/ssl_req_order.post
unbound-1.24.1/testdata/ssl_req_order.tdir/ssl_req_order.dsc
unbound-1.24.1/testdata/ssl_req_order.tdir/unbound_server.key
unbound-1.24.1/testdata/ssl_req_order.tdir/ssl_req_order.conf
unbound-1.24.1/testdata/ssl_req_order.tdir/ssl_req_order.testns
unbound-1.24.1/testdata/iter_scrub_promiscuous.rpl
unbound-1.24.1/testdata/svcb.tdir/
unbound-1.24.1/testdata/svcb.tdir/svcb.dsc
unbound-1.24.1/testdata/svcb.tdir/svcb.success-cases.zone
unbound-1.24.1/testdata/svcb.tdir/svcb.failure-cases-01
unbound-1.24.1/testdata/svcb.tdir/svcb.failure-cases-04
unbound-1.24.1/testdata/svcb.tdir/svcb.failure-cases-02
unbound-1.24.1/testdata/svcb.tdir/svcb.failure-cases-03
unbound-1.24.1/testdata/svcb.tdir/crypto.cloudflare.com.zone
unbound-1.24.1/testdata/svcb.tdir/svcb.success-cases.zone.cmp
unbound-1.24.1/testdata/svcb.tdir/svcb.test
unbound-1.24.1/testdata/svcb.tdir/svcb.test-vectors-wf.zone
unbound-1.24.1/testdata/svcb.tdir/svcb.test-vectors-pf.zone
unbound-1.24.1/testdata/doh_downstream_post.tdir/
unbound-1.24.1/testdata/doh_downstream_post.tdir/doh_downstream_post.conf
unbound-1.24.1/testdata/doh_downstream_post.tdir/doh_downstream_post.testns
unbound-1.24.1/testdata/doh_downstream_post.tdir/unbound_server.pem
unbound-1.24.1/testdata/doh_downstream_post.tdir/doh_downstream_post.pre
unbound-1.24.1/testdata/doh_downstream_post.tdir/doh_downstream_post.dsc
unbound-1.24.1/testdata/doh_downstream_post.tdir/unbound_server.key
unbound-1.24.1/testdata/doh_downstream_post.tdir/doh_downstream_post.test
unbound-1.24.1/testdata/doh_downstream_post.tdir/doh_downstream_post.post
unbound-1.24.1/testdata/http_user_agent.tdir/
unbound-1.24.1/testdata/http_user_agent.tdir/http_user_agent.test
unbound-1.24.1/testdata/http_user_agent.tdir/unbound_server.pem
unbound-1.24.1/testdata/http_user_agent.tdir/http_user_agent.post
unbound-1.24.1/testdata/http_user_agent.tdir/unbound_control.pem
unbound-1.24.1/testdata/http_user_agent.tdir/petal.pem
unbound-1.24.1/testdata/http_user_agent.tdir/http_user_agent.pre
unbound-1.24.1/testdata/http_user_agent.tdir/petal.key
unbound-1.24.1/testdata/http_user_agent.tdir/127.0.0.1/
unbound-1.24.1/testdata/http_user_agent.tdir/127.0.0.1/example.com.zone
unbound-1.24.1/testdata/http_user_agent.tdir/unbound_server.key
unbound-1.24.1/testdata/http_user_agent.tdir/http_user_agent.conf
unbound-1.24.1/testdata/http_user_agent.tdir/http_user_agent.dsc
unbound-1.24.1/testdata/http_user_agent.tdir/unbound_control.key
unbound-1.24.1/testdata/local_nodefault.tdir/
unbound-1.24.1/testdata/local_nodefault.tdir/local_nodefault.test
unbound-1.24.1/testdata/local_nodefault.tdir/local_nodefault.dsc
unbound-1.24.1/testdata/local_nodefault.tdir/local_nodefault.testns
unbound-1.24.1/testdata/local_nodefault.tdir/local_nodefault.pre
unbound-1.24.1/testdata/local_nodefault.tdir/local_nodefault.conf
unbound-1.24.1/testdata/local_nodefault.tdir/local_nodefault.post
unbound-1.24.1/testdata/rpz_passthru_clientip.rpl
unbound-1.24.1/testdata/dnstap_tls.tdir/
unbound-1.24.1/testdata/dnstap_tls.tdir/dnstap_tls.testns
unbound-1.24.1/testdata/dnstap_tls.tdir/unbound_server.pem
unbound-1.24.1/testdata/dnstap_tls.tdir/dnstap_tls.pre
unbound-1.24.1/testdata/dnstap_tls.tdir/unbound_control.pem
unbound-1.24.1/testdata/dnstap_tls.tdir/dnstap_tls.dsc
unbound-1.24.1/testdata/dnstap_tls.tdir/unbound_server.key
unbound-1.24.1/testdata/dnstap_tls.tdir/dnstap_tls.post
unbound-1.24.1/testdata/dnstap_tls.tdir/dnstap_tls.conf
unbound-1.24.1/testdata/dnstap_tls.tdir/dnstap_tls.test
unbound-1.24.1/testdata/dnstap_tls.tdir/unbound_control.key
unbound-1.24.1/testdata/subnet_noecs_mult.crpl
unbound-1.24.1/testdata/val_nodata_zonecut.rpl
unbound-1.24.1/testdata/rpz_cname_tag.rpl
unbound-1.24.1/testdata/val_nodata.rpl
unbound-1.24.1/testdata/fetch_glue_cname.rpl
unbound-1.24.1/testdata/val_stub_noroot.rpl
unbound-1.24.1/testdata/cachedb_subnet_toecs_timeout.crpl
unbound-1.24.1/testdata/val_unalgo_ds.rpl
unbound-1.24.1/testdata/zonemd.example_a1.zone
unbound-1.24.1/testdata/val_cnametodname.rpl
unbound-1.24.1/testdata/val_twocname.rpl
unbound-1.24.1/testdata/rpz_axfr.rpl
unbound-1.24.1/testdata/val_adbit.rpl
unbound-1.24.1/testdata/speed_cache.tdir/
unbound-1.24.1/testdata/speed_cache.tdir/speed_cache.post
unbound-1.24.1/testdata/speed_cache.tdir/makeqs.c
unbound-1.24.1/testdata/speed_cache.tdir/makeqs.sh
unbound-1.24.1/testdata/speed_cache.tdir/speed_cache.testns
unbound-1.24.1/testdata/speed_cache.tdir/speed_cache.test
unbound-1.24.1/testdata/speed_cache.tdir/speed_cache.pre
unbound-1.24.1/testdata/speed_cache.tdir/speed_cache.dsc
unbound-1.24.1/testdata/speed_cache.tdir/speed_cache.conf
unbound-1.24.1/testdata/val_nodata_ent.rpl
unbound-1.24.1/testdata/auth_xfr_ixfr.rpl
unbound-1.24.1/testdata/autotrust_init_ds.rpl
unbound-1.24.1/testdata/val_nx_nowc.rpl
unbound-1.24.1/testdata/auth_zonemd_xfr_chain_keyinxfr.rpl
unbound-1.24.1/testdata/tcp_req_timeout.tdir/
unbound-1.24.1/testdata/tcp_req_timeout.tdir/tcp_req_timeout.conf
unbound-1.24.1/testdata/tcp_req_timeout.tdir/tcp_req_timeout.pre
unbound-1.24.1/testdata/tcp_req_timeout.tdir/tcp_req_timeout.dsc
unbound-1.24.1/testdata/tcp_req_timeout.tdir/tcp_req_timeout.testns
unbound-1.24.1/testdata/tcp_req_timeout.tdir/tcp_req_timeout.test
unbound-1.24.1/testdata/tcp_req_timeout.tdir/tcp_req_timeout.post
unbound-1.24.1/testdata/fwd_notcached.rpl
unbound-1.24.1/testdata/fwd_bogus.tdir/
unbound-1.24.1/testdata/fwd_bogus.tdir/unbound_server.pem
unbound-1.24.1/testdata/fwd_bogus.tdir/unbound_control.pem
unbound-1.24.1/testdata/fwd_bogus.tdir/fwd_bogus.dsc
unbound-1.24.1/testdata/fwd_bogus.tdir/fwd_bogus.pre
unbound-1.24.1/testdata/fwd_bogus.tdir/unbound_server.key
unbound-1.24.1/testdata/fwd_bogus.tdir/fwd_bogus.testns
unbound-1.24.1/testdata/fwd_bogus.tdir/fwd_bogus.conf
unbound-1.24.1/testdata/fwd_bogus.tdir/fwd_bogus.test
unbound-1.24.1/testdata/fwd_bogus.tdir/fwd_bogus.post
unbound-1.24.1/testdata/fwd_bogus.tdir/unbound_control.key
unbound-1.24.1/testdata/rpz_clientip_override.rpl
unbound-1.24.1/testdata/autotrust_init_zsk.rpl
unbound-1.24.1/testdata/val_nsec3_b3_optout_noce.rpl
unbound-1.24.1/testdata/iter_cycle.rpl
unbound-1.24.1/testdata/tls_reuse.tdir/
unbound-1.24.1/testdata/tls_reuse.tdir/tls_reuse.test
unbound-1.24.1/testdata/tls_reuse.tdir/tls_reuse.dsc
unbound-1.24.1/testdata/tls_reuse.tdir/unbound_server.pem
unbound-1.24.1/testdata/tls_reuse.tdir/unbound_control.pem
unbound-1.24.1/testdata/tls_reuse.tdir/tls_reuse.pre
unbound-1.24.1/testdata/tls_reuse.tdir/tls_reuse.post
unbound-1.24.1/testdata/tls_reuse.tdir/unbound_server.key
unbound-1.24.1/testdata/tls_reuse.tdir/tls_reuse.conf2
unbound-1.24.1/testdata/tls_reuse.tdir/tls_reuse.conf
unbound-1.24.1/testdata/tls_reuse.tdir/unbound_control.key
unbound-1.24.1/testdata/val_nodatawc_badce.rpl
unbound-1.24.1/testdata/iter_unverified_glue.rpl
unbound-1.24.1/testdata/rrset_rettl.rpl
unbound-1.24.1/testdata/val_nsec3_nods.rpl
unbound-1.24.1/testdata/auth_zonemd_permissive_mode.rpl
unbound-1.24.1/testdata/iter_ds_locate_ns_detach.rpl
unbound-1.24.1/testdata/fwd_any.rpl
unbound-1.24.1/testdata/val_ds_afterprime.rpl
unbound-1.24.1/testdata/val_any_negcache.rpl
unbound-1.24.1/testdata/iter_nat64.rpl
unbound-1.24.1/testdata/tcp_conn_limit.tdir/
unbound-1.24.1/testdata/tcp_conn_limit.tdir/tcp_conn_limit.conf
unbound-1.24.1/testdata/tcp_conn_limit.tdir/tcp_conn_limit.dsc
unbound-1.24.1/testdata/tcp_conn_limit.tdir/tcp_conn_limit.post
unbound-1.24.1/testdata/tcp_conn_limit.tdir/tcp_conn_limit.test
unbound-1.24.1/testdata/tcp_conn_limit.tdir/tcp_conn_limit.pre
unbound-1.24.1/testdata/tcp_conn_limit.tdir/tcp_conn_limit.testns
unbound-1.24.1/testdata/zonemd.example_a3.zone
unbound-1.24.1/testdata/fwd_minimal.rpl
unbound-1.24.1/testdata/serve_expired_0ttl_servfail.rpl
unbound-1.24.1/testdata/iter_dp_ip6useless.rpl
unbound-1.24.1/testdata/zonemd.example17.zone
unbound-1.24.1/testdata/zonemd.example6.zone
unbound-1.24.1/testdata/Kexample.com.+005+55582.ds
unbound-1.24.1/testdata/val_cnamewctonx.rpl
unbound-1.24.1/testdata/iter_prefetch_fail.rpl
unbound-1.24.1/testdata/test_ds.sha384
unbound-1.24.1/testdata/dns_error_reporting.rpl
unbound-1.24.1/testdata/val_nsec3_optout_ad.rpl
unbound-1.24.1/testdata/test_ldnsrr.3
unbound-1.24.1/testdata/zonemd.example8.zone
unbound-1.24.1/testdata/fwd_jostle.rpl
unbound-1.24.1/testdata/val_negcache_nta.rpl
unbound-1.24.1/testdata/val_dname_twice.rpl
unbound-1.24.1/testdata/ipsecmod_ignore_bogus_ipseckey.crpl
unbound-1.24.1/testdata/rrset_untrusted.rpl
unbound-1.24.1/testdata/autotrust_missing_all.rpl
unbound-1.24.1/testdata/val_faildnskey.rpl
unbound-1.24.1/testdata/08-host-lib.tdir/
unbound-1.24.1/testdata/08-host-lib.tdir/08-host-lib.post
unbound-1.24.1/testdata/08-host-lib.tdir/08-host-lib.pre
unbound-1.24.1/testdata/08-host-lib.tdir/08-host-lib.dsc
unbound-1.24.1/testdata/08-host-lib.tdir/08-host-lib.testns
unbound-1.24.1/testdata/08-host-lib.tdir/08-host-lib.hosts
unbound-1.24.1/testdata/08-host-lib.tdir/08-host-lib.test
unbound-1.24.1/testdata/edns_cache.tdir/
unbound-1.24.1/testdata/edns_cache.tdir/edns_cache.pre
unbound-1.24.1/testdata/edns_cache.tdir/edns_cache.test
unbound-1.24.1/testdata/edns_cache.tdir/edns_cache.dsc
unbound-1.24.1/testdata/edns_cache.tdir/edns_cache.conf
unbound-1.24.1/testdata/edns_cache.tdir/edns_cache.stub2
unbound-1.24.1/testdata/edns_cache.tdir/edns_cache.stub1
unbound-1.24.1/testdata/edns_cache.tdir/edns_cache.post
unbound-1.24.1/testdata/val_dnameqtype.rpl
unbound-1.24.1/testdata/val_cnametodnametocnametopos.rpl
unbound-1.24.1/testdata/val_stubds.rpl
unbound-1.24.1/testdata/val_cnameqtype_qmin.rpl
unbound-1.24.1/testdata/rpz_cname_handle.rpl
unbound-1.24.1/testdata/autotrust_addpend_once.rpl
unbound-1.24.1/testdata/iter_resolve_minimised_timeout.rpl
unbound-1.24.1/testdata/local_ds.rpl
unbound-1.24.1/testdata/val_cnametooptin.rpl
unbound-1.24.1/testdata/04-checkconf.tdir/
unbound-1.24.1/testdata/04-checkconf.tdir/good.ifport
unbound-1.24.1/testdata/04-checkconf.tdir/bad.include-toplevel.2
unbound-1.24.1/testdata/04-checkconf.tdir/include.withoutclauses.2
unbound-1.24.1/testdata/04-checkconf.tdir/include.includetop.withoutclauses.1
unbound-1.24.1/testdata/04-checkconf.tdir/bad.include-toplevel.7
unbound-1.24.1/testdata/04-checkconf.tdir/include.withoutclauses.1
unbound-1.24.1/testdata/04-checkconf.tdir/include.include.withclauses.2
unbound-1.24.1/testdata/04-checkconf.tdir/include.withsomeclauses.1
unbound-1.24.1/testdata/04-checkconf.tdir/bad.proxy-and-https
unbound-1.24.1/testdata/04-checkconf.tdir/good.all
unbound-1.24.1/testdata/04-checkconf.tdir/include.withclauses.2
unbound-1.24.1/testdata/04-checkconf.tdir/include.includetop.withclauses.1
unbound-1.24.1/testdata/04-checkconf.tdir/bad.proxy-and-dnscrypt
unbound-1.24.1/testdata/04-checkconf.tdir/include.include.withoutclauses.1
unbound-1.24.1/testdata/04-checkconf.tdir/include.withclauses.1
unbound-1.24.1/testdata/04-checkconf.tdir/include.withsomeclauses.2
unbound-1.24.1/testdata/04-checkconf.tdir/include.include.withoutclauses.3
unbound-1.24.1/testdata/04-checkconf.tdir/include.withoutclauses.3
unbound-1.24.1/testdata/04-checkconf.tdir/bad.badif
unbound-1.24.1/testdata/04-checkconf.tdir/bad.include-toplevel.4
unbound-1.24.1/testdata/04-checkconf.tdir/bad.bind
unbound-1.24.1/testdata/04-checkconf.tdir/bad.badfwd
unbound-1.24.1/testdata/04-checkconf.tdir/04-checkconf.test
unbound-1.24.1/testdata/04-checkconf.tdir/include.includetop.withclauses.3
unbound-1.24.1/testdata/04-checkconf.tdir/include.withsomeclauses.3
unbound-1.24.1/testdata/04-checkconf.tdir/good.include
unbound-1.24.1/testdata/04-checkconf.tdir/include.include.withclauses.3
unbound-1.24.1/testdata/04-checkconf.tdir/include.includetop.withclauses.2
unbound-1.24.1/testdata/04-checkconf.tdir/bad.include-toplevel.5
unbound-1.24.1/testdata/04-checkconf.tdir/include.include.withoutclauses.2
unbound-1.24.1/testdata/04-checkconf.tdir/bad.badip
unbound-1.24.1/testdata/04-checkconf.tdir/bad.include-toplevel.3
unbound-1.24.1/testdata/04-checkconf.tdir/bad.dscp
unbound-1.24.1/testdata/04-checkconf.tdir/bad.include-toplevel.1
unbound-1.24.1/testdata/04-checkconf.tdir/bad.user
unbound-1.24.1/testdata/04-checkconf.tdir/include.include.withclauses.1
unbound-1.24.1/testdata/04-checkconf.tdir/bad.include-toplevel.6
unbound-1.24.1/testdata/04-checkconf.tdir/include.includetop.withoutclauses.3
unbound-1.24.1/testdata/04-checkconf.tdir/good.min
unbound-1.24.1/testdata/04-checkconf.tdir/04-checkconf.dsc
unbound-1.24.1/testdata/04-checkconf.tdir/include.includetop.withoutclauses.2
unbound-1.24.1/testdata/04-checkconf.tdir/good.include-toplevel
unbound-1.24.1/testdata/04-checkconf.tdir/include.withclauses.3
unbound-1.24.1/testdata/04-checkconf.tdir/warn.algo
unbound-1.24.1/testdata/tcp_sigpipe.tdir/
unbound-1.24.1/testdata/tcp_sigpipe.tdir/tcp_sigpipe.dsc
unbound-1.24.1/testdata/tcp_sigpipe.tdir/tcp_sigpipe.pre
unbound-1.24.1/testdata/tcp_sigpipe.tdir/tcp_sigpipe.test
unbound-1.24.1/testdata/tcp_sigpipe.tdir/tcp_sigpipe.testns
unbound-1.24.1/testdata/tcp_sigpipe.tdir/tcp_sigpipe.conf
unbound-1.24.1/testdata/tcp_sigpipe.tdir/tcp_sigpipe.post
unbound-1.24.1/testdata/val_nsec3_b5_wcnodata_noce.rpl
unbound-1.24.1/testdata/01-doc.tdir/
unbound-1.24.1/testdata/01-doc.tdir/01-doc.dsc
unbound-1.24.1/testdata/01-doc.tdir/01-doc.test
unbound-1.24.1/testdata/val_ans_nx.rpl
unbound-1.24.1/testdata/nomem_cnametopos.rpl
unbound-1.24.1/testdata/ttl_max_negative.rpl
unbound-1.24.1/testdata/test_ldnsrr.c3
unbound-1.24.1/testdata/dnstap.tdir/
unbound-1.24.1/testdata/dnstap.tdir/unbound_server.pem
unbound-1.24.1/testdata/dnstap.tdir/dnstap.pre
unbound-1.24.1/testdata/dnstap.tdir/unbound_control.pem
unbound-1.24.1/testdata/dnstap.tdir/dnstap.testns
unbound-1.24.1/testdata/dnstap.tdir/unbound_server.key
unbound-1.24.1/testdata/dnstap.tdir/dnstap.conf
unbound-1.24.1/testdata/dnstap.tdir/dnstap.dsc
unbound-1.24.1/testdata/dnstap.tdir/dnstap.test
unbound-1.24.1/testdata/dnstap.tdir/dnstap.post
unbound-1.24.1/testdata/dnstap.tdir/unbound_control.key
unbound-1.24.1/testdata/auth_tls_failcert.tdir/
unbound-1.24.1/testdata/auth_tls_failcert.tdir/auth_tls_failcert.dsc
unbound-1.24.1/testdata/auth_tls_failcert.tdir/unbound_server.pem
unbound-1.24.1/testdata/auth_tls_failcert.tdir/nsd_server.key
unbound-1.24.1/testdata/auth_tls_failcert.tdir/auth_tls_failcert.ub.conf
unbound-1.24.1/testdata/auth_tls_failcert.tdir/auth_tls_failcert.post
unbound-1.24.1/testdata/auth_tls_failcert.tdir/auth_tls_failcert.nsd.conf
unbound-1.24.1/testdata/auth_tls_failcert.tdir/auth_tls_failcert.test
unbound-1.24.1/testdata/auth_tls_failcert.tdir/unbound_server.key
unbound-1.24.1/testdata/auth_tls_failcert.tdir/nsd_server.pem
unbound-1.24.1/testdata/auth_tls_failcert.tdir/example.com.zone
unbound-1.24.1/testdata/auth_tls_failcert.tdir/auth_tls_failcert.pre
unbound-1.24.1/testdata/iter_scrub_ns_side.rpl
unbound-1.24.1/testdata/val_faildnskey_ok.rpl
unbound-1.24.1/testdata/Kexample.com.+007+57024.private
unbound-1.24.1/testdata/fwd_edns_probe.tdir/
unbound-1.24.1/testdata/fwd_edns_probe.tdir/fwd_edns_probe.post
unbound-1.24.1/testdata/fwd_edns_probe.tdir/fwd_edns_probe.pre
unbound-1.24.1/testdata/fwd_edns_probe.tdir/fwd_edns_probe.conf
unbound-1.24.1/testdata/fwd_edns_probe.tdir/fwd_edns_probe.test
unbound-1.24.1/testdata/fwd_edns_probe.tdir/fwd_edns_probe.testns
unbound-1.24.1/testdata/fwd_edns_probe.tdir/fwd_edns_probe.dsc
unbound-1.24.1/testdata/iter_dp_turnsuseless.rpl
unbound-1.24.1/testdata/auth_zonemd_xfr_chain.rpl
unbound-1.24.1/testdata/fast_reload_fwd.tdir/
unbound-1.24.1/testdata/fast_reload_fwd.tdir/fast_reload_fwd.ns1
unbound-1.24.1/testdata/fast_reload_fwd.tdir/fast_reload_fwd.test
unbound-1.24.1/testdata/fast_reload_fwd.tdir/auth2.zone
unbound-1.24.1/testdata/fast_reload_fwd.tdir/fast_reload_fwd.pre
unbound-1.24.1/testdata/fast_reload_fwd.tdir/fast_reload_fwd.ns2
unbound-1.24.1/testdata/fast_reload_fwd.tdir/fast_reload_fwd.post
unbound-1.24.1/testdata/fast_reload_fwd.tdir/fast_reload_fwd.dsc
unbound-1.24.1/testdata/fast_reload_fwd.tdir/auth1.zone
unbound-1.24.1/testdata/fast_reload_fwd.tdir/fast_reload_fwd.conf
unbound-1.24.1/testdata/fast_reload_fwd.tdir/fast_reload_fwd.conf2
unbound-1.24.1/testdata/serve_expired_client_timeout_val_bogus.rpl
unbound-1.24.1/testdata/test_sigs.revoked
unbound-1.24.1/testdata/05-asynclook.tdir/
unbound-1.24.1/testdata/05-asynclook.tdir/05-asynclook.testns
unbound-1.24.1/testdata/05-asynclook.tdir/05-asynclook.test
unbound-1.24.1/testdata/05-asynclook.tdir/05-asynclook.hosts
unbound-1.24.1/testdata/05-asynclook.tdir/05-asynclook.post
unbound-1.24.1/testdata/05-asynclook.tdir/05-asynclook.dsc
unbound-1.24.1/testdata/05-asynclook.tdir/05-asynclook.pre
unbound-1.24.1/testdata/val_nx.rpl
unbound-1.24.1/testdata/tcp_req_size.tdir/
unbound-1.24.1/testdata/tcp_req_size.tdir/tcp_req_size.post
unbound-1.24.1/testdata/tcp_req_size.tdir/tcp_req_size.conf
unbound-1.24.1/testdata/tcp_req_size.tdir/tcp_req_size.dsc
unbound-1.24.1/testdata/tcp_req_size.tdir/tcp_req_size.testns
unbound-1.24.1/testdata/tcp_req_size.tdir/tcp_req_size.test
unbound-1.24.1/testdata/tcp_req_size.tdir/tcp_req_size.pre
unbound-1.24.1/testdata/serve_expired_0ttl_nxdomain.rpl
unbound-1.24.1/testdata/test_nsec3_hash.1
unbound-1.24.1/testdata/stat_values.tdir/
unbound-1.24.1/testdata/stat_values.tdir/stat_values.testexpiredns
unbound-1.24.1/testdata/stat_values.tdir/unbound_server.pem
unbound-1.24.1/testdata/stat_values.tdir/stat_values.dsc
unbound-1.24.1/testdata/stat_values.tdir/stat_values.pre
unbound-1.24.1/testdata/stat_values.tdir/unbound_control.pem
unbound-1.24.1/testdata/stat_values.tdir/stat_values.conf
unbound-1.24.1/testdata/stat_values.tdir/unbound_server.key
unbound-1.24.1/testdata/stat_values.tdir/stat_values_downstream_cookies.conf
unbound-1.24.1/testdata/stat_values.tdir/stat_values.test
unbound-1.24.1/testdata/stat_values.tdir/stat_values.post
unbound-1.24.1/testdata/stat_values.tdir/stat_values.testns
unbound-1.24.1/testdata/stat_values.tdir/stat_values_discard_wait_limit.conf
unbound-1.24.1/testdata/stat_values.tdir/stat_values_cachedb.conf
unbound-1.24.1/testdata/stat_values.tdir/unbound_control.key
unbound-1.24.1/testdata/iter_fwdfirstequaltcp.rpl
unbound-1.24.1/testdata/nsid_bogus.rpl
unbound-1.24.1/testdata/val_deleg_nons.rpl
unbound-1.24.1/testdata/val_nsec3_nods_negcache.rpl
unbound-1.24.1/testdata/iter_lamescrub.rpl
unbound-1.24.1/testdata/val_qds_twoanc.rpl
unbound-1.24.1/testdata/val_noadwhennodo.rpl
unbound-1.24.1/testdata/val_referd.rpl
unbound-1.24.1/testdata/fwd_jostle_out.rpl
unbound-1.24.1/testdata/val_cname_loop3.rpl
unbound-1.24.1/testdata/edns_attached_once_per_upstream.rpl
unbound-1.24.1/testdata/dnstap_tls_badname.tdir/
unbound-1.24.1/testdata/dnstap_tls_badname.tdir/dnstap_tls_badname.post
unbound-1.24.1/testdata/dnstap_tls_badname.tdir/unbound_server.pem
unbound-1.24.1/testdata/dnstap_tls_badname.tdir/dnstap_tls_badname.dsc
unbound-1.24.1/testdata/dnstap_tls_badname.tdir/unbound_control.pem
unbound-1.24.1/testdata/dnstap_tls_badname.tdir/dnstap_tls_badname.test
unbound-1.24.1/testdata/dnstap_tls_badname.tdir/dnstap_tls_badname.testns
unbound-1.24.1/testdata/dnstap_tls_badname.tdir/dnstap_tls_badname.conf
unbound-1.24.1/testdata/dnstap_tls_badname.tdir/unbound_server.key
unbound-1.24.1/testdata/dnstap_tls_badname.tdir/dnstap_tls_badname.pre
unbound-1.24.1/testdata/dnstap_tls_badname.tdir/unbound_control.key
unbound-1.24.1/testdata/autotrust_10key.rpl
unbound-1.24.1/testdata/rpz_nsip_override.rpl
unbound-1.24.1/testdata/auth_zonefile_noup.rpl
unbound-1.24.1/testdata/test_signatures.2
unbound-1.24.1/testdata/doh_downstream_notls.tdir/
unbound-1.24.1/testdata/doh_downstream_notls.tdir/doh_downstream_notls.testns
unbound-1.24.1/testdata/doh_downstream_notls.tdir/doh_downstream_notls.post
unbound-1.24.1/testdata/doh_downstream_notls.tdir/unbound_server.pem
unbound-1.24.1/testdata/doh_downstream_notls.tdir/doh_downstream_notls.conf
unbound-1.24.1/testdata/doh_downstream_notls.tdir/doh_downstream_notls.test
unbound-1.24.1/testdata/doh_downstream_notls.tdir/doh_downstream_notls.pre
unbound-1.24.1/testdata/doh_downstream_notls.tdir/unbound_server.key
unbound-1.24.1/testdata/doh_downstream_notls.tdir/doh_downstream_notls.dsc
unbound-1.24.1/testdata/iter_resolve.rpl
unbound-1.24.1/testdata/val_dsnsec.rpl
unbound-1.24.1/testdata/ede.tdir/
unbound-1.24.1/testdata/ede.tdir/ede.dsc
unbound-1.24.1/testdata/ede.tdir/bogus/
unbound-1.24.1/testdata/ede.tdir/bogus/rrsig-failures.test.signed
unbound-1.24.1/testdata/ede.tdir/bogus/dnskey-failures.test.signed
unbound-1.24.1/testdata/ede.tdir/bogus/dnskey-failures.test
unbound-1.24.1/testdata/ede.tdir/bogus/trust-anchors
unbound-1.24.1/testdata/ede.tdir/bogus/nsec-failures.test
unbound-1.24.1/testdata/ede.tdir/bogus/make-broken-zone.sh
unbound-1.24.1/testdata/ede.tdir/bogus/dnssec-failures.test
unbound-1.24.1/testdata/ede.tdir/bogus/nsec-failures.test.signed
unbound-1.24.1/testdata/ede.tdir/bogus/rrsig-failures.test
unbound-1.24.1/testdata/ede.tdir/bogus/dnssec-failures.test.signed
unbound-1.24.1/testdata/ede.tdir/ede.post
unbound-1.24.1/testdata/ede.tdir/ede.conf
unbound-1.24.1/testdata/ede.tdir/ede-auth.conf
unbound-1.24.1/testdata/ede.tdir/ede.pre
unbound-1.24.1/testdata/ede.tdir/ede.test
unbound-1.24.1/testdata/stream_ssl.tdir/
unbound-1.24.1/testdata/stream_ssl.tdir/unbound_server.pem
unbound-1.24.1/testdata/stream_ssl.tdir/stream_ssl.test
unbound-1.24.1/testdata/stream_ssl.tdir/ticket1.dat
unbound-1.24.1/testdata/stream_ssl.tdir/ticket2.dat
unbound-1.24.1/testdata/stream_ssl.tdir/unbound_control.pem
unbound-1.24.1/testdata/stream_ssl.tdir/stream_ssl.post
unbound-1.24.1/testdata/stream_ssl.tdir/stream_ssl.clie.conf
unbound-1.24.1/testdata/stream_ssl.tdir/stream_ssl.serv.conf
unbound-1.24.1/testdata/stream_ssl.tdir/unbound_server.key
unbound-1.24.1/testdata/stream_ssl.tdir/stream_ssl.pre
unbound-1.24.1/testdata/stream_ssl.tdir/stream_ssl.dsc
unbound-1.24.1/testdata/stream_ssl.tdir/unbound_control.key
unbound-1.24.1/testdata/iter_dnsseclame_ta.rpl
unbound-1.24.1/testdata/iter_resolve_minimised_refused.rpl
unbound-1.24.1/testdata/auth_zonefile_dnssec_fail.rpl
unbound-1.24.1/testdata/autotrust_revtp_read.rpl
unbound-1.24.1/testdata/iter_stub_noroot.rpl
unbound-1.24.1/testdata/auth_zonemd_chain.rpl
unbound-1.24.1/testdata/07-confroot.tdir/
unbound-1.24.1/testdata/07-confroot.tdir/07-confroot.dsc
unbound-1.24.1/testdata/07-confroot.tdir/07-confroot.pre
unbound-1.24.1/testdata/07-confroot.tdir/07-confroot.test
unbound-1.24.1/testdata/00-lint.tdir/
unbound-1.24.1/testdata/00-lint.tdir/00-lint.dsc
unbound-1.24.1/testdata/00-lint.tdir/00-lint.test
unbound-1.24.1/testdata/00-lint.tdir/00-lint.pre
unbound-1.24.1/testdata/auth_zonemd_anchor.rpl
unbound-1.24.1/testdata/val_entds.rpl
unbound-1.24.1/testdata/val_ta_algo_dnskey_dp.rpl
unbound-1.24.1/testdata/iter_nxns_parentside.rpl
unbound-1.24.1/testdata/val_positive_nosigs.rpl
unbound-1.24.1/testdata/val_nsec3_cname_par.rpl
unbound-1.24.1/testdata/serve_expired_ttl_reset.rpl
unbound-1.24.1/testdata/test_packets.7
unbound-1.24.1/testdata/speed_local.tdir/
unbound-1.24.1/testdata/speed_local.tdir/speed_local.test
unbound-1.24.1/testdata/speed_local.tdir/speed_local.dsc
unbound-1.24.1/testdata/speed_local.tdir/speed_local.pre
unbound-1.24.1/testdata/speed_local.tdir/speed_local.testns
unbound-1.24.1/testdata/speed_local.tdir/speed_local.conf
unbound-1.24.1/testdata/speed_local.tdir/speed_local.post
unbound-1.24.1/testdata/fwd_tcp.tdir/
unbound-1.24.1/testdata/fwd_tcp.tdir/fwd_tcp.post
unbound-1.24.1/testdata/fwd_tcp.tdir/fwd_tcp.conf
unbound-1.24.1/testdata/fwd_tcp.tdir/fwd_tcp.pre
unbound-1.24.1/testdata/fwd_tcp.tdir/fwd_tcp.dsc
unbound-1.24.1/testdata/fwd_tcp.tdir/fwd_tcp.testns
unbound-1.24.1/testdata/fwd_tcp.tdir/fwd_tcp.test
unbound-1.24.1/testdata/fwd_udp.tdir/
unbound-1.24.1/testdata/fwd_udp.tdir/fwd_udp.post
unbound-1.24.1/testdata/fwd_udp.tdir/fwd_udp.conf
unbound-1.24.1/testdata/fwd_udp.tdir/fwd_udp.pre
unbound-1.24.1/testdata/fwd_udp.tdir/fwd_udp.dsc
unbound-1.24.1/testdata/fwd_udp.tdir/fwd_udp.testns
unbound-1.24.1/testdata/fwd_udp.tdir/fwd_udp.test
unbound-1.24.1/testdata/val_ta_algo_dnskey.rpl
unbound-1.24.1/testdata/black_dnskey.rpl
unbound-1.24.1/testdata/rpz_respip.rpl
unbound-1.24.1/testdata/subnet_cached_ede.crpl
unbound-1.24.1/testdata/ede_localzone_dname_expansion.rpl
unbound-1.24.1/testdata/iter_pcdirect.rpl
unbound-1.24.1/testdata/val_nsec3_nodatawccname.rpl
unbound-1.24.1/testdata/iter_cname_nx.rpl
unbound-1.24.1/testdata/09-unbound-control.tdir/
unbound-1.24.1/testdata/09-unbound-control.tdir/09-unbound-control.post
unbound-1.24.1/testdata/09-unbound-control.tdir/local_zones
unbound-1.24.1/testdata/09-unbound-control.tdir/local_data_remove
unbound-1.24.1/testdata/09-unbound-control.tdir/09-unbound-control.pre
unbound-1.24.1/testdata/09-unbound-control.tdir/unbound_server.pem
unbound-1.24.1/testdata/09-unbound-control.tdir/09-unbound-control.testns
unbound-1.24.1/testdata/09-unbound-control.tdir/bad_control.pem
unbound-1.24.1/testdata/09-unbound-control.tdir/unbound_control.pem
unbound-1.24.1/testdata/09-unbound-control.tdir/bad_server.pem
unbound-1.24.1/testdata/09-unbound-control.tdir/view_local_data
unbound-1.24.1/testdata/09-unbound-control.tdir/local_data
unbound-1.24.1/testdata/09-unbound-control.tdir/09-unbound-control.dsc
unbound-1.24.1/testdata/09-unbound-control.tdir/09-unbound-control.conf
unbound-1.24.1/testdata/09-unbound-control.tdir/unbound_server.key
unbound-1.24.1/testdata/09-unbound-control.tdir/bad_control.key
unbound-1.24.1/testdata/09-unbound-control.tdir/conf.bad_credentials
unbound-1.24.1/testdata/09-unbound-control.tdir/view_local_data_remove
unbound-1.24.1/testdata/09-unbound-control.tdir/09-unbound-control.test
unbound-1.24.1/testdata/09-unbound-control.tdir/bad_server.key
unbound-1.24.1/testdata/09-unbound-control.tdir/unbound_control.key
unbound-1.24.1/testdata/09-unbound-control.tdir/local_zones_remove
unbound-1.24.1/testdata/09-unbound-control.tdir/conf.spoofed_credentials
unbound-1.24.1/testdata/test_sigs.ed25519
unbound-1.24.1/testdata/localdata.rpl
unbound-1.24.1/testdata/fwd_capsid_strip.tdir/
unbound-1.24.1/testdata/fwd_capsid_strip.tdir/fwd_capsid_strip.dsc
unbound-1.24.1/testdata/fwd_capsid_strip.tdir/fwd_capsid_strip.testns2
unbound-1.24.1/testdata/fwd_capsid_strip.tdir/fwd_capsid_strip.test
unbound-1.24.1/testdata/fwd_capsid_strip.tdir/fwd_capsid_strip.conf
unbound-1.24.1/testdata/fwd_capsid_strip.tdir/fwd_capsid_strip.testns
unbound-1.24.1/testdata/fwd_capsid_strip.tdir/fwd_capsid_strip.post
unbound-1.24.1/testdata/fwd_capsid_strip.tdir/fwd_capsid_strip.pre
unbound-1.24.1/testdata/Kexample.com.+012+60385.ds
unbound-1.24.1/testdata/iter_pcname.rpl
unbound-1.24.1/testdata/iter_dnsseclame_ds_ok.rpl
unbound-1.24.1/testdata/fwd_waitudp.tdir/
unbound-1.24.1/testdata/fwd_waitudp.tdir/fwd_waitudp.dsc
unbound-1.24.1/testdata/fwd_waitudp.tdir/fwd_waitudp.post
unbound-1.24.1/testdata/fwd_waitudp.tdir/fwd_waitudp.testns
unbound-1.24.1/testdata/fwd_waitudp.tdir/fwd_waitudp.test
unbound-1.24.1/testdata/fwd_waitudp.tdir/fwd_waitudp.conf
unbound-1.24.1/testdata/fwd_waitudp.tdir/fwd_waitudp.pre
unbound-1.24.1/testdata/val_cnametonodata_nonsec.rpl
unbound-1.24.1/testdata/iter_fwdstubauth.rpl
unbound-1.24.1/testdata/test_packets.9
unbound-1.24.1/testdata/edns_client_string.rpl
unbound-1.24.1/testdata/Kexample.com.+007+57024.ds
unbound-1.24.1/testdata/stop_nxdomain_minimised.rpl
unbound-1.24.1/testdata/val_nsec3_b1_nameerror.rpl
unbound-1.24.1/testdata/autotrust_addpend_twice.rpl
unbound-1.24.1/testdata/autotrust_revtp_use.rpl
unbound-1.24.1/testdata/ttl_min.rpl
unbound-1.24.1/testdata/refuse_xfr.rpl
unbound-1.24.1/testdata/iter_pcnamechrec.rpl
unbound-1.24.1/testdata/serve_expired_zerottl.rpl
unbound-1.24.1/testdata/val_unalgo_anchor.rpl
unbound-1.24.1/testdata/iter_ranoaa_lame.rpl
unbound-1.24.1/testdata/val_cnametoposwc.rpl
unbound-1.24.1/testdata/auth_xfr_probesoa.rpl
unbound-1.24.1/testdata/val_ds_gost.crpl
unbound-1.24.1/testdata/val_cnametooptout.rpl
unbound-1.24.1/testdata/val_cnametonx.rpl
unbound-1.24.1/testdata/val_cname_loop1.rpl
unbound-1.24.1/testdata/val_nsec3_b5_wcnodata.rpl
unbound-1.24.1/testdata/iter_privaddr.rpl
unbound-1.24.1/testdata/iter_timeout_ra_aaaa.rpl
unbound-1.24.1/testdata/iter_dnsseclame_bug.rpl
unbound-1.24.1/testdata/iter_emptydp.rpl
unbound-1.24.1/testdata/val_negcache_nodata.rpl
unbound-1.24.1/testdata/edns_keepalive.rpl
unbound-1.24.1/testdata/auth_zonemd_chain_fail.rpl
unbound-1.24.1/testdata/Kexample.com.+008+01443.ds
unbound-1.24.1/testdata/test_packets.3
unbound-1.24.1/testdata/zonemd.example_a4.zone
unbound-1.24.1/testdata/Kexample.com.+008+55566.key
unbound-1.24.1/testdata/fwd_no_edns.tdir/
unbound-1.24.1/testdata/fwd_no_edns.tdir/fwd_no_edns.testns
unbound-1.24.1/testdata/fwd_no_edns.tdir/fwd_no_edns.test
unbound-1.24.1/testdata/fwd_no_edns.tdir/fwd_no_edns.conf
unbound-1.24.1/testdata/fwd_no_edns.tdir/fwd_no_edns.pre
unbound-1.24.1/testdata/fwd_no_edns.tdir/fwd_no_edns.dsc
unbound-1.24.1/testdata/fwd_no_edns.tdir/fwd_no_edns.post
unbound-1.24.1/testdata/zonemd.example5.zone
unbound-1.24.1/testdata/iter_dname_yx.rpl
unbound-1.24.1/testdata/iter_failreply.rpl
unbound-1.24.1/testdata/val_nodatawc_one.rpl
unbound-1.24.1/testdata/rpz_ixfr.rpl
unbound-1.24.1/testdata/subnet_cached.crpl
unbound-1.24.1/testdata/autotrust_init_failsig.rpl
unbound-1.24.1/testdata/03-testbound.tdir/
unbound-1.24.1/testdata/03-testbound.tdir/03-testbound.dsc
unbound-1.24.1/testdata/03-testbound.tdir/03-testbound.test
unbound-1.24.1/testdata/iter_fwdstubroot.rpl
unbound-1.24.1/testdata/subnet_derived.crpl
unbound-1.24.1/testdata/subnet_prefetch.crpl
unbound-1.24.1/testdata/test_sigs.ecdsa_p256
unbound-1.24.1/testdata/val_nsec3_b4_wild_wr.rpl
unbound-1.24.1/testdata/val_secds_nosig.rpl
unbound-1.24.1/testdata/iter_ds_referral.rpl
unbound-1.24.1/testdata/proxy_protocol.tdir/
unbound-1.24.1/testdata/proxy_protocol.tdir/proxy_protocol.conf
unbound-1.24.1/testdata/proxy_protocol.tdir/unbound_server.pem
unbound-1.24.1/testdata/proxy_protocol.tdir/proxy_protocol.dsc
unbound-1.24.1/testdata/proxy_protocol.tdir/proxy_protocol.test.scenario
unbound-1.24.1/testdata/proxy_protocol.tdir/proxy_protocol.testns
unbound-1.24.1/testdata/proxy_protocol.tdir/proxy_protocol.post
unbound-1.24.1/testdata/proxy_protocol.tdir/unbound_server.key
unbound-1.24.1/testdata/proxy_protocol.tdir/proxy_protocol.pre
unbound-1.24.1/testdata/proxy_protocol.tdir/proxy_protocol.test
unbound-1.24.1/testdata/auth_axfr.tdir/
unbound-1.24.1/testdata/auth_axfr.tdir/auth_axfr.post
unbound-1.24.1/testdata/auth_axfr.tdir/auth_axfr.conf
unbound-1.24.1/testdata/auth_axfr.tdir/auth_axfr.dsc
unbound-1.24.1/testdata/auth_axfr.tdir/auth_axfr.test
unbound-1.24.1/testdata/auth_axfr.tdir/auth_axfr.pre
unbound-1.24.1/testdata/auth_axfr.tdir/auth_axfr.testns
unbound-1.24.1/testdata/auth_https.tdir/
unbound-1.24.1/testdata/auth_https.tdir/auth_https.pre
unbound-1.24.1/testdata/auth_https.tdir/auth_https.dsc
unbound-1.24.1/testdata/auth_https.tdir/petal.pem
unbound-1.24.1/testdata/auth_https.tdir/petal.key
unbound-1.24.1/testdata/auth_https.tdir/127.0.0.1/
unbound-1.24.1/testdata/auth_https.tdir/127.0.0.1/example.com.zone
unbound-1.24.1/testdata/auth_https.tdir/auth_https.post
unbound-1.24.1/testdata/auth_https.tdir/auth_https.conf
unbound-1.24.1/testdata/auth_https.tdir/auth_https.test
unbound-1.24.1/testdata/val_nsec3_nods_badopt.rpl
unbound-1.24.1/testdata/iter_pc_a.rpl
unbound-1.24.1/testdata/Kexample.com.+009+48886.key
unbound-1.24.1/testdata/subnet_global_prefetch.crpl
unbound-1.24.1/testdata/clang-analysis.tdir/
unbound-1.24.1/testdata/clang-analysis.tdir/clang-analysis.pre
unbound-1.24.1/testdata/clang-analysis.tdir/clang-analysis.dsc
unbound-1.24.1/testdata/clang-analysis.tdir/clang-analysis.test
unbound-1.24.1/testdata/10-unbound-anchor.tdir/
unbound-1.24.1/testdata/10-unbound-anchor.tdir/10-unbound-anchor.conf
unbound-1.24.1/testdata/10-unbound-anchor.tdir/K.+005+37348.key
unbound-1.24.1/testdata/10-unbound-anchor.tdir/K.+005+37348.private
unbound-1.24.1/testdata/10-unbound-anchor.tdir/test_cert.pem
unbound-1.24.1/testdata/10-unbound-anchor.tdir/10-unbound-anchor.post
unbound-1.24.1/testdata/10-unbound-anchor.tdir/10-unbound-anchor.testns
unbound-1.24.1/testdata/10-unbound-anchor.tdir/petal.pem
unbound-1.24.1/testdata/10-unbound-anchor.tdir/keys/
unbound-1.24.1/testdata/10-unbound-anchor.tdir/keys/unbound_server.pem
unbound-1.24.1/testdata/10-unbound-anchor.tdir/keys/test_cert.pem
unbound-1.24.1/testdata/10-unbound-anchor.tdir/keys/unbound_control.pem
unbound-1.24.1/testdata/10-unbound-anchor.tdir/keys/unbound-control-setup
unbound-1.24.1/testdata/10-unbound-anchor.tdir/keys/unbound_server.key
unbound-1.24.1/testdata/10-unbound-anchor.tdir/keys/test_cert.key
unbound-1.24.1/testdata/10-unbound-anchor.tdir/keys/unbound_control.key
unbound-1.24.1/testdata/10-unbound-anchor.tdir/10-unbound-anchor.dsc
unbound-1.24.1/testdata/10-unbound-anchor.tdir/petal.key
unbound-1.24.1/testdata/10-unbound-anchor.tdir/127.0.0.1/
unbound-1.24.1/testdata/10-unbound-anchor.tdir/127.0.0.1/no_more_keys.p7s
unbound-1.24.1/testdata/10-unbound-anchor.tdir/127.0.0.1/root.xml
unbound-1.24.1/testdata/10-unbound-anchor.tdir/127.0.0.1/no_more_keys.xml
unbound-1.24.1/testdata/10-unbound-anchor.tdir/127.0.0.1/bad.p7s
unbound-1.24.1/testdata/10-unbound-anchor.tdir/127.0.0.1/bad.xml
unbound-1.24.1/testdata/10-unbound-anchor.tdir/127.0.0.1/root.p7s
unbound-1.24.1/testdata/10-unbound-anchor.tdir/test_cert.key
unbound-1.24.1/testdata/10-unbound-anchor.tdir/signit
unbound-1.24.1/testdata/10-unbound-anchor.tdir/10-unbound-anchor.test
unbound-1.24.1/testdata/10-unbound-anchor.tdir/K.+005+37348.ds
unbound-1.24.1/testdata/10-unbound-anchor.tdir/10-unbound-anchor.pre
unbound-1.24.1/testdata/Kexample.com.+005+55582.private
unbound-1.24.1/testdata/auth_xfr_notify.rpl
unbound-1.24.1/testdata/iter_ds_reply.rpl
unbound-1.24.1/testdata/auth_xfr.rpl
unbound-1.24.1/testdata/serve_expired_ttl_client_timeout.rpl
unbound-1.24.1/testdata/iter_resolve_minimised.rpl
unbound-1.24.1/testdata/val_nsec3_b3_optout.rpl
unbound-1.24.1/testdata/test_ldnsrr.c5
unbound-1.24.1/testdata/iter_scrub_ns_fwd.rpl
unbound-1.24.1/testdata/serve_expired_client_timeout_servfail.rpl
unbound-1.24.1/testdata/iter_pcnamerec.rpl
unbound-1.24.1/testdata/serve_expired_0ttl_nodata.rpl
unbound-1.24.1/testdata/auth_nsec3_wild.rpl
unbound-1.24.1/testdata/autotrust_init.rpl
unbound-1.24.1/testdata/iter_recurse.rpl
unbound-1.24.1/testdata/iter_max_global_quota.rpl
unbound-1.24.1/testdata/val_nodata_hasdata.rpl
unbound-1.24.1/testdata/iter_scrub_dname_sec.rpl
unbound-1.24.1/testdata/rpz_nsdname.rpl
unbound-1.24.1/testdata/iter_lame_nosoa.rpl
unbound-1.24.1/testdata/val_negcache_nxdomain.rpl
unbound-1.24.1/testdata/val_nsec3_nods_soa.rpl
unbound-1.24.1/testdata/auth_zonemd_insecure_absent.rpl
unbound-1.24.1/testdata/version_bind_hide.rpl
unbound-1.24.1/testdata/views.rpl
unbound-1.24.1/testdata/dynlibmod.tdir/
unbound-1.24.1/testdata/dynlibmod.tdir/unbound_server.pem
unbound-1.24.1/testdata/dynlibmod.tdir/dynlibmod.dsc
unbound-1.24.1/testdata/dynlibmod.tdir/unbound_control.pem
unbound-1.24.1/testdata/dynlibmod.tdir/dynlibmod.conf
unbound-1.24.1/testdata/dynlibmod.tdir/dynlibmod.test
unbound-1.24.1/testdata/dynlibmod.tdir/unbound_server.key
unbound-1.24.1/testdata/dynlibmod.tdir/dynlibmod.post
unbound-1.24.1/testdata/dynlibmod.tdir/dynlibmod.testns
unbound-1.24.1/testdata/dynlibmod.tdir/dynlibmod.pre
unbound-1.24.1/testdata/dynlibmod.tdir/unbound_control.key
unbound-1.24.1/testdata/iter_cname_cache.rpl
unbound-1.24.1/testdata/auth_zonemd_xfr_anchor.rpl
unbound-1.24.1/testdata/fwd_udp_with_tcp_upstream.tdir/
unbound-1.24.1/testdata/fwd_udp_with_tcp_upstream.tdir/fwd_udp_with_tcp_upstream.post
unbound-1.24.1/testdata/fwd_udp_with_tcp_upstream.tdir/fwd_udp_with_tcp_upstream.pre
unbound-1.24.1/testdata/fwd_udp_with_tcp_upstream.tdir/fwd_udp_with_tcp_upstream.dsc
unbound-1.24.1/testdata/fwd_udp_with_tcp_upstream.tdir/fwd_udp_with_tcp_upstream.test
unbound-1.24.1/testdata/fwd_udp_with_tcp_upstream.tdir/fwd_udp_with_tcp_upstream.conf
unbound-1.24.1/testdata/fwd_udp_with_tcp_upstream.tdir/fwd_udp_with_tcp_upstream.testns
unbound-1.24.1/testdata/rpz_cached_cname.rpl
unbound-1.24.1/testdata/val_nsec3_wcany.rpl
unbound-1.24.1/testdata/tcp_req_order.tdir/
unbound-1.24.1/testdata/tcp_req_order.tdir/tcp_req_order.test
unbound-1.24.1/testdata/tcp_req_order.tdir/tcp_req_order.testns
unbound-1.24.1/testdata/tcp_req_order.tdir/tcp_req_order.pre
unbound-1.24.1/testdata/tcp_req_order.tdir/tcp_req_order.post
unbound-1.24.1/testdata/tcp_req_order.tdir/tcp_req_order.conf
unbound-1.24.1/testdata/tcp_req_order.tdir/tcp_req_order.dsc
unbound-1.24.1/testdata/val_nsec3_b21_nodataent.rpl
unbound-1.24.1/testdata/black_prime_entry.rpl
unbound-1.24.1/testdata/cachedb_expired.crpl
unbound-1.24.1/testdata/serve_expired_reply_ttl.rpl
unbound-1.24.1/testdata/auth_zonemd_insecure.rpl
unbound-1.24.1/testdata/iter_fwdfirstequal.rpl
unbound-1.24.1/testdata/Kexample.com.+009+48886.private
unbound-1.24.1/testdata/val_cnametocloser_nosig.rpl
unbound-1.24.1/testdata/autotrust_revoked_use.rpl
unbound-1.24.1/testdata/fwd_capsid.tdir/
unbound-1.24.1/testdata/fwd_capsid.tdir/fwd_capsid.testns
unbound-1.24.1/testdata/fwd_capsid.tdir/fwd_capsid.dsc
unbound-1.24.1/testdata/fwd_capsid.tdir/fwd_capsid.post
unbound-1.24.1/testdata/fwd_capsid.tdir/fwd_capsid.conf
unbound-1.24.1/testdata/fwd_capsid.tdir/fwd_capsid.test
unbound-1.24.1/testdata/fwd_capsid.tdir/fwd_capsid.pre
unbound-1.24.1/testdata/auth_nsec3_ent_with_out_of_zone_data.rpl
unbound-1.24.1/testdata/auth_zonefile_down.rpl
unbound-1.24.1/testdata/iter_scrub_dname_insec.rpl
unbound-1.24.1/testdata/ipset.tdir/
unbound-1.24.1/testdata/ipset.tdir/ipset.testns
unbound-1.24.1/testdata/ipset.tdir/ipset.conf
unbound-1.24.1/testdata/ipset.tdir/ipset.pre
unbound-1.24.1/testdata/ipset.tdir/ipset.test
unbound-1.24.1/testdata/ipset.tdir/ipset.post
unbound-1.24.1/testdata/ipset.tdir/ipset.dsc
unbound-1.24.1/testdata/test_sigs.rsasha256_draft
unbound-1.24.1/testdata/val_fwdds.rpl
unbound-1.24.1/testdata/acl.rpl
unbound-1.24.1/testdata/iter_primenoglue.rpl
unbound-1.24.1/testdata/subnet_noecs_refused.crpl
unbound-1.24.1/testdata/val_cnamewctoposwc.rpl
unbound-1.24.1/testdata/rpz_signal_nxdomain_ra.rpl
unbound-1.24.1/testdata/Kexample.com.+012+60385.private
unbound-1.24.1/testdata/chaos_trustanchor.rpl
unbound-1.24.1/testdata/test_signatures.4
unbound-1.24.1/testdata/fwd_error.rpl
unbound-1.24.1/testdata/val_unsec_cname.rpl
unbound-1.24.1/testdata/val_cnamenx_rcodenx.rpl
unbound-1.24.1/testdata/test_signatures.6
unbound-1.24.1/testdata/autotrust_addpend_2exceed.rpl
unbound-1.24.1/testdata/fast_reload_most_options.tdir/
unbound-1.24.1/testdata/fast_reload_most_options.tdir/fast_reload_most_options.pre
unbound-1.24.1/testdata/fast_reload_most_options.tdir/fast_reload_most_options.post
unbound-1.24.1/testdata/fast_reload_most_options.tdir/fast_reload_most_options.test
unbound-1.24.1/testdata/fast_reload_most_options.tdir/auth.nlnetlabs.nl.zone
unbound-1.24.1/testdata/fast_reload_most_options.tdir/fast_reload_most_options.dsc
unbound-1.24.1/testdata/fast_reload_most_options.tdir/fast_reload_most_options.conf
unbound-1.24.1/testdata/fast_reload_most_options.tdir/rpz.nlnetlabs.nl.zone
unbound-1.24.1/testdata/root_zonemd.tdir/
unbound-1.24.1/testdata/root_zonemd.tdir/root_zonemd.testns
unbound-1.24.1/testdata/root_zonemd.tdir/root_zonemd.conf
unbound-1.24.1/testdata/root_zonemd.tdir/root_zonemd.post
unbound-1.24.1/testdata/root_zonemd.tdir/root_zonemd.test
unbound-1.24.1/testdata/root_zonemd.tdir/root_zonemd.pre
unbound-1.24.1/testdata/root_zonemd.tdir/root_zonemd.dsc
unbound-1.24.1/testdata/iter_cname_minimise.rpl
unbound-1.24.1/testdata/stub_auth_tc.tdir/
unbound-1.24.1/testdata/stub_auth_tc.tdir/stub_auth_tc.conf
unbound-1.24.1/testdata/stub_auth_tc.tdir/stub_auth_tc.post
unbound-1.24.1/testdata/stub_auth_tc.tdir/stub_auth_tc.testns
unbound-1.24.1/testdata/stub_auth_tc.tdir/stub_auth_tc.test
unbound-1.24.1/testdata/stub_auth_tc.tdir/stub_auth_tc.dsc
unbound-1.24.1/testdata/stub_auth_tc.tdir/stub_auth_tc.pre
unbound-1.24.1/testdata/test_ds.sha1
unbound-1.24.1/testdata/ctrl_itr.tdir/
unbound-1.24.1/testdata/ctrl_itr.tdir/ctrl_itr.test
unbound-1.24.1/testdata/ctrl_itr.tdir/unbound_server.pem
unbound-1.24.1/testdata/ctrl_itr.tdir/bad_control.pem
unbound-1.24.1/testdata/ctrl_itr.tdir/ctrl_itr.testns
unbound-1.24.1/testdata/ctrl_itr.tdir/unbound_control.pem
unbound-1.24.1/testdata/ctrl_itr.tdir/bad_server.pem
unbound-1.24.1/testdata/ctrl_itr.tdir/ctrl_itr.post
unbound-1.24.1/testdata/ctrl_itr.tdir/ctrl_itr.conf
unbound-1.24.1/testdata/ctrl_itr.tdir/ctrl_itr.pre
unbound-1.24.1/testdata/ctrl_itr.tdir/unbound_server.key
unbound-1.24.1/testdata/ctrl_itr.tdir/ctrl_itr.dsc
unbound-1.24.1/testdata/ctrl_itr.tdir/bad_control.key
unbound-1.24.1/testdata/ctrl_itr.tdir/bad_server.key
unbound-1.24.1/testdata/ctrl_itr.tdir/unbound_control.key
unbound-1.24.1/testdata/val_nsec3_entnodata_optout.rpl
unbound-1.24.1/testdata/iter_dnsseclame_ds.rpl
unbound-1.24.1/testdata/iter_cycle_noh.rpl
unbound-1.24.1/testdata/rpz_respip_tcponly.rpl
unbound-1.24.1/testdata/iter_domain_sale.rpl
unbound-1.24.1/testdata/val_positive_wc_nodeny.rpl
unbound-1.24.1/testdata/fwd_zero.tdir/
unbound-1.24.1/testdata/fwd_zero.tdir/fwd_zero.post
unbound-1.24.1/testdata/fwd_zero.tdir/fwd_zero.conf
unbound-1.24.1/testdata/fwd_zero.tdir/fwd_zero.test
unbound-1.24.1/testdata/fwd_zero.tdir/fwd_zero.pre
unbound-1.24.1/testdata/fwd_zero.tdir/fwd_zero.testns
unbound-1.24.1/testdata/fwd_zero.tdir/fwd_zero.dsc
unbound-1.24.1/testdata/cachedb_expired_reply_ttl.crpl
unbound-1.24.1/testdata/autotrust_rollalgo.rpl
unbound-1.24.1/testdata/cachedb_servfail_cname.crpl
unbound-1.24.1/testdata/auth_zonemd_nokey.rpl
unbound-1.24.1/testdata/val_unsecds_negcache.rpl
unbound-1.24.1/testdata/val_cnamewctonodata.rpl
unbound-1.24.1/testdata/auth_xfr_ixfrisaxfr.rpl
unbound-1.24.1/testdata/iter_ds_locate_ns_nosoa.rpl
unbound-1.24.1/testdata/val_nodatawc.rpl
unbound-1.24.1/testdata/auth_xfr_host.rpl
unbound-1.24.1/testdata/val_nsec3_iter_high.rpl
unbound-1.24.1/testdata/test_signatures.9
unbound-1.24.1/testdata/fwd_three_service.tdir/
unbound-1.24.1/testdata/fwd_three_service.tdir/fwd_three_service.dsc
unbound-1.24.1/testdata/fwd_three_service.tdir/fwd_three_service.testns
unbound-1.24.1/testdata/fwd_three_service.tdir/fwd_three_service.pre
unbound-1.24.1/testdata/fwd_three_service.tdir/fwd_three_service.test
unbound-1.24.1/testdata/fwd_three_service.tdir/fwd_three_service.conf
unbound-1.24.1/testdata/fwd_three_service.tdir/fwd_three_service.post
unbound-1.24.1/testdata/subnet_without_validator.crpl
unbound-1.24.1/testdata/val_negcache_dssoa.rpl
unbound-1.24.1/testdata/stat_timer.tdir/
unbound-1.24.1/testdata/stat_timer.tdir/stat_timer.pre
unbound-1.24.1/testdata/stat_timer.tdir/stat_timer.post
unbound-1.24.1/testdata/stat_timer.tdir/stat_timer.conf
unbound-1.24.1/testdata/stat_timer.tdir/stat_timer.dsc
unbound-1.24.1/testdata/stat_timer.tdir/stat_timer.test
unbound-1.24.1/testdata/stat_timer.tdir/stat_timer.testns
unbound-1.24.1/testdata/test_ldnsrr.5
unbound-1.24.1/testdata/test_signatures.7
unbound-1.24.1/testdata/val_nx_nsec3_collision.rpl
unbound-1.24.1/testdata/val_dnameqtype_qmin.rpl
unbound-1.24.1/testdata/iter_cname_qnamecopy.rpl
unbound-1.24.1/testdata/val_adcopy.rpl
unbound-1.24.1/testdata/Kexample.com.+005+30899.key
unbound-1.24.1/testdata/val_spurious_ns.rpl
unbound-1.24.1/testdata/fwd_compress_c00c.tdir/
unbound-1.24.1/testdata/fwd_compress_c00c.tdir/fwd_compress_c00c.dsc
unbound-1.24.1/testdata/fwd_compress_c00c.tdir/fwd_compress_c00c.post
unbound-1.24.1/testdata/fwd_compress_c00c.tdir/fwd_compress_c00c.test
unbound-1.24.1/testdata/fwd_compress_c00c.tdir/fwd_compress_c00c.pre
unbound-1.24.1/testdata/fwd_compress_c00c.tdir/fwd_compress_c00c.testns
unbound-1.24.1/testdata/fwd_compress_c00c.tdir/fwd_compress_c00c.conf
unbound-1.24.1/testdata/fwd_compress_c00c.tdir/fwd_compress_c00c.good
unbound-1.24.1/testdata/auth_zonemd_file.rpl
unbound-1.24.1/testdata/ttl_msg.rpl
unbound-1.24.1/testdata/serve_expired_ttl.rpl
unbound-1.24.1/testdata/serve_expired_client_timeout_no_prefetch.rpl
unbound-1.24.1/testdata/zonemd.example_a5.zone
unbound-1.24.1/testdata/fwd.rpl
unbound-1.24.1/testdata/val_nsec3_b5_wcnodata_nowc.rpl
unbound-1.24.1/testdata/autotrust_init_sigs.rpl
unbound-1.24.1/testdata/doh_downstream.tdir/
unbound-1.24.1/testdata/doh_downstream.tdir/doh_downstream.dsc
unbound-1.24.1/testdata/doh_downstream.tdir/doh_downstream.test
unbound-1.24.1/testdata/doh_downstream.tdir/doh_downstream.testns
unbound-1.24.1/testdata/doh_downstream.tdir/unbound_server.pem
unbound-1.24.1/testdata/doh_downstream.tdir/doh_downstream.post
unbound-1.24.1/testdata/doh_downstream.tdir/unbound_server.key
unbound-1.24.1/testdata/doh_downstream.tdir/doh_downstream.conf
unbound-1.24.1/testdata/doh_downstream.tdir/doh_downstream.pre
unbound-1.24.1/testdata/iter_nxns_fallback.rpl
unbound-1.24.1/testdata/autotrust_missing.rpl
unbound-1.24.1/testdata/val_nx_failwc.rpl
unbound-1.24.1/testdata/subnet_cached_servfail.crpl
unbound-1.24.1/testdata/subnet_scopezero_global.crpl
unbound-1.24.1/testdata/06-ianaports.tdir/
unbound-1.24.1/testdata/06-ianaports.tdir/06-ianaports.dsc
unbound-1.24.1/testdata/06-ianaports.tdir/06-ianaports.test
unbound-1.24.1/testdata/cachedb_subnet_change.crpl
unbound-1.24.1/testdata/iter_ghost_timewindow.rpl
unbound-1.24.1/testdata/iter_dname_ttl.rpl
unbound-1.24.1/testdata/rpz_clientip.rpl
unbound-1.24.1/testdata/auth_zonemd_xfr_anchor_fail.rpl
unbound-1.24.1/testdata/Kexample.com.+005+16486.key
unbound-1.24.1/testdata/test_signatures.8
unbound-1.24.1/testdata/val_ans_dsent.rpl
unbound-1.24.1/testdata/val_ta_algo_missing.rpl
unbound-1.24.1/testdata/test_ldnsrr.4
unbound-1.24.1/testdata/val_ta_algo_missing_dp.rpl
unbound-1.24.1/testdata/fwd_ancil.tdir/
unbound-1.24.1/testdata/fwd_ancil.tdir/fwd_ancil.conf
unbound-1.24.1/testdata/fwd_ancil.tdir/fwd_ancil.testns
unbound-1.24.1/testdata/fwd_ancil.tdir/fwd_ancil.post
unbound-1.24.1/testdata/fwd_ancil.tdir/fwd_ancil.dsc
unbound-1.24.1/testdata/fwd_ancil.tdir/fwd_ancil.pre
unbound-1.24.1/testdata/fwd_ancil.tdir/fwd_ancil.test
unbound-1.24.1/testdata/ratelimit.tdir/
unbound-1.24.1/testdata/ratelimit.tdir/ratelimit.pre
unbound-1.24.1/testdata/ratelimit.tdir/ratelimit.dsc
unbound-1.24.1/testdata/ratelimit.tdir/ratelimit.test
unbound-1.24.1/testdata/ratelimit.tdir/unbound_server.pem
unbound-1.24.1/testdata/ratelimit.tdir/unbound_control.pem
unbound-1.24.1/testdata/ratelimit.tdir/ratelimit.conf
unbound-1.24.1/testdata/ratelimit.tdir/unbound_server.key
unbound-1.24.1/testdata/ratelimit.tdir/ratelimit.testns
unbound-1.24.1/testdata/ratelimit.tdir/ratelimit.post
unbound-1.24.1/testdata/ratelimit.tdir/unbound_control.key
unbound-1.24.1/testdata/pymod.tdir/
unbound-1.24.1/testdata/pymod.tdir/pymod.dsc
unbound-1.24.1/testdata/pymod.tdir/pymod.post
unbound-1.24.1/testdata/pymod.tdir/pymod.conf
unbound-1.24.1/testdata/pymod.tdir/pymod.py
unbound-1.24.1/testdata/pymod.tdir/pymod.testns
unbound-1.24.1/testdata/pymod.tdir/pymod.pre
unbound-1.24.1/testdata/pymod.tdir/pymod.test
unbound-1.24.1/testdata/autotrust_rollalgo_unknown.rpl
unbound-1.24.1/testdata/cookie_file.tdir/
unbound-1.24.1/testdata/cookie_file.tdir/cookie_file.post
unbound-1.24.1/testdata/cookie_file.tdir/cookie_file.pre
unbound-1.24.1/testdata/cookie_file.tdir/cookie_file.conf
unbound-1.24.1/testdata/cookie_file.tdir/cookie_file.test
unbound-1.24.1/testdata/cookie_file.tdir/cookie_file.dsc
unbound-1.24.1/testdata/val_any_cname.rpl
unbound-1.24.1/testdata/stop_nxdomain.rpl
unbound-1.24.1/testdata/autotrust_addpend_nosignnew.rpl
unbound-1.24.1/testdata/auth_zonemd_insecure_fail.rpl
unbound-1.24.1/testdata/val_ds_sha2_lenient.crpl
unbound-1.24.1/testdata/val_cnametonsec.rpl
unbound-1.24.1/testdata/subnet_global_prefetch_expired.crpl
unbound-1.24.1/testdata/cachedb_expired_client_timeout.crpl
unbound-1.24.1/testdata/cachedb_no_store.tdir/
unbound-1.24.1/testdata/cachedb_no_store.tdir/cachedb_no_store.servfail.testns
unbound-1.24.1/testdata/cachedb_no_store.tdir/cachedb_no_store.conf
unbound-1.24.1/testdata/cachedb_no_store.tdir/cachedb_no_store.post
unbound-1.24.1/testdata/cachedb_no_store.tdir/cachedb_no_store.pre
unbound-1.24.1/testdata/cachedb_no_store.tdir/cachedb_no_store.dsc
unbound-1.24.1/testdata/cachedb_no_store.tdir/cachedb_no_store.test
unbound-1.24.1/testdata/cachedb_no_store.tdir/cachedb_no_store.testns
unbound-1.24.1/testdata/iter_ghost_sub.rpl
unbound-1.24.1/testdata/rpz_rootwc.rpl
unbound-1.24.1/testdata/val_nokeyprime.rpl
unbound-1.24.1/testdata/subnet_prezero.crpl
unbound-1.24.1/testdata/fwd_oneport.tdir/
unbound-1.24.1/testdata/fwd_oneport.tdir/fwd_oneport.pre
unbound-1.24.1/testdata/fwd_oneport.tdir/fwd_oneport.post
unbound-1.24.1/testdata/fwd_oneport.tdir/fwd_oneport.dsc
unbound-1.24.1/testdata/fwd_oneport.tdir/fwd_oneport.testns
unbound-1.24.1/testdata/fwd_oneport.tdir/fwd_oneport.test
unbound-1.24.1/testdata/fwd_oneport.tdir/fwd_oneport.conf
unbound-1.24.1/testdata/ip_ratelimit.tdir/
unbound-1.24.1/testdata/ip_ratelimit.tdir/unbound_server.pem
unbound-1.24.1/testdata/ip_ratelimit.tdir/ip_ratelimit.test
unbound-1.24.1/testdata/ip_ratelimit.tdir/unbound_control.pem
unbound-1.24.1/testdata/ip_ratelimit.tdir/ip_ratelimit.conf
unbound-1.24.1/testdata/ip_ratelimit.tdir/unbound_server.key
unbound-1.24.1/testdata/ip_ratelimit.tdir/ip_ratelimit.dsc
unbound-1.24.1/testdata/ip_ratelimit.tdir/ip_ratelimit.pre
unbound-1.24.1/testdata/ip_ratelimit.tdir/unbound_control.key
unbound-1.24.1/testdata/ip_ratelimit.tdir/ip_ratelimit.post
unbound-1.24.1/testdata/iter_ghost_grandchild_delegation.rpl
unbound-1.24.1/testdata/ipsecmod_strict.crpl
unbound-1.24.1/testdata/val_dnametoolong.rpl
unbound-1.24.1/testdata/val_nsec3_entnodata_optout_match.rpl
unbound-1.24.1/testdata/acl_interface.tdir/
unbound-1.24.1/testdata/acl_interface.tdir/acl_interface.testns2
unbound-1.24.1/testdata/acl_interface.tdir/acl_interface.dsc
unbound-1.24.1/testdata/acl_interface.tdir/acl_interface.testns
unbound-1.24.1/testdata/acl_interface.tdir/rpz-nx.zone
unbound-1.24.1/testdata/acl_interface.tdir/acl_interface.test.scenario
unbound-1.24.1/testdata/acl_interface.tdir/rpz-two.zone
unbound-1.24.1/testdata/acl_interface.tdir/acl_interface.post
unbound-1.24.1/testdata/acl_interface.tdir/rpz-one.zone
unbound-1.24.1/testdata/acl_interface.tdir/acl_interface.pre
unbound-1.24.1/testdata/acl_interface.tdir/acl_interface.conf
unbound-1.24.1/testdata/acl_interface.tdir/acl_interface.test
unbound-1.24.1/testdata/val_pos_truncns.rpl
unbound-1.24.1/testdata/autotrust_addpend_nosign.rpl
unbound-1.24.1/testdata/rpz_qname_override.rpl
unbound-1.24.1/testdata/iter_pcnamech.rpl
unbound-1.24.1/testdata/Kexample.com.+005+60946.private
unbound-1.24.1/testdata/val_any.rpl
unbound-1.24.1/testdata/ttl_min_negative.rpl
unbound-1.24.1/testdata/val_anchor_nx.rpl
unbound-1.24.1/testdata/iter_fwdfirst.rpl
unbound-1.24.1/testdata/auth_xfr_ixfrnotimpl.rpl
unbound-1.24.1/testdata/iter_prefetch_ns.rpl
unbound-1.24.1/testdata/val_nsec3_b3_optout_negcache.rpl
unbound-1.24.1/testdata/fetch_glue.rpl
unbound-1.24.1/testdata/zonemd.example7.zone
unbound-1.24.1/testdata/iter_lame_aaaa.rpl
unbound-1.24.1/testdata/stub_udp6.tdir/
unbound-1.24.1/testdata/stub_udp6.tdir/stub_udp6.testns
unbound-1.24.1/testdata/stub_udp6.tdir/stub_udp6.conf
unbound-1.24.1/testdata/stub_udp6.tdir/stub_udp6.pre
unbound-1.24.1/testdata/stub_udp6.tdir/stub_udp6.post
unbound-1.24.1/testdata/stub_udp6.tdir/stub_udp6.dsc
unbound-1.24.1/testdata/stub_udp6.tdir/stub_udp6.test
unbound-1.24.1/testdata/test_packets.5
unbound-1.24.1/testdata/zonemd_reload.tdir/
unbound-1.24.1/testdata/zonemd_reload.tdir/zonemd_reload.pre
unbound-1.24.1/testdata/zonemd_reload.tdir/zonemd_reload.zone
unbound-1.24.1/testdata/zonemd_reload.tdir/zonemd_reload.testns
unbound-1.24.1/testdata/zonemd_reload.tdir/zonemd_reload.conf
unbound-1.24.1/testdata/zonemd_reload.tdir/zonemd_reload.post
unbound-1.24.1/testdata/zonemd_reload.tdir/zonemd_reload.test
unbound-1.24.1/testdata/zonemd_reload.tdir/zonemd_reload.dsc
unbound-1.24.1/testdata/val_dnametoposwc.rpl
unbound-1.24.1/testdata/fwd_edns_bksec.tdir/
unbound-1.24.1/testdata/fwd_edns_bksec.tdir/fwd_edns_bksec.dsc
unbound-1.24.1/testdata/fwd_edns_bksec.tdir/fwd_edns_bksec.post
unbound-1.24.1/testdata/fwd_edns_bksec.tdir/fwd_edns_bksec.testns
unbound-1.24.1/testdata/fwd_edns_bksec.tdir/fwd_edns_bksec.pre
unbound-1.24.1/testdata/fwd_edns_bksec.tdir/fwd_edns_bksec.test
unbound-1.24.1/testdata/fwd_edns_bksec.tdir/fwd_edns_bksec.conf
unbound-1.24.1/testdata/subnet_scopezero_noedns.crpl
unbound-1.24.1/testdata/val_nsec3_b3_optout_nonc.rpl
unbound-1.24.1/testdata/subnet_val_positive_client.crpl
unbound-1.24.1/testdata/serve_expired_val_bogus.rpl
unbound-1.24.1/testdata/rpz_passthru.rpl
unbound-1.24.1/testdata/val_unsecds.rpl
unbound-1.24.1/testdata/autotrust_rollover.rpl
unbound-1.24.1/testdata/local_cname.rpl
unbound-1.24.1/testdata/iter_auth_tc.rpl
unbound-1.24.1/testdata/ede_cache_snoop_not_auth.rpl
unbound-1.24.1/testdata/dnstap_tls_clientauth.tdir/
unbound-1.24.1/testdata/dnstap_tls_clientauth.tdir/dnstap_tls_clientauth.dsc
unbound-1.24.1/testdata/dnstap_tls_clientauth.tdir/unbound_server.pem
unbound-1.24.1/testdata/dnstap_tls_clientauth.tdir/unbound_control.pem
unbound-1.24.1/testdata/dnstap_tls_clientauth.tdir/dnstap_tls_clientauth.testns
unbound-1.24.1/testdata/dnstap_tls_clientauth.tdir/unbound_server.key
unbound-1.24.1/testdata/dnstap_tls_clientauth.tdir/dnstap_tls_clientauth.pre
unbound-1.24.1/testdata/dnstap_tls_clientauth.tdir/dnstap_tls_clientauth.conf
unbound-1.24.1/testdata/dnstap_tls_clientauth.tdir/dnstap_tls_clientauth.post
unbound-1.24.1/testdata/dnstap_tls_clientauth.tdir/dnstap_tls_clientauth.test
unbound-1.24.1/testdata/dnstap_tls_clientauth.tdir/unbound_control.key
unbound-1.24.1/testdata/Kexample.com.+005+30899.private
unbound-1.24.1/testdata/pymod_thread.tdir/
unbound-1.24.1/testdata/pymod_thread.tdir/pymod_thread.conf
unbound-1.24.1/testdata/pymod_thread.tdir/pymod_thread.post
unbound-1.24.1/testdata/pymod_thread.tdir/pymod_thread.pre
unbound-1.24.1/testdata/pymod_thread.tdir/pymod_thread.dsc
unbound-1.24.1/testdata/pymod_thread.tdir/pymod_thread.test
unbound-1.24.1/testdata/pymod_thread.tdir/pymod_thread.testns
unbound-1.24.1/testdata/pymod_thread.tdir/pymod_thread.py
unbound-1.24.1/testdata/dnstap_tcp.tdir/
unbound-1.24.1/testdata/dnstap_tcp.tdir/dnstap_tcp.pre
unbound-1.24.1/testdata/dnstap_tcp.tdir/unbound_server.pem
unbound-1.24.1/testdata/dnstap_tcp.tdir/unbound_control.pem
unbound-1.24.1/testdata/dnstap_tcp.tdir/dnstap_tcp.post
unbound-1.24.1/testdata/dnstap_tcp.tdir/dnstap_tcp.conf
unbound-1.24.1/testdata/dnstap_tcp.tdir/dnstap_tcp.test
unbound-1.24.1/testdata/dnstap_tcp.tdir/unbound_server.key
unbound-1.24.1/testdata/dnstap_tcp.tdir/dnstap_tcp.dsc
unbound-1.24.1/testdata/dnstap_tcp.tdir/unbound_control.key
unbound-1.24.1/testdata/dnstap_tcp.tdir/dnstap_tcp.testns
unbound-1.24.1/testdata/iter_domain_sale_nschange.rpl
unbound-1.24.1/testdata/autotrust_probefail.rpl
unbound-1.24.1/testdata/val_dnamewc.rpl
unbound-1.24.1/testdata/iter_stubfirst.rpl
unbound-1.24.1/testdata/root_hints.tdir/
unbound-1.24.1/testdata/root_hints.tdir/root_hints.test
unbound-1.24.1/testdata/root_hints.tdir/root_hints.dsc
unbound-1.24.1/testdata/root_hints.tdir/root_hints.pre
unbound-1.24.1/testdata/hostsfileosx.tdir/
unbound-1.24.1/testdata/hostsfileosx.tdir/hostsfileosx.dsc
unbound-1.24.1/testdata/hostsfileosx.tdir/hostsfileosx.test
unbound-1.24.1/testdata/hostsfileosx.tdir/hostsfileosx.pre
unbound-1.24.1/testdata/hostsfileosx.tdir/hostsfileosx.testns
unbound-1.24.1/testdata/hostsfileosx.tdir/hostsfileosx.hosts
unbound-1.24.1/testdata/hostsfileosx.tdir/hostsfileosx.post
unbound-1.24.1/testdata/Kexample.com.+005+55582.key
unbound-1.24.1/testdata/test_packets.8
unbound-1.24.1/testdata/Kexample.com.+008+29332.key
unbound-1.24.1/testdata/Kexample.com.+008+29332.ds
unbound-1.24.1/testdata/auth_zonemd_anchor_fail.rpl
unbound-1.24.1/testdata/subnet_cached_size.crpl
unbound-1.24.1/testdata/val_nsec3_b1_nameerror_nowc.rpl
unbound-1.24.1/testdata/local_transparent_sametype.rpl
unbound-1.24.1/testdata/dnstap_tls_peername.tdir/
unbound-1.24.1/testdata/dnstap_tls_peername.tdir/dnstap_tls_peername.post
unbound-1.24.1/testdata/dnstap_tls_peername.tdir/unbound_server.pem
unbound-1.24.1/testdata/dnstap_tls_peername.tdir/dnstap_tls_peername.conf
unbound-1.24.1/testdata/dnstap_tls_peername.tdir/unbound_control.pem
unbound-1.24.1/testdata/dnstap_tls_peername.tdir/dnstap_tls_peername.dsc
unbound-1.24.1/testdata/dnstap_tls_peername.tdir/unbound_server.key
unbound-1.24.1/testdata/dnstap_tls_peername.tdir/dnstap_tls_peername.pre
unbound-1.24.1/testdata/dnstap_tls_peername.tdir/dnstap_tls_peername.test
unbound-1.24.1/testdata/dnstap_tls_peername.tdir/unbound_control.key
unbound-1.24.1/testdata/dnstap_tls_peername.tdir/dnstap_tls_peername.testns
unbound-1.24.1/testdata/autotrust_revtp.rpl
unbound-1.24.1/testdata/rpz_respip_override.rpl
unbound-1.24.1/testdata/fwd_cached.rpl
unbound-1.24.1/testdata/stub_udp_with_tcp_upstream.tdir/
unbound-1.24.1/testdata/stub_udp_with_tcp_upstream.tdir/stub_udp_with_tcp_upstream.dsc
unbound-1.24.1/testdata/stub_udp_with_tcp_upstream.tdir/stub_udp_with_tcp_upstream.conf
unbound-1.24.1/testdata/stub_udp_with_tcp_upstream.tdir/stub_udp_with_tcp_upstream.pre
unbound-1.24.1/testdata/stub_udp_with_tcp_upstream.tdir/stub_udp_with_tcp_upstream.post
unbound-1.24.1/testdata/stub_udp_with_tcp_upstream.tdir/stub_udp_with_tcp_upstream.testns
unbound-1.24.1/testdata/stub_udp_with_tcp_upstream.tdir/stub_udp_with_tcp_upstream.test
unbound-1.24.1/testdata/fwd_capsid_fallback.tdir/
unbound-1.24.1/testdata/fwd_capsid_fallback.tdir/fwd_capsid_fallback.test
unbound-1.24.1/testdata/fwd_capsid_fallback.tdir/fwd_capsid_fallback.dsc
unbound-1.24.1/testdata/fwd_capsid_fallback.tdir/fwd_capsid_fallback.post
unbound-1.24.1/testdata/fwd_capsid_fallback.tdir/fwd_capsid_fallback.conf
unbound-1.24.1/testdata/fwd_capsid_fallback.tdir/fwd_capsid_fallback.testns
unbound-1.24.1/testdata/fwd_capsid_fallback.tdir/fwd_capsid_fallback.pre
unbound-1.24.1/testdata/test_ldnsrr.1
unbound-1.24.1/testdata/val_any_dname.rpl
unbound-1.24.1/testdata/domain_insec_ds.rpl
unbound-1.24.1/testdata/dns64_lookup.rpl
unbound-1.24.1/testdata/val_nsec3_b21_nodataent_wr.rpl
unbound-1.24.1/testdata/zonemd.example11.zone
unbound-1.24.1/testdata/fwd_ttlexpire.tdir/
unbound-1.24.1/testdata/fwd_ttlexpire.tdir/fwd_ttlexpire.test
unbound-1.24.1/testdata/fwd_ttlexpire.tdir/fwd_ttlexpire.conf
unbound-1.24.1/testdata/fwd_ttlexpire.tdir/fwd_ttlexpire.post
unbound-1.24.1/testdata/fwd_ttlexpire.tdir/fwd_ttlexpire.dsc
unbound-1.24.1/testdata/fwd_ttlexpire.tdir/fwd_ttlexpire.pre
unbound-1.24.1/testdata/fwd_ttlexpire.tdir/fwd_ttlexpire.testns
unbound-1.24.1/testdata/iter_req_qname.rpl
unbound-1.24.1/testdata/autotrust_revoked_with_invalid.rpl
unbound-1.24.1/testdata/autotrust_missing_returns.rpl
unbound-1.24.1/testdata/iter_unverified_glue_fallback.rpl
unbound-1.24.1/testdata/val_negcache_ttl.rpl
unbound-1.24.1/testdata/auth_tls.tdir/
unbound-1.24.1/testdata/auth_tls.tdir/auth_tls.test
unbound-1.24.1/testdata/auth_tls.tdir/auth_tls.ub.conf
unbound-1.24.1/testdata/auth_tls.tdir/unbound_server.pem
unbound-1.24.1/testdata/auth_tls.tdir/auth_tls.dsc
unbound-1.24.1/testdata/auth_tls.tdir/nsd_server.key
unbound-1.24.1/testdata/auth_tls.tdir/unbound_server.key
unbound-1.24.1/testdata/auth_tls.tdir/nsd_server.pem
unbound-1.24.1/testdata/auth_tls.tdir/auth_tls.post
unbound-1.24.1/testdata/auth_tls.tdir/auth_tls.nsd.conf
unbound-1.24.1/testdata/auth_tls.tdir/auth_tls.pre
unbound-1.24.1/testdata/auth_tls.tdir/example.com.zone
unbound-1.24.1/testdata/val_keyprefetch.rpl
unbound-1.24.1/testdata/val_positive.rpl
unbound-1.24.1/testdata/test_sigs.sha1_and_256
unbound-1.24.1/testdata/Kexample.com.+005+60946.key
unbound-1.24.1/testdata/ipsecmod_whitelist.crpl
unbound-1.24.1/testdata/blanks_cached_zone.tdir/
unbound-1.24.1/testdata/blanks_cached_zone.tdir/blanks_cached_zone.pre
unbound-1.24.1/testdata/blanks_cached_zone.tdir/blanks_cached_zone.post
unbound-1.24.1/testdata/blanks_cached_zone.tdir/blanks_cached_zone.conf
unbound-1.24.1/testdata/blanks_cached_zone.tdir/blanks.example.com.zone
unbound-1.24.1/testdata/blanks_cached_zone.tdir/blanks_cached_zone.dsc
unbound-1.24.1/testdata/blanks_cached_zone.tdir/blanks_cached_zone.test
unbound-1.24.1/testdata/iter_scrub_rr_length.rpl
unbound-1.24.1/testdata/Kexample.com.+008+55566.private
unbound-1.24.1/testdata/serve_original_ttl.rpl
unbound-1.24.1/testdata/rpz_qname_tcponly.rpl
unbound-1.24.1/testdata/autotrust_valid_use.rpl
unbound-1.24.1/testdata/val_failure_dnskey.rpl
unbound-1.24.1/testdata/val_unsecds_qtypeds.rpl
unbound-1.24.1/testdata/val_qds_oneanc.rpl
unbound-1.24.1/testdata/doh_downstream_buffer_size.tdir/
unbound-1.24.1/testdata/doh_downstream_buffer_size.tdir/doh_downstream_buffer_size.test
unbound-1.24.1/testdata/doh_downstream_buffer_size.tdir/doh_downstream_buffer_size.conf
unbound-1.24.1/testdata/doh_downstream_buffer_size.tdir/unbound_server.pem
unbound-1.24.1/testdata/doh_downstream_buffer_size.tdir/doh_downstream_buffer_size.dsc
unbound-1.24.1/testdata/doh_downstream_buffer_size.tdir/doh_downstream_buffer_size.pre
unbound-1.24.1/testdata/doh_downstream_buffer_size.tdir/unbound_server.key
unbound-1.24.1/testdata/doh_downstream_buffer_size.tdir/doh_downstream_buffer_size.post
unbound-1.24.1/testdata/iter_dnsseclame_ta_ok.rpl
unbound-1.24.1/testdata/iter_stublastresort.rpl
unbound-1.24.1/testdata/fwd_tcp_tc6.tdir/
unbound-1.24.1/testdata/fwd_tcp_tc6.tdir/fwd_tcp_tc6.conf
unbound-1.24.1/testdata/fwd_tcp_tc6.tdir/fwd_tcp_tc6.pre
unbound-1.24.1/testdata/fwd_tcp_tc6.tdir/fwd_tcp_tc6.post
unbound-1.24.1/testdata/fwd_tcp_tc6.tdir/fwd_tcp_tc6.test
unbound-1.24.1/testdata/fwd_tcp_tc6.tdir/fwd_tcp_tc6.testns
unbound-1.24.1/testdata/fwd_tcp_tc6.tdir/fwd_tcp_tc6.dsc
unbound-1.24.1/testdata/val_nodata_entwc.rpl
unbound-1.24.1/testdata/auth_zonemd_insecure_absent_reject.rpl
unbound-1.24.1/testdata/test_ldnsrr.c4
unbound-1.24.1/testdata/fast_reload_thread.tdir/
unbound-1.24.1/testdata/fast_reload_thread.tdir/fast_reload_thread.dsc
unbound-1.24.1/testdata/fast_reload_thread.tdir/fast_reload_thread.pre
unbound-1.24.1/testdata/fast_reload_thread.tdir/fast_reload_thread.post
unbound-1.24.1/testdata/fast_reload_thread.tdir/fast_reload_thread.conf
unbound-1.24.1/testdata/fast_reload_thread.tdir/fast_reload_thread.test
unbound-1.24.1/testdata/pylib.tdir/
unbound-1.24.1/testdata/pylib.tdir/pylib.post
unbound-1.24.1/testdata/pylib.tdir/pylib.lookup.py
unbound-1.24.1/testdata/pylib.tdir/pylib.dsc
unbound-1.24.1/testdata/pylib.tdir/pylib.testns
unbound-1.24.1/testdata/pylib.tdir/pylib.test
unbound-1.24.1/testdata/pylib.tdir/pylib.pre
unbound-1.24.1/testdata/pylib.tdir/pylib.lookup.conf
unbound-1.24.1/testdata/black_prime.rpl
unbound-1.24.1/testdata/zonemd.example2.zone
unbound-1.24.1/testdata/test_signatures.5
unbound-1.24.1/testdata/02-unittest.tdir/
unbound-1.24.1/testdata/02-unittest.tdir/02-unittest.dsc
unbound-1.24.1/testdata/02-unittest.tdir/02-unittest.test
unbound-1.24.1/testdata/subnet_noecs_support.crpl
unbound-1.24.1/testdata/host_file.template
unbound-1.24.1/testdata/iter_scrub_ns.rpl
unbound-1.24.1/testdata/fwd_tcp_tc.tdir/
unbound-1.24.1/testdata/fwd_tcp_tc.tdir/fwd_tcp_tc.conf
unbound-1.24.1/testdata/fwd_tcp_tc.tdir/fwd_tcp_tc.dsc
unbound-1.24.1/testdata/fwd_tcp_tc.tdir/fwd_tcp_tc.pre
unbound-1.24.1/testdata/fwd_tcp_tc.tdir/fwd_tcp_tc.post
unbound-1.24.1/testdata/fwd_tcp_tc.tdir/fwd_tcp_tc.testns
unbound-1.24.1/testdata/fwd_tcp_tc.tdir/fwd_tcp_tc.test
unbound-1.24.1/testdata/iter_pcttl.rpl
unbound-1.24.1/testdata/val_referglue.rpl
unbound-1.24.1/testdata/auth_nsec3_wild_with_out_of_zone_data.rpl
unbound-1.24.1/testdata/val_mal_wc.rpl
unbound-1.24.1/testdata/auth_zonemd_file_fail.rpl
unbound-1.24.1/testdata/ipsecmod_enabled.crpl
unbound-1.24.1/testdata/edns_downstream_cookies.rpl
unbound-1.24.1/testdata/subnet_val_positive.crpl
unbound-1.24.1/testdata/iter_pc_aaaa.rpl
unbound-1.24.1/testdata/val_cnametoinsecure.rpl
unbound-1.24.1/testdata/subnet_max_source.crpl
unbound-1.24.1/testdata/iter_got6only.rpl
unbound-1.24.1/testdata/iter_emptydp_for_glue.rpl
unbound-1.24.1/testdata/val_cnametopos.rpl
unbound-1.24.1/testdata/black_data.rpl
unbound-1.24.1/testdata/black_ds.rpl
unbound-1.24.1/testdata/fwd_lrudrop.rpl
unbound-1.24.1/testdata/serve_expired.rpl
unbound-1.24.1/testdata/iter_nxns_cached.rpl
unbound-1.24.1/testdata/ipsecmod_max_ttl.crpl
unbound-1.24.1/testdata/autotrust_init_fail.rpl
unbound-1.24.1/testdata/rpz_nsdname_override.rpl
unbound-1.24.1/testdata/trust_cname_chain.rpl
unbound-1.24.1/testdata/Kexample.com.+012+60385.key
unbound-1.24.1/testdata/iter_cname_minimise_nx.rpl
unbound-1.24.1/testdata/disable_edns_do.rpl
unbound-1.24.1/testdata/val_nsec3_cname_sub.rpl
unbound-1.24.1/testdata/Kexample.com.+008+55566.ds
unbound-1.24.1/testdata/auth_zonefile.rpl
unbound-1.24.1/testdata/auth_zonefile_root.rpl
unbound-1.24.1/testdata/val_cnametonodata.rpl
unbound-1.24.1/testdata/iter_cname_double.rpl
unbound-1.24.1/testdata/iter_minimise_chain.rpl
unbound-1.24.1/testdata/Kexample.com.+005+60946.ds
unbound-1.24.1/testdata/val_nsec3_nods_badsig.rpl
unbound-1.24.1/testdata/autotrust_addpend_early.rpl
unbound-1.24.1/testdata/zonemd.example12.zone
unbound-1.24.1/testdata/zonemd.example15.zone
unbound-1.24.1/testdata/rrset_updated.rpl
unbound-1.24.1/testdata/black_ds_entry.rpl
unbound-1.24.1/testdata/cachedb_subnet_expired.crpl
unbound-1.24.1/testdata/nsid_not_set.rpl
unbound-1.24.1/testdata/iter_stub_leak.rpl
unbound-1.24.1/testdata/fwd_capsid_white.tdir/
unbound-1.24.1/testdata/fwd_capsid_white.tdir/fwd_capsid_white.testns2
unbound-1.24.1/testdata/fwd_capsid_white.tdir/fwd_capsid_white.conf
unbound-1.24.1/testdata/fwd_capsid_white.tdir/fwd_capsid_white.dsc
unbound-1.24.1/testdata/fwd_capsid_white.tdir/fwd_capsid_white.pre
unbound-1.24.1/testdata/fwd_capsid_white.tdir/fwd_capsid_white.test
unbound-1.24.1/testdata/fwd_capsid_white.tdir/fwd_capsid_white.testns
unbound-1.24.1/testdata/fwd_capsid_white.tdir/fwd_capsid_white.post
unbound-1.24.1/testdata/auth_xfr_ixfrmismatch.rpl
unbound-1.24.1/testdata/test_packets.2
unbound-1.24.1/testdata/common.sh
unbound-1.24.1/testdata/rpz_cname_wild.rpl
unbound-1.24.1/testdata/auth_zonemd_xfr_fail.rpl
unbound-1.24.1/testdata/val_rrsig.rpl
unbound-1.24.1/testdata/ede_acl_refused.rpl
unbound-1.24.1/testdata/subnet_cache_lookup.tdir/
unbound-1.24.1/testdata/subnet_cache_lookup.tdir/subnet_cache_lookup.testns
unbound-1.24.1/testdata/subnet_cache_lookup.tdir/subnet_cache_lookup.test
unbound-1.24.1/testdata/subnet_cache_lookup.tdir/subnet_cache_lookup.conf
unbound-1.24.1/testdata/subnet_cache_lookup.tdir/subnet_cache_lookup.post
unbound-1.24.1/testdata/subnet_cache_lookup.tdir/subnet_cache_lookup.pre
unbound-1.24.1/testdata/subnet_cache_lookup.tdir/subnet_cache_lookup.dsc
unbound-1.24.1/testdata/local_acl_taglist.rpl
unbound-1.24.1/testdata/Kexample.com.+009+48886.ds
unbound-1.24.1/testdata/zonemd.example10.zone
unbound-1.24.1/testdata/val_nodata_failsig.rpl
unbound-1.24.1/testdata/val_wild_pos.rpl
unbound-1.24.1/testdata/Kexample.com.+007+57024.key
unbound-1.24.1/testdata/val_cnameinsectopos.rpl
unbound-1.24.1/testdata/subnet_global_prefetch_with_client_ecs.crpl
unbound-1.24.1/testdata/serve_expired_client_timeout.rpl
unbound-1.24.1/testdata/fwd_three.tdir/
unbound-1.24.1/testdata/fwd_three.tdir/fwd_three.post
unbound-1.24.1/testdata/fwd_three.tdir/fwd_three.dsc
unbound-1.24.1/testdata/fwd_three.tdir/fwd_three.test
unbound-1.24.1/testdata/fwd_three.tdir/fwd_three.conf
unbound-1.24.1/testdata/fwd_three.tdir/fwd_three.testns
unbound-1.24.1/testdata/fwd_three.tdir/fwd_three.pre
unbound-1.24.1/testdata/iter_prefetch_childns.rpl
unbound-1.24.1/testdata/subnet_global_prefetch_always_forward.crpl
unbound-1.24.1/testdata/val_nodata_failwc.rpl
unbound-1.24.1/testdata/iter_lame_noaa.rpl
unbound-1.24.1/testdata/val_nsec3_cname_ds.rpl
unbound-1.24.1/testdata/fwd_error_retries.rpl
unbound-1.24.1/testdata/Kexample.com.+008+29332.private
unbound-1.24.1/testdata/iter_soamin.rpl
unbound-1.24.1/testdata/val_anchor_nx_nosig.rpl
unbound-1.24.1/testdata/zonemd.example1.zone
unbound-1.24.1/testdata/autotrust_probefailsig.rpl
unbound-1.24.1/testdata/fwd_name_lookup.rpl
unbound-1.24.1/testdata/val_dnametopos.rpl
unbound-1.24.1/testdata/serve_expired_cached_servfail_refresh.rpl
unbound-1.24.1/testdata/iter_ns_spoof.rpl
unbound-1.24.1/testdata/ttl_max.rpl
unbound-1.24.1/testdata/rrset_use_cached.rpl
unbound-1.24.1/testdata/redis_replica.tdir/
unbound-1.24.1/testdata/redis_replica.tdir/unbound_server.pem
unbound-1.24.1/testdata/redis_replica.tdir/redis_replica.pre
unbound-1.24.1/testdata/redis_replica.tdir/redis_replica.dsc
unbound-1.24.1/testdata/redis_replica.tdir/before.zone
unbound-1.24.1/testdata/redis_replica.tdir/unbound_control.pem
unbound-1.24.1/testdata/redis_replica.tdir/redis_replica.post
unbound-1.24.1/testdata/redis_replica.tdir/after.zone
unbound-1.24.1/testdata/redis_replica.tdir/redis.conf
unbound-1.24.1/testdata/redis_replica.tdir/redis_replica.conf
unbound-1.24.1/testdata/redis_replica.tdir/unbound_server.key
unbound-1.24.1/testdata/redis_replica.tdir/redis_replica.test
unbound-1.24.1/testdata/redis_replica.tdir/unbound_control.key
unbound-1.24.1/testdata/Kexample.com.+008+01443.key
unbound-1.24.1/testdata/val_positive_wc.rpl
unbound-1.24.1/testdata/val_ds_sha2_downgrade.crpl
unbound-1.24.1/testdata/val_refer_unsignadd.rpl
unbound-1.24.1/testdata/rpz_qtype_cname.rpl
unbound-1.24.1/testdata/iter_ds_locate_ns_cname.rpl
unbound-1.24.1/testdata/test_ldnsrr.c2
unbound-1.24.1/testdata/val_nsec3_cnametocnamewctoposwc.rpl
unbound-1.24.1/testdata/log_servfail.tdir/
unbound-1.24.1/testdata/log_servfail.tdir/log_servfail.post
unbound-1.24.1/testdata/log_servfail.tdir/log_servfail.pre
unbound-1.24.1/testdata/log_servfail.tdir/log_servfail.conf
unbound-1.24.1/testdata/log_servfail.tdir/log_servfail.test
unbound-1.24.1/testdata/log_servfail.tdir/log_servfail.dsc
unbound-1.24.1/testdata/val_cnametocloser.rpl
unbound-1.24.1/testdata/ipsecmod_bogus_ipseckey.crpl
unbound-1.24.1/testdata/rpz_nsip.rpl
unbound-1.24.1/testdata/zonemd.example_a2.zone
unbound-1.24.1/testdata/black_key_entry.rpl
unbound-1.24.1/testdata/redis_reconnect_interval.tdir/
unbound-1.24.1/testdata/redis_reconnect_interval.tdir/redis_reconnect_interval.pre
unbound-1.24.1/testdata/redis_reconnect_interval.tdir/unbound_server.pem
unbound-1.24.1/testdata/redis_reconnect_interval.tdir/redis_reconnect_interval.post
unbound-1.24.1/testdata/redis_reconnect_interval.tdir/redis_reconnect_interval.test
unbound-1.24.1/testdata/redis_reconnect_interval.tdir/before.zone
unbound-1.24.1/testdata/redis_reconnect_interval.tdir/unbound_control.pem
unbound-1.24.1/testdata/redis_reconnect_interval.tdir/after.zone
unbound-1.24.1/testdata/redis_reconnect_interval.tdir/redis_reconnect_interval.conf
unbound-1.24.1/testdata/redis_reconnect_interval.tdir/redis.conf
unbound-1.24.1/testdata/redis_reconnect_interval.tdir/unbound_server.key
unbound-1.24.1/testdata/redis_reconnect_interval.tdir/redis_reconnect_interval.dsc
unbound-1.24.1/testdata/redis_reconnect_interval.tdir/unbound_control.key
unbound-1.24.1/testdata/iter_scrub_cname_an.rpl
unbound-1.24.1/testdata/iter_ignore_empty.rpl
unbound-1.24.1/testdata/tcp_idle_timeout.tdir/
unbound-1.24.1/testdata/tcp_idle_timeout.tdir/tcp_idle_timeout.post
unbound-1.24.1/testdata/tcp_idle_timeout.tdir/tcp_idle_timeout.test
unbound-1.24.1/testdata/tcp_idle_timeout.tdir/tcp_idle_timeout.pre
unbound-1.24.1/testdata/tcp_idle_timeout.tdir/tcp_idle_timeout.conf
unbound-1.24.1/testdata/tcp_idle_timeout.tdir/tcp_idle_timeout.testns
unbound-1.24.1/testdata/tcp_idle_timeout.tdir/tcp_idle_timeout.dsc
unbound-1.24.1/testdata/black_ent.rpl
unbound-1.24.1/testdata/val_nsec3_b2_nodata_nons.rpl
unbound-1.24.1/testdata/val_ds_gost_downgrade.crpl
unbound-1.24.1/testdata/doq_downstream.tdir/
unbound-1.24.1/testdata/doq_downstream.tdir/doq_downstream.conf
unbound-1.24.1/testdata/doq_downstream.tdir/unbound_server.pem
unbound-1.24.1/testdata/doq_downstream.tdir/doq_downstream.post
unbound-1.24.1/testdata/doq_downstream.tdir/unbound_server.key
unbound-1.24.1/testdata/doq_downstream.tdir/doq_downstream.testns
unbound-1.24.1/testdata/doq_downstream.tdir/doq_downstream.dsc
unbound-1.24.1/testdata/doq_downstream.tdir/doq_downstream.test
unbound-1.24.1/testdata/doq_downstream.tdir/doq_downstream.pre
unbound-1.24.1/testdata/iter_dname_insec.rpl
unbound-1.24.1/testdata/nsid_ascii.rpl
unbound-1.24.1/testdata/dns64_prefetch_cache.rpl
unbound-1.24.1/testdata/nsid_hex.rpl
unbound-1.24.1/testdata/iter_nat64_prefix.rpl
unbound-1.24.1/testdata/local_nosnoop.tdir/
unbound-1.24.1/testdata/local_nosnoop.tdir/local_nosnoop.conf
unbound-1.24.1/testdata/local_nosnoop.tdir/local_nosnoop.test
unbound-1.24.1/testdata/local_nosnoop.tdir/local_nosnoop.post
unbound-1.24.1/testdata/local_nosnoop.tdir/local_nosnoop.pre
unbound-1.24.1/testdata/local_nosnoop.tdir/local_nosnoop.testns
unbound-1.24.1/testdata/local_nosnoop.tdir/local_nosnoop.dsc
unbound-1.24.1/testdata/zonemd.example3.zone
unbound-1.24.1/testdata/serve_expired_client_timeout_val_insecure_delegation.rpl
unbound-1.24.1/testdata/test_sigs.gost
unbound-1.24.1/testdata/val_negcache_ds.rpl
unbound-1.24.1/testdata/iter_ns_badip.rpl
unbound-1.24.1/testdata/autotrust_init_legacy.rpl
unbound-1.24.1/testdata/val_cnametocnamewctoposwc.rpl
unbound-1.24.1/testdata/val_nsec3_b1_nameerror_nonc.rpl
unbound-1.24.1/testdata/test_sigs.ed448
unbound-1.24.1/testdata/test_signatures.3
unbound-1.24.1/testdata/iter_reclame_one.rpl
unbound-1.24.1/testdata/ctrl_pipe.tdir/
unbound-1.24.1/testdata/ctrl_pipe.tdir/ctrl_pipe.pre
unbound-1.24.1/testdata/ctrl_pipe.tdir/unbound_server.pem
unbound-1.24.1/testdata/ctrl_pipe.tdir/bad_control.pem
unbound-1.24.1/testdata/ctrl_pipe.tdir/unbound_control.pem
unbound-1.24.1/testdata/ctrl_pipe.tdir/ctrl_pipe.conf
unbound-1.24.1/testdata/ctrl_pipe.tdir/bad_server.pem
unbound-1.24.1/testdata/ctrl_pipe.tdir/ctrl_pipe.dsc
unbound-1.24.1/testdata/ctrl_pipe.tdir/ctrl_pipe.testns
unbound-1.24.1/testdata/ctrl_pipe.tdir/unbound_server.key
unbound-1.24.1/testdata/ctrl_pipe.tdir/bad_control.key
unbound-1.24.1/testdata/ctrl_pipe.tdir/ctrl_pipe.test
unbound-1.24.1/testdata/ctrl_pipe.tdir/ctrl_pipe.post
unbound-1.24.1/testdata/ctrl_pipe.tdir/bad_server.key
unbound-1.24.1/testdata/ctrl_pipe.tdir/unbound_control.key
unbound-1.24.1/testdata/auth_zonefile_dnssec.rpl
unbound-1.24.1/testdata/cachedb_val_expired.crpl
unbound-1.24.1/testdata/iter_scrub_dname_rev.rpl
unbound-1.24.1/testdata/rpz_reload.tdir/
unbound-1.24.1/testdata/rpz_reload.tdir/rpz_reload.conf
unbound-1.24.1/testdata/rpz_reload.tdir/rpz_reload.post
unbound-1.24.1/testdata/rpz_reload.tdir/rpz_reload.dsc
unbound-1.24.1/testdata/rpz_reload.tdir/rpz_reload.test
unbound-1.24.1/testdata/rpz_reload.tdir/rpz.example.com.zone
unbound-1.24.1/testdata/rpz_reload.tdir/example.org.zone
unbound-1.24.1/testdata/rpz_reload.tdir/rpz_reload.pre
unbound-1.24.1/testdata/val_nsec3_b5_wcnodata_nonc.rpl
unbound-1.24.1/testdata/subnet_scopezero.crpl
unbound-1.24.1/testdata/local_nodefault.rpl
unbound-1.24.1/testdata/stub_udp.tdir/
unbound-1.24.1/testdata/stub_udp.tdir/stub_udp.dsc
unbound-1.24.1/testdata/stub_udp.tdir/stub_udp.conf
unbound-1.24.1/testdata/stub_udp.tdir/stub_udp.pre
unbound-1.24.1/testdata/stub_udp.tdir/stub_udp.test
unbound-1.24.1/testdata/stub_udp.tdir/stub_udp.testns
unbound-1.24.1/testdata/stub_udp.tdir/stub_udp.post
unbound-1.24.1/testdata/val_ds_cname.rpl
unbound-1.24.1/testdata/iter_prefetch_change.rpl
unbound-1.24.1/testdata/subnet_not_whitelisted.crpl
unbound-1.24.1/testdata/iter_reclame_two.rpl
unbound-1.24.1/testdata/padding.tdir/
unbound-1.24.1/testdata/padding.tdir/padding.msgsizes
unbound-1.24.1/testdata/padding.tdir/padding.dsc
unbound-1.24.1/testdata/padding.tdir/padding.conf2
unbound-1.24.1/testdata/padding.tdir/padding.pre
unbound-1.24.1/testdata/padding.tdir/unbound_server.pem
unbound-1.24.1/testdata/padding.tdir/padding.test
unbound-1.24.1/testdata/padding.tdir/unbound_control.pem
unbound-1.24.1/testdata/padding.tdir/unbound_server.key
unbound-1.24.1/testdata/padding.tdir/padding.testns
unbound-1.24.1/testdata/padding.tdir/padding.conf
unbound-1.24.1/testdata/padding.tdir/unbound_control.key
unbound-1.24.1/testdata/padding.tdir/padding.post
unbound-1.24.1/testdata/val_cnamenx_dblnsec.rpl
unbound-1.24.1/testdata/iter_fwdstub.rpl
unbound-1.24.1/testdata/fwd_0ttlservfail.rpl
unbound-1.24.1/dns64/
unbound-1.24.1/dns64/dns64.c
unbound-1.24.1/dns64/dns64.h
unbound-1.24.1/services/
unbound-1.24.1/services/view.h
unbound-1.24.1/services/listen_dnsport.h
unbound-1.24.1/services/authzone.c
unbound-1.24.1/services/outside_network.h
unbound-1.24.1/services/rpz.c
unbound-1.24.1/services/outside_network.c
unbound-1.24.1/services/authzone.h
unbound-1.24.1/services/modstack.c
unbound-1.24.1/services/cache/
unbound-1.24.1/services/cache/infra.c
unbound-1.24.1/services/cache/dns.h
unbound-1.24.1/services/cache/infra.h
unbound-1.24.1/services/cache/dns.c
unbound-1.24.1/services/cache/rrset.h
unbound-1.24.1/services/cache/rrset.c
unbound-1.24.1/services/listen_dnsport.c
unbound-1.24.1/services/mesh.h
unbound-1.24.1/services/mesh.c
unbound-1.24.1/services/rpz.h
unbound-1.24.1/services/modstack.h
unbound-1.24.1/services/localzone.c
unbound-1.24.1/services/outbound_list.h
unbound-1.24.1/services/view.c
unbound-1.24.1/services/outbound_list.c
unbound-1.24.1/services/localzone.h
unbound-1.24.1/edns-subnet/
unbound-1.24.1/edns-subnet/subnet-whitelist.h
unbound-1.24.1/edns-subnet/subnetmod.c
unbound-1.24.1/edns-subnet/subnet-whitelist.c
unbound-1.24.1/edns-subnet/subnetmod.h
unbound-1.24.1/edns-subnet/addrtree.h
unbound-1.24.1/edns-subnet/edns-subnet.h
unbound-1.24.1/edns-subnet/addrtree.c
unbound-1.24.1/edns-subnet/edns-subnet.c
unbound-1.24.1/daemon/
unbound-1.24.1/daemon/daemon.c
unbound-1.24.1/daemon/unbound.c
unbound-1.24.1/daemon/cachedump.c
unbound-1.24.1/daemon/remote.h
unbound-1.24.1/daemon/remote.c
unbound-1.24.1/daemon/cachedump.h
unbound-1.24.1/daemon/stats.c
unbound-1.24.1/daemon/worker.h
unbound-1.24.1/daemon/acl_list.h
unbound-1.24.1/daemon/daemon.h
unbound-1.24.1/daemon/acl_list.c
unbound-1.24.1/daemon/stats.h
unbound-1.24.1/daemon/worker.c
unbound-1.24.1/README
unbound-1.24.1/ipset/
unbound-1.24.1/ipset/ipset.c
unbound-1.24.1/ipset/ipset.h
unbound-1.24.1/libunbound/
unbound-1.24.1/libunbound/unbound-event.h
unbound-1.24.1/libunbound/ubsyms.def
unbound-1.24.1/libunbound/libunbound.c
unbound-1.24.1/libunbound/worker.h
unbound-1.24.1/libunbound/libworker.h
unbound-1.24.1/libunbound/python/
unbound-1.24.1/libunbound/python/Makefile
unbound-1.24.1/libunbound/python/libunbound.i
unbound-1.24.1/libunbound/python/examples/
unbound-1.24.1/libunbound/python/examples/dnssec-valid.py
unbound-1.24.1/libunbound/python/examples/reverse-lookup.py
unbound-1.24.1/libunbound/python/examples/idn-lookup.py
unbound-1.24.1/libunbound/python/examples/ns-lookup.py
unbound-1.24.1/libunbound/python/examples/mx-lookup.py
unbound-1.24.1/libunbound/python/examples/example8-1.py
unbound-1.24.1/libunbound/python/examples/async-lookup.py
unbound-1.24.1/libunbound/python/examples/dns-lookup.py
unbound-1.24.1/libunbound/python/examples/dnssec_test.py
unbound-1.24.1/libunbound/python/doc/
unbound-1.24.1/libunbound/python/doc/conf.py
unbound-1.24.1/libunbound/python/doc/intro.rst
unbound-1.24.1/libunbound/python/doc/examples/
unbound-1.24.1/libunbound/python/doc/examples/example7-2.py
unbound-1.24.1/libunbound/python/doc/examples/example5.rst
unbound-1.24.1/libunbound/python/doc/examples/example7.rst
unbound-1.24.1/libunbound/python/doc/examples/example6.rst
unbound-1.24.1/libunbound/python/doc/examples/example3.rst
unbound-1.24.1/libunbound/python/doc/examples/example7-1.py
unbound-1.24.1/libunbound/python/doc/examples/example8.rst
unbound-1.24.1/libunbound/python/doc/examples/example6-1.py
unbound-1.24.1/libunbound/python/doc/examples/example8-1.py
unbound-1.24.1/libunbound/python/doc/examples/example4.rst
unbound-1.24.1/libunbound/python/doc/examples/example2.rst
unbound-1.24.1/libunbound/python/doc/examples/example1b.rst
unbound-1.24.1/libunbound/python/doc/examples/example1a.rst
unbound-1.24.1/libunbound/python/doc/examples/index.rst
unbound-1.24.1/libunbound/python/doc/install.rst
unbound-1.24.1/libunbound/python/doc/modules/
unbound-1.24.1/libunbound/python/doc/modules/unbound.rst
unbound-1.24.1/libunbound/python/doc/_static/
unbound-1.24.1/libunbound/python/doc/_static/readme
unbound-1.24.1/libunbound/python/doc/index.rst
unbound-1.24.1/libunbound/python/LICENSE
unbound-1.24.1/libunbound/python/file_py3.i
unbound-1.24.1/libunbound/unbound.h
unbound-1.24.1/libunbound/context.c
unbound-1.24.1/libunbound/libworker.c
unbound-1.24.1/libunbound/context.h
unbound-1.24.1/configure
unbound-1.24.1/util/
unbound-1.24.1/util/configlexer.c
unbound-1.24.1/util/timeval_func.h
unbound-1.24.1/util/edns.c
unbound-1.24.1/util/proxy_protocol.h
unbound-1.24.1/util/winsock_event.h
unbound-1.24.1/util/rbtree.h
unbound-1.24.1/util/regional.h
unbound-1.24.1/util/proxy_protocol.c
unbound-1.24.1/util/mini_event.c
unbound-1.24.1/util/tube.h
unbound-1.24.1/util/iana_ports.inc
unbound-1.24.1/util/rfc_1982.c
unbound-1.24.1/util/module.c
unbound-1.24.1/util/edns.h
unbound-1.24.1/util/storage/
unbound-1.24.1/util/storage/lruhash.c
unbound-1.24.1/util/storage/lruhash.h
unbound-1.24.1/util/storage/slabhash.h
unbound-1.24.1/util/storage/lookup3.h
unbound-1.24.1/util/storage/dnstree.c
unbound-1.24.1/util/storage/slabhash.c
unbound-1.24.1/util/storage/lookup3.c
unbound-1.24.1/util/storage/dnstree.h
unbound-1.24.1/util/tube.c
unbound-1.24.1/util/winsock_event.c
unbound-1.24.1/util/log.c
unbound-1.24.1/util/siphash.h
unbound-1.24.1/util/config_file.c
unbound-1.24.1/util/configlexer.lex
unbound-1.24.1/util/alloc.h
unbound-1.24.1/util/tcp_conn_limit.h
unbound-1.24.1/util/ub_event.c
unbound-1.24.1/util/timehist.c
unbound-1.24.1/util/siphash.c
unbound-1.24.1/util/rtt.c
unbound-1.24.1/util/netevent.h
unbound-1.24.1/util/locks.c
unbound-1.24.1/util/fptr_wlist.h
unbound-1.24.1/util/net_help.c
unbound-1.24.1/util/ub_event.h
unbound-1.24.1/util/as112.h
unbound-1.24.1/util/as112.c
unbound-1.24.1/util/config_file.h
unbound-1.24.1/util/alloc.c
unbound-1.24.1/util/configyyrename.h
unbound-1.24.1/util/configparser.y
unbound-1.24.1/util/fptr_wlist.c
unbound-1.24.1/util/regional.c
unbound-1.24.1/util/locks.h
unbound-1.24.1/util/rtt.h
unbound-1.24.1/util/timeval_func.c
unbound-1.24.1/util/netevent.c
unbound-1.24.1/util/rbtree.c
unbound-1.24.1/util/module.h
unbound-1.24.1/util/log.h
unbound-1.24.1/util/shm_side/
unbound-1.24.1/util/shm_side/shm_main.h
unbound-1.24.1/util/shm_side/shm_main.c
unbound-1.24.1/util/configparser.c
unbound-1.24.1/util/timehist.h
unbound-1.24.1/util/random.c
unbound-1.24.1/util/configparser.h
unbound-1.24.1/util/data/
unbound-1.24.1/util/data/packed_rrset.h
unbound-1.24.1/util/data/packed_rrset.c
unbound-1.24.1/util/data/dname.c
unbound-1.24.1/util/data/msgencode.h
unbound-1.24.1/util/data/msgreply.c
unbound-1.24.1/util/data/msgencode.c
unbound-1.24.1/util/data/msgreply.h
unbound-1.24.1/util/data/msgparse.c
unbound-1.24.1/util/data/dname.h
unbound-1.24.1/util/data/msgparse.h
unbound-1.24.1/util/ub_event_pluggable.c
unbound-1.24.1/util/random.h
unbound-1.24.1/util/tcp_conn_limit.c
unbound-1.24.1/util/net_help.h
unbound-1.24.1/util/rfc_1982.h
unbound-1.24.1/util/mini_event.h
unbound-1.24.1/aclocal.m4
unbound-1.24.1/acx_python.m4
checking for gcc... no
checking for cc... no
checking for cl.exe... no
checking for clang... no
configure: error: in `/blfs/builds/unbound-1.24.1':
configure: error: no acceptable C compiler found in $PATH
See `config.log' for more details
sudo: make: command not found
